time,capacity
2016-08-01 00:00:00,0.0
2016-08-01 00:05:00,0.0
2016-08-01 00:10:00,0.0
2016-08-01 00:15:00,0.0
2016-08-01 00:20:00,0.0
2016-08-01 00:25:00,0.0
2016-08-01 00:30:00,0.0
2016-08-01 00:35:00,0.0
2016-08-01 00:40:00,0.0
2016-08-01 00:45:00,0.0
2016-08-01 00:50:00,0.0
2016-08-01 00:55:00,0.0
2016-08-01 01:00:00,0.0
2016-08-01 01:05:00,0.0
2016-08-01 01:10:00,0.0
2016-08-01 01:15:00,0.0
2016-08-01 01:20:00,0.0
2016-08-01 01:25:00,0.0
2016-08-01 01:30:00,0.0
2016-08-01 01:35:00,0.0
2016-08-01 01:40:00,0.0
2016-08-01 01:45:00,0.0
2016-08-01 01:50:00,0.0
2016-08-01 01:55:00,0.0
2016-08-01 02:00:00,0.0
2016-08-01 02:05:00,0.0
2016-08-01 02:10:00,0.0
2016-08-01 02:15:00,0.0
2016-08-01 02:20:00,0.0
2016-08-01 02:25:00,0.0
2016-08-01 02:30:00,0.0
2016-08-01 02:35:00,0.0
2016-08-01 02:40:00,0.0
2016-08-01 02:45:00,0.0
2016-08-01 02:50:00,0.0
2016-08-01 02:55:00,0.0
2016-08-01 03:00:00,0.0
2016-08-01 03:05:00,0.0
2016-08-01 03:10:00,0.0
2016-08-01 03:15:00,0.0
2016-08-01 03:20:00,0.0
2016-08-01 03:25:00,0.0
2016-08-01 03:30:00,0.0
2016-08-01 03:35:00,0.0
2016-08-01 03:40:00,0.0
2016-08-01 03:45:00,0.0
2016-08-01 03:50:00,0.0
2016-08-01 03:55:00,0.0
2016-08-01 04:00:00,0.0
2016-08-01 04:05:00,0.0
2016-08-01 04:10:00,0.0
2016-08-01 04:15:00,0.0
2016-08-01 04:20:00,0.0
2016-08-01 04:25:00,0.0
2016-08-01 04:30:00,0.0
2016-08-01 04:35:00,0.0
2016-08-01 04:40:00,0.0
2016-08-01 04:45:00,0.0
2016-08-01 04:50:00,0.0
2016-08-01 04:55:00,0.0
2016-08-01 05:00:00,0.0
2016-08-01 05:05:00,0.0
2016-08-01 05:10:00,0.0
2016-08-01 05:15:00,0.0
2016-08-01 05:20:00,0.0
2016-08-01 05:25:00,0.0
2016-08-01 05:30:00,0.0
2016-08-01 05:35:00,0.0
2016-08-01 05:40:00,0.0
2016-08-01 05:45:00,0.0
2016-08-01 05:50:00,0.0
2016-08-01 05:55:00,0.0
2016-08-01 06:00:00,0.0
2016-08-01 06:05:00,0.0
2016-08-01 06:10:00,0.0
2016-08-01 06:15:00,0.0
2016-08-01 06:20:00,0.0
2016-08-01 06:25:00,0.0
2016-08-01 06:30:00,0.0
2016-08-01 06:35:00,0.0
2016-08-01 06:40:00,0.0
2016-08-01 06:45:00,0.0
2016-08-01 06:50:00,0.0
2016-08-01 06:55:00,0.0
2016-08-01 07:00:00,0.0
2016-08-01 07:05:00,0.0
2016-08-01 07:10:00,0.0
2016-08-01 07:15:00,0.0
2016-08-01 07:20:00,0.0
2016-08-01 07:25:00,0.0
2016-08-01 07:30:00,0.0
2016-08-01 07:35:00,0.0
2016-08-01 07:40:00,0.0
2016-08-01 07:45:00,0.0
2016-08-01 07:50:00,0.0
2016-08-01 07:55:00,0.0
2016-08-01 08:00:00,0.0
2016-08-01 08:05:00,0.0
2016-08-01 08:10:00,0.0
2016-08-01 08:15:00,0.0
2016-08-01 08:20:00,0.0
2016-08-01 08:25:00,0.0
2016-08-01 08:30:00,0.0
2016-08-01 08:35:00,0.0
2016-08-01 08:40:00,0.0
2016-08-01 08:45:00,0.0
2016-08-01 08:50:00,0.0
2016-08-01 08:55:00,0.0
2016-08-01 09:00:00,0.0
2016-08-01 09:05:00,0.0
2016-08-01 09:10:00,0.0
2016-08-01 09:15:00,0.0
2016-08-01 09:20:00,0.0
2016-08-01 09:25:00,0.0
2016-08-01 09:30:00,0.0
2016-08-01 09:35:00,0.0
2016-08-01 09:40:00,0.0
2016-08-01 09:45:00,0.0
2016-08-01 09:50:00,0.0
2016-08-01 09:55:00,0.0
2016-08-01 10:00:00,0.0
2016-08-01 10:05:00,0.0
2016-08-01 10:10:00,0.0
2016-08-01 10:15:00,0.0
2016-08-01 10:20:00,0.0
2016-08-01 10:25:00,0.0
2016-08-01 10:30:00,0.0
2016-08-01 10:35:00,0.0
2016-08-01 10:40:00,0.0
2016-08-01 10:45:00,0.0
2016-08-01 10:50:00,0.0
2016-08-01 10:55:00,0.0
2016-08-01 11:00:00,0.0
2016-08-01 11:05:00,0.0
2016-08-01 11:10:00,0.0
2016-08-01 11:15:00,0.0
2016-08-01 11:20:00,0.0
2016-08-01 11:25:00,0.0
2016-08-01 11:30:00,0.0
2016-08-01 11:35:00,0.0
2016-08-01 11:40:00,0.0
2016-08-01 11:45:00,0.0
2016-08-01 11:50:00,0.0
2016-08-01 11:55:00,0.0
2016-08-01 12:00:00,37.017097
2016-08-01 12:05:00,36.991676
2016-08-01 12:10:00,36.600147
2016-08-01 12:15:00,35.928898
2016-08-01 12:20:00,35.276356
2016-08-01 12:25:00,34.917015
2016-08-01 12:30:00,34.644104
2016-08-01 12:35:00,34.606804
2016-08-01 12:40:00,35.120396
2016-08-01 12:45:00,36.486546
2016-08-01 12:50:00,37.96633
2016-08-01 12:55:00,38.964653
2016-08-01 13:00:00,39.090084
2016-08-01 13:05:00,39.09519
2016-08-01 13:10:00,39.010395
2016-08-01 13:15:00,38.620552
2016-08-01 13:20:00,38.05273
2016-08-01 13:25:00,37.213734
2016-08-01 13:30:00,35.949226
2016-08-01 13:35:00,34.320354
2016-08-01 13:40:00,32.32535
2016-08-01 13:45:00,29.57268
2016-08-01 13:50:00,25.652107
2016-08-01 13:55:00,20.236582
2016-08-01 14:00:00,14.432909
2016-08-01 14:05:00,10.158137
2016-08-01 14:10:00,6.5918627
2016-08-01 14:15:00,3.7662876
2016-08-01 14:20:00,2.0153549
2016-08-01 14:25:00,0.8932646
2016-08-01 14:30:00,0.40680015
2016-08-01 14:35:00,0.14577004
2016-08-01 14:40:00,0.028814998
2016-08-01 14:45:00,0.0
2016-08-01 14:50:00,0.0
2016-08-01 14:55:00,0.0
2016-08-01 15:00:00,0.0
2016-08-01 15:05:00,0.0
2016-08-01 15:10:00,0.0
2016-08-01 15:15:00,0.0
2016-08-01 15:20:00,0.050849993
2016-08-01 15:25:00,0.09830999
2016-08-01 15:30:00,0.100004986
2016-08-01 15:35:00,0.06949499
2016-08-01 15:40:00,0.054239992
2016-08-01 15:45:00,0.08813999
2016-08-01 15:50:00,0.106784984
2016-08-01 15:55:00,0.106784984
2016-08-01 16:00:00,0.12712498
2016-08-01 16:05:00,0.12373498
2016-08-01 16:10:00,0.105089985
2016-08-01 16:15:00,0.13221002
2016-08-01 16:20:00,0.1898401
2016-08-01 16:25:00,0.17289013
2016-08-01 16:30:00,0.19323015
2016-08-01 16:35:00,0.3644254
2016-08-01 16:40:00,0.4373105
2016-08-01 16:45:00,0.50850046
2016-08-01 16:50:00,0.5407055
2016-08-01 16:55:00,0.5457901
2016-08-01 17:00:00,0.60342044
2016-08-01 17:05:00,0.71189976
2016-08-01 17:10:00,0.7525798
2016-08-01 17:15:00,0.6542699
2016-08-01 17:20:00,0.5203656
2016-08-01 17:25:00,0.3695104
2016-08-01 17:30:00,0.27120012
2016-08-01 17:35:00,0.2627252
2016-08-01 17:40:00,0.25764006
2016-08-01 17:45:00,0.29493016
2016-08-01 17:50:00,0.31527025
2016-08-01 17:55:00,0.27459016
2016-08-01 18:00:00,0.29154024
2016-08-01 18:05:00,0.2576401
2016-08-01 18:10:00,0.26950502
2016-08-01 18:15:00,0.31696513
2016-08-01 18:20:00,0.36273003
2016-08-01 18:25:00,0.361035
2016-08-01 18:30:00,0.44748005
2016-08-01 18:35:00,0.4881601
2016-08-01 18:40:00,0.53562045
2016-08-01 18:45:00,0.54918045
2016-08-01 18:50:00,0.5322303
2016-08-01 18:55:00,0.5288401
2016-08-01 19:00:00,0.47629508
2016-08-01 19:05:00,0.43392015
2016-08-01 19:10:00,0.43392015
2016-08-01 19:15:00,0.3610352
2016-08-01 19:20:00,0.2983202
2016-08-01 19:25:00,0.28306514
2016-08-01 19:30:00,0.24069002
2016-08-01 19:35:00,0.21187496
2016-08-01 19:40:00,0.20000997
2016-08-01 19:45:00,0.18814497
2016-08-01 19:50:00,0.17289004
2016-08-01 19:55:00,0.15424502
2016-08-01 20:00:00,0.13898998
2016-08-01 20:05:00,0.09152999
2016-08-01 20:10:00,0.110174984
2016-08-01 20:15:00,0.110174984
2016-08-01 20:20:00,0.110174984
2016-08-01 20:25:00,0.127125
2016-08-01 20:30:00,0.127125
2016-08-01 20:35:00,0.11356498
2016-08-01 20:40:00,0.12882
2016-08-01 20:45:00,0.13221002
2016-08-01 20:50:00,0.177975
2016-08-01 20:55:00,0.22543499
2016-08-01 21:00:00,0.27628508
2016-08-01 21:05:00,0.3067951
2016-08-01 21:10:00,0.3542551
2016-08-01 21:15:00,0.35764503
2016-08-01 21:20:00,0.3169651
2016-08-01 21:25:00,0.28136998
2016-08-01 21:30:00,0.23560499
2016-08-01 21:35:00,0.1847551
2016-08-01 21:40:00,0.16949998
2016-08-01 21:45:00,0.14068498
2016-08-01 21:50:00,0.100004986
2016-08-01 21:55:00,0.049154993
2016-08-01 22:00:00,0.05593499
2016-08-01 22:05:00,0.062714994
2016-08-01 22:10:00,0.105089985
2016-08-01 22:15:00,0.1356
2016-08-01 22:20:00,0.15933001
2016-08-01 22:25:00,0.18475497
2016-08-01 22:30:00,0.16949998
2016-08-01 22:35:00,0.15594001
2016-08-01 22:40:00,0.101699986
2016-08-01 22:45:00,0.12542999
2016-08-01 22:50:00,0.21357015
2016-08-01 22:55:00,0.33730513
2016-08-01 23:00:00,0.5763
2016-08-01 23:05:00,0.96784496
2016-08-01 23:10:00,1.515329
2016-08-01 23:15:00,2.0323052
2016-08-01 23:20:00,2.493343
2016-08-01 23:25:00,2.9086163
2016-08-01 23:30:00,3.189991
2016-08-01 23:35:00,3.1510046
2016-08-01 23:40:00,3.0679507
2016-08-01 23:45:00,3.1120214
2016-08-01 23:50:00,3.195073
2016-08-01 23:55:00,3.3222027
2016-08-02 00:00:00,3.6137385
2016-08-02 00:05:00,4.1307144
2016-08-02 00:10:00,4.7104015
2016-08-02 00:15:00,5.390099
2016-08-02 00:20:00,5.8375793
2016-08-02 00:25:00,6.135898
2016-08-02 00:30:00,6.456256
2016-08-02 00:35:00,6.8833914
2016-08-02 00:40:00,7.430883
2016-08-02 00:45:00,8.100408
2016-08-02 00:50:00,8.946204
2016-08-02 00:55:00,9.998813
2016-08-02 01:00:00,11.05818
2016-08-02 01:05:00,11.995519
2016-08-02 01:10:00,12.751492
2016-08-02 01:15:00,13.141338
2016-08-02 01:20:00,13.071846
2016-08-02 01:25:00,12.522662
2016-08-02 01:30:00,11.670078
2016-08-02 01:35:00,11.142917
2016-08-02 01:40:00,11.459893
2016-08-02 01:45:00,12.636225
2016-08-02 01:50:00,14.232918
2016-08-02 01:55:00,15.9957075
2016-08-02 02:00:00,17.595787
2016-08-02 02:05:00,19.050112
2016-08-02 02:10:00,20.602732
2016-08-02 02:15:00,22.865576
2016-08-02 02:20:00,25.975866
2016-08-02 02:25:00,29.433681
2016-08-02 02:30:00,33.169468
2016-08-02 02:35:00,37.769672
2016-08-02 02:40:00,44.449688
2016-08-02 02:45:00,54.84176
2016-08-02 02:50:00,69.53736
2016-08-02 02:55:00,85.97205
2016-08-02 03:00:00,100.876205
2016-08-02 03:05:00,114.33284
2016-08-02 03:10:00,126.614845
2016-08-02 03:15:00,137.0458
2016-08-02 03:20:00,143.23927
2016-08-02 03:25:00,144.90216
2016-08-02 03:30:00,142.70705
2016-08-02 03:35:00,137.7068
2016-08-02 03:40:00,130.76076
2016-08-02 03:45:00,122.56214
2016-08-02 03:50:00,113.46842
2016-08-02 03:55:00,104.35944
2016-08-02 04:00:00,95.998055
2016-08-02 04:05:00,88.70103
2016-08-02 04:10:00,82.8228
2016-08-02 04:15:00,78.4056
2016-08-02 04:20:00,75.035965
2016-08-02 04:25:00,72.43075
2016-08-02 04:30:00,70.57132
2016-08-02 04:35:00,69.06958
2016-08-02 04:40:00,68.21697
2016-08-02 04:45:00,68.5695
2016-08-02 04:50:00,70.45437
2016-08-02 04:55:00,73.55963
2016-08-02 05:00:00,77.74793
2016-08-02 05:05:00,82.82788
2016-08-02 05:10:00,89.33161
2016-08-02 05:15:00,96.54545
2016-08-02 05:20:00,103.276344
2016-08-02 05:25:00,109.295334
2016-08-02 05:30:00,115.015884
2016-08-02 05:35:00,120.65689
2016-08-02 05:40:00,126.11475
2016-08-02 05:45:00,131.19974
2016-08-02 05:50:00,135.29657
2016-08-02 05:55:00,138.76283
2016-08-02 06:00:00,141.69684
2016-08-02 06:05:00,143.69527
2016-08-02 06:10:00,144.57326
2016-08-02 06:15:00,144.59193
2016-08-02 06:20:00,144.17836
2016-08-02 06:25:00,143.32413
2016-08-02 06:30:00,142.1512
2016-08-02 06:35:00,140.5087
2016-08-02 06:40:00,138.27301
2016-08-02 06:45:00,135.07285
2016-08-02 06:50:00,131.52522
2016-08-02 06:55:00,127.69788
2016-08-02 07:00:00,124.32318
2016-08-02 07:05:00,121.707756
2016-08-02 07:10:00,119.11443
2016-08-02 07:15:00,115.449875
2016-08-02 07:20:00,111.08017
2016-08-02 07:25:00,107.40369
2016-08-02 07:30:00,104.906906
2016-08-02 07:35:00,104.05942
2016-08-02 07:40:00,104.52389
2016-08-02 07:45:00,105.67819
2016-08-02 07:50:00,106.57992
2016-08-02 07:55:00,106.391754
2016-08-02 08:00:00,105.48156
2016-08-02 08:05:00,104.75101
2016-08-02 08:10:00,104.92221
2016-08-02 08:15:00,105.82054
2016-08-02 08:20:00,107.412155
2016-08-02 08:25:00,109.57159
2016-08-02 08:30:00,112.09713
2016-08-02 08:35:00,114.87355
2016-08-02 08:40:00,117.56862
2016-08-02 08:45:00,120.30602
2016-08-02 08:50:00,123.534996
2016-08-02 08:55:00,126.6555
2016-08-02 09:00:00,129.92514
2016-08-02 09:05:00,133.46939
2016-08-02 09:10:00,137.68993
2016-08-02 09:15:00,142.74953
2016-08-02 09:20:00,148.77863
2016-08-02 09:25:00,155.89929
2016-08-02 09:30:00,163.51323
2016-08-02 09:35:00,170.50177
2016-08-02 09:40:00,176.2834
2016-08-02 09:45:00,180.726
2016-08-02 09:50:00,183.80241
2016-08-02 09:55:00,185.91438
2016-08-02 10:00:00,187.68396
2016-08-02 10:05:00,189.25523
2016-08-02 10:10:00,190.46545
2016-08-02 10:15:00,191.19261
2016-08-02 10:20:00,191.51297
2016-08-02 10:25:00,191.58417
2016-08-02 10:30:00,191.58755
2016-08-02 10:35:00,191.58247
2016-08-02 10:40:00,191.58247
2016-08-02 10:45:00,191.60281
2016-08-02 10:50:00,191.61128
2016-08-02 10:55:00,191.61975
2016-08-02 11:00:00,191.61975
2016-08-02 11:05:00,191.61975
2016-08-02 11:10:00,191.61128
2016-08-02 11:15:00,191.60281
2016-08-02 11:20:00,191.61128
2016-08-02 11:25:00,191.61975
2016-08-02 11:30:00,191.61975
2016-08-02 11:35:00,191.61975
2016-08-02 11:40:00,191.61975
2016-08-02 11:45:00,191.61975
2016-08-02 11:50:00,191.61975
2016-08-02 11:55:00,191.61975
2016-08-02 12:00:00,191.61975
2016-08-02 12:05:00,191.61975
2016-08-02 12:10:00,191.61975
2016-08-02 12:15:00,191.61975
2016-08-02 12:20:00,191.61975
2016-08-02 12:25:00,191.61975
2016-08-02 12:30:00,191.61975
2016-08-02 12:35:00,191.61975
2016-08-02 12:40:00,191.61975
2016-08-02 12:45:00,191.61975
2016-08-02 12:50:00,191.61975
2016-08-02 12:55:00,191.61975
2016-08-02 13:00:00,191.61975
2016-08-02 13:05:00,191.61975
2016-08-02 13:10:00,191.61975
2016-08-02 13:15:00,191.61975
2016-08-02 13:20:00,191.61975
2016-08-02 13:25:00,191.61128
2016-08-02 13:30:00,191.59433
2016-08-02 13:35:00,191.51295
2016-08-02 13:40:00,191.35364
2016-08-02 13:45:00,191.01971
2016-08-02 13:50:00,190.49765
2016-08-02 13:55:00,189.88239
2016-08-02 14:00:00,188.72978
2016-08-02 14:05:00,187.21275
2016-08-02 14:10:00,185.40422
2016-08-02 14:15:00,183.80415
2016-08-02 14:20:00,182.99733
2016-08-02 14:25:00,182.88199
2016-08-02 14:30:00,183.16171
2016-08-02 14:35:00,183.94308
2016-08-02 14:40:00,184.82962
2016-08-02 14:45:00,185.70932
2016-08-02 14:50:00,186.65343
2016-08-02 14:55:00,187.52805
2016-08-02 15:00:00,188.4196
2016-08-02 15:05:00,189.08572
2016-08-02 15:10:00,189.3654
2016-08-02 15:15:00,189.28575
2016-08-02 15:20:00,189.11794
2016-08-02 15:25:00,189.04675
2016-08-02 15:30:00,189.07726
2016-08-02 15:35:00,189.10947
2016-08-02 15:40:00,189.06369
2016-08-02 15:45:00,189.05522
2016-08-02 15:50:00,189.10608
2016-08-02 15:55:00,189.25015
2016-08-02 16:00:00,189.43152
2016-08-02 16:05:00,189.66034
2016-08-02 16:10:00,189.8383
2016-08-02 16:15:00,190.01799
2016-08-02 16:20:00,190.20782
2016-08-02 16:25:00,190.40953
2016-08-02 16:30:00,190.6231
2016-08-02 16:35:00,190.8248
2016-08-02 16:40:00,190.99092
2016-08-02 16:45:00,191.10956
2016-08-02 16:50:00,191.20448
2016-08-02 16:55:00,191.32314
2016-08-02 17:00:00,191.45364
2016-08-02 17:05:00,191.51297
2016-08-02 17:10:00,191.54857
2016-08-02 17:15:00,191.5723
2016-08-02 17:20:00,191.59602
2016-08-02 17:25:00,191.6079
2016-08-02 17:30:00,191.61975
2016-08-02 17:35:00,191.61975
2016-08-02 17:40:00,191.61975
2016-08-02 17:45:00,191.61975
2016-08-02 17:50:00,191.61975
2016-08-02 17:55:00,191.61975
2016-08-02 18:00:00,191.61975
2016-08-02 18:05:00,191.61975
2016-08-02 18:10:00,191.61975
2016-08-02 18:15:00,191.61975
2016-08-02 18:20:00,191.61975
2016-08-02 18:25:00,191.61975
2016-08-02 18:30:00,191.61975
2016-08-02 18:35:00,191.61975
2016-08-02 18:40:00,191.61975
2016-08-02 18:45:00,191.61975
2016-08-02 18:50:00,191.61975
2016-08-02 18:55:00,191.61975
2016-08-02 19:00:00,191.61975
2016-08-02 19:05:00,191.61975
2016-08-02 19:10:00,191.61975
2016-08-02 19:15:00,191.61975
2016-08-02 19:20:00,191.61975
2016-08-02 19:25:00,191.61975
2016-08-02 19:30:00,191.61975
2016-08-02 19:35:00,191.61975
2016-08-02 19:40:00,191.61975
2016-08-02 19:45:00,191.61975
2016-08-02 19:50:00,191.61975
2016-08-02 19:55:00,191.61975
2016-08-02 20:00:00,191.61975
2016-08-02 20:05:00,191.61975
2016-08-02 20:10:00,191.61975
2016-08-02 20:15:00,191.61975
2016-08-02 20:20:00,191.61975
2016-08-02 20:25:00,191.61975
2016-08-02 20:30:00,191.61975
2016-08-02 20:35:00,191.61975
2016-08-02 20:40:00,191.61975
2016-08-02 20:45:00,191.61975
2016-08-02 20:50:00,191.61975
2016-08-02 20:55:00,191.61975
2016-08-02 21:00:00,191.61975
2016-08-02 21:05:00,191.61975
2016-08-02 21:10:00,191.61975
2016-08-02 21:15:00,191.61975
2016-08-02 21:20:00,191.61975
2016-08-02 21:25:00,191.61975
2016-08-02 21:30:00,191.61975
2016-08-02 21:35:00,191.61975
2016-08-02 21:40:00,191.61975
2016-08-02 21:45:00,191.61975
2016-08-02 21:50:00,191.61975
2016-08-02 21:55:00,191.61975
2016-08-02 22:00:00,191.61975
2016-08-02 22:05:00,191.59602
2016-08-02 22:10:00,191.5723
2016-08-02 22:15:00,191.56044
2016-08-02 22:20:00,191.5367
2016-08-02 22:25:00,191.5367
2016-08-02 22:30:00,191.5367
2016-08-02 22:35:00,191.54857
2016-08-02 22:40:00,191.56044
2016-08-02 22:45:00,191.5723
2016-08-02 22:50:00,191.5723
2016-08-02 22:55:00,191.59602
2016-08-02 23:00:00,191.61975
2016-08-02 23:05:00,191.61975
2016-08-02 23:10:00,191.61975
2016-08-02 23:15:00,191.61975
2016-08-02 23:20:00,191.61975
2016-08-02 23:25:00,191.61975
2016-08-02 23:30:00,191.61975
2016-08-02 23:35:00,191.61975
2016-08-02 23:40:00,191.61975
2016-08-02 23:45:00,191.61975
2016-08-02 23:50:00,191.61975
2016-08-02 23:55:00,191.61975
2016-08-03 00:00:00,191.61975
2016-08-03 00:05:00,191.61975
2016-08-03 00:10:00,191.61975
2016-08-03 00:15:00,191.61975
2016-08-03 00:20:00,191.61975
2016-08-03 00:25:00,191.61975
2016-08-03 00:30:00,191.61975
2016-08-03 00:35:00,191.61975
2016-08-03 00:40:00,191.61975
2016-08-03 00:45:00,191.61975
2016-08-03 00:50:00,191.61975
2016-08-03 00:55:00,191.61975
2016-08-03 01:00:00,191.61975
2016-08-03 01:05:00,191.61975
2016-08-03 01:10:00,191.6079
2016-08-03 01:15:00,191.5723
2016-08-03 01:20:00,191.56044
2016-08-03 01:25:00,191.5723
2016-08-03 01:30:00,191.54857
2016-08-03 01:35:00,191.26381
2016-08-03 01:40:00,190.7892
2016-08-03 01:45:00,190.54004
2016-08-03 01:50:00,190.74174
2016-08-03 01:55:00,191.03838
2016-08-03 02:00:00,191.1333
2016-08-03 02:05:00,191.13159
2016-08-03 02:10:00,191.06548
2016-08-03 02:15:00,190.97734
2016-08-03 02:20:00,190.73497
2016-08-03 02:25:00,190.1417
2016-08-03 02:30:00,189.39249
2016-08-03 02:35:00,188.8891
2016-08-03 02:40:00,188.41452
2016-08-03 02:45:00,187.67041
2016-08-03 02:50:00,186.16183
2016-08-03 02:55:00,184.6194
2016-08-03 03:00:00,184.21935
2016-08-03 03:05:00,185.41435
2016-08-03 03:10:00,187.06868
2016-08-03 03:15:00,188.7603
2016-08-03 03:20:00,190.05019
2016-08-03 03:25:00,190.80107
2016-08-03 03:30:00,191.15703
2016-08-03 03:35:00,191.17401
2016-08-03 03:40:00,190.56549
2016-08-03 03:45:00,188.7111
2016-08-03 03:50:00,184.33803
2016-08-03 03:55:00,179.1124
2016-08-03 04:00:00,172.25443
2016-08-03 04:05:00,162.37254
2016-08-03 04:10:00,150.06012
2016-08-03 04:15:00,139.00021
2016-08-03 04:20:00,131.2304
2016-08-03 04:25:00,122.71281
2016-08-03 04:30:00,106.94266
2016-08-03 04:35:00,87.70615
2016-08-03 04:40:00,75.75632
2016-08-03 04:45:00,79.400536
2016-08-03 04:50:00,91.46385
2016-08-03 04:55:00,112.492004
2016-08-03 05:00:00,134.0237
2016-08-03 05:05:00,151.83961
2016-08-03 05:10:00,160.56406
2016-08-03 05:15:00,158.77406
2016-08-03 05:20:00,151.99748
2016-08-03 05:25:00,145.91064
2016-08-03 05:30:00,140.55446
2016-08-03 05:35:00,135.72696
2016-08-03 05:40:00,130.8253
2016-08-03 05:45:00,124.89267
2016-08-03 05:50:00,120.2603
2016-08-03 05:55:00,122.00947
2016-08-03 06:00:00,125.71475
2016-08-03 06:05:00,129.84041
2016-08-03 06:10:00,131.68115
2016-08-03 06:15:00,125.53686
2016-08-03 06:20:00,120.96021
2016-08-03 06:25:00,118.72292
2016-08-03 06:30:00,120.27548
2016-08-03 06:35:00,128.73851
2016-08-03 06:40:00,136.2712
2016-08-03 06:45:00,140.02734
2016-08-03 06:50:00,141.4138
2016-08-03 06:55:00,143.88182
2016-08-03 07:00:00,147.8956
2016-08-03 07:05:00,146.7429
2016-08-03 07:10:00,138.9357
2016-08-03 07:15:00,129.9438
2016-08-03 07:20:00,120.65684
2016-08-03 07:25:00,111.710724
2016-08-03 07:30:00,103.871376
2016-08-03 07:35:00,96.09123
2016-08-03 07:40:00,87.775604
2016-08-03 07:45:00,81.8295
2016-08-03 07:50:00,77.69375
2016-08-03 07:55:00,73.869804
2016-08-03 08:00:00,71.067986
2016-08-03 08:05:00,70.96458
2016-08-03 08:10:00,71.38998
2016-08-03 08:15:00,70.69674
2016-08-03 08:20:00,71.5595
2016-08-03 08:25:00,73.58843
2016-08-03 08:30:00,77.47165
2016-08-03 08:35:00,79.06665
2016-08-03 08:40:00,77.19367
2016-08-03 08:45:00,75.02072
2016-08-03 08:50:00,74.524086
2016-08-03 08:55:00,75.03424
2016-08-03 09:00:00,74.93595
2016-08-03 09:05:00,72.396835
2016-08-03 09:10:00,66.93721
2016-08-03 09:15:00,59.521614
2016-08-03 09:20:00,50.960205
2016-08-03 09:25:00,45.292103
2016-08-03 09:30:00,43.76659
2016-08-03 09:35:00,44.1717
2016-08-03 09:40:00,44.56154
2016-08-03 09:45:00,44.631027
2016-08-03 09:50:00,45.36156
2016-08-03 09:55:00,46.90065
2016-08-03 10:00:00,49.11093
2016-08-03 10:05:00,50.68557
2016-08-03 10:10:00,50.600826
2016-08-03 10:15:00,48.460026
2016-08-03 10:20:00,46.354843
2016-08-03 10:25:00,45.983677
2016-08-03 10:30:00,46.680283
2016-08-03 10:35:00,47.971897
2016-08-03 10:40:00,49.887238
2016-08-03 10:45:00,52.19753
2016-08-03 10:50:00,54.448513
2016-08-03 10:55:00,55.670563
2016-08-03 11:00:00,55.445133
2016-08-03 11:05:00,54.39256
2016-08-03 11:10:00,52.45516
2016-08-03 11:15:00,49.72282
2016-08-03 11:20:00,46.64641
2016-08-03 11:25:00,43.6954
2016-08-03 11:30:00,41.68344
2016-08-03 11:35:00,40.700344
2016-08-03 11:40:00,40.225723
2016-08-03 11:45:00,40.068108
2016-08-03 11:50:00,40.376602
2016-08-03 11:55:00,40.912212
2016-08-03 12:00:00,55.338345
2016-08-03 12:05:00,53.54842
2016-08-03 12:10:00,49.605873
2016-08-03 12:15:00,45.20226
2016-08-03 12:20:00,40.200294
2016-08-03 12:25:00,35.53229
2016-08-03 12:30:00,32.306698
2016-08-03 12:35:00,30.565926
2016-08-03 12:40:00,29.18449
2016-08-03 12:45:00,27.662395
2016-08-03 12:50:00,26.39114
2016-08-03 12:55:00,25.189394
2016-08-03 13:00:00,23.638462
2016-08-03 13:05:00,22.075676
2016-08-03 13:10:00,20.884106
2016-08-03 13:15:00,20.167109
2016-08-03 13:20:00,19.745047
2016-08-03 13:25:00,19.804382
2016-08-03 13:30:00,20.592546
2016-08-03 13:35:00,21.34342
2016-08-03 13:40:00,20.841717
2016-08-03 13:45:00,19.575552
2016-08-03 13:50:00,18.251766
2016-08-03 13:55:00,17.219503
2016-08-03 14:00:00,15.95842
2016-08-03 14:05:00,14.410891
2016-08-03 14:10:00,13.227781
2016-08-03 14:15:00,12.473496
2016-08-03 14:20:00,11.57685
2016-08-03 14:25:00,10.73104
2016-08-03 14:30:00,10.102199
2016-08-03 14:35:00,9.23436
2016-08-03 14:40:00,7.9681993
2016-08-03 14:45:00,6.7715263
2016-08-03 14:50:00,5.810462
2016-08-03 14:55:00,4.7663403
2016-08-03 15:00:00,3.6391647
2016-08-03 15:05:00,2.9781165
2016-08-03 15:10:00,2.6814907
2016-08-03 15:15:00,2.4035103
2016-08-03 15:20:00,2.0136607
2016-08-03 15:25:00,1.7170348
2016-08-03 15:30:00,1.4865149
2016-08-03 15:35:00,1.2475202
2016-08-03 15:40:00,0.94242024
2016-08-03 15:45:00,0.66613495
2016-08-03 15:50:00,0.50341517
2016-08-03 15:55:00,0.38815492
2016-08-03 16:00:00,0.31866008
2016-08-03 16:05:00,0.31188017
2016-08-03 16:10:00,0.31866008
2016-08-03 16:15:00,0.4203599
2016-08-03 16:20:00,0.53392524
2016-08-03 16:25:00,0.63054043
2016-08-03 16:30:00,0.7271554
2016-08-03 16:35:00,0.8373299
2016-08-03 16:40:00,1.137345
2016-08-03 16:45:00,1.4102404
2016-08-03 16:50:00,1.4627849
2016-08-03 16:55:00,1.28142
2016-08-03 17:00:00,1.1000546
2016-08-03 17:05:00,1.0644602
2016-08-03 17:10:00,1.1492103
2016-08-03 17:15:00,1.2932849
2016-08-03 17:20:00,1.420408
2016-08-03 17:25:00,1.5170251
2016-08-03 17:30:00,1.5983843
2016-08-03 17:35:00,1.70178
2016-08-03 17:40:00,1.7950041
2016-08-03 17:45:00,1.898399
2016-08-03 17:50:00,2.0339987
2016-08-03 17:55:00,2.157734
2016-08-03 18:00:00,2.1797693
2016-08-03 18:05:00,2.1356986
2016-08-03 18:10:00,2.1916347
2016-08-03 18:15:00,2.3170629
2016-08-03 18:20:00,2.3221483
2016-08-03 18:25:00,2.1933284
2016-08-03 18:30:00,2.0000987
2016-08-03 18:35:00,1.8611095
2016-08-03 18:40:00,1.7695808
2016-08-03 18:45:00,1.7780551
2016-08-03 18:50:00,1.9661993
2016-08-03 18:55:00,2.293335
2016-08-03 19:00:00,2.7001355
2016-08-03 19:05:00,3.2052433
2016-08-03 19:10:00,3.8510406
2016-08-03 19:15:00,4.510394
2016-08-03 19:20:00,4.91889
2016-08-03 19:25:00,4.893468
2016-08-03 19:30:00,4.695149
2016-08-03 19:35:00,4.6324363
2016-08-03 19:40:00,4.676507
2016-08-03 19:45:00,4.635826
2016-08-03 19:50:00,4.6578608
2016-08-03 19:55:00,4.525651
2016-08-03 20:00:00,4.217161
2016-08-03 20:05:00,3.8645995
2016-08-03 20:10:00,3.557806
2016-08-03 20:15:00,3.2866051
2016-08-03 20:20:00,3.062865
2016-08-03 20:25:00,2.8831947
2016-08-03 20:30:00,2.7730181
2016-08-03 20:35:00,2.6442
2016-08-03 20:40:00,2.4052043
2016-08-03 20:45:00,2.0628145
2016-08-03 20:50:00,1.6170297
2016-08-03 20:55:00,1.2153144
2016-08-03 21:00:00,0.83902514
2016-08-03 21:05:00,0.5796899
2016-08-03 21:10:00,0.41188517
2016-08-03 21:15:00,0.44578522
2016-08-03 21:20:00,0.5373148
2016-08-03 21:25:00,0.63054
2016-08-03 21:30:00,0.72546005
2016-08-03 21:35:00,0.9237751
2016-08-03 21:40:00,1.1153097
2016-08-03 21:45:00,1.3254899
2016-08-03 21:50:00,1.6085552
2016-08-03 21:55:00,1.9017899
2016-08-03 22:00:00,2.228925
2016-08-03 22:05:00,2.5306349
2016-08-03 22:10:00,2.7272556
2016-08-03 22:15:00,2.7764103
2016-08-03 22:20:00,2.834038
2016-08-03 22:25:00,3.0967667
2016-08-03 22:30:00,3.5713637
2016-08-03 22:35:00,4.1798697
2016-08-03 22:40:00,4.5171766
2016-08-03 22:45:00,4.3120756
2016-08-03 22:50:00,3.7747636
2016-08-03 22:55:00,3.2476199
2016-08-03 23:00:00,2.8933632
2016-08-03 23:05:00,2.4882607
2016-08-03 23:10:00,2.103493
2016-08-03 23:15:00,1.8204293
2016-08-03 23:20:00,1.4797347
2016-08-03 23:25:00,1.1865009
2016-08-03 23:30:00,0.97293
2016-08-03 23:35:00,0.76105547
2016-08-03 23:40:00,0.6932553
2016-08-03 23:45:00,0.61189514
2016-08-03 23:50:00,0.48477012
2016-08-03 23:55:00,0.41358003
2016-08-04 00:00:00,0.34747505
2016-08-04 00:05:00,0.27289498
2016-08-04 00:10:00,0.22543503
2016-08-04 00:15:00,0.20679
2016-08-04 00:20:00,0.181365
2016-08-04 00:25:00,0.13898998
2016-08-04 00:30:00,0.108479984
2016-08-04 00:35:00,0.09152999
2016-08-04 00:40:00,0.05762999
2016-08-04 00:45:00,0.08813999
2016-08-04 00:50:00,0.12542999
2016-08-04 00:55:00,0.23899502
2016-08-04 01:00:00,0.2695051
2016-08-04 01:05:00,0.25086
2016-08-04 01:10:00,0.25764
2016-08-04 01:15:00,0.26950502
2016-08-04 01:20:00,0.30340508
2016-08-04 01:25:00,0.36781517
2016-08-04 01:30:00,0.43053004
2016-08-04 01:35:00,0.5881649
2016-08-04 01:40:00,0.6593546
2016-08-04 01:45:00,0.64748996
2016-08-04 01:50:00,0.60172474
2016-08-04 01:55:00,0.55935
2016-08-04 02:00:00,0.4779902
2016-08-04 02:05:00,0.38985035
2016-08-04 02:10:00,0.31357506
2016-08-04 02:15:00,0.31866002
2016-08-04 02:20:00,0.26272514
2016-08-04 02:25:00,0.2610301
2016-08-04 02:30:00,0.27289513
2016-08-04 02:35:00,0.33052504
2016-08-04 02:40:00,0.47290492
2016-08-04 02:45:00,0.68478006
2016-08-04 02:50:00,1.0373406
2016-08-04 02:55:00,1.5373651
2016-08-04 03:00:00,2.3407934
2016-08-04 03:05:00,3.2272813
2016-08-04 03:10:00,3.9205363
2016-08-04 03:15:00,4.2883506
2016-08-04 03:20:00,3.9188411
2016-08-04 03:25:00,3.078119
2016-08-04 03:30:00,2.12553
2016-08-04 03:35:00,1.3729496
2016-08-04 03:40:00,0.954285
2016-08-04 03:45:00,0.8729249
2016-08-04 03:50:00,0.9017399
2016-08-04 03:55:00,0.93055534
2016-08-04 04:00:00,0.94750464
2016-08-04 04:05:00,0.811905
2016-08-04 04:10:00,0.74071515
2016-08-04 04:15:00,0.67291486
2016-08-04 04:20:00,0.5779952
2016-08-04 04:25:00,0.50511
2016-08-04 04:30:00,0.4847699
2016-08-04 04:35:00,0.47290498
2016-08-04 04:40:00,0.46782005
2016-08-04 04:45:00,0.46273497
2016-08-04 04:50:00,0.40341005
2016-08-04 04:55:00,0.32204998
2016-08-04 05:00:00,0.25425
2016-08-04 05:05:00,0.24577504
2016-08-04 05:10:00,0.25933498
2016-08-04 05:15:00,0.5000252
2016-08-04 05:20:00,2.8781083
2016-08-04 05:25:00,7.915651
2016-08-04 05:30:00,14.461738
2016-08-04 05:35:00,22.684185
2016-08-04 05:40:00,36.72894
2016-08-04 05:45:00,50.914436
2016-08-04 05:50:00,57.455463
2016-08-04 05:55:00,59.93346
2016-08-04 06:00:00,65.49312
2016-08-04 06:05:00,75.13765
2016-08-04 06:10:00,85.39411
2016-08-04 06:15:00,96.8286
2016-08-04 06:20:00,107.70195
2016-08-04 06:25:00,115.16513
2016-08-04 06:30:00,120.77901
2016-08-04 06:35:00,124.70961
2016-08-04 06:40:00,125.10955
2016-08-04 06:45:00,124.98583
2016-08-04 06:50:00,126.40476
2016-08-04 06:55:00,126.93343
2016-08-04 07:00:00,126.752106
2016-08-04 07:05:00,127.56411
2016-08-04 07:10:00,126.14863
2016-08-04 07:15:00,123.446945
2016-08-04 07:20:00,122.368866
2016-08-04 07:25:00,121.61626
2016-08-04 07:30:00,120.41625
2016-08-04 07:35:00,120.07046
2016-08-04 07:40:00,120.22464
2016-08-04 07:45:00,120.239914
2016-08-04 07:50:00,121.48076
2016-08-04 07:55:00,122.96548
2016-08-04 08:00:00,122.91294
2016-08-04 08:05:00,123.45529
2016-08-04 08:10:00,125.88267
2016-08-04 08:15:00,127.460686
2016-08-04 08:20:00,127.28949
2016-08-04 08:25:00,127.360664
2016-08-04 08:30:00,126.32673
2016-08-04 08:35:00,122.801155
2016-08-04 08:40:00,117.55512
2016-08-04 08:45:00,112.04291
2016-08-04 08:50:00,106.14429
2016-08-04 08:55:00,99.72195
2016-08-04 09:00:00,93.30465
2016-08-04 09:05:00,87.06364
2016-08-04 09:10:00,81.32433
2016-08-04 09:15:00,76.38006
2016-08-04 09:20:00,71.706955
2016-08-04 09:25:00,66.49827
2016-08-04 09:30:00,60.99804
2016-08-04 09:35:00,55.884136
2016-08-04 09:40:00,51.529667
2016-08-04 09:45:00,47.804096
2016-08-04 09:50:00,44.39202
2016-08-04 09:55:00,41.407104
2016-08-04 10:00:00,38.63919
2016-08-04 10:05:00,36.04927
2016-08-04 10:10:00,33.283024
2016-08-04 10:15:00,30.548992
2016-08-04 10:20:00,28.369228
2016-08-04 10:25:00,26.76066
2016-08-04 10:30:00,25.380913
2016-08-04 10:35:00,24.340216
2016-08-04 10:40:00,23.657125
2016-08-04 10:45:00,22.999428
2016-08-04 10:50:00,22.355362
2016-08-04 10:55:00,21.785826
2016-08-04 11:00:00,21.224762
2016-08-04 11:05:00,20.60609
2016-08-04 11:10:00,20.284061
2016-08-04 11:15:00,20.34509
2016-08-04 11:20:00,20.411186
2016-08-04 11:25:00,20.07559
2016-08-04 11:30:00,19.65354
2016-08-04 11:35:00,19.473864
2016-08-04 11:40:00,19.490803
2016-08-04 11:45:00,19.423016
2016-08-04 11:50:00,19.389101
2016-08-04 11:55:00,19.168756
2016-08-04 12:00:00,21.182392
2016-08-04 12:05:00,21.734964
2016-08-04 12:10:00,22.61977
2016-08-04 12:15:00,24.001175
2016-08-04 12:20:00,25.787739
2016-08-04 12:25:00,27.58952
2016-08-04 12:30:00,28.767519
2016-08-04 12:35:00,29.79132
2016-08-04 12:40:00,30.587927
2016-08-04 12:45:00,30.584595
2016-08-04 12:50:00,29.61335
2016-08-04 12:55:00,28.386164
2016-08-04 13:00:00,27.191221
2016-08-04 13:05:00,26.001286
2016-08-04 13:10:00,24.867344
2016-08-04 13:15:00,23.49102
2016-08-04 13:20:00,22.240082
2016-08-04 13:25:00,21.182411
2016-08-04 13:30:00,20.226439
2016-08-04 13:35:00,19.470459
2016-08-04 13:40:00,18.96026
2016-08-04 13:45:00,18.409405
2016-08-04 13:50:00,17.607656
2016-08-04 13:55:00,16.653389
2016-08-04 14:00:00,16.166924
2016-08-04 14:05:00,15.385529
2016-08-04 14:10:00,14.290548
2016-08-04 14:15:00,12.887078
2016-08-04 14:20:00,11.239543
2016-08-04 14:25:00,9.900488
2016-08-04 14:30:00,8.669926
2016-08-04 14:35:00,7.3512197
2016-08-04 14:40:00,5.9630136
2016-08-04 14:45:00,5.0680504
2016-08-04 14:50:00,4.7358313
2016-08-04 14:55:00,4.4900537
2016-08-04 15:00:00,4.2205477
2016-08-04 15:05:00,3.974777
2016-08-04 15:10:00,3.8171403
2016-08-04 15:15:00,3.9256198
2016-08-04 15:20:00,4.015453
2016-08-04 15:25:00,4.049354
2016-08-04 15:30:00,3.9629102
2016-08-04 15:35:00,3.8357844
2016-08-04 15:40:00,3.8086636
2016-08-04 15:45:00,4.0476565
2016-08-04 15:50:00,4.466325
2016-08-04 15:55:00,4.9222765
2016-08-04 16:00:00,5.1951814
2016-08-04 16:05:00,5.3307714
2016-08-04 16:10:00,5.3239903
2016-08-04 16:15:00,5.407053
2016-08-04 16:20:00,5.785036
2016-08-04 16:25:00,6.3325176
2016-08-04 16:30:00,6.620665
2016-08-04 16:35:00,6.673213
2016-08-04 16:40:00,6.8562737
2016-08-04 16:45:00,7.266464
2016-08-04 16:50:00,7.6088605
2016-08-04 16:55:00,7.6478405
2016-08-04 17:00:00,7.7393694
2016-08-04 17:05:00,8.1783695
2016-08-04 17:10:00,8.773322
2016-08-04 17:15:00,9.251303
2016-08-04 17:20:00,9.846262
2016-08-04 17:25:00,10.759854
2016-08-04 17:30:00,11.720917
2016-08-04 17:35:00,12.539609
2016-08-04 17:40:00,13.112525
2016-08-04 17:45:00,13.521014
2016-08-04 17:50:00,13.724415
2016-08-04 17:55:00,13.84475
2016-08-04 18:00:00,13.958331
2016-08-04 18:05:00,14.26683
2016-08-04 18:10:00,14.643114
2016-08-04 18:15:00,14.827862
2016-08-04 18:20:00,14.65836
2016-08-04 18:25:00,14.161736
2016-08-04 18:30:00,13.373555
2016-08-04 18:35:00,12.787086
2016-08-04 18:40:00,12.544692
2016-08-04 18:45:00,12.520974
2016-08-04 18:50:00,12.326047
2016-08-04 18:55:00,11.763309
2016-08-04 19:00:00,10.958176
2016-08-04 19:05:00,10.224244
2016-08-04 19:10:00,9.67845
2016-08-04 19:15:00,9.249609
2016-08-04 19:20:00,9.030958
2016-08-04 19:25:00,9.071642
2016-08-04 19:30:00,9.449624
2016-08-04 19:35:00,9.75133
2016-08-04 19:40:00,9.54285
2016-08-04 19:45:00,9.022488
2016-08-04 19:50:00,8.178373
2016-08-04 19:55:00,7.552914
2016-08-04 20:00:00,7.227482
2016-08-04 20:05:00,6.820677
2016-08-04 20:10:00,6.225741
2016-08-04 20:15:00,5.78504
2016-08-04 20:20:00,5.8240247
2016-08-04 20:25:00,6.2952337
2016-08-04 20:30:00,6.842718
2016-08-04 20:35:00,7.12408
2016-08-04 20:40:00,7.4325747
2016-08-04 20:45:00,7.846155
2016-08-04 20:50:00,8.14617
2016-08-04 20:55:00,8.120748
2016-08-04 21:00:00,8.074984
2016-08-04 21:05:00,7.9885325
2016-08-04 21:10:00,7.9749756
2016-08-04 21:15:00,7.959722
2016-08-04 21:20:00,7.435969
2016-08-04 21:25:00,6.710501
2016-08-04 21:30:00,6.2681103
2016-08-04 21:35:00,6.276582
2016-08-04 21:40:00,6.6833844
2016-08-04 21:45:00,7.3342657
2016-08-04 21:50:00,7.390206
2016-08-04 21:55:00,7.025777
2016-08-04 22:00:00,6.8494906
2016-08-04 22:05:00,7.1969686
2016-08-04 22:10:00,8.035986
2016-08-04 22:15:00,9.06317
2016-08-04 22:20:00,10.264922
2016-08-04 22:25:00,11.546349
2016-08-04 22:30:00,12.415874
2016-08-04 22:35:00,12.449785
2016-08-04 22:40:00,11.461593
2016-08-04 22:45:00,9.893718
2016-08-04 22:50:00,8.168203
2016-08-04 22:55:00,6.6172748
2016-08-04 23:00:00,5.796898
2016-08-04 23:05:00,5.615533
2016-08-04 23:10:00,5.976569
2016-08-04 23:15:00,7.3732524
2016-08-04 23:20:00,9.117404
2016-08-04 23:25:00,10.293729
2016-08-04 23:30:00,10.295426
2016-08-04 23:35:00,10.264912
2016-08-04 23:40:00,10.536121
2016-08-04 23:45:00,11.095471
2016-08-04 23:50:00,11.170054
2016-08-04 23:55:00,10.414074
2016-08-05 00:00:00,9.0394335
2016-08-05 00:05:00,7.63767
2016-08-05 00:10:00,6.508801
2016-08-05 00:15:00,6.0647106
2016-08-05 00:20:00,5.9918222
2016-08-05 00:25:00,6.232511
2016-08-05 00:30:00,6.632533
2016-08-05 00:35:00,6.8376307
2016-08-05 00:40:00,6.8833957
2016-08-05 00:45:00,6.769831
2016-08-05 00:50:00,7.098664
2016-08-05 00:55:00,8.0699
2016-08-05 01:00:00,9.556406
2016-08-05 01:05:00,10.654777
2016-08-05 01:10:00,10.947995
2016-08-05 01:15:00,10.431032
2016-08-05 01:20:00,9.617425
2016-08-05 01:25:00,9.088586
2016-08-05 01:30:00,8.99875
2016-08-05 01:35:00,9.100455
2016-08-05 01:40:00,9.330981
2016-08-05 01:45:00,9.397082
2016-08-05 01:50:00,9.263169
2016-08-05 01:55:00,8.978417
2016-08-05 02:00:00,8.773322
2016-08-05 02:05:00,8.524154
2016-08-05 02:10:00,8.273288
2016-08-05 02:15:00,8.297019
2016-08-05 02:20:00,8.607206
2016-08-05 02:25:00,8.676712
2016-08-05 02:30:00,8.241089
2016-08-05 02:35:00,7.5715637
2016-08-05 02:40:00,7.0240784
2016-08-05 02:45:00,6.6935496
2016-08-05 02:50:00,6.6816893
2016-08-05 02:55:00,6.983395
2016-08-05 03:00:00,7.4647713
2016-08-05 03:05:00,7.9037805
2016-08-05 03:10:00,8.705525
2016-08-05 03:15:00,9.744551
2016-08-05 03:20:00,11.298859
2016-08-05 03:25:00,13.193885
2016-08-05 03:30:00,15.385518
2016-08-05 03:35:00,17.892435
2016-08-05 03:40:00,20.828165
2016-08-05 03:45:00,24.019844
2016-08-05 03:50:00,27.464073
2016-08-05 03:55:00,30.442223
2016-08-05 04:00:00,32.423664
2016-08-05 04:05:00,33.29152
2016-08-05 04:10:00,33.493225
2016-08-05 04:15:00,33.22879
2016-08-05 04:20:00,32.9813
2016-08-05 04:25:00,33.07792
2016-08-05 04:30:00,33.68813
2016-08-05 04:35:00,34.669544
2016-08-05 04:40:00,36.013657
2016-08-05 04:45:00,37.993435
2016-08-05 04:50:00,41.11731
2016-08-05 04:55:00,45.36497
2016-08-05 05:00:00,49.241394
2016-08-05 05:05:00,52.06866
2016-08-05 05:10:00,54.895973
2016-08-05 05:15:00,58.23009
2016-08-05 05:20:00,61.694645
2016-08-05 05:25:00,65.477844
2016-08-05 05:30:00,68.96443
2016-08-05 05:35:00,71.92736
2016-08-05 05:40:00,74.193596
2016-08-05 05:45:00,75.73941
2016-08-05 05:50:00,77.486885
2016-08-05 05:55:00,79.66153
2016-08-05 06:00:00,81.59219
2016-08-05 06:05:00,82.53802
2016-08-05 06:10:00,81.64479
2016-08-05 06:15:00,79.50737
2016-08-05 06:20:00,77.43268
2016-08-05 06:25:00,77.092
2016-08-05 06:30:00,79.43783
2016-08-05 06:35:00,82.87362
2016-08-05 06:40:00,83.219376
2016-08-05 06:45:00,76.65974
2016-08-05 06:50:00,65.701584
2016-08-05 06:55:00,56.590965
2016-08-05 07:00:00,50.951706
2016-08-05 07:05:00,46.642998
2016-08-05 07:10:00,42.66313
2016-08-05 07:15:00,38.805294
2016-08-05 07:20:00,34.862762
2016-08-05 07:25:00,31.177841
2016-08-05 07:30:00,28.459051
2016-08-05 07:35:00,26.458937
2016-08-05 07:40:00,24.504614
2016-08-05 07:45:00,22.189249
2016-08-05 07:50:00,19.956926
2016-08-05 07:55:00,17.638178
2016-08-05 08:00:00,15.161779
2016-08-05 08:05:00,12.941329
2016-08-05 08:10:00,10.751385
2016-08-05 08:15:00,8.724166
2016-08-05 08:20:00,6.915604
2016-08-05 08:25:00,5.637568
2016-08-05 08:30:00,4.707013
2016-08-05 08:35:00,3.890027
2016-08-05 08:40:00,3.061172
2016-08-05 08:45:00,2.3221507
2016-08-05 08:50:00,1.6933038
2016-08-05 08:55:00,1.1780257
2016-08-05 09:00:00,0.72546047
2016-08-05 09:05:00,0.4746004
2016-08-05 09:10:00,0.28815022
2016-08-05 09:15:00,0.20679002
2016-08-05 09:20:00,0.16102505
2016-08-05 09:25:00,0.12542999
2016-08-05 09:30:00,0.17119507
2016-08-05 09:35:00,0.26272517
2016-08-05 09:40:00,0.35256016
2016-08-05 09:45:00,0.60003084
2016-08-05 09:50:00,1.1509044
2016-08-05 09:55:00,2.3391023
2016-08-05 10:00:00,4.6883755
2016-08-05 10:05:00,9.0445175
2016-08-05 10:10:00,15.044816
2016-08-05 10:15:00,20.634928
2016-08-05 10:20:00,23.536753
2016-08-05 10:25:00,24.474092
2016-08-05 10:30:00,25.201254
2016-08-05 10:35:00,25.616518
2016-08-05 10:40:00,25.397886
2016-08-05 10:45:00,24.801247
2016-08-05 10:50:00,24.0283
2016-08-05 10:55:00,23.062164
2016-08-05 11:00:00,22.3248
2016-08-05 11:05:00,21.567186
2016-08-05 11:10:00,20.990902
2016-08-05 11:15:00,20.723055
2016-08-05 11:20:00,20.821383
2016-08-05 11:25:00,21.097675
2016-08-05 11:30:00,21.44176
2016-08-05 11:35:00,22.055326
2016-08-05 11:40:00,23.15541
2016-08-05 11:45:00,24.470703
2016-08-05 11:50:00,25.831778
2016-08-05 11:55:00,26.948814
2016-08-05 12:00:00,2.8103118
2016-08-05 12:05:00,2.5950463
2016-08-05 12:10:00,2.32215
2016-08-05 12:15:00,2.0356956
2016-08-05 12:20:00,1.7068651
2016-08-05 12:25:00,1.4865153
2016-08-05 12:30:00,1.3593901
2016-08-05 12:35:00,1.35261
2016-08-05 12:40:00,1.4441398
2016-08-05 12:45:00,1.6068605
2016-08-05 12:50:00,1.7322899
2016-08-05 12:55:00,1.7712749
2016-08-05 13:00:00,1.6933051
2016-08-05 13:05:00,1.4305797
2016-08-05 13:10:00,1.1814152
2016-08-05 13:15:00,0.9661498
2016-08-05 13:20:00,0.8237699
2016-08-05 13:25:00,0.6949501
2016-08-05 13:30:00,0.6339299
2016-08-05 13:35:00,0.5847751
2016-08-05 13:40:00,0.67121994
2016-08-05 13:45:00,0.6983399
2016-08-05 13:50:00,0.700035
2016-08-05 13:55:00,0.64918494
2016-08-05 14:00:00,0.58307993
2016-08-05 14:05:00,0.5779948
2016-08-05 14:10:00,0.53392494
2016-08-05 14:15:00,0.39493513
2016-08-05 14:20:00,0.276285
2016-08-05 14:25:00,0.21696
2016-08-05 14:30:00,0.18645005
2016-08-05 14:35:00,0.09830999
2016-08-05 14:40:00,0.054239996
2016-08-05 14:45:00,0.040679995
2016-08-05 14:50:00,0.027119998
2016-08-05 14:55:00,0.013559999
2016-08-05 15:00:00,0.0
2016-08-05 15:05:00,0.0
2016-08-05 15:10:00,0.0
2016-08-05 15:15:00,0.0
2016-08-05 15:20:00,0.0
2016-08-05 15:25:00,0.0
2016-08-05 15:30:00,0.0
2016-08-05 15:35:00,0.015254999
2016-08-05 15:40:00,0.049154993
2016-08-05 15:45:00,0.07966499
2016-08-05 15:50:00,0.14238
2016-08-05 15:55:00,0.22712997
2016-08-05 16:00:00,0.22713007
2016-08-05 16:05:00,0.22543511
2016-08-05 16:10:00,0.24577497
2016-08-05 16:15:00,0.25255504
2016-08-05 16:20:00,0.337305
2016-08-05 16:25:00,0.5203651
2016-08-05 16:30:00,0.883095
2016-08-05 16:35:00,1.43736
2016-08-05 16:40:00,2.181465
2016-08-05 16:45:00,2.8221753
2016-08-05 16:50:00,3.4933944
2016-08-05 16:55:00,4.0934267
2016-08-05 17:00:00,4.6103992
2016-08-05 17:05:00,5.047713
2016-08-05 17:10:00,5.422305
2016-08-05 17:15:00,5.6155353
2016-08-05 17:20:00,5.795205
2016-08-05 17:25:00,6.0138626
2016-08-05 17:30:00,6.4460855
2016-08-05 17:35:00,6.9206862
2016-08-05 17:40:00,7.5495324
2016-08-05 17:45:00,8.307195
2016-08-05 17:50:00,8.922481
2016-08-05 17:55:00,9.519119
2016-08-05 18:00:00,10.347977
2016-08-05 18:05:00,11.302257
2016-08-05 18:10:00,12.227738
2016-08-05 18:15:00,13.065063
2016-08-05 18:20:00,13.936289
2016-08-05 18:25:00,14.680402
2016-08-05 18:30:00,15.360106
2016-08-05 18:35:00,16.200813
2016-08-05 18:40:00,17.177124
2016-08-05 18:45:00,18.175499
2016-08-05 18:50:00,19.47045
2016-08-05 18:55:00,20.951883
2016-08-05 19:00:00,22.42313
2016-08-05 19:05:00,23.899483
2016-08-05 19:10:00,25.779266
2016-08-05 19:15:00,27.809862
2016-08-05 19:20:00,29.728617
2016-08-05 19:25:00,31.543968
2016-08-05 19:30:00,33.454185
2016-08-05 19:35:00,35.69666
2016-08-05 19:40:00,38.162926
2016-08-05 19:45:00,40.742725
2016-08-05 19:50:00,43.48694
2016-08-05 19:55:00,46.341312
2016-08-05 20:00:00,49.688896
2016-08-05 20:05:00,53.383995
2016-08-05 20:10:00,57.689377
2016-08-05 20:15:00,62.053978
2016-08-05 20:20:00,66.22023
2016-08-05 20:25:00,70.005165
2016-08-05 20:30:00,73.80538
2016-08-05 20:35:00,77.334335
2016-08-05 20:40:00,80.7413
2016-08-05 20:45:00,84.25343
2016-08-05 20:50:00,87.6925
2016-08-05 20:55:00,90.86719
2016-08-05 21:00:00,93.93866
2016-08-05 21:05:00,97.0489
2016-08-05 21:10:00,99.655975
2016-08-05 21:15:00,101.299934
2016-08-05 21:20:00,102.594955
2016-08-05 21:25:00,105.10019
2016-08-05 21:30:00,108.79529
2016-08-05 21:35:00,112.890396
2016-08-05 21:40:00,116.85843
2016-08-05 21:45:00,119.917854
2016-08-05 21:50:00,122.31282
2016-08-05 21:55:00,124.65878
2016-08-05 22:00:00,128.11142
2016-08-05 22:05:00,132.89821
2016-08-05 22:10:00,138.16805
2016-08-05 22:15:00,142.77821
2016-08-05 22:20:00,146.021
2016-08-05 22:25:00,147.6819
2016-08-05 22:30:00,148.24649
2016-08-05 22:35:00,148.50409
2016-08-05 22:40:00,148.9429
2016-08-05 22:45:00,149.39053
2016-08-05 22:50:00,149.94664
2016-08-05 22:55:00,151.00243
2016-08-05 23:00:00,152.30426
2016-08-05 23:05:00,154.2484
2016-08-05 23:10:00,157.00278
2016-08-05 23:15:00,160.16403
2016-08-05 23:20:00,163.66243
2016-08-05 23:25:00,167.01517
2016-08-05 23:30:00,169.70847
2016-08-05 23:35:00,172.06973
2016-08-05 23:40:00,174.45795
2016-08-05 23:45:00,176.82582
2016-08-05 23:50:00,179.17505
2016-08-05 23:55:00,181.01761
2016-08-06 00:00:00,182.24472
2016-08-06 00:05:00,183.11934
2016-08-06 00:10:00,184.09908
2016-08-06 00:15:00,185.10594
2016-08-06 00:20:00,185.97377
2016-08-06 00:25:00,186.65689
2016-08-06 00:30:00,187.16356
2016-08-06 00:35:00,187.38402
2016-08-06 00:40:00,187.73988
2016-08-06 00:45:00,188.0721
2016-08-06 00:50:00,188.43823
2016-08-06 00:55:00,188.59921
2016-08-06 01:00:00,188.63318
2016-08-06 01:05:00,188.60097
2016-08-06 01:10:00,188.60773
2016-08-06 01:15:00,188.62637
2016-08-06 01:20:00,188.55008
2016-08-06 01:25:00,188.5094
2016-08-06 01:30:00,188.50266
2016-08-06 01:35:00,188.35176
2016-08-06 01:40:00,187.96872
2016-08-06 01:45:00,187.21785
2016-08-06 01:50:00,186.4551
2016-08-06 01:55:00,185.92963
2016-08-06 02:00:00,185.55167
2016-08-06 02:05:00,185.2042
2016-08-06 02:10:00,185.23639
2016-08-06 02:15:00,185.59232
2016-08-06 02:20:00,185.89911
2016-08-06 02:25:00,186.07367
2016-08-06 02:30:00,186.29916
2016-08-06 02:35:00,186.91612
2016-08-06 02:40:00,187.57547
2016-08-06 02:45:00,187.74329
2016-08-06 02:50:00,187.65854
2016-08-06 02:55:00,187.42464
2016-08-06 03:00:00,186.95511
2016-08-06 03:05:00,185.99913
2016-08-06 03:10:00,184.42618
2016-08-06 03:15:00,182.01251
2016-08-06 03:20:00,179.10556
2016-08-06 03:25:00,175.41895
2016-08-06 03:30:00,171.27467
2016-08-06 03:35:00,166.95921
2016-08-06 03:40:00,162.76746
2016-08-06 03:45:00,159.82495
2016-08-06 03:50:00,158.29605
2016-08-06 03:55:00,155.71626
2016-08-06 04:00:00,151.16519
2016-08-06 04:05:00,146.16327
2016-08-06 04:10:00,141.45117
2016-08-06 04:15:00,137.20178
2016-08-06 04:20:00,134.29823
2016-08-06 04:25:00,132.7897
2016-08-06 04:30:00,133.15242
2016-08-06 04:35:00,135.01183
2016-08-06 04:40:00,136.19496
2016-08-06 04:45:00,135.34746
2016-08-06 04:50:00,133.42702
2016-08-06 04:55:00,132.13373
2016-08-06 05:00:00,131.06592
2016-08-06 05:05:00,130.41331
2016-08-06 05:10:00,130.43872
2016-08-06 05:15:00,130.85573
2016-08-06 05:20:00,130.80992
2016-08-06 05:25:00,131.19473
2016-08-06 05:30:00,132.5694
2016-08-06 05:35:00,134.31519
2016-08-06 05:40:00,135.94916
2016-08-06 05:45:00,137.28314
2016-08-06 05:50:00,136.74069
2016-08-06 05:55:00,134.46097
2016-08-06 06:00:00,133.56264
2016-08-06 06:05:00,133.81519
2016-08-06 06:10:00,134.07108
2016-08-06 06:15:00,135.2576
2016-08-06 06:20:00,137.83398
2016-08-06 06:25:00,140.07819
2016-08-06 06:30:00,139.54591
2016-08-06 06:35:00,137.57805
2016-08-06 06:40:00,136.81532
2016-08-06 06:45:00,137.60016
2016-08-06 06:50:00,138.9561
2016-08-06 06:55:00,139.84604
2016-08-06 07:00:00,141.5342
2016-08-06 07:05:00,144.13773
2016-08-06 07:10:00,145.63608
2016-08-06 07:15:00,145.909
2016-08-06 07:20:00,145.80402
2016-08-06 07:25:00,144.21053
2016-08-06 07:30:00,142.36635
2016-08-06 07:35:00,141.9021
2016-08-06 07:40:00,141.424
2016-08-06 07:45:00,139.2223
2016-08-06 07:50:00,133.33882
2016-08-06 07:55:00,125.80458
2016-08-06 08:00:00,119.17886
2016-08-06 08:05:00,113.11243
2016-08-06 08:10:00,107.56638
2016-08-06 08:15:00,100.78642
2016-08-06 08:20:00,91.67746
2016-08-06 08:25:00,80.41081
2016-08-06 08:30:00,68.64579
2016-08-06 08:35:00,56.175674
2016-08-06 08:40:00,42.819096
2016-08-06 08:45:00,31.388027
2016-08-06 08:50:00,24.913107
2016-08-06 08:55:00,21.645153
2016-08-06 09:00:00,18.894156
2016-08-06 09:05:00,18.760263
2016-08-06 09:10:00,21.933298
2016-08-06 09:15:00,26.223349
2016-08-06 09:20:00,28.1319
2016-08-06 09:25:00,25.689417
2016-08-06 09:30:00,19.970493
2016-08-06 09:35:00,15.0617695
2016-08-06 09:40:00,12.246378
2016-08-06 09:45:00,10.680192
2016-08-06 09:50:00,9.773371
2016-08-06 09:55:00,8.724169
2016-08-06 10:00:00,7.0376396
2016-08-06 10:05:00,5.6409607
2016-08-06 10:10:00,4.9629593
2016-08-06 10:15:00,4.7510858
2016-08-06 10:20:00,4.5120897
2016-08-06 10:25:00,4.412085
2016-08-06 10:30:00,4.525648
2016-08-06 10:35:00,4.5256495
2016-08-06 10:40:00,4.327336
2016-08-06 10:45:00,4.2985196
2016-08-06 10:50:00,4.617179
2016-08-06 10:55:00,5.0053344
2016-08-06 11:00:00,4.9816046
2016-08-06 11:05:00,4.890075
2016-08-06 11:10:00,5.0121136
2016-08-06 11:15:00,5.4884124
2016-08-06 11:20:00,6.710503
2016-08-06 11:25:00,9.147913
2016-08-06 11:30:00,12.158235
2016-08-06 11:35:00,14.968546
2016-08-06 11:40:00,17.195778
2016-08-06 11:45:00,19.294172
2016-08-06 11:50:00,21.482433
2016-08-06 11:55:00,22.868942
2016-08-06 12:00:00,23.267262
2016-08-06 12:05:00,49.075348
2016-08-06 12:10:00,46.354874
2016-08-06 12:15:00,43.84457
2016-08-06 12:20:00,41.96143
2016-08-06 12:25:00,40.178295
2016-08-06 12:30:00,37.834095
2016-08-06 12:35:00,34.669533
2016-08-06 12:40:00,31.584635
2016-08-06 12:45:00,28.845514
2016-08-06 12:50:00,26.516577
2016-08-06 12:55:00,24.641912
2016-08-06 13:00:00,23.36387
2016-08-06 13:05:00,22.42993
2016-08-06 13:10:00,22.011267
2016-08-06 13:15:00,22.257051
2016-08-06 13:20:00,23.053705
2016-08-06 13:25:00,24.382565
2016-08-06 13:30:00,26.267399
2016-08-06 13:35:00,28.252258
2016-08-06 13:40:00,29.382832
2016-08-06 13:45:00,28.83026
2016-08-06 13:50:00,26.553862
2016-08-06 13:55:00,23.762203
2016-08-06 14:00:00,20.785786
2016-08-06 14:05:00,18.22634
2016-08-06 14:10:00,16.838129
2016-08-06 14:15:00,16.292337
2016-08-06 14:20:00,16.092339
2016-08-06 14:25:00,16.043173
2016-08-06 14:30:00,16.424555
2016-08-06 14:35:00,17.016108
2016-08-06 14:40:00,17.483927
2016-08-06 14:45:00,17.429682
2016-08-06 14:50:00,17.056791
2016-08-06 14:55:00,16.960169
2016-08-06 15:00:00,17.73309
2016-08-06 15:05:00,19.08909
2016-08-06 15:10:00,20.563738
2016-08-06 15:15:00,22.026527
2016-08-06 15:20:00,23.740168
2016-08-06 15:25:00,26.202993
2016-08-06 15:30:00,29.062479
2016-08-06 15:35:00,31.923635
2016-08-06 15:40:00,35.483135
2016-08-06 15:45:00,40.563046
2016-08-06 15:50:00,46.243004
2016-08-06 15:55:00,52.028023
2016-08-06 16:00:00,56.41636
2016-08-06 16:05:00,59.06398
2016-08-06 16:10:00,60.725094
2016-08-06 16:15:00,62.440407
2016-08-06 16:20:00,64.59136
2016-08-06 16:25:00,66.79318
2016-08-06 16:30:00,69.80521
2016-08-06 16:35:00,74.02404
2016-08-06 16:40:00,78.617485
2016-08-06 16:45:00,82.77194
2016-08-06 16:50:00,86.5112
2016-08-06 16:55:00,90.13329
2016-08-06 17:00:00,93.44871
2016-08-06 17:05:00,96.42351
2016-08-06 17:10:00,98.4711
2016-08-06 17:15:00,99.047325
2016-08-06 17:20:00,98.56433
2016-08-06 17:25:00,98.33549
2016-08-06 17:30:00,98.411766
2016-08-06 17:35:00,99.00665
2016-08-06 17:40:00,101.27617
2016-08-06 17:45:00,105.159515
2016-08-06 17:50:00,109.99869
2016-08-06 17:55:00,114.687
2016-08-06 18:00:00,118.95008
2016-08-06 18:05:00,123.0265
2016-08-06 18:10:00,127.155495
2016-08-06 18:15:00,130.09807
2016-08-06 18:20:00,130.82863
2016-08-06 18:25:00,130.34041
2016-08-06 18:30:00,129.77592
2016-08-06 18:35:00,129.06067
2016-08-06 18:40:00,128.14038
2016-08-06 18:45:00,126.48782
2016-08-06 18:50:00,123.55862
2016-08-06 18:55:00,120.42646
2016-08-06 19:00:00,117.651634
2016-08-06 19:05:00,114.93462
2016-08-06 19:10:00,112.124214
2016-08-06 19:15:00,109.90722
2016-08-06 19:20:00,108.31898
2016-08-06 19:25:00,107.6105
2016-08-06 19:30:00,106.87322
2016-08-06 19:35:00,105.6867
2016-08-06 19:40:00,104.1493
2016-08-06 19:45:00,103.227104
2016-08-06 19:50:00,102.55096
2016-08-06 19:55:00,102.12373
2016-08-06 20:00:00,101.595
2016-08-06 20:05:00,100.61522
2016-08-06 20:10:00,99.49321
2016-08-06 20:15:00,98.962654
2016-08-06 20:20:00,99.2965
2016-08-06 20:25:00,99.97622
2016-08-06 20:30:00,100.66607
2016-08-06 20:35:00,101.07973
2016-08-06 20:40:00,102.03731
2016-08-06 20:45:00,103.13401
2016-08-06 20:50:00,103.628914
2016-08-06 20:55:00,103.51025
2016-08-06 21:00:00,103.67474
2016-08-06 21:05:00,104.12564
2016-08-06 21:10:00,104.84258
2016-08-06 21:15:00,106.21892
2016-08-06 21:20:00,107.68171
2016-08-06 21:25:00,108.78345
2016-08-06 21:30:00,110.40053
2016-08-06 21:35:00,112.4378
2016-08-06 21:40:00,114.549805
2016-08-06 21:45:00,116.741455
2016-08-06 21:50:00,118.39756
2016-08-06 21:55:00,120.192444
2016-08-06 22:00:00,121.91454
2016-08-06 22:05:00,123.60287
2016-08-06 22:10:00,125.55887
2016-08-06 22:15:00,127.16741
2016-08-06 22:20:00,128.26414
2016-08-06 22:25:00,129.48776
2016-08-06 22:30:00,131.45406
2016-08-06 22:35:00,134.32869
2016-08-06 22:40:00,137.42561
2016-08-06 22:45:00,141.12228
2016-08-06 22:50:00,144.51396
2016-08-06 22:55:00,147.26163
2016-08-06 23:00:00,149.31248
2016-08-06 23:05:00,151.37206
2016-08-06 23:10:00,153.78406
2016-08-06 23:15:00,156.73503
2016-08-06 23:20:00,159.8555
2016-08-06 23:25:00,162.63013
2016-08-06 23:30:00,165.49141
2016-08-06 23:35:00,168.20657
2016-08-06 23:40:00,170.83043
2016-08-06 23:45:00,173.17311
2016-08-06 23:50:00,174.73247
2016-08-06 23:55:00,175.56311
2016-08-07 00:00:00,175.7901
2016-08-07 00:05:00,175.99838
2016-08-07 00:10:00,176.57988
2016-08-07 00:15:00,177.68344
2016-08-07 00:20:00,178.61569
2016-08-07 00:25:00,179.49706
2016-08-07 00:30:00,180.44456
2016-08-07 00:35:00,181.109
2016-08-07 00:40:00,180.98363
2016-08-07 00:45:00,180.48012
2016-08-07 00:50:00,179.95293
2016-08-07 00:55:00,179.32771
2016-08-07 01:00:00,178.4344
2016-08-07 01:05:00,177.50882
2016-08-07 01:10:00,176.78671
2016-08-07 01:15:00,175.32909
2016-08-07 01:20:00,172.82716
2016-08-07 01:25:00,170.4067
2016-08-07 01:30:00,167.88464
2016-08-07 01:35:00,165.46078
2016-08-07 01:40:00,162.48776
2016-08-07 01:45:00,159.64015
2016-08-07 01:50:00,155.95868
2016-08-07 01:55:00,153.4923
2016-08-07 02:00:00,151.17542
2016-08-07 02:05:00,150.17538
2016-08-07 02:10:00,149.46683
2016-08-07 02:15:00,149.1023
2016-08-07 02:20:00,149.46332
2016-08-07 02:25:00,150.64992
2016-08-07 02:30:00,154.70264
2016-08-07 02:35:00,160.32486
2016-08-07 02:40:00,165.61865
2016-08-07 02:45:00,170.0017
2016-08-07 02:50:00,173.7375
2016-08-07 02:55:00,176.50209
2016-08-07 03:00:00,178.33954
2016-08-07 03:05:00,179.53267
2016-08-07 03:10:00,180.3531
2016-08-07 03:15:00,180.54291
2016-08-07 03:20:00,180.32086
2016-08-07 03:25:00,179.59375
2016-08-07 03:30:00,178.19537
2016-08-07 03:35:00,176.56987
2016-08-07 03:40:00,175.19185
2016-08-07 03:45:00,174.25616
2016-08-07 03:50:00,173.34937
2016-08-07 03:55:00,172.29001
2016-08-07 04:00:00,171.3052
2016-08-07 04:05:00,170.05934
2016-08-07 04:10:00,168.1101
2016-08-07 04:15:00,165.52696
2016-08-07 04:20:00,163.20137
2016-08-07 04:25:00,161.3945
2016-08-07 04:30:00,160.42834
2016-08-07 04:35:00,159.70796
2016-08-07 04:40:00,159.13506
2016-08-07 04:45:00,158.44182
2016-08-07 04:50:00,157.8079
2016-08-07 04:55:00,156.91803
2016-08-07 05:00:00,155.4434
2016-08-07 05:05:00,153.39401
2016-08-07 05:10:00,151.9432
2016-08-07 05:15:00,151.48387
2016-08-07 05:20:00,151.84663
2016-08-07 05:25:00,152.70763
2016-08-07 05:30:00,153.13133
2016-08-07 05:35:00,151.977
2016-08-07 05:40:00,149.61932
2016-08-07 05:45:00,145.5666
2016-08-07 05:50:00,139.29002
2016-08-07 05:55:00,132.07442
2016-08-07 06:00:00,124.733376
2016-08-07 06:05:00,118.00594
2016-08-07 06:10:00,112.46326
2016-08-07 06:15:00,108.149475
2016-08-07 06:20:00,104.5849
2016-08-07 06:25:00,101.46776
2016-08-07 06:30:00,98.22525
2016-08-07 06:35:00,94.94543
2016-08-07 06:40:00,92.20291
2016-08-07 06:45:00,90.86047
2016-08-07 06:50:00,91.61136
2016-08-07 06:55:00,94.44372
2016-08-07 07:00:00,98.137115
2016-08-07 07:05:00,101.45585
2016-08-07 07:10:00,103.833954
2016-08-07 07:15:00,105.215355
2016-08-07 07:20:00,105.71886
2016-08-07 07:25:00,105.776505
2016-08-07 07:30:00,105.52391
2016-08-07 07:35:00,105.19343
2016-08-07 07:40:00,105.61881
2016-08-07 07:45:00,106.30702
2016-08-07 07:50:00,104.92221
2016-08-07 07:55:00,103.42724
2016-08-07 08:00:00,103.85264
2016-08-07 08:05:00,107.764694
2016-08-07 08:10:00,115.21431
2016-08-07 08:15:00,122.65691
2016-08-07 08:20:00,125.53345
2016-08-07 08:25:00,124.40122
2016-08-07 08:30:00,122.84678
2016-08-07 08:35:00,122.675705
2016-08-07 08:40:00,123.88748
2016-08-07 08:45:00,126.106316
2016-08-07 08:50:00,129.86757
2016-08-07 08:55:00,133.49138
2016-08-07 09:00:00,135.82704
2016-08-07 09:05:00,138.56282
2016-08-07 09:10:00,139.8257
2016-08-07 09:15:00,138.40866
2016-08-07 09:20:00,136.45772
2016-08-07 09:25:00,132.9406
2016-08-07 09:30:00,128.6641
2016-08-07 09:35:00,126.84716
2016-08-07 09:40:00,125.22157
2016-08-07 09:45:00,122.8163
2016-08-07 09:50:00,121.33998
2016-08-07 09:55:00,119.38571
2016-08-07 10:00:00,116.76689
2016-08-07 10:05:00,116.26345
2016-08-07 10:10:00,117.53134
2016-08-07 10:15:00,119.97552
2016-08-07 10:20:00,124.309586
2016-08-07 10:25:00,129.137
2016-08-07 10:30:00,134.8084
2016-08-07 10:35:00,143.45627
2016-08-07 10:40:00,151.51935
2016-08-07 10:45:00,156.35023
2016-08-07 10:50:00,159.296
2016-08-07 10:55:00,163.01146
2016-08-07 11:00:00,167.31856
2016-08-07 11:05:00,171.48145
2016-08-07 11:10:00,174.66803
2016-08-07 11:15:00,176.46138
2016-08-07 11:20:00,176.25964
2016-08-07 11:25:00,174.75787
2016-08-07 11:30:00,173.57983
2016-08-07 11:35:00,173.03242
2016-08-07 11:40:00,173.22055
2016-08-07 11:45:00,174.55283
2016-08-07 11:50:00,175.88338
2016-08-07 11:55:00,176.78006
2016-08-07 12:00:00,158.18585
2016-08-07 12:05:00,163.02673
2016-08-07 12:10:00,167.01852
2016-08-07 12:15:00,170.25603
2016-08-07 12:20:00,172.52898
2016-08-07 12:25:00,174.05954
2016-08-07 12:30:00,175.62064
2016-08-07 12:35:00,177.0665
2016-08-07 12:40:00,178.21231
2016-08-07 12:45:00,179.08524
2016-08-07 12:50:00,179.74289
2016-08-07 12:55:00,180.44295
2016-08-07 13:00:00,181.30229
2016-08-07 13:05:00,182.16165
2016-08-07 13:10:00,182.70743
2016-08-07 13:15:00,183.08203
2016-08-07 13:20:00,183.18202
2016-08-07 13:25:00,182.81929
2016-08-07 13:30:00,181.79555
2016-08-07 13:35:00,180.29546
2016-08-07 13:40:00,179.06152
2016-08-07 13:45:00,177.86652
2016-08-07 13:50:00,176.40709
2016-08-07 13:55:00,174.76126
2016-08-07 14:00:00,173.64595
2016-08-07 14:05:00,173.49002
2016-08-07 14:10:00,173.23409
2016-08-07 14:15:00,172.6561
2016-08-07 14:20:00,172.57304
2016-08-07 14:25:00,173.3968
2016-08-07 14:30:00,174.51378
2016-08-07 14:35:00,175.75964
2016-08-07 14:40:00,177.1767
2016-08-07 14:45:00,179.2937
2016-08-07 14:50:00,182.00232
2016-08-07 14:55:00,184.43295
2016-08-07 15:00:00,186.42796
2016-08-07 15:05:00,188.11618
2016-08-07 15:10:00,189.74847
2016-08-07 15:15:00,190.87227
2016-08-07 15:20:00,191.31126
2016-08-07 15:25:00,191.5011
2016-08-07 15:30:00,191.52484
2016-08-07 15:35:00,191.51297
2016-08-07 15:40:00,191.47737
2016-08-07 15:45:00,191.46552
2016-08-07 15:50:00,191.51297
2016-08-07 15:55:00,191.56044
2016-08-07 16:00:00,191.59602
2016-08-07 16:05:00,191.61975
2016-08-07 16:10:00,191.61975
2016-08-07 16:15:00,191.61975
2016-08-07 16:20:00,191.61975
2016-08-07 16:25:00,191.61975
2016-08-07 16:30:00,191.61975
2016-08-07 16:35:00,191.61975
2016-08-07 16:40:00,191.61975
2016-08-07 16:45:00,191.61975
2016-08-07 16:50:00,191.61975
2016-08-07 16:55:00,191.61975
2016-08-07 17:00:00,191.61975
2016-08-07 17:05:00,191.61975
2016-08-07 17:10:00,191.61975
2016-08-07 17:15:00,191.61975
2016-08-07 17:20:00,191.61975
2016-08-07 17:25:00,191.61975
2016-08-07 17:30:00,191.61975
2016-08-07 17:35:00,191.61975
2016-08-07 17:40:00,191.61975
2016-08-07 17:45:00,191.61975
2016-08-07 17:50:00,191.61975
2016-08-07 17:55:00,191.61975
2016-08-07 18:00:00,191.61975
2016-08-07 18:05:00,191.61975
2016-08-07 18:10:00,191.61975
2016-08-07 18:15:00,191.61975
2016-08-07 18:20:00,191.61975
2016-08-07 18:25:00,191.61975
2016-08-07 18:30:00,191.61975
2016-08-07 18:35:00,191.61975
2016-08-07 18:40:00,191.61975
2016-08-07 18:45:00,191.61975
2016-08-07 18:50:00,191.61975
2016-08-07 18:55:00,191.61975
2016-08-07 19:00:00,191.61975
2016-08-07 19:05:00,191.61975
2016-08-07 19:10:00,191.61975
2016-08-07 19:15:00,191.61975
2016-08-07 19:20:00,191.61975
2016-08-07 19:25:00,191.61975
2016-08-07 19:30:00,191.61975
2016-08-07 19:35:00,191.61975
2016-08-07 19:40:00,191.61975
2016-08-07 19:45:00,191.61975
2016-08-07 19:50:00,191.61975
2016-08-07 19:55:00,191.61975
2016-08-07 20:00:00,191.61975
2016-08-07 20:05:00,191.61975
2016-08-07 20:10:00,191.61975
2016-08-07 20:15:00,191.61975
2016-08-07 20:20:00,191.61975
2016-08-07 20:25:00,191.61975
2016-08-07 20:30:00,191.61975
2016-08-07 20:35:00,191.61975
2016-08-07 20:40:00,191.61975
2016-08-07 20:45:00,191.61975
2016-08-07 20:50:00,191.61975
2016-08-07 20:55:00,191.61975
2016-08-07 21:00:00,191.61975
2016-08-07 21:05:00,191.61975
2016-08-07 21:10:00,191.61975
2016-08-07 21:15:00,191.61975
2016-08-07 21:20:00,191.61975
2016-08-07 21:25:00,191.61975
2016-08-07 21:30:00,191.61975
2016-08-07 21:35:00,191.61975
2016-08-07 21:40:00,191.61975
2016-08-07 21:45:00,191.61975
2016-08-07 21:50:00,191.61975
2016-08-07 21:55:00,191.61975
2016-08-07 22:00:00,191.61975
2016-08-07 22:05:00,191.61975
2016-08-07 22:10:00,191.61975
2016-08-07 22:15:00,191.61975
2016-08-07 22:20:00,191.61975
2016-08-07 22:25:00,191.61975
2016-08-07 22:30:00,191.61975
2016-08-07 22:35:00,191.61975
2016-08-07 22:40:00,191.61975
2016-08-07 22:45:00,191.61975
2016-08-07 22:50:00,191.61975
2016-08-07 22:55:00,191.61975
2016-08-07 23:00:00,191.61975
2016-08-07 23:05:00,191.61975
2016-08-07 23:10:00,191.61975
2016-08-07 23:15:00,191.61975
2016-08-07 23:20:00,191.61975
2016-08-07 23:25:00,191.61975
2016-08-07 23:30:00,191.61975
2016-08-07 23:35:00,191.61975
2016-08-07 23:40:00,191.61975
2016-08-07 23:45:00,191.61975
2016-08-07 23:50:00,191.61975
2016-08-07 23:55:00,191.61975
2016-08-08 00:00:00,191.61975
2016-08-08 00:05:00,191.61975
2016-08-08 00:10:00,191.61975
2016-08-08 00:15:00,191.61975
2016-08-08 00:20:00,191.61975
2016-08-08 00:25:00,191.61975
2016-08-08 00:30:00,191.61975
2016-08-08 00:35:00,191.61975
2016-08-08 00:40:00,191.61975
2016-08-08 00:45:00,191.61975
2016-08-08 00:50:00,191.61975
2016-08-08 00:55:00,191.61975
2016-08-08 01:00:00,191.61975
2016-08-08 01:05:00,191.61975
2016-08-08 01:10:00,191.61975
2016-08-08 01:15:00,191.61975
2016-08-08 01:20:00,191.61975
2016-08-08 01:25:00,191.61975
2016-08-08 01:30:00,191.61975
2016-08-08 01:35:00,191.61975
2016-08-08 01:40:00,191.61975
2016-08-08 01:45:00,191.61975
2016-08-08 01:50:00,191.61975
2016-08-08 01:55:00,191.61975
2016-08-08 02:00:00,191.61975
2016-08-08 02:05:00,191.61975
2016-08-08 02:10:00,191.61975
2016-08-08 02:15:00,191.61975
2016-08-08 02:20:00,191.61975
2016-08-08 02:25:00,191.61975
2016-08-08 02:30:00,191.61975
2016-08-08 02:35:00,191.61975
2016-08-08 02:40:00,191.61975
2016-08-08 02:45:00,191.61975
2016-08-08 02:50:00,191.61975
2016-08-08 02:55:00,191.61975
2016-08-08 03:00:00,191.61975
2016-08-08 03:05:00,191.61975
2016-08-08 03:10:00,191.61975
2016-08-08 03:15:00,191.61975
2016-08-08 03:20:00,191.61975
2016-08-08 03:25:00,191.61975
2016-08-08 03:30:00,191.61975
2016-08-08 03:35:00,191.61975
2016-08-08 03:40:00,191.61975
2016-08-08 03:45:00,191.61975
2016-08-08 03:50:00,191.57233
2016-08-08 03:55:00,191.42316
2016-08-08 04:00:00,191.32825
2016-08-08 04:05:00,191.31639
2016-08-08 04:10:00,191.44348
2016-08-08 04:15:00,191.51129
2016-08-08 04:20:00,191.48758
2016-08-08 04:25:00,191.45027
2016-08-08 04:30:00,191.32994
2016-08-08 04:35:00,191.18246
2016-08-08 04:40:00,191.14355
2016-08-08 04:45:00,191.12317
2016-08-08 04:50:00,190.95361
2016-08-08 04:55:00,190.78928
2016-08-08 05:00:00,190.76724
2016-08-08 05:05:00,190.81297
2016-08-08 05:10:00,190.76205
2016-08-08 05:15:00,190.7384
2016-08-08 05:20:00,190.6401
2016-08-08 05:25:00,190.6435
2016-08-08 05:30:00,190.71632
2016-08-08 05:35:00,190.70786
2016-08-08 05:40:00,190.60278
2016-08-08 05:45:00,190.68584
2016-08-08 05:50:00,190.81807
2016-08-08 05:55:00,191.00784
2016-08-08 06:00:00,191.09435
2016-08-08 06:05:00,191.15538
2016-08-08 06:10:00,191.32312
2016-08-08 06:15:00,191.37906
2016-08-08 06:20:00,191.42316
2016-08-08 06:25:00,191.47736
2016-08-08 06:30:00,191.53839
2016-08-08 06:35:00,191.57904
2016-08-08 06:40:00,191.59943
2016-08-08 06:45:00,191.61298
2016-08-08 06:50:00,191.61975
2016-08-08 06:55:00,191.61975
2016-08-08 07:00:00,191.61975
2016-08-08 07:05:00,191.61975
2016-08-08 07:10:00,191.61975
2016-08-08 07:15:00,191.61975
2016-08-08 07:20:00,191.61975
2016-08-08 07:25:00,191.61975
2016-08-08 07:30:00,191.61975
2016-08-08 07:35:00,191.61298
2016-08-08 07:40:00,191.59943
2016-08-08 07:45:00,191.57904
2016-08-08 07:50:00,191.4909
2016-08-08 07:55:00,191.40955
2016-08-08 08:00:00,191.36212
2016-08-08 08:05:00,191.34857
2016-08-08 08:10:00,191.40955
2016-08-08 08:15:00,191.57227
2016-08-08 08:20:00,191.61975
2016-08-08 08:25:00,191.61975
2016-08-08 08:30:00,191.61975
2016-08-08 08:35:00,191.61975
2016-08-08 08:40:00,191.61975
2016-08-08 08:45:00,191.61975
2016-08-08 08:50:00,191.61975
2016-08-08 08:55:00,191.52484
2016-08-08 09:00:00,191.1333
2016-08-08 09:05:00,190.55191
2016-08-08 09:10:00,190.13663
2016-08-08 09:15:00,190.23155
2016-08-08 09:20:00,190.68752
2016-08-08 09:25:00,191.25703
2016-08-08 09:30:00,191.5418
2016-08-08 09:35:00,191.58247
2016-08-08 09:40:00,191.5808
2016-08-08 09:45:00,191.56718
2016-08-08 09:50:00,191.49434
2016-08-08 09:55:00,191.32817
2016-08-08 10:00:00,191.09938
2016-08-08 10:05:00,190.60612
2016-08-08 10:10:00,190.40111
2016-08-08 10:15:00,190.2993
2016-08-08 10:20:00,190.2078
2016-08-08 10:25:00,189.7163
2016-08-08 10:30:00,188.78072
2016-08-08 10:35:00,187.35512
2016-08-08 10:40:00,184.85004
2016-08-08 10:45:00,181.88034
2016-08-08 10:50:00,180.982
2016-08-08 10:55:00,183.41438
2016-08-08 11:00:00,186.17703
2016-08-08 11:05:00,187.46693
2016-08-08 11:10:00,187.316
2016-08-08 11:15:00,185.60077
2016-08-08 11:20:00,182.97696
2016-08-08 11:25:00,181.34639
2016-08-08 11:30:00,183.28546
2016-08-08 11:35:00,186.54152
2016-08-08 11:40:00,187.94498
2016-08-08 11:45:00,187.35861
2016-08-08 11:50:00,185.68556
2016-08-08 11:55:00,180.61255
2016-08-08 12:00:00,187.53308
2016-08-08 12:05:00,186.14316
2016-08-08 12:10:00,185.09404
2016-08-08 12:15:00,183.82285
2016-08-08 12:20:00,182.77682
2016-08-08 12:25:00,181.5328
2016-08-08 12:30:00,179.34622
2016-08-08 12:35:00,177.02919
2016-08-08 12:40:00,176.55289
2016-08-08 12:45:00,176.67828
2016-08-08 12:50:00,176.56125
2016-08-08 12:55:00,174.89516
2016-08-08 13:00:00,171.29663
2016-08-08 13:05:00,167.35925
2016-08-08 13:10:00,163.17934
2016-08-08 13:15:00,157.78093
2016-08-08 13:20:00,151.16342
2016-08-08 13:25:00,142.57832
2016-08-08 13:30:00,135.56094
2016-08-08 13:35:00,130.60828
2016-08-08 13:40:00,125.68086
2016-08-08 13:45:00,122.414604
2016-08-08 13:50:00,120.22463
2016-08-08 13:55:00,117.39229
2016-08-08 14:00:00,113.01747
2016-08-08 14:05:00,108.259636
2016-08-08 14:10:00,105.32392
2016-08-08 14:15:00,103.92722
2016-08-08 14:20:00,102.54919
2016-08-08 14:25:00,100.394875
2016-08-08 14:30:00,97.935326
2016-08-08 14:35:00,94.05044
2016-08-08 14:40:00,89.26373
2016-08-08 14:45:00,86.9603
2016-08-08 14:50:00,87.204346
2016-08-08 14:55:00,88.211205
2016-08-08 15:00:00,89.514694
2016-08-08 15:05:00,90.638374
2016-08-08 15:10:00,89.60952
2016-08-08 15:15:00,86.27039
2016-08-08 15:20:00,84.17206
2016-08-08 15:25:00,82.35496
2016-08-08 15:30:00,81.2753
2016-08-08 15:35:00,81.51934
2016-08-08 15:40:00,83.19058
2016-08-08 15:45:00,84.31777
2016-08-08 15:50:00,83.968575
2016-08-08 15:55:00,81.79737
2016-08-08 16:00:00,78.65303
2016-08-08 16:05:00,75.50033
2016-08-08 16:10:00,72.74261
2016-08-08 16:15:00,70.51033
2016-08-08 16:20:00,68.888214
2016-08-08 16:25:00,68.00339
2016-08-08 16:30:00,67.61188
2016-08-08 16:35:00,68.47293
2016-08-08 16:40:00,70.25433
2016-08-08 16:45:00,71.744255
2016-08-08 16:50:00,73.11722
2016-08-08 16:55:00,75.52413
2016-08-08 17:00:00,78.731064
2016-08-08 17:05:00,82.3617
2016-08-08 17:10:00,85.82461
2016-08-08 17:15:00,88.18752
2016-08-08 17:20:00,90.4147
2016-08-08 17:25:00,93.526794
2016-08-08 17:30:00,96.240425
2016-08-08 17:35:00,98.52361
2016-08-08 17:40:00,100.73383
2016-08-08 17:45:00,103.35266
2016-08-08 17:50:00,105.15782
2016-08-08 17:55:00,106.64099
2016-08-08 18:00:00,108.95117
2016-08-08 18:05:00,110.514084
2016-08-08 18:10:00,111.788605
2016-08-08 18:15:00,114.90067
2016-08-08 18:20:00,119.12802
2016-08-08 18:25:00,123.97914
2016-08-08 18:30:00,129.61655
2016-08-08 18:35:00,135.0066
2016-08-08 18:40:00,139.11035
2016-08-08 18:45:00,142.8071
2016-08-08 18:50:00,146.60396
2016-08-08 18:55:00,149.53119
2016-08-08 19:00:00,151.31422
2016-08-08 19:05:00,151.97539
2016-08-08 19:10:00,151.35664
2016-08-08 19:15:00,149.74303
2016-08-08 19:20:00,148.61595
2016-08-08 19:25:00,149.26004
2016-08-08 19:30:00,150.62276
2016-08-08 19:35:00,151.46523
2016-08-08 19:40:00,151.91609
2016-08-08 19:45:00,152.33308
2016-08-08 19:50:00,151.93121
2016-08-08 19:55:00,151.0432
2016-08-08 20:00:00,150.54654
2016-08-08 20:05:00,150.87697
2016-08-08 20:10:00,152.03636
2016-08-08 20:15:00,153.54161
2016-08-08 20:20:00,154.74487
2016-08-08 20:25:00,155.17566
2016-08-08 20:30:00,155.0313
2016-08-08 20:35:00,153.52809
2016-08-08 20:40:00,151.41595
2016-08-08 20:45:00,150.2821
2016-08-08 20:50:00,148.32451
2016-08-08 20:55:00,144.67502
2016-08-08 21:00:00,139.31201
2016-08-08 21:05:00,134.86429
2016-08-08 21:10:00,130.20992
2016-08-08 21:15:00,126.91833
2016-08-08 21:20:00,124.843575
2016-08-08 21:25:00,123.39429
2016-08-08 21:30:00,122.32985
2016-08-08 21:35:00,122.11285
2016-08-08 21:40:00,123.30451
2016-08-08 21:45:00,124.72484
2016-08-08 21:50:00,125.00794
2016-08-08 21:55:00,125.31308
2016-08-08 22:00:00,124.7469
2016-08-08 22:05:00,124.023125
2016-08-08 22:10:00,122.76039
2016-08-08 22:15:00,122.612885
2016-08-08 22:20:00,121.368774
2016-08-08 22:25:00,119.70943
2016-08-08 22:30:00,120.263596
2016-08-08 22:35:00,121.350174
2016-08-08 22:40:00,121.21451
2016-08-08 22:45:00,121.255264
2016-08-08 22:50:00,121.489204
2016-08-08 22:55:00,120.77389
2016-08-08 23:00:00,119.733116
2016-08-08 23:05:00,117.93472
2016-08-08 23:10:00,116.71598
2016-08-08 23:15:00,116.09552
2016-08-08 23:20:00,113.083534
2016-08-08 23:25:00,110.93947
2016-08-08 23:30:00,109.991974
2016-08-08 23:35:00,109.617355
2016-08-08 23:40:00,110.01908
2016-08-08 23:45:00,108.45454
2016-08-08 23:50:00,107.07831
2016-08-08 23:55:00,107.44781
2016-08-09 00:00:00,108.25124
2016-08-09 00:05:00,109.37835
2016-08-09 00:10:00,110.95466
2016-08-09 00:15:00,112.217415
2016-08-09 00:20:00,113.86497
2016-08-09 00:25:00,113.80402
2016-08-09 00:30:00,112.75306
2016-08-09 00:35:00,110.67668
2016-08-09 00:40:00,108.48681
2016-08-09 00:45:00,108.93595
2016-08-09 00:50:00,109.86318
2016-08-09 00:55:00,104.827286
2016-08-09 01:00:00,96.94048
2016-08-09 01:05:00,89.45196
2016-08-09 01:10:00,81.49051
2016-08-09 01:15:00,73.517235
2016-08-09 01:20:00,66.78811
2016-08-09 01:25:00,63.22009
2016-08-09 01:30:00,62.823467
2016-08-09 01:35:00,62.976017
2016-08-09 01:40:00,62.72686
2016-08-09 01:45:00,63.067574
2016-08-09 01:50:00,63.3879
2016-08-09 01:55:00,64.05063
2016-08-09 02:00:00,67.84914
2016-08-09 02:05:00,74.09182
2016-08-09 02:10:00,79.84127
2016-08-09 02:15:00,85.773766
2016-08-09 02:20:00,92.69277
2016-08-09 02:25:00,93.47747
2016-08-09 02:30:00,89.04338
2016-08-09 02:35:00,85.43982
2016-08-09 02:40:00,81.831215
2016-08-09 02:45:00,78.168304
2016-08-09 02:50:00,73.10198
2016-08-09 02:55:00,68.01191
2016-08-09 03:00:00,65.09651
2016-08-09 03:05:00,63.316704
2016-08-09 03:10:00,61.86921
2016-08-09 03:15:00,63.211655
2016-08-09 03:20:00,68.74919
2016-08-09 03:25:00,78.886986
2016-08-09 03:30:00,86.83145
2016-08-09 03:35:00,89.30787
2016-08-09 03:40:00,87.36029
2016-08-09 03:45:00,87.20772
2016-08-09 03:50:00,90.10954
2016-08-09 03:55:00,95.63359
2016-08-09 04:00:00,103.70848
2016-08-09 04:05:00,109.83595
2016-08-09 04:10:00,112.553055
2016-08-09 04:15:00,115.81928
2016-08-09 04:20:00,120.555115
2016-08-09 04:25:00,127.286125
2016-08-09 04:30:00,134.93053
2016-08-09 04:35:00,142.02225
2016-08-09 04:40:00,145.05139
2016-08-09 04:45:00,140.33078
2016-08-09 04:50:00,129.47092
2016-08-09 04:55:00,118.080414
2016-08-09 05:00:00,109.91398
2016-08-09 05:05:00,108.156296
2016-08-09 05:10:00,118.40417
2016-08-09 05:15:00,133.24399
2016-08-09 05:20:00,139.52206
2016-08-09 05:25:00,135.38304
2016-08-09 05:30:00,132.48462
2016-08-09 05:35:00,131.70331
2016-08-09 05:40:00,129.45557
2016-08-09 05:45:00,122.114586
2016-08-09 05:50:00,111.391945
2016-08-09 05:55:00,101.95084
2016-08-09 06:00:00,95.69805
2016-08-09 06:05:00,92.30805
2016-08-09 06:10:00,89.951904
2016-08-09 06:15:00,88.336655
2016-08-09 06:20:00,88.253586
2016-08-09 06:25:00,90.6468
2016-08-09 06:30:00,95.659134
2016-08-09 06:35:00,100.86943
2016-08-09 06:40:00,105.17998
2016-08-09 06:45:00,106.75967
2016-08-09 06:50:00,104.94771
2016-08-09 06:55:00,101.230484
2016-08-09 07:00:00,97.91168
2016-08-09 07:05:00,95.0776
2016-08-09 07:10:00,93.81824
2016-08-09 07:15:00,92.84194
2016-08-09 07:20:00,90.12315
2016-08-09 07:25:00,85.45349
2016-08-09 07:30:00,79.59719
2016-08-09 07:35:00,71.96963
2016-08-09 07:40:00,63.937122
2016-08-09 07:45:00,56.475677
2016-08-09 07:50:00,49.341442
2016-08-09 07:55:00,43.366566
2016-08-09 08:00:00,38.75957
2016-08-09 08:05:00,35.79161
2016-08-09 08:10:00,34.6458
2016-08-09 08:15:00,34.21358
2016-08-09 08:20:00,33.90507
2016-08-09 08:25:00,33.535576
2016-08-09 08:30:00,32.727055
2016-08-09 08:35:00,31.350725
2016-08-09 08:40:00,29.909973
2016-08-09 08:45:00,28.718386
2016-08-09 08:50:00,28.564129
2016-08-09 08:55:00,28.755695
2016-08-09 09:00:00,28.886175
2016-08-09 09:05:00,28.17937
2016-08-09 09:10:00,27.460709
2016-08-09 09:15:00,27.438667
2016-08-09 09:20:00,28.020048
2016-08-09 09:25:00,28.777714
2016-08-09 09:30:00,29.850647
2016-08-09 09:35:00,29.72861
2016-08-09 09:40:00,27.692917
2016-08-09 09:45:00,24.852087
2016-08-09 09:50:00,22.214657
2016-08-09 09:55:00,20.536627
2016-08-09 10:00:00,19.185705
2016-08-09 10:05:00,17.821228
2016-08-09 10:10:00,17.516127
2016-08-09 10:15:00,18.277191
2016-08-09 10:20:00,19.394178
2016-08-09 10:25:00,20.634937
2016-08-09 10:30:00,22.284147
2016-08-09 10:35:00,24.226631
2016-08-09 10:40:00,26.506405
2016-08-09 10:45:00,29.416735
2016-08-09 10:50:00,32.705036
2016-08-09 10:55:00,35.44246
2016-08-09 11:00:00,37.091698
2016-08-09 11:05:00,36.393333
2016-08-09 11:10:00,33.391502
2016-08-09 11:15:00,29.5625
2016-08-09 11:20:00,26.538609
2016-08-09 11:25:00,25.126673
2016-08-09 11:30:00,25.658884
2016-08-09 11:35:00,28.655668
2016-08-09 11:40:00,32.740604
2016-08-09 11:45:00,37.818832
2016-08-09 11:50:00,43.56322
2016-08-09 11:55:00,49.283825
2016-08-09 12:00:00,36.684864
2016-08-09 12:05:00,36.217068
2016-08-09 12:10:00,34.78478
2016-08-09 12:15:00,31.001526
2016-08-09 12:20:00,26.038603
2016-08-09 12:25:00,21.177338
2016-08-09 12:30:00,16.492348
2016-08-09 12:35:00,12.226025
2016-08-09 12:40:00,9.105541
2016-08-09 12:45:00,7.3325706
2016-08-09 12:50:00,6.2172594
2016-08-09 12:55:00,5.8528337
2016-08-09 13:00:00,6.5054107
2016-08-09 13:05:00,7.412236
2016-08-09 13:10:00,8.188543
2016-08-09 13:15:00,8.1563425
2016-08-09 13:20:00,6.9511976
2016-08-09 13:25:00,6.1257296
2016-08-09 13:30:00,6.11217
2016-08-09 13:35:00,6.30879
2016-08-09 13:40:00,4.825666
2016-08-09 13:45:00,3.0679507
2016-08-09 13:50:00,1.31871
2016-08-09 13:55:00,0.47798997
2016-08-09 14:00:00,0.101699986
2016-08-09 14:05:00,0.016949998
2016-08-09 14:10:00,0.0
2016-08-09 14:15:00,0.0
2016-08-09 14:20:00,0.0
2016-08-09 14:25:00,0.0
2016-08-09 14:30:00,0.0
2016-08-09 14:35:00,0.0
2016-08-09 14:40:00,0.0
2016-08-09 14:45:00,0.0
2016-08-09 14:50:00,0.035594996
2016-08-09 14:55:00,0.177975
2016-08-09 15:00:00,0.28475997
2016-08-09 15:05:00,0.27289498
2016-08-09 15:10:00,0.177975
2016-08-09 15:15:00,0.083055004
2016-08-09 15:20:00,0.047459997
2016-08-09 15:25:00,0.023729999
2016-08-09 15:30:00,0.0
2016-08-09 15:35:00,0.0
2016-08-09 15:40:00,0.0
2016-08-09 15:45:00,0.0
2016-08-09 15:50:00,0.0
2016-08-09 15:55:00,0.016949998
2016-08-09 16:00:00,0.06440999
2016-08-09 16:05:00,0.12542999
2016-08-09 16:10:00,0.22712997
2016-08-09 16:15:00,0.7780053
2016-08-09 16:20:00,2.25774
2016-08-09 16:25:00,4.33581
2016-08-09 16:30:00,6.5477853
2016-08-09 16:35:00,8.466525
2016-08-09 16:40:00,10.344583
2016-08-09 16:45:00,12.061625
2016-08-09 16:50:00,12.788776
2016-08-09 16:55:00,12.563342
2016-08-09 17:00:00,12.348075
2016-08-09 17:05:00,11.853131
2016-08-09 17:10:00,11.409049
2016-08-09 17:15:00,11.081896
2016-08-09 17:20:00,10.703927
2016-08-09 17:25:00,10.678505
2016-08-09 17:30:00,10.73612
2016-08-09 17:35:00,10.398827
2016-08-09 17:40:00,9.895403
2016-08-09 17:45:00,9.436067
2016-08-09 17:50:00,8.951298
2016-08-09 17:55:00,8.966551
2016-08-09 18:00:00,9.010622
2016-08-09 18:05:00,8.87333
2016-08-09 18:10:00,8.452969
2016-08-09 18:15:00,7.756315
2016-08-09 18:20:00,7.3427324
2016-08-09 18:25:00,7.200361
2016-08-09 18:30:00,7.02916
2016-08-09 18:35:00,6.9596696
2016-08-09 18:40:00,6.7867837
2016-08-09 18:45:00,6.593555
2016-08-09 18:50:00,6.179975
2016-08-09 18:55:00,6.007087
2016-08-09 19:00:00,6.1799655
2016-08-09 19:05:00,6.366417
2016-08-09 19:10:00,6.527443
2016-08-09 19:15:00,7.32917
2016-08-09 19:20:00,8.875014
2016-08-09 19:25:00,10.300501
2016-08-09 19:30:00,11.510747
2016-08-09 19:35:00,12.936254
2016-08-09 19:40:00,13.7684765
2016-08-09 19:45:00,13.89731
2016-08-09 19:50:00,14.405809
2016-08-09 19:55:00,15.675371
2016-08-09 20:00:00,16.72287
2016-08-09 20:05:00,17.261879
2016-08-09 20:10:00,18.053448
2016-08-09 20:15:00,18.919596
2016-08-09 20:20:00,19.641642
2016-08-09 20:25:00,20.365421
2016-08-09 20:30:00,20.431519
2016-08-09 20:35:00,21.175623
2016-08-09 20:40:00,23.90968
2016-08-09 20:45:00,27.15218
2016-08-09 20:50:00,29.123499
2016-08-09 20:55:00,30.530346
2016-08-09 21:00:00,31.952446
2016-08-09 21:05:00,33.338966
2016-08-09 21:10:00,33.735603
2016-08-09 21:15:00,32.518578
2016-08-09 21:20:00,30.421865
2016-08-09 21:25:00,28.786198
2016-08-09 21:30:00,29.021807
2016-08-09 21:35:00,30.772724
2016-08-09 21:40:00,32.77791
2016-08-09 21:45:00,33.479626
2016-08-09 21:50:00,32.557552
2016-08-09 21:55:00,30.489658
2016-08-09 22:00:00,28.584507
2016-08-09 22:05:00,27.862432
2016-08-09 22:10:00,29.752352
2016-08-09 22:15:00,33.41525
2016-08-09 22:20:00,37.5646
2016-08-09 22:25:00,41.23764
2016-08-09 22:30:00,45.066677
2016-08-09 22:35:00,50.131306
2016-08-09 22:40:00,55.28411
2016-08-09 22:45:00,58.223255
2016-08-09 22:50:00,59.347084
2016-08-09 22:55:00,59.606354
2016-08-09 23:00:00,58.713093
2016-08-09 23:05:00,57.167267
2016-08-09 23:10:00,58.01142
2016-08-09 23:15:00,62.77775
2016-08-09 23:20:00,69.183075
2016-08-09 23:25:00,74.415634
2016-08-09 23:30:00,76.23769
2016-08-09 23:35:00,73.932526
2016-08-09 23:40:00,70.312004
2016-08-09 23:45:00,68.364456
2016-08-09 23:50:00,69.60689
2016-08-09 23:55:00,74.51384
2016-08-10 00:00:00,84.26353
2016-08-10 00:05:00,95.72174
2016-08-10 00:10:00,104.00353
2016-08-10 00:15:00,109.154564
2016-08-10 00:20:00,114.24799
2016-08-10 00:25:00,117.16348
2016-08-10 00:30:00,121.72813
2016-08-10 00:35:00,128.1403
2016-08-10 00:40:00,135.87962
2016-08-10 00:45:00,143.15796
2016-08-10 00:50:00,149.22607
2016-08-10 00:55:00,150.32452
2016-08-10 01:00:00,143.70882
2016-08-10 01:05:00,132.71675
2016-08-10 01:10:00,121.86024
2016-08-10 01:15:00,112.456474
2016-08-10 01:20:00,106.7341
2016-08-10 01:25:00,104.8392
2016-08-10 01:30:00,106.32906
2016-08-10 01:35:00,110.69033
2016-08-10 01:40:00,118.15508
2016-08-10 01:45:00,126.7436
2016-08-10 01:50:00,134.7101
2016-08-10 01:55:00,141.25287
2016-08-10 02:00:00,147.69391
2016-08-10 02:05:00,152.3975
2016-08-10 02:10:00,155.4128
2016-08-10 02:15:00,156.71632
2016-08-10 02:20:00,156.77383
2016-08-10 02:25:00,156.29588
2016-08-10 02:30:00,155.96204
2016-08-10 02:35:00,156.79599
2016-08-10 02:40:00,159.88252
2016-08-10 02:45:00,163.36063
2016-08-10 02:50:00,165.47435
2016-08-10 02:55:00,166.33032
2016-08-10 03:00:00,167.97462
2016-08-10 03:05:00,170.04065
2016-08-10 03:10:00,169.9984
2016-08-10 03:15:00,167.98296
2016-08-10 03:20:00,164.69302
2016-08-10 03:25:00,159.45702
2016-08-10 03:30:00,151.1398
2016-08-10 03:35:00,141.05788
2016-08-10 03:40:00,131.61502
2016-08-10 03:45:00,123.043434
2016-08-10 03:50:00,113.363304
2016-08-10 03:55:00,102.481384
2016-08-10 04:00:00,91.35542
2016-08-10 04:05:00,80.28877
2016-08-10 04:10:00,70.19675
2016-08-10 04:15:00,62.77434
2016-08-10 04:20:00,59.341953
2016-08-10 04:25:00,58.636795
2016-08-10 04:30:00,58.99784
2016-08-10 04:35:00,60.465767
2016-08-10 04:40:00,62.608253
2016-08-10 04:45:00,66.23551
2016-08-10 04:50:00,72.851135
2016-08-10 04:55:00,78.7514
2016-08-10 05:00:00,80.310814
2016-08-10 05:05:00,79.090385
2016-08-10 05:10:00,76.06484
2016-08-10 05:15:00,71.65445
2016-08-10 05:20:00,67.40331
2016-08-10 05:25:00,65.39477
2016-08-10 05:30:00,65.694725
2016-08-10 05:35:00,66.77785
2016-08-10 05:40:00,67.29492
2016-08-10 05:45:00,67.28983
2016-08-10 05:50:00,66.4525
2016-08-10 05:55:00,65.98628
2016-08-10 06:00:00,65.96089
2016-08-10 06:05:00,66.452484
2016-08-10 06:10:00,67.233826
2016-08-10 06:15:00,68.761055
2016-08-10 06:20:00,70.66294
2016-08-10 06:25:00,73.08852
2016-08-10 06:30:00,75.80379
2016-08-10 06:35:00,79.06501
2016-08-10 06:40:00,81.65325
2016-08-10 06:45:00,82.50071
2016-08-10 06:50:00,82.91091
2016-08-10 06:55:00,83.08395
2016-08-10 07:00:00,83.550026
2016-08-10 07:05:00,82.65156
2016-08-10 07:10:00,80.305664
2016-08-10 07:15:00,76.89876
2016-08-10 07:20:00,73.97143
2016-08-10 07:25:00,70.912056
2016-08-10 07:30:00,68.65766
2016-08-10 07:35:00,65.86934
2016-08-10 07:40:00,62.65397
2016-08-10 07:45:00,59.379242
2016-08-10 07:50:00,55.894302
2016-08-10 07:55:00,52.626343
2016-08-10 08:00:00,48.444805
2016-08-10 08:05:00,44.47002
2016-08-10 08:10:00,42.90724
2016-08-10 08:15:00,41.980083
2016-08-10 08:20:00,39.629093
2016-08-10 08:25:00,36.725613
2016-08-10 08:30:00,33.572838
2016-08-10 08:35:00,30.65748
2016-08-10 08:40:00,28.54889
2016-08-10 08:45:00,26.987776
2016-08-10 08:50:00,25.445333
2016-08-10 08:55:00,23.984232
2016-08-10 09:00:00,22.650288
2016-08-10 09:05:00,21.262096
2016-08-10 09:10:00,19.624693
2016-08-10 09:15:00,17.983934
2016-08-10 09:20:00,16.480503
2016-08-10 09:25:00,15.017696
2016-08-10 09:30:00,13.429485
2016-08-10 09:35:00,11.968394
2016-08-10 09:40:00,10.937829
2016-08-10 09:45:00,10.683582
2016-08-10 09:50:00,10.617474
2016-08-10 09:55:00,10.11237
2016-08-10 10:00:00,9.222488
2016-08-10 10:05:00,8.341096
2016-08-10 10:10:00,7.5342727
2016-08-10 10:15:00,7.0308604
2016-08-10 10:20:00,6.2562437
2016-08-10 10:25:00,5.274839
2016-08-10 10:30:00,4.2697062
2016-08-10 10:35:00,3.4137313
2016-08-10 10:40:00,2.9170947
2016-08-10 10:45:00,2.6357245
2016-08-10 10:50:00,2.4950395
2016-08-10 10:55:00,2.486565
2016-08-10 11:00:00,2.2967248
2016-08-10 11:05:00,1.9865398
2016-08-10 11:10:00,1.7492399
2016-08-10 11:15:00,1.5949948
2016-08-10 11:20:00,1.5322801
2016-08-10 11:25:00,1.3271852
2016-08-10 11:30:00,1.1407351
2016-08-10 11:35:00,1.0797153
2016-08-10 11:40:00,0.9797103
2016-08-10 11:45:00,0.9322504
2016-08-10 11:50:00,0.9390305
2016-08-10 11:55:00,0.95937026
2016-08-10 12:00:00,1.6085552
2016-08-10 12:05:00,2.4340196
2016-08-10 12:10:00,3.90189
2016-08-10 12:15:00,5.695198
2016-08-10 12:20:00,7.819037
2016-08-10 12:25:00,10.108982
2016-08-10 12:30:00,12.580286
2016-08-10 12:35:00,15.168552
2016-08-10 12:40:00,17.714443
2016-08-10 12:45:00,20.655268
2016-08-10 12:50:00,24.440208
2016-08-10 12:55:00,28.220058
2016-08-10 13:00:00,31.365978
2016-08-10 13:05:00,33.993206
2016-08-10 13:10:00,35.540764
2016-08-10 13:15:00,35.559406
2016-08-10 13:20:00,34.688156
2016-08-10 13:25:00,33.216915
2016-08-10 13:30:00,32.884686
2016-08-10 13:35:00,33.10843
2016-08-10 13:40:00,32.501633
2016-08-10 13:45:00,31.094795
2016-08-10 13:50:00,29.864216
2016-08-10 13:55:00,29.335354
2016-08-10 14:00:00,28.85568
2016-08-10 14:05:00,27.726816
2016-08-10 14:10:00,25.296185
2016-08-10 14:15:00,22.84012
2016-08-10 14:20:00,21.836678
2016-08-10 14:25:00,21.06207
2016-08-10 14:30:00,19.994225
2016-08-10 14:35:00,18.270397
2016-08-10 14:40:00,16.40591
2016-08-10 14:45:00,14.746496
2016-08-10 14:50:00,13.395578
2016-08-10 14:55:00,12.281966
2016-08-10 15:00:00,11.65821
2016-08-10 15:05:00,10.834435
2016-08-10 15:10:00,9.68523
2016-08-10 15:15:00,8.810611
2016-08-10 15:20:00,8.229222
2016-08-10 15:25:00,7.334262
2016-08-10 15:30:00,5.8341904
2016-08-10 15:35:00,4.466325
2016-08-10 15:40:00,3.6289966
2016-08-10 15:45:00,2.9848938
2016-08-10 15:50:00,2.4882598
2016-08-10 15:55:00,1.8950093
2016-08-10 16:00:00,1.0407299
2016-08-10 16:05:00,0.63562554
2016-08-10 16:10:00,0.7407154
2016-08-10 16:15:00,0.8729252
2016-08-10 16:20:00,0.9576753
2016-08-10 16:25:00,0.9695401
2016-08-10 16:30:00,0.9695401
2016-08-10 16:35:00,0.99666095
2016-08-10 16:40:00,1.1102252
2016-08-10 16:45:00,1.4492242
2016-08-10 16:50:00,1.5780452
2016-08-10 16:55:00,1.3949854
2016-08-10 17:00:00,1.3695594
2016-08-10 17:05:00,1.6458462
2016-08-10 17:10:00,2.064508
2016-08-10 17:15:00,2.442494
2016-08-10 17:20:00,2.6628425
2016-08-10 17:25:00,2.473004
2016-08-10 17:30:00,2.3492706
2016-08-10 17:35:00,2.4730058
2016-08-10 17:40:00,2.4984314
2016-08-10 17:45:00,2.5865684
2016-08-10 17:50:00,3.106931
2016-08-10 17:55:00,3.5137346
2016-08-10 18:00:00,3.593404
2016-08-10 18:05:00,3.3188114
2016-08-10 18:10:00,3.1069357
2016-08-10 18:15:00,3.0018432
2016-08-10 18:20:00,3.0493047
2016-08-10 18:25:00,3.259485
2016-08-10 18:30:00,3.542545
2016-08-10 18:35:00,3.7425606
2016-08-10 18:40:00,3.6561108
2016-08-10 18:45:00,3.4205103
2016-08-10 18:50:00,3.3272815
2016-08-10 18:55:00,3.3374538
2016-08-10 19:00:00,3.542548
2016-08-10 19:05:00,3.6357732
2016-08-10 19:10:00,3.3849156
2016-08-10 19:15:00,3.2306678
2016-08-10 19:20:00,3.3679657
2016-08-10 19:25:00,3.847647
2016-08-10 19:30:00,4.198514
2016-08-10 19:35:00,4.2747893
2016-08-10 19:40:00,4.1934295
2016-08-10 19:45:00,4.1815705
2016-08-10 19:50:00,4.407003
2016-08-10 19:55:00,4.4663253
2016-08-10 20:00:00,4.7104077
2016-08-10 20:05:00,4.862952
2016-08-10 20:10:00,4.8934608
2016-08-10 20:15:00,5.0104175
2016-08-10 20:20:00,5.232463
2016-08-10 20:25:00,5.398569
2016-08-10 20:30:00,5.7019787
2016-08-10 20:35:00,5.956231
2016-08-10 20:40:00,5.956229
2016-08-10 20:45:00,5.900293
2016-08-10 20:50:00,5.7324896
2016-08-10 20:55:00,5.485015
2016-08-10 21:00:00,5.256194
2016-08-10 21:05:00,5.1171994
2016-08-10 21:10:00,4.8731265
2016-08-10 21:15:00,4.4476786
2016-08-10 21:20:00,4.1052885
2016-08-10 21:25:00,4.0222373
2016-08-10 21:30:00,4.076478
2016-08-10 21:35:00,4.0968113
2016-08-10 21:40:00,3.9154465
2016-08-10 21:45:00,3.8273106
2016-08-10 21:50:00,3.89172
2016-08-10 21:55:00,3.9137564
2016-08-10 22:00:00,3.908671
2016-08-10 22:05:00,3.8934124
2016-08-10 22:10:00,3.8629034
2016-08-10 22:15:00,3.7866285
2016-08-10 22:20:00,3.7018795
2016-08-10 22:25:00,3.8069727
2016-08-10 22:30:00,4.0408783
2016-08-10 22:35:00,4.3697085
2016-08-10 22:40:00,4.740914
2016-08-10 22:45:00,5.034149
2016-08-10 22:50:00,5.0358443
2016-08-10 22:55:00,4.9273634
2016-08-10 23:00:00,4.874816
2016-08-10 23:05:00,4.951095
2016-08-10 23:10:00,5.025674
2016-08-10 23:15:00,5.168055
2016-08-10 23:20:00,5.356202
2016-08-10 23:25:00,5.347727
2016-08-10 23:30:00,5.5426474
2016-08-10 23:35:00,5.747742
2016-08-10 23:40:00,5.947754
2016-08-10 23:45:00,6.1172495
2016-08-10 23:50:00,6.107079
2016-08-10 23:55:00,6.1596236
2016-08-11 00:00:00,6.1545405
2016-08-11 00:05:00,6.179965
2016-08-11 00:10:00,6.751188
2016-08-11 00:15:00,7.496984
2016-08-11 00:20:00,8.095314
2016-08-11 00:25:00,8.763158
2016-08-11 00:30:00,9.220801
2016-08-11 00:35:00,9.644538
2016-08-11 00:40:00,10.276775
2016-08-11 00:45:00,10.947994
2016-08-11 00:50:00,11.685334
2016-08-11 00:55:00,12.368419
2016-08-11 01:00:00,12.631137
2016-08-11 01:05:00,12.773529
2016-08-11 01:10:00,13.073549
2016-08-11 01:15:00,13.061671
2016-08-11 01:20:00,13.498994
2016-08-11 01:25:00,14.256645
2016-08-11 01:30:00,15.275339
2016-08-11 01:35:00,16.431335
2016-08-11 01:40:00,17.463577
2016-08-11 01:45:00,18.15175
2016-08-11 01:50:00,18.65347
2016-08-11 01:55:00,19.507757
2016-08-11 02:00:00,21.072247
2016-08-11 02:05:00,22.850307
2016-08-11 02:10:00,24.596159
2016-08-11 02:15:00,26.406408
2016-08-11 02:20:00,28.737041
2016-08-11 02:25:00,31.496489
2016-08-11 02:30:00,34.215267
2016-08-11 02:35:00,37.31712
2016-08-11 02:40:00,40.396973
2016-08-11 02:45:00,42.80889
2016-08-11 02:50:00,43.200485
2016-08-11 02:55:00,42.010597
2016-08-11 03:00:00,39.66977
2016-08-11 03:05:00,35.998432
2016-08-11 03:10:00,30.959154
2016-08-11 03:15:00,25.904686
2016-08-11 03:20:00,21.487513
2016-08-11 03:25:00,18.131418
2016-08-11 03:30:00,15.514335
2016-08-11 03:35:00,13.414239
2016-08-11 03:40:00,11.78873
2016-08-11 03:45:00,10.412381
2016-08-11 03:50:00,9.85981
2016-08-11 03:55:00,9.724217
2016-08-11 04:00:00,10.044556
2016-08-11 04:05:00,10.647998
2016-08-11 04:10:00,11.776867
2016-08-11 04:15:00,13.28032
2016-08-11 04:20:00,14.183759
2016-08-11 04:25:00,14.970239
2016-08-11 04:30:00,15.75332
2016-08-11 04:35:00,16.86016
2016-08-11 04:40:00,18.507723
2016-08-11 04:45:00,22.204515
2016-08-11 04:50:00,34.906826
2016-08-11 04:55:00,61.33697
2016-08-11 05:00:00,104.74755
2016-08-11 05:05:00,160.31635
2016-08-11 05:10:00,187.45679
2016-08-11 05:15:00,189.7671
2016-08-11 05:20:00,189.43492
2016-08-11 05:25:00,189.27562
2016-08-11 05:30:00,189.85695
2016-08-11 05:35:00,190.49258
2016-08-11 05:40:00,191.04683
2016-08-11 05:45:00,191.29604
2016-08-11 05:50:00,191.43843
2016-08-11 05:55:00,191.51807
2016-08-11 06:00:00,191.55873
2016-08-11 06:05:00,191.59602
2016-08-11 06:10:00,191.61975
2016-08-11 06:15:00,191.61975
2016-08-11 06:20:00,191.61975
2016-08-11 06:25:00,191.61975
2016-08-11 06:30:00,191.61975
2016-08-11 06:35:00,191.61975
2016-08-11 06:40:00,191.61975
2016-08-11 06:45:00,191.61975
2016-08-11 06:50:00,191.61975
2016-08-11 06:55:00,191.61975
2016-08-11 07:00:00,191.61975
2016-08-11 07:05:00,191.61975
2016-08-11 07:10:00,191.61975
2016-08-11 07:15:00,191.61298
2016-08-11 07:20:00,191.6062
2016-08-11 07:25:00,191.57233
2016-08-11 07:30:00,191.54517
2016-08-11 07:35:00,191.47058
2016-08-11 07:40:00,191.32147
2016-08-11 07:45:00,191.09778
2016-08-11 07:50:00,190.76889
2016-08-11 07:55:00,190.23845
2016-08-11 08:00:00,189.36873
2016-08-11 08:05:00,188.30264
2016-08-11 08:10:00,186.62622
2016-08-11 08:15:00,184.11092
2016-08-11 08:20:00,181.4768
2016-08-11 08:25:00,178.89186
2016-08-11 08:30:00,175.20872
2016-08-11 08:35:00,170.70848
2016-08-11 08:40:00,165.78973
2016-08-11 08:45:00,159.80804
2016-08-11 08:50:00,152.83981
2016-08-11 08:55:00,146.27177
2016-08-11 09:00:00,139.8052
2016-08-11 09:05:00,132.52199
2016-08-11 09:10:00,124.97575
2016-08-11 09:15:00,117.00235
2016-08-11 09:20:00,108.61723
2016-08-11 09:25:00,100.15592
2016-08-11 09:30:00,92.272385
2016-08-11 09:35:00,84.98733
2016-08-11 09:40:00,78.690384
2016-08-11 09:45:00,71.842575
2016-08-11 09:50:00,64.471
2016-08-11 09:55:00,57.435043
2016-08-11 10:00:00,50.84656
2016-08-11 10:05:00,44.8378
2016-08-11 10:10:00,39.80536
2016-08-11 10:15:00,35.767887
2016-08-11 10:20:00,32.113457
2016-08-11 10:25:00,28.779385
2016-08-11 10:30:00,26.001282
2016-08-11 10:35:00,23.41811
2016-08-11 10:40:00,20.945105
2016-08-11 10:45:00,18.85855
2016-08-11 10:50:00,16.917793
2016-08-11 10:55:00,15.260078
2016-08-11 11:00:00,13.849848
2016-08-11 11:05:00,12.475192
2016-08-11 11:10:00,10.89036
2016-08-11 11:15:00,9.320803
2016-08-11 11:20:00,7.880058
2016-08-11 11:25:00,6.6460977
2016-08-11 11:30:00,5.3019586
2016-08-11 11:35:00,4.1696987
2016-08-11 11:40:00,3.222193
2016-08-11 11:45:00,2.4967337
2016-08-11 11:50:00,1.9509456
2016-08-11 11:55:00,1.5102447
2016-08-11 12:00:00,6.8528795
2016-08-11 12:05:00,6.0731883
2016-08-11 12:10:00,5.3392544
2016-08-11 12:15:00,4.8019357
2016-08-11 12:20:00,4.2171597
2016-08-11 12:25:00,3.5917048
2016-08-11 12:30:00,3.1069334
2016-08-11 12:35:00,2.674709
2016-08-11 12:40:00,2.2526546
2016-08-11 12:45:00,2.0051835
2016-08-11 12:50:00,1.7475451
2016-08-11 12:55:00,1.5288906
2016-08-11 13:00:00,1.3441344
2016-08-11 13:05:00,1.14243
2016-08-11 13:10:00,0.96614945
2016-08-11 13:15:00,0.8169893
2016-08-11 13:20:00,0.67122
2016-08-11 13:25:00,0.5457902
2016-08-11 13:30:00,0.4542599
2016-08-11 13:35:00,0.31357503
2016-08-11 13:40:00,0.21018
2016-08-11 13:45:00,0.16102497
2016-08-11 13:50:00,0.09830999
2016-08-11 13:55:00,0.05932499
2016-08-11 14:00:00,0.035594996
2016-08-11 14:05:00,0.0
2016-08-11 14:10:00,0.0
2016-08-11 14:15:00,0.0
2016-08-11 14:20:00,0.0
2016-08-11 14:25:00,0.0
2016-08-11 14:30:00,0.0
2016-08-11 14:35:00,0.0
2016-08-11 14:40:00,0.0
2016-08-11 14:45:00,0.0
2016-08-11 14:50:00,0.0
2016-08-11 14:55:00,0.0
2016-08-11 15:00:00,0.0
2016-08-11 15:05:00,0.0
2016-08-11 15:10:00,0.0
2016-08-11 15:15:00,0.0
2016-08-11 15:20:00,0.0
2016-08-11 15:25:00,0.0
2016-08-11 15:30:00,0.0067800004
2016-08-11 15:35:00,0.05932499
2016-08-11 15:40:00,0.09152999
2016-08-11 15:45:00,0.20170504
2016-08-11 15:50:00,0.38307032
2016-08-11 15:55:00,0.48985526
2016-08-11 16:00:00,0.7407149
2016-08-11 16:05:00,0.854281
2016-08-11 16:10:00,0.9729303
2016-08-11 16:15:00,1.0034406
2016-08-11 16:20:00,0.96954066
2016-08-11 16:25:00,0.9441152
2016-08-11 16:30:00,0.9288596
2016-08-11 16:35:00,0.92886
2016-08-11 16:40:00,0.9068259
2016-08-11 16:45:00,0.84241587
2016-08-11 16:50:00,0.7576656
2016-08-11 16:55:00,0.6661352
2016-08-11 17:00:00,0.6068103
2016-08-11 17:05:00,0.5051105
2016-08-11 17:10:00,0.41697025
2016-08-11 17:15:00,0.37120524
2016-08-11 17:20:00,0.41358024
2016-08-11 17:25:00,0.5118902
2016-08-11 17:30:00,0.5508755
2016-08-11 17:35:00,0.5966401
2016-08-11 17:40:00,0.7085102
2016-08-11 17:45:00,0.73563033
2016-08-11 17:50:00,0.7373256
2016-08-11 17:55:00,0.8000402
2016-08-11 18:00:00,0.82715994
2016-08-11 18:05:00,0.87462014
2016-08-11 18:10:00,0.88479024
2016-08-11 18:15:00,0.9119111
2016-08-11 18:20:00,0.90682524
2016-08-11 18:25:00,0.9339456
2016-08-11 18:30:00,0.88309515
2016-08-11 18:35:00,0.900045
2016-08-11 18:40:00,0.85089093
2016-08-11 18:45:00,0.79834527
2016-08-11 18:50:00,0.8220749
2016-08-11 18:55:00,0.794955
2016-08-11 19:00:00,0.85258526
2016-08-11 19:05:00,0.8966559
2016-08-11 19:10:00,1.0542899
2016-08-11 19:15:00,1.1356487
2016-08-11 19:20:00,1.1136143
2016-08-11 19:25:00,1.0831044
2016-08-11 19:30:00,1.0966648
2016-08-11 19:35:00,1.0000511
2016-08-11 19:40:00,0.9085203
2016-08-11 19:45:00,0.8797052
2016-08-11 19:50:00,0.8085153
2016-08-11 19:55:00,0.80851537
2016-08-11 20:00:00,0.7525805
2016-08-11 20:05:00,0.6729157
2016-08-11 20:10:00,0.6627458
2016-08-11 20:15:00,0.6847807
2016-08-11 20:20:00,0.6491854
2016-08-11 20:25:00,0.63054013
2016-08-11 20:30:00,0.5830802
2016-08-11 20:35:00,0.5339257
2016-08-11 20:40:00,0.52714574
2016-08-11 20:45:00,0.5203655
2016-08-11 20:50:00,0.50850046
2016-08-11 20:55:00,0.5813845
2016-08-11 21:00:00,0.6000295
2016-08-11 21:05:00,0.57969004
2016-08-11 21:10:00,0.6102001
2016-08-11 21:15:00,0.66783047
2016-08-11 21:20:00,0.6915605
2016-08-11 21:25:00,0.7322405
2016-08-11 21:30:00,0.78478533
2016-08-11 21:35:00,0.8424155
2016-08-11 21:40:00,0.8441104
2016-08-11 21:45:00,0.85767
2016-08-11 21:50:00,0.8119053
2016-08-11 21:55:00,0.80682003
2016-08-11 22:00:00,0.85427976
2016-08-11 22:05:00,0.8678399
2016-08-11 22:10:00,0.8932649
2016-08-11 22:15:00,0.92716485
2016-08-11 22:20:00,0.9271648
2016-08-11 22:25:00,0.88987464
2016-08-11 22:30:00,0.8135996
2016-08-11 22:35:00,0.73393464
2016-08-11 22:40:00,0.6220649
2016-08-11 22:45:00,0.4898551
2016-08-11 22:50:00,0.4339201
2016-08-11 22:55:00,0.39324006
2016-08-11 23:00:00,0.32713512
2016-08-11 23:05:00,0.25764015
2016-08-11 23:10:00,0.19323005
2016-08-11 23:15:00,0.15763497
2016-08-11 23:20:00,0.15933003
2016-08-11 23:25:00,0.17797504
2016-08-11 23:30:00,0.15933003
2016-08-11 23:35:00,0.147465
2016-08-11 23:40:00,0.13220999
2016-08-11 23:45:00,0.16272002
2016-08-11 23:50:00,0.16272002
2016-08-11 23:55:00,0.16272002
2016-08-12 00:00:00,0.1915351
2016-08-12 00:05:00,0.22374015
2016-08-12 00:10:00,0.32035503
2016-08-12 00:15:00,0.36950997
2016-08-12 00:20:00,0.4186651
2016-08-12 00:25:00,0.44917494
2016-08-12 00:30:00,0.55087525
2016-08-12 00:35:00,0.666135
2016-08-12 00:40:00,0.8390249
2016-08-12 00:45:00,1.015305
2016-08-12 00:50:00,1.2187052
2016-08-12 00:55:00,1.571265
2016-08-12 01:00:00,1.927215
2016-08-12 01:05:00,2.2424843
2016-08-12 01:10:00,2.5628402
2016-08-12 01:15:00,2.9069254
2016-08-12 01:20:00,3.3510165
2016-08-12 01:25:00,3.7527328
2016-08-12 01:30:00,3.8951125
2016-08-12 01:35:00,4.0052853
2016-08-12 01:40:00,4.0527477
2016-08-12 01:45:00,4.0968175
2016-08-12 01:50:00,4.2052956
2016-08-12 01:55:00,4.2154665
2016-08-12 02:00:00,4.1680055
2016-08-12 02:05:00,4.139188
2016-08-12 02:10:00,4.16292
2016-08-12 02:15:00,4.198515
2016-08-12 02:20:00,4.1374955
2016-08-12 02:25:00,4.039187
2016-08-12 02:30:00,3.8307004
2016-08-12 02:35:00,3.3747444
2016-08-12 02:40:00,2.8391254
2016-08-12 02:45:00,2.2560444
2016-08-12 02:50:00,1.7356809
2016-08-12 02:55:00,1.2170098
2016-08-12 03:00:00,0.78817505
2016-08-12 03:05:00,0.5356201
2016-08-12 03:10:00,0.4034102
2016-08-12 03:15:00,0.30340505
2016-08-12 03:20:00,0.184755
2016-08-12 03:25:00,0.12373498
2016-08-12 03:30:00,0.04068
2016-08-12 03:35:00,0.027119998
2016-08-12 03:40:00,0.0067800004
2016-08-12 03:45:00,0.0
2016-08-12 03:50:00,0.0
2016-08-12 03:55:00,0.0
2016-08-12 04:00:00,0.0
2016-08-12 04:05:00,0.0
2016-08-12 04:10:00,0.0
2016-08-12 04:15:00,0.0
2016-08-12 04:20:00,0.0
2016-08-12 04:25:00,0.0
2016-08-12 04:30:00,0.0
2016-08-12 04:35:00,0.0
2016-08-12 04:40:00,0.0
2016-08-12 04:45:00,0.0
2016-08-12 04:50:00,0.0
2016-08-12 04:55:00,0.0
2016-08-12 05:00:00,0.0
2016-08-12 05:05:00,0.0
2016-08-12 05:10:00,0.025424996
2016-08-12 05:15:00,0.13390498
2016-08-12 05:20:00,0.42375022
2016-08-12 05:25:00,1.1119202
2016-08-12 05:30:00,2.3967295
2016-08-12 05:35:00,4.3544526
2016-08-12 05:40:00,6.8969536
2016-08-12 05:45:00,8.968242
2016-08-12 05:50:00,10.236103
2016-08-12 05:55:00,10.614095
2016-08-12 06:00:00,10.261536
2016-08-12 06:05:00,9.6242075
2016-08-12 06:10:00,8.712297
2016-08-12 06:15:00,7.4563065
2016-08-12 06:20:00,6.4749002
2016-08-12 06:25:00,5.9104667
2016-08-12 06:30:00,5.4731555
2016-08-12 06:35:00,5.061267
2016-08-12 06:40:00,4.7002363
2016-08-12 06:45:00,4.3561516
2016-08-12 06:50:00,4.010371
2016-08-12 06:55:00,3.6103504
2016-08-12 07:00:00,3.2137215
2016-08-12 07:05:00,2.9221797
2016-08-12 07:10:00,2.5679252
2016-08-12 07:15:00,2.1373956
2016-08-12 07:20:00,1.8170396
2016-08-12 07:25:00,1.4644803
2016-08-12 07:30:00,1.2254851
2016-08-12 07:35:00,0.98140496
2016-08-12 07:40:00,0.7441055
2016-08-12 07:45:00,0.62036973
2016-08-12 07:50:00,0.5288401
2016-08-12 07:55:00,0.3474751
2016-08-12 08:00:00,0.21865502
2016-08-12 08:05:00,0.050849993
2016-08-12 08:10:00,0.0067800004
2016-08-12 08:15:00,0.0
2016-08-12 08:20:00,0.0
2016-08-12 08:25:00,0.0
2016-08-12 08:30:00,0.0
2016-08-12 08:35:00,0.0
2016-08-12 08:40:00,0.0
2016-08-12 08:45:00,0.0
2016-08-12 08:50:00,0.0
2016-08-12 08:55:00,0.0
2016-08-12 09:00:00,0.0
2016-08-12 09:05:00,0.0
2016-08-12 09:10:00,0.0
2016-08-12 09:15:00,0.0
2016-08-12 09:20:00,0.0
2016-08-12 09:25:00,0.0
2016-08-12 09:30:00,0.0
2016-08-12 09:35:00,0.040679995
2016-08-12 09:40:00,0.08474999
2016-08-12 09:45:00,0.100004986
2016-08-12 09:50:00,0.07457999
2016-08-12 09:55:00,0.08135999
2016-08-12 10:00:00,0.06440999
2016-08-12 10:05:00,0.037289996
2016-08-12 10:10:00,0.030509997
2016-08-12 10:15:00,0.018644998
2016-08-12 10:20:00,0.040679995
2016-08-12 10:25:00,0.105089985
2016-08-12 10:30:00,0.2966251
2016-08-12 10:35:00,0.57460517
2016-08-12 10:40:00,1.0712401
2016-08-12 10:45:00,1.9238247
2016-08-12 10:50:00,3.064561
2016-08-12 10:55:00,4.154446
2016-08-12 11:00:00,4.9832993
2016-08-12 11:05:00,5.3884034
2016-08-12 11:10:00,5.513834
2016-08-12 11:15:00,5.522308
2016-08-12 11:20:00,5.479934
2016-08-12 11:25:00,5.742658
2016-08-12 11:30:00,6.2562456
2016-08-12 11:35:00,6.8376307
2016-08-12 11:40:00,7.0952706
2016-08-12 11:45:00,7.0427284
2016-08-12 11:50:00,6.8766146
2016-08-12 11:55:00,6.8003435
2016-08-12 12:00:00,6.7613573
2016-08-12 12:05:00,6.880004
2016-08-12 12:10:00,6.878308
2016-08-12 12:15:00,6.8884797
2016-08-12 12:20:00,7.042729
2016-08-12 12:25:00,7.3969774
2016-08-12 12:30:00,7.90548
2016-08-12 12:35:00,8.812304
2016-08-12 12:40:00,9.695391
2016-08-12 12:45:00,10.38527
2016-08-12 12:50:00,10.629345
2016-08-12 12:55:00,10.603925
2016-08-12 13:00:00,10.285262
2016-08-12 13:05:00,9.993716
2016-08-12 13:10:00,9.890322
2016-08-12 13:15:00,10.054738
2016-08-12 13:20:00,10.227626
2016-08-12 13:25:00,10.258135
2016-08-12 13:30:00,10.03778
2016-08-12 13:35:00,9.576754
2016-08-12 13:40:00,8.934349
2016-08-12 13:45:00,8.347877
2016-08-12 13:50:00,8.095318
2016-08-12 13:55:00,8.035993
2016-08-12 14:00:00,7.9563346
2016-08-12 14:05:00,7.8003855
2016-08-12 14:10:00,7.466474
2016-08-12 14:15:00,7.1562905
2016-08-12 14:20:00,6.864752
2016-08-12 14:25:00,6.6596575
2016-08-12 14:30:00,6.4918513
2016-08-12 14:35:00,6.335909
2016-08-12 14:40:00,5.8799505
2016-08-12 14:45:00,4.8290544
2016-08-12 14:50:00,3.2866051
2016-08-12 14:55:00,1.7153411
2016-08-12 15:00:00,0.8898747
2016-08-12 15:05:00,0.56443495
2016-08-12 15:10:00,0.37290007
2016-08-12 15:15:00,0.23730013
2016-08-12 15:20:00,0.24069007
2016-08-12 15:25:00,0.34408537
2016-08-12 15:30:00,0.51188976
2016-08-12 15:35:00,0.8085146
2016-08-12 15:40:00,1.2153141
2016-08-12 15:45:00,1.5458391
2016-08-12 15:50:00,1.6000801
2016-08-12 15:55:00,1.374645
2016-08-12 16:00:00,1.1322598
2016-08-12 16:05:00,0.9898798
2016-08-12 16:10:00,0.82546514
2016-08-12 16:15:00,0.9915749
2016-08-12 16:20:00,1.3865104
2016-08-12 16:25:00,2.4018147
2016-08-12 16:30:00,3.7764606
2016-08-12 16:35:00,5.03415
2016-08-12 16:40:00,6.0935254
2016-08-12 16:45:00,6.6630454
2016-08-12 16:50:00,6.974922
2016-08-12 16:55:00,7.3766413
2016-08-12 17:00:00,7.927513
2016-08-12 17:05:00,8.407203
2016-08-12 17:10:00,8.788582
2016-08-12 17:15:00,9.129279
2016-08-12 17:20:00,9.388604
2016-08-12 17:25:00,9.563198
2016-08-12 17:30:00,9.646243
2016-08-12 17:35:00,9.717424
2016-08-12 17:40:00,9.781837
2016-08-12 17:45:00,9.722516
2016-08-12 17:50:00,9.612344
2016-08-12 17:55:00,9.671677
2016-08-12 18:00:00,9.8038845
2016-08-12 18:05:00,10.10558
2016-08-12 18:10:00,10.471717
2016-08-12 18:15:00,10.805615
2016-08-12 18:20:00,11.07514
2016-08-12 18:25:00,11.270056
2016-08-12 18:30:00,11.444639
2016-08-12 18:35:00,11.478528
2016-08-12 18:40:00,11.397182
2016-08-12 18:45:00,11.271743
2016-08-12 18:50:00,11.244641
2016-08-12 18:55:00,11.195468
2016-08-12 19:00:00,11.409053
2016-08-12 19:05:00,11.585331
2016-08-12 19:10:00,11.65652
2016-08-12 19:15:00,11.70737
2016-08-12 19:20:00,11.758214
2016-08-12 19:25:00,11.619219
2016-08-12 19:30:00,11.371754
2016-08-12 19:35:00,11.156492
2016-08-12 19:40:00,10.958187
2016-08-12 19:45:00,10.7158
2016-08-12 19:50:00,10.505608
2016-08-12 19:55:00,10.592051
2016-08-12 20:00:00,10.661555
2016-08-12 20:05:00,10.722575
2016-08-12 20:10:00,10.819192
2016-08-12 20:15:00,10.849706
2016-08-12 20:20:00,10.780207
2016-08-12 20:25:00,10.756471
2016-08-12 20:30:00,10.89715
2016-08-12 20:35:00,10.990388
2016-08-12 20:40:00,10.8293495
2016-08-12 20:45:00,10.522559
2016-08-12 20:50:00,10.129322
2016-08-12 20:55:00,9.742861
2016-08-12 21:00:00,9.520818
2016-08-12 21:05:00,9.749639
2016-08-12 21:10:00,10.185258
2016-08-12 21:15:00,10.785278
2016-08-12 21:20:00,11.351413
2016-08-12 21:25:00,11.378539
2016-08-12 21:30:00,10.783592
2016-08-12 21:35:00,9.863205
2016-08-12 21:40:00,9.091985
2016-08-12 21:45:00,8.466522
2016-08-12 21:50:00,7.7427564
2016-08-12 21:55:00,7.056285
2016-08-12 22:00:00,6.505411
2016-08-12 22:05:00,5.947755
2016-08-12 22:10:00,5.388404
2016-08-12 22:15:00,4.9748235
2016-08-12 22:20:00,4.6765075
2016-08-12 22:25:00,4.201909
2016-08-12 22:30:00,3.7205253
2016-08-12 22:35:00,3.3611853
2016-08-12 22:40:00,2.9492989
2016-08-12 22:45:00,2.6374185
2016-08-12 22:50:00,2.4323254
2016-08-12 22:55:00,2.2136695
2016-08-12 23:00:00,1.9746735
2016-08-12 23:05:00,1.7322897
2016-08-12 23:10:00,1.4831246
2016-08-12 23:15:00,1.306844
2016-08-12 23:20:00,1.0949701
2016-08-12 23:25:00,0.971235
2016-08-12 23:30:00,0.8966554
2016-08-12 23:35:00,0.73902047
2016-08-12 23:40:00,0.75766516
2016-08-12 23:45:00,0.81021
2016-08-12 23:50:00,0.8441104
2016-08-12 23:55:00,0.9085202
2016-08-13 00:00:00,0.9983548
2016-08-13 00:05:00,1.14243
2016-08-13 00:10:00,1.3797305
2016-08-13 00:15:00,1.6594037
2016-08-13 00:20:00,2.0102696
2016-08-13 00:25:00,2.622166
2016-08-13 00:30:00,3.3205018
2016-08-13 00:35:00,4.162922
2016-08-13 00:40:00,5.191784
2016-08-13 00:45:00,6.3833714
2016-08-13 00:50:00,7.659705
2016-08-13 00:55:00,8.81061
2016-08-13 01:00:00,9.675059
2016-08-13 01:05:00,10.336118
2016-08-13 01:10:00,10.685272
2016-08-13 01:15:00,10.341199
2016-08-13 01:20:00,9.5428505
2016-08-13 01:25:00,8.802132
2016-08-13 01:30:00,8.581785
2016-08-13 01:35:00,8.868242
2016-08-13 01:40:00,8.930955
2016-08-13 01:45:00,8.485173
2016-08-13 01:50:00,8.035999
2016-08-13 01:55:00,8.234307
2016-08-13 02:00:00,8.515682
2016-08-13 02:05:00,8.446187
2016-08-13 02:10:00,9.037739
2016-08-13 02:15:00,10.997157
2016-08-13 02:20:00,13.176933
2016-08-13 02:25:00,14.575302
2016-08-13 02:30:00,14.495652
2016-08-13 02:35:00,13.854938
2016-08-13 02:40:00,13.202364
2016-08-13 02:45:00,11.988741
2016-08-13 02:50:00,11.344641
2016-08-13 02:55:00,11.283606
2016-08-13 03:00:00,10.910714
2016-08-13 03:05:00,10.161534
2016-08-13 03:10:00,9.730997
2016-08-13 03:15:00,9.264867
2016-08-13 03:20:00,8.195321
2016-08-13 03:25:00,6.435911
2016-08-13 03:30:00,4.962959
2016-08-13 03:35:00,4.5154786
2016-08-13 03:40:00,4.3307257
2016-08-13 03:45:00,3.8561237
2016-08-13 03:50:00,3.5001748
2016-08-13 03:55:00,2.974726
2016-08-13 04:00:00,2.2407906
2016-08-13 04:05:00,2.0000994
2016-08-13 04:10:00,2.0272188
2016-08-13 04:15:00,1.930605
2016-08-13 04:20:00,1.8594149
2016-08-13 04:25:00,2.1560402
2016-08-13 04:30:00,2.7204757
2016-08-13 04:35:00,3.2086365
2016-08-13 04:40:00,4.071392
2016-08-13 04:45:00,5.183307
2016-08-13 04:50:00,6.024033
2016-08-13 04:55:00,6.254552
2016-08-13 05:00:00,6.386762
2016-08-13 05:05:00,7.3766427
2016-08-13 05:10:00,9.2055435
2016-08-13 05:15:00,10.529334
2016-08-13 05:20:00,10.680195
2016-08-13 05:25:00,10.244578
2016-08-13 05:30:00,9.491993
2016-08-13 05:35:00,8.900438
2016-08-13 05:40:00,8.676702
2016-08-13 05:45:00,9.036048
2016-08-13 05:50:00,10.181868
2016-08-13 05:55:00,11.807381
2016-08-13 06:00:00,13.124395
2016-08-13 06:05:00,14.5719185
2016-08-13 06:10:00,15.67537
2016-08-13 06:15:00,15.707577
2016-08-13 06:20:00,15.482142
2016-08-13 06:25:00,15.139739
2016-08-13 06:30:00,14.107497
2016-08-13 06:35:00,13.002359
2016-08-13 06:40:00,10.656462
2016-08-13 06:45:00,8.110572
2016-08-13 06:50:00,7.93938
2016-08-13 06:55:00,10.351362
2016-08-13 07:00:00,12.581978
2016-08-13 07:05:00,12.315869
2016-08-13 07:10:00,10.756466
2016-08-13 07:15:00,10.337803
2016-08-13 07:20:00,11.229363
2016-08-13 07:25:00,11.697195
2016-08-13 07:30:00,11.420902
2016-08-13 07:35:00,10.673412
2016-08-13 07:40:00,9.961511
2016-08-13 07:45:00,9.597095
2016-08-13 07:50:00,9.495392
2016-08-13 07:55:00,9.273344
2016-08-13 08:00:00,9.3242035
2016-08-13 08:05:00,9.269955
2016-08-13 08:10:00,8.659765
2016-08-13 08:15:00,8.847909
2016-08-13 08:20:00,9.23605
2016-08-13 08:25:00,9.846264
2016-08-13 08:30:00,11.297176
2016-08-13 08:35:00,12.0328045
2016-08-13 08:40:00,11.003936
2016-08-13 08:45:00,9.408941
2016-08-13 08:50:00,8.134306
2016-08-13 08:55:00,6.922379
2016-08-13 09:00:00,5.7121463
2016-08-13 09:05:00,5.093477
2016-08-13 09:10:00,4.9985485
2016-08-13 09:15:00,5.129066
2016-08-13 09:20:00,6.0138626
2016-08-13 09:25:00,7.4952927
2016-08-13 09:30:00,9.937772
2016-08-13 09:35:00,12.951493
2016-08-13 09:40:00,14.973634
2016-08-13 09:45:00,15.914344
2016-08-13 09:50:00,17.48054
2016-08-13 09:55:00,20.348476
2016-08-13 10:00:00,24.006266
2016-08-13 10:05:00,26.658968
2016-08-13 10:10:00,28.494623
2016-08-13 10:15:00,29.67609
2016-08-13 10:20:00,28.820093
2016-08-13 10:25:00,24.941921
2016-08-13 10:30:00,18.94331
2016-08-13 10:35:00,12.324348
2016-08-13 10:40:00,7.280027
2016-08-13 10:45:00,3.97986
2016-08-13 10:50:00,1.7407647
2016-08-13 10:55:00,0.6356251
2016-08-13 11:00:00,0.14746498
2016-08-13 11:05:00,0.044069994
2016-08-13 11:10:00,0.022034997
2016-08-13 11:15:00,0.0
2016-08-13 11:20:00,0.0
2016-08-13 11:25:00,0.0
2016-08-13 11:30:00,0.0
2016-08-13 11:35:00,0.0
2016-08-13 11:40:00,0.0
2016-08-13 11:45:00,0.0
2016-08-13 11:50:00,0.0
2016-08-13 11:55:00,0.0
2016-08-13 12:00:00,0.0
2016-08-13 12:05:00,0.0
2016-08-13 12:10:00,0.0
2016-08-13 12:15:00,0.0
2016-08-13 12:20:00,0.0
2016-08-13 12:25:00,0.0
2016-08-13 12:30:00,0.0
2016-08-13 12:35:00,0.0
2016-08-13 12:40:00,0.0
2016-08-13 12:45:00,0.0
2016-08-13 12:50:00,0.0
2016-08-13 12:55:00,0.0
2016-08-13 13:00:00,0.0
2016-08-13 13:05:00,0.0
2016-08-13 13:10:00,0.0
2016-08-13 13:15:00,0.0
2016-08-13 13:20:00,0.0
2016-08-13 13:25:00,0.0
2016-08-13 13:30:00,0.0
2016-08-13 13:35:00,0.0
2016-08-13 13:40:00,0.0
2016-08-13 13:45:00,0.0
2016-08-13 13:50:00,0.0
2016-08-13 13:55:00,0.0
2016-08-13 14:00:00,0.0
2016-08-13 14:05:00,0.0
2016-08-13 14:10:00,0.0
2016-08-13 14:15:00,0.0
2016-08-13 14:20:00,0.0
2016-08-13 14:25:00,0.0
2016-08-13 14:30:00,0.013560001
2016-08-13 14:35:00,0.013560001
2016-08-13 14:40:00,0.0067800004
2016-08-13 14:45:00,0.0
2016-08-13 14:50:00,0.0
2016-08-13 14:55:00,0.0
2016-08-13 15:00:00,0.0
2016-08-13 15:05:00,0.0
2016-08-13 15:10:00,0.0
2016-08-13 15:15:00,0.0
2016-08-13 15:20:00,0.0
2016-08-13 15:25:00,0.0
2016-08-13 15:30:00,0.0
2016-08-13 15:35:00,0.0
2016-08-13 15:40:00,0.0
2016-08-13 15:45:00,0.0
2016-08-13 15:50:00,0.0
2016-08-13 15:55:00,0.0
2016-08-13 16:00:00,0.0
2016-08-13 16:05:00,0.0
2016-08-13 16:10:00,0.0
2016-08-13 16:15:00,0.0
2016-08-13 16:20:00,0.0
2016-08-13 16:25:00,0.0
2016-08-13 16:30:00,0.0
2016-08-13 16:35:00,0.0
2016-08-13 16:40:00,0.0
2016-08-13 16:45:00,0.0
2016-08-13 16:50:00,0.0
2016-08-13 16:55:00,0.0
2016-08-13 17:00:00,0.0
2016-08-13 17:05:00,0.0
2016-08-13 17:10:00,0.0
2016-08-13 17:15:00,0.0
2016-08-13 17:20:00,0.0
2016-08-13 17:25:00,0.0
2016-08-13 17:30:00,0.0
2016-08-13 17:35:00,0.0
2016-08-13 17:40:00,0.0
2016-08-13 17:45:00,0.011864999
2016-08-13 17:50:00,0.037289996
2016-08-13 17:55:00,0.05762999
2016-08-13 18:00:00,0.105089985
2016-08-13 18:05:00,0.14068505
2016-08-13 18:10:00,0.19831505
2016-08-13 18:15:00,0.28984514
2016-08-13 18:20:00,0.45764998
2016-08-13 18:25:00,0.56443495
2016-08-13 18:30:00,0.7627502
2016-08-13 18:35:00,1.0559868
2016-08-13 18:40:00,1.5492302
2016-08-13 18:45:00,2.176378
2016-08-13 18:50:00,2.7662375
2016-08-13 18:55:00,3.3103325
2016-08-13 19:00:00,3.6052618
2016-08-13 19:05:00,3.8679883
2016-08-13 19:10:00,4.0951204
2016-08-13 19:15:00,4.2408943
2016-08-13 19:20:00,4.2171617
2016-08-13 19:25:00,4.0985107
2016-08-13 19:30:00,3.8103561
2016-08-13 19:35:00,3.4984798
2016-08-13 19:40:00,3.1018472
2016-08-13 19:45:00,2.8408215
2016-08-13 19:50:00,2.6492832
2016-08-13 19:55:00,2.542501
2016-08-13 20:00:00,2.55267
2016-08-13 20:05:00,2.4594443
2016-08-13 20:10:00,2.2882493
2016-08-13 20:15:00,2.059424
2016-08-13 20:20:00,1.7950033
2016-08-13 20:25:00,1.4509195
2016-08-13 20:30:00,1.2017552
2016-08-13 20:35:00,0.9678452
2016-08-13 20:40:00,0.7712254
2016-08-13 20:45:00,0.58138496
2016-08-13 20:50:00,0.43731022
2016-08-13 20:55:00,0.31357506
2016-08-13 21:00:00,0.21018004
2016-08-13 21:05:00,0.16102502
2016-08-13 21:10:00,0.12034498
2016-08-13 21:15:00,0.09830999
2016-08-13 21:20:00,0.08644499
2016-08-13 21:25:00,0.06779999
2016-08-13 21:30:00,0.05593499
2016-08-13 21:35:00,0.08305499
2016-08-13 21:40:00,0.07966499
2016-08-13 21:45:00,0.07627499
2016-08-13 21:50:00,0.047459997
2016-08-13 21:55:00,0.042374995
2016-08-13 22:00:00,0.07627499
2016-08-13 22:05:00,0.08305499
2016-08-13 22:10:00,0.11864998
2016-08-13 22:15:00,0.35086513
2016-08-13 22:20:00,0.7525802
2016-08-13 22:25:00,1.5610962
2016-08-13 22:30:00,2.7374263
2016-08-13 22:35:00,4.329031
2016-08-13 22:40:00,5.915552
2016-08-13 22:45:00,7.07663
2016-08-13 22:50:00,7.3427353
2016-08-13 22:55:00,7.4376564
2016-08-13 23:00:00,7.4902062
2016-08-13 23:05:00,7.5715675
2016-08-13 23:10:00,8.056333
2016-08-13 23:15:00,8.554667
2016-08-13 23:20:00,9.807265
2016-08-13 23:25:00,9.975078
2016-08-13 23:30:00,10.000503
2016-08-13 23:35:00,9.778456
2016-08-13 23:40:00,9.937789
2016-08-13 23:45:00,11.412434
2016-08-13 23:50:00,12.892169
2016-08-13 23:55:00,14.4719095
2016-08-14 00:00:00,15.29399
2016-08-14 00:05:00,16.773727
2016-08-14 00:10:00,17.853436
2016-08-14 00:15:00,18.811111
2016-08-14 00:20:00,20.563738
2016-08-14 00:25:00,19.421314
2016-08-14 00:30:00,20.504433
2016-08-14 00:35:00,23.348625
2016-08-14 00:40:00,26.736935
2016-08-14 00:45:00,28.555683
2016-08-14 00:50:00,28.131927
2016-08-14 00:55:00,27.133572
2016-08-14 01:00:00,25.28431
2016-08-14 01:05:00,24.602945
2016-08-14 01:10:00,24.430038
2016-08-14 01:15:00,23.541885
2016-08-14 01:20:00,22.88081
2016-08-14 01:25:00,22.797771
2016-08-14 01:30:00,23.104544
2016-08-14 01:35:00,23.870703
2016-08-14 01:40:00,25.704681
2016-08-14 01:45:00,27.711552
2016-08-14 01:50:00,30.799835
2016-08-14 01:55:00,34.369545
2016-08-14 02:00:00,39.127388
2016-08-14 02:05:00,44.327663
2016-08-14 02:10:00,49.856743
2016-08-14 02:15:00,56.057068
2016-08-14 02:20:00,61.17084
2016-08-14 02:25:00,66.733864
2016-08-14 02:30:00,72.21381
2016-08-14 02:35:00,76.0021
2016-08-14 02:40:00,78.59207
2016-08-14 02:45:00,78.581894
2016-08-14 02:50:00,77.14114
2016-08-14 02:55:00,73.62574
2016-08-14 03:00:00,69.61701
2016-08-14 03:05:00,65.076164
2016-08-14 03:10:00,59.735184
2016-08-14 03:15:00,53.845074
2016-08-14 03:20:00,48.195633
2016-08-14 03:25:00,43.08518
2016-08-14 03:30:00,38.856163
2016-08-14 03:35:00,35.411922
2016-08-14 03:40:00,32.747402
2016-08-14 03:45:00,30.77613
2016-08-14 03:50:00,29.042137
2016-08-14 03:55:00,27.687828
2016-08-14 04:00:00,26.938637
2016-08-14 04:05:00,26.72675
2016-08-14 04:10:00,27.042025
2016-08-14 04:15:00,28.087849
2016-08-14 04:20:00,31.093075
2016-08-14 04:25:00,39.664658
2016-08-14 04:30:00,59.147026
2016-08-14 04:35:00,92.56731
2016-08-14 04:40:00,113.62099
2016-08-14 04:45:00,129.45561
2016-08-14 04:50:00,149.06493
2016-08-14 04:55:00,161.77754
2016-08-14 05:00:00,168.9779
2016-08-14 05:05:00,174.13762
2016-08-14 05:10:00,178.04292
2016-08-14 05:15:00,180.4802
2016-08-14 05:20:00,181.88367
2016-08-14 05:25:00,182.83966
2016-08-14 05:30:00,183.53796
2016-08-14 05:35:00,184.52112
2016-08-14 05:40:00,185.78217
2016-08-14 05:45:00,187.10437
2016-08-14 05:50:00,188.07724
2016-08-14 05:55:00,188.59935
2016-08-14 06:00:00,188.81119
2016-08-14 06:05:00,188.80447
2016-08-14 06:10:00,188.54176
2016-08-14 06:15:00,188.0721
2016-08-14 06:20:00,187.26703
2016-08-14 06:25:00,186.21613
2016-08-14 06:30:00,184.88892
2016-08-14 06:35:00,183.45831
2016-08-14 06:40:00,182.29729
2016-08-14 06:45:00,181.15652
2016-08-14 06:50:00,180.0463
2016-08-14 06:55:00,179.10555
2016-08-14 07:00:00,178.20204
2016-08-14 07:05:00,177.09026
2016-08-14 07:10:00,174.88164
2016-08-14 07:15:00,171.42046
2016-08-14 07:20:00,166.85246
2016-08-14 07:25:00,160.31497
2016-08-14 07:30:00,152.89243
2016-08-14 07:35:00,142.65962
2016-08-14 07:40:00,132.35066
2016-08-14 07:45:00,123.19588
2016-08-14 07:50:00,113.927704
2016-08-14 07:55:00,104.161156
2016-08-14 08:00:00,95.281105
2016-08-14 08:05:00,87.13154
2016-08-14 08:10:00,81.900604
2016-08-14 08:15:00,77.53101
2016-08-14 08:20:00,72.442535
2016-08-14 08:25:00,66.38128
2016-08-14 08:30:00,60.3352
2016-08-14 08:35:00,55.306213
2016-08-14 08:40:00,50.9788
2016-08-14 08:45:00,48.16003
2016-08-14 08:50:00,46.8854
2016-08-14 08:55:00,46.35822
2016-08-14 09:00:00,46.72603
2016-08-14 09:05:00,47.51934
2016-08-14 09:10:00,47.554867
2016-08-14 09:15:00,46.66671
2016-08-14 09:20:00,45.719254
2016-08-14 09:25:00,44.40221
2016-08-14 09:30:00,42.478374
2016-08-14 09:35:00,40.805435
2016-08-14 09:40:00,39.212116
2016-08-14 09:45:00,36.05946
2016-08-14 09:50:00,33.39149
2016-08-14 09:55:00,31.508327
2016-08-14 10:00:00,29.648924
2016-08-14 10:05:00,27.24543
2016-08-14 10:10:00,25.658909
2016-08-14 10:15:00,22.923147
2016-08-14 10:20:00,20.290855
2016-08-14 10:25:00,17.675459
2016-08-14 10:30:00,15.449914
2016-08-14 10:35:00,12.515873
2016-08-14 10:40:00,9.886926
2016-08-14 10:45:00,8.154639
2016-08-14 10:50:00,6.9545856
2016-08-14 10:55:00,5.47485
2016-08-14 11:00:00,4.0595264
2016-08-14 11:05:00,2.7475948
2016-08-14 11:10:00,2.174686
2016-08-14 11:15:00,1.8678904
2016-08-14 11:20:00,1.8492455
2016-08-14 11:25:00,1.4119352
2016-08-14 11:30:00,1.3678648
2016-08-14 11:35:00,1.5034658
2016-08-14 11:40:00,2.4357133
2016-08-14 11:45:00,3.9951184
2016-08-14 11:50:00,6.2986164
2016-08-14 11:55:00,9.586915
2016-08-14 12:00:00,35.24751
2016-08-14 12:05:00,31.72871
2016-08-14 12:10:00,28.48108
2016-08-14 12:15:00,25.640259
2016-08-14 12:20:00,24.965668
2016-08-14 12:25:00,26.852198
2016-08-14 12:30:00,32.23726
2016-08-14 12:35:00,41.108818
2016-08-14 12:40:00,53.050163
2016-08-14 12:45:00,65.68635
2016-08-14 12:50:00,77.8294
2016-08-14 12:55:00,89.594315
2016-08-14 13:00:00,100.5814
2016-08-14 13:05:00,108.415504
2016-08-14 13:10:00,113.39047
2016-08-14 13:15:00,116.739784
2016-08-14 13:20:00,120.519615
2016-08-14 13:25:00,126.35711
2016-08-14 13:30:00,132.71179
2016-08-14 13:35:00,136.84584
2016-08-14 13:40:00,136.02373
2016-08-14 13:45:00,129.10309
2016-08-14 13:50:00,116.94984
2016-08-14 13:55:00,103.32367
2016-08-14 14:00:00,92.56393
2016-08-14 14:05:00,85.11952
2016-08-14 14:10:00,77.93945
2016-08-14 14:15:00,67.83227
2016-08-14 14:20:00,52.52465
2016-08-14 14:25:00,36.9815
2016-08-14 14:30:00,24.374119
2016-08-14 14:35:00,15.719437
2016-08-14 14:40:00,10.292036
2016-08-14 14:45:00,6.8664403
2016-08-14 14:50:00,4.523956
2016-08-14 14:55:00,3.0815103
2016-08-14 15:00:00,2.1695995
2016-08-14 15:05:00,1.5458401
2016-08-14 15:10:00,1.2237897
2016-08-14 15:15:00,0.9915751
2016-08-14 15:20:00,0.8119046
2016-08-14 15:25:00,0.6847801
2016-08-14 15:30:00,0.63562495
2016-08-14 15:35:00,0.56104505
2016-08-14 15:40:00,0.46442994
2016-08-14 15:45:00,0.38307002
2016-08-14 15:50:00,0.276285
2016-08-14 15:55:00,0.18306
2016-08-14 16:00:00,0.09661502
2016-08-14 16:05:00,0.05932499
2016-08-14 16:10:00,0.035594996
2016-08-14 16:15:00,0.042374995
2016-08-14 16:20:00,0.037289996
2016-08-14 16:25:00,0.08813999
2016-08-14 16:30:00,0.08813999
2016-08-14 16:35:00,0.13898998
2016-08-14 16:40:00,0.12034498
2016-08-14 16:45:00,0.06949499
2016-08-14 16:50:00,0.018644998
2016-08-14 16:55:00,0.022034997
2016-08-14 17:00:00,0.022034997
2016-08-14 17:05:00,0.025424996
2016-08-14 17:10:00,0.044069994
2016-08-14 17:15:00,0.11356498
2016-08-14 17:20:00,0.24577509
2016-08-14 17:25:00,0.3610348
2016-08-14 17:30:00,0.47290507
2016-08-14 17:35:00,0.7017298
2016-08-14 17:40:00,1.04751
2016-08-14 17:45:00,1.5475342
2016-08-14 17:50:00,2.1712956
2016-08-14 17:55:00,2.8781078
2016-08-14 18:00:00,3.4442391
2016-08-14 18:05:00,4.0510497
2016-08-14 18:10:00,4.4086943
2016-08-14 18:15:00,4.62057
2016-08-14 18:20:00,4.4561534
2016-08-14 18:25:00,4.2646184
2016-08-14 18:30:00,4.115459
2016-08-14 18:35:00,4.022231
2016-08-14 18:40:00,3.9035847
2016-08-14 18:45:00,3.6849294
2016-08-14 18:50:00,3.1832137
2016-08-14 18:55:00,2.4560533
2016-08-14 19:00:00,1.7678847
2016-08-14 19:05:00,1.2424352
2016-08-14 19:10:00,0.801735
2016-08-14 19:15:00,0.52206033
2016-08-14 19:20:00,0.36442497
2016-08-14 19:25:00,0.36103526
2016-08-14 19:30:00,0.36273018
2016-08-14 19:35:00,0.28815022
2016-08-14 19:40:00,0.2491651
2016-08-14 19:45:00,0.21357012
2016-08-14 19:50:00,0.24069004
2016-08-14 19:55:00,0.25933498
2016-08-14 20:00:00,0.26442
2016-08-14 20:05:00,0.23730005
2016-08-14 20:10:00,0.24577504
2016-08-14 20:15:00,0.22543496
2016-08-14 20:20:00,0.22713009
2016-08-14 20:25:00,0.2457752
2016-08-14 20:30:00,0.300015
2016-08-14 20:35:00,0.33052513
2016-08-14 20:40:00,0.4779903
2016-08-14 20:45:00,0.61019987
2016-08-14 20:50:00,0.63223517
2016-08-14 20:55:00,0.6932549
2016-08-14 21:00:00,0.67969525
2016-08-14 21:05:00,0.67461056
2016-08-14 21:10:00,0.7203756
2016-08-14 21:15:00,0.7729202
2016-08-14 21:20:00,0.7932594
2016-08-14 21:25:00,0.78817487
2016-08-14 21:30:00,0.678
2016-08-14 21:35:00,0.66444016
2016-08-14 21:40:00,0.6034199
2016-08-14 21:45:00,0.6796951
2016-08-14 21:50:00,0.7407152
2016-08-14 21:55:00,0.8203803
2016-08-14 22:00:00,0.97293055
2016-08-14 22:05:00,1.4407504
2016-08-14 22:10:00,2.215366
2016-08-14 22:15:00,3.605266
2016-08-14 22:20:00,5.6629925
2016-08-14 22:25:00,8.361438
2016-08-14 22:30:00,11.559895
2016-08-14 22:35:00,14.97194
2016-08-14 22:40:00,18.217863
2016-08-14 22:45:00,21.316336
2016-08-14 22:50:00,23.965616
2016-08-14 22:55:00,26.692877
2016-08-14 23:00:00,29.60995
2016-08-14 23:05:00,32.523674
2016-08-14 23:10:00,35.128876
2016-08-14 23:15:00,37.047623
2016-08-14 23:20:00,38.11886
2016-08-14 23:25:00,38.078163
2016-08-14 23:30:00,36.883213
2016-08-14 23:35:00,34.59158
2016-08-14 23:40:00,32.58299
2016-08-14 23:45:00,32.36603
2016-08-14 23:50:00,34.701736
2016-08-14 23:55:00,39.444378
2016-08-15 00:00:00,44.72429
2016-08-15 00:05:00,47.736305
2016-08-15 00:10:00,47.65326
2016-08-15 00:15:00,46.851524
2016-08-15 00:20:00,47.98884
2016-08-15 00:25:00,50.966957
2016-08-15 00:30:00,55.0451
2016-08-15 00:35:00,59.50642
2016-08-15 00:40:00,64.271
2016-08-15 00:45:00,68.69831
2016-08-15 00:50:00,71.85953
2016-08-15 00:55:00,73.557976
2016-08-15 01:00:00,73.93928
2016-08-15 01:05:00,73.50032
2016-08-15 01:10:00,72.71721
2016-08-15 01:15:00,71.67305
2016-08-15 01:20:00,70.97472
2016-08-15 01:25:00,70.69509
2016-08-15 01:30:00,70.59675
2016-08-15 01:35:00,70.49671
2016-08-15 01:40:00,70.57642
2016-08-15 01:45:00,71.31032
2016-08-15 01:50:00,73.39012
2016-08-15 01:55:00,78.51584
2016-08-15 02:00:00,85.8856
2016-08-15 02:05:00,93.786064
2016-08-15 02:10:00,101.52033
2016-08-15 02:15:00,108.07319
2016-08-15 02:20:00,113.11746
2016-08-15 02:25:00,115.98389
2016-08-15 02:30:00,118.60084
2016-08-15 02:35:00,126.01811
2016-08-15 02:40:00,139.81552
2016-08-15 02:45:00,159.90616
2016-08-15 02:50:00,178.96155
2016-08-15 02:55:00,188.80609
2016-08-15 03:00:00,191.61975
2016-08-15 03:05:00,191.61975
2016-08-15 03:10:00,191.61975
2016-08-15 03:15:00,191.61975
2016-08-15 03:20:00,191.61975
2016-08-15 03:25:00,191.61975
2016-08-15 03:30:00,191.61975
2016-08-15 03:35:00,191.61975
2016-08-15 03:40:00,191.61975
2016-08-15 03:45:00,191.61975
2016-08-15 03:50:00,191.61975
2016-08-15 03:55:00,191.61975
2016-08-15 04:00:00,191.61975
2016-08-15 04:05:00,191.61975
2016-08-15 04:10:00,191.61975
2016-08-15 04:15:00,191.61975
2016-08-15 04:20:00,191.61975
2016-08-15 04:25:00,191.61975
2016-08-15 04:30:00,191.61975
2016-08-15 04:35:00,191.61975
2016-08-15 04:40:00,191.61975
2016-08-15 04:45:00,191.61975
2016-08-15 04:50:00,191.61975
2016-08-15 04:55:00,191.61975
2016-08-15 05:00:00,191.61975
2016-08-15 05:05:00,191.61975
2016-08-15 05:10:00,191.61975
2016-08-15 05:15:00,191.61975
2016-08-15 05:20:00,191.61975
2016-08-15 05:25:00,191.61975
2016-08-15 05:30:00,191.61975
2016-08-15 05:35:00,191.61975
2016-08-15 05:40:00,191.61975
2016-08-15 05:45:00,191.61975
2016-08-15 05:50:00,191.61975
2016-08-15 05:55:00,191.61975
2016-08-15 06:00:00,191.61975
2016-08-15 06:05:00,191.61975
2016-08-15 06:10:00,191.61975
2016-08-15 06:15:00,191.61975
2016-08-15 06:20:00,191.44348
2016-08-15 06:25:00,190.0332
2016-08-15 06:30:00,187.50427
2016-08-15 06:35:00,184.69739
2016-08-15 06:40:00,182.69727
2016-08-15 06:45:00,181.46332
2016-08-15 06:50:00,179.17847
2016-08-15 06:55:00,175.51208
2016-08-15 07:00:00,168.51518
2016-08-15 07:05:00,158.71143
2016-08-15 07:10:00,151.84143
2016-08-15 07:15:00,146.49554
2016-08-15 07:20:00,140.16289
2016-08-15 07:25:00,133.75912
2016-08-15 07:30:00,128.8572
2016-08-15 07:35:00,124.39439
2016-08-15 07:40:00,119.9518
2016-08-15 07:45:00,116.17365
2016-08-15 07:50:00,113.49046
2016-08-15 07:55:00,111.302284
2016-08-15 08:00:00,109.179955
2016-08-15 08:05:00,107.20533
2016-08-15 08:10:00,105.457886
2016-08-15 08:15:00,103.728874
2016-08-15 08:20:00,101.544044
2016-08-15 08:25:00,98.54048
2016-08-15 08:30:00,95.09459
2016-08-15 08:35:00,91.86047
2016-08-15 08:40:00,88.79087
2016-08-15 08:45:00,85.67896
2016-08-15 08:50:00,82.36356
2016-08-15 08:55:00,79.26163
2016-08-15 09:00:00,75.90892
2016-08-15 09:05:00,72.52222
2016-08-15 09:10:00,69.15264
2016-08-15 09:15:00,66.021904
2016-08-15 09:20:00,62.579414
2016-08-15 09:25:00,58.97588
2016-08-15 09:30:00,55.134937
2016-08-15 09:35:00,51.044884
2016-08-15 09:40:00,46.766747
2016-08-15 09:45:00,42.654697
2016-08-15 09:50:00,38.430748
2016-08-15 09:55:00,34.47123
2016-08-15 10:00:00,31.0202
2016-08-15 10:05:00,28.18107
2016-08-15 10:10:00,25.62163
2016-08-15 10:15:00,23.32661
2016-08-15 10:20:00,21.2892
2016-08-15 10:25:00,19.648458
2016-08-15 10:30:00,18.267025
2016-08-15 10:35:00,17.219505
2016-08-15 10:40:00,16.166882
2016-08-15 10:45:00,15.004135
2016-08-15 10:50:00,13.853224
2016-08-15 10:55:00,12.9701395
2016-08-15 11:00:00,12.097207
2016-08-15 11:05:00,11.444639
2016-08-15 11:10:00,11.022582
2016-08-15 11:15:00,10.744605
2016-08-15 11:20:00,10.515783
2016-08-15 11:25:00,10.376792
2016-08-15 11:30:00,10.239499
2016-08-15 11:35:00,10.156439
2016-08-15 11:40:00,10.237794
2016-08-15 11:45:00,10.566626
2016-08-15 11:50:00,11.200558
2016-08-15 11:55:00,12.070096
2016-08-15 12:00:00,6.912213
2016-08-15 12:05:00,7.571564
2016-08-15 12:10:00,8.2783785
2016-08-15 12:15:00,9.059775
2016-08-15 12:20:00,9.954733
2016-08-15 12:25:00,10.856466
2016-08-15 12:30:00,11.848055
2016-08-15 12:35:00,12.761652
2016-08-15 12:40:00,13.563394
2016-08-15 12:45:00,13.971887
2016-08-15 12:50:00,13.987144
2016-08-15 12:55:00,13.349816
2016-08-15 13:00:00,12.358246
2016-08-15 13:05:00,11.290395
2016-08-15 13:10:00,10.117452
2016-08-15 13:15:00,8.997058
2016-08-15 13:20:00,8.034303
2016-08-15 13:25:00,7.305449
2016-08-15 13:30:00,6.663047
2016-08-15 13:35:00,6.1375957
2016-08-15 13:40:00,5.7324867
2016-08-15 13:45:00,5.3375535
2016-08-15 13:50:00,4.9443154
2016-08-15 13:55:00,4.7832923
2016-08-15 14:00:00,4.656165
2016-08-15 14:05:00,4.5053096
2016-08-15 14:10:00,4.19343
2016-08-15 14:15:00,3.4967842
2016-08-15 14:20:00,2.6645393
2016-08-15 14:25:00,1.9441656
2016-08-15 14:30:00,1.4085453
2016-08-15 14:35:00,0.89665514
2016-08-15 14:40:00,0.49324507
2016-08-15 14:45:00,0.27628505
2016-08-15 14:50:00,0.13729498
2016-08-15 14:55:00,0.06101999
2016-08-15 15:00:00,0.054239992
2016-08-15 15:05:00,0.016949998
2016-08-15 15:10:00,0.0067800004
2016-08-15 15:15:00,0.020339997
2016-08-15 15:20:00,0.027119998
2016-08-15 15:25:00,0.033899996
2016-08-15 15:30:00,0.06101999
2016-08-15 15:35:00,0.12034498
2016-08-15 15:40:00,0.19323
2016-08-15 15:45:00,0.25933498
2016-08-15 15:50:00,0.28645498
2016-08-15 15:55:00,0.34577996
2016-08-15 16:00:00,0.35255995
2016-08-15 16:05:00,0.32543996
2016-08-15 16:10:00,0.24577501
2016-08-15 16:15:00,0.17966999
2016-08-15 16:20:00,0.100004986
2016-08-15 16:25:00,0.040679995
2016-08-15 16:30:00,0.02034
2016-08-15 16:35:00,0.013560001
2016-08-15 16:40:00,0.0
2016-08-15 16:45:00,0.0
2016-08-15 16:50:00,0.0
2016-08-15 16:55:00,0.0
2016-08-15 17:00:00,0.0
2016-08-15 17:05:00,0.0
2016-08-15 17:10:00,0.0
2016-08-15 17:15:00,0.011864999
2016-08-15 17:20:00,0.023729999
2016-08-15 17:25:00,0.037289996
2016-08-15 17:30:00,0.07457999
2016-08-15 17:35:00,0.08644499
2016-08-15 17:40:00,0.101699986
2016-08-15 17:45:00,0.103395015
2016-08-15 17:50:00,0.07796999
2016-08-15 17:55:00,0.06949499
2016-08-15 18:00:00,0.07627499
2016-08-15 18:05:00,0.06779999
2016-08-15 18:10:00,0.103394985
2016-08-15 18:15:00,0.27120018
2016-08-15 18:20:00,0.5203651
2016-08-15 18:25:00,0.8339407
2016-08-15 18:30:00,1.1864997
2016-08-15 18:35:00,1.5695696
2016-08-15 18:40:00,1.9339949
2016-08-15 18:45:00,2.3357108
2016-08-15 18:50:00,2.7764091
2016-08-15 18:55:00,3.0899866
2016-08-15 19:00:00,3.5222085
2016-08-15 19:05:00,3.9595208
2016-08-15 19:10:00,4.456157
2016-08-15 19:15:00,4.8815966
2016-08-15 19:20:00,5.134156
2016-08-15 19:25:00,5.344334
2016-08-15 19:30:00,5.474847
2016-08-15 19:35:00,5.456204
2016-08-15 19:40:00,5.3104353
2016-08-15 19:45:00,5.0697427
2016-08-15 19:50:00,4.9155
2016-08-15 19:55:00,4.7510843
2016-08-15 20:00:00,4.5985336
2016-08-15 20:05:00,4.37649
2016-08-15 20:10:00,4.195123
2016-08-15 20:15:00,3.9391806
2016-08-15 20:20:00,3.812057
2016-08-15 20:25:00,3.7645938
2016-08-15 20:30:00,3.9476519
2016-08-15 20:35:00,4.164614
2016-08-15 20:40:00,4.3154736
2016-08-15 20:45:00,4.3781815
2016-08-15 20:50:00,4.3188567
2016-08-15 20:55:00,4.190041
2016-08-15 21:00:00,4.084947
2016-08-15 21:05:00,4.0951185
2016-08-15 21:10:00,4.184957
2016-08-15 21:15:00,4.4748006
2016-08-15 21:20:00,4.85787
2016-08-15 21:25:00,5.212128
2016-08-15 21:30:00,5.5884156
2016-08-15 21:35:00,5.9969153
2016-08-15 21:40:00,6.137597
2016-08-15 21:45:00,6.1833673
2016-08-15 21:50:00,6.335908
2016-08-15 21:55:00,6.520667
2016-08-15 22:00:00,6.7172847
2016-08-15 22:05:00,6.9935718
2016-08-15 22:10:00,7.357997
2016-08-15 22:15:00,7.724115
2016-08-15 22:20:00,7.978363
2016-08-15 22:25:00,8.090238
2016-08-15 22:30:00,8.12074
2016-08-15 22:35:00,8.188541
2016-08-15 22:40:00,8.356355
2016-08-15 22:45:00,8.630942
2016-08-15 22:50:00,8.903837
2016-08-15 22:55:00,9.275047
2016-08-15 23:00:00,9.763204
2016-08-15 23:05:00,10.400524
2016-08-15 23:10:00,11.149706
2016-08-15 23:15:00,12.0362015
2016-08-15 23:20:00,12.637899
2016-08-15 23:25:00,12.814194
2016-08-15 23:30:00,12.797244
2016-08-15 23:35:00,12.66334
2016-08-15 23:40:00,12.493835
2016-08-15 23:45:00,12.414187
2016-08-15 23:50:00,12.653179
2016-08-15 23:55:00,13.017585
2016-08-16 00:00:00,13.84645
2016-08-16 00:05:00,14.968535
2016-08-16 00:10:00,16.278751
2016-08-16 00:15:00,17.40255
2016-08-16 00:20:00,18.697573
2016-08-16 00:25:00,20.399332
2016-08-16 00:30:00,22.843498
2016-08-16 00:35:00,26.028421
2016-08-16 00:40:00,29.59301
2016-08-16 00:45:00,32.716892
2016-08-16 00:50:00,35.054283
2016-08-16 00:55:00,36.979828
2016-08-16 01:00:00,38.971428
2016-08-16 01:05:00,40.952896
2016-08-16 01:10:00,42.956394
2016-08-16 01:15:00,45.310745
2016-08-16 01:20:00,47.907513
2016-08-16 01:25:00,50.8805
2016-08-16 01:30:00,54.3332
2016-08-16 01:35:00,58.07578
2016-08-16 01:40:00,61.820045
2016-08-16 01:45:00,65.43887
2016-08-16 01:50:00,68.852554
2016-08-16 01:55:00,71.74259
2016-08-16 02:00:00,74.38509
2016-08-16 02:05:00,77.43435
2016-08-16 02:10:00,81.30407
2016-08-16 02:15:00,86.81794
2016-08-16 02:20:00,92.55886
2016-08-16 02:25:00,97.88801
2016-08-16 02:30:00,102.66099
2016-08-16 02:35:00,106.93241
2016-08-16 02:40:00,110.62415
2016-08-16 02:45:00,113.809074
2016-08-16 02:50:00,116.16172
2016-08-16 02:55:00,117.209236
2016-08-16 03:00:00,116.5075
2016-08-16 03:05:00,114.8617
2016-08-16 03:10:00,115.3075
2016-08-16 03:15:00,118.01105
2016-08-16 03:20:00,123.08578
2016-08-16 03:25:00,132.61516
2016-08-16 03:30:00,135.79836
2016-08-16 03:35:00,130.65913
2016-08-16 03:40:00,129.33539
2016-08-16 03:45:00,144.63773
2016-08-16 03:50:00,169.18976
2016-08-16 03:55:00,182.39899
2016-08-16 04:00:00,188.06702
2016-08-16 04:05:00,189.34845
2016-08-16 04:10:00,190.1485
2016-08-16 04:15:00,190.6977
2016-08-16 04:20:00,191.14514
2016-08-16 04:25:00,191.47736
2016-08-16 04:30:00,191.6062
2016-08-16 04:35:00,191.61975
2016-08-16 04:40:00,191.61975
2016-08-16 04:45:00,191.61975
2016-08-16 04:50:00,191.59265
2016-08-16 04:55:00,191.24683
2016-08-16 05:00:00,190.23663
2016-08-16 05:05:00,189.11115
2016-08-16 05:10:00,188.37213
2016-08-16 05:15:00,187.97888
2016-08-16 05:20:00,187.83649
2016-08-16 05:25:00,187.91785
2016-08-16 05:30:00,188.0263
2016-08-16 05:35:00,188.05347
2016-08-16 05:40:00,187.9314
2016-08-16 05:45:00,187.53815
2016-08-16 05:50:00,186.84662
2016-08-16 05:55:00,185.89062
2016-08-16 06:00:00,184.77191
2016-08-16 06:05:00,183.69391
2016-08-16 06:10:00,182.76508
2016-08-16 06:15:00,181.6532
2016-08-16 06:20:00,180.02939
2016-08-16 06:25:00,177.41055
2016-08-16 06:30:00,173.35626
2016-08-16 06:35:00,167.54912
2016-08-16 06:40:00,160.91989
2016-08-16 06:45:00,155.51956
2016-08-16 06:50:00,150.77176
2016-08-16 06:55:00,146.2955
2016-08-16 07:00:00,141.6766
2016-08-16 07:05:00,137.38997
2016-08-16 07:10:00,133.4118
2016-08-16 07:15:00,130.0623
2016-08-16 07:20:00,126.63343
2016-08-16 07:25:00,123.048515
2016-08-16 07:30:00,119.31285
2016-08-16 07:35:00,115.17868
2016-08-16 07:40:00,110.90558
2016-08-16 07:45:00,107.051125
2016-08-16 07:50:00,103.34417
2016-08-16 07:55:00,99.89656
2016-08-16 08:00:00,96.55216
2016-08-16 08:05:00,93.197945
2016-08-16 08:10:00,90.26042
2016-08-16 08:15:00,88.03484
2016-08-16 08:20:00,86.529724
2016-08-16 08:25:00,85.61113
2016-08-16 08:30:00,85.06023
2016-08-16 08:35:00,84.22802
2016-08-16 08:40:00,82.948235
2016-08-16 08:45:00,81.31777
2016-08-16 08:50:00,79.33953
2016-08-16 08:55:00,76.83608
2016-08-16 09:00:00,74.205315
2016-08-16 09:05:00,71.54928
2016-08-16 09:10:00,68.81192
2016-08-16 09:15:00,66.089775
2016-08-16 09:20:00,63.586216
2016-08-16 09:25:00,61.520027
2016-08-16 09:30:00,60.21317
2016-08-16 09:35:00,59.22159
2016-08-16 09:40:00,57.99105
2016-08-16 09:45:00,56.65191
2016-08-16 09:50:00,55.199364
2016-08-16 09:55:00,53.317966
2016-08-16 10:00:00,50.80935
2016-08-16 10:05:00,47.805817
2016-08-16 10:10:00,44.44296
2016-08-16 10:15:00,40.988472
2016-08-16 10:20:00,37.48827
2016-08-16 10:25:00,33.974598
2016-08-16 10:30:00,30.401533
2016-08-16 10:35:00,27.025072
2016-08-16 10:40:00,24.072409
2016-08-16 10:45:00,21.443438
2016-08-16 10:50:00,19.184015
2016-08-16 10:55:00,17.027971
2016-08-16 11:00:00,14.915996
2016-08-16 11:05:00,13.297268
2016-08-16 11:10:00,12.214181
2016-08-16 11:15:00,11.263278
2016-08-16 11:20:00,10.303905
2016-08-16 11:25:00,9.569974
2016-08-16 11:30:00,9.097063
2016-08-16 11:35:00,8.7055235
2016-08-16 11:40:00,8.332623
2016-08-16 11:45:00,7.973282
2016-08-16 11:50:00,7.7325907
2016-08-16 11:55:00,7.5054555
2016-08-16 12:00:00,19.368767
2016-08-16 12:05:00,20.001001
2016-08-16 12:10:00,20.443392
2016-08-16 12:15:00,20.13999
2016-08-16 12:20:00,19.178925
2016-08-16 12:25:00,18.170404
2016-08-16 12:30:00,17.11272
2016-08-16 12:35:00,15.795709
2016-08-16 12:40:00,14.912611
2016-08-16 12:45:00,14.483777
2016-08-16 12:50:00,14.256646
2016-08-16 12:55:00,14.058326
2016-08-16 13:00:00,14.119354
2016-08-16 13:05:00,14.204096
2016-08-16 13:10:00,14.149861
2016-08-16 13:15:00,13.958322
2016-08-16 13:20:00,13.980356
2016-08-16 13:25:00,14.256637
2016-08-16 13:30:00,14.392252
2016-08-16 13:35:00,14.321065
2016-08-16 13:40:00,14.137991
2016-08-16 13:45:00,13.953244
2016-08-16 13:50:00,13.753234
2016-08-16 13:55:00,13.6345825
2016-08-16 14:00:00,13.71764
2016-08-16 14:05:00,14.048157
2016-08-16 14:10:00,14.497326
2016-08-16 14:15:00,14.714284
2016-08-16 14:20:00,14.634626
2016-08-16 14:25:00,14.143073
2016-08-16 14:30:00,13.054885
2016-08-16 14:35:00,12.026016
2016-08-16 14:40:00,10.958171
2016-08-16 14:45:00,9.458099
2016-08-16 14:50:00,8.093625
2016-08-16 14:55:00,7.247819
2016-08-16 15:00:00,6.637622
2016-08-16 15:05:00,6.39354
2016-08-16 15:10:00,6.4952383
2016-08-16 15:15:00,6.7901683
2016-08-16 15:20:00,7.313926
2016-08-16 15:25:00,7.829207
2016-08-16 15:30:00,8.302107
2016-08-16 15:35:00,8.6800995
2016-08-16 15:40:00,9.046217
2016-08-16 15:45:00,9.21402
2016-08-16 15:50:00,9.244528
2016-08-16 15:55:00,9.17334
2016-08-16 16:00:00,8.958074
2016-08-16 16:05:00,8.515679
2016-08-16 16:10:00,7.7834387
2016-08-16 16:15:00,6.7783065
2016-08-16 16:20:00,5.7426586
2016-08-16 16:25:00,4.827362
2016-08-16 16:30:00,3.9442656
2016-08-16 16:35:00,3.130664
2016-08-16 16:40:00,2.3340154
2016-08-16 16:45:00,1.5729594
2016-08-16 16:50:00,1.0339502
2016-08-16 16:55:00,0.55426526
2016-08-16 17:00:00,0.262725
2016-08-16 17:05:00,0.13559999
2016-08-16 17:10:00,0.042375
2016-08-16 17:15:00,0.0067800004
2016-08-16 17:20:00,0.0
2016-08-16 17:25:00,0.0
2016-08-16 17:30:00,0.01017
2016-08-16 17:35:00,0.042375
2016-08-16 17:40:00,0.12203999
2016-08-16 17:45:00,0.26272497
2016-08-16 17:50:00,0.54918
2016-08-16 17:55:00,1.0983598
2016-08-16 18:00:00,2.0492547
2016-08-16 18:05:00,3.2052464
2016-08-16 18:10:00,4.151053
2016-08-16 18:15:00,5.074831
2016-08-16 18:20:00,5.846057
2016-08-16 18:25:00,6.0223327
2016-08-16 18:30:00,5.642659
2016-08-16 18:35:00,4.8358335
2016-08-16 18:40:00,3.66798
2016-08-16 18:45:00,2.3085885
2016-08-16 18:50:00,1.5322812
2016-08-16 18:55:00,0.98140574
2016-08-16 19:00:00,0.6898652
2016-08-16 19:05:00,0.5339251
2016-08-16 19:10:00,0.4305302
2016-08-16 19:15:00,0.35086527
2016-08-16 19:20:00,0.22374004
2016-08-16 19:25:00,0.16611005
2016-08-16 19:30:00,0.11864998
2016-08-16 19:35:00,0.06779999
2016-08-16 19:40:00,0.05762999
2016-08-16 19:45:00,0.033899996
2016-08-16 19:50:00,0.013560001
2016-08-16 19:55:00,0.02034
2016-08-16 20:00:00,0.02034
2016-08-16 20:05:00,0.02034
2016-08-16 20:10:00,0.02034
2016-08-16 20:15:00,0.052544992
2016-08-16 20:20:00,0.045764994
2016-08-16 20:25:00,0.07118999
2016-08-16 20:30:00,0.032204997
2016-08-16 20:35:00,0.0067800004
2016-08-16 20:40:00,0.0067800004
2016-08-16 20:45:00,0.0067800004
2016-08-16 20:50:00,0.0067800004
2016-08-16 20:55:00,0.0
2016-08-16 21:00:00,0.0
2016-08-16 21:05:00,0.0
2016-08-16 21:10:00,0.0
2016-08-16 21:15:00,0.0
2016-08-16 21:20:00,0.015254999
2016-08-16 21:25:00,0.022034997
2016-08-16 21:30:00,0.022034997
2016-08-16 21:35:00,0.0067800004
2016-08-16 21:40:00,0.0067800004
2016-08-16 21:45:00,0.0067800004
2016-08-16 21:50:00,0.0
2016-08-16 21:55:00,0.0
2016-08-16 22:00:00,0.0
2016-08-16 22:05:00,0.0067800004
2016-08-16 22:10:00,0.0067800004
2016-08-16 22:15:00,0.02034
2016-08-16 22:20:00,0.033899996
2016-08-16 22:25:00,0.047459997
2016-08-16 22:30:00,0.07118999
2016-08-16 22:35:00,0.10508999
2016-08-16 22:40:00,0.21696001
2016-08-16 22:45:00,0.330525
2016-08-16 22:50:00,0.51189005
2016-08-16 22:55:00,0.8220751
2016-08-16 23:00:00,1.2678604
2016-08-16 23:05:00,1.9000949
2016-08-16 23:10:00,2.7204747
2016-08-16 23:15:00,3.5527203
2016-08-16 23:20:00,4.3663225
2016-08-16 23:25:00,5.249415
2016-08-16 23:30:00,6.095223
2016-08-16 23:35:00,6.944411
2016-08-16 23:40:00,7.997011
2016-08-16 23:45:00,9.327589
2016-08-16 23:50:00,10.771728
2016-08-16 23:55:00,12.093821
2016-08-17 00:00:00,13.053196
2016-08-17 00:05:00,13.410838
2016-08-17 00:10:00,13.159988
2016-08-17 00:15:00,12.459939
2016-08-17 00:20:00,11.956532
2016-08-17 00:25:00,12.207391
2016-08-17 00:30:00,14.12952
2016-08-17 00:35:00,17.772085
2016-08-17 00:40:00,22.187546
2016-08-17 00:45:00,26.36573
2016-08-17 00:50:00,30.14728
2016-08-17 00:55:00,33.6627
2016-08-17 01:00:00,36.667927
2016-08-17 01:05:00,38.90703
2016-08-17 01:10:00,40.957993
2016-08-17 01:15:00,43.783546
2016-08-17 01:20:00,47.139652
2016-08-17 01:25:00,50.860146
2016-08-17 01:30:00,53.770485
2016-08-17 01:35:00,55.529907
2016-08-17 01:40:00,57.045265
2016-08-17 01:45:00,59.15888
2016-08-17 01:50:00,61.745438
2016-08-17 01:55:00,64.93033
2016-08-17 02:00:00,70.32891
2016-08-17 02:05:00,79.756546
2016-08-17 02:10:00,93.07237
2016-08-17 02:15:00,107.8986
2016-08-17 02:20:00,120.656906
2016-08-17 02:25:00,129.17932
2016-08-17 02:30:00,134.86765
2016-08-17 02:35:00,136.93912
2016-08-17 02:40:00,134.19133
2016-08-17 02:45:00,127.33855
2016-08-17 02:50:00,122.385765
2016-08-17 02:55:00,124.18071
2016-08-17 03:00:00,133.75421
2016-08-17 03:05:00,145.53087
2016-08-17 03:10:00,162.11658
2016-08-17 03:15:00,174.77142
2016-08-17 03:20:00,178.7649
2016-08-17 03:25:00,183.52435
2016-08-17 03:30:00,186.02625
2016-08-17 03:35:00,187.11108
2016-08-17 03:40:00,187.60602
2016-08-17 03:45:00,187.95856
2016-08-17 03:50:00,188.39246
2016-08-17 03:55:00,188.98236
2016-08-17 04:00:00,189.84338
2016-08-17 04:05:00,190.86041
2016-08-17 04:10:00,191.51807
2016-08-17 04:15:00,191.61975
2016-08-17 04:20:00,191.61975
2016-08-17 04:25:00,191.61975
2016-08-17 04:30:00,191.61975
2016-08-17 04:35:00,191.61975
2016-08-17 04:40:00,191.61975
2016-08-17 04:45:00,191.61975
2016-08-17 04:50:00,191.61975
2016-08-17 04:55:00,191.61975
2016-08-17 05:00:00,191.61975
2016-08-17 05:05:00,191.61975
2016-08-17 05:10:00,191.61975
2016-08-17 05:15:00,191.61975
2016-08-17 05:20:00,191.61975
2016-08-17 05:25:00,191.61975
2016-08-17 05:30:00,191.42993
2016-08-17 05:35:00,190.35187
2016-08-17 05:40:00,188.58905
2016-08-17 05:45:00,186.37878
2016-08-17 05:50:00,184.04651
2016-08-17 05:55:00,182.42615
2016-08-17 06:00:00,180.10736
2016-08-17 06:05:00,176.25285
2016-08-17 06:10:00,169.36107
2016-08-17 06:15:00,159.87924
2016-08-17 06:20:00,152.98062
2016-08-17 06:25:00,146.2463
2016-08-17 06:30:00,139.09344
2016-08-17 06:35:00,133.11516
2016-08-17 06:40:00,127.92163
2016-08-17 06:45:00,123.73164
2016-08-17 06:50:00,120.84673
2016-08-17 06:55:00,118.80086
2016-08-17 07:00:00,117.387215
2016-08-17 07:05:00,116.62282
2016-08-17 07:10:00,116.15319
2016-08-17 07:15:00,115.80578
2016-08-17 07:20:00,115.48371
2016-08-17 07:25:00,115.08875
2016-08-17 07:30:00,114.84991
2016-08-17 07:35:00,114.83966
2016-08-17 07:40:00,114.89895
2016-08-17 07:45:00,114.55669
2016-08-17 07:50:00,113.95133
2016-08-17 07:55:00,113.40573
2016-08-17 08:00:00,113.18528
2016-08-17 08:05:00,112.95992
2016-08-17 08:10:00,112.434425
2016-08-17 08:15:00,111.79704
2016-08-17 08:20:00,111.17161
2016-08-17 08:25:00,110.60556
2016-08-17 08:30:00,110.244576
2016-08-17 08:35:00,110.24109
2016-08-17 08:40:00,110.07334
2016-08-17 08:45:00,109.69199
2016-08-17 08:50:00,109.047806
2016-08-17 08:55:00,108.2563
2016-08-17 09:00:00,107.3935
2016-08-17 09:05:00,106.61375
2016-08-17 09:10:00,105.49345
2016-08-17 09:15:00,103.74261
2016-08-17 09:20:00,100.462715
2016-08-17 09:25:00,95.01661
2016-08-17 09:30:00,88.83662
2016-08-17 09:35:00,83.15335
2016-08-17 09:40:00,78.40899
2016-08-17 09:45:00,73.312126
2016-08-17 09:50:00,66.86941
2016-08-17 09:55:00,60.143646
2016-08-17 10:00:00,54.328133
2016-08-17 10:05:00,49.309254
2016-08-17 10:10:00,44.978504
2016-08-17 10:15:00,40.485058
2016-08-17 10:20:00,35.90173
2016-08-17 10:25:00,30.955755
2016-08-17 10:30:00,26.128435
2016-08-17 10:35:00,21.890928
2016-08-17 10:40:00,18.353437
2016-08-17 10:45:00,15.631264
2016-08-17 10:50:00,13.9549265
2016-08-17 10:55:00,13.1548815
2016-08-17 11:00:00,13.180321
2016-08-17 11:05:00,13.666783
2016-08-17 11:10:00,14.314265
2016-08-17 11:15:00,14.556669
2016-08-17 11:20:00,14.361738
2016-08-17 11:25:00,13.992211
2016-08-17 11:30:00,13.700686
2016-08-17 11:35:00,13.561683
2016-08-17 11:40:00,13.292187
2016-08-17 11:45:00,12.620973
2016-08-17 11:50:00,11.775164
2016-08-17 11:55:00,11.007329
2016-08-17 12:00:00,10.4954405
2016-08-17 12:05:00,0.75766504
2016-08-17 12:10:00,0.87462026
2016-08-17 12:15:00,1.0864948
2016-08-17 12:20:00,1.418714
2016-08-17 12:25:00,1.9272145
2016-08-17 12:30:00,3.122188
2016-08-17 12:35:00,5.0341496
2016-08-17 12:40:00,7.824124
2016-08-17 12:45:00,12.504007
2016-08-17 12:50:00,19.141626
2016-08-17 12:55:00,26.913204
2016-08-17 13:00:00,33.57455
2016-08-17 13:05:00,37.337452
2016-08-17 13:10:00,37.040844
2016-08-17 13:15:00,32.63555
2016-08-17 13:20:00,26.848812
2016-08-17 13:25:00,22.663849
2016-08-17 13:30:00,20.577286
2016-08-17 13:35:00,19.80436
2016-08-17 13:40:00,19.14841
2016-08-17 13:45:00,17.93309
2016-08-17 13:50:00,16.0652
2016-08-17 13:55:00,14.636321
2016-08-17 14:00:00,14.404119
2016-08-17 14:05:00,15.177025
2016-08-17 14:10:00,15.61434
2016-08-17 14:15:00,14.749882
2016-08-17 14:20:00,12.583683
2016-08-17 14:25:00,10.517479
2016-08-17 14:30:00,8.671616
2016-08-17 14:35:00,7.178329
2016-08-17 14:40:00,5.873178
2016-08-17 14:45:00,4.923977
2016-08-17 14:50:00,4.279873
2016-08-17 14:55:00,3.6154318
2016-08-17 15:00:00,3.1086307
2016-08-17 15:05:00,2.7475953
2016-08-17 15:10:00,2.4831758
2016-08-17 15:15:00,2.2679095
2016-08-17 15:20:00,2.0255246
2016-08-17 15:25:00,1.6255049
2016-08-17 15:30:00,1.3339651
2016-08-17 15:35:00,1.1085305
2016-08-17 15:40:00,0.81698984
2016-08-17 15:45:00,0.61697996
2016-08-17 15:50:00,0.48816007
2016-08-17 15:55:00,0.4135801
2016-08-17 16:00:00,0.31357497
2016-08-17 16:05:00,0.22543512
2016-08-17 16:10:00,0.17628004
2016-08-17 16:15:00,0.11864998
2016-08-17 16:20:00,0.059324995
2016-08-17 16:25:00,0.02034
2016-08-17 16:30:00,0.013560001
2016-08-17 16:35:00,0.0067800004
2016-08-17 16:40:00,0.0
2016-08-17 16:45:00,0.0
2016-08-17 16:50:00,0.0
2016-08-17 16:55:00,0.0
2016-08-17 17:00:00,0.0
2016-08-17 17:05:00,0.0
2016-08-17 17:10:00,0.011864999
2016-08-17 17:15:00,0.011864999
2016-08-17 17:20:00,0.0
2016-08-17 17:25:00,0.0
2016-08-17 17:30:00,0.0
2016-08-17 17:35:00,0.037289996
2016-08-17 17:40:00,0.09830999
2016-08-17 17:45:00,0.18984
2016-08-17 17:50:00,0.35934
2016-08-17 17:55:00,0.591555
2016-08-17 18:00:00,0.8830951
2016-08-17 18:05:00,1.3085399
2016-08-17 18:10:00,1.7967
2016-08-17 18:15:00,2.45436
2016-08-17 18:20:00,3.1865997
2016-08-17 18:25:00,3.9951155
2016-08-17 18:30:00,4.8477006
2016-08-17 18:35:00,5.5460386
2016-08-17 18:40:00,6.218954
2016-08-17 18:45:00,6.62915
2016-08-17 18:50:00,6.8800015
2016-08-17 18:55:00,6.9037375
2016-08-17 19:00:00,6.6071134
2016-08-17 19:05:00,6.090134
2016-08-17 19:10:00,5.446036
2016-08-17 19:15:00,4.8341365
2016-08-17 19:20:00,4.0188427
2016-08-17 19:25:00,3.2188017
2016-08-17 19:30:00,2.3967307
2016-08-17 19:35:00,1.9729813
2016-08-17 19:40:00,1.6339791
2016-08-17 19:45:00,1.347525
2016-08-17 19:50:00,1.2220948
2016-08-17 19:55:00,1.1797204
2016-08-17 20:00:00,1.249216
2016-08-17 20:05:00,1.3356613
2016-08-17 20:10:00,1.4458345
2016-08-17 20:15:00,1.4017657
2016-08-17 20:20:00,1.337355
2016-08-17 20:25:00,1.2763355
2016-08-17 20:30:00,1.2475189
2016-08-17 20:35:00,1.2458236
2016-08-17 20:40:00,1.311929
2016-08-17 20:45:00,1.3288803
2016-08-17 20:50:00,1.2848089
2016-08-17 20:55:00,1.1610748
2016-08-17 21:00:00,0.9763196
2016-08-17 21:05:00,0.77630955
2016-08-17 21:10:00,0.6186751
2016-08-17 21:15:00,0.5085001
2016-08-17 21:20:00,0.4271403
2016-08-17 21:25:00,0.3695101
2016-08-17 21:30:00,0.2898452
2016-08-17 21:35:00,0.24069019
2016-08-17 21:40:00,0.15085503
2016-08-17 21:45:00,0.14746502
2016-08-17 21:50:00,0.12203998
2016-08-17 21:55:00,0.12882
2016-08-17 22:00:00,0.15254998
2016-08-17 22:05:00,0.16272008
2016-08-17 22:10:00,0.18644997
2016-08-17 22:15:00,0.16949998
2016-08-17 22:20:00,0.18136506
2016-08-17 22:25:00,0.15255004
2016-08-17 22:30:00,0.11695498
2016-08-17 22:35:00,0.06949499
2016-08-17 22:40:00,0.018644998
2016-08-17 22:45:00,0.018644998
2016-08-17 22:50:00,0.0
2016-08-17 22:55:00,0.0
2016-08-17 23:00:00,0.0
2016-08-17 23:05:00,0.0
2016-08-17 23:10:00,0.0
2016-08-17 23:15:00,0.0
2016-08-17 23:20:00,0.008475
2016-08-17 23:25:00,0.008475
2016-08-17 23:30:00,0.038984995
2016-08-17 23:35:00,0.09322499
2016-08-17 23:40:00,0.14407499
2016-08-17 23:45:00,0.17628
2016-08-17 23:50:00,0.20848504
2016-08-17 23:55:00,0.32543996
2016-08-18 00:00:00,0.52375484
2016-08-18 00:05:00,1.0119146
2016-08-18 00:10:00,1.950944
2016-08-18 00:15:00,3.0001497
2016-08-18 00:20:00,3.9849455
2016-08-18 00:25:00,5.1002545
2016-08-18 00:30:00,6.603723
2016-08-18 00:35:00,8.38516
2016-08-18 00:40:00,10.1394825
2016-08-18 00:45:00,11.832799
2016-08-18 00:50:00,13.180313
2016-08-18 00:55:00,13.987149
2016-08-18 01:00:00,14.40411
2016-08-18 01:05:00,14.619385
2016-08-18 01:10:00,14.904143
2016-08-18 01:15:00,15.280426
2016-08-18 01:20:00,15.84317
2016-08-18 01:25:00,16.777117
2016-08-18 01:30:00,17.733099
2016-08-18 01:35:00,18.517866
2016-08-18 01:40:00,18.919601
2016-08-18 01:45:00,18.856878
2016-08-18 01:50:00,18.399235
2016-08-18 01:55:00,17.61781
2016-08-18 02:00:00,16.89745
2016-08-18 02:05:00,16.590666
2016-08-18 02:10:00,16.970346
2016-08-18 02:15:00,18.792465
2016-08-18 02:20:00,22.260433
2016-08-18 02:25:00,27.138645
2016-08-18 02:30:00,32.898235
2016-08-18 02:35:00,38.830727
2016-08-18 02:40:00,43.625896
2016-08-18 02:45:00,46.987076
2016-08-18 02:50:00,49.99401
2016-08-18 02:55:00,52.533108
2016-08-18 03:00:00,52.64166
2016-08-18 03:05:00,52.64499
2016-08-18 03:10:00,55.206112
2016-08-18 03:15:00,59.25046
2016-08-18 03:20:00,71.73238
2016-08-18 03:25:00,89.28233
2016-08-18 03:30:00,119.62297
2016-08-18 03:35:00,141.91895
2016-08-18 03:40:00,170.01874
2016-08-18 03:45:00,187.15857
2016-08-18 03:50:00,191.59943
2016-08-18 03:55:00,191.61975
2016-08-18 04:00:00,191.61975
2016-08-18 04:05:00,191.61975
2016-08-18 04:10:00,191.61975
2016-08-18 04:15:00,191.61975
2016-08-18 04:20:00,191.61975
2016-08-18 04:25:00,191.61975
2016-08-18 04:30:00,191.61975
2016-08-18 04:35:00,191.61975
2016-08-18 04:40:00,191.61975
2016-08-18 04:45:00,191.61975
2016-08-18 04:50:00,191.61975
2016-08-18 04:55:00,191.61975
2016-08-18 05:00:00,191.61975
2016-08-18 05:05:00,191.61975
2016-08-18 05:10:00,191.61975
2016-08-18 05:15:00,191.61975
2016-08-18 05:20:00,191.61975
2016-08-18 05:25:00,191.61975
2016-08-18 05:30:00,191.61975
2016-08-18 05:35:00,191.61975
2016-08-18 05:40:00,191.61975
2016-08-18 05:45:00,191.61975
2016-08-18 05:50:00,191.61975
2016-08-18 05:55:00,191.61975
2016-08-18 06:00:00,191.61975
2016-08-18 06:05:00,191.61975
2016-08-18 06:10:00,191.61975
2016-08-18 06:15:00,191.61975
2016-08-18 06:20:00,191.61975
2016-08-18 06:25:00,191.61975
2016-08-18 06:30:00,191.61975
2016-08-18 06:35:00,191.61975
2016-08-18 06:40:00,191.61975
2016-08-18 06:45:00,191.61975
2016-08-18 06:50:00,191.61975
2016-08-18 06:55:00,191.61975
2016-08-18 07:00:00,191.61975
2016-08-18 07:05:00,191.61975
2016-08-18 07:10:00,191.61975
2016-08-18 07:15:00,191.61975
2016-08-18 07:20:00,191.61975
2016-08-18 07:25:00,191.61975
2016-08-18 07:30:00,191.61975
2016-08-18 07:35:00,191.61975
2016-08-18 07:40:00,191.61975
2016-08-18 07:45:00,191.61975
2016-08-18 07:50:00,191.61975
2016-08-18 07:55:00,191.61975
2016-08-18 08:00:00,191.61975
2016-08-18 08:05:00,191.61975
2016-08-18 08:10:00,191.61975
2016-08-18 08:15:00,191.61975
2016-08-18 08:20:00,191.61975
2016-08-18 08:25:00,191.61975
2016-08-18 08:30:00,191.61975
2016-08-18 08:35:00,191.61975
2016-08-18 08:40:00,191.61975
2016-08-18 08:45:00,191.61975
2016-08-18 08:50:00,191.61975
2016-08-18 08:55:00,191.61975
2016-08-18 09:00:00,191.61975
2016-08-18 09:05:00,191.61975
2016-08-18 09:10:00,191.61975
2016-08-18 09:15:00,191.61975
2016-08-18 09:20:00,191.61975
2016-08-18 09:25:00,191.61975
2016-08-18 09:30:00,191.61975
2016-08-18 09:35:00,191.61975
2016-08-18 09:40:00,191.61975
2016-08-18 09:45:00,191.61975
2016-08-18 09:50:00,191.61975
2016-08-18 09:55:00,191.61975
2016-08-18 10:00:00,191.61975
2016-08-18 10:05:00,191.61975
2016-08-18 10:10:00,191.61975
2016-08-18 10:15:00,191.61975
2016-08-18 10:20:00,191.61975
2016-08-18 10:25:00,191.61975
2016-08-18 10:30:00,191.61975
2016-08-18 10:35:00,191.61975
2016-08-18 10:40:00,191.61975
2016-08-18 10:45:00,191.61975
2016-08-18 10:50:00,191.61975
2016-08-18 10:55:00,191.61975
2016-08-18 11:00:00,191.61975
2016-08-18 11:05:00,191.61975
2016-08-18 11:10:00,191.61975
2016-08-18 11:15:00,191.61975
2016-08-18 11:20:00,191.61975
2016-08-18 11:25:00,191.61975
2016-08-18 11:30:00,191.61975
2016-08-18 11:35:00,191.61975
2016-08-18 11:40:00,191.61975
2016-08-18 11:45:00,191.61975
2016-08-18 11:50:00,191.61975
2016-08-18 11:55:00,191.61975
2016-08-18 12:00:00,191.61975
2016-08-18 12:05:00,191.61975
2016-08-18 12:10:00,191.61975
2016-08-18 12:15:00,191.61975
2016-08-18 12:20:00,191.61975
2016-08-18 12:25:00,191.61975
2016-08-18 12:30:00,191.61975
2016-08-18 12:35:00,191.61975
2016-08-18 12:40:00,191.50104
2016-08-18 12:45:00,189.7214
2016-08-18 12:50:00,184.69406
2016-08-18 12:55:00,178.82753
2016-08-18 13:00:00,174.29347
2016-08-18 13:05:00,171.96623
2016-08-18 13:10:00,172.49678
2016-08-18 13:15:00,175.6019
2016-08-18 13:20:00,180.38692
2016-08-18 13:25:00,185.36516
2016-08-18 13:30:00,188.63148
2016-08-18 13:35:00,190.14507
2016-08-18 13:40:00,190.66043
2016-08-18 13:45:00,190.60457
2016-08-18 13:50:00,189.95853
2016-08-18 13:55:00,188.57387
2016-08-18 14:00:00,186.53136
2016-08-18 14:05:00,184.36508
2016-08-18 14:10:00,181.98369
2016-08-18 14:15:00,179.28864
2016-08-18 14:20:00,176.0987
2016-08-18 14:25:00,174.02048
2016-08-18 14:30:00,175.26634
2016-08-18 14:35:00,176.1783
2016-08-18 14:40:00,172.72218
2016-08-18 14:45:00,164.01665
2016-08-18 14:50:00,154.7535
2016-08-18 14:55:00,148.26695
2016-08-18 15:00:00,142.78688
2016-08-18 15:05:00,137.1323
2016-08-18 15:10:00,131.71333
2016-08-18 15:15:00,126.38774
2016-08-18 15:20:00,121.10941
2016-08-18 15:25:00,116.05497
2016-08-18 15:30:00,111.92255
2016-08-18 15:35:00,110.18685
2016-08-18 15:40:00,109.74791
2016-08-18 15:45:00,109.30381
2016-08-18 15:50:00,109.09192
2016-08-18 15:55:00,108.52397
2016-08-18 16:00:00,107.39693
2016-08-18 16:05:00,106.17142
2016-08-18 16:10:00,105.37295
2016-08-18 16:15:00,104.890015
2016-08-18 16:20:00,104.674644
2016-08-18 16:25:00,104.51538
2016-08-18 16:30:00,103.79513
2016-08-18 16:35:00,101.822044
2016-08-18 16:40:00,98.97268
2016-08-18 16:45:00,95.57921
2016-08-18 16:50:00,91.477486
2016-08-18 16:55:00,86.5773
2016-08-18 17:00:00,81.31261
2016-08-18 17:05:00,75.6072
2016-08-18 17:10:00,69.66116
2016-08-18 17:15:00,64.1117
2016-08-18 17:20:00,59.06905
2016-08-18 17:25:00,54.648464
2016-08-18 17:30:00,50.878788
2016-08-18 17:35:00,47.443027
2016-08-18 17:40:00,43.90726
2016-08-18 17:45:00,40.52573
2016-08-18 17:50:00,37.462902
2016-08-18 17:55:00,34.56445
2016-08-18 18:00:00,31.665977
2016-08-18 18:05:00,29.154015
2016-08-18 18:10:00,27.035255
2016-08-18 18:15:00,25.06564
2016-08-18 18:20:00,22.953661
2016-08-18 18:25:00,20.894262
2016-08-18 18:30:00,18.668722
2016-08-18 18:35:00,16.619469
2016-08-18 18:40:00,14.505812
2016-08-18 18:45:00,12.298917
2016-08-18 18:50:00,10.254741
2016-08-18 18:55:00,8.581786
2016-08-18 19:00:00,6.925767
2016-08-18 19:05:00,5.5646806
2016-08-18 19:10:00,4.3324213
2016-08-18 19:15:00,3.1171029
2016-08-18 19:20:00,2.1933286
2016-08-18 19:25:00,1.6543199
2016-08-18 19:30:00,1.2712502
2016-08-18 19:35:00,1.0034399
2016-08-18 19:40:00,0.7000356
2016-08-18 19:45:00,0.38306993
2016-08-18 19:50:00,0.27628502
2016-08-18 19:55:00,0.17119505
2016-08-18 20:00:00,0.11356498
2016-08-18 20:05:00,0.08305499
2016-08-18 20:10:00,0.07966499
2016-08-18 20:15:00,0.07966499
2016-08-18 20:20:00,0.07796999
2016-08-18 20:25:00,0.07796999
2016-08-18 20:30:00,0.06440999
2016-08-18 20:35:00,0.09152999
2016-08-18 20:40:00,0.08305499
2016-08-18 20:45:00,0.055934995
2016-08-18 20:50:00,0.037289996
2016-08-18 20:55:00,0.011864999
2016-08-18 21:00:00,0.0
2016-08-18 21:05:00,0.0
2016-08-18 21:10:00,0.0
2016-08-18 21:15:00,0.0
2016-08-18 21:20:00,0.0
2016-08-18 21:25:00,0.0
2016-08-18 21:30:00,0.013560001
2016-08-18 21:35:00,0.025424998
2016-08-18 21:40:00,0.035594996
2016-08-18 21:45:00,0.047459997
2016-08-18 21:50:00,0.05932499
2016-08-18 21:55:00,0.08644499
2016-08-18 22:00:00,0.137295
2016-08-18 22:05:00,0.15594001
2016-08-18 22:10:00,0.18306004
2016-08-18 22:15:00,0.17967002
2016-08-18 22:20:00,0.16780497
2016-08-18 22:25:00,0.14068498
2016-08-18 22:30:00,0.15763497
2016-08-18 22:35:00,0.22373997
2016-08-18 22:40:00,0.27289513
2016-08-18 22:45:00,0.30509996
2016-08-18 22:50:00,0.36442494
2016-08-18 22:55:00,0.55935013
2016-08-18 23:00:00,0.9051298
2016-08-18 23:05:00,1.2881994
2016-08-18 23:10:00,1.486515
2016-08-18 23:15:00,1.6305901
2016-08-18 23:20:00,1.611945
2016-08-18 23:25:00,1.6577086
2016-08-18 23:30:00,2.057729
2016-08-18 23:35:00,2.7458997
2016-08-18 23:40:00,3.532379
2016-08-18 23:45:00,4.791763
2016-08-18 23:50:00,6.4172726
2016-08-18 23:55:00,8.376692
2016-08-19 00:00:00,10.432721
2016-08-19 00:05:00,12.066699
2016-08-19 00:10:00,13.334573
2016-08-19 00:15:00,14.5532675
2016-08-19 00:20:00,16.087244
2016-08-19 00:25:00,18.139887
2016-08-19 00:30:00,20.465418
2016-08-19 00:35:00,22.773993
2016-08-19 00:40:00,24.87073
2016-08-19 00:45:00,26.723368
2016-08-19 00:50:00,28.6455
2016-08-19 00:55:00,30.713427
2016-08-19 01:00:00,32.820293
2016-08-19 01:05:00,34.68481
2016-08-19 01:10:00,36.5832
2016-08-19 01:15:00,38.65953
2016-08-19 01:20:00,40.57998
2016-08-19 01:25:00,42.380054
2016-08-19 01:30:00,44.064922
2016-08-19 01:35:00,45.802273
2016-08-19 01:40:00,47.660053
2016-08-19 01:45:00,49.933025
2016-08-19 01:50:00,52.422997
2016-08-19 01:55:00,55.257
2016-08-19 02:00:00,58.997852
2016-08-19 02:05:00,63.18959
2016-08-19 02:10:00,67.571236
2016-08-19 02:15:00,72.562996
2016-08-19 02:20:00,79.212456
2016-08-19 02:25:00,89.56209
2016-08-19 02:30:00,105.56123
2016-08-19 02:35:00,127.75048
2016-08-19 02:40:00,151.76009
2016-08-19 02:45:00,169.92715
2016-08-19 02:50:00,180.9125
2016-08-19 02:55:00,186.46873
2016-08-19 03:00:00,189.05013
2016-08-19 03:05:00,190.32814
2016-08-19 03:10:00,190.90105
2016-08-19 03:15:00,191.20619
2016-08-19 03:20:00,191.3469
2016-08-19 03:25:00,191.40451
2016-08-19 03:30:00,191.44518
2016-08-19 03:35:00,191.44518
2016-08-19 03:40:00,191.44518
2016-08-19 03:45:00,191.47061
2016-08-19 03:50:00,191.50789
2016-08-19 03:55:00,191.52823
2016-08-19 04:00:00,191.55026
2016-08-19 04:05:00,191.58417
2016-08-19 04:10:00,191.5723
2016-08-19 04:15:00,191.5723
2016-08-19 04:20:00,191.5723
2016-08-19 04:25:00,191.5723
2016-08-19 04:30:00,191.5723
2016-08-19 04:35:00,191.5723
2016-08-19 04:40:00,191.5723
2016-08-19 04:45:00,191.5723
2016-08-19 04:50:00,191.5723
2016-08-19 04:55:00,191.5723
2016-08-19 05:00:00,191.56044
2016-08-19 05:05:00,191.56044
2016-08-19 05:10:00,191.56044
2016-08-19 05:15:00,191.54857
2016-08-19 05:20:00,191.5011
2016-08-19 05:25:00,191.41806
2016-08-19 05:30:00,191.33499
2016-08-19 05:35:00,191.29941
2016-08-19 05:40:00,191.31126
2016-08-19 05:45:00,191.31126
2016-08-19 05:50:00,191.33499
2016-08-19 05:55:00,191.40619
2016-08-19 06:00:00,191.51297
2016-08-19 06:05:00,191.56044
2016-08-19 06:10:00,191.58417
2016-08-19 06:15:00,191.59602
2016-08-19 06:20:00,191.59602
2016-08-19 06:25:00,191.59602
2016-08-19 06:30:00,191.6079
2016-08-19 06:35:00,191.61975
2016-08-19 06:40:00,191.61975
2016-08-19 06:45:00,191.61975
2016-08-19 06:50:00,191.61975
2016-08-19 06:55:00,191.61975
2016-08-19 07:00:00,191.61975
2016-08-19 07:05:00,191.61975
2016-08-19 07:10:00,191.61975
2016-08-19 07:15:00,191.61975
2016-08-19 07:20:00,191.61975
2016-08-19 07:25:00,191.61975
2016-08-19 07:30:00,191.61975
2016-08-19 07:35:00,191.61975
2016-08-19 07:40:00,191.61975
2016-08-19 07:45:00,191.61975
2016-08-19 07:50:00,191.61975
2016-08-19 07:55:00,191.61975
2016-08-19 08:00:00,191.61975
2016-08-19 08:05:00,191.61975
2016-08-19 08:10:00,191.61975
2016-08-19 08:15:00,191.61975
2016-08-19 08:20:00,191.61975
2016-08-19 08:25:00,191.61975
2016-08-19 08:30:00,191.61975
2016-08-19 08:35:00,191.61975
2016-08-19 08:40:00,191.61975
2016-08-19 08:45:00,191.61975
2016-08-19 08:50:00,191.61975
2016-08-19 08:55:00,191.61975
2016-08-19 09:00:00,191.61975
2016-08-19 09:05:00,191.61975
2016-08-19 09:10:00,191.61975
2016-08-19 09:15:00,191.61975
2016-08-19 09:20:00,191.61975
2016-08-19 09:25:00,191.61975
2016-08-19 09:30:00,191.61975
2016-08-19 09:35:00,191.61975
2016-08-19 09:40:00,191.61975
2016-08-19 09:45:00,191.61975
2016-08-19 09:50:00,191.61975
2016-08-19 09:55:00,191.61975
2016-08-19 10:00:00,191.61975
2016-08-19 10:05:00,191.61975
2016-08-19 10:10:00,191.61975
2016-08-19 10:15:00,191.61975
2016-08-19 10:20:00,191.61975
2016-08-19 10:25:00,191.61975
2016-08-19 10:30:00,191.61975
2016-08-19 10:35:00,191.61975
2016-08-19 10:40:00,191.61975
2016-08-19 10:45:00,191.61975
2016-08-19 10:50:00,191.61975
2016-08-19 10:55:00,191.61975
2016-08-19 11:00:00,191.61975
2016-08-19 11:05:00,191.61975
2016-08-19 11:10:00,191.61975
2016-08-19 11:15:00,191.61975
2016-08-19 11:20:00,191.61975
2016-08-19 11:25:00,191.61975
2016-08-19 11:30:00,191.61975
2016-08-19 11:35:00,191.61975
2016-08-19 11:40:00,191.61975
2016-08-19 11:45:00,191.61975
2016-08-19 11:50:00,191.61975
2016-08-19 11:55:00,191.61975
2016-08-19 12:00:00,191.61975
2016-08-19 12:05:00,191.61975
2016-08-19 12:10:00,191.61975
2016-08-19 12:15:00,191.61975
2016-08-19 12:20:00,191.61975
2016-08-19 12:25:00,191.61975
2016-08-19 12:30:00,191.61975
2016-08-19 12:35:00,191.61975
2016-08-19 12:40:00,191.61975
2016-08-19 12:45:00,191.61975
2016-08-19 12:50:00,191.61975
2016-08-19 12:55:00,191.61975
2016-08-19 13:00:00,191.61975
2016-08-19 13:05:00,191.61975
2016-08-19 13:10:00,191.61975
2016-08-19 13:15:00,191.61975
2016-08-19 13:20:00,191.61975
2016-08-19 13:25:00,191.61975
2016-08-19 13:30:00,191.61975
2016-08-19 13:35:00,191.61975
2016-08-19 13:40:00,191.61975
2016-08-19 13:45:00,191.61975
2016-08-19 13:50:00,191.61975
2016-08-19 13:55:00,191.61975
2016-08-19 14:00:00,191.61975
2016-08-19 14:05:00,191.61975
2016-08-19 14:10:00,191.61975
2016-08-19 14:15:00,191.61975
2016-08-19 14:20:00,191.61975
2016-08-19 14:25:00,191.61975
2016-08-19 14:30:00,191.61975
2016-08-19 14:35:00,191.61975
2016-08-19 14:40:00,191.61975
2016-08-19 14:45:00,191.61975
2016-08-19 14:50:00,191.61975
2016-08-19 14:55:00,191.61975
2016-08-19 15:00:00,191.61975
2016-08-19 15:05:00,191.61975
2016-08-19 15:10:00,191.61975
2016-08-19 15:15:00,191.6062
2016-08-19 15:20:00,191.56555
2016-08-19 15:25:00,191.55878
2016-08-19 15:30:00,191.52145
2016-08-19 15:35:00,191.4537
2016-08-19 15:40:00,191.38243
2016-08-19 15:45:00,191.25371
2016-08-19 15:50:00,191.06549
2016-08-19 15:55:00,190.85028
2016-08-19 16:00:00,190.65524
2016-08-19 16:05:00,190.452
2016-08-19 16:10:00,190.04677
2016-08-19 16:15:00,189.4279
2016-08-19 16:20:00,188.49576
2016-08-19 16:25:00,187.31953
2016-08-19 16:30:00,185.92126
2016-08-19 16:35:00,184.26848
2016-08-19 16:40:00,182.2802
2016-08-19 16:45:00,179.60904
2016-08-19 16:50:00,176.41048
2016-08-19 16:55:00,173.29337
2016-08-19 17:00:00,170.28314
2016-08-19 17:05:00,167.05241
2016-08-19 17:10:00,163.99811
2016-08-19 17:15:00,161.20462
2016-08-19 17:20:00,159.03691
2016-08-19 17:25:00,157.56224
2016-08-19 17:30:00,156.24008
2016-08-19 17:35:00,154.64334
2016-08-19 17:40:00,152.82451
2016-08-19 17:45:00,150.8024
2016-08-19 17:50:00,148.55154
2016-08-19 17:55:00,145.51244
2016-08-19 18:00:00,142.30038
2016-08-19 18:05:00,139.28333
2016-08-19 18:10:00,136.79675
2016-08-19 18:15:00,134.24925
2016-08-19 18:20:00,131.7863
2016-08-19 18:25:00,130.13356
2016-08-19 18:30:00,129.18782
2016-08-19 18:35:00,128.69116
2016-08-19 18:40:00,128.32841
2016-08-19 18:45:00,127.30978
2016-08-19 18:50:00,125.10789
2016-08-19 18:55:00,122.22307
2016-08-19 19:00:00,118.7348
2016-08-19 19:05:00,114.754814
2016-08-19 19:10:00,110.2751
2016-08-19 19:15:00,105.46291
2016-08-19 19:20:00,100.16262
2016-08-19 19:25:00,94.4776
2016-08-19 19:30:00,88.24
2016-08-19 19:35:00,81.9821
2016-08-19 19:40:00,75.84784
2016-08-19 19:45:00,70.25437
2016-08-19 19:50:00,65.20496
2016-08-19 19:55:00,60.521698
2016-08-19 20:00:00,56.365604
2016-08-19 20:05:00,52.66362
2016-08-19 20:10:00,49.18381
2016-08-19 20:15:00,46.090477
2016-08-19 20:20:00,43.3344
2016-08-19 20:25:00,40.754574
2016-08-19 20:30:00,37.925606
2016-08-19 20:35:00,35.384804
2016-08-19 20:40:00,33.347446
2016-08-19 20:45:00,31.67107
2016-08-19 20:50:00,30.165926
2016-08-19 20:55:00,28.911638
2016-08-19 21:00:00,27.991232
2016-08-19 21:05:00,27.204744
2016-08-19 21:10:00,26.499638
2016-08-19 21:15:00,25.930105
2016-08-19 21:20:00,25.416521
2016-08-19 21:25:00,25.1233
2016-08-19 21:30:00,25.13175
2016-08-19 21:35:00,25.343634
2016-08-19 21:40:00,25.382593
2016-08-19 21:45:00,25.16734
2016-08-19 21:50:00,25.167349
2016-08-19 21:55:00,25.404633
2016-08-19 22:00:00,25.792822
2016-08-19 22:05:00,26.16572
2016-08-19 22:10:00,26.45554
2016-08-19 22:15:00,26.660671
2016-08-19 22:20:00,26.835234
2016-08-19 22:25:00,27.075912
2016-08-19 22:30:00,27.350533
2016-08-19 22:35:00,27.638655
2016-08-19 22:40:00,28.003088
2016-08-19 22:45:00,28.659037
2016-08-19 22:50:00,29.415052
2016-08-19 22:55:00,30.132006
2016-08-19 23:00:00,30.815083
2016-08-19 23:05:00,31.420195
2016-08-19 23:10:00,31.830389
2016-08-19 23:15:00,32.123665
2016-08-19 23:20:00,32.304977
2016-08-19 23:25:00,32.569447
2016-08-19 23:30:00,32.989765
2016-08-19 23:35:00,33.542347
2016-08-19 23:40:00,34.300014
2016-08-19 23:45:00,35.245823
2016-08-19 23:50:00,36.417046
2016-08-19 23:55:00,37.66627
2016-08-20 00:00:00,38.703636
2016-08-20 00:05:00,39.729095
2016-08-20 00:10:00,40.96305
2016-08-20 00:15:00,42.146194
2016-08-20 00:20:00,43.127567
2016-08-20 00:25:00,44.195404
2016-08-20 00:30:00,45.146328
2016-08-20 00:35:00,45.900597
2016-08-20 00:40:00,46.28871
2016-08-20 00:45:00,46.636227
2016-08-20 00:50:00,47.000614
2016-08-20 00:55:00,47.404022
2016-08-20 01:00:00,47.612526
2016-08-20 01:05:00,47.863388
2016-08-20 01:10:00,48.159985
2016-08-20 01:15:00,48.265083
2016-08-20 01:20:00,48.05153
2016-08-20 01:25:00,47.77526
2016-08-20 01:30:00,47.81758
2016-08-20 01:35:00,48.3431
2016-08-20 01:40:00,49.363438
2016-08-20 01:45:00,50.611
2016-08-20 01:50:00,51.672073
2016-08-20 01:55:00,52.478886
2016-08-20 02:00:00,54.365456
2016-08-20 02:05:00,57.084187
2016-08-20 02:10:00,60.081017
2016-08-20 02:15:00,63.58289
2016-08-20 02:20:00,67.60509
2016-08-20 02:25:00,72.439224
2016-08-20 02:30:00,78.000496
2016-08-20 02:35:00,83.95341
2016-08-20 02:40:00,90.10618
2016-08-20 02:45:00,96.13533
2016-08-20 02:50:00,101.761
2016-08-20 02:55:00,107.36296
2016-08-20 03:00:00,112.29548
2016-08-20 03:05:00,116.24985
2016-08-20 03:10:00,119.456894
2016-08-20 03:15:00,122.031555
2016-08-20 03:20:00,123.68586
2016-08-20 03:25:00,124.54182
2016-08-20 03:30:00,124.96389
2016-08-20 03:35:00,125.68766
2016-08-20 03:40:00,126.79442
2016-08-20 03:45:00,128.46228
2016-08-20 03:50:00,130.73694
2016-08-20 03:55:00,132.56601
2016-08-20 04:00:00,133.3051
2016-08-20 04:05:00,132.78969
2016-08-20 04:10:00,131.17268
2016-08-20 04:15:00,128.47762
2016-08-20 04:20:00,125.29953
2016-08-20 04:25:00,121.78239
2016-08-20 04:30:00,118.04318
2016-08-20 04:35:00,114.45827
2016-08-20 04:40:00,111.334404
2016-08-20 04:45:00,108.62749
2016-08-20 04:50:00,105.65276
2016-08-20 04:55:00,102.84073
2016-08-20 05:00:00,100.28134
2016-08-20 05:05:00,98.10158
2016-08-20 05:10:00,96.15397
2016-08-20 05:15:00,94.42172
2016-08-20 05:20:00,92.423325
2016-08-20 05:25:00,90.221405
2016-08-20 05:30:00,88.09585
2016-08-20 05:35:00,86.12802
2016-08-20 05:40:00,83.93981
2016-08-20 05:45:00,81.731155
2016-08-20 05:50:00,79.78696
2016-08-20 05:55:00,77.76498
2016-08-20 06:00:00,75.805435
2016-08-20 06:05:00,74.024025
2016-08-20 06:10:00,72.63586
2016-08-20 06:15:00,71.04596
2016-08-20 06:20:00,69.198364
2016-08-20 06:25:00,67.194855
2016-08-20 06:30:00,65.25242
2016-08-20 06:35:00,63.484516
2016-08-20 06:40:00,61.74377
2016-08-20 06:45:00,60.13182
2016-08-20 06:50:00,58.550453
2016-08-20 06:55:00,57.326584
2016-08-20 07:00:00,56.340153
2016-08-20 07:05:00,55.473988
2016-08-20 07:10:00,55.08069
2016-08-20 07:15:00,55.68757
2016-08-20 07:20:00,57.511375
2016-08-20 07:25:00,59.769104
2016-08-20 07:30:00,61.61496
2016-08-20 07:35:00,62.635384
2016-08-20 07:40:00,62.69637
2016-08-20 07:45:00,61.747177
2016-08-20 07:50:00,60.196228
2016-08-20 07:55:00,57.675808
2016-08-20 08:00:00,54.463722
2016-08-20 08:05:00,51.00589
2016-08-20 08:10:00,47.99055
2016-08-20 08:15:00,45.590446
2016-08-20 08:20:00,43.70219
2016-08-20 08:25:00,42.25126
2016-08-20 08:30:00,41.054592
2016-08-20 08:35:00,40.027424
2016-08-20 08:40:00,39.13755
2016-08-20 08:45:00,38.26123
2016-08-20 08:50:00,37.213688
2016-08-20 08:55:00,35.97638
2016-08-20 09:00:00,34.403404
2016-08-20 09:05:00,32.603333
2016-08-20 09:10:00,30.85071
2016-08-20 09:15:00,29.39301
2016-08-20 09:20:00,28.084452
2016-08-20 09:25:00,26.78271
2016-08-20 09:30:00,25.616545
2016-08-20 09:35:00,24.758884
2016-08-20 09:40:00,24.07411
2016-08-20 09:45:00,23.560513
2016-08-20 09:50:00,23.38931
2016-08-20 09:55:00,23.2995
2016-08-20 10:00:00,23.235086
2016-08-20 10:05:00,23.289307
2016-08-20 10:10:00,23.531689
2016-08-20 10:15:00,23.697786
2016-08-20 10:20:00,23.550331
2016-08-20 10:25:00,23.491
2016-08-20 10:30:00,23.445257
2016-08-20 10:35:00,22.931656
2016-08-20 10:40:00,22.175674
2016-08-20 10:45:00,21.540052
2016-08-20 10:50:00,20.836628
2016-08-20 10:55:00,19.951834
2016-08-20 11:00:00,19.04841
2016-08-20 11:05:00,18.217857
2016-08-20 11:10:00,17.750044
2016-08-20 11:15:00,17.34663
2016-08-20 11:20:00,16.999166
2016-08-20 11:25:00,16.209286
2016-08-20 11:30:00,15.104145
2016-08-20 11:35:00,13.966793
2016-08-20 11:40:00,12.520959
2016-08-20 11:45:00,10.985291
2016-08-20 11:50:00,9.597087
2016-08-20 11:55:00,8.251259
2016-08-20 12:00:00,0.67291564
2016-08-20 12:05:00,0.43053025
2016-08-20 12:10:00,0.22882506
2016-08-20 12:15:00,0.12203998
2016-08-20 12:20:00,0.05762999
2016-08-20 12:25:00,0.015254999
2016-08-20 12:30:00,0.0067800004
2016-08-20 12:35:00,0.0
2016-08-20 12:40:00,0.0
2016-08-20 12:45:00,0.0
2016-08-20 12:50:00,0.0
2016-08-20 12:55:00,0.0
2016-08-20 13:00:00,0.0
2016-08-20 13:05:00,0.0
2016-08-20 13:10:00,0.0
2016-08-20 13:15:00,0.0
2016-08-20 13:20:00,0.0
2016-08-20 13:25:00,0.0
2016-08-20 13:30:00,0.0
2016-08-20 13:35:00,0.0
2016-08-20 13:40:00,0.0
2016-08-20 13:45:00,0.0
2016-08-20 13:50:00,0.0
2016-08-20 13:55:00,0.0
2016-08-20 14:00:00,0.0
2016-08-20 14:05:00,0.0
2016-08-20 14:10:00,0.0
2016-08-20 14:15:00,0.0
2016-08-20 14:20:00,0.0
2016-08-20 14:25:00,0.0
2016-08-20 14:30:00,0.0
2016-08-20 14:35:00,0.0
2016-08-20 14:40:00,0.0
2016-08-20 14:45:00,0.0
2016-08-20 14:50:00,0.0
2016-08-20 14:55:00,0.0
2016-08-20 15:00:00,0.0
2016-08-20 15:05:00,0.0
2016-08-20 15:10:00,0.0
2016-08-20 15:15:00,0.0
2016-08-20 15:20:00,0.0
2016-08-20 15:25:00,0.0
2016-08-20 15:30:00,0.0
2016-08-20 15:35:00,0.0
2016-08-20 15:40:00,0.0
2016-08-20 15:45:00,0.0
2016-08-20 15:50:00,0.0
2016-08-20 15:55:00,0.0
2016-08-20 16:00:00,0.0
2016-08-20 16:05:00,0.0
2016-08-20 16:10:00,0.0
2016-08-20 16:15:00,0.0
2016-08-20 16:20:00,0.0
2016-08-20 16:25:00,0.0
2016-08-20 16:30:00,0.0
2016-08-20 16:35:00,0.0
2016-08-20 16:40:00,0.0
2016-08-20 16:45:00,0.0
2016-08-20 16:50:00,0.0
2016-08-20 16:55:00,0.0
2016-08-20 17:00:00,0.0
2016-08-20 17:05:00,0.05593499
2016-08-20 17:10:00,0.08305499
2016-08-20 17:15:00,0.07627499
2016-08-20 17:20:00,0.12373498
2016-08-20 17:25:00,0.177975
2016-08-20 17:30:00,0.22713019
2016-08-20 17:35:00,0.23560512
2016-08-20 17:40:00,0.23560505
2016-08-20 17:45:00,0.24747013
2016-08-20 17:50:00,0.36612046
2016-08-20 17:55:00,0.46103987
2016-08-20 18:00:00,0.4542599
2016-08-20 18:05:00,0.41357982
2016-08-20 18:10:00,0.37290007
2016-08-20 18:15:00,0.2915402
2016-08-20 18:20:00,0.25085998
2016-08-20 18:25:00,0.20340006
2016-08-20 18:30:00,0.20509513
2016-08-20 18:35:00,0.16102505
2016-08-20 18:40:00,0.13221002
2016-08-20 18:45:00,0.12882
2016-08-20 18:50:00,0.07118999
2016-08-20 18:55:00,0.047459997
2016-08-20 19:00:00,0.011864999
2016-08-20 19:05:00,0.0
2016-08-20 19:10:00,0.0
2016-08-20 19:15:00,0.0
2016-08-20 19:20:00,0.0
2016-08-20 19:25:00,0.0
2016-08-20 19:30:00,0.0
2016-08-20 19:35:00,0.0
2016-08-20 19:40:00,0.0
2016-08-20 19:45:00,0.0
2016-08-20 19:50:00,0.0
2016-08-20 19:55:00,0.0
2016-08-20 20:00:00,0.0
2016-08-20 20:05:00,0.0
2016-08-20 20:10:00,0.0
2016-08-20 20:15:00,0.0
2016-08-20 20:20:00,0.0
2016-08-20 20:25:00,0.0
2016-08-20 20:30:00,0.0
2016-08-20 20:35:00,0.0
2016-08-20 20:40:00,0.0
2016-08-20 20:45:00,0.0
2016-08-20 20:50:00,0.0
2016-08-20 20:55:00,0.0
2016-08-20 21:00:00,0.0
2016-08-20 21:05:00,0.0
2016-08-20 21:10:00,0.0
2016-08-20 21:15:00,0.0
2016-08-20 21:20:00,0.0
2016-08-20 21:25:00,0.0
2016-08-20 21:30:00,0.016949998
2016-08-20 21:35:00,0.033899996
2016-08-20 21:40:00,0.033899996
2016-08-20 21:45:00,0.050849993
2016-08-20 21:50:00,0.08474999
2016-08-20 21:55:00,0.101699986
2016-08-20 22:00:00,0.11865002
2016-08-20 22:05:00,0.13559999
2016-08-20 22:10:00,0.18814497
2016-08-20 22:15:00,0.24238501
2016-08-20 22:20:00,0.279675
2016-08-20 22:25:00,0.37289992
2016-08-20 22:30:00,0.52884024
2016-08-20 22:35:00,0.6000302
2016-08-20 22:40:00,0.63901526
2016-08-20 22:45:00,0.64579475
2016-08-20 22:50:00,0.5457901
2016-08-20 22:55:00,0.452565
2016-08-20 23:00:00,0.4610401
2016-08-20 23:05:00,0.49833
2016-08-20 23:10:00,0.60850537
2016-08-20 23:15:00,0.6966452
2016-08-20 23:20:00,0.75427526
2016-08-20 23:25:00,0.9441151
2016-08-20 23:30:00,1.07124
2016-08-20 23:35:00,1.3373541
2016-08-20 23:40:00,1.6509302
2016-08-20 23:45:00,2.0577295
2016-08-20 23:50:00,2.4950383
2016-08-20 23:55:00,3.0052338
2016-08-21 00:00:00,3.3459303
2016-08-21 00:05:00,3.7662923
2016-08-21 00:10:00,4.122239
2016-08-21 00:15:00,4.393444
2016-08-21 00:20:00,4.679898
2016-08-21 00:25:00,4.9663515
2016-08-21 00:30:00,5.3443356
2016-08-21 00:35:00,5.681642
2016-08-21 00:40:00,6.027419
2016-08-21 00:45:00,6.554566
2016-08-21 00:50:00,7.2325697
2016-08-21 00:55:00,8.1410885
2016-08-21 01:00:00,9.156385
2016-08-21 01:05:00,10.100506
2016-08-21 01:10:00,10.9700365
2016-08-21 01:15:00,11.722626
2016-08-21 01:20:00,12.500621
2016-08-21 01:25:00,13.295583
2016-08-21 01:30:00,13.997307
2016-08-21 01:35:00,14.660048
2016-08-21 01:40:00,15.4601
2016-08-21 01:45:00,16.253353
2016-08-21 01:50:00,17.470358
2016-08-21 01:55:00,19.216227
2016-08-21 02:00:00,21.234983
2016-08-21 02:05:00,23.436779
2016-08-21 02:10:00,25.686037
2016-08-21 02:15:00,27.697985
2016-08-21 02:20:00,28.514988
2016-08-21 02:25:00,27.138649
2016-08-21 02:30:00,23.62661
2016-08-21 02:35:00,18.282282
2016-08-21 02:40:00,12.375196
2016-08-21 02:45:00,7.4105387
2016-08-21 02:50:00,4.822274
2016-08-21 02:55:00,4.9612627
2016-08-21 03:00:00,5.910463
2016-08-21 03:05:00,6.537612
2016-08-21 03:10:00,6.3443856
2016-08-21 03:15:00,5.5206127
2016-08-21 03:20:00,4.283265
2016-08-21 03:25:00,3.0781198
2016-08-21 03:30:00,2.2204502
2016-08-21 03:35:00,1.6051646
2016-08-21 03:40:00,1.18311
2016-08-21 03:45:00,0.89835
2016-08-21 03:50:00,0.72545993
2016-08-21 03:55:00,0.9424199
2016-08-21 04:00:00,2.1119704
2016-08-21 04:05:00,4.0510497
2016-08-21 04:10:00,6.69356
2016-08-21 04:15:00,9.07503
2016-08-21 04:20:00,11.007328
2016-08-21 04:25:00,13.465073
2016-08-21 04:30:00,16.621166
2016-08-21 04:35:00,20.206093
2016-08-21 04:40:00,24.94192
2016-08-21 04:45:00,30.548996
2016-08-21 04:50:00,35.756035
2016-08-21 04:55:00,39.685043
2016-08-21 05:00:00,42.13604
2016-08-21 05:05:00,43.80041
2016-08-21 05:10:00,45.84638
2016-08-21 05:15:00,49.787205
2016-08-21 05:20:00,59.45555
2016-08-21 05:25:00,76.40385
2016-08-21 05:30:00,93.11991
2016-08-21 05:35:00,107.7019
2016-08-21 05:40:00,120.58047
2016-08-21 05:45:00,128.65555
2016-08-21 05:50:00,130.54727
2016-08-21 05:55:00,126.05881
2016-08-21 06:00:00,119.50598
2016-08-21 06:05:00,113.72434
2016-08-21 06:10:00,108.517235
2016-08-21 06:15:00,103.16107
2016-08-21 06:20:00,97.99638
2016-08-21 06:25:00,93.11318
2016-08-21 06:30:00,88.531624
2016-08-21 06:35:00,83.97034
2016-08-21 06:40:00,79.23611
2016-08-21 06:45:00,74.65972
2016-08-21 06:50:00,70.68155
2016-08-21 06:55:00,68.30687
2016-08-21 07:00:00,67.65427
2016-08-21 07:05:00,67.65595
2016-08-21 07:10:00,67.59494
2016-08-21 07:15:00,67.11862
2016-08-21 07:20:00,65.45413
2016-08-21 07:25:00,61.914948
2016-08-21 07:30:00,56.17224
2016-08-21 07:35:00,48.417698
2016-08-21 07:40:00,39.41383
2016-08-21 07:45:00,30.309977
2016-08-21 07:50:00,22.323162
2016-08-21 07:55:00,15.904183
2016-08-21 08:00:00,10.7785015
2016-08-21 08:05:00,6.952887
2016-08-21 08:10:00,4.162915
2016-08-21 08:15:00,2.47131
2016-08-21 08:20:00,1.511941
2016-08-21 08:25:00,1.1220905
2016-08-21 08:30:00,1.1119202
2016-08-21 08:35:00,1.3288795
2016-08-21 08:40:00,1.8102599
2016-08-21 08:45:00,2.428935
2016-08-21 08:50:00,3.1103249
2016-08-21 08:55:00,3.8544288
2016-08-21 09:00:00,4.6731153
2016-08-21 09:05:00,5.547736
2016-08-21 09:10:00,6.471508
2016-08-21 09:15:00,7.4071503
2016-08-21 09:20:00,8.374997
2016-08-21 09:25:00,9.320801
2016-08-21 09:30:00,10.358145
2016-08-21 09:35:00,11.539562
2016-08-21 09:40:00,13.104042
2016-08-21 09:45:00,15.393993
2016-08-21 09:50:00,18.6145
2016-08-21 09:55:00,22.567223
2016-08-21 10:00:00,27.116629
2016-08-21 10:05:00,32.052452
2016-08-21 10:10:00,37.19
2016-08-21 10:15:00,42.66654
2016-08-21 10:20:00,49.046535
2016-08-21 10:25:00,56.816376
2016-08-21 10:30:00,66.45414
2016-08-21 10:35:00,77.9175
2016-08-21 10:40:00,91.02997
2016-08-21 10:45:00,104.354416
2016-08-21 10:50:00,115.69731
2016-08-21 10:55:00,125.051926
2016-08-21 11:00:00,132.91684
2016-08-21 11:05:00,139.5917
2016-08-21 11:10:00,144.99704
2016-08-21 11:15:00,149.48372
2016-08-21 11:20:00,152.9806
2016-08-21 11:25:00,155.39084
2016-08-21 11:30:00,157.21466
2016-08-21 11:35:00,158.86903
2016-08-21 11:40:00,160.95886
2016-08-21 11:45:00,163.75052
2016-08-21 11:50:00,167.1117
2016-08-21 11:55:00,171.38992
2016-08-21 12:00:00,184.66853
2016-08-21 12:05:00,184.69408
2016-08-21 12:10:00,184.4295
2016-08-21 12:15:00,184.23811
2016-08-21 12:20:00,184.43805
2016-08-21 12:25:00,185.0771
2016-08-21 12:30:00,185.90251
2016-08-21 12:35:00,187.11452
2016-08-21 12:40:00,188.6636
2016-08-21 12:45:00,190.26045
2016-08-21 12:50:00,191.06038
2016-08-21 12:55:00,191.47571
2016-08-21 13:00:00,191.5367
2016-08-21 13:05:00,191.39432
2016-08-21 13:10:00,191.16888
2016-08-21 13:15:00,190.99092
2016-08-21 13:20:00,190.91972
2016-08-21 13:25:00,191.0265
2016-08-21 13:30:00,191.21634
2016-08-21 13:35:00,191.45364
2016-08-21 13:40:00,191.54857
2016-08-21 13:45:00,191.6079
2016-08-21 13:50:00,191.61975
2016-08-21 13:55:00,191.61975
2016-08-21 14:00:00,191.61975
2016-08-21 14:05:00,191.61975
2016-08-21 14:10:00,191.61975
2016-08-21 14:15:00,191.61975
2016-08-21 14:20:00,191.61975
2016-08-21 14:25:00,191.61975
2016-08-21 14:30:00,191.61975
2016-08-21 14:35:00,191.6079
2016-08-21 14:40:00,191.5723
2016-08-21 14:45:00,191.41806
2016-08-21 14:50:00,191.01802
2016-08-21 14:55:00,190.58241
2016-08-21 15:00:00,190.20444
2016-08-21 15:05:00,189.78577
2016-08-21 15:10:00,189.34338
2016-08-21 15:15:00,189.04166
2016-08-21 15:20:00,188.90437
2016-08-21 15:25:00,188.91115
2016-08-21 15:30:00,188.97386
2016-08-21 15:35:00,188.97725
2016-08-21 15:40:00,188.962
2016-08-21 15:45:00,189.0298
2016-08-21 15:50:00,189.04166
2016-08-21 15:55:00,189.0637
2016-08-21 16:00:00,189.0654
2016-08-21 16:05:00,189.09421
2016-08-21 16:10:00,189.10606
2016-08-21 16:15:00,189.11455
2016-08-21 16:20:00,189.1332
2016-08-21 16:25:00,189.25862
2016-08-21 16:30:00,189.3654
2016-08-21 16:35:00,189.41118
2016-08-21 16:40:00,189.36201
2016-08-21 16:45:00,189.2349
2016-08-21 16:50:00,189.13997
2016-08-21 16:55:00,189.1315
2016-08-21 17:00:00,189.22641
2016-08-21 17:05:00,189.41795
2016-08-21 17:10:00,189.71628
2016-08-21 17:15:00,190.0095
2016-08-21 17:20:00,190.2485
2016-08-21 17:25:00,190.42647
2016-08-21 17:30:00,190.58919
2016-08-21 17:35:00,190.73157
2016-08-21 17:40:00,190.86209
2016-08-21 17:45:00,191.01465
2016-08-21 17:50:00,191.1333
2016-08-21 17:55:00,191.24008
2016-08-21 18:00:00,191.34686
2016-08-21 18:05:00,191.42992
2016-08-21 18:10:00,191.48924
2016-08-21 18:15:00,191.51297
2016-08-21 18:20:00,191.52484
2016-08-21 18:25:00,191.56044
2016-08-21 18:30:00,191.58417
2016-08-21 18:35:00,191.6079
2016-08-21 18:40:00,191.6079
2016-08-21 18:45:00,191.6079
2016-08-21 18:50:00,191.6079
2016-08-21 18:55:00,191.6079
2016-08-21 19:00:00,191.59602
2016-08-21 19:05:00,191.5723
2016-08-21 19:10:00,191.54857
2016-08-21 19:15:00,191.5367
2016-08-21 19:20:00,191.5367
2016-08-21 19:25:00,191.54857
2016-08-21 19:30:00,191.56044
2016-08-21 19:35:00,191.56044
2016-08-21 19:40:00,191.5723
2016-08-21 19:45:00,191.58417
2016-08-21 19:50:00,191.59602
2016-08-21 19:55:00,191.6079
2016-08-21 20:00:00,191.6079
2016-08-21 20:05:00,191.6079
2016-08-21 20:10:00,191.6079
2016-08-21 20:15:00,191.6079
2016-08-21 20:20:00,191.6079
2016-08-21 20:25:00,191.61975
2016-08-21 20:30:00,191.61975
2016-08-21 20:35:00,191.61975
2016-08-21 20:40:00,191.61975
2016-08-21 20:45:00,191.61975
2016-08-21 20:50:00,191.61975
2016-08-21 20:55:00,191.61975
2016-08-21 21:00:00,191.61975
2016-08-21 21:05:00,191.61975
2016-08-21 21:10:00,191.61975
2016-08-21 21:15:00,191.61975
2016-08-21 21:20:00,191.61975
2016-08-21 21:25:00,191.61975
2016-08-21 21:30:00,191.61975
2016-08-21 21:35:00,191.61975
2016-08-21 21:40:00,191.61975
2016-08-21 21:45:00,191.61975
2016-08-21 21:50:00,191.61975
2016-08-21 21:55:00,191.61975
2016-08-21 22:00:00,191.61975
2016-08-21 22:05:00,191.61975
2016-08-21 22:10:00,191.61975
2016-08-21 22:15:00,191.61975
2016-08-21 22:20:00,191.61975
2016-08-21 22:25:00,191.61975
2016-08-21 22:30:00,191.61975
2016-08-21 22:35:00,191.61975
2016-08-21 22:40:00,191.61975
2016-08-21 22:45:00,191.61975
2016-08-21 22:50:00,191.61975
2016-08-21 22:55:00,191.61975
2016-08-21 23:00:00,191.61975
2016-08-21 23:05:00,191.61975
2016-08-21 23:10:00,191.61975
2016-08-21 23:15:00,191.61975
2016-08-21 23:20:00,191.61975
2016-08-21 23:25:00,191.61975
2016-08-21 23:30:00,191.61975
2016-08-21 23:35:00,191.61975
2016-08-21 23:40:00,191.61975
2016-08-21 23:45:00,191.61975
2016-08-21 23:50:00,191.61975
2016-08-21 23:55:00,191.61975
2016-08-22 00:00:00,191.61975
2016-08-22 00:05:00,191.61975
2016-08-22 00:10:00,191.61975
2016-08-22 00:15:00,191.61975
2016-08-22 00:20:00,191.61975
2016-08-22 00:25:00,191.61975
2016-08-22 00:30:00,191.61975
2016-08-22 00:35:00,191.61975
2016-08-22 00:40:00,191.61975
2016-08-22 00:45:00,191.61975
2016-08-22 00:50:00,191.61975
2016-08-22 00:55:00,191.61975
2016-08-22 01:00:00,191.61975
2016-08-22 01:05:00,191.61975
2016-08-22 01:10:00,191.61975
2016-08-22 01:15:00,191.61975
2016-08-22 01:20:00,191.61975
2016-08-22 01:25:00,191.61975
2016-08-22 01:30:00,191.61975
2016-08-22 01:35:00,191.61975
2016-08-22 01:40:00,191.61975
2016-08-22 01:45:00,191.61975
2016-08-22 01:50:00,191.61975
2016-08-22 01:55:00,191.61975
2016-08-22 02:00:00,191.61975
2016-08-22 02:05:00,191.61975
2016-08-22 02:10:00,191.61975
2016-08-22 02:15:00,191.61975
2016-08-22 02:20:00,191.61975
2016-08-22 02:25:00,191.61975
2016-08-22 02:30:00,191.61975
2016-08-22 02:35:00,191.61975
2016-08-22 02:40:00,191.61975
2016-08-22 02:45:00,191.61975
2016-08-22 02:50:00,191.61975
2016-08-22 02:55:00,191.61975
2016-08-22 03:00:00,191.61975
2016-08-22 03:05:00,191.61975
2016-08-22 03:10:00,191.61975
2016-08-22 03:15:00,191.58417
2016-08-22 03:20:00,191.51297
2016-08-22 03:25:00,191.25194
2016-08-22 03:30:00,190.88412
2016-08-22 03:35:00,190.17223
2016-08-22 03:40:00,188.84164
2016-08-22 03:45:00,187.08733
2016-08-22 03:50:00,184.98723
2016-08-22 03:55:00,183.05153
2016-08-22 04:00:00,181.45316
2016-08-22 04:05:00,180.40562
2016-08-22 04:10:00,179.85307
2016-08-22 04:15:00,179.9395
2016-08-22 04:20:00,180.71921
2016-08-22 04:25:00,182.15315
2016-08-22 04:30:00,184.0228
2016-08-22 04:35:00,186.05167
2016-08-22 04:40:00,187.6755
2016-08-22 04:45:00,188.43147
2016-08-22 04:50:00,188.50943
2016-08-22 04:55:00,188.0586
2016-08-22 05:00:00,186.61101
2016-08-22 05:05:00,183.8651
2016-08-22 05:10:00,179.52422
2016-08-22 05:15:00,174.47653
2016-08-22 05:20:00,170.06111
2016-08-22 05:25:00,167.03545
2016-08-22 05:30:00,165.26935
2016-08-22 05:35:00,163.53531
2016-08-22 05:40:00,160.62329
2016-08-22 05:45:00,156.32303
2016-08-22 05:50:00,151.38893
2016-08-22 05:55:00,147.22258
2016-08-22 06:00:00,144.58011
2016-08-22 06:05:00,143.08852
2016-08-22 06:10:00,141.41383
2016-08-22 06:15:00,138.39673
2016-08-22 06:20:00,133.95924
2016-08-22 06:25:00,127.974205
2016-08-22 06:30:00,121.08908
2016-08-22 06:35:00,114.63968
2016-08-22 06:40:00,108.9071
2016-08-22 06:45:00,102.79671
2016-08-22 06:50:00,94.80814
2016-08-22 06:55:00,84.4585
2016-08-22 07:00:00,72.95114
2016-08-22 07:05:00,62.038715
2016-08-22 07:10:00,51.8314
2016-08-22 07:15:00,42.100414
2016-08-22 07:20:00,33.48135
2016-08-22 07:25:00,27.121696
2016-08-22 07:30:00,22.918087
2016-08-22 07:35:00,20.180672
2016-08-22 07:40:00,18.444992
2016-08-22 07:45:00,17.494097
2016-08-22 07:50:00,17.20764
2016-08-22 07:55:00,17.378843
2016-08-22 08:00:00,17.707663
2016-08-22 08:05:00,17.922928
2016-08-22 08:10:00,17.938183
2016-08-22 08:15:00,17.766987
2016-08-22 08:20:00,16.936434
2016-08-22 08:25:00,15.236359
2016-08-22 08:30:00,12.568423
2016-08-22 08:35:00,9.656413
2016-08-22 08:40:00,7.3512144
2016-08-22 08:45:00,5.481629
2016-08-22 08:50:00,3.6374712
2016-08-22 08:55:00,1.9238249
2016-08-22 09:00:00,0.6813896
2016-08-22 09:05:00,0.16441497
2016-08-22 09:10:00,0.05593499
2016-08-22 09:15:00,0.15933003
2016-08-22 09:20:00,0.3474753
2016-08-22 09:25:00,0.6746099
2016-08-22 09:30:00,1.2932847
2016-08-22 09:35:00,2.4052045
2016-08-22 09:40:00,4.242585
2016-08-22 09:45:00,6.073184
2016-08-22 09:50:00,7.36308
2016-08-22 09:55:00,8.213968
2016-08-22 10:00:00,9.005539
2016-08-22 10:05:00,10.371706
2016-08-22 10:10:00,12.188745
2016-08-22 10:15:00,13.992221
2016-08-22 10:20:00,15.149904
2016-08-22 10:25:00,15.278733
2016-08-22 10:30:00,14.666843
2016-08-22 10:35:00,13.866803
2016-08-22 10:40:00,13.553217
2016-08-22 10:45:00,13.929517
2016-08-22 10:50:00,14.4041195
2016-08-22 10:55:00,14.597343
2016-08-22 11:00:00,14.3990345
2016-08-22 11:05:00,14.036304
2016-08-22 11:10:00,13.390503
2016-08-22 11:15:00,12.802332
2016-08-22 11:20:00,12.34637
2016-08-22 11:25:00,11.878559
2016-08-22 11:30:00,11.422594
2016-08-22 11:35:00,10.802223
2016-08-22 11:40:00,9.947956
2016-08-22 11:45:00,9.256388
2016-08-22 11:50:00,8.675015
2016-08-22 11:55:00,8.091931
2016-08-22 12:00:00,7.3410473
2016-08-22 12:05:00,2.2051938
2016-08-22 12:10:00,1.4627848
2016-08-22 12:15:00,0.6746101
2016-08-22 12:20:00,0.34069517
2016-08-22 12:25:00,0.127125
2016-08-22 12:30:00,0.016949998
2016-08-22 12:35:00,0.035594996
2016-08-22 12:40:00,0.047459997
2016-08-22 12:45:00,0.047459997
2016-08-22 12:50:00,0.049154993
2016-08-22 12:55:00,0.07627499
2016-08-22 13:00:00,0.08813999
2016-08-22 13:05:00,0.07627499
2016-08-22 13:10:00,0.037289996
2016-08-22 13:15:00,0.011864999
2016-08-22 13:20:00,0.0
2016-08-22 13:25:00,0.0
2016-08-22 13:30:00,0.0
2016-08-22 13:35:00,0.0
2016-08-22 13:40:00,0.0
2016-08-22 13:45:00,0.0
2016-08-22 13:50:00,0.0
2016-08-22 13:55:00,0.0
2016-08-22 14:00:00,0.08305499
2016-08-22 14:05:00,0.21187498
2016-08-22 14:10:00,0.26272514
2016-08-22 14:15:00,0.27120012
2016-08-22 14:20:00,0.16949998
2016-08-22 14:25:00,0.06949499
2016-08-22 14:30:00,0.033899996
2016-08-22 14:35:00,0.016949998
2016-08-22 14:40:00,0.0
2016-08-22 14:45:00,0.0
2016-08-22 14:50:00,0.0
2016-08-22 14:55:00,0.0
2016-08-22 15:00:00,0.0
2016-08-22 15:05:00,0.0
2016-08-22 15:10:00,0.0
2016-08-22 15:15:00,0.0
2016-08-22 15:20:00,0.0
2016-08-22 15:25:00,0.0
2016-08-22 15:30:00,0.0
2016-08-22 15:35:00,0.0
2016-08-22 15:40:00,0.0
2016-08-22 15:45:00,0.0
2016-08-22 15:50:00,0.0
2016-08-22 15:55:00,0.0
2016-08-22 16:00:00,0.0
2016-08-22 16:05:00,0.0
2016-08-22 16:10:00,0.0
2016-08-22 16:15:00,0.0
2016-08-22 16:20:00,0.0
2016-08-22 16:25:00,0.0
2016-08-22 16:30:00,0.0
2016-08-22 16:35:00,0.0
2016-08-22 16:40:00,0.0
2016-08-22 16:45:00,0.0
2016-08-22 16:50:00,0.0
2016-08-22 16:55:00,0.0
2016-08-22 17:00:00,0.0
2016-08-22 17:05:00,0.0
2016-08-22 17:10:00,0.0
2016-08-22 17:15:00,0.0
2016-08-22 17:20:00,0.0
2016-08-22 17:25:00,0.0
2016-08-22 17:30:00,0.0
2016-08-22 17:35:00,0.0
2016-08-22 17:40:00,0.0
2016-08-22 17:45:00,0.0
2016-08-22 17:50:00,0.0
2016-08-22 17:55:00,0.0067800004
2016-08-22 18:00:00,0.030509997
2016-08-22 18:05:00,0.054239992
2016-08-22 18:10:00,0.08135999
2016-08-22 18:15:00,0.13220999
2016-08-22 18:20:00,0.28645515
2016-08-22 18:25:00,0.44748008
2016-08-22 18:30:00,0.5627403
2016-08-22 18:35:00,0.6881703
2016-08-22 18:40:00,0.8627548
2016-08-22 18:45:00,1.2220954
2016-08-22 18:50:00,1.6187252
2016-08-22 18:55:00,2.1289196
2016-08-22 19:00:00,2.6899662
2016-08-22 19:05:00,3.3662696
2016-08-22 19:10:00,4.156139
2016-08-22 19:15:00,4.8273587
2016-08-22 19:20:00,5.5341806
2016-08-22 19:25:00,6.2545514
2016-08-22 19:30:00,7.086802
2016-08-22 19:35:00,8.017349
2016-08-22 19:40:00,8.961465
2016-08-22 19:45:00,10.136104
2016-08-22 19:50:00,11.429388
2016-08-22 19:55:00,12.515892
2016-08-22 20:00:00,13.215917
2016-08-22 20:05:00,13.619336
2016-08-22 20:10:00,13.897311
2016-08-22 20:15:00,14.261731
2016-08-22 20:20:00,14.617691
2016-08-22 20:25:00,14.922795
2016-08-22 20:30:00,15.316031
2016-08-22 20:35:00,15.814341
2016-08-22 20:40:00,16.448267
2016-08-22 20:45:00,16.844921
2016-08-22 20:50:00,16.811003
2016-08-22 20:55:00,16.11436
2016-08-22 21:00:00,14.814302
2016-08-22 21:05:00,12.983689
2016-08-22 21:10:00,10.924265
2016-08-22 21:15:00,9.015706
2016-08-22 21:20:00,7.354607
2016-08-22 21:25:00,5.907071
2016-08-22 21:30:00,4.673115
2016-08-22 21:35:00,3.6035726
2016-08-22 21:40:00,2.6882699
2016-08-22 21:45:00,1.9984033
2016-08-22 21:50:00,1.7153401
2016-08-22 21:55:00,1.7305957
2016-08-22 22:00:00,1.8644994
2016-08-22 22:05:00,1.8628064
2016-08-22 22:10:00,1.8238204
2016-08-22 22:15:00,1.6170294
2016-08-22 22:20:00,1.5254998
2016-08-22 22:25:00,1.672965
2016-08-22 22:30:00,2.0187447
2016-08-22 22:35:00,2.9154012
2016-08-22 22:40:00,4.4578495
2016-08-22 22:45:00,6.5833755
2016-08-22 22:50:00,8.324147
2016-08-22 22:55:00,9.13944
2016-08-22 23:00:00,9.310641
2016-08-22 23:05:00,9.114011
2016-08-22 23:10:00,9.008925
2016-08-22 23:15:00,9.117407
2016-08-22 23:20:00,9.447928
2016-08-22 23:25:00,9.846257
2016-08-22 23:30:00,10.217461
2016-08-22 23:35:00,10.444586
2016-08-22 23:40:00,10.627656
2016-08-22 23:45:00,10.878513
2016-08-22 23:50:00,11.088684
2016-08-22 23:55:00,11.329385
2016-08-23 00:00:00,11.392101
2016-08-23 00:05:00,11.344629
2016-08-23 00:10:00,11.232766
2016-08-23 00:15:00,11.497188
2016-08-23 00:20:00,11.931101
2016-08-23 00:25:00,11.510749
2016-08-23 00:30:00,10.319163
2016-08-23 00:35:00,8.983503
2016-08-23 00:40:00,8.180071
2016-08-23 00:45:00,7.7681823
2016-08-23 00:50:00,7.524106
2016-08-23 00:55:00,7.1274743
2016-08-23 01:00:00,6.6664352
2016-08-23 01:05:00,6.1257305
2016-08-23 01:10:00,5.3375497
2016-08-23 01:15:00,4.8019357
2016-08-23 01:20:00,4.712101
2016-08-23 01:25:00,4.986693
2016-08-23 01:30:00,5.490103
2016-08-23 01:35:00,6.291842
2016-08-23 01:40:00,7.5868254
2016-08-23 01:45:00,9.453006
2016-08-23 01:50:00,12.504012
2016-08-23 01:55:00,16.161816
2016-08-23 02:00:00,19.467072
2016-08-23 02:05:00,22.907919
2016-08-23 02:10:00,27.06575
2016-08-23 02:15:00,32.408386
2016-08-23 02:20:00,38.80529
2016-08-23 02:25:00,48.51934
2016-08-23 02:30:00,64.46598
2016-08-23 02:35:00,87.49762
2016-08-23 02:40:00,113.87686
2016-08-23 02:45:00,139.9833
2016-08-23 02:50:00,162.34859
2016-08-23 02:55:00,178.37495
2016-08-23 03:00:00,187.72125
2016-08-23 03:05:00,191.38922
2016-08-23 03:10:00,191.61975
2016-08-23 03:15:00,191.61975
2016-08-23 03:20:00,191.61975
2016-08-23 03:25:00,191.61975
2016-08-23 03:30:00,191.61975
2016-08-23 03:35:00,191.61975
2016-08-23 03:40:00,191.61975
2016-08-23 03:45:00,191.61975
2016-08-23 03:50:00,191.61975
2016-08-23 03:55:00,191.61975
2016-08-23 04:00:00,191.61975
2016-08-23 04:05:00,191.61975
2016-08-23 04:10:00,191.61975
2016-08-23 04:15:00,191.61975
2016-08-23 04:20:00,191.61975
2016-08-23 04:25:00,191.61975
2016-08-23 04:30:00,191.61975
2016-08-23 04:35:00,191.61975
2016-08-23 04:40:00,191.61975
2016-08-23 04:45:00,191.61975
2016-08-23 04:50:00,191.61975
2016-08-23 04:55:00,191.61975
2016-08-23 05:00:00,191.61975
2016-08-23 05:05:00,191.61975
2016-08-23 05:10:00,191.61975
2016-08-23 05:15:00,191.61975
2016-08-23 05:20:00,191.61975
2016-08-23 05:25:00,191.61975
2016-08-23 05:30:00,191.61975
2016-08-23 05:35:00,191.61975
2016-08-23 05:40:00,191.61975
2016-08-23 05:45:00,191.61975
2016-08-23 05:50:00,191.61975
2016-08-23 05:55:00,191.61975
2016-08-23 06:00:00,191.61975
2016-08-23 06:05:00,191.61975
2016-08-23 06:10:00,191.61975
2016-08-23 06:15:00,191.61975
2016-08-23 06:20:00,191.61975
2016-08-23 06:25:00,191.61975
2016-08-23 06:30:00,191.61975
2016-08-23 06:35:00,191.61975
2016-08-23 06:40:00,191.61975
2016-08-23 06:45:00,191.61975
2016-08-23 06:50:00,191.61975
2016-08-23 06:55:00,191.61975
2016-08-23 07:00:00,191.61975
2016-08-23 07:05:00,191.61975
2016-08-23 07:10:00,191.61975
2016-08-23 07:15:00,191.61975
2016-08-23 07:20:00,191.61975
2016-08-23 07:25:00,191.61975
2016-08-23 07:30:00,191.61975
2016-08-23 07:35:00,191.61975
2016-08-23 07:40:00,191.61975
2016-08-23 07:45:00,191.61298
2016-08-23 07:50:00,191.59265
2016-08-23 07:55:00,191.57904
2016-08-23 08:00:00,191.49774
2016-08-23 08:05:00,191.38928
2016-08-23 08:10:00,191.28082
2016-08-23 08:15:00,191.09778
2016-08-23 08:20:00,190.76892
2016-08-23 08:25:00,190.05026
2016-08-23 08:30:00,188.71455
2016-08-23 08:35:00,186.63976
2016-08-23 08:40:00,184.71593
2016-08-23 08:45:00,183.14978
2016-08-23 08:50:00,182.12767
2016-08-23 08:55:00,181.42259
2016-08-23 09:00:00,180.96999
2016-08-23 09:05:00,180.15823
2016-08-23 09:10:00,178.65135
2016-08-23 09:15:00,175.81554
2016-08-23 09:20:00,171.80675
2016-08-23 09:25:00,167.4473
2016-08-23 09:30:00,162.96057
2016-08-23 09:35:00,158.5639
2016-08-23 09:40:00,153.51453
2016-08-23 09:45:00,147.81084
2016-08-23 09:50:00,141.35959
2016-08-23 09:55:00,134.33047
2016-08-23 10:00:00,125.97077
2016-08-23 10:05:00,116.90088
2016-08-23 10:10:00,107.87499
2016-08-23 10:15:00,99.67792
2016-08-23 10:20:00,91.97572
2016-08-23 10:25:00,85.14488
2016-08-23 10:30:00,79.92781
2016-08-23 10:35:00,76.25136
2016-08-23 10:40:00,73.68334
2016-08-23 10:45:00,71.43065
2016-08-23 10:50:00,69.722115
2016-08-23 10:55:00,67.91189
2016-08-23 11:00:00,66.12027
2016-08-23 11:05:00,64.84901
2016-08-23 11:10:00,64.23878
2016-08-23 11:15:00,63.438747
2016-08-23 11:20:00,61.98112
2016-08-23 11:25:00,59.921616
2016-08-23 11:30:00,57.62832
2016-08-23 11:35:00,55.555305
2016-08-23 11:40:00,53.86038
2016-08-23 11:45:00,52.277252
2016-08-23 11:50:00,50.682186
2016-08-23 11:55:00,49.13636
2016-08-23 12:00:00,44.0649
2016-08-23 12:05:00,39.89519
2016-08-23 12:10:00,36.12213
2016-08-23 12:15:00,33.444057
2016-08-23 12:20:00,31.347343
2016-08-23 12:25:00,29.70148
2016-08-23 12:30:00,28.325134
2016-08-23 12:35:00,27.043741
2016-08-23 12:40:00,25.653858
2016-08-23 12:45:00,24.107985
2016-08-23 12:50:00,22.653648
2016-08-23 12:55:00,21.718029
2016-08-23 13:00:00,21.024765
2016-08-23 13:05:00,20.328133
2016-08-23 13:10:00,20.029825
2016-08-23 13:15:00,20.131508
2016-08-23 13:20:00,20.640017
2016-08-23 13:25:00,21.177309
2016-08-23 13:30:00,21.584124
2016-08-23 13:35:00,21.750244
2016-08-23 13:40:00,21.34006
2016-08-23 13:45:00,20.745111
2016-08-23 13:50:00,20.055223
2016-08-23 13:55:00,19.260271
2016-08-23 14:00:00,18.05684
2016-08-23 14:05:00,16.846613
2016-08-23 14:10:00,15.514332
2016-08-23 14:15:00,13.793909
2016-08-23 14:20:00,11.6294
2016-08-23 14:25:00,9.363182
2016-08-23 14:30:00,7.3613935
2016-08-23 14:35:00,5.2358513
2016-08-23 14:40:00,3.3544106
2016-08-23 14:45:00,1.5695688
2016-08-23 14:50:00,0.4610403
2016-08-23 14:55:00,0.26950508
2016-08-23 15:00:00,0.21696006
2016-08-23 15:05:00,0.19831517
2016-08-23 15:10:00,0.17628002
2016-08-23 15:15:00,0.17628002
2016-08-23 15:20:00,0.14407499
2016-08-23 15:25:00,0.12712498
2016-08-23 15:30:00,0.12712498
2016-08-23 15:35:00,0.11356498
2016-08-23 15:40:00,0.12542999
2016-08-23 15:45:00,0.12373498
2016-08-23 15:50:00,0.12881999
2016-08-23 15:55:00,0.12881999
2016-08-23 16:00:00,0.17289007
2016-08-23 16:05:00,0.27628526
2016-08-23 16:10:00,0.3440854
2016-08-23 16:15:00,0.3525605
2016-08-23 16:20:00,0.33052543
2016-08-23 16:25:00,0.28815025
2016-08-23 16:30:00,0.22882521
2016-08-23 16:35:00,0.23899513
2016-08-23 16:40:00,0.24577498
2016-08-23 16:45:00,0.21357003
2016-08-23 16:50:00,0.13051501
2016-08-23 16:55:00,0.07966499
2016-08-23 17:00:00,0.047459997
2016-08-23 17:05:00,0.047459997
2016-08-23 17:10:00,0.035594996
2016-08-23 17:15:00,0.035594996
2016-08-23 17:20:00,0.038984995
2016-08-23 17:25:00,0.042374995
2016-08-23 17:30:00,0.062714994
2016-08-23 17:35:00,0.08135999
2016-08-23 17:40:00,0.11525998
2016-08-23 17:45:00,0.154245
2016-08-23 17:50:00,0.20848496
2016-08-23 17:55:00,0.32544
2016-08-23 18:00:00,0.45595527
2016-08-23 18:05:00,0.6763051
2016-08-23 18:10:00,0.95258963
2016-08-23 18:15:00,1.2644713
2016-08-23 18:20:00,1.4373597
2016-08-23 18:25:00,1.5102458
2016-08-23 18:30:00,1.652625
2016-08-23 18:35:00,1.8356853
2016-08-23 18:40:00,2.02722
2016-08-23 18:45:00,2.208583
2016-08-23 18:50:00,2.3018098
2016-08-23 18:55:00,2.272994
2016-08-23 19:00:00,2.0797648
2016-08-23 19:05:00,1.8119551
2016-08-23 19:10:00,1.5627893
2016-08-23 19:15:00,1.2763343
2016-08-23 19:20:00,1.0593761
2016-08-23 19:25:00,0.8102103
2016-08-23 19:30:00,0.7051201
2016-08-23 19:35:00,0.68817055
2016-08-23 19:40:00,0.68647546
2016-08-23 19:45:00,0.7152902
2016-08-23 19:50:00,0.761055
2016-08-23 19:55:00,0.8610598
2016-08-23 20:00:00,0.87123007
2016-08-23 20:05:00,0.83393955
2016-08-23 20:10:00,0.80004036
2016-08-23 20:15:00,0.72546035
2016-08-23 20:20:00,0.5983351
2016-08-23 20:25:00,0.50341505
2016-08-23 20:30:00,0.36612
2016-08-23 20:35:00,0.25764
2016-08-23 20:40:00,0.15424511
2016-08-23 20:45:00,0.108479984
2016-08-23 20:50:00,0.12034498
2016-08-23 20:55:00,0.13560003
2016-08-23 21:00:00,0.16441497
2016-08-23 21:05:00,0.20679003
2016-08-23 21:10:00,0.25255513
2016-08-23 21:15:00,0.27628505
2016-08-23 21:20:00,0.34917018
2016-08-23 21:25:00,0.44070005
2016-08-23 21:30:00,0.57799536
2016-08-23 21:35:00,0.82716024
2016-08-23 21:40:00,1.0153058
2016-08-23 21:45:00,1.2576894
2016-08-23 21:50:00,1.4254953
2016-08-23 21:55:00,1.5797398
2016-08-23 22:00:00,1.6017752
2016-08-23 22:05:00,1.6729643
2016-08-23 22:10:00,1.6509305
2016-08-23 22:15:00,1.615335
2016-08-23 22:20:00,1.4475302
2016-08-23 22:25:00,1.3509152
2016-08-23 22:30:00,1.2559953
2016-08-23 22:35:00,1.3153208
2016-08-23 22:40:00,1.5322793
2016-08-23 22:45:00,1.9136547
2016-08-23 22:50:00,2.4713087
2016-08-23 22:55:00,3.293382
2016-08-23 23:00:00,4.029016
2016-08-23 23:05:00,4.5493817
2016-08-23 23:10:00,4.490055
2016-08-23 23:15:00,4.132411
2016-08-23 23:20:00,3.6442492
2016-08-23 23:25:00,3.1611733
2016-08-23 23:30:00,2.5492802
2016-08-23 23:35:00,1.9136549
2016-08-23 23:40:00,1.5458398
2016-08-23 23:45:00,1.3509148
2016-08-23 23:50:00,1.4441402
2016-08-23 23:55:00,1.5899104
2016-08-24 00:00:00,1.7492408
2016-08-24 00:05:00,1.9289098
2016-08-24 00:10:00,2.0628152
2016-08-24 00:15:00,2.0424738
2016-08-24 00:20:00,1.8865349
2016-08-24 00:25:00,1.8238202
2016-08-24 00:30:00,1.7882241
2016-08-24 00:35:00,1.8543297
2016-08-24 00:40:00,1.7814453
2016-08-24 00:45:00,1.5051606
2016-08-24 00:50:00,1.1864991
2016-08-24 00:55:00,0.9763195
2016-08-24 01:00:00,1.093275
2016-08-24 01:05:00,1.323795
2016-08-24 01:10:00,1.6085547
2016-08-24 01:15:00,1.9136553
2016-08-24 01:20:00,2.1984148
2016-08-24 01:25:00,2.4272397
2016-08-24 01:30:00,2.71878
2016-08-24 01:35:00,3.1154099
2016-08-24 01:40:00,3.6408587
2016-08-24 01:45:00,4.178174
2016-08-24 01:50:00,4.451071
2016-08-24 01:55:00,4.564635
2016-08-24 02:00:00,4.649384
2016-08-24 02:05:00,4.7019286
2016-08-24 02:10:00,5.047708
2016-08-24 02:15:00,5.640961
2016-08-24 02:20:00,6.225733
2016-08-24 02:25:00,6.4799848
2016-08-24 02:30:00,6.357948
2016-08-24 02:35:00,5.9697967
2016-08-24 02:40:00,5.4375577
2016-08-24 02:45:00,4.625658
2016-08-24 02:50:00,3.957825
2016-08-24 02:55:00,3.5272975
2016-08-24 03:00:00,3.1764302
2016-08-24 03:05:00,3.017101
2016-08-24 03:10:00,2.8781092
2016-08-24 03:15:00,2.7831895
2016-08-24 03:20:00,2.82387
2016-08-24 03:25:00,2.9306536
2016-08-24 03:30:00,3.125581
2016-08-24 03:35:00,3.40695
2016-08-24 03:40:00,3.7069678
2016-08-24 03:45:00,4.225634
2016-08-24 03:50:00,4.9629636
2016-08-24 03:55:00,5.6511297
2016-08-24 04:00:00,6.454555
2016-08-24 04:05:00,7.334266
2016-08-24 04:10:00,8.046166
2016-08-24 04:15:00,8.591949
2016-08-24 04:20:00,9.110626
2016-08-24 04:25:00,9.473352
2016-08-24 04:30:00,9.8818445
2016-08-24 04:35:00,12.041268
2016-08-24 04:40:00,21.07224
2016-08-24 04:45:00,42.453007
2016-08-24 04:50:00,80.458244
2016-08-24 04:55:00,138.68489
2016-08-24 05:00:00,179.14287
2016-08-24 05:05:00,191.19437
2016-08-24 05:10:00,191.61636
2016-08-24 05:15:00,191.61975
2016-08-24 05:20:00,191.61975
2016-08-24 05:25:00,191.61975
2016-08-24 05:30:00,191.61975
2016-08-24 05:35:00,191.58417
2016-08-24 05:40:00,191.54857
2016-08-24 05:45:00,191.38585
2016-08-24 05:50:00,191.21126
2016-08-24 05:55:00,191.0926
2016-08-24 06:00:00,190.98755
2016-08-24 06:05:00,190.77399
2016-08-24 06:10:00,190.4689
2016-08-24 06:15:00,190.10623
2016-08-24 06:20:00,189.75864
2016-08-24 06:25:00,189.42143
2016-08-24 06:30:00,189.0367
2016-08-24 06:35:00,188.58891
2016-08-24 06:40:00,187.98553
2016-08-24 06:45:00,187.2094
2016-08-24 06:50:00,186.33986
2016-08-24 06:55:00,185.64485
2016-08-24 07:00:00,185.49919
2016-08-24 07:05:00,185.71613
2016-08-24 07:10:00,185.80757
2016-08-24 07:15:00,185.38548
2016-08-24 07:20:00,184.43631
2016-08-24 07:25:00,183.05307
2016-08-24 07:30:00,181.28868
2016-08-24 07:35:00,179.31561
2016-08-24 07:40:00,177.47166
2016-08-24 07:45:00,176.20383
2016-08-24 07:50:00,175.31064
2016-08-24 07:55:00,174.90369
2016-08-24 08:00:00,174.46625
2016-08-24 08:05:00,174.88493
2016-08-24 08:10:00,176.63062
2016-08-24 08:15:00,177.90715
2016-08-24 08:20:00,175.99178
2016-08-24 08:25:00,170.43214
2016-08-24 08:30:00,162.96591
2016-08-24 08:35:00,156.88402
2016-08-24 08:40:00,154.34174
2016-08-24 08:45:00,155.98912
2016-08-24 08:50:00,160.43002
2016-08-24 08:55:00,165.23021
2016-08-24 09:00:00,168.8662
2016-08-24 09:05:00,170.77487
2016-08-24 09:10:00,170.88463
2016-08-24 09:15:00,170.25436
2016-08-24 09:20:00,169.80147
2016-08-24 09:25:00,170.2357
2016-08-24 09:30:00,171.356
2016-08-24 09:35:00,172.57652
2016-08-24 09:40:00,173.66472
2016-08-24 09:45:00,174.53934
2016-08-24 09:50:00,175.25955
2016-08-24 09:55:00,176.33583
2016-08-24 10:00:00,177.49686
2016-08-24 10:05:00,178.81227
2016-08-24 10:10:00,180.29723
2016-08-24 10:15:00,181.60728
2016-08-24 10:20:00,182.66321
2016-08-24 10:25:00,183.7804
2016-08-24 10:30:00,184.84134
2016-08-24 10:35:00,185.7261
2016-08-24 10:40:00,186.43292
2016-08-24 10:45:00,186.98894
2016-08-24 10:50:00,187.48059
2016-08-24 10:55:00,187.7755
2016-08-24 11:00:00,187.94833
2016-08-24 11:05:00,188.04332
2016-08-24 11:10:00,188.19928
2016-08-24 11:15:00,188.24843
2016-08-24 11:20:00,188.34496
2016-08-24 11:25:00,188.50084
2016-08-24 11:30:00,188.66696
2016-08-24 11:35:00,188.67545
2016-08-24 11:40:00,188.62804
2016-08-24 11:45:00,188.51958
2016-08-24 11:50:00,188.38904
2016-08-24 11:55:00,188.3738
2016-08-24 12:00:00,185.39748
2016-08-24 12:05:00,185.76526
2016-08-24 12:10:00,186.07204
2016-08-24 12:15:00,186.40096
2016-08-24 12:20:00,186.16177
2016-08-24 12:25:00,183.45828
2016-08-24 12:30:00,176.75293
2016-08-24 12:35:00,168.50172
2016-08-24 12:40:00,161.43855
2016-08-24 12:45:00,154.41788
2016-08-24 12:50:00,147.1462
2016-08-24 12:55:00,140.146
2016-08-24 13:00:00,135.83043
2016-08-24 13:05:00,134.81853
2016-08-24 13:10:00,137.09496
2016-08-24 13:15:00,142.56654
2016-08-24 13:20:00,150.63974
2016-08-24 13:25:00,159.30464
2016-08-24 13:30:00,166.50827
2016-08-24 13:35:00,172.34093
2016-08-24 13:40:00,177.38004
2016-08-24 13:45:00,181.22935
2016-08-24 13:50:00,183.22786
2016-08-24 13:55:00,182.82593
2016-08-24 14:00:00,180.148
2016-08-24 14:05:00,175.32399
2016-08-24 14:10:00,168.28474
2016-08-24 14:15:00,159.28426
2016-08-24 14:20:00,149.15144
2016-08-24 14:25:00,139.1171
2016-08-24 14:30:00,131.42519
2016-08-24 14:35:00,127.98108
2016-08-24 14:40:00,123.74183
2016-08-24 14:45:00,115.373505
2016-08-24 14:50:00,107.07985
2016-08-24 14:55:00,101.011734
2016-08-24 15:00:00,95.313194
2016-08-24 15:05:00,89.71133
2016-08-24 15:10:00,84.79064
2016-08-24 15:15:00,80.359985
2016-08-24 15:20:00,76.81394
2016-08-24 15:25:00,76.14097
2016-08-24 15:30:00,77.67505
2016-08-24 15:35:00,79.541214
2016-08-24 15:40:00,79.4142
2016-08-24 15:45:00,77.542885
2016-08-24 15:50:00,74.4766
2016-08-24 15:55:00,71.32558
2016-08-24 16:00:00,68.54234
2016-08-24 16:05:00,65.98801
2016-08-24 16:10:00,63.8049
2016-08-24 16:15:00,62.118336
2016-08-24 16:20:00,60.45562
2016-08-24 16:25:00,58.318157
2016-08-24 16:30:00,56.0028
2016-08-24 16:35:00,53.81621
2016-08-24 16:40:00,51.6348
2016-08-24 16:45:00,49.54312
2016-08-24 16:50:00,47.687134
2016-08-24 16:55:00,45.949776
2016-08-24 17:00:00,44.08184
2016-08-24 17:05:00,42.239384
2016-08-24 17:10:00,40.7766
2016-08-24 17:15:00,39.651157
2016-08-24 17:20:00,38.784992
2016-08-24 17:25:00,38.025604
2016-08-24 17:30:00,37.749317
2016-08-24 17:35:00,38.05948
2016-08-24 17:40:00,38.790043
2016-08-24 17:45:00,39.50194
2016-08-24 17:50:00,40.008774
2016-08-24 17:55:00,40.35626
2016-08-24 18:00:00,40.703693
2016-08-24 18:05:00,41.361332
2016-08-24 18:10:00,42.466507
2016-08-24 18:15:00,43.991943
2016-08-24 18:20:00,45.700527
2016-08-24 18:25:00,47.222656
2016-08-24 18:30:00,48.61937
2016-08-24 18:35:00,49.92961
2016-08-24 18:40:00,51.136433
2016-08-24 18:45:00,52.282204
2016-08-24 18:50:00,53.617847
2016-08-24 18:55:00,55.262028
2016-08-24 19:00:00,57.0164
2016-08-24 19:05:00,58.54525
2016-08-24 19:10:00,59.74196
2016-08-24 19:15:00,60.470848
2016-08-24 19:20:00,60.945374
2016-08-24 19:25:00,61.233555
2016-08-24 19:30:00,61.35898
2016-08-24 19:35:00,61.392838
2016-08-24 19:40:00,61.42516
2016-08-24 19:45:00,61.552193
2016-08-24 19:50:00,61.581024
2016-08-24 19:55:00,61.60642
2016-08-24 20:00:00,61.43692
2016-08-24 20:05:00,61.3505
2016-08-24 20:10:00,61.33183
2016-08-24 20:15:00,61.365864
2016-08-24 20:20:00,61.130127
2016-08-24 20:25:00,60.758945
2016-08-24 20:30:00,60.238613
2016-08-24 20:35:00,59.769073
2016-08-24 20:40:00,59.252098
2016-08-24 20:45:00,58.277546
2016-08-24 20:50:00,57.12656
2016-08-24 20:55:00,56.256973
2016-08-24 21:00:00,55.845116
2016-08-24 21:05:00,55.200977
2016-08-24 21:10:00,54.199303
2016-08-24 21:15:00,53.56029
2016-08-24 21:20:00,53.156876
2016-08-24 21:25:00,51.634747
2016-08-24 21:30:00,49.32786
2016-08-24 21:35:00,48.261692
2016-08-24 21:40:00,49.27363
2016-08-24 21:45:00,51.70426
2016-08-24 21:50:00,55.46543
2016-08-24 21:55:00,60.508106
2016-08-24 22:00:00,64.67788
2016-08-24 22:05:00,66.12878
2016-08-24 22:10:00,65.15921
2016-08-24 22:15:00,64.18967
2016-08-24 22:20:00,66.49482
2016-08-24 22:25:00,69.43904
2016-08-24 22:30:00,70.02384
2016-08-24 22:35:00,71.71384
2016-08-24 22:40:00,74.93599
2016-08-24 22:45:00,76.13773
2016-08-24 22:50:00,76.881874
2016-08-24 22:55:00,77.924255
2016-08-24 23:00:00,79.48529
2016-08-24 23:05:00,80.561646
2016-08-24 23:10:00,79.29717
2016-08-24 23:15:00,78.26154
2016-08-24 23:20:00,79.38705
2016-08-24 23:25:00,79.71084
2016-08-24 23:30:00,78.3768
2016-08-24 23:35:00,76.92246
2016-08-24 23:40:00,75.39711
2016-08-24 23:45:00,72.99518
2016-08-24 23:50:00,70.183205
2016-08-24 23:55:00,67.74241
2016-08-25 00:00:00,65.294815
2016-08-25 00:05:00,63.587914
2016-08-25 00:10:00,63.0795
2016-08-25 00:15:00,62.809963
2016-08-25 00:20:00,61.723446
2016-08-25 00:25:00,60.394604
2016-08-25 00:30:00,58.84368
2016-08-25 00:35:00,56.360493
2016-08-25 00:40:00,54.63664
2016-08-25 00:45:00,54.816307
2016-08-25 00:50:00,56.72654
2016-08-25 00:55:00,59.418205
2016-08-25 01:00:00,62.854027
2016-08-25 01:05:00,65.25587
2016-08-25 01:10:00,65.994865
2016-08-25 01:15:00,65.76772
2016-08-25 01:20:00,64.33883
2016-08-25 01:25:00,62.884533
2016-08-25 01:30:00,62.85059
2016-08-25 01:35:00,64.71343
2016-08-25 01:40:00,68.81364
2016-08-25 01:45:00,74.1732
2016-08-25 01:50:00,78.86837
2016-08-25 01:55:00,83.78391
2016-08-25 02:00:00,87.32138
2016-08-25 02:05:00,90.691
2016-08-25 02:10:00,93.78766
2016-08-25 02:15:00,97.34549
2016-08-25 02:20:00,103.244225
2016-08-25 02:25:00,112.01066
2016-08-25 02:30:00,123.59265
2016-08-25 02:35:00,137.19507
2016-08-25 02:40:00,151.19394
2016-08-25 02:45:00,162.76239
2016-08-25 02:50:00,169.51695
2016-08-25 02:55:00,172.65271
2016-08-25 03:00:00,173.8918
2016-08-25 03:05:00,174.26987
2016-08-25 03:10:00,174.6444
2016-08-25 03:15:00,176.13437
2016-08-25 03:20:00,179.73105
2016-08-25 03:25:00,183.77864
2016-08-25 03:30:00,187.4941
2016-08-25 03:35:00,189.3011
2016-08-25 03:40:00,189.93506
2016-08-25 03:45:00,190.25873
2016-08-25 03:50:00,190.4555
2016-08-25 03:55:00,190.47746
2016-08-25 04:00:00,190.05533
2016-08-25 04:05:00,189.4468
2016-08-25 04:10:00,188.72472
2016-08-25 04:15:00,187.89922
2016-08-25 04:20:00,187.123
2016-08-25 04:25:00,187.20784
2016-08-25 04:30:00,188.47041
2016-08-25 04:35:00,189.44855
2016-08-25 04:40:00,189.91808
2016-08-25 04:45:00,190.20618
2016-08-25 04:50:00,190.45021
2016-08-25 04:55:00,190.67567
2016-08-25 05:00:00,190.69768
2016-08-25 05:05:00,190.41968
2016-08-25 05:10:00,190.4299
2016-08-25 05:15:00,191.19264
2016-08-25 05:20:00,191.54857
2016-08-25 05:25:00,191.5774
2016-08-25 05:30:00,191.58417
2016-08-25 05:35:00,191.5723
2016-08-25 05:40:00,191.53839
2016-08-25 05:45:00,191.53839
2016-08-25 05:50:00,191.56381
2016-08-25 05:55:00,191.58417
2016-08-25 06:00:00,191.58417
2016-08-25 06:05:00,191.59602
2016-08-25 06:10:00,191.59602
2016-08-25 06:15:00,191.6079
2016-08-25 06:20:00,191.61975
2016-08-25 06:25:00,191.61975
2016-08-25 06:30:00,191.61975
2016-08-25 06:35:00,191.61975
2016-08-25 06:40:00,191.61975
2016-08-25 06:45:00,191.61975
2016-08-25 06:50:00,191.61975
2016-08-25 06:55:00,191.61975
2016-08-25 07:00:00,191.61975
2016-08-25 07:05:00,191.61975
2016-08-25 07:10:00,191.61975
2016-08-25 07:15:00,191.61975
2016-08-25 07:20:00,191.59602
2016-08-25 07:25:00,191.51297
2016-08-25 07:30:00,191.20618
2016-08-25 07:35:00,190.81633
2016-08-25 07:40:00,190.26036
2016-08-25 07:45:00,189.22302
2016-08-25 07:50:00,188.1382
2016-08-25 07:55:00,187.10085
2016-08-25 08:00:00,185.8839
2016-08-25 08:05:00,184.40746
2016-08-25 08:10:00,182.86517
2016-08-25 08:15:00,181.22432
2016-08-25 08:20:00,179.40729
2016-08-25 08:25:00,177.5156
2016-08-25 08:30:00,175.89346
2016-08-25 08:35:00,174.59358
2016-08-25 08:40:00,173.734
2016-08-25 08:45:00,173.07306
2016-08-25 08:50:00,172.62555
2016-08-25 08:55:00,172.17133
2016-08-25 09:00:00,171.92041
2016-08-25 09:05:00,171.90851
2016-08-25 09:10:00,171.98824
2016-08-25 09:15:00,172.19336
2016-08-25 09:20:00,172.5392
2016-08-25 09:25:00,173.40358
2016-08-25 09:30:00,174.60199
2016-08-25 09:35:00,176.2699
2016-08-25 09:40:00,178.26146
2016-08-25 09:45:00,180.15643
2016-08-25 09:50:00,181.75482
2016-08-25 09:55:00,183.11755
2016-08-25 10:00:00,184.24641
2016-08-25 10:05:00,185.1161
2016-08-25 10:10:00,185.77193
2016-08-25 10:15:00,186.29227
2016-08-25 10:20:00,186.93285
2016-08-25 10:25:00,187.76183
2016-08-25 10:30:00,188.73148
2016-08-25 10:35:00,189.6161
2016-08-25 10:40:00,190.31122
2016-08-25 10:45:00,190.83334
2016-08-25 10:50:00,191.17915
2016-08-25 10:55:00,191.31471
2016-08-25 11:00:00,191.41982
2016-08-25 11:05:00,191.4825
2016-08-25 11:10:00,191.52994
2016-08-25 11:15:00,191.55197
2016-08-25 11:20:00,191.56552
2016-08-25 11:25:00,191.53839
2016-08-25 11:30:00,191.49263
2016-08-25 11:35:00,191.42314
2016-08-25 11:40:00,191.27905
2016-08-25 11:45:00,191.13162
2016-08-25 11:50:00,190.93669
2016-08-25 11:55:00,190.75026
2016-08-25 12:00:00,183.36679
2016-08-25 12:05:00,184.67873
2016-08-25 12:10:00,185.91266
2016-08-25 12:15:00,186.97029
2016-08-25 12:20:00,187.8093
2016-08-25 12:25:00,188.34326
2016-08-25 12:30:00,188.633
2016-08-25 12:35:00,188.70752
2016-08-25 12:40:00,188.60089
2016-08-25 12:45:00,188.3992
2016-08-25 12:50:00,188.00255
2016-08-25 12:55:00,187.48215
2016-08-25 13:00:00,186.93459
2016-08-25 13:05:00,186.28381
2016-08-25 13:10:00,185.70255
2016-08-25 13:15:00,185.0736
2016-08-25 13:20:00,184.50072
2016-08-25 13:25:00,183.75822
2016-08-25 13:30:00,183.28705
2016-08-25 13:35:00,182.93626
2016-08-25 13:40:00,182.76004
2016-08-25 13:45:00,182.52266
2016-08-25 13:50:00,182.27339
2016-08-25 13:55:00,181.83116
2016-08-25 14:00:00,181.02605
2016-08-25 14:05:00,179.97156
2016-08-25 14:10:00,178.86311
2016-08-25 14:15:00,177.51552
2016-08-25 14:20:00,176.08336
2016-08-25 14:25:00,174.27992
2016-08-25 14:30:00,172.14415
2016-08-25 14:35:00,169.11365
2016-08-25 14:40:00,165.71327
2016-08-25 14:45:00,159.11638
2016-08-25 14:50:00,147.49892
2016-08-25 14:55:00,132.77448
2016-08-25 15:00:00,117.2601
2016-08-25 15:05:00,103.18137
2016-08-25 15:10:00,90.70955
2016-08-25 15:15:00,79.23274
2016-08-25 15:20:00,69.31709
2016-08-25 15:25:00,60.389484
2016-08-25 15:30:00,51.953426
2016-08-25 15:35:00,44.45305
2016-08-25 15:40:00,38.05276
2016-08-25 15:45:00,32.454166
2016-08-25 15:50:00,27.691212
2016-08-25 15:55:00,23.84018
2016-08-25 16:00:00,20.358664
2016-08-25 16:05:00,17.365274
2016-08-25 16:10:00,14.692262
2016-08-25 16:15:00,12.302308
2016-08-25 16:20:00,10.247961
2016-08-25 16:25:00,8.808909
2016-08-25 16:30:00,7.817341
2016-08-25 16:35:00,7.2444243
2016-08-25 16:40:00,6.9495015
2016-08-25 16:45:00,7.0342474
2016-08-25 16:50:00,7.2630754
2016-08-25 16:55:00,7.4851093
2016-08-25 17:00:00,7.732592
2016-08-25 17:05:00,8.066512
2016-08-25 17:10:00,8.429232
2016-08-25 17:15:00,8.942805
2016-08-25 17:20:00,9.759798
2016-08-25 17:25:00,10.785283
2016-08-25 17:30:00,11.853137
2016-08-25 17:35:00,13.014217
2016-08-25 17:40:00,14.271899
2016-08-25 17:45:00,15.7770605
2016-08-25 17:50:00,17.248339
2016-08-25 17:55:00,18.656858
2016-08-25 18:00:00,20.06541
2016-08-25 18:05:00,21.44174
2016-08-25 18:10:00,22.729944
2016-08-25 18:15:00,23.996126
2016-08-25 18:20:00,25.289406
2016-08-25 18:25:00,26.830158
2016-08-25 18:30:00,28.825165
2016-08-25 18:35:00,30.911716
2016-08-25 18:40:00,33.201653
2016-08-25 18:45:00,35.57295
2016-08-25 18:50:00,38.178165
2016-08-25 18:55:00,40.3647
2016-08-25 19:00:00,41.947884
2016-08-25 19:05:00,42.659744
2016-08-25 19:10:00,42.312298
2016-08-25 19:15:00,41.235973
2016-08-25 19:20:00,40.05626
2016-08-25 19:25:00,39.53252
2016-08-25 19:30:00,39.702003
2016-08-25 19:35:00,40.90036
2016-08-25 19:40:00,42.34278
2016-08-25 19:45:00,42.761433
2016-08-25 19:50:00,41.52072
2016-08-25 19:55:00,39.634216
2016-08-25 20:00:00,38.313766
2016-08-25 20:05:00,38.38835
2016-08-25 20:10:00,40.568115
2016-08-25 20:15:00,44.656506
2016-08-25 20:20:00,49.11604
2016-08-25 20:25:00,50.816147
2016-08-25 20:30:00,47.949883
2016-08-25 20:35:00,41.820724
2016-08-25 20:40:00,37.744293
2016-08-25 20:45:00,39.759644
2016-08-25 20:50:00,47.23627
2016-08-25 20:55:00,53.514565
2016-08-25 21:00:00,52.97725
2016-08-25 21:05:00,48.82782
2016-08-25 21:10:00,46.807392
2016-08-25 21:15:00,47.014183
2016-08-25 21:20:00,47.576954
2016-08-25 21:25:00,48.25326
2016-08-25 21:30:00,48.86683
2016-08-25 21:35:00,48.534645
2016-08-25 21:40:00,47.149765
2016-08-25 21:45:00,46.88195
2016-08-25 21:50:00,48.812542
2016-08-25 21:55:00,50.948303
2016-08-25 22:00:00,51.77373
2016-08-25 22:05:00,52.15343
2016-08-25 22:10:00,52.399208
2016-08-25 22:15:00,50.604168
2016-08-25 22:20:00,46.84809
2016-08-25 22:25:00,43.019104
2016-08-25 22:30:00,40.36135
2016-08-25 22:35:00,39.593513
2016-08-25 22:40:00,41.027466
2016-08-25 22:45:00,42.849632
2016-08-25 22:50:00,43.054626
2016-08-25 22:55:00,41.383415
2016-08-25 23:00:00,38.039196
2016-08-25 23:05:00,34.35935
2016-08-25 23:10:00,31.779577
2016-08-25 23:15:00,29.838749
2016-08-25 23:20:00,27.413254
2016-08-25 23:25:00,24.909723
2016-08-25 23:30:00,23.81306
2016-08-25 23:35:00,23.048609
2016-08-25 23:40:00,21.546835
2016-08-25 23:45:00,20.017939
2016-08-25 23:50:00,20.009474
2016-08-25 23:55:00,21.801079
2016-08-26 00:00:00,23.658794
2016-08-26 00:05:00,24.194427
2016-08-26 00:10:00,24.494415
2016-08-26 00:15:00,26.255545
2016-08-26 00:20:00,28.574337
2016-08-26 00:25:00,29.198103
2016-08-26 00:30:00,27.940395
2016-08-26 00:35:00,25.72671
2016-08-26 00:40:00,23.791044
2016-08-26 00:45:00,22.928263
2016-08-26 00:50:00,22.445187
2016-08-26 00:55:00,21.21633
2016-08-26 01:00:00,19.460306
2016-08-26 01:05:00,18.295849
2016-08-26 01:10:00,18.0026
2016-08-26 01:15:00,18.2399
2016-08-26 01:20:00,17.956835
2016-08-26 01:25:00,17.122898
2016-08-26 01:30:00,16.470318
2016-08-26 01:35:00,16.346586
2016-08-26 01:40:00,16.177088
2016-08-26 01:45:00,15.775371
2016-08-26 01:50:00,16.022839
2016-08-26 01:55:00,17.475454
2016-08-26 02:00:00,20.089113
2016-08-26 02:05:00,23.660494
2016-08-26 02:10:00,27.501385
2016-08-26 02:15:00,31.074427
2016-08-26 02:20:00,34.559357
2016-08-26 02:25:00,38.378178
2016-08-26 02:30:00,41.654636
2016-08-26 02:35:00,43.20386
2016-08-26 02:40:00,43.180164
2016-08-26 02:45:00,43.681835
2016-08-26 02:50:00,44.205593
2016-08-26 02:55:00,45.10223
2016-08-26 03:00:00,47.105736
2016-08-26 03:05:00,49.446575
2016-08-26 03:10:00,51.114433
2016-08-26 03:15:00,51.765343
2016-08-26 03:20:00,51.90939
2016-08-26 03:25:00,52.13658
2016-08-26 03:30:00,53.30776
2016-08-26 03:35:00,55.887585
2016-08-26 03:40:00,59.667446
2016-08-26 03:45:00,63.852406
2016-08-26 03:50:00,67.50673
2016-08-26 03:55:00,69.53231
2016-08-26 04:00:00,70.232315
2016-08-26 04:05:00,69.27967
2016-08-26 04:10:00,67.72883
2016-08-26 04:15:00,66.84743
2016-08-26 04:20:00,66.62203
2016-08-26 04:25:00,66.11859
2016-08-26 04:30:00,65.54743
2016-08-26 04:35:00,63.64215
2016-08-26 04:40:00,60.467445
2016-08-26 04:45:00,56.953674
2016-08-26 04:50:00,53.45692
2016-08-26 04:55:00,50.166935
2016-08-26 05:00:00,47.7956
2016-08-26 05:05:00,45.997223
2016-08-26 05:10:00,44.40557
2016-08-26 05:15:00,42.452946
2016-08-26 05:20:00,39.998604
2016-08-26 05:25:00,37.52049
2016-08-26 05:30:00,35.27972
2016-08-26 05:35:00,32.906734
2016-08-26 05:40:00,30.852388
2016-08-26 05:45:00,28.87265
2016-08-26 05:50:00,27.094614
2016-08-26 05:55:00,25.843672
2016-08-26 06:00:00,25.094507
2016-08-26 06:05:00,24.989384
2016-08-26 06:10:00,25.13516
2016-08-26 06:15:00,25.245335
2016-08-26 06:20:00,25.231773
2016-08-26 06:25:00,25.291115
2016-08-26 06:30:00,25.592812
2016-08-26 06:35:00,26.331839
2016-08-26 06:40:00,27.481043
2016-08-26 06:45:00,29.084524
2016-08-26 06:50:00,30.916792
2016-08-26 06:55:00,32.57793
2016-08-26 07:00:00,34.22886
2016-08-26 07:05:00,36.320477
2016-08-26 07:10:00,39.578278
2016-08-26 07:15:00,44.76833
2016-08-26 07:20:00,52.207623
2016-08-26 07:25:00,62.225124
2016-08-26 07:30:00,73.26133
2016-08-26 07:35:00,83.61605
2016-08-26 07:40:00,91.39602
2016-08-26 07:45:00,94.89624
2016-08-26 07:50:00,94.77588
2016-08-26 07:55:00,93.18092
2016-08-26 08:00:00,91.87915
2016-08-26 08:05:00,90.38926
2016-08-26 08:10:00,88.685844
2016-08-26 08:15:00,87.52127
2016-08-26 08:20:00,87.65691
2016-08-26 08:25:00,89.663765
2016-08-26 08:30:00,93.5013
2016-08-26 08:35:00,100.299904
2016-08-26 08:40:00,109.30371
2016-08-26 08:45:00,119.31952
2016-08-26 08:50:00,132.3642
2016-08-26 08:55:00,148.03795
2016-08-26 09:00:00,161.942
2016-08-26 09:05:00,169.50336
2016-08-26 09:10:00,168.2423
2016-08-26 09:15:00,158.95038
2016-08-26 09:20:00,144.24622
2016-08-26 09:25:00,127.00134
2016-08-26 09:30:00,111.31733
2016-08-26 09:35:00,99.94058
2016-08-26 09:40:00,91.82665
2016-08-26 09:45:00,84.96355
2016-08-26 09:50:00,79.422676
2016-08-26 09:55:00,74.944466
2016-08-26 10:00:00,71.35612
2016-08-26 10:05:00,69.64754
2016-08-26 10:10:00,69.77634
2016-08-26 10:15:00,70.720505
2016-08-26 10:20:00,71.61206
2016-08-26 10:25:00,71.56625
2016-08-26 10:30:00,71.16794
2016-08-26 10:35:00,70.44084
2016-08-26 10:40:00,69.36446
2016-08-26 10:45:00,67.65425
2016-08-26 10:50:00,66.1152
2016-08-26 10:55:00,65.372795
2016-08-26 11:00:00,65.088005
2016-08-26 11:05:00,64.65237
2016-08-26 11:10:00,63.735447
2016-08-26 11:15:00,61.692974
2016-08-26 11:20:00,58.818203
2016-08-26 11:25:00,55.736702
2016-08-26 11:30:00,52.524673
2016-08-26 11:35:00,49.316025
2016-08-26 11:40:00,46.215847
2016-08-26 11:45:00,43.17501
2016-08-26 11:50:00,40.38507
2016-08-26 11:55:00,37.56799
2016-08-26 12:00:00,34.774624
2016-08-26 12:05:00,108.49181
2016-08-26 12:10:00,110.17677
2016-08-26 12:15:00,111.85988
2016-08-26 12:20:00,113.71404
2016-08-26 12:25:00,115.429504
2016-08-26 12:30:00,116.57358
2016-08-26 12:35:00,117.12109
2016-08-26 12:40:00,117.21783
2016-08-26 12:45:00,117.22118
2016-08-26 12:50:00,117.807465
2016-08-26 12:55:00,118.868706
2016-08-26 13:00:00,119.79935
2016-08-26 13:05:00,119.92468
2016-08-26 13:10:00,118.63141
2016-08-26 13:15:00,116.170265
2016-08-26 13:20:00,113.32603
2016-08-26 13:25:00,111.08862
2016-08-26 13:30:00,109.60205
2016-08-26 13:35:00,107.24955
2016-08-26 13:40:00,103.5239
2016-08-26 13:45:00,98.848915
2016-08-26 13:50:00,93.11819
2016-08-26 13:55:00,86.7264
2016-08-26 14:00:00,80.90228
2016-08-26 14:05:00,75.629234
2016-08-26 14:10:00,70.38318
2016-08-26 14:15:00,64.528656
2016-08-26 14:20:00,58.15883
2016-08-26 14:25:00,51.60255
2016-08-26 14:30:00,44.5751
2016-08-26 14:35:00,36.884903
2016-08-26 14:40:00,30.589657
2016-08-26 14:45:00,25.91824
2016-08-26 14:50:00,21.421389
2016-08-26 14:55:00,17.19915
2016-08-26 15:00:00,13.4803295
2016-08-26 15:05:00,9.949647
2016-08-26 15:10:00,6.851185
2016-08-26 15:15:00,5.522314
2016-08-26 15:20:00,4.7036242
2016-08-26 15:25:00,4.0900335
2016-08-26 15:30:00,3.6611972
2016-08-26 15:35:00,3.3425415
2016-08-26 15:40:00,3.0679479
2016-08-26 15:45:00,2.7306447
2016-08-26 15:50:00,2.4289327
2016-08-26 15:55:00,2.2526546
2016-08-26 16:00:00,2.022135
2016-08-26 16:05:00,1.8305987
2016-08-26 16:10:00,1.5831293
2016-08-26 16:15:00,1.3390496
2016-08-26 16:20:00,1.1492097
2016-08-26 16:25:00,0.8949602
2016-08-26 16:30:00,0.75088537
2016-08-26 16:35:00,0.5830803
2016-08-26 16:40:00,0.46442997
2016-08-26 16:45:00,0.35595042
2016-08-26 16:50:00,0.25594515
2016-08-26 16:55:00,0.2322152
2016-08-26 17:00:00,0.2169601
2016-08-26 17:05:00,0.20679018
2016-08-26 17:10:00,0.2186551
2016-08-26 17:15:00,0.22374003
2016-08-26 17:20:00,0.26103002
2016-08-26 17:25:00,0.32205003
2016-08-26 17:30:00,0.3712052
2016-08-26 17:35:00,0.40510526
2016-08-26 17:40:00,0.3881552
2016-08-26 17:45:00,0.330525
2016-08-26 17:50:00,0.36781505
2016-08-26 17:55:00,0.3695103
2016-08-26 18:00:00,0.39324027
2016-08-26 18:05:00,0.38137525
2016-08-26 18:10:00,0.4152752
2016-08-26 18:15:00,0.45765013
2016-08-26 18:20:00,0.60681003
2016-08-26 18:25:00,0.76953
2016-08-26 18:30:00,1.0390341
2016-08-26 18:35:00,1.3271856
2016-08-26 18:40:00,1.7848352
2016-08-26 18:45:00,2.1865509
2016-08-26 18:50:00,2.5662282
2016-08-26 18:55:00,2.913705
2016-08-26 19:00:00,3.317115
2016-08-26 19:05:00,3.7154386
2016-08-26 19:10:00,4.0442724
2016-08-26 19:15:00,4.2391944
2016-08-26 19:20:00,4.1764803
2016-08-26 19:25:00,3.901891
2016-08-26 19:30:00,3.6578078
2016-08-26 19:35:00,3.4069462
2016-08-26 19:40:00,3.1374424
2016-08-26 19:45:00,2.94252
2016-08-26 19:50:00,2.7323375
2016-08-26 19:55:00,2.5425014
2016-08-26 20:00:00,2.2763839
2016-08-26 20:05:00,2.1340055
2016-08-26 20:10:00,2.0780692
2016-08-26 20:15:00,2.0323029
2016-08-26 20:20:00,2.059424
2016-08-26 20:25:00,2.1797688
2016-08-26 20:30:00,2.330625
2016-08-26 20:35:00,2.5594501
2016-08-26 20:40:00,2.8170898
2016-08-26 20:45:00,3.0984595
2016-08-26 20:50:00,3.3459322
2016-08-26 20:55:00,3.5984852
2016-08-26 21:00:00,3.9951162
2016-08-26 21:05:00,4.2697043
2016-08-26 21:10:00,4.445984
2016-08-26 21:15:00,4.59854
2016-08-26 21:20:00,4.398522
2016-08-26 21:25:00,3.9069753
2016-08-26 21:30:00,3.1815157
2016-08-26 21:35:00,2.3831697
2016-08-26 21:40:00,1.689916
2016-08-26 21:45:00,1.350915
2016-08-26 21:50:00,1.26786
2016-08-26 21:55:00,1.3051503
2016-08-26 22:00:00,1.3983747
2016-08-26 22:05:00,1.5831293
2016-08-26 22:10:00,1.8373796
2016-08-26 22:15:00,2.130614
2016-08-26 22:20:00,2.2763844
2016-08-26 22:25:00,2.311979
2016-08-26 22:30:00,2.1356997
2016-08-26 22:35:00,1.7950027
2016-08-26 22:40:00,1.5475345
2016-08-26 22:45:00,1.3678643
2016-08-26 22:50:00,1.174635
2016-08-26 22:55:00,1.1593796
2016-08-26 23:00:00,1.2068408
2016-08-26 23:05:00,1.3153205
2016-08-26 23:10:00,1.6390648
2016-08-26 23:15:00,2.2170599
2016-08-26 23:20:00,2.9153981
2016-08-26 23:25:00,3.6611993
2016-08-26 23:30:00,4.1985154
2016-08-26 23:35:00,4.6036205
2016-08-26 23:40:00,5.3765397
2016-08-26 23:45:00,6.654569
2016-08-26 23:50:00,8.534322
2016-08-26 23:55:00,10.7208805
2016-08-27 00:00:00,12.670137
2016-08-27 00:05:00,14.026143
2016-08-27 00:10:00,14.834643
2016-08-27 00:15:00,15.3719635
2016-08-27 00:20:00,16.151644
2016-08-27 00:25:00,17.19406
2016-08-27 00:30:00,18.385681
2016-08-27 00:35:00,19.873857
2016-08-27 00:40:00,22.216358
2016-08-27 00:45:00,25.791084
2016-08-27 00:50:00,29.925222
2016-08-27 00:55:00,33.486454
2016-08-27 01:00:00,35.79164
2016-08-27 01:05:00,36.842545
2016-08-27 01:10:00,37.1137
2016-08-27 01:15:00,36.623875
2016-08-27 01:20:00,35.67806
2016-08-27 01:25:00,34.78986
2016-08-27 01:30:00,34.80344
2016-08-27 01:35:00,35.91706
2016-08-27 01:40:00,38.03407
2016-08-27 01:45:00,40.937653
2016-08-27 01:50:00,43.13774
2016-08-27 01:55:00,44.22087
2016-08-27 02:00:00,44.988724
2016-08-27 02:05:00,45.522583
2016-08-27 02:10:00,45.756565
2016-08-27 02:15:00,45.444656
2016-08-27 02:20:00,44.954773
2016-08-27 02:25:00,44.437798
2016-08-27 02:30:00,43.900475
2016-08-27 02:35:00,43.405552
2016-08-27 02:40:00,43.125896
2016-08-27 02:45:00,42.919106
2016-08-27 02:50:00,43.186913
2016-08-27 02:55:00,44.063194
2016-08-27 03:00:00,45.92263
2016-08-27 03:05:00,48.810925
2016-08-27 03:10:00,53.255154
2016-08-27 03:15:00,59.079227
2016-08-27 03:20:00,65.1371
2016-08-27 03:25:00,69.91198
2016-08-27 03:30:00,72.408775
2016-08-27 03:35:00,71.3154
2016-08-27 03:40:00,66.64234
2016-08-27 03:45:00,60.133476
2016-08-27 03:50:00,53.43656
2016-08-27 03:55:00,46.749763
2016-08-27 04:00:00,40.313885
2016-08-27 04:05:00,33.95933
2016-08-27 04:10:00,27.631907
2016-08-27 04:15:00,21.841772
2016-08-27 04:20:00,17.03645
2016-08-27 04:25:00,13.368449
2016-08-27 04:30:00,11.115807
2016-08-27 04:35:00,10.4547615
2016-08-27 04:40:00,11.198866
2016-08-27 04:45:00,13.20235
2016-08-27 04:50:00,15.665199
2016-08-27 04:55:00,17.975456
2016-08-27 05:00:00,20.45358
2016-08-27 05:05:00,23.390974
2016-08-27 05:10:00,26.264036
2016-08-27 05:15:00,28.9794
2016-08-27 05:20:00,32.05243
2016-08-27 05:25:00,35.913666
2016-08-27 05:30:00,40.012177
2016-08-27 05:35:00,43.28859
2016-08-27 05:40:00,44.33609
2016-08-27 05:45:00,42.41064
2016-08-27 05:50:00,38.05275
2016-08-27 05:55:00,32.71859
2016-08-27 06:00:00,27.53016
2016-08-27 06:05:00,22.79264
2016-08-27 06:10:00,18.553463
2016-08-27 06:15:00,14.649889
2016-08-27 06:20:00,11.2937975
2016-08-27 06:25:00,8.458048
2016-08-27 06:30:00,6.0664067
2016-08-27 06:35:00,4.234112
2016-08-27 06:40:00,2.744205
2016-08-27 06:45:00,1.8339908
2016-08-27 06:50:00,1.1712456
2016-08-27 06:55:00,0.86953515
2016-08-27 07:00:00,0.84410954
2016-08-27 07:05:00,1.0525954
2016-08-27 07:10:00,1.6661845
2016-08-27 07:15:00,2.9357395
2016-08-27 07:20:00,5.7053695
2016-08-27 07:25:00,9.84795
2016-08-27 07:30:00,15.090587
2016-08-27 07:35:00,21.212921
2016-08-27 07:40:00,27.552225
2016-08-27 07:45:00,32.66436
2016-08-27 07:50:00,35.28482
2016-08-27 07:55:00,35.90517
2016-08-27 08:00:00,36.08654
2016-08-27 08:05:00,36.584873
2016-08-27 08:10:00,37.134083
2016-08-27 08:15:00,37.98835
2016-08-27 08:20:00,39.696934
2016-08-27 08:25:00,42.380085
2016-08-27 08:30:00,45.94805
2016-08-27 08:35:00,49.58724
2016-08-27 08:40:00,52.689083
2016-08-27 08:45:00,55.209526
2016-08-27 08:50:00,57.682556
2016-08-27 08:55:00,59.828365
2016-08-27 09:00:00,61.670902
2016-08-27 09:05:00,63.252388
2016-08-27 09:10:00,64.967636
2016-08-27 09:15:00,66.896576
2016-08-27 09:20:00,69.68992
2016-08-27 09:25:00,73.607124
2016-08-27 09:30:00,78.76492
2016-08-27 09:35:00,85.50605
2016-08-27 09:40:00,94.92163
2016-08-27 09:45:00,107.87825
2016-08-27 09:50:00,124.74176
2016-08-27 09:55:00,144.51068
2016-08-27 10:00:00,161.67073
2016-08-27 10:05:00,173.00174
2016-08-27 10:10:00,179.62413
2016-08-27 10:15:00,183.03458
2016-08-27 10:20:00,185.0534
2016-08-27 10:25:00,186.29062
2016-08-27 10:30:00,187.03137
2016-08-27 10:35:00,187.55675
2016-08-27 10:40:00,187.68903
2016-08-27 10:45:00,187.2059
2016-08-27 10:50:00,186.31448
2016-08-27 10:55:00,185.08394
2016-08-27 11:00:00,183.79231
2016-08-27 11:05:00,182.58038
2016-08-27 11:10:00,181.35646
2016-08-27 11:15:00,180.5242
2016-08-27 11:20:00,179.8632
2016-08-27 11:25:00,179.83946
2016-08-27 11:30:00,180.2682
2016-08-27 11:35:00,180.97687
2016-08-27 11:40:00,181.76332
2016-08-27 11:45:00,182.61436
2016-08-27 11:50:00,184.50935
2016-08-27 11:55:00,186.8821
2016-08-27 12:00:00,191.61975
2016-08-27 12:05:00,191.61975
2016-08-27 12:10:00,191.61975
2016-08-27 12:15:00,191.61975
2016-08-27 12:20:00,191.61975
2016-08-27 12:25:00,191.61975
2016-08-27 12:30:00,191.61975
2016-08-27 12:35:00,191.61975
2016-08-27 12:40:00,191.61975
2016-08-27 12:45:00,191.61975
2016-08-27 12:50:00,191.61975
2016-08-27 12:55:00,191.61975
2016-08-27 13:00:00,191.61975
2016-08-27 13:05:00,191.61975
2016-08-27 13:10:00,191.6079
2016-08-27 13:15:00,191.6079
2016-08-27 13:20:00,191.6079
2016-08-27 13:25:00,191.59602
2016-08-27 13:30:00,191.6079
2016-08-27 13:35:00,191.6079
2016-08-27 13:40:00,191.6079
2016-08-27 13:45:00,191.61975
2016-08-27 13:50:00,191.61975
2016-08-27 13:55:00,191.61975
2016-08-27 14:00:00,191.61975
2016-08-27 14:05:00,191.61975
2016-08-27 14:10:00,191.61975
2016-08-27 14:15:00,191.61975
2016-08-27 14:20:00,191.61975
2016-08-27 14:25:00,191.61975
2016-08-27 14:30:00,191.61975
2016-08-27 14:35:00,191.61975
2016-08-27 14:40:00,191.61975
2016-08-27 14:45:00,191.61975
2016-08-27 14:50:00,191.61975
2016-08-27 14:55:00,191.61975
2016-08-27 15:00:00,191.61975
2016-08-27 15:05:00,191.61975
2016-08-27 15:10:00,191.61975
2016-08-27 15:15:00,191.61975
2016-08-27 15:20:00,191.61975
2016-08-27 15:25:00,191.61975
2016-08-27 15:30:00,191.61975
2016-08-27 15:35:00,191.61975
2016-08-27 15:40:00,191.61975
2016-08-27 15:45:00,191.61975
2016-08-27 15:50:00,191.61975
2016-08-27 15:55:00,191.61975
2016-08-27 16:00:00,191.61975
2016-08-27 16:05:00,191.61975
2016-08-27 16:10:00,191.61975
2016-08-27 16:15:00,191.61975
2016-08-27 16:20:00,191.61975
2016-08-27 16:25:00,191.61975
2016-08-27 16:30:00,191.6079
2016-08-27 16:35:00,191.58417
2016-08-27 16:40:00,191.5367
2016-08-27 16:45:00,191.34686
2016-08-27 16:50:00,190.99092
2016-08-27 16:55:00,190.39766
2016-08-27 17:00:00,189.57898
2016-08-27 17:05:00,188.57045
2016-08-27 17:10:00,187.4399
2016-08-27 17:15:00,186.36525
2016-08-27 17:20:00,185.37367
2016-08-27 17:25:00,184.72112
2016-08-27 17:30:00,184.53635
2016-08-27 17:35:00,184.88722
2016-08-27 17:40:00,185.76184
2016-08-27 17:45:00,187.15173
2016-08-27 17:50:00,189.00777
2016-08-27 17:55:00,190.48071
2016-08-27 18:00:00,191.12143
2016-08-27 18:05:00,191.37059
2016-08-27 18:10:00,191.52484
2016-08-27 18:15:00,191.5723
2016-08-27 18:20:00,191.58417
2016-08-27 18:25:00,191.58417
2016-08-27 18:30:00,191.55196
2016-08-27 18:35:00,191.48416
2016-08-27 18:40:00,191.31973
2016-08-27 18:45:00,191.13329
2016-08-27 18:50:00,190.90955
2016-08-27 18:55:00,190.50784
2016-08-27 19:00:00,189.90782
2016-08-27 19:05:00,188.94336
2016-08-27 19:10:00,187.71954
2016-08-27 19:15:00,186.05168
2016-08-27 19:20:00,184.34143
2016-08-27 19:25:00,182.39725
2016-08-27 19:30:00,180.60904
2016-08-27 19:35:00,179.20894
2016-08-27 19:40:00,178.43774
2016-08-27 19:45:00,178.43773
2016-08-27 19:50:00,179.3124
2016-08-27 19:55:00,181.28027
2016-08-27 20:00:00,183.85326
2016-08-27 20:05:00,186.08557
2016-08-27 20:10:00,187.53822
2016-08-27 20:15:00,188.60094
2016-08-27 20:20:00,189.40271
2016-08-27 20:25:00,189.99594
2016-08-27 20:30:00,190.44852
2016-08-27 20:35:00,190.81464
2016-08-27 20:40:00,191.08583
2016-08-27 20:45:00,191.28754
2016-08-27 20:50:00,191.42653
2016-08-27 20:55:00,191.48926
2016-08-27 21:00:00,191.54518
2016-08-27 21:05:00,191.5791
2016-08-27 21:10:00,191.59435
2016-08-27 21:15:00,191.5774
2016-08-27 21:20:00,191.56892
2016-08-27 21:25:00,191.53502
2016-08-27 21:30:00,191.51976
2016-08-27 21:35:00,191.53331
2016-08-27 21:40:00,191.53839
2016-08-27 21:45:00,191.55873
2016-08-27 21:50:00,191.6079
2016-08-27 21:55:00,191.61975
2016-08-27 22:00:00,191.61975
2016-08-27 22:05:00,191.61975
2016-08-27 22:10:00,191.61975
2016-08-27 22:15:00,191.61975
2016-08-27 22:20:00,191.61975
2016-08-27 22:25:00,191.61975
2016-08-27 22:30:00,191.61975
2016-08-27 22:35:00,191.61975
2016-08-27 22:40:00,191.61975
2016-08-27 22:45:00,191.61975
2016-08-27 22:50:00,191.61975
2016-08-27 22:55:00,191.61975
2016-08-27 23:00:00,191.61975
2016-08-27 23:05:00,191.61975
2016-08-27 23:10:00,191.61975
2016-08-27 23:15:00,191.61975
2016-08-27 23:20:00,191.61975
2016-08-27 23:25:00,191.61975
2016-08-27 23:30:00,191.61975
2016-08-27 23:35:00,191.61975
2016-08-27 23:40:00,191.61975
2016-08-27 23:45:00,191.61975
2016-08-27 23:50:00,191.61975
2016-08-27 23:55:00,191.61975
2016-08-28 00:00:00,191.61975
2016-08-28 00:05:00,191.61975
2016-08-28 00:10:00,191.61975
2016-08-28 00:15:00,191.61975
2016-08-28 00:20:00,191.61975
2016-08-28 00:25:00,191.61975
2016-08-28 00:30:00,191.61975
2016-08-28 00:35:00,191.61975
2016-08-28 00:40:00,191.61975
2016-08-28 00:45:00,191.61975
2016-08-28 00:50:00,191.61975
2016-08-28 00:55:00,191.61975
2016-08-28 01:00:00,191.61975
2016-08-28 01:05:00,191.61975
2016-08-28 01:10:00,191.61975
2016-08-28 01:15:00,191.61975
2016-08-28 01:20:00,191.61975
2016-08-28 01:25:00,191.61975
2016-08-28 01:30:00,191.61975
2016-08-28 01:35:00,191.61975
2016-08-28 01:40:00,191.61975
2016-08-28 01:45:00,191.61975
2016-08-28 01:50:00,191.61975
2016-08-28 01:55:00,191.61975
2016-08-28 02:00:00,191.61975
2016-08-28 02:05:00,191.61975
2016-08-28 02:10:00,191.61975
2016-08-28 02:15:00,191.61975
2016-08-28 02:20:00,191.61975
2016-08-28 02:25:00,191.61975
2016-08-28 02:30:00,191.61975
2016-08-28 02:35:00,191.61975
2016-08-28 02:40:00,191.61975
2016-08-28 02:45:00,191.61975
2016-08-28 02:50:00,191.61975
2016-08-28 02:55:00,191.61975
2016-08-28 03:00:00,191.61975
2016-08-28 03:05:00,191.61975
2016-08-28 03:10:00,191.61975
2016-08-28 03:15:00,191.61975
2016-08-28 03:20:00,191.61975
2016-08-28 03:25:00,191.61975
2016-08-28 03:30:00,191.61975
2016-08-28 03:35:00,191.61975
2016-08-28 03:40:00,191.61975
2016-08-28 03:45:00,191.61975
2016-08-28 03:50:00,191.61975
2016-08-28 03:55:00,191.61975
2016-08-28 04:00:00,191.61975
2016-08-28 04:05:00,191.61975
2016-08-28 04:10:00,191.61975
2016-08-28 04:15:00,191.61975
2016-08-28 04:20:00,191.61975
2016-08-28 04:25:00,191.61975
2016-08-28 04:30:00,191.61975
2016-08-28 04:35:00,191.61975
2016-08-28 04:40:00,191.61975
2016-08-28 04:45:00,191.61975
2016-08-28 04:50:00,191.61975
2016-08-28 04:55:00,191.61975
2016-08-28 05:00:00,191.61975
2016-08-28 05:05:00,191.61975
2016-08-28 05:10:00,191.61975
2016-08-28 05:15:00,191.61975
2016-08-28 05:20:00,191.61975
2016-08-28 05:25:00,191.58417
2016-08-28 05:30:00,191.54857
2016-08-28 05:35:00,191.41806
2016-08-28 05:40:00,191.28754
2016-08-28 05:45:00,191.19261
2016-08-28 05:50:00,191.04684
2016-08-28 05:55:00,190.83498
2016-08-28 06:00:00,190.50276
2016-08-28 06:05:00,190.05356
2016-08-28 06:10:00,189.74678
2016-08-28 06:15:00,189.51451
2016-08-28 06:20:00,189.30608
2016-08-28 06:25:00,189.11963
2016-08-28 06:30:00,188.91446
2016-08-28 06:35:00,188.88396
2016-08-28 06:40:00,188.8162
2016-08-28 06:45:00,188.65863
2016-08-28 06:50:00,188.28568
2016-08-28 06:55:00,187.75517
2016-08-28 07:00:00,186.91446
2016-08-28 07:05:00,185.61607
2016-08-28 07:10:00,184.07703
2016-08-28 07:15:00,182.17355
2016-08-28 07:20:00,179.73615
2016-08-28 07:25:00,176.8004
2016-08-28 07:30:00,173.87648
2016-08-28 07:35:00,171.49677
2016-08-28 07:40:00,170.0068
2016-08-28 07:45:00,169.51021
2016-08-28 07:50:00,170.3238
2016-08-28 07:55:00,172.94931
2016-08-28 08:00:00,176.92917
2016-08-28 08:05:00,181.15483
2016-08-28 08:10:00,184.92792
2016-08-28 08:15:00,187.79576
2016-08-28 08:20:00,189.57056
2016-08-28 08:25:00,190.48412
2016-08-28 08:30:00,190.8672
2016-08-28 08:35:00,191.01295
2016-08-28 08:40:00,191.08076
2016-08-28 08:45:00,191.16382
2016-08-28 08:50:00,191.27061
2016-08-28 08:55:00,191.31976
2016-08-28 09:00:00,191.31802
2016-08-28 09:05:00,191.24347
2016-08-28 09:10:00,191.15022
2016-08-28 09:15:00,191.02313
2016-08-28 09:20:00,190.8892
2016-08-28 09:25:00,190.75871
2016-08-28 09:30:00,190.59427
2016-08-28 09:35:00,190.38583
2016-08-28 09:40:00,190.21294
2016-08-28 09:45:00,190.02644
2016-08-28 09:50:00,189.71286
2016-08-28 09:55:00,189.28915
2016-08-28 10:00:00,188.64847
2016-08-28 10:05:00,187.61623
2016-08-28 10:10:00,186.4263
2016-08-28 10:15:00,185.23819
2016-08-28 10:20:00,184.14821
2016-08-28 10:25:00,183.03119
2016-08-28 10:30:00,181.8888
2016-08-28 10:35:00,180.76839
2016-08-28 10:40:00,179.66151
2016-08-28 10:45:00,178.40544
2016-08-28 10:50:00,176.78511
2016-08-28 10:55:00,175.09688
2016-08-28 11:00:00,173.16972
2016-08-28 11:05:00,171.0627
2016-08-28 11:10:00,168.84239
2016-08-28 11:15:00,166.71341
2016-08-28 11:20:00,164.26929
2016-08-28 11:25:00,161.38095
2016-08-28 11:30:00,158.16891
2016-08-28 11:35:00,154.59761
2016-08-28 11:40:00,150.81099
2016-08-28 11:45:00,147.39378
2016-08-28 11:50:00,145.0818
2016-08-28 11:55:00,143.59369
2016-08-28 12:00:00,52.14838
2016-08-28 12:05:00,52.134792
2016-08-28 12:10:00,52.558575
2016-08-28 12:15:00,53.450134
2016-08-28 12:20:00,54.93156
2016-08-28 12:25:00,56.404537
2016-08-28 12:30:00,57.416435
2016-08-28 12:35:00,57.45033
2016-08-28 12:40:00,56.76386
2016-08-28 12:45:00,55.23665
2016-08-28 12:50:00,52.84841
2016-08-28 12:55:00,50.23979
2016-08-28 13:00:00,47.319332
2016-08-28 13:05:00,44.392044
2016-08-28 13:10:00,41.417316
2016-08-28 13:15:00,38.02902
2016-08-28 13:20:00,33.93219
2016-08-28 13:25:00,29.259085
2016-08-28 13:30:00,24.34189
2016-08-28 13:35:00,19.411139
2016-08-28 13:40:00,14.61768
2016-08-28 13:45:00,10.456456
2016-08-28 13:50:00,6.954585
2016-08-28 13:55:00,4.1019
2016-08-28 14:00:00,2.0814598
2016-08-28 14:05:00,0.9153
2016-08-28 14:10:00,0.41696998
2016-08-28 14:15:00,0.16950001
2016-08-28 14:20:00,0.055934995
2016-08-28 14:25:00,0.028814998
2016-08-28 14:30:00,0.042374995
2016-08-28 14:35:00,0.040679995
2016-08-28 14:40:00,0.028814998
2016-08-28 14:45:00,0.0
2016-08-28 14:50:00,0.0
2016-08-28 14:55:00,0.0
2016-08-28 15:00:00,0.0
2016-08-28 15:05:00,0.0
2016-08-28 15:10:00,0.0
2016-08-28 15:15:00,0.013560001
2016-08-28 15:20:00,0.027120002
2016-08-28 15:25:00,0.04068
2016-08-28 15:30:00,0.054240003
2016-08-28 15:35:00,0.08136
2016-08-28 15:40:00,0.1017
2016-08-28 15:45:00,0.122039996
2016-08-28 15:50:00,0.14916
2016-08-28 15:55:00,0.19661999
2016-08-28 16:00:00,0.28476
2016-08-28 16:05:00,0.36612
2016-08-28 16:10:00,0.5118901
2016-08-28 16:15:00,0.78309
2016-08-28 16:20:00,1.2882003
2016-08-28 16:25:00,2.0763745
2016-08-28 16:30:00,3.0628648
2016-08-28 16:35:00,4.2917414
2016-08-28 16:40:00,5.7477465
2016-08-28 16:45:00,7.629195
2016-08-28 16:50:00,9.514035
2016-08-28 16:55:00,11.409052
2016-08-28 17:00:00,13.154897
2016-08-28 17:05:00,14.832948
2016-08-28 17:10:00,16.692364
2016-08-28 17:15:00,18.677206
2016-08-28 17:20:00,20.450174
2016-08-28 17:25:00,21.73328
2016-08-28 17:30:00,22.71131
2016-08-28 17:35:00,23.475756
2016-08-28 17:40:00,24.218191
2016-08-28 17:45:00,25.041943
2016-08-28 17:50:00,26.023346
2016-08-28 17:55:00,26.626755
2016-08-28 18:00:00,26.960691
2016-08-28 18:05:00,27.058992
2016-08-28 18:10:00,27.23018
2016-08-28 18:15:00,27.199684
2016-08-28 18:20:00,26.997965
2016-08-28 18:25:00,26.523338
2016-08-28 18:30:00,25.789412
2016-08-28 18:35:00,25.018192
2016-08-28 18:40:00,24.3724
2016-08-28 18:45:00,23.86558
2016-08-28 18:50:00,23.362167
2016-08-28 18:55:00,23.140146
2016-08-28 19:00:00,23.055395
2016-08-28 19:05:00,23.15709
2016-08-28 19:10:00,23.270645
2016-08-28 19:15:00,23.401148
2016-08-28 19:20:00,23.670681
2016-08-28 19:25:00,24.08426
2016-08-28 19:30:00,24.580877
2016-08-28 19:35:00,25.016476
2016-08-28 19:40:00,25.240217
2016-08-28 19:45:00,25.384302
2016-08-28 19:50:00,25.726667
2016-08-28 19:55:00,26.48946
2016-08-28 20:00:00,27.59969
2016-08-28 20:05:00,28.877699
2016-08-28 20:10:00,30.14897
2016-08-28 20:15:00,31.384642
2016-08-28 20:20:00,32.654198
2016-08-28 20:25:00,34.03222
2016-08-28 20:30:00,35.267876
2016-08-28 20:35:00,36.547604
2016-08-28 20:40:00,37.964615
2016-08-28 20:45:00,39.67485
2016-08-28 20:50:00,41.485126
2016-08-28 20:55:00,43.036076
2016-08-28 21:00:00,44.56159
2016-08-28 21:05:00,45.8582
2016-08-28 21:10:00,47.056564
2016-08-28 21:15:00,48.131218
2016-08-28 21:20:00,48.905804
2016-08-28 21:25:00,49.488873
2016-08-28 21:30:00,50.044827
2016-08-28 21:35:00,51.151714
2016-08-28 21:40:00,52.490772
2016-08-28 21:45:00,53.645092
2016-08-28 21:50:00,54.472225
2016-08-28 21:55:00,54.96374
2016-08-28 22:00:00,55.35194
2016-08-28 22:05:00,56.063835
2016-08-28 22:10:00,56.574013
2016-08-28 22:15:00,56.648556
2016-08-28 22:20:00,56.402824
2016-08-28 22:25:00,55.897705
2016-08-28 22:30:00,55.280746
2016-08-28 22:35:00,54.411236
2016-08-28 22:40:00,53.49249
2016-08-28 22:45:00,52.33481
2016-08-28 22:50:00,51.082226
2016-08-28 22:55:00,49.848305
2016-08-28 23:00:00,48.75157
2016-08-28 23:05:00,48.048153
2016-08-28 23:10:00,47.70237
2016-08-28 23:15:00,47.573563
2016-08-28 23:20:00,47.40406
2016-08-28 23:25:00,47.105732
2016-08-28 23:30:00,46.66333
2016-08-28 23:35:00,46.09042
2016-08-28 23:40:00,45.210743
2016-08-28 23:45:00,44.110664
2016-08-28 23:50:00,42.8123
2016-08-28 23:55:00,41.41052
2016-08-29 00:00:00,40.013844
2016-08-29 00:05:00,38.384968
2016-08-29 00:10:00,36.730648
2016-08-29 00:15:00,34.911926
2016-08-29 00:20:00,33.061005
2016-08-29 00:25:00,31.304956
2016-08-29 00:30:00,29.660812
2016-08-29 00:35:00,27.977665
2016-08-29 00:40:00,26.518274
2016-08-29 00:45:00,25.289404
2016-08-29 00:50:00,24.050371
2016-08-29 00:55:00,22.904558
2016-08-29 01:00:00,21.809572
2016-08-29 01:05:00,20.723078
2016-08-29 01:10:00,19.570488
2016-08-29 01:15:00,18.34667
2016-08-29 01:20:00,17.119503
2016-08-29 01:25:00,16.051643
2016-08-29 01:30:00,15.095675
2016-08-29 01:35:00,14.241382
2016-08-29 01:40:00,13.448127
2016-08-29 01:45:00,12.8904705
2016-08-29 01:50:00,12.919296
2016-08-29 01:55:00,13.204043
2016-08-29 02:00:00,13.641356
2016-08-29 02:05:00,13.905773
2016-08-29 02:10:00,13.927816
2016-08-29 02:15:00,13.573566
2016-08-29 02:20:00,13.034544
2016-08-29 02:25:00,12.25654
2016-08-29 02:30:00,11.263278
2016-08-29 02:35:00,10.141191
2016-08-29 02:40:00,8.991977
2016-08-29 02:45:00,7.874973
2016-08-29 02:50:00,6.8918705
2016-08-29 02:55:00,6.0155535
2016-08-29 03:00:00,5.1612744
2016-08-29 03:05:00,4.3629313
2016-08-29 03:10:00,3.5510242
2016-08-29 03:15:00,2.8408206
2016-08-29 03:20:00,2.195025
2016-08-29 03:25:00,1.7221202
2016-08-29 03:30:00,1.2983696
2016-08-29 03:35:00,1.0186952
2016-08-29 03:40:00,0.79664993
2016-08-29 03:45:00,0.59494495
2016-08-29 03:50:00,0.51697505
2016-08-29 03:55:00,0.472905
2016-08-29 04:00:00,0.39663005
2016-08-29 04:05:00,0.37459508
2016-08-29 04:10:00,0.57969004
2016-08-29 04:15:00,1.1966703
2016-08-29 04:20:00,2.3340154
2016-08-29 04:25:00,3.973082
2016-08-29 04:30:00,5.3138266
2016-08-29 04:35:00,6.051149
2016-08-29 04:40:00,6.498634
2016-08-29 04:45:00,7.2376513
2016-08-29 04:50:00,8.475
2016-08-29 04:55:00,10.385253
2016-08-29 05:00:00,12.280278
2016-08-29 05:05:00,13.553212
2016-08-29 05:10:00,13.631199
2016-08-29 05:15:00,12.481992
2016-08-29 05:20:00,11.051409
2016-08-29 05:25:00,9.908966
2016-08-29 05:30:00,9.469963
2016-08-29 05:35:00,9.57506
2016-08-29 05:40:00,9.702179
2016-08-29 05:45:00,9.475053
2016-08-29 05:50:00,8.736028
2016-08-29 05:55:00,7.9054794
2016-08-29 06:00:00,7.5563097
2016-08-29 06:05:00,7.700389
2016-08-29 06:10:00,8.0105715
2016-08-29 06:15:00,8.037687
2016-08-29 06:20:00,7.8359895
2016-08-29 06:25:00,7.454612
2016-08-29 06:30:00,7.0155993
2016-08-29 06:35:00,6.3681173
2016-08-29 06:40:00,5.4545097
2016-08-29 06:45:00,4.3900514
2016-08-29 06:50:00,3.4442425
2016-08-29 06:55:00,2.801835
2016-08-29 07:00:00,2.5560606
2016-08-29 07:05:00,2.5052106
2016-08-29 07:10:00,2.5238533
2016-08-29 07:15:00,2.4238496
2016-08-29 07:20:00,2.2001092
2016-08-29 07:25:00,1.8305992
2016-08-29 07:30:00,1.2882007
2016-08-29 07:35:00,0.84241563
2016-08-29 07:40:00,0.43731043
2016-08-29 07:45:00,0.18136498
2016-08-29 07:50:00,0.06440999
2016-08-29 07:55:00,0.040679995
2016-08-29 08:00:00,0.040679995
2016-08-29 08:05:00,0.040679995
2016-08-29 08:10:00,0.023729997
2016-08-29 08:15:00,0.0
2016-08-29 08:20:00,0.0
2016-08-29 08:25:00,0.0
2016-08-29 08:30:00,0.0033900002
2016-08-29 08:35:00,0.040679995
2016-08-29 08:40:00,0.09661499
2016-08-29 08:45:00,0.20000997
2016-08-29 08:50:00,0.547485
2016-08-29 08:55:00,1.2373495
2016-08-29 09:00:00,2.4780905
2016-08-29 09:05:00,4.0290117
2016-08-29 09:10:00,5.3036532
2016-08-29 09:15:00,5.8765655
2016-08-29 09:20:00,5.724016
2016-08-29 09:25:00,5.105343
2016-08-29 09:30:00,4.510396
2016-08-29 09:35:00,3.9798615
2016-08-29 09:40:00,3.534075
2016-08-29 09:45:00,3.2323673
2016-08-29 09:50:00,3.073033
2016-08-29 09:55:00,3.0526953
2016-08-29 10:00:00,3.4493253
2016-08-29 10:05:00,3.9679973
2016-08-29 10:10:00,4.381573
2016-08-29 10:15:00,4.4171686
2016-08-29 10:20:00,4.0578294
2016-08-29 10:25:00,3.434066
2016-08-29 10:30:00,2.6069117
2016-08-29 10:35:00,1.9746745
2016-08-29 10:40:00,1.547535
2016-08-29 10:45:00,1.2831153
2016-08-29 10:50:00,1.0915798
2016-08-29 10:55:00,0.83902514
2016-08-29 11:00:00,0.64918524
2016-08-29 11:05:00,0.4593452
2016-08-29 11:10:00,0.384765
2016-08-29 11:15:00,0.36612007
2016-08-29 11:20:00,0.4067999
2016-08-29 11:25:00,0.46612522
2016-08-29 11:30:00,0.4661252
2016-08-29 11:35:00,0.425445
2016-08-29 11:40:00,0.425445
2016-08-29 11:45:00,0.39324
2016-08-29 11:50:00,0.350865
2016-08-29 11:55:00,0.32544014
2016-08-29 12:00:00,0.24916516
2016-08-29 12:05:00,0.008475
2016-08-29 12:10:00,0.0
2016-08-29 12:15:00,0.0
2016-08-29 12:20:00,0.0
2016-08-29 12:25:00,0.0
2016-08-29 12:30:00,0.0
2016-08-29 12:35:00,0.0
2016-08-29 12:40:00,0.0
2016-08-29 12:45:00,0.0
2016-08-29 12:50:00,0.0
2016-08-29 12:55:00,0.0
2016-08-29 13:00:00,0.0
2016-08-29 13:05:00,0.0
2016-08-29 13:10:00,0.0
2016-08-29 13:15:00,0.0
2016-08-29 13:20:00,0.0
2016-08-29 13:25:00,0.0
2016-08-29 13:30:00,0.0
2016-08-29 13:35:00,0.0
2016-08-29 13:40:00,0.0
2016-08-29 13:45:00,0.0
2016-08-29 13:50:00,0.0
2016-08-29 13:55:00,0.0
2016-08-29 14:00:00,0.0
2016-08-29 14:05:00,0.0
2016-08-29 14:10:00,0.0
2016-08-29 14:15:00,0.0
2016-08-29 14:20:00,0.0
2016-08-29 14:25:00,0.0
2016-08-29 14:30:00,0.0
2016-08-29 14:35:00,0.0
2016-08-29 14:40:00,0.0
2016-08-29 14:45:00,0.0
2016-08-29 14:50:00,0.0
2016-08-29 14:55:00,0.0
2016-08-29 15:00:00,0.0
2016-08-29 15:05:00,0.0
2016-08-29 15:10:00,0.0
2016-08-29 15:15:00,0.0
2016-08-29 15:20:00,0.0
2016-08-29 15:25:00,0.0
2016-08-29 15:30:00,0.0
2016-08-29 15:35:00,0.0
2016-08-29 15:40:00,0.0
2016-08-29 15:45:00,0.0
2016-08-29 15:50:00,0.0
2016-08-29 15:55:00,0.0
2016-08-29 16:00:00,0.0
2016-08-29 16:05:00,0.0
2016-08-29 16:10:00,0.0
2016-08-29 16:15:00,0.0
2016-08-29 16:20:00,0.0
2016-08-29 16:25:00,0.0
2016-08-29 16:30:00,0.0
2016-08-29 16:35:00,0.0
2016-08-29 16:40:00,0.0
2016-08-29 16:45:00,0.0
2016-08-29 16:50:00,0.0
2016-08-29 16:55:00,0.0
2016-08-29 17:00:00,0.0
2016-08-29 17:05:00,0.0
2016-08-29 17:10:00,0.0
2016-08-29 17:15:00,0.0
2016-08-29 17:20:00,0.0
2016-08-29 17:25:00,0.0
2016-08-29 17:30:00,0.0
2016-08-29 17:35:00,0.013559999
2016-08-29 17:40:00,0.02034
2016-08-29 17:45:00,0.045764994
2016-08-29 17:50:00,0.05762999
2016-08-29 17:55:00,0.08305499
2016-08-29 18:00:00,0.06440999
2016-08-29 18:05:00,0.052544996
2016-08-29 18:10:00,0.04068
2016-08-29 18:15:00,0.050849993
2016-08-29 18:20:00,0.052544992
2016-08-29 18:25:00,0.11356498
2016-08-29 18:30:00,0.16441502
2016-08-29 18:35:00,0.24238507
2016-08-29 18:40:00,0.3067951
2016-08-29 18:45:00,0.40340984
2016-08-29 18:50:00,0.6000297
2016-08-29 18:55:00,0.8780105
2016-08-29 19:00:00,1.2220942
2016-08-29 19:05:00,1.7627981
2016-08-29 19:10:00,2.3051996
2016-08-29 19:15:00,3.0476089
2016-08-29 19:20:00,3.9035842
2016-08-29 19:25:00,4.886687
2016-08-29 19:30:00,5.8579183
2016-08-29 19:35:00,6.810507
2016-08-29 19:40:00,7.6173315
2016-08-29 19:45:00,8.171603
2016-08-29 19:50:00,8.469913
2016-08-29 19:55:00,8.654671
2016-08-29 20:00:00,8.805527
2016-08-29 20:05:00,9.0156975
2016-08-29 20:10:00,9.110629
2016-08-29 20:15:00,9.227576
2016-08-29 20:20:00,9.495391
2016-08-29 20:25:00,9.776749
2016-08-29 20:30:00,10.278475
2016-08-29 20:35:00,10.900548
2016-08-29 20:40:00,11.5192175
2016-08-29 20:45:00,12.0209255
2016-08-29 20:50:00,12.592157
2016-08-29 20:55:00,13.051501
2016-08-29 21:00:00,13.544727
2016-08-29 21:05:00,14.13289
2016-08-29 21:10:00,14.878703
2016-08-29 21:15:00,15.912657
2016-08-29 21:20:00,17.060171
2016-08-29 21:25:00,18.338213
2016-08-29 21:30:00,19.728107
2016-08-29 21:35:00,21.25529
2016-08-29 21:40:00,22.912998
2016-08-29 21:45:00,24.957155
2016-08-29 21:50:00,27.230177
2016-08-29 21:55:00,29.52689
2016-08-29 22:00:00,31.664288
2016-08-29 22:05:00,33.208454
2016-08-29 22:10:00,34.220345
2016-08-29 22:15:00,35.02037
2016-08-29 22:20:00,36.415386
2016-08-29 22:25:00,38.437546
2016-08-29 22:30:00,40.571518
2016-08-29 22:35:00,42.44451
2016-08-29 22:40:00,44.712425
2016-08-29 22:45:00,47.795563
2016-08-29 22:50:00,50.373722
2016-08-29 22:55:00,50.583923
2016-08-29 23:00:00,48.14477
2016-08-29 23:05:00,44.829372
2016-08-29 23:10:00,42.929245
2016-08-29 23:15:00,43.002148
2016-08-29 23:20:00,44.003902
2016-08-29 23:25:00,44.58695
2016-08-29 23:30:00,44.65477
2016-08-29 23:35:00,44.422592
2016-08-29 23:40:00,43.798817
2016-08-29 23:45:00,42.94118
2016-08-29 23:50:00,42.17162
2016-08-29 23:55:00,41.313927
2016-08-30 00:00:00,40.61898
2016-08-30 00:05:00,39.95451
2016-08-30 00:10:00,39.298557
2016-08-30 00:15:00,38.742615
2016-08-30 00:20:00,38.079838
2016-08-30 00:25:00,37.86799
2016-08-30 00:30:00,38.125626
2016-08-30 00:35:00,38.910404
2016-08-30 00:40:00,40.4325
2016-08-30 00:45:00,42.427547
2016-08-30 00:50:00,44.56495
2016-08-30 00:55:00,46.468456
2016-08-30 01:00:00,48.046486
2016-08-30 01:05:00,49.334656
2016-08-30 01:10:00,50.517788
2016-08-30 01:15:00,51.983967
2016-08-30 01:20:00,54.1756
2016-08-30 01:25:00,57.806263
2016-08-30 01:30:00,63.03534
2016-08-30 01:35:00,70.10011
2016-08-30 01:40:00,78.88193
2016-08-30 01:45:00,89.016304
2016-08-30 01:50:00,101.45929
2016-08-30 01:55:00,116.593956
2016-08-30 02:00:00,130.73872
2016-08-30 02:05:00,143.18344
2016-08-30 02:10:00,153.66702
2016-08-30 02:15:00,162.01482
2016-08-30 02:20:00,168.38634
2016-08-30 02:25:00,172.67984
2016-08-30 02:30:00,174.69849
2016-08-30 02:35:00,175.07481
2016-08-30 02:40:00,175.1766
2016-08-30 02:45:00,176.6106
2016-08-30 02:50:00,179.45299
2016-08-30 02:55:00,182.39212
2016-08-30 03:00:00,185.33986
2016-08-30 03:05:00,188.56027
2016-08-30 03:10:00,190.79942
2016-08-30 03:15:00,191.38582
2016-08-30 03:20:00,191.46211
2016-08-30 03:25:00,191.50452
2016-08-30 03:30:00,191.55194
2016-08-30 03:35:00,191.57904
2016-08-30 03:40:00,191.57904
2016-08-30 03:45:00,191.57904
2016-08-30 03:50:00,191.57904
2016-08-30 03:55:00,191.57904
2016-08-30 04:00:00,191.53839
2016-08-30 04:05:00,191.42993
2016-08-30 04:10:00,191.22144
2016-08-30 04:15:00,190.89435
2016-08-30 04:20:00,190.5248
2016-08-30 04:25:00,190.16875
2016-08-30 04:30:00,189.9569
2016-08-30 04:35:00,189.89757
2016-08-30 04:40:00,189.95198
2016-08-30 04:45:00,190.20279
2016-08-30 04:50:00,190.58922
2016-08-30 04:55:00,190.71974
2016-08-30 05:00:00,190.59767
2016-08-30 05:05:00,190.44511
2016-08-30 05:10:00,190.38411
2016-08-30 05:15:00,190.3587
2016-08-30 05:20:00,190.46384
2016-08-30 05:25:00,190.47736
2016-08-30 05:30:00,190.46886
2016-08-30 05:35:00,190.17056
2016-08-30 05:40:00,189.61118
2016-08-30 05:45:00,188.58054
2016-08-30 05:50:00,187.60947
2016-08-30 05:55:00,186.9059
2016-08-30 06:00:00,186.53474
2016-08-30 06:05:00,186.033
2016-08-30 06:10:00,185.07199
2016-08-30 06:15:00,183.97032
2016-08-30 06:20:00,182.84128
2016-08-30 06:25:00,181.64961
2016-08-30 06:30:00,181.31244
2016-08-30 06:35:00,180.99722
2016-08-30 06:40:00,178.96654
2016-08-30 06:45:00,173.79675
2016-08-30 06:50:00,167.87787
2016-08-30 06:55:00,161.04875
2016-08-30 07:00:00,152.50768
2016-08-30 07:05:00,143.82417
2016-08-30 07:10:00,135.13893
2016-08-30 07:15:00,126.32999
2016-08-30 07:20:00,118.42115
2016-08-30 07:25:00,111.75471
2016-08-30 07:30:00,106.04939
2016-08-30 07:35:00,100.88981
2016-08-30 07:40:00,96.93361
2016-08-30 07:45:00,93.89788
2016-08-30 07:50:00,91.138466
2016-08-30 07:55:00,88.23319
2016-08-30 08:00:00,86.46196
2016-08-30 08:05:00,84.78048
2016-08-30 08:10:00,82.00916
2016-08-30 08:15:00,79.67856
2016-08-30 08:20:00,77.892006
2016-08-30 08:25:00,74.585075
2016-08-30 08:30:00,70.45265
2016-08-30 08:35:00,67.41016
2016-08-30 08:40:00,65.36938
2016-08-30 08:45:00,63.689655
2016-08-30 08:50:00,61.367496
2016-08-30 08:55:00,57.536797
2016-08-30 09:00:00,54.067097
2016-08-30 09:05:00,51.08222
2016-08-30 09:10:00,47.63288
2016-08-30 09:15:00,44.312378
2016-08-30 09:20:00,40.97662
2016-08-30 09:25:00,38.12563
2016-08-30 09:30:00,35.661114
2016-08-30 09:35:00,33.420322
2016-08-30 09:40:00,30.487963
2016-08-30 09:45:00,27.164066
2016-08-30 09:50:00,23.967295
2016-08-30 09:55:00,21.41293
2016-08-30 10:00:00,19.36538
2016-08-30 10:05:00,17.380526
2016-08-30 10:10:00,15.699087
2016-08-30 10:15:00,14.482079
2016-08-30 10:20:00,12.412485
2016-08-30 10:25:00,9.814049
2016-08-30 10:30:00,7.4207077
2016-08-30 10:35:00,5.6867256
2016-08-30 10:40:00,4.25445
2016-08-30 10:45:00,3.8035798
2016-08-30 10:50:00,4.786681
2016-08-30 10:55:00,6.5545645
2016-08-30 11:00:00,9.524204
2016-08-30 11:05:00,12.441302
2016-08-30 11:10:00,14.0939245
2016-08-30 11:15:00,13.888831
2016-08-30 11:20:00,12.515881
2016-08-30 11:25:00,10.741211
2016-08-30 11:30:00,9.297074
2016-08-30 11:35:00,8.551275
2016-08-30 11:40:00,8.566528
2016-08-30 11:45:00,8.942821
2016-08-30 11:50:00,9.710654
2016-08-30 11:55:00,10.632735
2016-08-30 12:00:00,11.653124
2016-08-30 12:05:00,24.552067
2016-08-30 12:10:00,25.386015
2016-08-30 12:15:00,26.552187
2016-08-30 12:20:00,28.298035
2016-08-30 12:25:00,30.969345
2016-08-30 12:30:00,34.577988
2016-08-30 12:35:00,38.323948
2016-08-30 12:40:00,42.285164
2016-08-30 12:45:00,45.326
2016-08-30 12:50:00,47.502396
2016-08-30 12:55:00,49.270264
2016-08-30 13:00:00,50.56525
2016-08-30 13:05:00,51.419525
2016-08-30 13:10:00,51.853424
2016-08-30 13:15:00,52.17886
2016-08-30 13:20:00,52.850113
2016-08-30 13:25:00,52.31279
2016-08-30 13:30:00,50.416084
2016-08-30 13:35:00,48.90415
2016-08-30 13:40:00,47.100662
2016-08-30 13:45:00,45.98874
2016-08-30 13:50:00,48.158356
2016-08-30 13:55:00,54.362045
2016-08-30 14:00:00,56.65024
2016-08-30 14:05:00,45.334496
2016-08-30 14:10:00,30.025232
2016-08-30 14:15:00,24.36733
2016-08-30 14:20:00,23.082521
2016-08-30 14:25:00,22.89945
2016-08-30 14:30:00,24.274103
2016-08-30 14:35:00,24.182564
2016-08-30 14:40:00,25.592817
2016-08-30 14:45:00,30.46933
2016-08-30 14:50:00,36.38148
2016-08-30 14:55:00,42.729267
2016-08-30 15:00:00,49.68216
2016-08-30 15:05:00,54.073895
2016-08-30 15:10:00,59.562305
2016-08-30 15:15:00,61.798023
2016-08-30 15:20:00,60.092827
2016-08-30 15:25:00,51.372032
2016-08-30 15:30:00,40.091827
2016-08-30 15:35:00,33.544064
2016-08-30 15:40:00,43.93441
2016-08-30 15:45:00,59.857246
2016-08-30 15:50:00,70.17301
2016-08-30 15:55:00,63.726906
2016-08-30 16:00:00,46.47014
2016-08-30 16:05:00,32.77621
2016-08-30 16:10:00,24.02833
2016-08-30 16:15:00,18.07209
2016-08-30 16:20:00,17.489004
2016-08-30 16:25:00,19.178917
2016-08-30 16:30:00,20.24847
2016-08-30 16:35:00,17.946657
2016-08-30 16:40:00,10.492047
2016-08-30 16:45:00,7.180019
2016-08-30 16:50:00,5.7257147
2016-08-30 16:55:00,4.53582
2016-08-30 17:00:00,2.7798002
2016-08-30 17:05:00,0.80682
2016-08-30 17:10:00,0.4864648
2016-08-30 17:15:00,1.3848147
2016-08-30 17:20:00,2.7662408
2016-08-30 17:25:00,3.5764506
2016-08-30 17:30:00,3.7781558
2016-08-30 17:35:00,7.339355
2016-08-30 17:40:00,0.030509995
2016-08-30 17:45:00,1.2898947
2016-08-30 17:50:00,10.039482
2016-08-30 17:55:00,20.601017
2016-08-30 18:00:00,30.308298
2016-08-30 18:05:00,43.519127
2016-08-30 18:10:00,60.909824
2016-08-30 18:15:00,73.23926
2016-08-30 18:20:00,77.81065
2016-08-30 18:25:00,79.90737
2016-08-30 18:30:00,83.363556
2016-08-30 18:35:00,87.18746
2016-08-30 18:40:00,88.37731
2016-08-30 18:45:00,85.83989
2016-08-30 18:50:00,78.54457
2016-08-30 18:55:00,69.36451
2016-08-30 19:00:00,61.34204
2016-08-30 19:05:00,54.55868
2016-08-30 19:10:00,48.802467
2016-08-30 19:15:00,42.92587
2016-08-30 19:20:00,36.479813
2016-08-30 19:25:00,30.813408
2016-08-30 19:30:00,27.272541
2016-08-30 19:35:00,25.538593
2016-08-30 19:40:00,23.960524
2016-08-30 19:45:00,22.572325
2016-08-30 19:50:00,22.07569
2016-08-30 19:55:00,22.231634
2016-08-30 20:00:00,22.99099
2016-08-30 20:05:00,25.316517
2016-08-30 20:10:00,28.845522
2016-08-30 20:15:00,32.569443
2016-08-30 20:20:00,34.779697
2016-08-30 20:25:00,35.542465
2016-08-30 20:30:00,36.512
2016-08-30 20:35:00,37.17305
2016-08-30 20:40:00,35.539055
2016-08-30 20:45:00,32.43214
2016-08-30 20:50:00,30.85068
2016-08-30 20:55:00,30.757465
2016-08-30 21:00:00,31.018507
2016-08-30 21:05:00,31.752441
2016-08-30 21:10:00,32.116875
2016-08-30 21:15:00,30.89818
2016-08-30 21:20:00,27.601395
2016-08-30 21:25:00,24.123247
2016-08-30 21:30:00,24.094423
2016-08-30 21:35:00,26.92506
2016-08-30 21:40:00,29.099781
2016-08-30 21:45:00,33.115215
2016-08-30 21:50:00,39.77147
2016-08-30 21:55:00,45.656548
2016-08-30 22:00:00,52.96537
2016-08-30 22:05:00,56.882523
2016-08-30 22:10:00,55.52655
2016-08-30 22:15:00,57.633343
2016-08-30 22:20:00,66.63552
2016-08-30 22:25:00,75.60378
2016-08-30 22:30:00,84.87537
2016-08-30 22:35:00,95.470894
2016-08-30 22:40:00,114.080315
2016-08-30 22:45:00,138.3238
2016-08-30 22:50:00,146.48537
2016-08-30 22:55:00,134.76262
2016-08-30 23:00:00,107.61052
2016-08-30 23:05:00,85.00937
2016-08-30 23:10:00,74.22743
2016-08-30 23:15:00,71.73405
2016-08-30 23:20:00,67.522
2016-08-30 23:25:00,70.09332
2016-08-30 23:30:00,104.76964
2016-08-30 23:35:00,144.08339
2016-08-30 23:40:00,110.41731
2016-08-30 23:45:00,90.33677
2016-08-30 23:50:00,95.414894
2016-08-30 23:55:00,102.516975
2016-08-31 00:00:00,109.08512
2016-08-31 00:05:00,115.43803
2016-08-31 00:10:00,121.033195
2016-08-31 00:15:00,124.62484
2016-08-31 00:20:00,128.05208
2016-08-31 00:25:00,131.18964
2016-08-31 00:30:00,130.62512
2016-08-31 00:35:00,130.52692
2016-08-31 00:40:00,129.74887
2016-08-31 00:45:00,128.17259
2016-08-31 00:50:00,128.47076
2016-08-31 00:55:00,125.667336
2016-08-31 01:00:00,121.68406
2016-08-31 01:05:00,122.4417
2016-08-31 01:10:00,124.78248
2016-08-31 01:15:00,126.3385
2016-08-31 01:20:00,132.18286
2016-08-31 01:25:00,139.68494
2016-08-31 01:30:00,145.74292
2016-08-31 01:35:00,152.51268
2016-08-31 01:40:00,158.03165
2016-08-31 01:45:00,162.83867
2016-08-31 01:50:00,169.33218
2016-08-31 01:55:00,174.10191
2016-08-31 02:00:00,177.78685
2016-08-31 02:05:00,181.14977
2016-08-31 02:10:00,183.82275
2016-08-31 02:15:00,185.77878
2016-08-31 02:20:00,187.61617
2016-08-31 02:25:00,188.97046
2016-08-31 02:30:00,189.48405
2016-08-31 02:35:00,188.78741
2016-08-31 02:40:00,186.25851
2016-08-31 02:45:00,182.60066
2016-08-31 02:50:00,179.26152
2016-08-31 02:55:00,178.20552
2016-08-31 03:00:00,178.94958
2016-08-31 03:05:00,179.78017
2016-08-31 03:10:00,179.27338
2016-08-31 03:15:00,177.82416
2016-08-31 03:20:00,177.12407
2016-08-31 03:25:00,178.0766
2016-08-31 03:30:00,179.79541
2016-08-31 03:35:00,181.64812
2016-08-31 03:40:00,183.02948
2016-08-31 03:45:00,183.50232
2016-08-31 03:50:00,183.53284
2016-08-31 03:55:00,184.03131
2016-08-31 04:00:00,185.0888
2016-08-31 04:05:00,186.14323
2016-08-31 04:10:00,186.79066
2016-08-31 04:15:00,187.35684
2016-08-31 04:20:00,188.08574
2016-08-31 04:25:00,188.77385
2016-08-31 04:30:00,189.1941
2016-08-31 04:35:00,189.20428
2016-08-31 04:40:00,188.94334
2016-08-31 04:45:00,188.56879
2016-08-31 04:50:00,188.26704
2016-08-31 04:55:00,188.38734
2016-08-31 05:00:00,188.63992
2016-08-31 05:05:00,188.56023
2016-08-31 05:10:00,187.78229
2016-08-31 05:15:00,186.51778
2016-08-31 05:20:00,185.74666
2016-08-31 05:25:00,185.533
2016-08-31 05:30:00,185.38036
2016-08-31 05:35:00,185.23816
2016-08-31 05:40:00,184.8703
2016-08-31 05:45:00,184.40417
2016-08-31 05:50:00,183.92789
2016-08-31 05:55:00,183.65843
2016-08-31 06:00:00,183.4143
2016-08-31 06:05:00,182.93799
2016-08-31 06:10:00,182.45328
2016-08-31 06:15:00,182.53632
2016-08-31 06:20:00,182.8075
2016-08-31 06:25:00,182.80579
2016-08-31 06:30:00,182.72269
2016-08-31 06:35:00,182.28192
2016-08-31 06:40:00,181.45317
2016-08-31 06:45:00,180.24806
2016-08-31 06:50:00,179.20729
2016-08-31 06:55:00,178.42079
2016-08-31 07:00:00,177.7868
2016-08-31 07:05:00,177.54782
2016-08-31 07:10:00,177.91063
2016-08-31 07:15:00,178.59373
2016-08-31 07:20:00,179.48357
2016-08-31 07:25:00,180.36496
2016-08-31 07:30:00,181.14133
2016-08-31 07:35:00,182.10576
2016-08-31 07:40:00,183.13971
2016-08-31 07:45:00,184.116
2016-08-31 07:50:00,185.01268
2016-08-31 07:55:00,185.68893
2016-08-31 08:00:00,186.08046
2016-08-31 08:05:00,186.32455
2016-08-31 08:10:00,186.1178
2016-08-31 08:15:00,185.51436
2016-08-31 08:20:00,184.72789
2016-08-31 08:25:00,184.02953
2016-08-31 08:30:00,183.52954
2016-08-31 08:35:00,182.90572
2016-08-31 08:40:00,181.67863
2016-08-31 08:45:00,179.78357
2016-08-31 08:50:00,177.77332
2016-08-31 08:55:00,175.93427
2016-08-31 09:00:00,174.33078
2016-08-31 09:05:00,173.12393
2016-08-31 09:10:00,171.89668
2016-08-31 09:15:00,170.16954
2016-08-31 09:20:00,168.45415
2016-08-31 09:25:00,166.75575
2016-08-31 09:30:00,164.76923
2016-08-31 09:35:00,162.89616
2016-08-31 09:40:00,161.45206
2016-08-31 09:45:00,160.71146
2016-08-31 09:50:00,160.46393
2016-08-31 09:55:00,160.30638
2016-08-31 10:00:00,159.6503
2016-08-31 10:05:00,158.49953
2016-08-31 10:10:00,157.9232
2016-08-31 10:15:00,157.74866
2016-08-31 10:20:00,157.57727
2016-08-31 10:25:00,157.65358
2016-08-31 10:30:00,158.19421
2016-08-31 10:35:00,158.57059
2016-08-31 10:40:00,158.82999
2016-08-31 10:45:00,158.73346
2016-08-31 10:50:00,158.10956
2016-08-31 10:55:00,157.70613
2016-08-31 11:00:00,157.01802
2016-08-31 11:05:00,156.76213
2016-08-31 11:10:00,156.87387
2016-08-31 11:15:00,156.57396
2016-08-31 11:20:00,155.63322
2016-08-31 11:25:00,154.57716
2016-08-31 11:30:00,153.68402
2016-08-31 11:35:00,152.59059
2016-08-31 11:40:00,151.79741
2016-08-31 11:45:00,151.49393
2016-08-31 11:50:00,151.82275
2016-08-31 11:55:00,152.33981
2016-08-31 12:00:00,152.3924
2016-08-31 12:05:00,143.44458
2016-08-31 12:10:00,146.39534
2016-08-31 12:15:00,150.49057
2016-08-31 12:20:00,155.25867
2016-08-31 12:25:00,160.38771
2016-08-31 12:30:00,165.5286
2016-08-31 12:35:00,170.58813
2016-08-31 12:40:00,175.14609
2016-08-31 12:45:00,179.01564
2016-08-31 12:50:00,182.24812
2016-08-31 12:55:00,184.44821
2016-08-31 13:00:00,185.79068
2016-08-31 13:05:00,186.72627
2016-08-31 13:10:00,187.10431
2016-08-31 13:15:00,186.86868
2016-08-31 13:20:00,186.09239
2016-08-31 13:25:00,184.93979
2016-08-31 13:30:00,183.20915
2016-08-31 13:35:00,181.24982
2016-08-31 13:40:00,179.54962
2016-08-31 13:45:00,178.27837
2016-08-31 13:50:00,177.28352
2016-08-31 13:55:00,177.42926
2016-08-31 14:00:00,177.63593
2016-08-31 14:05:00,176.27818
2016-08-31 14:10:00,173.87314
2016-08-31 14:15:00,171.18477
2016-08-31 14:20:00,167.41855
2016-08-31 14:25:00,160.61137
2016-08-31 14:30:00,152.22275
2016-08-31 14:35:00,144.414
2016-08-31 14:40:00,137.14421
2016-08-31 14:45:00,128.86241
2016-08-31 14:50:00,121.011215
2016-08-31 14:55:00,115.09558
2016-08-31 15:00:00,108.02573
2016-08-31 15:05:00,100.01175
2016-08-31 15:10:00,91.979164
2016-08-31 15:15:00,85.70942
2016-08-31 15:20:00,82.88548
2016-08-31 15:25:00,79.426025
2016-08-31 15:30:00,76.46991
2016-08-31 15:35:00,75.33428
2016-08-31 15:40:00,73.678276
2016-08-31 15:45:00,73.49519
2016-08-31 15:50:00,75.11731
2016-08-31 15:55:00,78.79886
2016-08-31 16:00:00,84.8856
2016-08-31 16:05:00,91.81141
2016-08-31 16:10:00,95.7743
2016-08-31 16:15:00,94.67082
2016-08-31 16:20:00,92.55542
2016-08-31 16:25:00,91.347015
2016-08-31 16:30:00,91.411415
2016-08-31 16:35:00,93.40294
2016-08-31 16:40:00,94.3657
2016-08-31 16:45:00,91.391014
2016-08-31 16:50:00,87.568855
2016-08-31 16:55:00,85.18563
2016-08-31 17:00:00,83.2127
2016-08-31 17:05:00,82.15659
2016-08-31 17:10:00,81.4109
2016-08-31 17:15:00,79.49888
2016-08-31 17:20:00,77.82086
2016-08-31 17:25:00,75.55457
2016-08-31 17:30:00,71.80868
2016-08-31 17:35:00,68.47805
2016-08-31 17:40:00,67.68648
2016-08-31 17:45:00,69.66785
2016-08-31 17:50:00,72.53081
2016-08-31 17:55:00,75.37156
2016-08-31 18:00:00,77.593735
2016-08-31 18:05:00,78.29718
2016-08-31 18:10:00,78.658134
2016-08-31 18:15:00,80.68365
2016-08-31 18:20:00,83.47368
2016-08-31 18:25:00,85.441574
2016-08-31 18:30:00,86.317856
2016-08-31 18:35:00,85.53131
2016-08-31 18:40:00,83.65162
2016-08-31 18:45:00,81.29221
2016-08-31 18:50:00,79.08187
2016-08-31 18:55:00,77.51405
2016-08-31 19:00:00,76.06141
2016-08-31 19:05:00,74.395294
2016-08-31 19:10:00,72.746025
2016-08-31 19:15:00,72.2697
2016-08-31 19:20:00,73.31547
2016-08-31 19:25:00,74.969894
2016-08-31 19:30:00,75.99366
2016-08-31 19:35:00,76.413994
2016-08-31 19:40:00,76.7801
2016-08-31 19:45:00,76.900536
2016-08-31 19:50:00,77.16319
2016-08-31 19:55:00,77.84112
2016-08-31 20:00:00,78.91417
2016-08-31 20:05:00,79.397224
2016-08-31 20:10:00,79.29549
2016-08-31 20:15:00,79.04629
2016-08-31 20:20:00,79.31912
2016-08-31 20:25:00,80.95316
2016-08-31 20:30:00,83.355064
2016-08-31 20:35:00,85.64161
2016-08-31 20:40:00,87.31452
2016-08-31 20:45:00,88.89264
2016-08-31 20:50:00,91.34519
2016-08-31 20:55:00,93.48596
2016-08-31 21:00:00,96.11502
2016-08-31 21:05:00,99.60158
2016-08-31 21:10:00,103.70861
2016-08-31 21:15:00,108.26302
2016-08-31 21:20:00,113.25978
2016-08-31 21:25:00,118.07033
2016-08-31 21:30:00,122.136536
2016-08-31 21:35:00,125.50297
2016-08-31 21:40:00,128.02512
2016-08-31 21:45:00,131.35051
2016-08-31 21:50:00,134.81688
2016-08-31 21:55:00,137.70695
2016-08-31 22:00:00,140.74261
2016-08-31 22:05:00,143.80043
2016-08-31 22:10:00,146.24452
2016-08-31 22:15:00,147.9278
2016-08-31 22:20:00,149.32098
2016-08-31 22:25:00,151.1093
2016-08-31 22:30:00,153.0026
2016-08-31 22:35:00,154.81105
2016-08-31 22:40:00,157.23148
2016-08-31 22:45:00,160.14696
2016-08-31 22:50:00,163.03876
2016-08-31 22:55:00,166.88283
2016-08-31 23:00:00,169.92708
2016-08-31 23:05:00,172.61525
2016-08-31 23:10:00,175.45944
2016-08-31 23:15:00,178.39693
2016-08-31 23:20:00,180.86656
2016-08-31 23:25:00,182.78047
2016-08-31 23:30:00,184.01605
2016-08-31 23:35:00,185.06691
2016-08-31 23:40:00,185.91782
2016-08-31 23:45:00,186.79579
2016-08-31 23:50:00,187.64322
2016-08-31 23:55:00,188.12466
