time,capacity
2016-08-01 00:00:00,0.0
2016-08-01 00:05:00,0.0
2016-08-01 00:10:00,0.0
2016-08-01 00:15:00,0.0
2016-08-01 00:20:00,0.0
2016-08-01 00:25:00,0.0
2016-08-01 00:30:00,0.0
2016-08-01 00:35:00,0.0
2016-08-01 00:40:00,0.0
2016-08-01 00:45:00,0.0
2016-08-01 00:50:00,0.0
2016-08-01 00:55:00,0.0
2016-08-01 01:00:00,0.0
2016-08-01 01:05:00,0.0
2016-08-01 01:10:00,0.0
2016-08-01 01:15:00,0.0
2016-08-01 01:20:00,0.0
2016-08-01 01:25:00,0.0
2016-08-01 01:30:00,0.0
2016-08-01 01:35:00,0.0
2016-08-01 01:40:00,0.0
2016-08-01 01:45:00,0.0
2016-08-01 01:50:00,0.0
2016-08-01 01:55:00,0.0
2016-08-01 02:00:00,0.0
2016-08-01 02:05:00,0.0
2016-08-01 02:10:00,0.0
2016-08-01 02:15:00,0.0
2016-08-01 02:20:00,0.0
2016-08-01 02:25:00,0.0
2016-08-01 02:30:00,0.0
2016-08-01 02:35:00,0.0
2016-08-01 02:40:00,0.0
2016-08-01 02:45:00,0.0
2016-08-01 02:50:00,0.0
2016-08-01 02:55:00,0.0
2016-08-01 03:00:00,0.0
2016-08-01 03:05:00,0.0
2016-08-01 03:10:00,0.0
2016-08-01 03:15:00,0.0
2016-08-01 03:20:00,0.0
2016-08-01 03:25:00,0.0
2016-08-01 03:30:00,0.0
2016-08-01 03:35:00,0.0
2016-08-01 03:40:00,0.0
2016-08-01 03:45:00,0.0
2016-08-01 03:50:00,0.0
2016-08-01 03:55:00,0.0
2016-08-01 04:00:00,0.0
2016-08-01 04:05:00,0.0
2016-08-01 04:10:00,0.0
2016-08-01 04:15:00,0.0
2016-08-01 04:20:00,0.0
2016-08-01 04:25:00,0.0
2016-08-01 04:30:00,0.0
2016-08-01 04:35:00,0.0
2016-08-01 04:40:00,0.0
2016-08-01 04:45:00,0.0
2016-08-01 04:50:00,0.0
2016-08-01 04:55:00,0.0
2016-08-01 05:00:00,0.0
2016-08-01 05:05:00,0.0
2016-08-01 05:10:00,0.0
2016-08-01 05:15:00,0.0
2016-08-01 05:20:00,0.0
2016-08-01 05:25:00,0.0
2016-08-01 05:30:00,0.0
2016-08-01 05:35:00,0.0
2016-08-01 05:40:00,0.0
2016-08-01 05:45:00,0.0
2016-08-01 05:50:00,0.0
2016-08-01 05:55:00,0.0
2016-08-01 06:00:00,0.0
2016-08-01 06:05:00,0.0
2016-08-01 06:10:00,0.0
2016-08-01 06:15:00,0.0
2016-08-01 06:20:00,0.0
2016-08-01 06:25:00,0.0
2016-08-01 06:30:00,0.0
2016-08-01 06:35:00,0.0
2016-08-01 06:40:00,0.0
2016-08-01 06:45:00,0.0
2016-08-01 06:50:00,0.0
2016-08-01 06:55:00,0.0
2016-08-01 07:00:00,0.0
2016-08-01 07:05:00,0.0
2016-08-01 07:10:00,0.0
2016-08-01 07:15:00,0.0
2016-08-01 07:20:00,0.0
2016-08-01 07:25:00,0.0
2016-08-01 07:30:00,0.0
2016-08-01 07:35:00,0.0
2016-08-01 07:40:00,0.0
2016-08-01 07:45:00,0.0
2016-08-01 07:50:00,0.0
2016-08-01 07:55:00,0.0
2016-08-01 08:00:00,0.0
2016-08-01 08:05:00,0.0
2016-08-01 08:10:00,0.0
2016-08-01 08:15:00,0.0
2016-08-01 08:20:00,0.0
2016-08-01 08:25:00,0.0
2016-08-01 08:30:00,0.0
2016-08-01 08:35:00,0.0
2016-08-01 08:40:00,0.0
2016-08-01 08:45:00,0.0
2016-08-01 08:50:00,0.0
2016-08-01 08:55:00,0.0
2016-08-01 09:00:00,0.0
2016-08-01 09:05:00,0.0
2016-08-01 09:10:00,0.0
2016-08-01 09:15:00,0.0
2016-08-01 09:20:00,0.0
2016-08-01 09:25:00,0.0
2016-08-01 09:30:00,0.0
2016-08-01 09:35:00,0.0
2016-08-01 09:40:00,0.0
2016-08-01 09:45:00,0.0
2016-08-01 09:50:00,0.0
2016-08-01 09:55:00,0.0
2016-08-01 10:00:00,0.0
2016-08-01 10:05:00,0.0
2016-08-01 10:10:00,0.0
2016-08-01 10:15:00,0.0
2016-08-01 10:20:00,0.0
2016-08-01 10:25:00,0.0
2016-08-01 10:30:00,0.0
2016-08-01 10:35:00,0.0
2016-08-01 10:40:00,0.0
2016-08-01 10:45:00,0.0
2016-08-01 10:50:00,0.0
2016-08-01 10:55:00,0.0
2016-08-01 11:00:00,0.0
2016-08-01 11:05:00,0.0
2016-08-01 11:10:00,0.0
2016-08-01 11:15:00,0.0
2016-08-01 11:20:00,0.0
2016-08-01 11:25:00,0.0
2016-08-01 11:30:00,0.0
2016-08-01 11:35:00,0.0
2016-08-01 11:40:00,0.0
2016-08-01 11:45:00,0.0
2016-08-01 11:50:00,0.0
2016-08-01 11:55:00,0.0
2016-08-01 12:00:00,68.025444
2016-08-01 12:05:00,67.77796
2016-08-01 12:10:00,67.45084
2016-08-01 12:15:00,67.0254
2016-08-01 12:20:00,66.613495
2016-08-01 12:25:00,66.32367
2016-08-01 12:30:00,65.88805
2016-08-01 12:35:00,65.22699
2016-08-01 12:40:00,64.61173
2016-08-01 12:45:00,64.29644
2016-08-01 12:50:00,64.045586
2016-08-01 12:55:00,63.803192
2016-08-01 13:00:00,63.470963
2016-08-01 13:05:00,62.69975
2016-08-01 13:10:00,61.548836
2016-08-01 13:15:00,60.194534
2016-08-01 13:20:00,58.623264
2016-08-01 13:25:00,56.753685
2016-08-01 13:30:00,54.645103
2016-08-01 13:35:00,52.2382
2016-08-01 13:40:00,49.665184
2016-08-01 13:45:00,47.03794
2016-08-01 13:50:00,44.305607
2016-08-01 13:55:00,41.56479
2016-08-01 14:00:00,38.281578
2016-08-01 14:05:00,35.1204
2016-08-01 14:10:00,32.613495
2016-08-01 14:15:00,30.32694
2016-08-01 14:20:00,27.989538
2016-08-01 14:25:00,25.928417
2016-08-01 14:30:00,24.143578
2016-08-01 14:35:00,22.37061
2016-08-01 14:40:00,20.409494
2016-08-01 14:45:00,18.648392
2016-08-01 14:50:00,17.244926
2016-08-01 14:55:00,15.973682
2016-08-01 15:00:00,14.72616
2016-08-01 15:05:00,13.515928
2016-08-01 15:10:00,12.598935
2016-08-01 15:15:00,11.571769
2016-08-01 15:20:00,10.497134
2016-08-01 15:25:00,9.547934
2016-08-01 15:30:00,8.888582
2016-08-01 15:35:00,8.263125
2016-08-01 15:40:00,7.5664806
2016-08-01 15:45:00,6.8376284
2016-08-01 15:50:00,6.2257347
2016-08-01 15:55:00,5.7697797
2016-08-01 16:00:00,5.41383
2016-08-01 16:05:00,5.1341543
2016-08-01 16:10:00,4.7612553
2016-08-01 16:15:00,4.3036056
2016-08-01 16:20:00,3.8205297
2016-08-01 16:25:00,3.2815201
2016-08-01 16:30:00,2.6391146
2016-08-01 16:35:00,2.1187503
2016-08-01 16:40:00,1.7509348
2016-08-01 16:45:00,1.4814296
2016-08-01 16:50:00,1.2627751
2016-08-01 16:55:00,1.0407301
2016-08-01 17:00:00,0.72376496
2016-08-01 17:05:00,0.44239503
2016-08-01 17:10:00,0.21696009
2016-08-01 17:15:00,0.072885
2016-08-01 17:20:00,0.013559999
2016-08-01 17:25:00,0.0
2016-08-01 17:30:00,0.0
2016-08-01 17:35:00,0.0
2016-08-01 17:40:00,0.0
2016-08-01 17:45:00,0.0
2016-08-01 17:50:00,0.0
2016-08-01 17:55:00,0.0
2016-08-01 18:00:00,0.0
2016-08-01 18:05:00,0.0
2016-08-01 18:10:00,0.0
2016-08-01 18:15:00,0.0
2016-08-01 18:20:00,0.0
2016-08-01 18:25:00,0.0
2016-08-01 18:30:00,0.0
2016-08-01 18:35:00,0.0
2016-08-01 18:40:00,0.0
2016-08-01 18:45:00,0.0
2016-08-01 18:50:00,0.0
2016-08-01 18:55:00,0.0
2016-08-01 19:00:00,0.0
2016-08-01 19:05:00,0.0
2016-08-01 19:10:00,0.0
2016-08-01 19:15:00,0.0
2016-08-01 19:20:00,0.0
2016-08-01 19:25:00,0.0
2016-08-01 19:30:00,0.0
2016-08-01 19:35:00,0.0
2016-08-01 19:40:00,0.0
2016-08-01 19:45:00,0.0
2016-08-01 19:50:00,0.0
2016-08-01 19:55:00,0.0
2016-08-01 20:00:00,0.0
2016-08-01 20:05:00,0.0
2016-08-01 20:10:00,0.0
2016-08-01 20:15:00,0.0
2016-08-01 20:20:00,0.0
2016-08-01 20:25:00,0.0
2016-08-01 20:30:00,0.0
2016-08-01 20:35:00,0.0
2016-08-01 20:40:00,0.0
2016-08-01 20:45:00,0.0
2016-08-01 20:50:00,0.0
2016-08-01 20:55:00,0.0
2016-08-01 21:00:00,0.0
2016-08-01 21:05:00,0.0
2016-08-01 21:10:00,0.0
2016-08-01 21:15:00,0.0
2016-08-01 21:20:00,0.0
2016-08-01 21:25:00,0.0
2016-08-01 21:30:00,0.0
2016-08-01 21:35:00,0.0
2016-08-01 21:40:00,0.0
2016-08-01 21:45:00,0.0
2016-08-01 21:50:00,0.0
2016-08-01 21:55:00,0.0
2016-08-01 22:00:00,0.0
2016-08-01 22:05:00,0.0
2016-08-01 22:10:00,0.0
2016-08-01 22:15:00,0.0
2016-08-01 22:20:00,0.0
2016-08-01 22:25:00,0.0
2016-08-01 22:30:00,0.0
2016-08-01 22:35:00,0.025424998
2016-08-01 22:40:00,0.106785
2016-08-01 22:45:00,0.25085998
2016-08-01 22:50:00,0.5118899
2016-08-01 22:55:00,0.930555
2016-08-01 23:00:00,1.3136253
2016-08-01 23:05:00,1.9034848
2016-08-01 23:10:00,2.6408107
2016-08-01 23:15:00,3.142529
2016-08-01 23:20:00,3.5374649
2016-08-01 23:25:00,3.6306903
2016-08-01 23:30:00,3.5154295
2016-08-01 23:35:00,3.3866093
2016-08-01 23:40:00,3.520516
2016-08-01 23:45:00,4.1035957
2016-08-01 23:50:00,5.066355
2016-08-01 23:55:00,6.2087836
2016-08-02 00:00:00,7.2579875
2016-08-02 00:05:00,8.251262
2016-08-02 00:10:00,9.212326
2016-08-02 00:15:00,10.200509
2016-08-02 00:20:00,11.207337
2016-08-02 00:25:00,12.144677
2016-08-02 00:30:00,13.1226845
2016-08-02 00:35:00,14.248171
2016-08-02 00:40:00,15.707565
2016-08-02 00:45:00,18.005987
2016-08-02 00:50:00,21.56718
2016-08-02 00:55:00,26.15555
2016-08-02 01:00:00,31.191393
2016-08-02 01:05:00,36.06113
2016-08-02 01:10:00,40.25286
2016-08-02 01:15:00,43.92592
2016-08-02 01:20:00,47.524418
2016-08-02 01:25:00,51.224606
2016-08-02 01:30:00,54.411194
2016-08-02 01:35:00,57.092678
2016-08-02 01:40:00,59.525005
2016-08-02 01:45:00,61.774284
2016-08-02 01:50:00,63.809967
2016-08-02 01:55:00,65.65245
2016-08-02 02:00:00,67.45252
2016-08-02 02:05:00,69.01702
2016-08-02 02:10:00,70.27809
2016-08-02 02:15:00,71.03237
2016-08-02 02:20:00,71.47307
2016-08-02 02:25:00,71.78664
2016-08-02 02:30:00,71.929016
2016-08-02 02:35:00,72.010376
2016-08-02 02:40:00,72.0375
2016-08-02 02:45:00,72.0375
2016-08-02 02:50:00,72.0375
2016-08-02 02:55:00,72.0375
2016-08-02 03:00:00,72.0375
2016-08-02 03:05:00,72.0375
2016-08-02 03:10:00,72.0375
2016-08-02 03:15:00,72.0375
2016-08-02 03:20:00,72.0375
2016-08-02 03:25:00,72.0375
2016-08-02 03:30:00,72.0375
2016-08-02 03:35:00,72.0375
2016-08-02 03:40:00,72.0375
2016-08-02 03:45:00,72.0375
2016-08-02 03:50:00,72.0375
2016-08-02 03:55:00,72.0375
2016-08-02 04:00:00,72.0375
2016-08-02 04:05:00,72.0375
2016-08-02 04:10:00,72.0375
2016-08-02 04:15:00,72.0375
2016-08-02 04:20:00,72.0375
2016-08-02 04:25:00,72.0375
2016-08-02 04:30:00,72.0375
2016-08-02 04:35:00,72.0375
2016-08-02 04:40:00,72.0375
2016-08-02 04:45:00,72.0375
2016-08-02 04:50:00,72.0375
2016-08-02 04:55:00,72.0375
2016-08-02 05:00:00,72.0375
2016-08-02 05:05:00,72.0375
2016-08-02 05:10:00,72.0375
2016-08-02 05:15:00,72.0375
2016-08-02 05:20:00,72.0375
2016-08-02 05:25:00,72.0375
2016-08-02 05:30:00,72.0375
2016-08-02 05:35:00,72.0375
2016-08-02 05:40:00,72.0375
2016-08-02 05:45:00,72.0375
2016-08-02 05:50:00,72.0375
2016-08-02 05:55:00,72.0375
2016-08-02 06:00:00,72.0375
2016-08-02 06:05:00,72.0375
2016-08-02 06:10:00,72.0375
2016-08-02 06:15:00,72.0375
2016-08-02 06:20:00,72.0375
2016-08-02 06:25:00,72.0375
2016-08-02 06:30:00,72.0375
2016-08-02 06:35:00,72.0375
2016-08-02 06:40:00,72.0375
2016-08-02 06:45:00,72.0375
2016-08-02 06:50:00,72.0375
2016-08-02 06:55:00,72.0375
2016-08-02 07:00:00,72.0375
2016-08-02 07:05:00,72.0375
2016-08-02 07:10:00,72.0375
2016-08-02 07:15:00,72.0375
2016-08-02 07:20:00,72.0375
2016-08-02 07:25:00,72.0375
2016-08-02 07:30:00,72.0375
2016-08-02 07:35:00,72.0375
2016-08-02 07:40:00,72.0375
2016-08-02 07:45:00,72.0375
2016-08-02 07:50:00,72.0375
2016-08-02 07:55:00,72.0375
2016-08-02 08:00:00,72.0375
2016-08-02 08:05:00,72.0375
2016-08-02 08:10:00,72.0375
2016-08-02 08:15:00,72.0375
2016-08-02 08:20:00,72.0375
2016-08-02 08:25:00,72.0375
2016-08-02 08:30:00,72.0375
2016-08-02 08:35:00,72.0375
2016-08-02 08:40:00,72.0375
2016-08-02 08:45:00,72.0375
2016-08-02 08:50:00,72.0375
2016-08-02 08:55:00,72.0375
2016-08-02 09:00:00,72.0375
2016-08-02 09:05:00,72.0375
2016-08-02 09:10:00,72.0375
2016-08-02 09:15:00,72.0375
2016-08-02 09:20:00,72.0375
2016-08-02 09:25:00,72.0375
2016-08-02 09:30:00,72.0375
2016-08-02 09:35:00,72.0375
2016-08-02 09:40:00,72.0375
2016-08-02 09:45:00,72.0375
2016-08-02 09:50:00,72.0375
2016-08-02 09:55:00,72.0375
2016-08-02 10:00:00,72.0375
2016-08-02 10:05:00,72.0375
2016-08-02 10:10:00,72.0375
2016-08-02 10:15:00,72.0375
2016-08-02 10:20:00,72.0375
2016-08-02 10:25:00,72.0375
2016-08-02 10:30:00,72.0375
2016-08-02 10:35:00,72.0375
2016-08-02 10:40:00,72.0375
2016-08-02 10:45:00,72.0375
2016-08-02 10:50:00,72.0375
2016-08-02 10:55:00,72.0375
2016-08-02 11:00:00,72.0375
2016-08-02 11:05:00,72.0375
2016-08-02 11:10:00,72.0375
2016-08-02 11:15:00,72.0375
2016-08-02 11:20:00,72.0375
2016-08-02 11:25:00,72.0375
2016-08-02 11:30:00,72.0375
2016-08-02 11:35:00,72.0375
2016-08-02 11:40:00,72.0375
2016-08-02 11:45:00,72.0375
2016-08-02 11:50:00,72.0375
2016-08-02 11:55:00,72.0375
2016-08-02 12:00:00,72.0375
2016-08-02 12:05:00,72.0375
2016-08-02 12:10:00,72.0375
2016-08-02 12:15:00,72.0375
2016-08-02 12:20:00,72.0375
2016-08-02 12:25:00,72.0375
2016-08-02 12:30:00,72.0375
2016-08-02 12:35:00,72.0375
2016-08-02 12:40:00,72.0375
2016-08-02 12:45:00,72.0375
2016-08-02 12:50:00,72.0375
2016-08-02 12:55:00,72.0375
2016-08-02 13:00:00,72.0375
2016-08-02 13:05:00,72.0375
2016-08-02 13:10:00,72.0375
2016-08-02 13:15:00,72.0375
2016-08-02 13:20:00,72.0375
2016-08-02 13:25:00,72.0375
2016-08-02 13:30:00,72.0375
2016-08-02 13:35:00,72.0375
2016-08-02 13:40:00,72.0375
2016-08-02 13:45:00,72.0375
2016-08-02 13:50:00,72.0375
2016-08-02 13:55:00,72.0375
2016-08-02 14:00:00,72.0375
2016-08-02 14:05:00,72.0375
2016-08-02 14:10:00,72.0375
2016-08-02 14:15:00,72.0375
2016-08-02 14:20:00,72.0375
2016-08-02 14:25:00,72.0375
2016-08-02 14:30:00,72.0375
2016-08-02 14:35:00,72.0375
2016-08-02 14:40:00,72.0375
2016-08-02 14:45:00,72.0375
2016-08-02 14:50:00,72.0375
2016-08-02 14:55:00,72.0375
2016-08-02 15:00:00,72.0375
2016-08-02 15:05:00,72.0375
2016-08-02 15:10:00,72.0375
2016-08-02 15:15:00,72.0375
2016-08-02 15:20:00,72.0375
2016-08-02 15:25:00,72.0375
2016-08-02 15:30:00,72.0375
2016-08-02 15:35:00,72.0375
2016-08-02 15:40:00,72.0375
2016-08-02 15:45:00,72.0375
2016-08-02 15:50:00,72.0375
2016-08-02 15:55:00,72.0375
2016-08-02 16:00:00,72.0375
2016-08-02 16:05:00,72.0375
2016-08-02 16:10:00,72.0375
2016-08-02 16:15:00,72.0375
2016-08-02 16:20:00,72.0375
2016-08-02 16:25:00,72.0375
2016-08-02 16:30:00,72.0375
2016-08-02 16:35:00,72.0375
2016-08-02 16:40:00,72.0375
2016-08-02 16:45:00,72.0375
2016-08-02 16:50:00,72.0375
2016-08-02 16:55:00,72.0375
2016-08-02 17:00:00,72.0375
2016-08-02 17:05:00,72.0375
2016-08-02 17:10:00,72.0375
2016-08-02 17:15:00,72.0375
2016-08-02 17:20:00,72.0375
2016-08-02 17:25:00,72.0375
2016-08-02 17:30:00,72.0375
2016-08-02 17:35:00,72.0375
2016-08-02 17:40:00,72.0375
2016-08-02 17:45:00,72.0375
2016-08-02 17:50:00,72.0375
2016-08-02 17:55:00,72.0375
2016-08-02 18:00:00,72.0375
2016-08-02 18:05:00,72.0375
2016-08-02 18:10:00,72.0375
2016-08-02 18:15:00,72.0375
2016-08-02 18:20:00,72.0375
2016-08-02 18:25:00,72.0375
2016-08-02 18:30:00,72.0375
2016-08-02 18:35:00,72.0375
2016-08-02 18:40:00,72.0375
2016-08-02 18:45:00,72.0375
2016-08-02 18:50:00,72.0375
2016-08-02 18:55:00,72.0375
2016-08-02 19:00:00,72.0375
2016-08-02 19:05:00,72.0375
2016-08-02 19:10:00,72.0375
2016-08-02 19:15:00,72.0375
2016-08-02 19:20:00,72.0375
2016-08-02 19:25:00,72.0375
2016-08-02 19:30:00,72.0375
2016-08-02 19:35:00,72.0375
2016-08-02 19:40:00,72.0375
2016-08-02 19:45:00,72.0375
2016-08-02 19:50:00,72.0375
2016-08-02 19:55:00,72.0375
2016-08-02 20:00:00,72.0375
2016-08-02 20:05:00,72.0375
2016-08-02 20:10:00,72.0375
2016-08-02 20:15:00,72.0375
2016-08-02 20:20:00,72.0375
2016-08-02 20:25:00,72.0375
2016-08-02 20:30:00,72.0375
2016-08-02 20:35:00,72.0375
2016-08-02 20:40:00,72.0375
2016-08-02 20:45:00,72.0375
2016-08-02 20:50:00,72.0375
2016-08-02 20:55:00,72.0375
2016-08-02 21:00:00,72.0375
2016-08-02 21:05:00,72.0375
2016-08-02 21:10:00,72.0375
2016-08-02 21:15:00,72.0375
2016-08-02 21:20:00,72.0375
2016-08-02 21:25:00,72.0375
2016-08-02 21:30:00,72.0375
2016-08-02 21:35:00,72.0375
2016-08-02 21:40:00,72.0375
2016-08-02 21:45:00,72.0375
2016-08-02 21:50:00,72.0375
2016-08-02 21:55:00,72.0375
2016-08-02 22:00:00,72.0375
2016-08-02 22:05:00,72.0375
2016-08-02 22:10:00,72.0375
2016-08-02 22:15:00,72.0375
2016-08-02 22:20:00,72.0375
2016-08-02 22:25:00,72.0375
2016-08-02 22:30:00,72.0375
2016-08-02 22:35:00,72.0375
2016-08-02 22:40:00,72.0375
2016-08-02 22:45:00,72.0375
2016-08-02 22:50:00,72.0375
2016-08-02 22:55:00,72.0375
2016-08-02 23:00:00,72.0375
2016-08-02 23:05:00,72.0375
2016-08-02 23:10:00,72.0375
2016-08-02 23:15:00,72.0375
2016-08-02 23:20:00,72.0375
2016-08-02 23:25:00,72.0375
2016-08-02 23:30:00,72.0375
2016-08-02 23:35:00,72.0375
2016-08-02 23:40:00,72.0375
2016-08-02 23:45:00,72.0375
2016-08-02 23:50:00,72.0375
2016-08-02 23:55:00,72.0375
2016-08-03 00:00:00,72.0375
2016-08-03 00:05:00,72.0375
2016-08-03 00:10:00,72.0375
2016-08-03 00:15:00,72.0375
2016-08-03 00:20:00,72.0375
2016-08-03 00:25:00,72.0375
2016-08-03 00:30:00,72.0375
2016-08-03 00:35:00,72.0375
2016-08-03 00:40:00,72.0375
2016-08-03 00:45:00,72.0375
2016-08-03 00:50:00,72.0375
2016-08-03 00:55:00,72.0375
2016-08-03 01:00:00,72.0375
2016-08-03 01:05:00,72.0375
2016-08-03 01:10:00,72.0375
2016-08-03 01:15:00,72.0375
2016-08-03 01:20:00,72.0375
2016-08-03 01:25:00,72.0375
2016-08-03 01:30:00,72.0375
2016-08-03 01:35:00,72.0375
2016-08-03 01:40:00,72.0375
2016-08-03 01:45:00,72.0375
2016-08-03 01:50:00,72.0375
2016-08-03 01:55:00,72.0375
2016-08-03 02:00:00,72.0375
2016-08-03 02:05:00,72.0375
2016-08-03 02:10:00,72.0375
2016-08-03 02:15:00,72.0375
2016-08-03 02:20:00,72.0375
2016-08-03 02:25:00,72.0375
2016-08-03 02:30:00,72.0375
2016-08-03 02:35:00,72.0375
2016-08-03 02:40:00,72.0375
2016-08-03 02:45:00,72.0375
2016-08-03 02:50:00,72.0375
2016-08-03 02:55:00,72.0375
2016-08-03 03:00:00,72.0375
2016-08-03 03:05:00,72.0375
2016-08-03 03:10:00,72.0375
2016-08-03 03:15:00,72.0375
2016-08-03 03:20:00,72.0375
2016-08-03 03:25:00,72.0375
2016-08-03 03:30:00,72.0375
2016-08-03 03:35:00,72.0375
2016-08-03 03:40:00,72.0375
2016-08-03 03:45:00,72.0375
2016-08-03 03:50:00,72.0375
2016-08-03 03:55:00,72.0375
2016-08-03 04:00:00,72.0375
2016-08-03 04:05:00,72.0375
2016-08-03 04:10:00,72.0375
2016-08-03 04:15:00,72.0375
2016-08-03 04:20:00,72.0375
2016-08-03 04:25:00,72.0375
2016-08-03 04:30:00,72.0375
2016-08-03 04:35:00,72.0375
2016-08-03 04:40:00,72.0375
2016-08-03 04:45:00,72.0375
2016-08-03 04:50:00,72.0375
2016-08-03 04:55:00,72.0375
2016-08-03 05:00:00,72.0375
2016-08-03 05:05:00,72.0375
2016-08-03 05:10:00,72.0375
2016-08-03 05:15:00,72.0375
2016-08-03 05:20:00,72.0375
2016-08-03 05:25:00,72.0375
2016-08-03 05:30:00,72.0375
2016-08-03 05:35:00,72.0375
2016-08-03 05:40:00,72.0375
2016-08-03 05:45:00,72.0375
2016-08-03 05:50:00,72.0375
2016-08-03 05:55:00,72.0375
2016-08-03 06:00:00,72.0375
2016-08-03 06:05:00,72.0375
2016-08-03 06:10:00,72.0375
2016-08-03 06:15:00,72.0375
2016-08-03 06:20:00,72.0375
2016-08-03 06:25:00,72.0375
2016-08-03 06:30:00,72.0375
2016-08-03 06:35:00,72.0375
2016-08-03 06:40:00,72.0375
2016-08-03 06:45:00,72.0375
2016-08-03 06:50:00,72.0375
2016-08-03 06:55:00,72.0375
2016-08-03 07:00:00,72.0375
2016-08-03 07:05:00,72.0375
2016-08-03 07:10:00,72.0375
2016-08-03 07:15:00,72.0375
2016-08-03 07:20:00,72.0375
2016-08-03 07:25:00,72.0375
2016-08-03 07:30:00,72.0375
2016-08-03 07:35:00,72.0375
2016-08-03 07:40:00,72.0375
2016-08-03 07:45:00,72.0375
2016-08-03 07:50:00,72.0375
2016-08-03 07:55:00,72.0375
2016-08-03 08:00:00,72.0375
2016-08-03 08:05:00,72.0375
2016-08-03 08:10:00,72.0375
2016-08-03 08:15:00,72.0375
2016-08-03 08:20:00,72.0375
2016-08-03 08:25:00,72.0375
2016-08-03 08:30:00,72.0375
2016-08-03 08:35:00,72.0375
2016-08-03 08:40:00,72.0375
2016-08-03 08:45:00,72.0375
2016-08-03 08:50:00,72.0375
2016-08-03 08:55:00,72.0375
2016-08-03 09:00:00,72.0375
2016-08-03 09:05:00,72.0375
2016-08-03 09:10:00,72.0375
2016-08-03 09:15:00,72.0375
2016-08-03 09:20:00,72.0375
2016-08-03 09:25:00,72.0375
2016-08-03 09:30:00,72.0375
2016-08-03 09:35:00,72.0375
2016-08-03 09:40:00,72.0375
2016-08-03 09:45:00,72.0375
2016-08-03 09:50:00,72.0375
2016-08-03 09:55:00,72.0375
2016-08-03 10:00:00,72.0375
2016-08-03 10:05:00,72.02055
2016-08-03 10:10:00,71.70697
2016-08-03 10:15:00,71.18152
2016-08-03 10:20:00,70.523865
2016-08-03 10:25:00,69.60178
2016-08-03 10:30:00,68.31698
2016-08-03 10:35:00,66.75249
2016-08-03 10:40:00,64.933754
2016-08-03 10:45:00,63.464195
2016-08-03 10:50:00,63.44893
2016-08-03 10:55:00,64.838844
2016-08-03 11:00:00,66.538925
2016-08-03 11:05:00,67.40677
2016-08-03 11:10:00,67.23219
2016-08-03 11:15:00,66.42197
2016-08-03 11:20:00,65.682945
2016-08-03 11:25:00,65.266
2016-08-03 11:30:00,64.928665
2016-08-03 11:35:00,64.79138
2016-08-03 11:40:00,64.99986
2016-08-03 11:45:00,65.24224
2016-08-03 11:50:00,65.63041
2016-08-03 11:55:00,66.02533
2016-08-03 12:00:00,64.0405
2016-08-03 12:05:00,63.682846
2016-08-03 12:10:00,62.421772
2016-08-03 12:15:00,60.709827
2016-08-03 12:20:00,59.099575
2016-08-03 12:25:00,57.216434
2016-08-03 12:30:00,55.11632
2016-08-03 12:35:00,52.982292
2016-08-03 12:40:00,50.73814
2016-08-03 12:45:00,48.954975
2016-08-03 12:50:00,48.195614
2016-08-03 12:55:00,48.388855
2016-08-03 13:00:00,48.526165
2016-08-03 13:05:00,48.663437
2016-08-03 13:10:00,48.734634
2016-08-03 13:15:00,48.315975
2016-08-03 13:20:00,46.805733
2016-08-03 13:25:00,44.83105
2016-08-03 13:30:00,42.325848
2016-08-03 13:35:00,39.801987
2016-08-03 13:40:00,36.993374
2016-08-03 13:45:00,34.788177
2016-08-03 13:50:00,33.310143
2016-08-03 13:55:00,30.987991
2016-08-03 14:00:00,27.843763
2016-08-03 14:05:00,24.970741
2016-08-03 14:10:00,23.206242
2016-08-03 14:15:00,22.367222
2016-08-03 14:20:00,22.085852
2016-08-03 14:25:00,21.80617
2016-08-03 14:30:00,21.382425
2016-08-03 14:35:00,20.89257
2016-08-03 14:40:00,20.480682
2016-08-03 14:45:00,20.201012
2016-08-03 14:50:00,19.706072
2016-08-03 14:55:00,18.741613
2016-08-03 15:00:00,17.399178
2016-08-03 15:05:00,16.277086
2016-08-03 15:10:00,15.002444
2016-08-03 15:15:00,13.471858
2016-08-03 15:20:00,12.24807
2016-08-03 15:25:00,11.787031
2016-08-03 15:30:00,11.541254
2016-08-03 15:35:00,11.366672
2016-08-03 15:40:00,11.303952
2016-08-03 15:45:00,11.420908
2016-08-03 15:50:00,11.246328
2016-08-03 15:55:00,10.912413
2016-08-03 16:00:00,10.793759
2016-08-03 16:05:00,10.868339
2016-08-03 16:10:00,10.849695
2016-08-03 16:15:00,10.639514
2016-08-03 16:20:00,10.195425
2016-08-03 16:25:00,9.497086
2016-08-03 16:30:00,8.5851755
2016-08-03 16:35:00,7.9190383
2016-08-03 16:40:00,7.5732613
2016-08-03 16:45:00,7.447832
2016-08-03 16:50:00,7.329179
2016-08-03 16:55:00,7.2003593
2016-08-03 17:00:00,7.0850997
2016-08-03 17:05:00,7.0240774
2016-08-03 17:10:00,6.915599
2016-08-03 17:15:00,6.5969396
2016-08-03 17:20:00,6.1206427
2016-08-03 17:25:00,5.5562096
2016-08-03 17:30:00,5.0290656
2016-08-03 17:35:00,4.4968348
2016-08-03 17:40:00,3.8730745
2016-08-03 17:45:00,3.3459306
2016-08-03 17:50:00,2.940825
2016-08-03 17:55:00,2.5492802
2016-08-03 18:00:00,2.2323146
2016-08-03 18:05:00,1.9170451
2016-08-03 18:10:00,1.5441447
2016-08-03 18:15:00,1.1797202
2016-08-03 18:20:00,0.84411
2016-08-03 18:25:00,0.62376016
2016-08-03 18:30:00,0.36951005
2016-08-03 18:35:00,0.23560503
2016-08-03 18:40:00,0.103394985
2016-08-03 18:45:00,0.042374995
2016-08-03 18:50:00,0.0
2016-08-03 18:55:00,0.0
2016-08-03 19:00:00,0.0
2016-08-03 19:05:00,0.0
2016-08-03 19:10:00,0.0
2016-08-03 19:15:00,0.0
2016-08-03 19:20:00,0.0
2016-08-03 19:25:00,0.0
2016-08-03 19:30:00,0.0
2016-08-03 19:35:00,0.0
2016-08-03 19:40:00,0.0
2016-08-03 19:45:00,0.0
2016-08-03 19:50:00,0.0
2016-08-03 19:55:00,0.0
2016-08-03 20:00:00,0.0
2016-08-03 20:05:00,0.0
2016-08-03 20:10:00,0.0
2016-08-03 20:15:00,0.0
2016-08-03 20:20:00,0.0
2016-08-03 20:25:00,0.0
2016-08-03 20:30:00,0.0
2016-08-03 20:35:00,0.0
2016-08-03 20:40:00,0.0
2016-08-03 20:45:00,0.0
2016-08-03 20:50:00,0.0
2016-08-03 20:55:00,0.0
2016-08-03 21:00:00,0.0
2016-08-03 21:05:00,0.0
2016-08-03 21:10:00,0.0
2016-08-03 21:15:00,0.0
2016-08-03 21:20:00,0.0
2016-08-03 21:25:00,0.0
2016-08-03 21:30:00,0.0
2016-08-03 21:35:00,0.0
2016-08-03 21:40:00,0.01017
2016-08-03 21:45:00,0.030509997
2016-08-03 21:50:00,0.07627499
2016-08-03 21:55:00,0.13729498
2016-08-03 22:00:00,0.16272
2016-08-03 22:05:00,0.19153504
2016-08-03 22:10:00,0.18645003
2016-08-03 22:15:00,0.17119502
2016-08-03 22:20:00,0.16950001
2016-08-03 22:25:00,0.16271998
2016-08-03 22:30:00,0.12712498
2016-08-03 22:35:00,0.13559999
2016-08-03 22:40:00,0.09491999
2016-08-03 22:45:00,0.08305499
2016-08-03 22:50:00,0.11186998
2016-08-03 22:55:00,0.106784984
2016-08-03 23:00:00,0.09491999
2016-08-03 23:05:00,0.106784984
2016-08-03 23:10:00,0.110174984
2016-08-03 23:15:00,0.20509502
2016-08-03 23:20:00,0.27119997
2016-08-03 23:25:00,0.35086504
2016-08-03 23:30:00,0.39663002
2016-08-03 23:35:00,0.401715
2016-08-03 23:40:00,0.36442503
2016-08-03 23:45:00,0.37968007
2016-08-03 23:50:00,0.3695101
2016-08-03 23:55:00,0.43561503
2016-08-04 00:00:00,0.5152801
2016-08-04 00:05:00,0.6288451
2016-08-04 00:10:00,0.73054516
2016-08-04 00:15:00,0.85428005
2016-08-04 00:20:00,0.9949651
2016-08-04 00:25:00,1.0831051
2016-08-04 00:30:00,1.0864952
2016-08-04 00:35:00,1.1915852
2016-08-04 00:40:00,1.3780353
2016-08-04 00:45:00,1.6373699
2016-08-04 00:50:00,1.9831499
2016-08-04 00:55:00,2.211975
2016-08-04 01:00:00,2.344185
2016-08-04 01:05:00,2.3390994
2016-08-04 01:10:00,2.3611352
2016-08-04 01:15:00,2.4153748
2016-08-04 01:20:00,2.5255497
2016-08-04 01:25:00,2.7323399
2016-08-04 01:30:00,3.0882893
2016-08-04 01:35:00,3.5832295
2016-08-04 01:40:00,4.1205454
2016-08-04 01:45:00,4.681589
2016-08-04 01:50:00,5.3460298
2016-08-04 01:55:00,6.1019983
2016-08-04 02:00:00,7.1291676
2016-08-04 02:05:00,8.754676
2016-08-04 02:10:00,11.320905
2016-08-04 02:15:00,14.753275
2016-08-04 02:20:00,18.812801
2016-08-04 02:25:00,22.97064
2016-08-04 02:30:00,27.053905
2016-08-04 02:35:00,30.759167
2016-08-04 02:40:00,33.611855
2016-08-04 02:45:00,36.152657
2016-08-04 02:50:00,39.047718
2016-08-04 02:55:00,42.330925
2016-08-04 03:00:00,46.276882
2016-08-04 03:05:00,51.126297
2016-08-04 03:10:00,55.819748
2016-08-04 03:15:00,59.96403
2016-08-04 03:20:00,63.46761
2016-08-04 03:25:00,66.30163
2016-08-04 03:30:00,68.03562
2016-08-04 03:35:00,69.24923
2016-08-04 03:40:00,69.99163
2016-08-04 03:45:00,70.32386
2016-08-04 03:50:00,70.45776
2016-08-04 03:55:00,70.537415
2016-08-04 04:00:00,70.61539
2016-08-04 04:05:00,70.65607
2016-08-04 04:10:00,70.53064
2016-08-04 04:15:00,70.37301
2016-08-04 04:20:00,69.95773
2016-08-04 04:25:00,69.15092
2016-08-04 04:30:00,67.92713
2016-08-04 04:35:00,66.29825
2016-08-04 04:40:00,64.37951
2016-08-04 04:45:00,62.55227
2016-08-04 04:50:00,60.90473
2016-08-04 04:55:00,59.16058
2016-08-04 05:00:00,57.641853
2016-08-04 05:05:00,56.016365
2016-08-04 05:10:00,53.98743
2016-08-04 05:15:00,52.117844
2016-08-04 05:20:00,50.310993
2016-08-04 05:25:00,48.129517
2016-08-04 05:30:00,46.059914
2016-08-04 05:35:00,44.032707
2016-08-04 05:40:00,41.86141
2016-08-04 05:45:00,39.664692
2016-08-04 05:50:00,37.512043
2016-08-04 05:55:00,35.278034
2016-08-04 06:00:00,32.95081
2016-08-04 06:05:00,30.954092
2016-08-04 06:10:00,29.68115
2016-08-04 06:15:00,29.384521
2016-08-04 06:20:00,29.596401
2016-08-04 06:25:00,29.47605
2016-08-04 06:30:00,29.04044
2016-08-04 06:35:00,28.709917
2016-08-04 06:40:00,28.577692
2016-08-04 06:45:00,28.49634
2016-08-04 06:50:00,28.269197
2016-08-04 06:55:00,27.833593
2016-08-04 07:00:00,27.175938
2016-08-04 07:05:00,26.494543
2016-08-04 07:10:00,25.89791
2016-08-04 07:15:00,25.04024
2016-08-04 07:20:00,23.706266
2016-08-04 07:25:00,22.41976
2016-08-04 07:30:00,21.197672
2016-08-04 07:35:00,20.029816
2016-08-04 07:40:00,18.921284
2016-08-04 07:45:00,17.58393
2016-08-04 07:50:00,15.851641
2016-08-04 07:55:00,13.804081
2016-08-04 08:00:00,11.69889
2016-08-04 08:05:00,9.67167
2016-08-04 08:10:00,7.8207293
2016-08-04 08:15:00,6.225734
2016-08-04 08:20:00,4.9273653
2016-08-04 08:25:00,3.876465
2016-08-04 08:30:00,3.0560856
2016-08-04 08:35:00,2.3713048
2016-08-04 08:40:00,1.7848349
2016-08-04 08:45:00,1.3068452
2016-08-04 08:50:00,1.0034399
2016-08-04 08:55:00,0.81699
2016-08-04 09:00:00,0.61867505
2016-08-04 09:05:00,0.51697505
2016-08-04 09:10:00,0.42544502
2016-08-04 09:15:00,0.32713497
2016-08-04 09:20:00,0.25933498
2016-08-04 09:25:00,0.23221499
2016-08-04 09:30:00,0.20001003
2016-08-04 09:35:00,0.18136501
2016-08-04 09:40:00,0.16780502
2016-08-04 09:45:00,0.164415
2016-08-04 09:50:00,0.16611
2016-08-04 09:55:00,0.191535
2016-08-04 10:00:00,0.23391001
2016-08-04 10:05:00,0.293235
2016-08-04 10:10:00,0.41188502
2016-08-04 10:15:00,0.5983351
2016-08-04 10:20:00,0.85428
2016-08-04 10:25:00,1.13565
2016-08-04 10:30:00,1.530585
2016-08-04 10:35:00,1.947555
2016-08-04 10:40:00,2.3526595
2016-08-04 10:45:00,2.7086103
2016-08-04 10:50:00,2.9933698
2016-08-04 10:55:00,3.2035508
2016-08-04 11:00:00,3.2577903
2016-08-04 11:05:00,3.1476145
2016-08-04 11:10:00,3.0171003
2016-08-04 11:15:00,2.9408255
2016-08-04 11:20:00,2.8730245
2016-08-04 11:25:00,2.7577646
2016-08-04 11:30:00,2.7018297
2016-08-04 11:35:00,2.578095
2016-08-04 11:40:00,2.41707
2016-08-04 11:45:00,2.2306201
2016-08-04 11:50:00,2.0170503
2016-08-04 11:55:00,1.8322946
2016-08-04 12:00:00,0.75766534
2016-08-04 12:05:00,0.62037003
2016-08-04 12:10:00,0.52375495
2016-08-04 12:15:00,0.46782005
2016-08-04 12:20:00,0.43731
2016-08-04 12:25:00,0.40171507
2016-08-04 12:30:00,0.35595012
2016-08-04 12:35:00,0.23730001
2016-08-04 12:40:00,0.14068499
2016-08-04 12:45:00,0.09322499
2016-08-04 12:50:00,0.033899996
2016-08-04 12:55:00,0.0
2016-08-04 13:00:00,0.0
2016-08-04 13:05:00,0.0
2016-08-04 13:10:00,0.0
2016-08-04 13:15:00,0.0
2016-08-04 13:20:00,0.0
2016-08-04 13:25:00,0.0
2016-08-04 13:30:00,0.0
2016-08-04 13:35:00,0.0
2016-08-04 13:40:00,0.0
2016-08-04 13:45:00,0.0
2016-08-04 13:50:00,0.0
2016-08-04 13:55:00,0.0
2016-08-04 14:00:00,0.0
2016-08-04 14:05:00,0.0
2016-08-04 14:10:00,0.0
2016-08-04 14:15:00,0.0
2016-08-04 14:20:00,0.0
2016-08-04 14:25:00,0.0
2016-08-04 14:30:00,0.0
2016-08-04 14:35:00,0.0
2016-08-04 14:40:00,0.0
2016-08-04 14:45:00,0.0
2016-08-04 14:50:00,0.0
2016-08-04 14:55:00,0.0
2016-08-04 15:00:00,0.0
2016-08-04 15:05:00,0.0
2016-08-04 15:10:00,0.0
2016-08-04 15:15:00,0.0
2016-08-04 15:20:00,0.0
2016-08-04 15:25:00,0.0
2016-08-04 15:30:00,0.0
2016-08-04 15:35:00,0.0
2016-08-04 15:40:00,0.0
2016-08-04 15:45:00,0.0
2016-08-04 15:50:00,0.0
2016-08-04 15:55:00,0.0
2016-08-04 16:00:00,0.06101999
2016-08-04 16:05:00,0.150855
2016-08-04 16:10:00,0.3017101
2016-08-04 16:15:00,0.5762999
2016-08-04 16:20:00,0.8169902
2016-08-04 16:25:00,1.0203903
2016-08-04 16:30:00,1.2356546
2016-08-04 16:35:00,1.4390547
2016-08-04 16:40:00,1.5916053
2016-08-04 16:45:00,1.8187354
2016-08-04 16:50:00,2.127225
2016-08-04 16:55:00,2.3933396
2016-08-04 17:00:00,2.7509842
2016-08-04 17:05:00,3.1577842
2016-08-04 17:10:00,3.4764457
2016-08-04 17:15:00,3.5984857
2016-08-04 17:20:00,3.4849207
2016-08-04 17:25:00,3.3967805
2016-08-04 17:30:00,3.3832202
2016-08-04 17:35:00,3.4933956
2016-08-04 17:40:00,3.7154388
2016-08-04 17:45:00,3.97986
2016-08-04 17:50:00,4.1747847
2016-08-04 17:55:00,4.401914
2016-08-04 18:00:00,4.639214
2016-08-04 18:05:00,4.852785
2016-08-04 18:10:00,5.062967
2016-08-04 18:15:00,5.2544994
2016-08-04 18:20:00,5.520615
2016-08-04 18:25:00,5.8680887
2016-08-04 18:30:00,6.159629
2016-08-04 18:35:00,6.3376064
2016-08-04 18:40:00,6.3511662
2016-08-04 18:45:00,6.2375994
2016-08-04 18:50:00,6.10878
2016-08-04 18:55:00,5.7714753
2016-08-04 19:00:00,5.39349
2016-08-04 19:05:00,5.117205
2016-08-04 19:10:00,4.9917755
2016-08-04 19:15:00,4.9849954
2016-08-04 19:20:00,4.984995
2016-08-04 19:25:00,4.798546
2016-08-04 19:30:00,4.5324306
2016-08-04 19:35:00,4.1747847
2016-08-04 19:40:00,3.8917193
2016-08-04 19:45:00,3.8561242
2016-08-04 19:50:00,4.1866503
2016-08-04 19:55:00,4.6680303
2016-08-04 20:00:00,4.764646
2016-08-04 20:05:00,4.452766
2016-08-04 20:10:00,3.9256196
2016-08-04 20:15:00,3.5374637
2016-08-04 20:20:00,3.5120406
2016-08-04 20:25:00,3.6154344
2016-08-04 20:30:00,3.6137395
2016-08-04 20:35:00,3.395085
2016-08-04 20:40:00,3.144225
2016-08-04 20:45:00,2.9340444
2016-08-04 20:50:00,2.934045
2016-08-04 20:55:00,3.0713403
2016-08-04 21:00:00,3.3594894
2016-08-04 21:05:00,3.7815454
2016-08-04 21:10:00,4.1798706
2016-08-04 21:15:00,4.30869
2016-08-04 21:20:00,4.05783
2016-08-04 21:25:00,3.4306798
2016-08-04 21:30:00,2.7357297
2016-08-04 21:35:00,2.2814693
2016-08-04 21:40:00,2.1289206
2016-08-04 21:45:00,2.3238447
2016-08-04 21:50:00,2.693355
2016-08-04 21:55:00,3.1340559
2016-08-04 22:00:00,3.3645768
2016-08-04 22:05:00,3.3696613
2016-08-04 22:10:00,2.9832
2016-08-04 22:15:00,2.58318
2016-08-04 22:20:00,2.296725
2016-08-04 22:25:00,2.2865555
2016-08-04 22:30:00,2.4272401
2016-08-04 22:35:00,2.5425003
2016-08-04 22:40:00,2.6628451
2016-08-04 22:45:00,2.5780954
2016-08-04 22:50:00,2.2238407
2016-08-04 22:55:00,1.8560252
2016-08-04 23:00:00,1.5644846
2016-08-04 23:05:00,1.5034652
2016-08-04 23:10:00,1.7204247
2016-08-04 23:15:00,2.0204406
2016-08-04 23:20:00,2.2933352
2016-08-04 23:25:00,2.5119905
2016-08-04 23:30:00,2.601826
2016-08-04 23:35:00,2.6103003
2016-08-04 23:40:00,2.67132
2016-08-04 23:45:00,2.7018301
2016-08-04 23:50:00,2.5865703
2016-08-04 23:55:00,2.4136794
2016-08-05 00:00:00,2.1984153
2016-08-05 00:05:00,1.9695901
2016-08-05 00:10:00,1.8170402
2016-08-05 00:15:00,1.7492405
2016-08-05 00:20:00,1.7611043
2016-08-05 00:25:00,1.8119552
2016-08-05 00:30:00,1.8526351
2016-08-05 00:35:00,1.80009
2016-08-05 00:40:00,1.8221247
2016-08-05 00:45:00,1.8373798
2016-08-05 00:50:00,1.87806
2016-08-05 00:55:00,1.920435
2016-08-05 01:00:00,1.9695898
2016-08-05 01:05:00,1.9577247
2016-08-05 01:10:00,1.9272144
2016-08-05 01:15:00,1.9865402
2016-08-05 01:20:00,2.1136653
2016-08-05 01:25:00,2.3051999
2016-08-05 01:30:00,2.374695
2016-08-05 01:35:00,2.4696147
2016-08-05 01:40:00,2.4238498
2016-08-05 01:45:00,2.2475705
2016-08-05 01:50:00,2.015355
2016-08-05 01:55:00,1.84416
2016-08-05 02:00:00,1.76619
2016-08-05 02:05:00,1.8034803
2016-08-05 02:10:00,1.9729797
2016-08-05 02:15:00,2.300115
2016-08-05 02:20:00,2.788275
2016-08-05 02:25:00,3.41373
2016-08-05 02:30:00,4.1798706
2016-08-05 02:35:00,5.0087247
2016-08-05 02:40:00,5.7765594
2016-08-05 02:45:00,6.2782807
2016-08-05 02:50:00,6.5511746
2016-08-05 02:55:00,6.720675
2016-08-05 03:00:00,6.973231
2016-08-05 03:05:00,7.41393
2016-08-05 03:10:00,8.034304
2016-08-05 03:15:00,8.725862
2016-08-05 03:20:00,9.34623
2016-08-05 03:25:00,9.829307
2016-08-05 03:30:00,10.120845
2016-08-05 03:35:00,10.025925
2016-08-05 03:40:00,9.592005
2016-08-05 03:45:00,9.06825
2016-08-05 03:50:00,8.632634
2016-08-05 03:55:00,8.066505
2016-08-05 04:00:00,7.512238
2016-08-05 04:05:00,7.183411
2016-08-05 04:10:00,6.974927
2016-08-05 04:15:00,6.93594
2016-08-05 04:20:00,6.9240737
2016-08-05 04:25:00,6.796951
2016-08-05 04:30:00,6.5104957
2016-08-05 04:35:00,6.0969124
2016-08-05 04:40:00,5.679944
2016-08-05 04:45:00,5.43756
2016-08-05 04:50:00,5.45451
2016-08-05 04:55:00,5.5579042
2016-08-05 05:00:00,5.261281
2016-08-05 05:05:00,4.435816
2016-08-05 05:10:00,3.5069547
2016-08-05 05:15:00,3.0171003
2016-08-05 05:20:00,3.0865948
2016-08-05 05:25:00,3.118801
2016-08-05 05:30:00,2.740815
2016-08-05 05:35:00,2.1475654
2016-08-05 05:40:00,1.5356696
2016-08-05 05:45:00,1.16277
2016-08-05 05:50:00,0.9407249
2016-08-05 05:55:00,0.7102049
2016-08-05 06:00:00,0.4525651
2016-08-05 06:05:00,0.25425002
2016-08-05 06:10:00,0.08305499
2016-08-05 06:15:00,0.0
2016-08-05 06:20:00,0.0
2016-08-05 06:25:00,0.0
2016-08-05 06:30:00,0.0
2016-08-05 06:35:00,0.055935
2016-08-05 06:40:00,0.54578996
2016-08-05 06:45:00,1.9153501
2016-08-05 06:50:00,3.8696861
2016-08-05 06:55:00,5.8765645
2016-08-05 07:00:00,7.5308847
2016-08-05 07:05:00,8.995366
2016-08-05 07:10:00,10.600531
2016-08-05 07:15:00,12.6108
2016-08-05 07:20:00,14.902443
2016-08-05 07:25:00,17.226288
2016-08-05 07:30:00,19.321306
2016-08-05 07:35:00,21.602774
2016-08-05 07:40:00,24.323252
2016-08-05 07:45:00,27.8692
2016-08-05 07:50:00,31.686325
2016-08-05 07:55:00,34.837345
2016-08-05 08:00:00,36.62217
2016-08-05 08:05:00,36.993374
2016-08-05 08:10:00,36.41877
2016-08-05 08:15:00,35.1882
2016-08-05 08:20:00,33.766094
2016-08-05 08:25:00,32.399933
2016-08-05 08:30:00,31.14732
2016-08-05 08:35:00,30.23033
2016-08-05 08:40:00,29.920145
2016-08-05 08:45:00,30.289652
2016-08-05 08:50:00,31.235468
2016-08-05 08:55:00,32.71011
2016-08-05 09:00:00,34.830555
2016-08-05 09:05:00,37.76121
2016-08-05 09:10:00,41.31563
2016-08-05 09:15:00,44.870037
2016-08-05 09:20:00,47.17525
2016-08-05 09:25:00,48.005787
2016-08-05 09:30:00,47.446438
2016-08-05 09:35:00,45.60737
2016-08-05 09:40:00,43.11571
2016-08-05 09:45:00,40.849495
2016-08-05 09:50:00,39.53249
2016-08-05 09:55:00,39.82402
2016-08-05 10:00:00,41.56139
2016-08-05 10:05:00,44.01407
2016-08-05 10:10:00,45.985348
2016-08-05 10:15:00,47.19558
2016-08-05 10:20:00,48.314266
2016-08-05 10:25:00,49.50417
2016-08-05 10:30:00,50.31776
2016-08-05 10:35:00,50.90423
2016-08-05 10:40:00,51.7619
2016-08-05 10:45:00,52.82976
2016-08-05 10:50:00,53.770504
2016-08-05 10:55:00,54.37729
2016-08-05 11:00:00,54.726482
2016-08-05 11:05:00,55.016315
2016-08-05 11:10:00,55.540073
2016-08-05 11:15:00,56.13501
2016-08-05 11:20:00,56.40961
2016-08-05 11:25:00,56.460457
2016-08-05 11:30:00,56.47741
2016-08-05 11:35:00,56.4486
2016-08-05 11:40:00,56.50111
2016-08-05 11:45:00,56.42316
2016-08-05 11:50:00,56.32318
2016-08-05 11:55:00,56.389256
2016-08-05 12:00:00,69.011925
2016-08-05 12:05:00,69.008545
2016-08-05 12:10:00,68.945816
2016-08-05 12:15:00,68.896675
2016-08-05 12:20:00,68.98142
2016-08-05 12:25:00,69.132286
2016-08-05 12:30:00,69.318726
2016-08-05 12:35:00,69.722145
2016-08-05 12:40:00,70.28828
2016-08-05 12:45:00,70.76117
2016-08-05 12:50:00,71.12559
2016-08-05 12:55:00,71.41713
2016-08-05 13:00:00,71.69681
2016-08-05 13:05:00,71.86122
2016-08-05 13:10:00,71.90021
2016-08-05 13:15:00,71.90529
2016-08-05 13:20:00,71.91038
2016-08-05 13:25:00,71.92055
2016-08-05 13:30:00,71.91208
2016-08-05 13:35:00,71.92734
2016-08-05 13:40:00,71.95614
2016-08-05 13:45:00,71.95614
2016-08-05 13:50:00,71.95614
2016-08-05 13:55:00,71.92903
2016-08-05 14:00:00,71.883255
2016-08-05 14:05:00,71.69342
2016-08-05 14:10:00,71.45273
2016-08-05 14:15:00,71.0205
2016-08-05 14:20:00,70.42386
2016-08-05 14:25:00,69.70008
2016-08-05 14:30:00,69.17125
2016-08-05 14:35:00,68.96957
2016-08-05 14:40:00,69.12718
2016-08-05 14:45:00,69.3967
2016-08-05 14:50:00,69.55942
2016-08-05 14:55:00,69.517044
2016-08-05 15:00:00,69.33059
2016-08-05 15:05:00,69.028885
2016-08-05 15:10:00,68.555984
2016-08-05 15:15:00,67.922066
2016-08-05 15:20:00,67.19152
2016-08-05 15:25:00,66.49148
2016-08-05 15:30:00,65.71854
2016-08-05 15:35:00,64.75071
2016-08-05 15:40:00,63.903202
2016-08-05 15:45:00,63.38795
2016-08-05 15:50:00,62.952286
2016-08-05 15:55:00,62.426853
2016-08-05 16:00:00,61.648834
2016-08-05 16:05:00,61.018307
2016-08-05 16:10:00,60.90473
2016-08-05 16:15:00,60.743732
2016-08-05 16:20:00,60.43522
2016-08-05 16:25:00,60.077595
2016-08-05 16:30:00,59.369072
2016-08-05 16:35:00,58.263927
2016-08-05 16:40:00,56.911304
2016-08-05 16:45:00,55.858715
2016-08-05 16:50:00,55.002758
2016-08-05 16:55:00,54.360355
2016-08-05 17:00:00,54.121338
2016-08-05 17:05:00,54.107784
2016-08-05 17:10:00,54.156944
2016-08-05 17:15:00,54.52646
2016-08-05 17:20:00,55.077343
2016-08-05 17:25:00,55.468884
2016-08-05 17:30:00,55.75195
2016-08-05 17:35:00,56.19432
2016-08-05 17:40:00,56.5791
2016-08-05 17:45:00,56.94182
2016-08-05 17:50:00,57.389297
2016-08-05 17:55:00,57.896122
2016-08-05 18:00:00,58.42157
2016-08-05 18:05:00,58.8504
2016-08-05 18:10:00,59.011425
2016-08-05 18:15:00,58.824974
2016-08-05 18:20:00,58.665672
2016-08-05 18:25:00,58.709724
2016-08-05 18:30:00,58.93853
2016-08-05 18:35:00,59.492825
2016-08-05 18:40:00,60.213177
2016-08-05 18:45:00,60.57253
2016-08-05 18:50:00,60.66405
2016-08-05 18:55:00,60.789482
2016-08-05 19:00:00,61.29121
2016-08-05 19:05:00,61.996323
2016-08-05 19:10:00,63.00824
2016-08-05 19:15:00,64.12356
2016-08-05 19:20:00,65.38632
2016-08-05 19:25:00,66.52368
2016-08-05 19:30:00,67.33725
2016-08-05 19:35:00,68.11529
2016-08-05 19:40:00,68.93567
2016-08-05 19:45:00,69.78993
2016-08-05 19:50:00,70.571335
2016-08-05 19:55:00,71.04931
2016-08-05 20:00:00,71.43409
2016-08-05 20:05:00,71.64257
2016-08-05 20:10:00,71.769684
2016-08-05 20:15:00,71.84767
2016-08-05 20:20:00,71.86123
2016-08-05 20:25:00,71.86123
2016-08-05 20:30:00,71.87478
2016-08-05 20:35:00,71.87478
2016-08-05 20:40:00,71.87478
2016-08-05 20:45:00,71.90191
2016-08-05 20:50:00,71.929016
2016-08-05 20:55:00,71.95614
2016-08-05 21:00:00,71.969696
2016-08-05 21:05:00,71.98327
2016-08-05 21:10:00,71.98327
2016-08-05 21:15:00,71.996826
2016-08-05 21:20:00,71.996826
2016-08-05 21:25:00,72.010376
2016-08-05 21:30:00,72.02395
2016-08-05 21:35:00,72.02395
2016-08-05 21:40:00,72.02395
2016-08-05 21:45:00,72.0375
2016-08-05 21:50:00,72.0375
2016-08-05 21:55:00,72.0375
2016-08-05 22:00:00,72.0375
2016-08-05 22:05:00,72.0375
2016-08-05 22:10:00,72.0375
2016-08-05 22:15:00,72.0375
2016-08-05 22:20:00,72.0375
2016-08-05 22:25:00,72.0375
2016-08-05 22:30:00,72.0375
2016-08-05 22:35:00,72.0375
2016-08-05 22:40:00,72.0375
2016-08-05 22:45:00,72.0375
2016-08-05 22:50:00,72.0375
2016-08-05 22:55:00,72.0375
2016-08-05 23:00:00,72.0375
2016-08-05 23:05:00,72.0375
2016-08-05 23:10:00,72.0375
2016-08-05 23:15:00,72.0375
2016-08-05 23:20:00,72.0375
2016-08-05 23:25:00,72.0375
2016-08-05 23:30:00,72.0375
2016-08-05 23:35:00,72.0375
2016-08-05 23:40:00,72.0375
2016-08-05 23:45:00,72.0375
2016-08-05 23:50:00,72.0375
2016-08-05 23:55:00,72.0375
2016-08-06 00:00:00,72.0375
2016-08-06 00:05:00,72.0375
2016-08-06 00:10:00,72.0375
2016-08-06 00:15:00,72.0375
2016-08-06 00:20:00,72.0375
2016-08-06 00:25:00,72.0375
2016-08-06 00:30:00,72.0375
2016-08-06 00:35:00,72.0375
2016-08-06 00:40:00,72.0375
2016-08-06 00:45:00,72.0375
2016-08-06 00:50:00,72.0375
2016-08-06 00:55:00,72.0375
2016-08-06 01:00:00,72.0375
2016-08-06 01:05:00,72.0375
2016-08-06 01:10:00,72.0375
2016-08-06 01:15:00,72.0375
2016-08-06 01:20:00,72.0375
2016-08-06 01:25:00,72.0375
2016-08-06 01:30:00,72.0375
2016-08-06 01:35:00,72.0375
2016-08-06 01:40:00,72.0375
2016-08-06 01:45:00,72.0375
2016-08-06 01:50:00,72.0375
2016-08-06 01:55:00,72.0375
2016-08-06 02:00:00,72.0375
2016-08-06 02:05:00,72.0375
2016-08-06 02:10:00,72.0375
2016-08-06 02:15:00,72.0375
2016-08-06 02:20:00,72.0375
2016-08-06 02:25:00,72.0375
2016-08-06 02:30:00,72.0375
2016-08-06 02:35:00,72.0375
2016-08-06 02:40:00,72.0375
2016-08-06 02:45:00,72.0375
2016-08-06 02:50:00,72.0375
2016-08-06 02:55:00,72.0375
2016-08-06 03:00:00,72.0375
2016-08-06 03:05:00,72.0375
2016-08-06 03:10:00,72.0375
2016-08-06 03:15:00,72.0375
2016-08-06 03:20:00,72.0375
2016-08-06 03:25:00,72.0375
2016-08-06 03:30:00,72.0375
2016-08-06 03:35:00,72.0375
2016-08-06 03:40:00,72.0375
2016-08-06 03:45:00,72.0375
2016-08-06 03:50:00,72.0375
2016-08-06 03:55:00,72.0375
2016-08-06 04:00:00,72.0375
2016-08-06 04:05:00,72.0375
2016-08-06 04:10:00,72.0375
2016-08-06 04:15:00,72.0375
2016-08-06 04:20:00,72.0375
2016-08-06 04:25:00,72.0375
2016-08-06 04:30:00,72.0375
2016-08-06 04:35:00,72.0375
2016-08-06 04:40:00,72.0375
2016-08-06 04:45:00,72.0375
2016-08-06 04:50:00,72.0375
2016-08-06 04:55:00,72.0375
2016-08-06 05:00:00,72.0375
2016-08-06 05:05:00,72.0375
2016-08-06 05:10:00,72.0375
2016-08-06 05:15:00,72.0375
2016-08-06 05:20:00,72.0375
2016-08-06 05:25:00,72.0375
2016-08-06 05:30:00,72.0375
2016-08-06 05:35:00,72.0375
2016-08-06 05:40:00,72.0375
2016-08-06 05:45:00,72.0375
2016-08-06 05:50:00,72.0375
2016-08-06 05:55:00,72.0375
2016-08-06 06:00:00,72.0375
2016-08-06 06:05:00,72.0375
2016-08-06 06:10:00,72.0375
2016-08-06 06:15:00,72.0375
2016-08-06 06:20:00,72.0375
2016-08-06 06:25:00,72.0375
2016-08-06 06:30:00,72.0375
2016-08-06 06:35:00,72.0375
2016-08-06 06:40:00,72.0375
2016-08-06 06:45:00,72.0375
2016-08-06 06:50:00,72.0375
2016-08-06 06:55:00,72.0375
2016-08-06 07:00:00,72.0375
2016-08-06 07:05:00,72.0375
2016-08-06 07:10:00,72.0375
2016-08-06 07:15:00,72.0375
2016-08-06 07:20:00,72.0375
2016-08-06 07:25:00,72.0375
2016-08-06 07:30:00,72.0375
2016-08-06 07:35:00,72.0375
2016-08-06 07:40:00,72.0375
2016-08-06 07:45:00,72.0375
2016-08-06 07:50:00,72.0375
2016-08-06 07:55:00,72.0375
2016-08-06 08:00:00,72.0375
2016-08-06 08:05:00,72.0375
2016-08-06 08:10:00,72.0375
2016-08-06 08:15:00,72.0375
2016-08-06 08:20:00,72.0375
2016-08-06 08:25:00,72.0375
2016-08-06 08:30:00,72.0375
2016-08-06 08:35:00,72.0375
2016-08-06 08:40:00,72.0375
2016-08-06 08:45:00,72.0375
2016-08-06 08:50:00,72.0375
2016-08-06 08:55:00,72.0375
2016-08-06 09:00:00,72.0375
2016-08-06 09:05:00,72.0375
2016-08-06 09:10:00,72.0375
2016-08-06 09:15:00,72.0375
2016-08-06 09:20:00,72.0375
2016-08-06 09:25:00,72.0375
2016-08-06 09:30:00,72.0375
2016-08-06 09:35:00,72.0375
2016-08-06 09:40:00,72.0375
2016-08-06 09:45:00,72.0375
2016-08-06 09:50:00,72.0375
2016-08-06 09:55:00,72.0375
2016-08-06 10:00:00,72.0375
2016-08-06 10:05:00,72.0375
2016-08-06 10:10:00,72.0375
2016-08-06 10:15:00,72.0375
2016-08-06 10:20:00,72.0375
2016-08-06 10:25:00,72.0375
2016-08-06 10:30:00,72.0375
2016-08-06 10:35:00,72.0375
2016-08-06 10:40:00,72.0375
2016-08-06 10:45:00,72.0375
2016-08-06 10:50:00,72.0375
2016-08-06 10:55:00,72.0375
2016-08-06 11:00:00,72.0375
2016-08-06 11:05:00,72.0375
2016-08-06 11:10:00,72.0375
2016-08-06 11:15:00,72.0375
2016-08-06 11:20:00,72.0375
2016-08-06 11:25:00,72.0375
2016-08-06 11:30:00,72.0375
2016-08-06 11:35:00,72.0375
2016-08-06 11:40:00,72.0375
2016-08-06 11:45:00,72.0375
2016-08-06 11:50:00,72.0375
2016-08-06 11:55:00,72.0375
2016-08-06 12:00:00,72.0375
2016-08-06 12:05:00,72.0375
2016-08-06 12:10:00,72.0375
2016-08-06 12:15:00,72.0375
2016-08-06 12:20:00,72.0375
2016-08-06 12:25:00,72.0375
2016-08-06 12:30:00,72.0375
2016-08-06 12:35:00,72.0375
2016-08-06 12:40:00,72.0375
2016-08-06 12:45:00,72.0375
2016-08-06 12:50:00,72.0375
2016-08-06 12:55:00,72.0375
2016-08-06 13:00:00,72.0375
2016-08-06 13:05:00,72.0375
2016-08-06 13:10:00,72.0375
2016-08-06 13:15:00,72.0375
2016-08-06 13:20:00,72.0375
2016-08-06 13:25:00,72.0375
2016-08-06 13:30:00,72.0375
2016-08-06 13:35:00,72.0375
2016-08-06 13:40:00,72.0375
2016-08-06 13:45:00,72.0375
2016-08-06 13:50:00,72.0375
2016-08-06 13:55:00,72.0375
2016-08-06 14:00:00,72.0375
2016-08-06 14:05:00,72.0375
2016-08-06 14:10:00,72.0375
2016-08-06 14:15:00,72.0375
2016-08-06 14:20:00,72.0375
2016-08-06 14:25:00,72.0375
2016-08-06 14:30:00,72.0375
2016-08-06 14:35:00,72.0375
2016-08-06 14:40:00,72.0375
2016-08-06 14:45:00,72.0375
2016-08-06 14:50:00,72.0375
2016-08-06 14:55:00,72.0375
2016-08-06 15:00:00,72.0375
2016-08-06 15:05:00,72.0375
2016-08-06 15:10:00,72.0375
2016-08-06 15:15:00,72.0375
2016-08-06 15:20:00,72.0375
2016-08-06 15:25:00,72.0375
2016-08-06 15:30:00,72.0375
2016-08-06 15:35:00,72.0375
2016-08-06 15:40:00,72.0375
2016-08-06 15:45:00,72.0375
2016-08-06 15:50:00,72.0375
2016-08-06 15:55:00,72.0375
2016-08-06 16:00:00,72.0375
2016-08-06 16:05:00,72.0375
2016-08-06 16:10:00,72.0375
2016-08-06 16:15:00,72.0375
2016-08-06 16:20:00,72.0375
2016-08-06 16:25:00,72.0375
2016-08-06 16:30:00,72.0375
2016-08-06 16:35:00,72.0375
2016-08-06 16:40:00,72.0375
2016-08-06 16:45:00,72.0375
2016-08-06 16:50:00,72.0375
2016-08-06 16:55:00,72.0375
2016-08-06 17:00:00,72.0375
2016-08-06 17:05:00,72.0375
2016-08-06 17:10:00,72.0375
2016-08-06 17:15:00,72.0375
2016-08-06 17:20:00,72.0375
2016-08-06 17:25:00,72.02903
2016-08-06 17:30:00,72.02055
2016-08-06 17:35:00,72.01207
2016-08-06 17:40:00,72.0036
2016-08-06 17:45:00,71.99512
2016-08-06 17:50:00,71.98665
2016-08-06 17:55:00,71.93919
2016-08-06 18:00:00,71.86291
2016-08-06 18:05:00,71.80868
2016-08-06 18:10:00,71.76631
2016-08-06 18:15:00,71.77478
2016-08-06 18:20:00,71.74767
2016-08-06 18:25:00,71.67307
2016-08-06 18:30:00,71.53578
2016-08-06 18:35:00,71.44084
2016-08-06 18:40:00,71.32221
2016-08-06 18:45:00,71.151
2016-08-06 18:50:00,70.86625
2016-08-06 18:55:00,70.576416
2016-08-06 19:00:00,70.29844
2016-08-06 19:05:00,69.96285
2016-08-06 19:10:00,69.8357
2016-08-06 19:15:00,69.89841
2016-08-06 19:20:00,70.15776
2016-08-06 19:25:00,70.3798
2016-08-06 19:30:00,70.6086
2016-08-06 19:35:00,70.69505
2016-08-06 19:40:00,70.68151
2016-08-06 19:45:00,70.48996
2016-08-06 19:50:00,70.24588
2016-08-06 19:55:00,70.105194
2016-08-06 20:00:00,70.01706
2016-08-06 20:05:00,69.961136
2016-08-06 20:10:00,69.7018
2016-08-06 20:15:00,69.298386
2016-08-06 20:20:00,68.94921
2016-08-06 20:25:00,68.56955
2016-08-06 20:30:00,68.26951
2016-08-06 20:35:00,68.15425
2016-08-06 20:40:00,68.39496
2016-08-06 20:45:00,68.83733
2016-08-06 20:50:00,69.347534
2016-08-06 20:55:00,69.869606
2016-08-06 21:00:00,70.210304
2016-08-06 21:05:00,70.48318
2016-08-06 21:10:00,70.72387
2016-08-06 21:15:00,70.88999
2016-08-06 21:20:00,70.91711
2016-08-06 21:25:00,70.87133
2016-08-06 21:30:00,70.85438
2016-08-06 21:35:00,70.78997
2016-08-06 21:40:00,70.73913
2016-08-06 21:45:00,70.65098
2016-08-06 21:50:00,70.51369
2016-08-06 21:55:00,70.42556
2016-08-06 22:00:00,70.38826
2016-08-06 22:05:00,70.35097
2016-08-06 22:10:00,70.27979
2016-08-06 22:15:00,70.228935
2016-08-06 22:20:00,70.269615
2016-08-06 22:25:00,70.32556
2016-08-06 22:30:00,70.50523
2016-08-06 22:35:00,70.70184
2016-08-06 22:40:00,70.84931
2016-08-06 22:45:00,71.00016
2016-08-06 22:50:00,71.07305
2016-08-06 22:55:00,71.18153
2016-08-06 23:00:00,71.26288
2016-08-06 23:05:00,71.30017
2016-08-06 23:10:00,71.34763
2016-08-06 23:15:00,71.36119
2016-08-06 23:20:00,71.37983
2016-08-06 23:25:00,71.47984
2016-08-06 23:30:00,71.600204
2016-08-06 23:35:00,71.7002
2016-08-06 23:40:00,71.8053
2016-08-06 23:45:00,71.85444
2016-08-06 23:50:00,71.87817
2016-08-06 23:55:00,71.89172
2016-08-07 00:00:00,71.91546
2016-08-07 00:05:00,71.94259
2016-08-07 00:10:00,71.94259
2016-08-07 00:15:00,71.969696
2016-08-07 00:20:00,71.99682
2016-08-07 00:25:00,72.02395
2016-08-07 00:30:00,72.02395
2016-08-07 00:35:00,72.0375
2016-08-07 00:40:00,72.0375
2016-08-07 00:45:00,72.0375
2016-08-07 00:50:00,72.0375
2016-08-07 00:55:00,72.0375
2016-08-07 01:00:00,72.0375
2016-08-07 01:05:00,72.0375
2016-08-07 01:10:00,72.0375
2016-08-07 01:15:00,72.0375
2016-08-07 01:20:00,72.0375
2016-08-07 01:25:00,72.0375
2016-08-07 01:30:00,72.0375
2016-08-07 01:35:00,72.0375
2016-08-07 01:40:00,72.0375
2016-08-07 01:45:00,72.0375
2016-08-07 01:50:00,72.0375
2016-08-07 01:55:00,72.0375
2016-08-07 02:00:00,72.0375
2016-08-07 02:05:00,72.0375
2016-08-07 02:10:00,72.0375
2016-08-07 02:15:00,72.0375
2016-08-07 02:20:00,72.0375
2016-08-07 02:25:00,72.0375
2016-08-07 02:30:00,72.0375
2016-08-07 02:35:00,72.0375
2016-08-07 02:40:00,72.0375
2016-08-07 02:45:00,72.0375
2016-08-07 02:50:00,72.0375
2016-08-07 02:55:00,72.0375
2016-08-07 03:00:00,72.0375
2016-08-07 03:05:00,72.0375
2016-08-07 03:10:00,72.0375
2016-08-07 03:15:00,72.0375
2016-08-07 03:20:00,72.0375
2016-08-07 03:25:00,72.0375
2016-08-07 03:30:00,72.0375
2016-08-07 03:35:00,72.0375
2016-08-07 03:40:00,72.0375
2016-08-07 03:45:00,72.0375
2016-08-07 03:50:00,72.0375
2016-08-07 03:55:00,72.0375
2016-08-07 04:00:00,72.0375
2016-08-07 04:05:00,72.0375
2016-08-07 04:10:00,72.0375
2016-08-07 04:15:00,72.0375
2016-08-07 04:20:00,72.0375
2016-08-07 04:25:00,72.0375
2016-08-07 04:30:00,72.0375
2016-08-07 04:35:00,72.0375
2016-08-07 04:40:00,72.0375
2016-08-07 04:45:00,72.0375
2016-08-07 04:50:00,72.0375
2016-08-07 04:55:00,72.0375
2016-08-07 05:00:00,72.0375
2016-08-07 05:05:00,72.0375
2016-08-07 05:10:00,72.0375
2016-08-07 05:15:00,72.0375
2016-08-07 05:20:00,72.0375
2016-08-07 05:25:00,72.0375
2016-08-07 05:30:00,72.0375
2016-08-07 05:35:00,72.0375
2016-08-07 05:40:00,72.0375
2016-08-07 05:45:00,72.0375
2016-08-07 05:50:00,72.0375
2016-08-07 05:55:00,72.0375
2016-08-07 06:00:00,72.0375
2016-08-07 06:05:00,72.0375
2016-08-07 06:10:00,72.0375
2016-08-07 06:15:00,72.0375
2016-08-07 06:20:00,72.0375
2016-08-07 06:25:00,72.0375
2016-08-07 06:30:00,72.0375
2016-08-07 06:35:00,72.0375
2016-08-07 06:40:00,72.0375
2016-08-07 06:45:00,72.0375
2016-08-07 06:50:00,72.0375
2016-08-07 06:55:00,72.0375
2016-08-07 07:00:00,72.0375
2016-08-07 07:05:00,72.0375
2016-08-07 07:10:00,72.0375
2016-08-07 07:15:00,72.0375
2016-08-07 07:20:00,72.0375
2016-08-07 07:25:00,72.0375
2016-08-07 07:30:00,72.0375
2016-08-07 07:35:00,72.0375
2016-08-07 07:40:00,72.0375
2016-08-07 07:45:00,72.0375
2016-08-07 07:50:00,72.0375
2016-08-07 07:55:00,72.0375
2016-08-07 08:00:00,72.0375
2016-08-07 08:05:00,72.0375
2016-08-07 08:10:00,72.0375
2016-08-07 08:15:00,72.0375
2016-08-07 08:20:00,72.0375
2016-08-07 08:25:00,72.0375
2016-08-07 08:30:00,72.0375
2016-08-07 08:35:00,72.0375
2016-08-07 08:40:00,72.0375
2016-08-07 08:45:00,72.0375
2016-08-07 08:50:00,72.0375
2016-08-07 08:55:00,72.0375
2016-08-07 09:00:00,72.0375
2016-08-07 09:05:00,72.0375
2016-08-07 09:10:00,72.0375
2016-08-07 09:15:00,72.0375
2016-08-07 09:20:00,72.0375
2016-08-07 09:25:00,72.0375
2016-08-07 09:30:00,72.0375
2016-08-07 09:35:00,72.0375
2016-08-07 09:40:00,72.0375
2016-08-07 09:45:00,72.0375
2016-08-07 09:50:00,72.0375
2016-08-07 09:55:00,72.0375
2016-08-07 10:00:00,72.0375
2016-08-07 10:05:00,72.0375
2016-08-07 10:10:00,72.0375
2016-08-07 10:15:00,72.0375
2016-08-07 10:20:00,72.0375
2016-08-07 10:25:00,72.0375
2016-08-07 10:30:00,72.0375
2016-08-07 10:35:00,72.0375
2016-08-07 10:40:00,72.0375
2016-08-07 10:45:00,72.0375
2016-08-07 10:50:00,72.0375
2016-08-07 10:55:00,72.0375
2016-08-07 11:00:00,72.0375
2016-08-07 11:05:00,72.0375
2016-08-07 11:10:00,72.0375
2016-08-07 11:15:00,72.0375
2016-08-07 11:20:00,72.0375
2016-08-07 11:25:00,72.0375
2016-08-07 11:30:00,72.0375
2016-08-07 11:35:00,72.0375
2016-08-07 11:40:00,72.0375
2016-08-07 11:45:00,72.0375
2016-08-07 11:50:00,72.0375
2016-08-07 11:55:00,72.0375
2016-08-07 12:00:00,72.0375
2016-08-07 12:05:00,72.0375
2016-08-07 12:10:00,72.0375
2016-08-07 12:15:00,72.0375
2016-08-07 12:20:00,72.0375
2016-08-07 12:25:00,72.0375
2016-08-07 12:30:00,72.0375
2016-08-07 12:35:00,72.0375
2016-08-07 12:40:00,72.0375
2016-08-07 12:45:00,72.0375
2016-08-07 12:50:00,72.0375
2016-08-07 12:55:00,72.0375
2016-08-07 13:00:00,72.0375
2016-08-07 13:05:00,72.0375
2016-08-07 13:10:00,72.0375
2016-08-07 13:15:00,72.0375
2016-08-07 13:20:00,72.0375
2016-08-07 13:25:00,72.0375
2016-08-07 13:30:00,72.0375
2016-08-07 13:35:00,72.0375
2016-08-07 13:40:00,72.0375
2016-08-07 13:45:00,72.0375
2016-08-07 13:50:00,72.0375
2016-08-07 13:55:00,72.0375
2016-08-07 14:00:00,72.0375
2016-08-07 14:05:00,72.0375
2016-08-07 14:10:00,72.0375
2016-08-07 14:15:00,72.0375
2016-08-07 14:20:00,72.0375
2016-08-07 14:25:00,72.0375
2016-08-07 14:30:00,72.0375
2016-08-07 14:35:00,72.0375
2016-08-07 14:40:00,72.0375
2016-08-07 14:45:00,72.0375
2016-08-07 14:50:00,72.0375
2016-08-07 14:55:00,72.0375
2016-08-07 15:00:00,72.0375
2016-08-07 15:05:00,72.0375
2016-08-07 15:10:00,72.0375
2016-08-07 15:15:00,72.0375
2016-08-07 15:20:00,72.0375
2016-08-07 15:25:00,72.0375
2016-08-07 15:30:00,72.0375
2016-08-07 15:35:00,72.0375
2016-08-07 15:40:00,72.0375
2016-08-07 15:45:00,72.0375
2016-08-07 15:50:00,72.0375
2016-08-07 15:55:00,72.0375
2016-08-07 16:00:00,72.0375
2016-08-07 16:05:00,72.0375
2016-08-07 16:10:00,72.0375
2016-08-07 16:15:00,72.0375
2016-08-07 16:20:00,72.0375
2016-08-07 16:25:00,72.0375
2016-08-07 16:30:00,72.0375
2016-08-07 16:35:00,72.0375
2016-08-07 16:40:00,72.0375
2016-08-07 16:45:00,72.0375
2016-08-07 16:50:00,72.0375
2016-08-07 16:55:00,72.0375
2016-08-07 17:00:00,72.0375
2016-08-07 17:05:00,72.0375
2016-08-07 17:10:00,72.0375
2016-08-07 17:15:00,72.0375
2016-08-07 17:20:00,72.0375
2016-08-07 17:25:00,72.0375
2016-08-07 17:30:00,72.0375
2016-08-07 17:35:00,72.0375
2016-08-07 17:40:00,72.0375
2016-08-07 17:45:00,72.0375
2016-08-07 17:50:00,72.0375
2016-08-07 17:55:00,72.0375
2016-08-07 18:00:00,72.0375
2016-08-07 18:05:00,72.0375
2016-08-07 18:10:00,72.0375
2016-08-07 18:15:00,72.0375
2016-08-07 18:20:00,72.0375
2016-08-07 18:25:00,72.0375
2016-08-07 18:30:00,72.0375
2016-08-07 18:35:00,72.0375
2016-08-07 18:40:00,72.0375
2016-08-07 18:45:00,72.0375
2016-08-07 18:50:00,72.0375
2016-08-07 18:55:00,72.0375
2016-08-07 19:00:00,72.0375
2016-08-07 19:05:00,72.0375
2016-08-07 19:10:00,72.0375
2016-08-07 19:15:00,72.0375
2016-08-07 19:20:00,72.0375
2016-08-07 19:25:00,72.0375
2016-08-07 19:30:00,72.0375
2016-08-07 19:35:00,72.0375
2016-08-07 19:40:00,72.0375
2016-08-07 19:45:00,72.0375
2016-08-07 19:50:00,72.0375
2016-08-07 19:55:00,72.0375
2016-08-07 20:00:00,72.0375
2016-08-07 20:05:00,72.0375
2016-08-07 20:10:00,72.0375
2016-08-07 20:15:00,72.0375
2016-08-07 20:20:00,72.0375
2016-08-07 20:25:00,72.0375
2016-08-07 20:30:00,72.0375
2016-08-07 20:35:00,72.0375
2016-08-07 20:40:00,72.0375
2016-08-07 20:45:00,72.0375
2016-08-07 20:50:00,72.0375
2016-08-07 20:55:00,72.0375
2016-08-07 21:00:00,72.0375
2016-08-07 21:05:00,72.0375
2016-08-07 21:10:00,72.0375
2016-08-07 21:15:00,72.0375
2016-08-07 21:20:00,72.0375
2016-08-07 21:25:00,72.0375
2016-08-07 21:30:00,72.0375
2016-08-07 21:35:00,72.0375
2016-08-07 21:40:00,72.0375
2016-08-07 21:45:00,72.0375
2016-08-07 21:50:00,72.0375
2016-08-07 21:55:00,72.0375
2016-08-07 22:00:00,72.0375
2016-08-07 22:05:00,72.0375
2016-08-07 22:10:00,72.0375
2016-08-07 22:15:00,72.0375
2016-08-07 22:20:00,72.0375
2016-08-07 22:25:00,72.0375
2016-08-07 22:30:00,72.0375
2016-08-07 22:35:00,72.0375
2016-08-07 22:40:00,72.0375
2016-08-07 22:45:00,72.0375
2016-08-07 22:50:00,72.0375
2016-08-07 22:55:00,72.0375
2016-08-07 23:00:00,72.0375
2016-08-07 23:05:00,72.0375
2016-08-07 23:10:00,72.0375
2016-08-07 23:15:00,72.0375
2016-08-07 23:20:00,72.0375
2016-08-07 23:25:00,72.0375
2016-08-07 23:30:00,72.0375
2016-08-07 23:35:00,72.0375
2016-08-07 23:40:00,72.0375
2016-08-07 23:45:00,72.0375
2016-08-07 23:50:00,72.0375
2016-08-07 23:55:00,72.0375
2016-08-08 00:00:00,72.0375
2016-08-08 00:05:00,72.0375
2016-08-08 00:10:00,72.0375
2016-08-08 00:15:00,72.0375
2016-08-08 00:20:00,72.0375
2016-08-08 00:25:00,72.0375
2016-08-08 00:30:00,72.0375
2016-08-08 00:35:00,72.0375
2016-08-08 00:40:00,72.0375
2016-08-08 00:45:00,72.0375
2016-08-08 00:50:00,72.0375
2016-08-08 00:55:00,72.0375
2016-08-08 01:00:00,72.0375
2016-08-08 01:05:00,72.0375
2016-08-08 01:10:00,72.0375
2016-08-08 01:15:00,72.0375
2016-08-08 01:20:00,72.0375
2016-08-08 01:25:00,72.0375
2016-08-08 01:30:00,72.0375
2016-08-08 01:35:00,72.0375
2016-08-08 01:40:00,72.0375
2016-08-08 01:45:00,72.0375
2016-08-08 01:50:00,72.0375
2016-08-08 01:55:00,72.0375
2016-08-08 02:00:00,72.0375
2016-08-08 02:05:00,72.0375
2016-08-08 02:10:00,72.0375
2016-08-08 02:15:00,72.0375
2016-08-08 02:20:00,72.0375
2016-08-08 02:25:00,72.0375
2016-08-08 02:30:00,72.0375
2016-08-08 02:35:00,72.0375
2016-08-08 02:40:00,72.0375
2016-08-08 02:45:00,72.0375
2016-08-08 02:50:00,72.0375
2016-08-08 02:55:00,72.0375
2016-08-08 03:00:00,72.0375
2016-08-08 03:05:00,72.0375
2016-08-08 03:10:00,72.0375
2016-08-08 03:15:00,72.0375
2016-08-08 03:20:00,72.0375
2016-08-08 03:25:00,72.0375
2016-08-08 03:30:00,72.0375
2016-08-08 03:35:00,72.0375
2016-08-08 03:40:00,72.0375
2016-08-08 03:45:00,72.0375
2016-08-08 03:50:00,72.0375
2016-08-08 03:55:00,72.0375
2016-08-08 04:00:00,72.0375
2016-08-08 04:05:00,72.0375
2016-08-08 04:10:00,72.0375
2016-08-08 04:15:00,72.0375
2016-08-08 04:20:00,72.0375
2016-08-08 04:25:00,72.0375
2016-08-08 04:30:00,72.0375
2016-08-08 04:35:00,72.0375
2016-08-08 04:40:00,72.0375
2016-08-08 04:45:00,72.0375
2016-08-08 04:50:00,72.0375
2016-08-08 04:55:00,72.0375
2016-08-08 05:00:00,72.0375
2016-08-08 05:05:00,72.0375
2016-08-08 05:10:00,72.0375
2016-08-08 05:15:00,72.0375
2016-08-08 05:20:00,72.0375
2016-08-08 05:25:00,72.0375
2016-08-08 05:30:00,72.0375
2016-08-08 05:35:00,72.0375
2016-08-08 05:40:00,72.0375
2016-08-08 05:45:00,72.0375
2016-08-08 05:50:00,72.0375
2016-08-08 05:55:00,72.0375
2016-08-08 06:00:00,72.0375
2016-08-08 06:05:00,72.0375
2016-08-08 06:10:00,72.0375
2016-08-08 06:15:00,72.0375
2016-08-08 06:20:00,72.0375
2016-08-08 06:25:00,72.0375
2016-08-08 06:30:00,72.0375
2016-08-08 06:35:00,72.0375
2016-08-08 06:40:00,72.0375
2016-08-08 06:45:00,72.0375
2016-08-08 06:50:00,72.0375
2016-08-08 06:55:00,72.0375
2016-08-08 07:00:00,72.0375
2016-08-08 07:05:00,72.0375
2016-08-08 07:10:00,72.0375
2016-08-08 07:15:00,72.0375
2016-08-08 07:20:00,72.0375
2016-08-08 07:25:00,72.0375
2016-08-08 07:30:00,72.0375
2016-08-08 07:35:00,72.0375
2016-08-08 07:40:00,72.0375
2016-08-08 07:45:00,72.0375
2016-08-08 07:50:00,72.0375
2016-08-08 07:55:00,72.0375
2016-08-08 08:00:00,72.0375
2016-08-08 08:05:00,72.0375
2016-08-08 08:10:00,72.0375
2016-08-08 08:15:00,72.0375
2016-08-08 08:20:00,72.0375
2016-08-08 08:25:00,72.0375
2016-08-08 08:30:00,72.0375
2016-08-08 08:35:00,72.0375
2016-08-08 08:40:00,72.0375
2016-08-08 08:45:00,72.0375
2016-08-08 08:50:00,72.0375
2016-08-08 08:55:00,72.0375
2016-08-08 09:00:00,72.0375
2016-08-08 09:05:00,72.0375
2016-08-08 09:10:00,72.0375
2016-08-08 09:15:00,72.0375
2016-08-08 09:20:00,72.0375
2016-08-08 09:25:00,72.02225
2016-08-08 09:30:00,71.964615
2016-08-08 09:35:00,71.79342
2016-08-08 09:40:00,71.43069
2016-08-08 09:45:00,70.947624
2016-08-08 09:50:00,69.65603
2016-08-08 09:55:00,68.80513
2016-08-08 10:00:00,68.635635
2016-08-08 10:05:00,68.594955
2016-08-08 10:10:00,68.58648
2016-08-08 10:15:00,69.52891
2016-08-08 10:20:00,70.37978
2016-08-08 10:25:00,70.96795
2016-08-08 10:30:00,71.339165
2016-08-08 10:35:00,71.679855
2016-08-08 10:40:00,71.85444
2016-08-08 10:45:00,71.86462
2016-08-08 10:50:00,71.76461
2016-08-08 10:55:00,71.61206
2016-08-08 11:00:00,71.53918
2016-08-08 11:05:00,71.664604
2016-08-08 11:10:00,71.82394
2016-08-08 11:15:00,71.878174
2016-08-08 11:20:00,71.82055
2016-08-08 11:25:00,71.70698
2016-08-08 11:30:00,71.71884
2016-08-08 11:35:00,71.847664
2016-08-08 11:40:00,71.847664
2016-08-08 11:45:00,71.883255
2016-08-08 11:50:00,71.852745
2016-08-08 11:55:00,71.79343
2016-08-08 12:00:00,72.01207
2016-08-08 12:05:00,72.02055
2016-08-08 12:10:00,72.02903
2016-08-08 12:15:00,72.0375
2016-08-08 12:20:00,72.0375
2016-08-08 12:25:00,72.0375
2016-08-08 12:30:00,72.0375
2016-08-08 12:35:00,72.0375
2016-08-08 12:40:00,72.0375
2016-08-08 12:45:00,72.0375
2016-08-08 12:50:00,72.0375
2016-08-08 12:55:00,72.0375
2016-08-08 13:00:00,72.0375
2016-08-08 13:05:00,72.0375
2016-08-08 13:10:00,72.0375
2016-08-08 13:15:00,72.0375
2016-08-08 13:20:00,72.0375
2016-08-08 13:25:00,72.0375
2016-08-08 13:30:00,72.0375
2016-08-08 13:35:00,72.0375
2016-08-08 13:40:00,72.0375
2016-08-08 13:45:00,72.006996
2016-08-08 13:50:00,71.97648
2016-08-08 13:55:00,71.86462
2016-08-08 14:00:00,71.44596
2016-08-08 14:05:00,70.74421
2016-08-08 14:10:00,69.79163
2016-08-08 14:15:00,68.483086
2016-08-08 14:20:00,67.016914
2016-08-08 14:25:00,65.30497
2016-08-08 14:30:00,63.845562
2016-08-08 14:35:00,62.760773
2016-08-08 14:40:00,61.962433
2016-08-08 14:45:00,61.562412
2016-08-08 14:50:00,61.64546
2016-08-08 14:55:00,62.582787
2016-08-08 15:00:00,63.36249
2016-08-08 15:05:00,64.232025
2016-08-08 15:10:00,65.54565
2016-08-08 15:15:00,67.005035
2016-08-08 15:20:00,68.396645
2016-08-08 15:25:00,69.695015
2016-08-08 15:30:00,70.55607
2016-08-08 15:35:00,70.976425
2016-08-08 15:40:00,71.34934
2016-08-08 15:45:00,71.544266
2016-08-08 15:50:00,71.588326
2016-08-08 15:55:00,71.62731
2016-08-08 16:00:00,71.68663
2016-08-08 16:05:00,71.70358
2016-08-08 16:10:00,71.68833
2016-08-08 16:15:00,71.708664
2016-08-08 16:20:00,71.717155
2016-08-08 16:25:00,71.7358
2016-08-08 16:30:00,71.744286
2016-08-08 16:35:00,71.76293
2016-08-08 16:40:00,71.78157
2016-08-08 16:45:00,71.773094
2016-08-08 16:50:00,71.686646
2016-08-08 16:55:00,71.564606
2016-08-08 17:00:00,71.3239
2016-08-08 17:05:00,71.08661
2016-08-08 17:10:00,71.0239
2016-08-08 17:15:00,71.13068
2016-08-08 17:20:00,71.23577
2016-08-08 17:25:00,71.31543
2016-08-08 17:30:00,71.26797
2016-08-08 17:35:00,70.95779
2016-08-08 17:40:00,70.41538
2016-08-08 17:45:00,70.17131
2016-08-08 17:50:00,69.91368
2016-08-08 17:55:00,69.75094
2016-08-08 18:00:00,69.50518
2016-08-08 18:05:00,69.07126
2016-08-08 18:10:00,68.527176
2016-08-08 18:15:00,67.66273
2016-08-08 18:20:00,66.49995
2016-08-08 18:25:00,65.01852
2016-08-08 18:30:00,63.50657
2016-08-08 18:35:00,62.55738
2016-08-08 18:40:00,62.09294
2016-08-08 18:45:00,61.08951
2016-08-08 18:50:00,59.826706
2016-08-08 18:55:00,59.58264
2016-08-08 19:00:00,59.740284
2016-08-08 19:05:00,59.897907
2016-08-08 19:10:00,60.221653
2016-08-08 19:15:00,60.39963
2016-08-08 19:20:00,60.38438
2016-08-08 19:25:00,60.59457
2016-08-08 19:30:00,61.121693
2016-08-08 19:35:00,62.014977
2016-08-08 19:40:00,62.938736
2016-08-08 19:45:00,64.08795
2016-08-08 19:50:00,65.32021
2016-08-08 19:55:00,65.98974
2016-08-08 20:00:00,66.48468
2016-08-08 20:05:00,66.518585
2016-08-08 20:10:00,66.48806
2016-08-08 20:15:00,65.99483
2016-08-08 20:20:00,64.43037
2016-08-08 20:25:00,60.755592
2016-08-08 20:30:00,57.531685
2016-08-08 20:35:00,55.58074
2016-08-08 20:40:00,56.41807
2016-08-08 20:45:00,58.377487
2016-08-08 20:50:00,60.20641
2016-08-08 20:55:00,62.11328
2016-08-08 21:00:00,63.974403
2016-08-08 21:05:00,65.5338
2016-08-08 21:10:00,66.39485
2016-08-08 21:15:00,66.8203
2016-08-08 21:20:00,67.57795
2016-08-08 21:25:00,68.566154
2016-08-08 21:30:00,69.20854
2016-08-08 21:35:00,69.250916
2016-08-08 21:40:00,68.988205
2016-08-08 21:45:00,69.14244
2016-08-08 21:50:00,69.49502
2016-08-08 21:55:00,68.80176
2016-08-08 22:00:00,68.53733
2016-08-08 22:05:00,68.766136
2016-08-08 22:10:00,69.26278
2016-08-08 22:15:00,69.87469
2016-08-08 22:20:00,70.23401
2016-08-08 22:25:00,70.28996
2016-08-08 22:30:00,70.35267
2016-08-08 22:35:00,70.06962
2016-08-08 22:40:00,69.93061
2016-08-08 22:45:00,70.33574
2016-08-08 22:50:00,70.678116
2016-08-08 22:55:00,70.71203
2016-08-08 23:00:00,70.68151
2016-08-08 23:05:00,70.60014
2016-08-08 23:10:00,70.559456
2016-08-08 23:15:00,70.89677
2016-08-08 23:20:00,70.60184
2016-08-08 23:25:00,70.06791
2016-08-08 23:30:00,69.72044
2016-08-08 23:35:00,69.74078
2016-08-08 23:40:00,70.00521
2016-08-08 23:45:00,70.94593
2016-08-08 23:50:00,71.5934
2016-08-08 23:55:00,71.89513
2016-08-09 00:00:00,72.01207
2016-08-09 00:05:00,72.02903
2016-08-09 00:10:00,72.0375
2016-08-09 00:15:00,72.0375
2016-08-09 00:20:00,72.0375
2016-08-09 00:25:00,72.0375
2016-08-09 00:30:00,72.0375
2016-08-09 00:35:00,72.0375
2016-08-09 00:40:00,72.0375
2016-08-09 00:45:00,72.0375
2016-08-09 00:50:00,72.0375
2016-08-09 00:55:00,72.0375
2016-08-09 01:00:00,72.0375
2016-08-09 01:05:00,72.0375
2016-08-09 01:10:00,72.0375
2016-08-09 01:15:00,72.0375
2016-08-09 01:20:00,72.0375
2016-08-09 01:25:00,72.0375
2016-08-09 01:30:00,72.0375
2016-08-09 01:35:00,72.0375
2016-08-09 01:40:00,72.0375
2016-08-09 01:45:00,72.0375
2016-08-09 01:50:00,72.0375
2016-08-09 01:55:00,72.0375
2016-08-09 02:00:00,72.0375
2016-08-09 02:05:00,72.0375
2016-08-09 02:10:00,72.0375
2016-08-09 02:15:00,72.0375
2016-08-09 02:20:00,72.0375
2016-08-09 02:25:00,72.0375
2016-08-09 02:30:00,72.0375
2016-08-09 02:35:00,72.0375
2016-08-09 02:40:00,72.0375
2016-08-09 02:45:00,72.0375
2016-08-09 02:50:00,72.0375
2016-08-09 02:55:00,72.0375
2016-08-09 03:00:00,72.0375
2016-08-09 03:05:00,72.0375
2016-08-09 03:10:00,72.0375
2016-08-09 03:15:00,72.0375
2016-08-09 03:20:00,72.0375
2016-08-09 03:25:00,72.0375
2016-08-09 03:30:00,72.0375
2016-08-09 03:35:00,72.0375
2016-08-09 03:40:00,72.0375
2016-08-09 03:45:00,72.0375
2016-08-09 03:50:00,72.0375
2016-08-09 03:55:00,72.0375
2016-08-09 04:00:00,72.0375
2016-08-09 04:05:00,72.0375
2016-08-09 04:10:00,72.0375
2016-08-09 04:15:00,72.0375
2016-08-09 04:20:00,72.0375
2016-08-09 04:25:00,72.0375
2016-08-09 04:30:00,72.0375
2016-08-09 04:35:00,72.0375
2016-08-09 04:40:00,72.0375
2016-08-09 04:45:00,72.0375
2016-08-09 04:50:00,72.0375
2016-08-09 04:55:00,72.0375
2016-08-09 05:00:00,72.0375
2016-08-09 05:05:00,72.0375
2016-08-09 05:10:00,72.0375
2016-08-09 05:15:00,72.0375
2016-08-09 05:20:00,72.0375
2016-08-09 05:25:00,72.0375
2016-08-09 05:30:00,72.0375
2016-08-09 05:35:00,72.0375
2016-08-09 05:40:00,72.0375
2016-08-09 05:45:00,72.0375
2016-08-09 05:50:00,72.0375
2016-08-09 05:55:00,72.0375
2016-08-09 06:00:00,72.0375
2016-08-09 06:05:00,72.0375
2016-08-09 06:10:00,72.0375
2016-08-09 06:15:00,72.0375
2016-08-09 06:20:00,72.0375
2016-08-09 06:25:00,72.0375
2016-08-09 06:30:00,72.0375
2016-08-09 06:35:00,72.0375
2016-08-09 06:40:00,72.0375
2016-08-09 06:45:00,72.0375
2016-08-09 06:50:00,72.0375
2016-08-09 06:55:00,72.0375
2016-08-09 07:00:00,72.0375
2016-08-09 07:05:00,72.0375
2016-08-09 07:10:00,72.0375
2016-08-09 07:15:00,72.0375
2016-08-09 07:20:00,72.0375
2016-08-09 07:25:00,72.0375
2016-08-09 07:30:00,72.0375
2016-08-09 07:35:00,72.0375
2016-08-09 07:40:00,72.0375
2016-08-09 07:45:00,72.01886
2016-08-09 07:50:00,71.99004
2016-08-09 07:55:00,71.99852
2016-08-09 08:00:00,72.017166
2016-08-09 08:05:00,72.017166
2016-08-09 08:10:00,72.02225
2016-08-09 08:15:00,72.027336
2016-08-09 08:20:00,72.03242
2016-08-09 08:25:00,72.0375
2016-08-09 08:30:00,72.0375
2016-08-09 08:35:00,72.0375
2016-08-09 08:40:00,72.0375
2016-08-09 08:45:00,72.0375
2016-08-09 08:50:00,72.0375
2016-08-09 08:55:00,72.0375
2016-08-09 09:00:00,72.02903
2016-08-09 09:05:00,72.02903
2016-08-09 09:10:00,72.0375
2016-08-09 09:15:00,72.0375
2016-08-09 09:20:00,72.02903
2016-08-09 09:25:00,72.02055
2016-08-09 09:30:00,72.02055
2016-08-09 09:35:00,72.02055
2016-08-09 09:40:00,72.0375
2016-08-09 09:45:00,72.0375
2016-08-09 09:50:00,72.0375
2016-08-09 09:55:00,72.0375
2016-08-09 10:00:00,72.0375
2016-08-09 10:05:00,72.0375
2016-08-09 10:10:00,72.0375
2016-08-09 10:15:00,72.0375
2016-08-09 10:20:00,72.0375
2016-08-09 10:25:00,72.0375
2016-08-09 10:30:00,72.0375
2016-08-09 10:35:00,72.0375
2016-08-09 10:40:00,72.0375
2016-08-09 10:45:00,72.0375
2016-08-09 10:50:00,72.0375
2016-08-09 10:55:00,72.0375
2016-08-09 11:00:00,72.0375
2016-08-09 11:05:00,72.0375
2016-08-09 11:10:00,72.0375
2016-08-09 11:15:00,72.0375
2016-08-09 11:20:00,72.0375
2016-08-09 11:25:00,72.0375
2016-08-09 11:30:00,72.0375
2016-08-09 11:35:00,72.0375
2016-08-09 11:40:00,72.0375
2016-08-09 11:45:00,72.0375
2016-08-09 11:50:00,72.0375
2016-08-09 11:55:00,72.0375
2016-08-09 12:00:00,72.0375
2016-08-09 12:05:00,72.0375
2016-08-09 12:10:00,72.0375
2016-08-09 12:15:00,72.0375
2016-08-09 12:20:00,72.0375
2016-08-09 12:25:00,72.0375
2016-08-09 12:30:00,72.0375
2016-08-09 12:35:00,72.0375
2016-08-09 12:40:00,72.0375
2016-08-09 12:45:00,72.0375
2016-08-09 12:50:00,72.0375
2016-08-09 12:55:00,72.0375
2016-08-09 13:00:00,72.0375
2016-08-09 13:05:00,72.0375
2016-08-09 13:10:00,72.0375
2016-08-09 13:15:00,72.0375
2016-08-09 13:20:00,72.0375
2016-08-09 13:25:00,72.0375
2016-08-09 13:30:00,72.0375
2016-08-09 13:35:00,72.0375
2016-08-09 13:40:00,72.0375
2016-08-09 13:45:00,72.0375
2016-08-09 13:50:00,72.0375
2016-08-09 13:55:00,72.0375
2016-08-09 14:00:00,72.0375
2016-08-09 14:05:00,72.0375
2016-08-09 14:10:00,72.0375
2016-08-09 14:15:00,72.0375
2016-08-09 14:20:00,72.0375
2016-08-09 14:25:00,72.0375
2016-08-09 14:30:00,72.0375
2016-08-09 14:35:00,72.0375
2016-08-09 14:40:00,72.0375
2016-08-09 14:45:00,72.0375
2016-08-09 14:50:00,72.0375
2016-08-09 14:55:00,72.0375
2016-08-09 15:00:00,72.0375
2016-08-09 15:05:00,72.0375
2016-08-09 15:10:00,72.0375
2016-08-09 15:15:00,72.0375
2016-08-09 15:20:00,72.0375
2016-08-09 15:25:00,72.010376
2016-08-09 15:30:00,71.95614
2016-08-09 15:35:00,71.86123
2016-08-09 15:40:00,71.62393
2016-08-09 15:45:00,71.22391
2016-08-09 15:50:00,70.70862
2016-08-09 15:55:00,69.97638
2016-08-09 16:00:00,68.83395
2016-08-09 16:05:00,67.45763
2016-08-09 16:10:00,65.989746
2016-08-09 16:15:00,64.279495
2016-08-09 16:20:00,62.10989
2016-08-09 16:25:00,59.27923
2016-08-09 16:30:00,55.599392
2016-08-09 16:35:00,51.70427
2016-08-09 16:40:00,47.729515
2016-08-09 16:45:00,43.307266
2016-08-09 16:50:00,39.0528
2016-08-09 16:55:00,35.345837
2016-08-09 17:00:00,32.298218
2016-08-09 17:05:00,29.591303
2016-08-09 17:10:00,27.386118
2016-08-09 17:15:00,25.482628
2016-08-09 17:20:00,23.811363
2016-08-09 17:25:00,22.27061
2016-08-09 17:30:00,20.83155
2016-08-09 17:35:00,19.43318
2016-08-09 17:40:00,18.07209
2016-08-09 17:45:00,17.024576
2016-08-09 17:50:00,16.17708
2016-08-09 17:55:00,15.182114
2016-08-09 18:00:00,14.448182
2016-08-09 18:05:00,14.026122
2016-08-09 18:10:00,13.604065
2016-08-09 18:15:00,13.265071
2016-08-09 18:20:00,13.148116
2016-08-09 18:25:00,13.466772
2016-08-09 18:30:00,13.909171
2016-08-09 18:35:00,14.31597
2016-08-09 18:40:00,14.710903
2016-08-09 18:45:00,15.051598
2016-08-09 18:50:00,15.160079
2016-08-09 18:55:00,15.263474
2016-08-09 19:00:00,15.453313
2016-08-09 19:05:00,15.563492
2016-08-09 19:10:00,15.780455
2016-08-09 19:15:00,16.197418
2016-08-09 19:20:00,16.52286
2016-08-09 19:25:00,17.07373
2016-08-09 19:30:00,17.660208
2016-08-09 19:35:00,18.097515
2016-08-09 19:40:00,18.56025
2016-08-09 19:45:00,19.21791
2016-08-09 19:50:00,19.711155
2016-08-09 19:55:00,20.202702
2016-08-09 20:00:00,21.092577
2016-08-09 20:05:00,21.907871
2016-08-09 20:10:00,22.414682
2016-08-09 20:15:00,22.680792
2016-08-09 20:20:00,23.097765
2016-08-09 20:25:00,23.758814
2016-08-09 20:30:00,24.67073
2016-08-09 20:35:00,25.747047
2016-08-09 20:40:00,26.825062
2016-08-09 20:45:00,27.769182
2016-08-09 20:50:00,28.674316
2016-08-09 20:55:00,29.243834
2016-08-09 21:00:00,30.120152
2016-08-09 21:05:00,31.762606
2016-08-09 21:10:00,33.57287
2016-08-09 21:15:00,34.769535
2016-08-09 21:20:00,35.97637
2016-08-09 21:25:00,37.406956
2016-08-09 21:30:00,38.89347
2016-08-09 21:35:00,40.271507
2016-08-09 21:40:00,41.81904
2016-08-09 21:45:00,43.156387
2016-08-09 21:50:00,44.480183
2016-08-09 21:55:00,45.334473
2016-08-09 22:00:00,46.09212
2016-08-09 22:05:00,46.875225
2016-08-09 22:10:00,48.337994
2016-08-09 22:15:00,49.627907
2016-08-09 22:20:00,51.221195
2016-08-09 22:25:00,52.795853
2016-08-09 22:30:00,54.3739
2016-08-09 22:35:00,55.762108
2016-08-09 22:40:00,57.71645
2016-08-09 22:45:00,59.85724
2016-08-09 22:50:00,61.46749
2016-08-09 22:55:00,62.43533
2016-08-09 23:00:00,63.3625
2016-08-09 23:05:00,64.03712
2016-08-09 23:10:00,64.77613
2016-08-09 23:15:00,65.5643
2016-08-09 23:20:00,66.19485
2016-08-09 23:25:00,66.75588
2016-08-09 23:30:00,67.68985
2016-08-09 23:35:00,68.861084
2016-08-09 23:40:00,70.00013
2016-08-09 23:45:00,71.028984
2016-08-09 23:50:00,71.58663
2016-08-09 23:55:00,71.87986
2016-08-10 00:00:00,72.0036
2016-08-10 00:05:00,72.02903
2016-08-10 00:10:00,72.0375
2016-08-10 00:15:00,72.0375
2016-08-10 00:20:00,72.0375
2016-08-10 00:25:00,72.0375
2016-08-10 00:30:00,72.0375
2016-08-10 00:35:00,72.0375
2016-08-10 00:40:00,72.0375
2016-08-10 00:45:00,72.0375
2016-08-10 00:50:00,72.0375
2016-08-10 00:55:00,72.0375
2016-08-10 01:00:00,72.0375
2016-08-10 01:05:00,72.0375
2016-08-10 01:10:00,72.0375
2016-08-10 01:15:00,72.0375
2016-08-10 01:20:00,72.0375
2016-08-10 01:25:00,72.0375
2016-08-10 01:30:00,72.0375
2016-08-10 01:35:00,72.0375
2016-08-10 01:40:00,72.0375
2016-08-10 01:45:00,72.0375
2016-08-10 01:50:00,72.0375
2016-08-10 01:55:00,72.0375
2016-08-10 02:00:00,72.0375
2016-08-10 02:05:00,72.0375
2016-08-10 02:10:00,72.0375
2016-08-10 02:15:00,72.0375
2016-08-10 02:20:00,72.0375
2016-08-10 02:25:00,72.0375
2016-08-10 02:30:00,72.0375
2016-08-10 02:35:00,72.0375
2016-08-10 02:40:00,72.0375
2016-08-10 02:45:00,72.0375
2016-08-10 02:50:00,72.0375
2016-08-10 02:55:00,72.0375
2016-08-10 03:00:00,72.0375
2016-08-10 03:05:00,72.0375
2016-08-10 03:10:00,72.0375
2016-08-10 03:15:00,72.0375
2016-08-10 03:20:00,72.0375
2016-08-10 03:25:00,72.0375
2016-08-10 03:30:00,72.0375
2016-08-10 03:35:00,72.0375
2016-08-10 03:40:00,72.0375
2016-08-10 03:45:00,72.0375
2016-08-10 03:50:00,72.0375
2016-08-10 03:55:00,72.0375
2016-08-10 04:00:00,72.0375
2016-08-10 04:05:00,72.0375
2016-08-10 04:10:00,72.0375
2016-08-10 04:15:00,72.0375
2016-08-10 04:20:00,72.0375
2016-08-10 04:25:00,72.0375
2016-08-10 04:30:00,72.0375
2016-08-10 04:35:00,72.0375
2016-08-10 04:40:00,72.0375
2016-08-10 04:45:00,72.0375
2016-08-10 04:50:00,72.0375
2016-08-10 04:55:00,72.0375
2016-08-10 05:00:00,72.0375
2016-08-10 05:05:00,72.0375
2016-08-10 05:10:00,72.0375
2016-08-10 05:15:00,72.0375
2016-08-10 05:20:00,72.0375
2016-08-10 05:25:00,72.0375
2016-08-10 05:30:00,72.0375
2016-08-10 05:35:00,72.0375
2016-08-10 05:40:00,72.0375
2016-08-10 05:45:00,72.0375
2016-08-10 05:50:00,72.0375
2016-08-10 05:55:00,72.0375
2016-08-10 06:00:00,72.0375
2016-08-10 06:05:00,72.0375
2016-08-10 06:10:00,72.0375
2016-08-10 06:15:00,72.0375
2016-08-10 06:20:00,72.0375
2016-08-10 06:25:00,72.0375
2016-08-10 06:30:00,72.0375
2016-08-10 06:35:00,72.0375
2016-08-10 06:40:00,72.0375
2016-08-10 06:45:00,72.0375
2016-08-10 06:50:00,72.0375
2016-08-10 06:55:00,72.0375
2016-08-10 07:00:00,72.0375
2016-08-10 07:05:00,72.0375
2016-08-10 07:10:00,72.0375
2016-08-10 07:15:00,72.0375
2016-08-10 07:20:00,72.0375
2016-08-10 07:25:00,72.0375
2016-08-10 07:30:00,72.0375
2016-08-10 07:35:00,72.0375
2016-08-10 07:40:00,72.0375
2016-08-10 07:45:00,72.0375
2016-08-10 07:50:00,72.0375
2016-08-10 07:55:00,72.0375
2016-08-10 08:00:00,72.0375
2016-08-10 08:05:00,72.0375
2016-08-10 08:10:00,72.0375
2016-08-10 08:15:00,72.0375
2016-08-10 08:20:00,72.0375
2016-08-10 08:25:00,72.0375
2016-08-10 08:30:00,72.0375
2016-08-10 08:35:00,72.0375
2016-08-10 08:40:00,72.0375
2016-08-10 08:45:00,72.0375
2016-08-10 08:50:00,72.0375
2016-08-10 08:55:00,72.0375
2016-08-10 09:00:00,72.0375
2016-08-10 09:05:00,72.0375
2016-08-10 09:10:00,72.0375
2016-08-10 09:15:00,72.0375
2016-08-10 09:20:00,72.0375
2016-08-10 09:25:00,72.0375
2016-08-10 09:30:00,72.0375
2016-08-10 09:35:00,72.0375
2016-08-10 09:40:00,71.8341
2016-08-10 09:45:00,71.0205
2016-08-10 09:50:00,70.086555
2016-08-10 09:55:00,69.12211
2016-08-10 10:00:00,67.42202
2016-08-10 10:05:00,65.343956
2016-08-10 10:10:00,62.876026
2016-08-10 10:15:00,60.08268
2016-08-10 10:20:00,58.079174
2016-08-10 10:25:00,57.155396
2016-08-10 10:30:00,55.250214
2016-08-10 10:35:00,52.743305
2016-08-10 10:40:00,50.72287
2016-08-10 10:45:00,48.80922
2016-08-10 10:50:00,46.83623
2016-08-10 10:55:00,45.27854
2016-08-10 11:00:00,44.525955
2016-08-10 11:05:00,44.281876
2016-08-10 11:10:00,43.57676
2016-08-10 11:15:00,42.58518
2016-08-10 11:20:00,41.686832
2016-08-10 11:25:00,40.874928
2016-08-10 11:30:00,39.935894
2016-08-10 11:35:00,38.654476
2016-08-10 11:40:00,37.70019
2016-08-10 11:45:00,37.13237
2016-08-10 11:50:00,36.284866
2016-08-10 11:55:00,35.440758
2016-08-10 12:00:00,56.406216
2016-08-10 12:05:00,54.84511
2016-08-10 12:10:00,53.384026
2016-08-10 12:15:00,52.59925
2016-08-10 12:20:00,51.948353
2016-08-10 12:25:00,51.685654
2016-08-10 12:30:00,51.436466
2016-08-10 12:35:00,51.000866
2016-08-10 12:40:00,50.80425
2016-08-10 12:45:00,50.804237
2016-08-10 12:50:00,50.997467
2016-08-10 12:55:00,51.00255
2016-08-10 13:00:00,50.183884
2016-08-10 13:05:00,49.068558
2016-08-10 13:10:00,48.022743
2016-08-10 13:15:00,47.187103
2016-08-10 13:20:00,46.21926
2016-08-10 13:25:00,45.027687
2016-08-10 13:30:00,43.800495
2016-08-10 13:35:00,42.62248
2016-08-10 13:40:00,41.319027
2016-08-10 13:45:00,39.585037
2016-08-10 13:50:00,37.774784
2016-08-10 13:55:00,35.900093
2016-08-10 14:00:00,33.335552
2016-08-10 14:05:00,29.779451
2016-08-10 14:10:00,26.511494
2016-08-10 14:15:00,24.099504
2016-08-10 14:20:00,21.899399
2016-08-10 14:25:00,19.719637
2016-08-10 14:30:00,17.672071
2016-08-10 14:35:00,15.685531
2016-08-10 14:40:00,13.970189
2016-08-10 14:45:00,12.522657
2016-08-10 14:50:00,11.2887
2016-08-10 14:55:00,10.134405
2016-08-10 15:00:00,9.093674
2016-08-10 15:05:00,8.269904
2016-08-10 15:10:00,7.2562943
2016-08-10 15:15:00,6.2053947
2016-08-10 15:20:00,5.4070516
2016-08-10 15:25:00,4.96296
2016-08-10 15:30:00,4.6036215
2016-08-10 15:35:00,4.1849546
2016-08-10 15:40:00,3.7137458
2016-08-10 15:45:00,3.09507
2016-08-10 15:50:00,2.6560647
2016-08-10 15:55:00,2.3051994
2016-08-10 16:00:00,2.00349
2016-08-10 16:05:00,1.6136405
2016-08-10 16:10:00,1.249215
2016-08-10 16:15:00,0.95767516
2016-08-10 16:20:00,0.8068198
2016-08-10 16:25:00,0.78647995
2016-08-10 16:30:00,0.5813852
2016-08-10 16:35:00,0.340695
2016-08-10 16:40:00,0.123734996
2016-08-10 16:45:00,0.054239996
2016-08-10 16:50:00,0.013559999
2016-08-10 16:55:00,0.0
2016-08-10 17:00:00,0.0
2016-08-10 17:05:00,0.0
2016-08-10 17:10:00,0.0
2016-08-10 17:15:00,0.0
2016-08-10 17:20:00,0.0
2016-08-10 17:25:00,0.0
2016-08-10 17:30:00,0.0
2016-08-10 17:35:00,0.0
2016-08-10 17:40:00,0.0
2016-08-10 17:45:00,0.0
2016-08-10 17:50:00,0.0
2016-08-10 17:55:00,0.0
2016-08-10 18:00:00,0.0
2016-08-10 18:05:00,0.0
2016-08-10 18:10:00,0.0
2016-08-10 18:15:00,0.0
2016-08-10 18:20:00,0.0
2016-08-10 18:25:00,0.0
2016-08-10 18:30:00,0.0
2016-08-10 18:35:00,0.0
2016-08-10 18:40:00,0.0
2016-08-10 18:45:00,0.0
2016-08-10 18:50:00,0.0
2016-08-10 18:55:00,0.0
2016-08-10 19:00:00,0.013559999
2016-08-10 19:05:00,0.013559999
2016-08-10 19:10:00,0.033899996
2016-08-10 19:15:00,0.08813999
2016-08-10 19:20:00,0.108479984
2016-08-10 19:25:00,0.14915998
2016-08-10 19:30:00,0.14915998
2016-08-10 19:35:00,0.18306005
2016-08-10 19:40:00,0.21695997
2016-08-10 19:45:00,0.26442
2016-08-10 19:50:00,0.31866
2016-08-10 19:55:00,0.4203601
2016-08-10 20:00:00,0.52884
2016-08-10 20:05:00,0.65427005
2016-08-10 20:10:00,0.696645
2016-08-10 20:15:00,0.6559649
2016-08-10 20:20:00,0.56782496
2016-08-10 20:25:00,0.50511
2016-08-10 20:30:00,0.44409007
2016-08-10 20:35:00,0.42883524
2016-08-10 20:40:00,0.4135803
2016-08-10 20:45:00,0.39154506
2016-08-10 20:50:00,0.39324012
2016-08-10 20:55:00,0.48646498
2016-08-10 21:00:00,0.60172504
2016-08-10 21:05:00,0.678
2016-08-10 21:10:00,0.8085151
2016-08-10 21:15:00,0.99327004
2016-08-10 21:20:00,1.3339652
2016-08-10 21:25:00,1.67127
2016-08-10 21:30:00,1.9390795
2016-08-10 21:35:00,2.1611247
2016-08-10 21:40:00,2.523855
2016-08-10 21:45:00,2.9001446
2016-08-10 21:50:00,3.3188105
2016-08-10 21:55:00,3.8425646
2016-08-10 22:00:00,4.4341207
2016-08-10 22:05:00,5.0409293
2016-08-10 22:10:00,5.564684
2016-08-10 22:15:00,5.96979
2016-08-10 22:20:00,6.3850646
2016-08-10 22:25:00,6.898649
2016-08-10 22:30:00,7.295278
2016-08-10 22:35:00,7.571567
2016-08-10 22:40:00,7.847848
2016-08-10 22:45:00,8.210582
2016-08-10 22:50:00,8.449575
2016-08-10 22:55:00,8.656364
2016-08-10 23:00:00,8.732641
2016-08-10 23:05:00,8.678399
2016-08-10 23:10:00,8.602125
2016-08-10 23:15:00,8.481778
2016-08-10 23:20:00,8.24109
2016-08-10 23:25:00,7.9546347
2016-08-10 23:30:00,7.708859
2016-08-10 23:35:00,7.602073
2016-08-10 23:40:00,7.6122437
2016-08-10 23:45:00,7.74954
2016-08-10 23:50:00,8.039387
2016-08-10 23:55:00,8.341096
2016-08-11 00:00:00,8.502121
2016-08-11 00:05:00,8.510595
2016-08-11 00:10:00,8.422456
2016-08-11 00:15:00,8.085151
2016-08-11 00:20:00,7.8190336
2016-08-11 00:25:00,7.73259
2016-08-11 00:30:00,7.7529325
2016-08-11 00:35:00,7.77666
2016-08-11 00:40:00,7.819037
2016-08-11 00:45:00,8.103794
2016-08-11 00:50:00,8.685182
2016-08-11 00:55:00,9.429285
2016-08-11 01:00:00,10.507306
2016-08-11 01:05:00,12.097215
2016-08-11 01:10:00,13.924422
2016-08-11 01:15:00,15.892323
2016-08-11 01:20:00,18.277187
2016-08-11 01:25:00,21.473955
2016-08-11 01:30:00,25.694502
2016-08-11 01:35:00,30.818483
2016-08-11 01:40:00,36.042484
2016-08-11 01:45:00,40.810516
2016-08-11 01:50:00,45.10734
2016-08-11 01:55:00,49.517735
2016-08-11 02:00:00,53.875584
2016-08-11 02:05:00,57.93849
2016-08-11 02:10:00,61.38441
2016-08-11 02:15:00,64.14389
2016-08-11 02:20:00,66.564354
2016-08-11 02:25:00,68.023735
2016-08-11 02:30:00,68.97635
2016-08-11 02:35:00,70.48319
2016-08-11 02:40:00,71.3917
2016-08-11 02:45:00,71.761215
2016-08-11 02:50:00,71.94938
2016-08-11 02:55:00,72.010376
2016-08-11 03:00:00,72.0375
2016-08-11 03:05:00,72.0375
2016-08-11 03:10:00,72.0375
2016-08-11 03:15:00,72.0375
2016-08-11 03:20:00,72.0375
2016-08-11 03:25:00,72.0375
2016-08-11 03:30:00,72.0375
2016-08-11 03:35:00,72.0375
2016-08-11 03:40:00,72.0375
2016-08-11 03:45:00,72.0375
2016-08-11 03:50:00,72.0375
2016-08-11 03:55:00,72.0375
2016-08-11 04:00:00,72.0375
2016-08-11 04:05:00,72.0375
2016-08-11 04:10:00,72.0375
2016-08-11 04:15:00,72.0375
2016-08-11 04:20:00,72.0375
2016-08-11 04:25:00,72.0375
2016-08-11 04:30:00,72.0375
2016-08-11 04:35:00,72.0375
2016-08-11 04:40:00,72.0375
2016-08-11 04:45:00,72.0375
2016-08-11 04:50:00,72.0375
2016-08-11 04:55:00,72.0375
2016-08-11 05:00:00,72.0375
2016-08-11 05:05:00,72.0375
2016-08-11 05:10:00,72.0375
2016-08-11 05:15:00,72.0375
2016-08-11 05:20:00,72.0375
2016-08-11 05:25:00,72.0375
2016-08-11 05:30:00,72.0375
2016-08-11 05:35:00,72.0375
2016-08-11 05:40:00,72.02395
2016-08-11 05:45:00,71.99682
2016-08-11 05:50:00,71.9087
2016-08-11 05:55:00,71.63917
2016-08-11 06:00:00,71.288315
2016-08-11 06:05:00,70.53574
2016-08-11 06:10:00,69.62552
2016-08-11 06:15:00,68.74413
2016-08-11 06:20:00,67.72033
2016-08-11 06:25:00,67.06099
2016-08-11 06:30:00,66.69655
2016-08-11 06:35:00,66.23043
2016-08-11 06:40:00,65.72702
2016-08-11 06:45:00,65.21002
2016-08-11 06:50:00,64.58289
2016-08-11 06:55:00,63.562496
2016-08-11 07:00:00,62.440434
2016-08-11 07:05:00,61.30647
2016-08-11 07:10:00,60.242016
2016-08-11 07:15:00,59.384335
2016-08-11 07:20:00,58.93515
2016-08-11 07:25:00,58.828354
2016-08-11 07:30:00,59.31652
2016-08-11 07:35:00,60.103016
2016-08-11 07:40:00,61.030163
2016-08-11 07:45:00,62.042107
2016-08-11 07:50:00,62.899765
2016-08-11 07:55:00,63.779465
2016-08-11 08:00:00,64.77104
2016-08-11 08:05:00,65.618546
2016-08-11 08:10:00,66.26265
2016-08-11 08:15:00,66.91353
2016-08-11 08:20:00,67.49491
2016-08-11 08:25:00,68.132225
2016-08-11 08:30:00,68.83903
2016-08-11 08:35:00,69.34076
2016-08-11 08:40:00,69.7018
2016-08-11 08:45:00,70.095024
2016-08-11 08:50:00,70.53234
2016-08-11 08:55:00,70.98831
2016-08-11 09:00:00,71.33409
2016-08-11 09:05:00,71.579865
2016-08-11 09:10:00,71.69511
2016-08-11 09:15:00,71.674774
2016-08-11 09:20:00,71.57816
2016-08-11 09:25:00,71.367966
2016-08-11 09:30:00,71.02897
2016-08-11 09:35:00,70.60522
2016-08-11 09:40:00,70.1713
2016-08-11 09:45:00,69.6967
2016-08-11 09:50:00,69.09838
2016-08-11 09:55:00,68.45088
2016-08-11 10:00:00,67.76948
2016-08-11 10:05:00,66.935555
2016-08-11 10:10:00,66.05246
2016-08-11 10:15:00,65.54056
2016-08-11 10:20:00,65.18463
2016-08-11 10:25:00,64.86426
2016-08-11 10:30:00,64.562546
2016-08-11 10:35:00,64.25745
2016-08-11 10:40:00,64.2744
2016-08-11 10:45:00,64.447296
2016-08-11 10:50:00,64.540535
2016-08-11 10:55:00,64.667656
2016-08-11 11:00:00,64.69476
2016-08-11 11:05:00,64.437126
2016-08-11 11:10:00,63.867603
2016-08-11 11:15:00,62.965878
2016-08-11 11:20:00,61.55393
2016-08-11 11:25:00,59.22158
2016-08-11 11:30:00,55.609562
2016-08-11 11:35:00,51.12121
2016-08-11 11:40:00,47.048115
2016-08-11 11:45:00,43.9327
2016-08-11 11:50:00,41.544437
2016-08-11 11:55:00,39.898605
2016-08-11 12:00:00,32.679604
2016-08-11 12:05:00,30.542204
2016-08-11 12:10:00,28.940435
2016-08-11 12:15:00,27.943775
2016-08-11 12:20:00,27.565788
2016-08-11 12:25:00,27.287796
2016-08-11 12:30:00,27.025085
2016-08-11 12:35:00,26.418274
2016-08-11 12:40:00,25.447042
2016-08-11 12:45:00,24.291046
2016-08-11 12:50:00,23.257097
2016-08-11 12:55:00,22.567234
2016-08-11 13:00:00,22.402815
2016-08-11 13:05:00,22.606216
2016-08-11 13:10:00,22.860468
2016-08-11 13:15:00,23.06048
2016-08-11 13:20:00,22.958767
2016-08-11 13:25:00,22.775715
2016-08-11 13:30:00,22.451973
2016-08-11 13:35:00,21.948555
2016-08-11 13:40:00,21.289204
2016-08-11 13:45:00,20.607811
2016-08-11 13:50:00,19.653522
2016-08-11 13:55:00,18.189045
2016-08-11 14:00:00,16.604218
2016-08-11 14:05:00,15.2278805
2016-08-11 14:10:00,13.84984
2016-08-11 14:15:00,12.304
2016-08-11 14:20:00,10.822575
2016-08-11 14:25:00,9.334365
2016-08-11 14:30:00,7.802086
2016-08-11 14:35:00,6.656265
2016-08-11 14:40:00,5.8562245
2016-08-11 14:45:00,5.3867106
2016-08-11 14:50:00,5.0612707
2016-08-11 14:55:00,4.6765046
2016-08-11 15:00:00,4.1985154
2016-08-11 15:05:00,3.7984955
2016-08-11 15:10:00,3.4171207
2016-08-11 15:15:00,2.9408243
2016-08-11 15:20:00,2.5204642
2016-08-11 15:25:00,2.0916297
2016-08-11 15:30:00,1.6627948
2016-08-11 15:35:00,1.2288749
2016-08-11 15:40:00,0.84411
2016-08-11 15:45:00,0.49494007
2016-08-11 15:50:00,0.29154003
2016-08-11 15:55:00,0.17967002
2016-08-11 16:00:00,0.06440999
2016-08-11 16:05:00,0.013559999
2016-08-11 16:10:00,0.0
2016-08-11 16:15:00,0.0
2016-08-11 16:20:00,0.0
2016-08-11 16:25:00,0.0
2016-08-11 16:30:00,0.0
2016-08-11 16:35:00,0.0
2016-08-11 16:40:00,0.0
2016-08-11 16:45:00,0.0
2016-08-11 16:50:00,0.0
2016-08-11 16:55:00,0.0
2016-08-11 17:00:00,0.0
2016-08-11 17:05:00,0.0
2016-08-11 17:10:00,0.0
2016-08-11 17:15:00,0.0
2016-08-11 17:20:00,0.0
2016-08-11 17:25:00,0.0
2016-08-11 17:30:00,0.0
2016-08-11 17:35:00,0.0
2016-08-11 17:40:00,0.0
2016-08-11 17:45:00,0.0
2016-08-11 17:50:00,0.0
2016-08-11 17:55:00,0.0
2016-08-11 18:00:00,0.0
2016-08-11 18:05:00,0.0
2016-08-11 18:10:00,0.0
2016-08-11 18:15:00,0.0
2016-08-11 18:20:00,0.0
2016-08-11 18:25:00,0.0
2016-08-11 18:30:00,0.0
2016-08-11 18:35:00,0.040679995
2016-08-11 18:40:00,0.08135999
2016-08-11 18:45:00,0.11525998
2016-08-11 18:50:00,0.14238
2016-08-11 18:55:00,0.16272001
2016-08-11 19:00:00,0.18645006
2016-08-11 19:05:00,0.21018006
2016-08-11 19:10:00,0.21865502
2016-08-11 19:15:00,0.19323003
2016-08-11 19:20:00,0.16272
2016-08-11 19:25:00,0.14237998
2016-08-11 19:30:00,0.18475501
2016-08-11 19:35:00,0.235605
2016-08-11 19:40:00,0.34917003
2016-08-11 19:45:00,0.44748005
2016-08-11 19:50:00,0.48138022
2016-08-11 19:55:00,0.48985496
2016-08-11 20:00:00,0.41866508
2016-08-11 20:05:00,0.33561006
2016-08-11 20:10:00,0.29493
2016-08-11 20:15:00,0.24577503
2016-08-11 20:20:00,0.22882505
2016-08-11 20:25:00,0.25086004
2016-08-11 20:30:00,0.23729998
2016-08-11 20:35:00,0.249165
2016-08-11 20:40:00,0.25764003
2016-08-11 20:45:00,0.28476006
2016-08-11 20:50:00,0.32883
2016-08-11 20:55:00,0.38985005
2016-08-11 21:00:00,0.428835
2016-08-11 21:05:00,0.46443003
2016-08-11 21:10:00,0.48138002
2016-08-11 21:15:00,0.47121
2016-08-11 21:20:00,0.4745999
2016-08-11 21:25:00,0.47290498
2016-08-11 21:30:00,0.45765004
2016-08-11 21:35:00,0.43900505
2016-08-11 21:40:00,0.41188496
2016-08-11 21:45:00,0.354255
2016-08-11 21:50:00,0.364425
2016-08-11 21:55:00,0.36612
2016-08-11 22:00:00,0.38985
2016-08-11 22:05:00,0.4610401
2016-08-11 22:10:00,0.51867014
2016-08-11 22:15:00,0.7712249
2016-08-11 22:20:00,1.1186999
2016-08-11 22:25:00,1.3831202
2016-08-11 22:30:00,1.50516
2016-08-11 22:35:00,1.4051548
2016-08-11 22:40:00,1.1559896
2016-08-11 22:45:00,0.96276
2016-08-11 22:50:00,0.83394
2016-08-11 22:55:00,0.7830902
2016-08-11 23:00:00,0.71020514
2016-08-11 23:05:00,0.67800015
2016-08-11 23:10:00,0.66274506
2016-08-11 23:15:00,0.611895
2016-08-11 23:20:00,0.60681003
2016-08-11 23:25:00,0.67121994
2016-08-11 23:30:00,0.747495
2016-08-11 23:35:00,0.76275
2016-08-11 23:40:00,0.7661401
2016-08-11 23:45:00,0.8135999
2016-08-11 23:50:00,0.849195
2016-08-11 23:55:00,0.9814052
2016-08-12 00:00:00,1.0170001
2016-08-12 00:05:00,0.92547023
2016-08-12 00:10:00,0.8237698
2016-08-12 00:15:00,0.78478503
2016-08-12 00:20:00,0.71867996
2016-08-12 00:25:00,0.67969507
2016-08-12 00:30:00,0.72376496
2016-08-12 00:35:00,0.7627501
2016-08-12 00:40:00,0.7186801
2016-08-12 00:45:00,0.594945
2016-08-12 00:50:00,0.41357997
2016-08-12 00:55:00,0.31018502
2016-08-12 01:00:00,0.2034
2016-08-12 01:05:00,0.14407502
2016-08-12 01:10:00,0.10169999
2016-08-12 01:15:00,0.0678
2016-08-12 01:20:00,0.042374995
2016-08-12 01:25:00,0.0339
2016-08-12 01:30:00,0.025424998
2016-08-12 01:35:00,0.008475
2016-08-12 01:40:00,0.008475
2016-08-12 01:45:00,0.0
2016-08-12 01:50:00,0.0
2016-08-12 01:55:00,0.0
2016-08-12 02:00:00,0.0
2016-08-12 02:05:00,0.0
2016-08-12 02:10:00,0.0
2016-08-12 02:15:00,0.0
2016-08-12 02:20:00,0.008475
2016-08-12 02:25:00,0.05932499
2016-08-12 02:30:00,0.17627999
2016-08-12 02:35:00,0.45256504
2016-08-12 02:40:00,1.0254749
2016-08-12 02:45:00,2.0543401
2016-08-12 02:50:00,3.7425587
2016-08-12 02:55:00,6.073186
2016-08-12 03:00:00,8.67162
2016-08-12 03:05:00,10.973429
2016-08-12 03:10:00,12.776908
2016-08-12 03:15:00,14.163419
2016-08-12 03:20:00,15.327887
2016-08-12 03:25:00,16.104193
2016-08-12 03:30:00,16.2042
2016-08-12 03:35:00,15.766893
2016-08-12 03:40:00,15.093974
2016-08-12 03:45:00,14.356653
2016-08-12 03:50:00,13.680347
2016-08-12 03:55:00,13.022686
2016-08-12 04:00:00,12.12603
2016-08-12 04:05:00,11.041228
2016-08-12 04:10:00,9.856425
2016-08-12 04:15:00,8.800441
2016-08-12 04:20:00,7.796999
2016-08-12 04:25:00,6.8918705
2016-08-12 04:30:00,5.9918246
2016-08-12 04:35:00,5.0205903
2016-08-12 04:40:00,4.061219
2016-08-12 04:45:00,3.0815094
2016-08-12 04:50:00,2.178075
2016-08-12 04:55:00,1.2898953
2016-08-12 05:00:00,0.69325507
2016-08-12 05:05:00,0.26103
2016-08-12 05:10:00,0.040679995
2016-08-12 05:15:00,0.0
2016-08-12 05:20:00,0.0
2016-08-12 05:25:00,0.0
2016-08-12 05:30:00,0.0
2016-08-12 05:35:00,0.0
2016-08-12 05:40:00,0.0
2016-08-12 05:45:00,0.0
2016-08-12 05:50:00,0.0
2016-08-12 05:55:00,0.0
2016-08-12 06:00:00,0.0
2016-08-12 06:05:00,0.0
2016-08-12 06:10:00,0.0
2016-08-12 06:15:00,0.0
2016-08-12 06:20:00,0.0
2016-08-12 06:25:00,0.0
2016-08-12 06:30:00,0.0
2016-08-12 06:35:00,0.0
2016-08-12 06:40:00,0.0
2016-08-12 06:45:00,0.0
2016-08-12 06:50:00,0.0
2016-08-12 06:55:00,0.0
2016-08-12 07:00:00,0.013559999
2016-08-12 07:05:00,0.040679995
2016-08-12 07:10:00,0.11356498
2016-08-12 07:15:00,0.22035001
2016-08-12 07:20:00,0.28137
2016-08-12 07:25:00,0.33730507
2016-08-12 07:30:00,0.39323997
2016-08-12 07:35:00,0.44409
2016-08-12 07:40:00,0.46612507
2016-08-12 07:45:00,0.52545005
2016-08-12 07:50:00,0.62714994
2016-08-12 07:55:00,0.72885007
2016-08-12 08:00:00,0.82207507
2016-08-12 08:05:00,0.8932649
2016-08-12 08:10:00,0.9644549
2016-08-12 08:15:00,1.0356449
2016-08-12 08:20:00,1.1339551
2016-08-12 08:25:00,1.2780303
2016-08-12 08:30:00,1.4627846
2016-08-12 08:35:00,1.6017753
2016-08-12 08:40:00,1.7441553
2016-08-12 08:45:00,1.9289105
2016-08-12 08:50:00,2.0526452
2016-08-12 08:55:00,2.1628199
2016-08-12 09:00:00,2.2933354
2016-08-12 09:05:00,2.49843
2016-08-12 09:10:00,2.6696246
2016-08-12 09:15:00,2.9137056
2016-08-12 09:20:00,3.2103302
2016-08-12 09:25:00,3.5527208
2016-08-12 09:30:00,3.947654
2016-08-12 09:35:00,4.4137783
2016-08-12 09:40:00,4.915499
2016-08-12 09:45:00,5.4918003
2016-08-12 09:50:00,6.1511545
2016-08-12 09:55:00,6.8325434
2016-08-12 10:00:00,7.464779
2016-08-12 10:05:00,8.156342
2016-08-12 10:10:00,8.898751
2016-08-12 10:15:00,9.505562
2016-08-12 10:20:00,9.936092
2016-08-12 10:25:00,10.256447
2016-08-12 10:30:00,10.593751
2016-08-12 10:35:00,10.963262
2016-08-12 10:40:00,11.341246
2016-08-12 10:45:00,11.702276
2016-08-12 10:50:00,12.049754
2016-08-12 10:55:00,12.407399
2016-08-12 11:00:00,12.77352
2016-08-12 11:05:00,13.056589
2016-08-12 11:10:00,13.229472
2016-08-12 11:15:00,13.42779
2016-08-12 11:20:00,13.580341
2016-08-12 11:25:00,13.417624
2016-08-12 11:30:00,12.870136
2016-08-12 11:35:00,12.007377
2016-08-12 11:40:00,10.897156
2016-08-12 11:45:00,9.697097
2016-08-12 11:50:00,8.385165
2016-08-12 11:55:00,7.213919
2016-08-12 12:00:00,6.2477694
2016-08-12 12:05:00,2.6086042
2016-08-12 12:10:00,2.1373954
2016-08-12 12:15:00,1.6950003
2016-08-12 12:20:00,1.3831198
2016-08-12 12:25:00,1.10175
2016-08-12 12:30:00,0.82377
2016-08-12 12:35:00,0.53562
2016-08-12 12:40:00,0.3423901
2016-08-12 12:45:00,0.25425002
2016-08-12 12:50:00,0.20340002
2016-08-12 12:55:00,0.1695
2016-08-12 13:00:00,0.14407498
2016-08-12 13:05:00,0.11525998
2016-08-12 13:10:00,0.09152999
2016-08-12 13:15:00,0.07118999
2016-08-12 13:20:00,0.07118999
2016-08-12 13:25:00,0.07118999
2016-08-12 13:30:00,0.079665005
2016-08-12 13:35:00,0.10847999
2016-08-12 13:40:00,0.088139996
2016-08-12 13:45:00,0.079665005
2016-08-12 13:50:00,0.050849997
2016-08-12 13:55:00,0.0339
2016-08-12 14:00:00,0.025424998
2016-08-12 14:05:00,0.025424998
2016-08-12 14:10:00,0.01695
2016-08-12 14:15:00,0.01695
2016-08-12 14:20:00,0.01695
2016-08-12 14:25:00,0.01695
2016-08-12 14:30:00,0.008475
2016-08-12 14:35:00,0.0
2016-08-12 14:40:00,0.0
2016-08-12 14:45:00,0.0
2016-08-12 14:50:00,0.0
2016-08-12 14:55:00,0.0
2016-08-12 15:00:00,0.0
2016-08-12 15:05:00,0.0
2016-08-12 15:10:00,0.0
2016-08-12 15:15:00,0.0
2016-08-12 15:20:00,0.0
2016-08-12 15:25:00,0.0
2016-08-12 15:30:00,0.0
2016-08-12 15:35:00,0.0
2016-08-12 15:40:00,0.0
2016-08-12 15:45:00,0.0
2016-08-12 15:50:00,0.0
2016-08-12 15:55:00,0.0
2016-08-12 16:00:00,0.0
2016-08-12 16:05:00,0.0
2016-08-12 16:10:00,0.0
2016-08-12 16:15:00,0.0
2016-08-12 16:20:00,0.0
2016-08-12 16:25:00,0.0
2016-08-12 16:30:00,0.0
2016-08-12 16:35:00,0.0
2016-08-12 16:40:00,0.0
2016-08-12 16:45:00,0.0
2016-08-12 16:50:00,0.0
2016-08-12 16:55:00,0.0
2016-08-12 17:00:00,0.0050850003
2016-08-12 17:05:00,0.0050850003
2016-08-12 17:10:00,0.0050850003
2016-08-12 17:15:00,0.032204997
2016-08-12 17:20:00,0.188145
2016-08-12 17:25:00,0.4017151
2016-08-12 17:30:00,0.76275
2016-08-12 17:35:00,1.3271852
2016-08-12 17:40:00,1.78992
2016-08-12 17:45:00,2.1068847
2016-08-12 17:50:00,2.3458805
2016-08-12 17:55:00,2.53911
2016-08-12 18:00:00,2.74929
2016-08-12 18:05:00,2.9831994
2016-08-12 18:10:00,3.26457
2016-08-12 18:15:00,3.6628942
2016-08-12 18:20:00,4.047661
2016-08-12 18:25:00,4.3273344
2016-08-12 18:30:00,4.6205697
2016-08-12 18:35:00,4.8765154
2016-08-12 18:40:00,5.0358453
2016-08-12 18:45:00,5.23416
2016-08-12 18:50:00,5.4290843
2016-08-12 18:55:00,5.568075
2016-08-12 19:00:00,5.65113
2016-08-12 19:05:00,5.6528244
2016-08-12 19:10:00,5.64096
2016-08-12 19:15:00,5.708761
2016-08-12 19:20:00,5.890125
2016-08-12 19:25:00,6.1782737
2016-08-12 19:30:00,6.4782887
2016-08-12 19:35:00,6.861358
2016-08-12 19:40:00,7.2122254
2016-08-12 19:45:00,7.4071493
2016-08-12 19:50:00,7.3274837
2016-08-12 19:55:00,7.100353
2016-08-12 20:00:00,6.863054
2016-08-12 20:05:00,6.496935
2016-08-12 20:10:00,6.198614
2016-08-12 20:15:00,6.051151
2016-08-12 20:20:00,5.835886
2016-08-12 20:25:00,5.4206085
2016-08-12 20:30:00,4.995166
2016-08-12 20:35:00,4.730745
2016-08-12 20:40:00,4.5680246
2016-08-12 20:45:00,4.3815756
2016-08-12 20:50:00,4.2103806
2016-08-12 20:55:00,4.0341005
2016-08-12 21:00:00,4.122241
2016-08-12 21:05:00,4.534125
2016-08-12 21:10:00,4.886685
2016-08-12 21:15:00,4.788374
2016-08-12 21:20:00,4.188345
2016-08-12 21:25:00,3.4696658
2016-08-12 21:30:00,3.012015
2016-08-12 21:35:00,2.80692
2016-08-12 21:40:00,2.9493003
2016-08-12 21:45:00,3.247619
2016-08-12 21:50:00,3.4900045
2016-08-12 21:55:00,3.6171305
2016-08-12 22:00:00,3.6001797
2016-08-12 22:05:00,3.5578055
2016-08-12 22:10:00,3.4781399
2016-08-12 22:15:00,3.337455
2016-08-12 22:20:00,3.2408407
2016-08-12 22:25:00,3.2340598
2016-08-12 22:30:00,3.3577955
2016-08-12 22:35:00,3.6476393
2016-08-12 22:40:00,4.01376
2016-08-12 22:45:00,4.4815793
2016-08-12 22:50:00,4.9561787
2016-08-12 22:55:00,5.315519
2016-08-12 23:00:00,5.4019647
2016-08-12 23:05:00,5.169749
2016-08-12 23:10:00,4.6883707
2016-08-12 23:15:00,4.1747837
2016-08-12 23:20:00,3.6747613
2016-08-12 23:25:00,3.2899957
2016-08-12 23:30:00,3.0594752
2016-08-12 23:35:00,3.08151
2016-08-12 23:40:00,3.2357562
2016-08-12 23:45:00,3.1035452
2016-08-12 23:50:00,2.5425
2016-08-12 23:55:00,1.7492399
2016-08-13 00:00:00,1.2322651
2016-08-13 00:05:00,1.005135
2016-08-13 00:10:00,0.91021514
2016-08-13 00:15:00,0.95428514
2016-08-13 00:20:00,1.0186951
2016-08-13 00:25:00,1.0949701
2016-08-13 00:30:00,1.0441201
2016-08-13 00:35:00,0.9542851
2016-08-13 00:40:00,0.86614496
2016-08-13 00:45:00,0.8152949
2016-08-13 00:50:00,0.77122504
2016-08-13 00:55:00,0.64748996
2016-08-13 01:00:00,0.500025
2016-08-13 01:05:00,0.28476
2016-08-13 01:10:00,0.18305999
2016-08-13 01:15:00,0.12373498
2016-08-13 01:20:00,0.13390502
2016-08-13 01:25:00,0.1695
2016-08-13 01:30:00,0.191535
2016-08-13 01:35:00,0.22373998
2016-08-13 01:40:00,0.27628502
2016-08-13 01:45:00,0.34239012
2016-08-13 01:50:00,0.40680006
2016-08-13 01:55:00,0.50002503
2016-08-13 02:00:00,0.6593549
2016-08-13 02:05:00,0.7152904
2016-08-13 02:10:00,0.70003515
2016-08-13 02:15:00,0.744105
2016-08-13 02:20:00,0.77122515
2016-08-13 02:25:00,0.81868494
2016-08-13 02:30:00,0.97632027
2016-08-13 02:35:00,1.384815
2016-08-13 02:40:00,2.0272205
2016-08-13 02:45:00,2.7984455
2016-08-13 02:50:00,3.6120443
2016-08-13 02:55:00,4.8324447
2016-08-13 03:00:00,6.2630253
2016-08-13 03:05:00,7.1918855
2016-08-13 03:10:00,7.5291886
2016-08-13 03:15:00,7.78683
2016-08-13 03:20:00,8.08515
2016-08-13 03:25:00,8.451271
2016-08-13 03:30:00,8.985195
2016-08-13 03:35:00,9.546241
2016-08-13 03:40:00,9.530986
2016-08-13 03:45:00,9.517425
2016-08-13 03:50:00,9.849645
2016-08-13 03:55:00,10.180169
2016-08-13 04:00:00,9.815745
2016-08-13 04:05:00,9.3869095
2016-08-13 04:10:00,8.890277
2016-08-13 04:15:00,8.137697
2016-08-13 04:20:00,7.5444474
2016-08-13 04:25:00,7.1545963
2016-08-13 04:30:00,6.7816925
2016-08-13 04:35:00,6.1731906
2016-08-13 04:40:00,5.661301
2016-08-13 04:45:00,5.376539
2016-08-13 04:50:00,4.925669
2016-08-13 04:55:00,4.1459703
2016-08-13 05:00:00,3.5188196
2016-08-13 05:05:00,3.0476096
2016-08-13 05:10:00,2.2933345
2016-08-13 05:15:00,1.5136352
2016-08-13 05:20:00,1.01361
2016-08-13 05:25:00,0.7237649
2016-08-13 05:30:00,0.41866502
2016-08-13 05:35:00,0.26950502
2016-08-13 05:40:00,0.181365
2016-08-13 05:45:00,0.11186998
2016-08-13 05:50:00,0.11186998
2016-08-13 05:55:00,0.07966499
2016-08-13 06:00:00,0.047459997
2016-08-13 06:05:00,0.0050850003
2016-08-13 06:10:00,0.0
2016-08-13 06:15:00,0.0
2016-08-13 06:20:00,0.0
2016-08-13 06:25:00,0.0
2016-08-13 06:30:00,0.0
2016-08-13 06:35:00,0.0
2016-08-13 06:40:00,0.0
2016-08-13 06:45:00,0.0
2016-08-13 06:50:00,0.0
2016-08-13 06:55:00,0.0
2016-08-13 07:00:00,0.0050850003
2016-08-13 07:05:00,0.094919994
2016-08-13 07:10:00,0.62206507
2016-08-13 07:15:00,1.4865148
2016-08-13 07:20:00,2.3526595
2016-08-13 07:25:00,2.947605
2016-08-13 07:30:00,2.7543757
2016-08-13 07:35:00,2.5170748
2016-08-13 07:40:00,2.9289598
2016-08-13 07:45:00,3.3035555
2016-08-13 07:50:00,3.7018795
2016-08-13 07:55:00,3.8866355
2016-08-13 08:00:00,4.064611
2016-08-13 08:05:00,4.90194
2016-08-13 08:10:00,5.5189204
2016-08-13 08:15:00,5.5002747
2016-08-13 08:20:00,6.4393044
2016-08-13 08:25:00,7.808865
2016-08-13 08:30:00,8.958074
2016-08-13 08:35:00,9.39708
2016-08-13 08:40:00,8.225834
2016-08-13 08:45:00,7.068151
2016-08-13 08:50:00,6.9427195
2016-08-13 08:55:00,7.31223
2016-08-13 09:00:00,6.846103
2016-08-13 09:05:00,6.3681154
2016-08-13 09:10:00,6.3020096
2016-08-13 09:15:00,7.3935876
2016-08-13 09:20:00,9.346229
2016-08-13 09:25:00,9.900494
2016-08-13 09:30:00,8.832645
2016-08-13 09:35:00,8.152951
2016-08-13 09:40:00,9.227578
2016-08-13 09:45:00,10.403912
2016-08-13 09:50:00,11.185306
2016-08-13 09:55:00,11.802285
2016-08-13 10:00:00,12.151455
2016-08-13 10:05:00,13.429483
2016-08-13 10:10:00,14.829553
2016-08-13 10:15:00,15.431276
2016-08-13 10:20:00,14.741415
2016-08-13 10:25:00,14.944816
2016-08-13 10:30:00,15.563486
2016-08-13 10:35:00,15.934695
2016-08-13 10:40:00,16.712696
2016-08-13 10:45:00,16.973728
2016-08-13 10:50:00,16.395739
2016-08-13 10:55:00,15.499079
2016-08-13 11:00:00,15.297372
2016-08-13 11:05:00,15.268559
2016-08-13 11:10:00,15.271951
2016-08-13 11:15:00,15.329583
2016-08-13 11:20:00,14.836338
2016-08-13 11:25:00,14.310886
2016-08-13 11:30:00,14.041382
2016-08-13 11:35:00,13.4684725
2016-08-13 11:40:00,12.597241
2016-08-13 11:45:00,11.88534
2016-08-13 11:50:00,12.161629
2016-08-13 11:55:00,13.351511
2016-08-13 12:00:00,13.688819
2016-08-13 12:05:00,24.480888
2016-08-13 12:10:00,23.331673
2016-08-13 12:15:00,21.658707
2016-08-13 12:20:00,19.81455
2016-08-13 12:25:00,19.050106
2016-08-13 12:30:00,19.445042
2016-08-13 12:35:00,19.687426
2016-08-13 12:40:00,18.965357
2016-08-13 12:45:00,18.326342
2016-08-13 12:50:00,18.134806
2016-08-13 12:55:00,18.238201
2016-08-13 13:00:00,18.412786
2016-08-13 13:05:00,18.460247
2016-08-13 13:10:00,18.55686
2016-08-13 13:15:00,18.733139
2016-08-13 13:20:00,18.585674
2016-08-13 13:25:00,17.78225
2016-08-13 13:30:00,16.265217
2016-08-13 13:35:00,15.592302
2016-08-13 13:40:00,15.965208
2016-08-13 13:45:00,16.009275
2016-08-13 13:50:00,15.558399
2016-08-13 13:55:00,15.382128
2016-08-13 14:00:00,15.277034
2016-08-13 14:05:00,15.273646
2016-08-13 14:10:00,15.568573
2016-08-13 14:15:00,15.800791
2016-08-13 14:20:00,15.5855255
2016-08-13 14:25:00,14.968541
2016-08-13 14:30:00,14.458349
2016-08-13 14:35:00,14.061715
2016-08-13 14:40:00,13.665087
2016-08-13 14:45:00,13.053197
2016-08-13 14:50:00,11.936188
2016-08-13 14:55:00,10.203902
2016-08-13 15:00:00,9.16317
2016-08-13 15:05:00,8.5800905
2016-08-13 15:10:00,8.19024
2016-08-13 15:15:00,7.7614055
2016-08-13 15:20:00,7.386811
2016-08-13 15:25:00,7.0037403
2016-08-13 15:30:00,6.559651
2016-08-13 15:35:00,6.001994
2016-08-13 15:40:00,5.3833194
2016-08-13 15:45:00,4.7341356
2016-08-13 15:50:00,4.079866
2016-08-13 15:55:00,3.5781448
2016-08-13 16:00:00,3.1187994
2016-08-13 16:05:00,2.7204747
2016-08-13 16:10:00,2.3340151
2016-08-13 16:15:00,1.9441651
2016-08-13 16:20:00,1.58313
2016-08-13 16:25:00,1.371255
2016-08-13 16:30:00,1.1729398
2016-08-13 16:35:00,1.1339551
2016-08-13 16:40:00,1.1458199
2016-08-13 16:45:00,0.92038536
2016-08-13 16:50:00,0.8780103
2016-08-13 16:55:00,0.8254649
2016-08-13 17:00:00,0.74241006
2016-08-13 17:05:00,0.49833024
2016-08-13 17:10:00,0.388155
2016-08-13 17:15:00,0.3932401
2016-08-13 17:20:00,0.32374504
2016-08-13 17:25:00,0.32374504
2016-08-13 17:30:00,0.34578007
2016-08-13 17:35:00,0.26103002
2016-08-13 17:40:00,0.20848507
2016-08-13 17:45:00,0.161025
2016-08-13 17:50:00,0.037289996
2016-08-13 17:55:00,0.018644998
2016-08-13 18:00:00,0.0
2016-08-13 18:05:00,0.0
2016-08-13 18:10:00,0.0
2016-08-13 18:15:00,0.0
2016-08-13 18:20:00,0.0
2016-08-13 18:25:00,0.0
2016-08-13 18:30:00,0.0
2016-08-13 18:35:00,0.0
2016-08-13 18:40:00,0.0
2016-08-13 18:45:00,0.0
2016-08-13 18:50:00,0.0
2016-08-13 18:55:00,0.0
2016-08-13 19:00:00,0.0
2016-08-13 19:05:00,0.0
2016-08-13 19:10:00,0.0
2016-08-13 19:15:00,0.0
2016-08-13 19:20:00,0.0
2016-08-13 19:25:00,0.0
2016-08-13 19:30:00,0.0
2016-08-13 19:35:00,0.0
2016-08-13 19:40:00,0.0
2016-08-13 19:45:00,0.0
2016-08-13 19:50:00,0.0
2016-08-13 19:55:00,0.0
2016-08-13 20:00:00,0.0
2016-08-13 20:05:00,0.0
2016-08-13 20:10:00,0.0
2016-08-13 20:15:00,0.0
2016-08-13 20:20:00,0.0
2016-08-13 20:25:00,0.0
2016-08-13 20:30:00,0.0
2016-08-13 20:35:00,0.0
2016-08-13 20:40:00,0.0
2016-08-13 20:45:00,0.0
2016-08-13 20:50:00,0.0
2016-08-13 20:55:00,0.0
2016-08-13 21:00:00,0.0
2016-08-13 21:05:00,0.0
2016-08-13 21:10:00,0.0
2016-08-13 21:15:00,0.054239996
2016-08-13 21:20:00,0.09492001
2016-08-13 21:25:00,0.15424502
2016-08-13 21:30:00,0.17627999
2016-08-13 21:35:00,0.19831501
2016-08-13 21:40:00,0.25255498
2016-08-13 21:45:00,0.354255
2016-08-13 21:50:00,0.59325004
2016-08-13 21:55:00,0.7508849
2016-08-13 22:00:00,0.7644452
2016-08-13 22:05:00,0.6610501
2016-08-13 22:10:00,0.9169949
2016-08-13 22:15:00,1.5119396
2016-08-13 22:20:00,2.5984344
2016-08-13 22:25:00,3.8171391
2016-08-13 22:30:00,5.0290656
2016-08-13 22:35:00,6.3223495
2016-08-13 22:40:00,7.4613914
2016-08-13 22:45:00,8.605513
2016-08-13 22:50:00,9.534376
2016-08-13 22:55:00,10.507305
2016-08-13 23:00:00,11.105638
2016-08-13 23:05:00,11.698886
2016-08-13 23:10:00,12.55147
2016-08-13 23:15:00,13.463384
2016-08-13 23:20:00,14.143076
2016-08-13 23:25:00,14.421064
2016-08-13 23:30:00,14.865153
2016-08-13 23:35:00,16.056734
2016-08-13 23:40:00,17.56359
2016-08-13 23:45:00,19.663694
2016-08-13 23:50:00,21.945166
2016-08-13 23:55:00,25.128374
2016-08-14 00:00:00,29.565893
2016-08-14 00:05:00,34.39833
2016-08-14 00:10:00,38.312088
2016-08-14 00:15:00,42.137703
2016-08-14 00:20:00,46.417576
2016-08-14 00:25:00,52.673805
2016-08-14 00:30:00,57.309643
2016-08-14 00:35:00,61.048843
2016-08-14 00:40:00,63.859116
2016-08-14 00:45:00,64.81174
2016-08-14 00:50:00,65.57109
2016-08-14 00:55:00,66.0118
2016-08-14 01:00:00,67.033875
2016-08-14 01:05:00,67.93391
2016-08-14 01:10:00,67.394905
2016-08-14 01:15:00,67.9034
2016-08-14 01:20:00,67.83221
2016-08-14 01:25:00,67.9356
2016-08-14 01:30:00,68.239006
2016-08-14 01:35:00,68.74072
2016-08-14 01:40:00,69.47295
2016-08-14 01:45:00,70.288284
2016-08-14 01:50:00,70.88659
2016-08-14 01:55:00,71.276436
2016-08-14 02:00:00,71.57308
2016-08-14 02:05:00,71.678154
2016-08-14 02:10:00,71.81037
2016-08-14 02:15:00,71.91546
2016-08-14 02:20:00,71.98327
2016-08-14 02:25:00,72.0375
2016-08-14 02:30:00,72.0375
2016-08-14 02:35:00,72.0375
2016-08-14 02:40:00,72.0375
2016-08-14 02:45:00,72.0375
2016-08-14 02:50:00,72.0375
2016-08-14 02:55:00,72.0375
2016-08-14 03:00:00,72.0375
2016-08-14 03:05:00,72.0375
2016-08-14 03:10:00,72.0375
2016-08-14 03:15:00,72.0375
2016-08-14 03:20:00,72.0375
2016-08-14 03:25:00,72.0375
2016-08-14 03:30:00,72.0375
2016-08-14 03:35:00,72.0375
2016-08-14 03:40:00,72.0375
2016-08-14 03:45:00,72.0375
2016-08-14 03:50:00,72.0375
2016-08-14 03:55:00,72.0375
2016-08-14 04:00:00,72.0375
2016-08-14 04:05:00,72.0375
2016-08-14 04:10:00,72.0375
2016-08-14 04:15:00,72.0375
2016-08-14 04:20:00,72.0375
2016-08-14 04:25:00,72.0375
2016-08-14 04:30:00,72.0375
2016-08-14 04:35:00,72.0375
2016-08-14 04:40:00,72.0375
2016-08-14 04:45:00,72.0375
2016-08-14 04:50:00,72.0375
2016-08-14 04:55:00,72.0375
2016-08-14 05:00:00,72.0375
2016-08-14 05:05:00,72.0375
2016-08-14 05:10:00,72.0375
2016-08-14 05:15:00,72.0375
2016-08-14 05:20:00,72.0375
2016-08-14 05:25:00,72.0375
2016-08-14 05:30:00,72.0375
2016-08-14 05:35:00,72.0375
2016-08-14 05:40:00,72.0375
2016-08-14 05:45:00,72.0375
2016-08-14 05:50:00,72.0375
2016-08-14 05:55:00,72.0375
2016-08-14 06:00:00,72.0375
2016-08-14 06:05:00,72.0375
2016-08-14 06:10:00,72.0375
2016-08-14 06:15:00,72.0375
2016-08-14 06:20:00,72.0375
2016-08-14 06:25:00,72.0375
2016-08-14 06:30:00,72.0375
2016-08-14 06:35:00,72.0375
2016-08-14 06:40:00,72.0375
2016-08-14 06:45:00,72.0375
2016-08-14 06:50:00,72.0375
2016-08-14 06:55:00,72.0375
2016-08-14 07:00:00,72.0375
2016-08-14 07:05:00,72.0375
2016-08-14 07:10:00,72.0375
2016-08-14 07:15:00,72.0375
2016-08-14 07:20:00,72.0375
2016-08-14 07:25:00,72.0375
2016-08-14 07:30:00,72.0375
2016-08-14 07:35:00,72.0375
2016-08-14 07:40:00,72.0375
2016-08-14 07:45:00,72.0375
2016-08-14 07:50:00,72.0375
2016-08-14 07:55:00,72.0375
2016-08-14 08:00:00,72.02055
2016-08-14 08:05:00,71.87648
2016-08-14 08:10:00,71.65612
2016-08-14 08:15:00,71.23237
2016-08-14 08:20:00,70.62217
2016-08-14 08:25:00,70.05266
2016-08-14 08:30:00,69.45262
2016-08-14 08:35:00,69.01532
2016-08-14 08:40:00,68.06443
2016-08-14 08:45:00,67.34914
2016-08-14 08:50:00,67.08472
2016-08-14 08:55:00,66.325356
2016-08-14 09:00:00,65.50329
2016-08-14 09:05:00,65.174446
2016-08-14 09:10:00,65.12699
2016-08-14 09:15:00,64.440506
2016-08-14 09:20:00,64.033714
2016-08-14 09:25:00,63.559116
2016-08-14 09:30:00,63.260788
2016-08-14 09:35:00,62.640423
2016-08-14 09:40:00,62.10989
2016-08-14 09:45:00,63.164185
2016-08-14 09:50:00,64.26255
2016-08-14 09:55:00,66.20501
2016-08-14 10:00:00,66.71011
2016-08-14 10:05:00,67.9712
2016-08-14 10:10:00,68.983116
2016-08-14 10:15:00,69.72382
2016-08-14 10:20:00,70.60183
2016-08-14 10:25:00,70.75269
2016-08-14 10:30:00,71.379845
2016-08-14 10:35:00,71.48662
2016-08-14 10:40:00,71.79172
2016-08-14 10:45:00,71.98665
2016-08-14 10:50:00,72.02055
2016-08-14 10:55:00,72.0375
2016-08-14 11:00:00,72.0375
2016-08-14 11:05:00,72.0375
2016-08-14 11:10:00,72.0375
2016-08-14 11:15:00,72.0375
2016-08-14 11:20:00,72.0375
2016-08-14 11:25:00,72.0375
2016-08-14 11:30:00,72.02903
2016-08-14 11:35:00,72.02903
2016-08-14 11:40:00,72.02903
2016-08-14 11:45:00,72.02055
2016-08-14 11:50:00,72.0036
2016-08-14 11:55:00,72.0036
2016-08-14 12:00:00,71.75782
2016-08-14 12:05:00,71.766304
2016-08-14 12:10:00,71.82563
2016-08-14 12:15:00,71.817154
2016-08-14 12:20:00,71.80867
2016-08-14 12:25:00,71.75782
2016-08-14 12:30:00,71.70697
2016-08-14 12:35:00,71.55442
2016-08-14 12:40:00,71.410355
2016-08-14 12:45:00,71.23237
2016-08-14 12:50:00,70.92388
2016-08-14 12:55:00,70.42555
2016-08-14 13:00:00,69.718735
2016-08-14 13:05:00,68.95938
2016-08-14 13:10:00,67.96274
2016-08-14 13:15:00,67.0474
2016-08-14 13:20:00,66.35247
2016-08-14 13:25:00,66.127045
2016-08-14 13:30:00,65.65754
2016-08-14 13:35:00,64.87442
2016-08-14 13:40:00,63.498093
2016-08-14 13:45:00,61.99632
2016-08-14 13:50:00,60.08436
2016-08-14 13:55:00,57.34356
2016-08-14 14:00:00,54.251865
2016-08-14 14:05:00,50.702538
2016-08-14 14:10:00,47.57696
2016-08-14 14:15:00,45.637875
2016-08-14 14:20:00,44.614098
2016-08-14 14:25:00,43.87168
2016-08-14 14:30:00,42.920795
2016-08-14 14:35:00,42.520775
2016-08-14 14:40:00,42.817394
2016-08-14 14:45:00,43.759823
2016-08-14 14:50:00,45.06328
2016-08-14 14:55:00,46.46844
2016-08-14 15:00:00,47.90578
2016-08-14 15:05:00,49.19908
2016-08-14 15:10:00,50.475403
2016-08-14 15:15:00,51.597492
2016-08-14 15:20:00,52.37042
2016-08-14 15:25:00,52.79417
2016-08-14 15:30:00,52.848415
2016-08-14 15:35:00,52.544987
2016-08-14 15:40:00,52.248383
2016-08-14 15:45:00,51.85006
2016-08-14 15:50:00,51.255104
2016-08-14 15:55:00,50.58898
2016-08-14 16:00:00,49.809258
2016-08-14 16:05:00,48.907543
2016-08-14 16:10:00,48.005787
2016-08-14 16:15:00,46.94471
2016-08-14 16:20:00,45.49043
2016-08-14 16:25:00,44.071697
2016-08-14 16:30:00,43.14453
2016-08-14 16:35:00,42.659763
2016-08-14 16:40:00,42.30211
2016-08-14 16:45:00,41.77496
2016-08-14 16:50:00,40.873226
2016-08-14 16:55:00,39.566383
2016-08-14 17:00:00,37.90529
2016-08-14 17:05:00,35.864513
2016-08-14 17:10:00,33.523712
2016-08-14 17:15:00,30.781204
2016-08-14 17:20:00,27.830206
2016-08-14 17:25:00,25.097857
2016-08-14 17:30:00,22.745209
2016-08-14 17:35:00,20.582386
2016-08-14 17:40:00,18.528046
2016-08-14 17:45:00,16.670322
2016-08-14 17:50:00,15.210934
2016-08-14 17:55:00,14.01087
2016-08-14 18:00:00,12.876912
2016-08-14 18:05:00,11.832792
2016-08-14 18:10:00,10.880205
2016-08-14 18:15:00,10.022536
2016-08-14 18:20:00,9.303856
2016-08-14 18:25:00,8.656367
2016-08-14 18:30:00,8.203799
2016-08-14 18:35:00,7.910565
2016-08-14 18:40:00,7.7885237
2016-08-14 18:45:00,7.7427597
2016-08-14 18:50:00,7.617332
2016-08-14 18:55:00,7.3139253
2016-08-14 19:00:00,6.8732247
2016-08-14 19:05:00,6.3731995
2016-08-14 19:10:00,5.9308047
2016-08-14 19:15:00,5.629094
2016-08-14 19:20:00,5.478241
2016-08-14 19:25:00,5.415525
2016-08-14 19:30:00,5.4697647
2016-08-14 19:35:00,5.625706
2016-08-14 19:40:00,5.8731737
2016-08-14 19:45:00,6.1257286
2016-08-14 19:50:00,6.435913
2016-08-14 19:55:00,6.737625
2016-08-14 20:00:00,6.9986534
2016-08-14 20:05:00,7.241041
2016-08-14 20:10:00,7.5868177
2016-08-14 20:15:00,8.088537
2016-08-14 20:20:00,8.641111
2016-08-14 20:25:00,9.154696
2016-08-14 20:30:00,9.625904
2016-08-14 20:35:00,10.09203
2016-08-14 20:40:00,10.578497
2016-08-14 20:45:00,11.159881
2016-08-14 20:50:00,11.781945
2016-08-14 20:55:00,12.4209585
2016-08-14 21:00:00,13.027768
2016-08-14 21:05:00,13.739671
2016-08-14 21:10:00,14.560047
2016-08-14 21:15:00,15.432972
2016-08-14 21:20:00,16.324547
2016-08-14 21:25:00,17.207644
2016-08-14 21:30:00,18.128025
2016-08-14 21:35:00,19.095871
2016-08-14 21:40:00,20.20101
2016-08-14 21:45:00,21.358694
2016-08-14 21:50:00,22.672316
2016-08-14 21:55:00,24.19104
2016-08-14 22:00:00,25.996212
2016-08-14 22:05:00,28.08954
2016-08-14 22:10:00,30.47101
2016-08-14 22:15:00,33.089798
2016-08-14 22:20:00,35.91536
2016-08-14 22:25:00,38.907032
2016-08-14 22:30:00,41.893616
2016-08-14 22:35:00,44.924274
2016-08-14 22:40:00,47.944756
2016-08-14 22:45:00,50.746605
2016-08-14 22:50:00,53.33655
2016-08-14 22:55:00,55.770573
2016-08-14 23:00:00,58.141876
2016-08-14 23:05:00,60.336937
2016-08-14 23:10:00,62.30143
2016-08-14 23:15:00,64.15237
2016-08-14 23:20:00,65.991425
2016-08-14 23:25:00,67.57796
2016-08-14 23:30:00,68.78141
2016-08-14 23:35:00,69.81028
2016-08-14 23:40:00,70.72557
2016-08-14 23:45:00,71.34425
2016-08-14 23:50:00,71.69511
2016-08-14 23:55:00,71.903595
2016-08-15 00:00:00,71.99852
2016-08-15 00:05:00,72.02903
2016-08-15 00:10:00,72.0375
2016-08-15 00:15:00,72.0375
2016-08-15 00:20:00,72.0375
2016-08-15 00:25:00,72.0375
2016-08-15 00:30:00,72.0375
2016-08-15 00:35:00,72.0375
2016-08-15 00:40:00,72.0375
2016-08-15 00:45:00,72.0375
2016-08-15 00:50:00,72.0375
2016-08-15 00:55:00,72.0375
2016-08-15 01:00:00,72.0375
2016-08-15 01:05:00,72.0375
2016-08-15 01:10:00,72.0375
2016-08-15 01:15:00,72.0375
2016-08-15 01:20:00,72.0375
2016-08-15 01:25:00,72.0375
2016-08-15 01:30:00,72.0375
2016-08-15 01:35:00,72.0375
2016-08-15 01:40:00,72.0375
2016-08-15 01:45:00,72.0375
2016-08-15 01:50:00,72.0375
2016-08-15 01:55:00,72.0375
2016-08-15 02:00:00,72.0375
2016-08-15 02:05:00,72.0375
2016-08-15 02:10:00,72.0375
2016-08-15 02:15:00,72.0375
2016-08-15 02:20:00,72.0375
2016-08-15 02:25:00,72.0375
2016-08-15 02:30:00,72.0375
2016-08-15 02:35:00,72.0375
2016-08-15 02:40:00,72.0375
2016-08-15 02:45:00,72.0375
2016-08-15 02:50:00,72.0375
2016-08-15 02:55:00,72.0375
2016-08-15 03:00:00,72.0375
2016-08-15 03:05:00,72.0375
2016-08-15 03:10:00,72.0375
2016-08-15 03:15:00,72.0375
2016-08-15 03:20:00,72.0375
2016-08-15 03:25:00,72.0375
2016-08-15 03:30:00,72.0375
2016-08-15 03:35:00,72.0375
2016-08-15 03:40:00,72.0375
2016-08-15 03:45:00,72.0375
2016-08-15 03:50:00,72.0375
2016-08-15 03:55:00,72.0375
2016-08-15 04:00:00,72.0375
2016-08-15 04:05:00,72.0375
2016-08-15 04:10:00,72.0375
2016-08-15 04:15:00,72.0375
2016-08-15 04:20:00,72.0375
2016-08-15 04:25:00,72.0375
2016-08-15 04:30:00,72.0375
2016-08-15 04:35:00,72.0375
2016-08-15 04:40:00,72.0375
2016-08-15 04:45:00,72.0375
2016-08-15 04:50:00,72.0375
2016-08-15 04:55:00,72.0375
2016-08-15 05:00:00,72.0375
2016-08-15 05:05:00,72.0375
2016-08-15 05:10:00,72.0375
2016-08-15 05:15:00,72.0375
2016-08-15 05:20:00,72.0375
2016-08-15 05:25:00,72.0375
2016-08-15 05:30:00,72.0375
2016-08-15 05:35:00,72.0375
2016-08-15 05:40:00,72.0375
2016-08-15 05:45:00,72.0375
2016-08-15 05:50:00,72.0375
2016-08-15 05:55:00,72.0375
2016-08-15 06:00:00,72.0375
2016-08-15 06:05:00,72.0375
2016-08-15 06:10:00,72.0375
2016-08-15 06:15:00,72.0375
2016-08-15 06:20:00,72.0375
2016-08-15 06:25:00,72.0375
2016-08-15 06:30:00,72.0375
2016-08-15 06:35:00,72.0375
2016-08-15 06:40:00,72.0375
2016-08-15 06:45:00,72.0375
2016-08-15 06:50:00,72.0375
2016-08-15 06:55:00,72.0375
2016-08-15 07:00:00,72.0375
2016-08-15 07:05:00,72.0375
2016-08-15 07:10:00,72.0375
2016-08-15 07:15:00,72.0375
2016-08-15 07:20:00,72.0375
2016-08-15 07:25:00,72.0375
2016-08-15 07:30:00,72.0375
2016-08-15 07:35:00,72.0375
2016-08-15 07:40:00,72.0375
2016-08-15 07:45:00,72.0375
2016-08-15 07:50:00,72.0375
2016-08-15 07:55:00,72.0375
2016-08-15 08:00:00,72.0375
2016-08-15 08:05:00,72.0375
2016-08-15 08:10:00,72.0375
2016-08-15 08:15:00,72.0375
2016-08-15 08:20:00,72.0375
2016-08-15 08:25:00,72.0375
2016-08-15 08:30:00,72.0375
2016-08-15 08:35:00,72.0375
2016-08-15 08:40:00,72.0375
2016-08-15 08:45:00,72.02055
2016-08-15 08:50:00,71.99512
2016-08-15 08:55:00,71.868004
2016-08-15 09:00:00,71.67308
2016-08-15 09:05:00,71.359505
2016-08-15 09:10:00,71.06288
2016-08-15 09:15:00,70.7154
2016-08-15 09:20:00,70.32554
2016-08-15 09:25:00,69.96959
2016-08-15 09:30:00,69.684845
2016-08-15 09:35:00,69.44245
2016-08-15 09:40:00,69.23398
2016-08-15 09:45:00,69.06956
2016-08-15 09:50:00,69.06956
2016-08-15 09:55:00,69.16279
2016-08-15 10:00:00,69.18821
2016-08-15 10:05:00,69.133965
2016-08-15 10:10:00,68.981415
2016-08-15 10:15:00,68.79497
2016-08-15 10:20:00,68.56615
2016-08-15 10:25:00,68.36274
2016-08-15 10:30:00,68.274605
2016-08-15 10:35:00,68.28307
2016-08-15 10:40:00,68.34239
2016-08-15 10:45:00,68.45257
2016-08-15 10:50:00,68.63055
2016-08-15 10:55:00,68.76616
2016-08-15 11:00:00,68.87633
2016-08-15 11:05:00,68.93566
2016-08-15 11:10:00,68.98651
2016-08-15 11:15:00,69.0577
2016-08-15 11:20:00,69.09158
2016-08-15 11:25:00,69.074646
2016-08-15 11:30:00,69.01022
2016-08-15 11:35:00,68.971245
2016-08-15 11:40:00,68.889885
2016-08-15 11:45:00,68.79496
2016-08-15 11:50:00,68.661064
2016-08-15 11:55:00,68.498344
2016-08-15 12:00:00,71.0205
2016-08-15 12:05:00,70.93575
2016-08-15 12:10:00,70.79167
2016-08-15 12:15:00,70.579796
2016-08-15 12:20:00,70.30013
2016-08-15 12:25:00,70.01197
2016-08-15 12:30:00,69.7628
2016-08-15 12:35:00,69.206856
2016-08-15 12:40:00,68.664444
2016-08-15 12:45:00,68.40511
2016-08-15 12:50:00,68.63903
2016-08-15 12:55:00,69.011925
2016-08-15 13:00:00,69.400085
2016-08-15 13:05:00,69.76281
2016-08-15 13:10:00,70.091644
2016-08-15 13:15:00,70.28148
2016-08-15 13:20:00,70.3815
2016-08-15 13:25:00,70.28826
2016-08-15 13:30:00,70.16452
2016-08-15 13:35:00,70.000114
2016-08-15 13:40:00,69.78146
2016-08-15 13:45:00,69.45433
2016-08-15 13:50:00,68.98649
2016-08-15 13:55:00,68.361046
2016-08-15 14:00:00,67.733894
2016-08-15 14:05:00,67.25422
2016-08-15 14:10:00,66.68978
2016-08-15 14:15:00,66.04399
2016-08-15 14:20:00,65.24394
2016-08-15 14:25:00,64.1439
2016-08-15 14:30:00,62.670948
2016-08-15 14:35:00,60.397934
2016-08-15 14:40:00,57.874077
2016-08-15 14:45:00,55.285843
2016-08-15 14:50:00,53.631504
2016-08-15 14:55:00,53.138252
2016-08-15 15:00:00,53.22469
2016-08-15 15:05:00,53.70778
2016-08-15 15:10:00,54.175602
2016-08-15 15:15:00,54.540024
2016-08-15 15:20:00,55.114613
2016-08-15 15:25:00,56.236717
2016-08-15 15:30:00,57.804596
2016-08-15 15:35:00,58.55209
2016-08-15 15:40:00,58.952114
2016-08-15 15:45:00,58.745335
2016-08-15 15:50:00,57.64697
2016-08-15 15:55:00,55.550243
2016-08-15 16:00:00,52.31109
2016-08-15 16:05:00,48.470222
2016-08-15 16:10:00,44.627647
2016-08-15 16:15:00,41.169853
2016-08-15 16:20:00,38.2053
2016-08-15 16:25:00,35.544155
2016-08-15 16:30:00,33.176235
2016-08-15 16:35:00,31.03037
2016-08-15 16:40:00,29.062462
2016-08-15 16:45:00,27.311537
2016-08-15 16:50:00,25.68433
2016-08-15 16:55:00,24.475792
2016-08-15 17:00:00,23.689322
2016-08-15 17:05:00,23.148613
2016-08-15 17:10:00,22.799442
2016-08-15 17:15:00,22.692656
2016-08-15 17:20:00,22.75876
2016-08-15 17:25:00,22.951994
2016-08-15 17:30:00,22.98759
2016-08-15 17:35:00,22.945213
2016-08-15 17:40:00,22.984196
2016-08-15 17:45:00,23.09777
2016-08-15 17:50:00,23.140139
2016-08-15 17:55:00,22.904535
2016-08-15 18:00:00,22.314674
2016-08-15 18:05:00,21.579046
2016-08-15 18:10:00,20.856972
2016-08-15 18:15:00,20.246775
2016-08-15 18:20:00,19.585724
2016-08-15 18:25:00,18.872131
2016-08-15 18:30:00,18.209387
2016-08-15 18:35:00,17.85852
2016-08-15 18:40:00,17.629698
2016-08-15 18:45:00,17.433077
2016-08-15 18:50:00,17.268658
2016-08-15 18:55:00,17.605965
2016-08-15 19:00:00,18.258541
2016-08-15 19:05:00,18.906029
2016-08-15 19:10:00,19.372154
2016-08-15 19:15:00,19.84506
2016-08-15 19:20:00,20.187449
2016-08-15 19:25:00,20.40441
2016-08-15 19:30:00,20.295929
2016-08-15 19:35:00,19.97727
2016-08-15 19:40:00,19.690815
2016-08-15 19:45:00,19.64166
2016-08-15 19:50:00,19.93659
2016-08-15 19:55:00,20.270504
2016-08-15 20:00:00,20.511196
2016-08-15 20:05:00,20.534924
2016-08-15 20:10:00,20.353558
2016-08-15 20:15:00,20.119652
2016-08-15 20:20:00,19.929811
2016-08-15 20:25:00,19.741665
2016-08-15 20:30:00,19.545046
2016-08-15 20:35:00,19.178925
2016-08-15 20:40:00,18.743307
2016-08-15 20:45:00,18.522963
2016-08-15 20:50:00,18.290745
2016-08-15 20:55:00,18.21786
2016-08-15 21:00:00,18.331425
2016-08-15 21:05:00,18.365326
2016-08-15 21:10:00,18.361937
2016-08-15 21:15:00,18.187353
2016-08-15 21:20:00,17.94327
2016-08-15 21:25:00,17.711058
2016-08-15 21:30:00,17.456806
2016-08-15 21:35:00,17.338152
2016-08-15 21:40:00,17.392393
2016-08-15 21:45:00,17.61783
2016-08-15 21:50:00,18.087349
2016-08-15 21:55:00,18.482279
2016-08-15 22:00:00,18.877218
2016-08-15 22:05:00,19.512842
2016-08-15 22:10:00,20.407799
2016-08-15 22:15:00,21.331573
2016-08-15 22:20:00,22.133308
2016-08-15 22:25:00,22.868938
2016-08-15 22:30:00,23.506262
2016-08-15 22:35:00,24.163921
2016-08-15 22:40:00,24.767332
2016-08-15 22:45:00,25.431776
2016-08-15 22:50:00,26.203007
2016-08-15 22:55:00,27.281013
2016-08-15 23:00:00,28.650578
2016-08-15 23:05:00,29.82353
2016-08-15 23:10:00,30.596447
2016-08-15 23:15:00,31.152412
2016-08-15 23:20:00,31.459202
2016-08-15 23:25:00,31.59819
2016-08-15 23:30:00,31.845665
2016-08-15 23:35:00,32.21856
2016-08-15 23:40:00,32.786385
2016-08-15 23:45:00,33.86949
2016-08-15 23:50:00,35.61195
2016-08-15 23:55:00,37.77308
2016-08-16 00:00:00,40.247776
2016-08-16 00:05:00,42.77502
2016-08-16 00:10:00,45.5565
2016-08-16 00:15:00,48.31427
2016-08-16 00:20:00,50.938152
2016-08-16 00:25:00,53.492508
2016-08-16 00:30:00,55.977367
2016-08-16 00:35:00,58.485973
2016-08-16 00:40:00,61.108147
2016-08-16 00:45:00,63.5218
2016-08-16 00:50:00,65.63889
2016-08-16 00:55:00,67.48983
2016-08-16 01:00:00,68.86277
2016-08-16 01:05:00,69.85095
2016-08-16 01:10:00,70.67473
2016-08-16 01:15:00,71.31882
2016-08-16 01:20:00,71.73071
2016-08-16 01:25:00,71.89514
2016-08-16 01:30:00,71.969696
2016-08-16 01:35:00,72.01039
2016-08-16 01:40:00,72.02395
2016-08-16 01:45:00,72.0375
2016-08-16 01:50:00,72.0375
2016-08-16 01:55:00,72.0375
2016-08-16 02:00:00,72.0375
2016-08-16 02:05:00,72.0375
2016-08-16 02:10:00,72.0375
2016-08-16 02:15:00,72.0375
2016-08-16 02:20:00,72.0375
2016-08-16 02:25:00,72.0375
2016-08-16 02:30:00,72.0375
2016-08-16 02:35:00,72.0375
2016-08-16 02:40:00,72.0375
2016-08-16 02:45:00,72.0375
2016-08-16 02:50:00,72.0375
2016-08-16 02:55:00,72.0375
2016-08-16 03:00:00,72.0375
2016-08-16 03:05:00,72.0375
2016-08-16 03:10:00,72.0375
2016-08-16 03:15:00,72.0375
2016-08-16 03:20:00,72.0375
2016-08-16 03:25:00,72.0375
2016-08-16 03:30:00,72.0375
2016-08-16 03:35:00,72.0375
2016-08-16 03:40:00,72.0375
2016-08-16 03:45:00,72.0375
2016-08-16 03:50:00,72.0375
2016-08-16 03:55:00,72.0375
2016-08-16 04:00:00,72.0375
2016-08-16 04:05:00,72.0375
2016-08-16 04:10:00,72.0375
2016-08-16 04:15:00,72.0375
2016-08-16 04:20:00,72.0375
2016-08-16 04:25:00,72.0375
2016-08-16 04:30:00,72.0375
2016-08-16 04:35:00,72.0375
2016-08-16 04:40:00,72.0375
2016-08-16 04:45:00,72.0375
2016-08-16 04:50:00,72.0375
2016-08-16 04:55:00,72.0375
2016-08-16 05:00:00,72.0375
2016-08-16 05:05:00,72.0375
2016-08-16 05:10:00,72.0375
2016-08-16 05:15:00,72.0375
2016-08-16 05:20:00,72.0375
2016-08-16 05:25:00,72.0375
2016-08-16 05:30:00,72.0375
2016-08-16 05:35:00,72.0375
2016-08-16 05:40:00,72.0375
2016-08-16 05:45:00,72.0375
2016-08-16 05:50:00,72.0375
2016-08-16 05:55:00,72.0375
2016-08-16 06:00:00,72.0375
2016-08-16 06:05:00,72.0375
2016-08-16 06:10:00,72.0375
2016-08-16 06:15:00,72.0375
2016-08-16 06:20:00,72.0375
2016-08-16 06:25:00,72.0375
2016-08-16 06:30:00,72.0375
2016-08-16 06:35:00,72.0375
2016-08-16 06:40:00,72.0375
2016-08-16 06:45:00,72.0375
2016-08-16 06:50:00,72.0375
2016-08-16 06:55:00,72.0375
2016-08-16 07:00:00,72.0375
2016-08-16 07:05:00,72.0375
2016-08-16 07:10:00,72.0375
2016-08-16 07:15:00,72.0375
2016-08-16 07:20:00,72.0375
2016-08-16 07:25:00,72.0375
2016-08-16 07:30:00,72.0375
2016-08-16 07:35:00,72.0375
2016-08-16 07:40:00,72.0375
2016-08-16 07:45:00,72.0375
2016-08-16 07:50:00,72.0375
2016-08-16 07:55:00,72.0375
2016-08-16 08:00:00,72.0375
2016-08-16 08:05:00,72.0375
2016-08-16 08:10:00,72.0375
2016-08-16 08:15:00,72.0375
2016-08-16 08:20:00,72.0375
2016-08-16 08:25:00,72.0375
2016-08-16 08:30:00,72.0375
2016-08-16 08:35:00,72.0375
2016-08-16 08:40:00,72.0375
2016-08-16 08:45:00,72.0375
2016-08-16 08:50:00,72.0375
2016-08-16 08:55:00,72.0375
2016-08-16 09:00:00,72.0375
2016-08-16 09:05:00,72.0375
2016-08-16 09:10:00,72.0375
2016-08-16 09:15:00,72.0375
2016-08-16 09:20:00,72.0375
2016-08-16 09:25:00,72.0375
2016-08-16 09:30:00,72.0375
2016-08-16 09:35:00,72.0375
2016-08-16 09:40:00,72.0375
2016-08-16 09:45:00,72.0375
2016-08-16 09:50:00,72.0375
2016-08-16 09:55:00,72.0375
2016-08-16 10:00:00,72.0375
2016-08-16 10:05:00,72.0375
2016-08-16 10:10:00,72.0375
2016-08-16 10:15:00,72.0375
2016-08-16 10:20:00,72.0375
2016-08-16 10:25:00,72.0036
2016-08-16 10:30:00,71.88495
2016-08-16 10:35:00,71.6985
2016-08-16 10:40:00,71.4951
2016-08-16 10:45:00,71.28322
2016-08-16 10:50:00,71.07135
2016-08-16 10:55:00,70.8171
2016-08-16 11:00:00,70.57132
2016-08-16 11:05:00,70.35098
2016-08-16 11:10:00,70.15605
2016-08-16 11:15:00,69.995026
2016-08-16 11:20:00,69.82552
2016-08-16 11:25:00,69.5967
2016-08-16 11:30:00,69.30854
2016-08-16 11:35:00,69.01361
2016-08-16 11:40:00,68.77124
2016-08-16 11:45:00,68.513596
2016-08-16 11:50:00,68.320366
2016-08-16 11:55:00,68.20172
2016-08-16 12:00:00,72.0375
2016-08-16 12:05:00,72.0375
2016-08-16 12:10:00,72.0375
2016-08-16 12:15:00,72.0375
2016-08-16 12:20:00,72.0375
2016-08-16 12:25:00,72.0375
2016-08-16 12:30:00,72.0375
2016-08-16 12:35:00,72.0375
2016-08-16 12:40:00,72.0375
2016-08-16 12:45:00,72.0375
2016-08-16 12:50:00,72.0375
2016-08-16 12:55:00,72.0375
2016-08-16 13:00:00,72.0375
2016-08-16 13:05:00,72.0375
2016-08-16 13:10:00,72.0375
2016-08-16 13:15:00,72.0375
2016-08-16 13:20:00,72.0375
2016-08-16 13:25:00,72.0375
2016-08-16 13:30:00,72.02055
2016-08-16 13:35:00,71.99512
2016-08-16 13:40:00,71.96122
2016-08-16 13:45:00,71.817154
2016-08-16 13:50:00,71.613754
2016-08-16 13:55:00,71.2239
2016-08-16 14:00:00,70.698456
2016-08-16 14:05:00,70.24081
2016-08-16 14:10:00,69.872986
2016-08-16 14:15:00,69.35093
2016-08-16 14:20:00,68.36953
2016-08-16 14:25:00,66.90673
2016-08-16 14:30:00,64.99818
2016-08-16 14:35:00,63.16588
2016-08-16 14:40:00,61.092876
2016-08-16 14:45:00,59.03008
2016-08-16 14:50:00,56.85369
2016-08-16 14:55:00,54.78918
2016-08-16 15:00:00,53.216225
2016-08-16 15:05:00,52.22126
2016-08-16 15:10:00,51.507668
2016-08-16 15:15:00,51.13476
2016-08-16 15:20:00,50.887295
2016-08-16 15:25:00,50.744915
2016-08-16 15:30:00,51.038136
2016-08-16 15:35:00,52.485676
2016-08-16 15:40:00,53.5281
2016-08-16 15:45:00,53.765408
2016-08-16 15:50:00,53.31284
2016-08-16 15:55:00,52.161922
2016-08-16 16:00:00,50.33472
2016-08-16 16:05:00,48.30751
2016-08-16 16:10:00,45.93958
2016-08-16 16:15:00,43.407265
2016-08-16 16:20:00,41.132557
2016-08-16 16:25:00,38.973133
2016-08-16 16:30:00,36.83066
2016-08-16 16:35:00,34.82887
2016-08-16 16:40:00,32.72199
2016-08-16 16:45:00,30.237112
2016-08-16 16:50:00,27.777657
2016-08-16 16:55:00,25.555517
2016-08-16 17:00:00,23.5927
2016-08-16 17:05:00,21.933296
2016-08-16 17:10:00,20.521364
2016-08-16 17:15:00,19.150112
2016-08-16 17:20:00,17.899202
2016-08-16 17:25:00,16.639814
2016-08-16 17:30:00,15.373648
2016-08-16 17:35:00,14.092227
2016-08-16 17:40:00,13.01082
2016-08-16 17:45:00,12.159926
2016-08-16 17:50:00,11.459894
2016-08-16 17:55:00,10.968344
2016-08-16 18:00:00,10.717484
2016-08-16 18:05:00,10.598834
2016-08-16 18:10:00,10.556458
2016-08-16 18:15:00,10.609007
2016-08-16 18:20:00,10.714096
2016-08-16 18:25:00,10.732739
2016-08-16 18:30:00,10.62426
2016-08-16 18:35:00,10.415776
2016-08-16 18:40:00,10.171695
2016-08-16 18:45:00,10.056435
2016-08-16 18:50:00,10.014059
2016-08-16 18:55:00,9.914055
2016-08-16 19:00:00,9.798795
2016-08-16 19:05:00,9.695399
2016-08-16 19:10:00,9.649634
2016-08-16 19:15:00,9.612346
2016-08-16 19:20:00,9.646245
2016-08-16 19:25:00,9.873376
2016-08-16 19:30:00,10.190339
2016-08-16 19:35:00,10.554766
2016-08-16 19:40:00,10.909019
2016-08-16 19:45:00,11.248021
2016-08-16 19:50:00,11.658208
2016-08-16 19:55:00,12.066705
2016-08-16 20:00:00,12.344683
2016-08-16 20:05:00,12.217561
2016-08-16 20:10:00,11.809062
2016-08-16 20:15:00,11.2887
2016-08-16 20:20:00,10.9242735
2016-08-16 20:25:00,10.602226
2016-08-16 20:30:00,10.26153
2016-08-16 20:35:00,9.956429
2016-08-16 20:40:00,9.697096
2016-08-16 20:45:00,9.730996
2016-08-16 20:50:00,10.022533
2016-08-16 20:55:00,10.359842
2016-08-16 21:00:00,10.742911
2016-08-16 21:05:00,11.161574
2016-08-16 21:10:00,11.600581
2016-08-16 21:15:00,12.103995
2016-08-16 21:20:00,12.631138
2016-08-16 21:25:00,13.220998
2016-08-16 21:30:00,13.992224
2016-08-16 21:35:00,14.800739
2016-08-16 21:40:00,15.597388
2016-08-16 21:45:00,16.358448
2016-08-16 21:50:00,17.222897
2016-08-16 21:55:00,18.185654
2016-08-16 22:00:00,19.20096
2016-08-16 22:05:00,20.402714
2016-08-16 22:10:00,21.846851
2016-08-16 22:15:00,23.684238
2016-08-16 22:20:00,25.7284
2016-08-16 22:25:00,27.684443
2016-08-16 22:30:00,29.576048
2016-08-16 22:35:00,31.350718
2016-08-16 22:40:00,32.972843
2016-08-16 22:45:00,34.447487
2016-08-16 22:50:00,36.05774
2016-08-16 22:55:00,37.749344
2016-08-16 23:00:00,39.708763
2016-08-16 23:05:00,41.897007
2016-08-16 23:10:00,44.322556
2016-08-16 23:15:00,46.980305
2016-08-16 23:20:00,49.849945
2016-08-16 23:25:00,52.829758
2016-08-16 23:30:00,55.963802
2016-08-16 23:35:00,59.126705
2016-08-16 23:40:00,62.194656
2016-08-16 23:45:00,64.938866
2016-08-16 23:50:00,67.30169
2016-08-16 23:55:00,69.05093
2016-08-17 00:00:00,70.60185
2016-08-17 00:05:00,71.496796
2016-08-17 00:10:00,71.86121
2016-08-17 00:15:00,72.007
2016-08-17 00:20:00,72.0375
2016-08-17 00:25:00,72.0375
2016-08-17 00:30:00,72.0375
2016-08-17 00:35:00,72.0375
2016-08-17 00:40:00,72.0375
2016-08-17 00:45:00,72.0375
2016-08-17 00:50:00,72.0375
2016-08-17 00:55:00,72.0375
2016-08-17 01:00:00,72.0375
2016-08-17 01:05:00,72.0375
2016-08-17 01:10:00,72.0375
2016-08-17 01:15:00,72.0375
2016-08-17 01:20:00,72.0375
2016-08-17 01:25:00,72.0375
2016-08-17 01:30:00,72.0375
2016-08-17 01:35:00,72.0375
2016-08-17 01:40:00,72.0375
2016-08-17 01:45:00,72.0375
2016-08-17 01:50:00,72.0375
2016-08-17 01:55:00,72.0375
2016-08-17 02:00:00,72.0375
2016-08-17 02:05:00,72.0375
2016-08-17 02:10:00,72.0375
2016-08-17 02:15:00,72.0375
2016-08-17 02:20:00,72.0375
2016-08-17 02:25:00,72.0375
2016-08-17 02:30:00,72.0375
2016-08-17 02:35:00,72.0375
2016-08-17 02:40:00,72.0375
2016-08-17 02:45:00,72.0375
2016-08-17 02:50:00,72.0375
2016-08-17 02:55:00,72.0375
2016-08-17 03:00:00,72.0375
2016-08-17 03:05:00,72.0375
2016-08-17 03:10:00,72.0375
2016-08-17 03:15:00,72.0375
2016-08-17 03:20:00,72.0375
2016-08-17 03:25:00,72.0375
2016-08-17 03:30:00,72.0375
2016-08-17 03:35:00,72.0375
2016-08-17 03:40:00,72.0375
2016-08-17 03:45:00,72.0375
2016-08-17 03:50:00,72.0375
2016-08-17 03:55:00,72.0375
2016-08-17 04:00:00,72.0375
2016-08-17 04:05:00,72.0375
2016-08-17 04:10:00,72.0375
2016-08-17 04:15:00,72.0375
2016-08-17 04:20:00,72.0375
2016-08-17 04:25:00,72.0375
2016-08-17 04:30:00,72.0375
2016-08-17 04:35:00,72.0375
2016-08-17 04:40:00,72.0375
2016-08-17 04:45:00,72.0375
2016-08-17 04:50:00,72.0375
2016-08-17 04:55:00,72.0375
2016-08-17 05:00:00,72.0375
2016-08-17 05:05:00,72.0375
2016-08-17 05:10:00,72.0375
2016-08-17 05:15:00,72.0375
2016-08-17 05:20:00,72.0375
2016-08-17 05:25:00,72.0375
2016-08-17 05:30:00,72.0375
2016-08-17 05:35:00,72.0375
2016-08-17 05:40:00,72.0375
2016-08-17 05:45:00,72.0375
2016-08-17 05:50:00,72.0375
2016-08-17 05:55:00,72.0375
2016-08-17 06:00:00,72.0375
2016-08-17 06:05:00,72.0375
2016-08-17 06:10:00,72.0375
2016-08-17 06:15:00,72.0375
2016-08-17 06:20:00,72.0375
2016-08-17 06:25:00,72.0375
2016-08-17 06:30:00,72.0375
2016-08-17 06:35:00,72.0375
2016-08-17 06:40:00,72.0375
2016-08-17 06:45:00,72.0375
2016-08-17 06:50:00,72.0375
2016-08-17 06:55:00,72.0375
2016-08-17 07:00:00,72.0375
2016-08-17 07:05:00,72.0375
2016-08-17 07:10:00,72.0375
2016-08-17 07:15:00,72.0375
2016-08-17 07:20:00,72.0375
2016-08-17 07:25:00,72.0375
2016-08-17 07:30:00,72.0375
2016-08-17 07:35:00,72.0375
2016-08-17 07:40:00,72.0375
2016-08-17 07:45:00,72.0375
2016-08-17 07:50:00,72.0375
2016-08-17 07:55:00,72.0375
2016-08-17 08:00:00,72.0375
2016-08-17 08:05:00,72.0375
2016-08-17 08:10:00,72.0375
2016-08-17 08:15:00,72.0375
2016-08-17 08:20:00,72.0375
2016-08-17 08:25:00,72.0375
2016-08-17 08:30:00,72.0375
2016-08-17 08:35:00,72.0375
2016-08-17 08:40:00,72.0375
2016-08-17 08:45:00,72.0375
2016-08-17 08:50:00,72.0375
2016-08-17 08:55:00,72.0375
2016-08-17 09:00:00,72.0375
2016-08-17 09:05:00,72.0375
2016-08-17 09:10:00,72.0375
2016-08-17 09:15:00,72.01207
2016-08-17 09:20:00,71.97818
2016-08-17 09:25:00,71.84257
2016-08-17 09:30:00,71.766304
2016-08-17 09:35:00,71.7324
2016-08-17 09:40:00,71.7324
2016-08-17 09:45:00,71.74087
2016-08-17 09:50:00,71.7324
2016-08-17 09:55:00,71.69002
2016-08-17 10:00:00,71.60527
2016-08-17 10:05:00,71.44425
2016-08-17 10:10:00,71.24085
2016-08-17 10:15:00,71.0205
2016-08-17 10:20:00,70.74082
2016-08-17 10:25:00,70.478096
2016-08-17 10:30:00,70.22215
2016-08-17 10:35:00,70.056046
2016-08-17 10:40:00,69.94079
2016-08-17 10:45:00,69.83909
2016-08-17 10:50:00,69.66619
2016-08-17 10:55:00,69.43228
2016-08-17 11:00:00,69.12041
2016-08-17 11:05:00,68.82208
2016-08-17 11:10:00,68.57461
2016-08-17 11:15:00,68.34071
2016-08-17 11:20:00,68.11697
2016-08-17 11:25:00,67.94747
2016-08-17 11:30:00,67.78136
2016-08-17 11:35:00,67.58644
2016-08-17 11:40:00,67.33557
2016-08-17 11:45:00,66.976234
2016-08-17 11:50:00,66.60673
2016-08-17 11:55:00,66.25755
2016-08-17 12:00:00,65.913475
2016-08-17 12:05:00,70.8171
2016-08-17 12:10:00,70.76625
2016-08-17 12:15:00,70.7154
2016-08-17 12:20:00,70.698456
2016-08-17 12:25:00,70.68997
2016-08-17 12:30:00,70.63405
2016-08-17 12:35:00,70.55267
2016-08-17 12:40:00,70.41538
2016-08-17 12:45:00,70.217064
2016-08-17 12:50:00,69.94247
2016-08-17 12:55:00,69.593315
2016-08-17 13:00:00,69.20008
2016-08-17 13:05:00,68.73565
2016-08-17 13:10:00,68.34919
2016-08-17 13:15:00,68.00509
2016-08-17 13:20:00,67.75764
2016-08-17 13:25:00,67.43897
2016-08-17 13:30:00,66.9525
2016-08-17 13:35:00,66.34908
2016-08-17 13:40:00,65.62023
2016-08-17 13:45:00,64.65577
2016-08-17 13:50:00,63.269283
2016-08-17 13:55:00,61.694607
2016-08-17 14:00:00,60.08776
2016-08-17 14:05:00,58.333424
2016-08-17 14:10:00,57.43677
2016-08-17 14:15:00,56.25027
2016-08-17 14:20:00,54.194244
2016-08-17 14:25:00,51.58056
2016-08-17 14:30:00,49.126183
2016-08-17 14:35:00,46.8871
2016-08-17 14:40:00,45.74806
2016-08-17 14:45:00,44.866646
2016-08-17 14:50:00,44.876823
2016-08-17 14:55:00,44.64969
2016-08-17 15:00:00,44.45307
2016-08-17 15:05:00,44.527657
2016-08-17 15:10:00,44.842922
2016-08-17 15:15:00,45.38532
2016-08-17 15:20:00,46.059933
2016-08-17 15:25:00,47.076923
2016-08-17 15:30:00,48.64311
2016-08-17 15:35:00,50.631344
2016-08-17 15:40:00,53.26877
2016-08-17 15:45:00,56.238403
2016-08-17 15:50:00,58.45716
2016-08-17 15:55:00,60.25047
2016-08-17 16:00:00,61.1946
2016-08-17 16:05:00,61.160683
2016-08-17 16:10:00,60.453884
2016-08-17 16:15:00,59.197876
2016-08-17 16:20:00,57.345234
2016-08-17 16:25:00,55.34514
2016-08-17 16:30:00,53.439972
2016-08-17 16:35:00,51.561897
2016-08-17 16:40:00,49.714344
2016-08-17 16:45:00,47.93461
2016-08-17 16:50:00,46.151455
2016-08-17 16:55:00,44.349678
2016-08-17 17:00:00,43.066566
2016-08-17 17:05:00,42.412292
2016-08-17 17:10:00,42.04617
2016-08-17 17:15:00,41.369865
2016-08-17 17:20:00,40.02912
2016-08-17 17:25:00,38.005287
2016-08-17 17:30:00,35.632294
2016-08-17 17:35:00,33.203354
2016-08-17 17:40:00,30.877811
2016-08-17 17:45:00,28.738726
2016-08-17 17:50:00,26.986094
2016-08-17 17:55:00,25.43178
2016-08-17 18:00:00,24.113062
2016-08-17 18:05:00,22.919786
2016-08-17 18:10:00,21.760406
2016-08-17 18:15:00,20.55018
2016-08-17 18:20:00,19.44504
2016-08-17 18:25:00,18.497536
2016-08-17 18:30:00,17.661901
2016-08-17 18:35:00,16.987291
2016-08-17 18:40:00,16.331327
2016-08-17 18:45:00,15.448227
2016-08-17 18:50:00,14.349869
2016-08-17 18:55:00,13.398974
2016-08-17 19:00:00,12.654869
2016-08-17 19:05:00,12.024329
2016-08-17 19:10:00,11.392093
2016-08-17 19:15:00,10.595446
2016-08-17 19:20:00,9.7598095
2016-08-17 19:25:00,9.01062
2016-08-17 19:30:00,8.224139
2016-08-17 19:35:00,7.4054556
2016-08-17 19:40:00,6.820678
2016-08-17 19:45:00,6.5630383
2016-08-17 19:50:00,6.4918528
2016-08-17 19:55:00,6.505413
2016-08-17 20:00:00,6.4698153
2016-08-17 20:05:00,6.378283
2016-08-17 20:10:00,6.2460732
2016-08-17 20:15:00,6.09861
2016-08-17 20:20:00,6.0460653
2016-08-17 20:25:00,6.0308113
2016-08-17 20:30:00,6.0511503
2016-08-17 20:35:00,6.0986094
2016-08-17 20:40:00,6.093525
2016-08-17 20:45:00,6.068098
2016-08-17 20:50:00,5.9697895
2016-08-17 20:55:00,5.85114
2016-08-17 21:00:00,5.85114
2016-08-17 21:05:00,5.8426647
2016-08-17 21:10:00,5.827411
2016-08-17 21:15:00,5.8799553
2016-08-17 21:20:00,5.944366
2016-08-17 21:25:00,6.044369
2016-08-17 21:30:00,6.12912
2016-08-17 21:35:00,6.227429
2016-08-17 21:40:00,6.303704
2016-08-17 21:45:00,6.3681154
2016-08-17 21:50:00,6.5054092
2016-08-17 21:55:00,6.7410126
2016-08-17 22:00:00,7.0511985
2016-08-17 22:05:00,7.308839
2016-08-17 22:10:00,7.671572
2016-08-17 22:15:00,8.11566
2016-08-17 22:20:00,8.771626
2016-08-17 22:25:00,9.55641
2016-08-17 22:30:00,10.361534
2016-08-17 22:35:00,11.149712
2016-08-17 22:40:00,11.849749
2016-08-17 22:45:00,12.426042
2016-08-17 22:50:00,12.902339
2016-08-17 22:55:00,13.37524
2016-08-17 23:00:00,14.037992
2016-08-17 23:05:00,14.819383
2016-08-17 23:10:00,15.536368
2016-08-17 23:15:00,16.372005
2016-08-17 23:20:00,17.324598
2016-08-17 23:25:00,18.502623
2016-08-17 23:30:00,19.86879
2016-08-17 23:35:00,21.214622
2016-08-17 23:40:00,22.502821
2016-08-17 23:45:00,23.806276
2016-08-17 23:50:00,25.167355
2016-08-17 23:55:00,26.991179
2016-08-18 00:00:00,29.091293
2016-08-18 00:05:00,31.345644
2016-08-18 00:10:00,33.396587
2016-08-18 00:15:00,35.33228
2016-08-18 00:20:00,37.357803
2016-08-18 00:25:00,39.681644
2016-08-18 00:30:00,42.236008
2016-08-18 00:35:00,44.795452
2016-08-18 00:40:00,47.410847
2016-08-18 00:45:00,50.31777
2016-08-18 00:50:00,53.414524
2016-08-18 00:55:00,56.19263
2016-08-18 01:00:00,58.62497
2016-08-18 01:05:00,60.78441
2016-08-18 01:10:00,62.801453
2016-08-18 01:15:00,64.57444
2016-08-18 01:20:00,66.34909
2016-08-18 01:25:00,67.944084
2016-08-18 01:30:00,69.206856
2016-08-18 01:35:00,70.21367
2016-08-18 01:40:00,70.9154
2016-08-18 01:45:00,71.37135
2016-08-18 01:50:00,71.70358
2016-08-18 01:55:00,71.851036
2016-08-18 02:00:00,71.93411
2016-08-18 02:05:00,71.98325
2016-08-18 02:10:00,72.02395
2016-08-18 02:15:00,72.0375
2016-08-18 02:20:00,72.0375
2016-08-18 02:25:00,72.0375
2016-08-18 02:30:00,72.0375
2016-08-18 02:35:00,72.0375
2016-08-18 02:40:00,72.0375
2016-08-18 02:45:00,72.0375
2016-08-18 02:50:00,72.0375
2016-08-18 02:55:00,72.0375
2016-08-18 03:00:00,72.0375
2016-08-18 03:05:00,72.0375
2016-08-18 03:10:00,72.0375
2016-08-18 03:15:00,72.0375
2016-08-18 03:20:00,72.0375
2016-08-18 03:25:00,72.0375
2016-08-18 03:30:00,72.0375
2016-08-18 03:35:00,72.0375
2016-08-18 03:40:00,72.0375
2016-08-18 03:45:00,72.0375
2016-08-18 03:50:00,72.0375
2016-08-18 03:55:00,72.0375
2016-08-18 04:00:00,72.0375
2016-08-18 04:05:00,72.0375
2016-08-18 04:10:00,72.0375
2016-08-18 04:15:00,72.0375
2016-08-18 04:20:00,72.0375
2016-08-18 04:25:00,72.010376
2016-08-18 04:30:00,71.969696
2016-08-18 04:35:00,71.883255
2016-08-18 04:40:00,71.64936
2016-08-18 04:45:00,71.43747
2016-08-18 04:50:00,71.19339
2016-08-18 04:55:00,70.7137
2016-08-18 05:00:00,70.07639
2016-08-18 05:05:00,69.437386
2016-08-18 05:10:00,68.778015
2016-08-18 05:15:00,68.07459
2016-08-18 05:20:00,67.42034
2016-08-18 05:25:00,66.847404
2016-08-18 05:30:00,66.12535
2016-08-18 05:35:00,65.11513
2016-08-18 05:40:00,63.776077
2016-08-18 05:45:00,62.33361
2016-08-18 05:50:00,60.84712
2016-08-18 05:55:00,59.448742
2016-08-18 06:00:00,58.250374
2016-08-18 06:05:00,57.336746
2016-08-18 06:10:00,56.59773
2016-08-18 06:15:00,55.71467
2016-08-18 06:20:00,54.645107
2016-08-18 06:25:00,53.733208
2016-08-18 06:30:00,53.356907
2016-08-18 06:35:00,53.689133
2016-08-18 06:40:00,54.480694
2016-08-18 06:45:00,55.040054
2016-08-18 06:50:00,54.91968
2016-08-18 06:55:00,53.69591
2016-08-18 07:00:00,51.287308
2016-08-18 07:05:00,48.210884
2016-08-18 07:10:00,45.019203
2016-08-18 07:15:00,41.659706
2016-08-18 07:20:00,38.118862
2016-08-18 07:25:00,34.793266
2016-08-18 07:30:00,32.011772
2016-08-18 07:35:00,29.5947
2016-08-18 07:40:00,27.381031
2016-08-18 07:45:00,25.81655
2016-08-18 07:50:00,25.294483
2016-08-18 07:55:00,25.523308
2016-08-18 08:00:00,25.930115
2016-08-18 08:05:00,26.184357
2016-08-18 08:10:00,25.925018
2016-08-18 08:15:00,24.716494
2016-08-18 08:20:00,22.51638
2016-08-18 08:25:00,19.99083
2016-08-18 08:30:00,17.79072
2016-08-18 08:35:00,16.16691
2016-08-18 08:40:00,15.177027
2016-08-18 08:45:00,14.909228
2016-08-18 08:50:00,15.149914
2016-08-18 08:55:00,15.614343
2016-08-18 09:00:00,15.922831
2016-08-18 09:05:00,15.558404
2016-08-18 09:10:00,14.57022
2016-08-18 09:15:00,13.197271
2016-08-18 09:20:00,11.651429
2016-08-18 09:25:00,9.958125
2016-08-18 09:30:00,8.2376995
2016-08-18 09:35:00,6.6698256
2016-08-18 09:40:00,5.2951803
2016-08-18 09:45:00,3.9307044
2016-08-18 09:50:00,3.0459151
2016-08-18 09:55:00,2.242485
2016-08-18 10:00:00,1.805175
2016-08-18 10:05:00,1.3814249
2016-08-18 10:10:00,1.0847999
2016-08-18 10:15:00,0.8814002
2016-08-18 10:20:00,0.8542802
2016-08-18 10:25:00,0.83394027
2016-08-18 10:30:00,0.8458053
2016-08-18 10:35:00,0.83394
2016-08-18 10:40:00,0.8508902
2016-08-18 10:45:00,0.92547005
2016-08-18 10:50:00,1.0898851
2016-08-18 10:55:00,1.2678599
2016-08-18 11:00:00,1.4017651
2016-08-18 11:05:00,1.4644799
2016-08-18 11:10:00,1.4509199
2016-08-18 11:15:00,1.3170149
2016-08-18 11:20:00,1.11531
2016-08-18 11:25:00,0.8949599
2016-08-18 11:30:00,0.7339351
2016-08-18 11:35:00,0.68647516
2016-08-18 11:40:00,0.67122006
2016-08-18 11:45:00,0.64409995
2016-08-18 11:50:00,0.63223505
2016-08-18 11:55:00,0.5746049
2016-08-18 12:00:00,3.469664
2016-08-18 12:05:00,3.608655
2016-08-18 12:10:00,3.542551
2016-08-18 12:15:00,3.439156
2016-08-18 12:20:00,3.2594852
2016-08-18 12:25:00,3.147615
2016-08-18 12:30:00,3.2221954
2016-08-18 12:35:00,3.3662696
2016-08-18 12:40:00,3.4035594
2016-08-18 12:45:00,3.283215
2016-08-18 12:50:00,2.9221797
2016-08-18 12:55:00,2.3543549
2016-08-18 13:00:00,1.62381
2016-08-18 13:05:00,1.0356449
2016-08-18 13:10:00,0.6712202
2016-08-18 13:15:00,0.46782002
2016-08-18 13:20:00,0.39832503
2016-08-18 13:25:00,0.39832503
2016-08-18 13:30:00,0.36272994
2016-08-18 13:35:00,0.28306502
2016-08-18 13:40:00,0.22204499
2016-08-18 13:45:00,0.14238
2016-08-18 13:50:00,0.08474999
2016-08-18 13:55:00,0.049154993
2016-08-18 14:00:00,0.022034997
2016-08-18 14:05:00,0.008475
2016-08-18 14:10:00,0.008475
2016-08-18 14:15:00,0.008475
2016-08-18 14:20:00,0.0
2016-08-18 14:25:00,0.0
2016-08-18 14:30:00,0.0
2016-08-18 14:35:00,0.0
2016-08-18 14:40:00,0.0
2016-08-18 14:45:00,0.0
2016-08-18 14:50:00,0.0
2016-08-18 14:55:00,0.0
2016-08-18 15:00:00,0.0
2016-08-18 15:05:00,0.0
2016-08-18 15:10:00,0.0
2016-08-18 15:15:00,0.0
2016-08-18 15:20:00,0.0
2016-08-18 15:25:00,0.0
2016-08-18 15:30:00,0.0
2016-08-18 15:35:00,0.0
2016-08-18 15:40:00,0.0
2016-08-18 15:45:00,0.0
2016-08-18 15:50:00,0.0
2016-08-18 15:55:00,0.0
2016-08-18 16:00:00,0.0
2016-08-18 16:05:00,0.0
2016-08-18 16:10:00,0.0
2016-08-18 16:15:00,0.0
2016-08-18 16:20:00,0.0
2016-08-18 16:25:00,0.0
2016-08-18 16:30:00,0.0
2016-08-18 16:35:00,0.0
2016-08-18 16:40:00,0.050849993
2016-08-18 16:45:00,0.23052001
2016-08-18 16:50:00,0.4237502
2016-08-18 16:55:00,0.64749014
2016-08-18 17:00:00,1.0102203
2016-08-18 17:05:00,1.3543049
2016-08-18 17:10:00,1.7289004
2016-08-18 17:15:00,2.1407852
2016-08-18 17:20:00,2.5933502
2016-08-18 17:25:00,3.0120149
2016-08-18 17:30:00,3.3713548
2016-08-18 17:35:00,3.6120439
2016-08-18 17:40:00,3.7137444
2016-08-18 17:45:00,3.7052698
2016-08-18 17:50:00,3.4967852
2016-08-18 17:55:00,3.147615
2016-08-18 18:00:00,2.795055
2016-08-18 18:05:00,2.5136852
2016-08-18 18:10:00,2.2950299
2016-08-18 18:15:00,2.0865455
2016-08-18 18:20:00,1.8933151
2016-08-18 18:25:00,1.7492402
2016-08-18 18:30:00,1.6153347
2016-08-18 18:35:00,1.6136394
2016-08-18 18:40:00,1.6034701
2016-08-18 18:45:00,1.5932999
2016-08-18 18:50:00,1.5390599
2016-08-18 18:55:00,1.5305855
2016-08-18 19:00:00,1.5509247
2016-08-18 19:05:00,1.6560156
2016-08-18 19:10:00,1.8865352
2016-08-18 19:15:00,2.16621
2016-08-18 19:20:00,2.4035096
2016-08-18 19:25:00,2.5391097
2016-08-18 19:30:00,2.4899545
2016-08-18 19:35:00,2.323845
2016-08-18 19:40:00,2.0899348
2016-08-18 19:45:00,1.9085698
2016-08-18 19:50:00,1.8661953
2016-08-18 19:55:00,1.8848399
2016-08-18 20:00:00,1.9390799
2016-08-18 20:05:00,2.07468
2016-08-18 20:10:00,2.235705
2016-08-18 20:15:00,2.3323202
2016-08-18 20:20:00,2.2526555
2016-08-18 20:25:00,2.0424747
2016-08-18 20:30:00,1.82043
2016-08-18 20:35:00,1.5899096
2016-08-18 20:40:00,1.3034551
2016-08-18 20:45:00,1.018695
2016-08-18 20:50:00,0.76444507
2016-08-18 20:55:00,0.53392506
2016-08-18 21:00:00,0.4322249
2016-08-18 21:05:00,0.40849504
2016-08-18 21:10:00,0.51189005
2016-08-18 21:15:00,0.66444004
2016-08-18 21:20:00,0.7746151
2016-08-18 21:25:00,0.7915651
2016-08-18 21:30:00,0.700035
2016-08-18 21:35:00,0.540705
2016-08-18 21:40:00,0.42036
2016-08-18 21:45:00,0.30679503
2016-08-18 21:50:00,0.20340002
2016-08-18 21:55:00,0.12203998
2016-08-18 22:00:00,0.06441
2016-08-18 22:05:00,0.050849997
2016-08-18 22:10:00,0.042374995
2016-08-18 22:15:00,0.042374995
2016-08-18 22:20:00,0.042374995
2016-08-18 22:25:00,0.07796999
2016-08-18 22:30:00,0.105089985
2016-08-18 22:35:00,0.105089985
2016-08-18 22:40:00,0.08305499
2016-08-18 22:45:00,0.06101999
2016-08-18 22:50:00,0.049154997
2016-08-18 22:55:00,0.06440999
2016-08-18 23:00:00,0.089834996
2016-08-18 23:05:00,0.10509001
2016-08-18 23:10:00,0.094919994
2016-08-18 23:15:00,0.069495
2016-08-18 23:20:00,0.049154997
2016-08-18 23:25:00,0.030509997
2016-08-18 23:30:00,0.008475
2016-08-18 23:35:00,0.027119998
2016-08-18 23:40:00,0.040679995
2016-08-18 23:45:00,0.054239996
2016-08-18 23:50:00,0.049154993
2016-08-18 23:55:00,0.030509997
2016-08-19 00:00:00,0.025424998
2016-08-19 00:05:00,0.047459997
2016-08-19 00:10:00,0.06949499
2016-08-19 00:15:00,0.09661499
2016-08-19 00:20:00,0.12034498
2016-08-19 00:25:00,0.14407499
2016-08-19 00:30:00,0.15933
2016-08-19 00:35:00,0.15594001
2016-08-19 00:40:00,0.16610998
2016-08-19 00:45:00,0.17797503
2016-08-19 00:50:00,0.208485
2016-08-19 00:55:00,0.25594506
2016-08-19 01:00:00,0.30171
2016-08-19 01:05:00,0.32205
2016-08-19 01:10:00,0.30001506
2016-08-19 01:15:00,0.24746999
2016-08-19 01:20:00,0.14237998
2016-08-19 01:25:00,0.054239996
2016-08-19 01:30:00,0.047459997
2016-08-19 01:35:00,0.06949499
2016-08-19 01:40:00,0.08983499
2016-08-19 01:45:00,0.12034498
2016-08-19 01:50:00,0.23052001
2016-08-19 01:55:00,0.4661251
2016-08-19 02:00:00,0.69664514
2016-08-19 02:05:00,0.97293025
2016-08-19 02:10:00,1.3865101
2016-08-19 02:15:00,2.25774
2016-08-19 02:20:00,3.8934155
2016-08-19 02:25:00,6.38676
2016-08-19 02:30:00,9.308939
2016-08-19 02:35:00,12.602325
2016-08-19 02:40:00,16.72626
2016-08-19 02:45:00,22.031609
2016-08-19 02:50:00,28.069193
2016-08-19 02:55:00,34.63224
2016-08-19 03:00:00,39.940983
2016-08-19 03:05:00,44.4751
2016-08-19 03:10:00,48.943123
2016-08-19 03:15:00,52.23483
2016-08-19 03:20:00,52.9891
2016-08-19 03:25:00,51.221203
2016-08-19 03:30:00,48.55666
2016-08-19 03:35:00,47.795624
2016-08-19 03:40:00,47.04473
2016-08-19 03:45:00,45.75652
2016-08-19 03:50:00,45.34293
2016-08-19 03:55:00,44.71917
2016-08-19 04:00:00,43.903896
2016-08-19 04:05:00,43.559807
2016-08-19 04:10:00,43.71066
2016-08-19 04:15:00,44.176792
2016-08-19 04:20:00,44.827663
2016-08-19 04:25:00,44.90564
2016-08-19 04:30:00,44.819183
2016-08-19 04:35:00,44.724274
2016-08-19 04:40:00,44.820896
2016-08-19 04:45:00,45.58702
2016-08-19 04:50:00,47.09219
2016-08-19 04:55:00,49.351627
2016-08-19 05:00:00,51.433083
2016-08-19 05:05:00,52.833157
2016-08-19 05:10:00,52.86706
2016-08-19 05:15:00,51.573765
2016-08-19 05:20:00,49.412643
2016-08-19 05:25:00,46.53622
2016-08-19 05:30:00,43.483536
2016-08-19 05:35:00,40.700333
2016-08-19 05:40:00,38.049362
2016-08-19 05:45:00,35.588223
2016-08-19 05:50:00,33.452515
2016-08-19 05:55:00,31.733797
2016-08-19 06:00:00,30.287949
2016-08-19 06:05:00,28.715002
2016-08-19 06:10:00,26.913218
2016-08-19 06:15:00,25.531786
2016-08-19 06:20:00,25.240246
2016-08-19 06:25:00,26.260637
2016-08-19 06:30:00,28.313282
2016-08-19 06:35:00,30.318466
2016-08-19 06:40:00,31.925323
2016-08-19 06:45:00,33.454227
2016-08-19 06:50:00,34.84581
2016-08-19 06:55:00,35.53736
2016-08-19 07:00:00,35.017014
2016-08-19 07:05:00,33.706768
2016-08-19 07:10:00,32.354153
2016-08-19 07:15:00,31.75244
2016-08-19 07:20:00,32.46094
2016-08-19 07:25:00,35.498383
2016-08-19 07:30:00,40.652885
2016-08-19 07:35:00,45.28024
2016-08-19 07:40:00,49.970303
2016-08-19 07:45:00,56.451977
2016-08-19 07:50:00,61.757317
2016-08-19 07:55:00,65.48293
2016-08-19 08:00:00,67.469475
2016-08-19 08:05:00,68.50513
2016-08-19 08:10:00,69.10684
2016-08-19 08:15:00,69.58822
2016-08-19 08:20:00,69.611946
2016-08-19 08:25:00,69.77129
2016-08-19 08:30:00,69.64416
2016-08-19 08:35:00,69.18651
2016-08-19 08:40:00,69.01362
2016-08-19 08:45:00,69.13058
2016-08-19 08:50:00,69.59331
2016-08-19 08:55:00,69.98146
2016-08-19 09:00:00,69.72552
2016-08-19 09:05:00,68.12376
2016-08-19 09:10:00,65.294785
2016-08-19 09:15:00,61.52342
2016-08-19 09:20:00,57.075745
2016-08-19 09:25:00,52.285683
2016-08-19 09:30:00,47.293896
2016-08-19 09:35:00,42.80892
2016-08-19 09:40:00,39.362988
2016-08-19 09:45:00,36.489956
2016-08-19 09:50:00,34.100006
2016-08-19 09:55:00,32.1372
2016-08-19 10:00:00,30.340498
2016-08-19 10:05:00,28.737032
2016-08-19 10:10:00,27.720028
2016-08-19 10:15:00,26.76236
2016-08-19 10:20:00,25.723318
2016-08-19 10:25:00,24.943619
2016-08-19 10:30:00,24.357157
2016-08-19 10:35:00,24.011366
2016-08-19 10:40:00,24.002895
2016-08-19 10:45:00,24.733442
2016-08-19 10:50:00,25.892818
2016-08-19 10:55:00,27.179329
2016-08-19 11:00:00,28.364136
2016-08-19 11:05:00,29.0167
2016-08-19 11:10:00,29.030258
2016-08-19 11:15:00,28.453964
2016-08-19 11:20:00,27.13356
2016-08-19 11:25:00,25.326693
2016-08-19 11:30:00,22.919796
2016-08-19 11:35:00,20.0688
2016-08-19 11:40:00,17.287304
2016-08-19 11:45:00,14.671924
2016-08-19 11:50:00,12.278582
2016-08-19 11:55:00,10.276784
2016-08-19 12:00:00,11.495491
2016-08-19 12:05:00,10.176783
2016-08-19 12:10:00,9.922532
2016-08-19 12:15:00,10.653074
2016-08-19 12:20:00,12.393843
2016-08-19 12:25:00,14.6075115
2016-08-19 12:30:00,17.094076
2016-08-19 12:35:00,19.528095
2016-08-19 12:40:00,21.53328
2016-08-19 12:45:00,22.64859
2016-08-19 12:50:00,22.90454
2016-08-19 12:55:00,22.729948
2016-08-19 13:00:00,22.49943
2016-08-19 13:05:00,22.324846
2016-08-19 13:10:00,22.428244
2016-08-19 13:15:00,22.997757
2016-08-19 13:20:00,24.496132
2016-08-19 13:25:00,27.30476
2016-08-19 13:30:00,30.686281
2016-08-19 13:35:00,33.418625
2016-08-19 13:40:00,35.356
2016-08-19 13:45:00,36.995068
2016-08-19 13:50:00,38.24937
2016-08-19 13:55:00,38.676506
2016-08-19 14:00:00,38.215473
2016-08-19 14:05:00,36.90693
2016-08-19 14:10:00,34.622078
2016-08-19 14:15:00,31.430387
2016-08-19 14:20:00,28.48956
2016-08-19 14:25:00,26.097912
2016-08-19 14:30:00,24.094425
2016-08-19 14:35:00,22.370607
2016-08-19 14:40:00,20.541704
2016-08-19 14:45:00,18.963661
2016-08-19 14:50:00,17.261879
2016-08-19 14:55:00,15.73299
2016-08-19 15:00:00,14.753279
2016-08-19 15:05:00,14.558355
2016-08-19 15:10:00,14.877014
2016-08-19 15:15:00,15.427887
2016-08-19 15:20:00,15.946556
2016-08-19 15:25:00,16.604221
2016-08-19 15:30:00,17.550028
2016-08-19 15:35:00,18.877214
2016-08-19 15:40:00,20.487461
2016-08-19 15:45:00,22.140089
2016-08-19 15:50:00,23.152008
2016-08-19 15:55:00,23.470661
2016-08-19 16:00:00,23.763897
2016-08-19 16:05:00,25.330074
2016-08-19 16:10:00,29.742163
2016-08-19 16:15:00,37.17304
2016-08-19 16:20:00,46.348083
2016-08-19 16:25:00,52.489063
2016-08-19 16:30:00,52.626354
2016-08-19 16:35:00,50.121147
2016-08-19 16:40:00,48.6414
2016-08-19 16:45:00,47.719322
2016-08-19 16:50:00,46.217556
2016-08-19 16:55:00,44.473408
2016-08-19 17:00:00,43.025875
2016-08-19 17:05:00,41.99702
2016-08-19 17:10:00,41.352913
2016-08-19 17:15:00,40.995266
2016-08-19 17:20:00,40.902042
2016-08-19 17:25:00,40.97493
2016-08-19 17:30:00,41.37495
2016-08-19 17:35:00,42.15803
2016-08-19 17:40:00,43.20894
2016-08-19 17:45:00,44.339508
2016-08-19 17:50:00,45.537876
2016-08-19 17:55:00,46.76843
2016-08-19 18:00:00,47.72612
2016-08-19 18:05:00,48.339695
2016-08-19 18:10:00,48.710907
2016-08-19 18:15:00,48.716
2016-08-19 18:20:00,48.49735
2016-08-19 18:25:00,48.402412
2016-08-19 18:30:00,48.546494
2016-08-19 18:35:00,48.858364
2016-08-19 18:40:00,49.534668
2016-08-19 18:45:00,50.397427
2016-08-19 18:50:00,51.0212
2016-08-19 18:55:00,51.75003
2016-08-19 19:00:00,52.251766
2016-08-19 19:05:00,52.458546
2016-08-19 19:10:00,52.402603
2016-08-19 19:15:00,52.28229
2016-08-19 19:20:00,52.121227
2016-08-19 19:25:00,51.982273
2016-08-19 19:30:00,51.80935
2016-08-19 19:35:00,51.599182
2016-08-19 19:40:00,51.129673
2016-08-19 19:45:00,50.5432
2016-08-19 19:50:00,49.787216
2016-08-19 19:55:00,48.810925
2016-08-19 20:00:00,47.753223
2016-08-19 20:05:00,46.693863
2016-08-19 20:10:00,45.59889
2016-08-19 20:15:00,44.48527
2016-08-19 20:20:00,43.40556
2016-08-19 20:25:00,42.34958
2016-08-19 20:30:00,40.94442
2016-08-19 20:35:00,39.034157
2016-08-19 20:40:00,36.85269
2016-08-19 20:45:00,34.85429
2016-08-19 20:50:00,32.883
2016-08-19 20:55:00,31.126982
2016-08-19 21:00:00,29.631983
2016-08-19 21:05:00,28.39972
2016-08-19 21:10:00,27.335258
2016-08-19 21:15:00,26.543694
2016-08-19 21:20:00,26.00469
2016-08-19 21:25:00,25.565676
2016-08-19 21:30:00,25.084305
2016-08-19 21:35:00,24.560545
2016-08-19 21:40:00,23.945267
2016-08-19 21:45:00,23.187593
2016-08-19 21:50:00,22.314674
2016-08-19 21:55:00,21.346832
2016-08-19 22:00:00,20.317965
2016-08-19 22:05:00,19.22808
2016-08-19 22:10:00,18.19413
2016-08-19 22:15:00,17.375446
2016-08-19 22:20:00,16.809319
2016-08-19 22:25:00,16.363531
2016-08-19 22:30:00,15.905877
2016-08-19 22:35:00,15.40077
2016-08-19 22:40:00,14.854977
2016-08-19 22:45:00,14.426146
2016-08-19 22:50:00,14.127824
2016-08-19 22:55:00,13.915946
2016-08-19 23:00:00,13.783743
2016-08-19 23:05:00,13.6752615
2016-08-19 23:10:00,13.536268
2016-08-19 23:15:00,13.3837185
2016-08-19 23:20:00,13.304055
2016-08-19 23:25:00,13.293887
2016-08-19 23:30:00,13.190484
2016-08-19 23:35:00,13.005734
2016-08-19 23:40:00,12.727752
2016-08-19 23:45:00,12.310783
2016-08-19 23:50:00,11.790421
2016-08-19 23:55:00,11.142929
2016-08-20 00:00:00,10.437808
2016-08-20 00:05:00,9.686926
2016-08-20 00:10:00,9.14622
2016-08-20 00:15:00,9.31572
2016-08-20 00:20:00,10.12932
2016-08-20 00:25:00,11.2209
2016-08-20 00:30:00,12.412486
2016-08-20 00:35:00,13.643052
2016-08-20 00:40:00,14.588865
2016-08-20 00:45:00,15.173642
2016-08-20 00:50:00,15.227878
2016-08-20 00:55:00,14.819384
2016-08-20 01:00:00,14.070189
2016-08-20 01:05:00,13.315919
2016-08-20 01:10:00,12.866749
2016-08-20 01:15:00,12.792164
2016-08-20 01:20:00,13.014211
2016-08-20 01:25:00,13.246424
2016-08-20 01:30:00,13.429489
2016-08-20 01:35:00,13.649833
2016-08-20 01:40:00,14.017649
2016-08-20 01:45:00,14.812605
2016-08-20 01:50:00,16.26861
2016-08-20 01:55:00,17.66868
2016-08-20 02:00:00,19.011124
2016-08-20 02:05:00,20.324741
2016-08-20 02:10:00,21.701084
2016-08-20 02:15:00,23.260483
2016-08-20 02:20:00,25.072435
2016-08-20 02:25:00,26.918297
2016-08-20 02:30:00,28.68788
2016-08-20 02:35:00,30.371014
2016-08-20 02:40:00,32.01176
2016-08-20 02:45:00,33.742374
2016-08-20 02:50:00,35.45601
2016-08-20 02:55:00,37.130676
2016-08-20 03:00:00,39.054497
2016-08-20 03:05:00,40.878315
2016-08-20 03:10:00,42.276688
2016-08-20 03:15:00,43.17335
2016-08-20 03:20:00,43.71065
2016-08-20 03:25:00,43.87846
2016-08-20 03:30:00,43.588623
2016-08-20 03:35:00,42.914013
2016-08-20 03:40:00,41.990234
2016-08-20 03:45:00,40.83425
2016-08-20 03:50:00,39.525703
2016-08-20 03:55:00,37.87477
2016-08-20 04:00:00,35.93908
2016-08-20 04:05:00,33.891525
2016-08-20 04:10:00,31.625309
2016-08-20 04:15:00,29.060772
2016-08-20 04:20:00,26.501316
2016-08-20 04:25:00,24.087645
2016-08-20 04:30:00,21.948557
2016-08-20 04:35:00,20.087444
2016-08-20 04:40:00,18.443295
2016-08-20 04:45:00,16.90084
2016-08-20 04:50:00,15.393991
2016-08-20 04:55:00,14.115955
2016-08-20 05:00:00,13.01421
2016-08-20 05:05:00,12.046363
2016-08-20 05:10:00,11.198864
2016-08-20 05:15:00,10.436114
2016-08-20 05:20:00,9.746249
2016-08-20 05:25:00,9.037742
2016-08-20 05:30:00,8.307197
2016-08-20 05:35:00,7.4444423
2016-08-20 05:40:00,6.5240574
2016-08-20 05:45:00,5.6240087
2016-08-20 05:50:00,4.7917657
2016-08-20 05:55:00,4.01376
2016-08-20 06:00:00,3.242536
2016-08-20 06:05:00,2.452665
2016-08-20 06:10:00,1.7509352
2016-08-20 06:15:00,1.1034449
2016-08-20 06:20:00,0.65088004
2016-08-20 06:25:00,0.32374504
2016-08-20 06:30:00,0.177975
2016-08-20 06:35:00,0.08474999
2016-08-20 06:40:00,0.05593499
2016-08-20 06:45:00,0.032204997
2016-08-20 06:50:00,0.013559999
2016-08-20 06:55:00,0.0
2016-08-20 07:00:00,0.0050850003
2016-08-20 07:05:00,0.0050850003
2016-08-20 07:10:00,0.0050850003
2016-08-20 07:15:00,0.0050850003
2016-08-20 07:20:00,0.013559999
2016-08-20 07:25:00,0.030509997
2016-08-20 07:30:00,0.09322499
2016-08-20 07:35:00,0.17967004
2016-08-20 07:40:00,0.22882505
2016-08-20 07:45:00,0.208485
2016-08-20 07:50:00,0.16272002
2016-08-20 07:55:00,0.11525998
2016-08-20 08:00:00,0.040679995
2016-08-20 08:05:00,0.0
2016-08-20 08:10:00,0.0
2016-08-20 08:15:00,0.0
2016-08-20 08:20:00,0.0
2016-08-20 08:25:00,0.0
2016-08-20 08:30:00,0.0
2016-08-20 08:35:00,0.0
2016-08-20 08:40:00,0.0050850003
2016-08-20 08:45:00,0.0152549995
2016-08-20 08:50:00,0.03051
2016-08-20 08:55:00,0.025424998
2016-08-20 09:00:00,0.025424998
2016-08-20 09:05:00,0.025424998
2016-08-20 09:10:00,0.020340001
2016-08-20 09:15:00,0.020340001
2016-08-20 09:20:00,0.010170001
2016-08-20 09:25:00,0.0
2016-08-20 09:30:00,0.0
2016-08-20 09:35:00,0.0
2016-08-20 09:40:00,0.0
2016-08-20 09:45:00,0.0
2016-08-20 09:50:00,0.0
2016-08-20 09:55:00,0.0
2016-08-20 10:00:00,0.0
2016-08-20 10:05:00,0.0
2016-08-20 10:10:00,0.0
2016-08-20 10:15:00,0.0
2016-08-20 10:20:00,0.0
2016-08-20 10:25:00,0.0
2016-08-20 10:30:00,0.0
2016-08-20 10:35:00,0.0
2016-08-20 10:40:00,0.0
2016-08-20 10:45:00,0.0
2016-08-20 10:50:00,0.0
2016-08-20 10:55:00,0.0
2016-08-20 11:00:00,0.0
2016-08-20 11:05:00,0.0
2016-08-20 11:10:00,0.0
2016-08-20 11:15:00,0.0
2016-08-20 11:20:00,0.0
2016-08-20 11:25:00,0.0
2016-08-20 11:30:00,0.0
2016-08-20 11:35:00,0.0
2016-08-20 11:40:00,0.0
2016-08-20 11:45:00,0.0
2016-08-20 11:50:00,0.0
2016-08-20 11:55:00,0.0
2016-08-20 12:00:00,2.3594398
2016-08-20 12:05:00,1.9509449
2016-08-20 12:10:00,1.5695696
2016-08-20 12:15:00,1.1644652
2016-08-20 12:20:00,0.7932601
2016-08-20 12:25:00,0.67122
2016-08-20 12:30:00,0.60850495
2016-08-20 12:35:00,0.61359
2016-08-20 12:40:00,0.68478006
2016-08-20 12:45:00,0.90343505
2016-08-20 12:50:00,1.17633
2016-08-20 12:55:00,1.5882149
2016-08-20 13:00:00,2.0814598
2016-08-20 13:05:00,2.5797896
2016-08-20 13:10:00,3.0899854
2016-08-20 13:15:00,3.4933946
2016-08-20 13:20:00,3.6967962
2016-08-20 13:25:00,3.7900205
2016-08-20 13:30:00,3.6561153
2016-08-20 13:35:00,3.469666
2016-08-20 13:40:00,3.2967741
2016-08-20 13:45:00,3.1594808
2016-08-20 13:50:00,3.2781308
2016-08-20 13:55:00,3.5730593
2016-08-20 14:00:00,3.8747704
2016-08-20 14:05:00,4.2510605
2016-08-20 14:10:00,4.6493855
2016-08-20 14:15:00,4.9070253
2016-08-20 14:20:00,5.0748296
2016-08-20 14:25:00,4.96635
2016-08-20 14:30:00,4.6239595
2016-08-20 14:35:00,4.04427
2016-08-20 14:40:00,3.4086456
2016-08-20 14:45:00,2.8153954
2016-08-20 14:50:00,2.2374003
2016-08-20 14:55:00,1.744155
2016-08-20 15:00:00,1.2610805
2016-08-20 15:05:00,0.7932601
2016-08-20 15:10:00,0.39663014
2016-08-20 15:15:00,0.19661997
2016-08-20 15:20:00,0.06949499
2016-08-20 15:25:00,0.020339997
2016-08-20 15:30:00,0.0
2016-08-20 15:35:00,0.0
2016-08-20 15:40:00,0.0
2016-08-20 15:45:00,0.0
2016-08-20 15:50:00,0.0
2016-08-20 15:55:00,0.0
2016-08-20 16:00:00,0.0
2016-08-20 16:05:00,0.0
2016-08-20 16:10:00,0.0
2016-08-20 16:15:00,0.0
2016-08-20 16:20:00,0.0
2016-08-20 16:25:00,0.0
2016-08-20 16:30:00,0.0
2016-08-20 16:35:00,0.0
2016-08-20 16:40:00,0.0
2016-08-20 16:45:00,0.0
2016-08-20 16:50:00,0.0
2016-08-20 16:55:00,0.0
2016-08-20 17:00:00,0.0
2016-08-20 17:05:00,0.0
2016-08-20 17:10:00,0.0
2016-08-20 17:15:00,0.0
2016-08-20 17:20:00,0.0
2016-08-20 17:25:00,0.0
2016-08-20 17:30:00,0.0
2016-08-20 17:35:00,0.0
2016-08-20 17:40:00,0.0
2016-08-20 17:45:00,0.0
2016-08-20 17:50:00,0.0
2016-08-20 17:55:00,0.0
2016-08-20 18:00:00,0.0
2016-08-20 18:05:00,0.0
2016-08-20 18:10:00,0.0
2016-08-20 18:15:00,0.0
2016-08-20 18:20:00,0.0
2016-08-20 18:25:00,0.0
2016-08-20 18:30:00,0.0
2016-08-20 18:35:00,0.0
2016-08-20 18:40:00,0.0
2016-08-20 18:45:00,0.0
2016-08-20 18:50:00,0.0
2016-08-20 18:55:00,0.0
2016-08-20 19:00:00,0.0
2016-08-20 19:05:00,0.0
2016-08-20 19:10:00,0.0
2016-08-20 19:15:00,0.0
2016-08-20 19:20:00,0.0
2016-08-20 19:25:00,0.0
2016-08-20 19:30:00,0.0
2016-08-20 19:35:00,0.0
2016-08-20 19:40:00,0.0
2016-08-20 19:45:00,0.0
2016-08-20 19:50:00,0.0
2016-08-20 19:55:00,0.0
2016-08-20 20:00:00,0.0
2016-08-20 20:05:00,0.0
2016-08-20 20:10:00,0.0
2016-08-20 20:15:00,0.0
2016-08-20 20:20:00,0.0
2016-08-20 20:25:00,0.0
2016-08-20 20:30:00,0.0
2016-08-20 20:35:00,0.0
2016-08-20 20:40:00,0.0
2016-08-20 20:45:00,0.0
2016-08-20 20:50:00,0.0
2016-08-20 20:55:00,0.0
2016-08-20 21:00:00,0.0
2016-08-20 21:05:00,0.0
2016-08-20 21:10:00,0.0
2016-08-20 21:15:00,0.0
2016-08-20 21:20:00,0.0
2016-08-20 21:25:00,0.0
2016-08-20 21:30:00,0.0
2016-08-20 21:35:00,0.0
2016-08-20 21:40:00,0.0
2016-08-20 21:45:00,0.0
2016-08-20 21:50:00,0.013559999
2016-08-20 21:55:00,0.01695
2016-08-20 22:00:00,0.01695
2016-08-20 22:05:00,0.008475
2016-08-20 22:10:00,0.0
2016-08-20 22:15:00,0.027119998
2016-08-20 22:20:00,0.040679995
2016-08-20 22:25:00,0.054239992
2016-08-20 22:30:00,0.050849993
2016-08-20 22:35:00,0.05593499
2016-08-20 22:40:00,0.061019994
2016-08-20 22:45:00,0.09322499
2016-08-20 22:50:00,0.106784984
2016-08-20 22:55:00,0.123735
2016-08-20 23:00:00,0.113565005
2016-08-20 23:05:00,0.06779999
2016-08-20 23:10:00,0.040679995
2016-08-20 23:15:00,0.018644998
2016-08-20 23:20:00,0.05932499
2016-08-20 23:25:00,0.16441502
2016-08-20 23:30:00,0.31866
2016-08-20 23:35:00,0.47968504
2016-08-20 23:40:00,0.73902
2016-08-20 23:45:00,0.9356399
2016-08-20 23:50:00,1.0424249
2016-08-20 23:55:00,1.0610703
2016-08-21 00:00:00,0.9763199
2016-08-21 00:05:00,0.89834976
2016-08-21 00:10:00,0.75596994
2016-08-21 00:15:00,0.662745
2016-08-21 00:20:00,0.54918003
2016-08-21 00:25:00,0.6102
2016-08-21 00:30:00,0.85767
2016-08-21 00:35:00,1.19667
2016-08-21 00:40:00,1.60347
2016-08-21 00:45:00,2.0204399
2016-08-21 00:50:00,2.4018147
2016-08-21 00:55:00,2.8933656
2016-08-21 01:00:00,3.8239193
2016-08-21 01:05:00,5.323995
2016-08-21 01:10:00,7.030861
2016-08-21 01:15:00,8.474998
2016-08-21 01:20:00,9.39708
2016-08-21 01:25:00,10.081859
2016-08-21 01:30:00,10.81071
2016-08-21 01:35:00,11.595499
2016-08-21 01:40:00,12.456554
2016-08-21 01:45:00,14.758368
2016-08-21 01:50:00,18.51788
2016-08-21 01:55:00,23.114712
2016-08-21 02:00:00,28.08614
2016-08-21 02:05:00,33.73219
2016-08-21 02:10:00,39.691814
2016-08-21 02:15:00,44.563244
2016-08-21 02:20:00,48.19394
2016-08-21 02:25:00,53.292507
2016-08-21 02:30:00,60.562378
2016-08-21 02:35:00,67.66102
2016-08-21 02:40:00,71.25949
2016-08-21 02:45:00,71.9731
2016-08-21 02:50:00,72.0375
2016-08-21 02:55:00,72.0375
2016-08-21 03:00:00,72.0375
2016-08-21 03:05:00,72.0375
2016-08-21 03:10:00,72.0375
2016-08-21 03:15:00,72.0375
2016-08-21 03:20:00,72.0375
2016-08-21 03:25:00,72.0375
2016-08-21 03:30:00,72.0375
2016-08-21 03:35:00,72.0375
2016-08-21 03:40:00,72.0375
2016-08-21 03:45:00,72.0375
2016-08-21 03:50:00,72.0375
2016-08-21 03:55:00,72.0375
2016-08-21 04:00:00,72.0375
2016-08-21 04:05:00,72.0375
2016-08-21 04:10:00,72.0375
2016-08-21 04:15:00,72.0375
2016-08-21 04:20:00,72.0375
2016-08-21 04:25:00,72.0375
2016-08-21 04:30:00,72.0375
2016-08-21 04:35:00,72.0375
2016-08-21 04:40:00,72.0375
2016-08-21 04:45:00,72.0375
2016-08-21 04:50:00,72.0375
2016-08-21 04:55:00,72.0375
2016-08-21 05:00:00,72.0375
2016-08-21 05:05:00,72.0375
2016-08-21 05:10:00,72.0375
2016-08-21 05:15:00,72.0375
2016-08-21 05:20:00,72.0375
2016-08-21 05:25:00,72.0375
2016-08-21 05:30:00,72.0375
2016-08-21 05:35:00,72.0375
2016-08-21 05:40:00,72.0375
2016-08-21 05:45:00,72.0375
2016-08-21 05:50:00,72.0375
2016-08-21 05:55:00,72.0375
2016-08-21 06:00:00,72.0375
2016-08-21 06:05:00,72.0375
2016-08-21 06:10:00,72.0375
2016-08-21 06:15:00,72.0375
2016-08-21 06:20:00,72.0375
2016-08-21 06:25:00,72.0375
2016-08-21 06:30:00,72.0375
2016-08-21 06:35:00,72.0375
2016-08-21 06:40:00,72.0375
2016-08-21 06:45:00,72.0375
2016-08-21 06:50:00,72.0375
2016-08-21 06:55:00,72.0375
2016-08-21 07:00:00,72.0375
2016-08-21 07:05:00,72.0375
2016-08-21 07:10:00,72.0375
2016-08-21 07:15:00,72.0375
2016-08-21 07:20:00,72.0375
2016-08-21 07:25:00,72.0375
2016-08-21 07:30:00,72.0375
2016-08-21 07:35:00,72.0375
2016-08-21 07:40:00,72.0375
2016-08-21 07:45:00,72.0375
2016-08-21 07:50:00,72.0375
2016-08-21 07:55:00,72.0375
2016-08-21 08:00:00,72.0375
2016-08-21 08:05:00,72.0375
2016-08-21 08:10:00,72.0375
2016-08-21 08:15:00,72.0375
2016-08-21 08:20:00,72.0375
2016-08-21 08:25:00,72.0375
2016-08-21 08:30:00,72.0375
2016-08-21 08:35:00,72.0375
2016-08-21 08:40:00,72.0375
2016-08-21 08:45:00,72.0375
2016-08-21 08:50:00,72.0375
2016-08-21 08:55:00,72.0375
2016-08-21 09:00:00,72.0375
2016-08-21 09:05:00,72.0375
2016-08-21 09:10:00,72.0375
2016-08-21 09:15:00,72.0375
2016-08-21 09:20:00,72.0375
2016-08-21 09:25:00,72.0375
2016-08-21 09:30:00,72.02903
2016-08-21 09:35:00,72.02055
2016-08-21 09:40:00,72.02055
2016-08-21 09:45:00,72.02055
2016-08-21 09:50:00,72.02055
2016-08-21 09:55:00,72.01207
2016-08-21 10:00:00,72.0036
2016-08-21 10:05:00,71.99512
2016-08-21 10:10:00,71.97818
2016-08-21 10:15:00,71.91885
2016-08-21 10:20:00,71.82563
2016-08-21 10:25:00,71.7324
2016-08-21 10:30:00,71.63917
2016-08-21 10:35:00,71.5968
2016-08-21 10:40:00,71.6307
2016-08-21 10:45:00,71.6985
2016-08-21 10:50:00,71.77478
2016-08-21 10:55:00,71.82563
2016-08-21 11:00:00,71.85952
2016-08-21 11:05:00,71.88495
2016-08-21 11:10:00,71.89342
2016-08-21 11:15:00,71.88495
2016-08-21 11:20:00,71.85952
2016-08-21 11:25:00,71.817154
2016-08-21 11:30:00,71.75782
2016-08-21 11:35:00,71.69002
2016-08-21 11:40:00,71.57138
2016-08-21 11:45:00,71.4273
2016-08-21 11:50:00,71.308655
2016-08-21 11:55:00,71.257805
2016-08-21 12:00:00,72.0375
2016-08-21 12:05:00,72.0375
2016-08-21 12:10:00,72.0375
2016-08-21 12:15:00,72.0375
2016-08-21 12:20:00,72.0375
2016-08-21 12:25:00,72.0375
2016-08-21 12:30:00,72.0375
2016-08-21 12:35:00,72.0375
2016-08-21 12:40:00,72.0375
2016-08-21 12:45:00,72.0375
2016-08-21 12:50:00,72.0375
2016-08-21 12:55:00,72.0375
2016-08-21 13:00:00,72.0375
2016-08-21 13:05:00,72.0375
2016-08-21 13:10:00,72.0375
2016-08-21 13:15:00,72.0375
2016-08-21 13:20:00,72.0375
2016-08-21 13:25:00,72.0375
2016-08-21 13:30:00,72.0375
2016-08-21 13:35:00,72.0375
2016-08-21 13:40:00,72.0375
2016-08-21 13:45:00,72.0375
2016-08-21 13:50:00,72.0375
2016-08-21 13:55:00,72.0375
2016-08-21 14:00:00,72.0375
2016-08-21 14:05:00,72.0375
2016-08-21 14:10:00,72.0375
2016-08-21 14:15:00,72.0375
2016-08-21 14:20:00,72.0375
2016-08-21 14:25:00,72.0375
2016-08-21 14:30:00,72.0375
2016-08-21 14:35:00,72.0375
2016-08-21 14:40:00,72.0375
2016-08-21 14:45:00,72.0375
2016-08-21 14:50:00,72.0375
2016-08-21 14:55:00,72.0375
2016-08-21 15:00:00,72.0375
2016-08-21 15:05:00,72.0375
2016-08-21 15:10:00,72.0375
2016-08-21 15:15:00,72.0375
2016-08-21 15:20:00,72.0375
2016-08-21 15:25:00,72.0375
2016-08-21 15:30:00,72.0375
2016-08-21 15:35:00,72.0375
2016-08-21 15:40:00,72.0375
2016-08-21 15:45:00,72.0375
2016-08-21 15:50:00,72.0375
2016-08-21 15:55:00,72.0375
2016-08-21 16:00:00,72.0375
2016-08-21 16:05:00,72.0375
2016-08-21 16:10:00,72.0375
2016-08-21 16:15:00,72.0375
2016-08-21 16:20:00,72.0375
2016-08-21 16:25:00,72.0375
2016-08-21 16:30:00,72.0375
2016-08-21 16:35:00,72.0375
2016-08-21 16:40:00,72.0375
2016-08-21 16:45:00,72.0375
2016-08-21 16:50:00,72.0375
2016-08-21 16:55:00,72.0375
2016-08-21 17:00:00,72.0375
2016-08-21 17:05:00,72.0375
2016-08-21 17:10:00,72.0375
2016-08-21 17:15:00,72.0375
2016-08-21 17:20:00,72.0375
2016-08-21 17:25:00,72.0375
2016-08-21 17:30:00,72.0375
2016-08-21 17:35:00,72.0375
2016-08-21 17:40:00,72.0375
2016-08-21 17:45:00,72.0375
2016-08-21 17:50:00,72.0375
2016-08-21 17:55:00,72.0375
2016-08-21 18:00:00,72.0375
2016-08-21 18:05:00,72.0375
2016-08-21 18:10:00,72.0375
2016-08-21 18:15:00,72.0375
2016-08-21 18:20:00,72.0375
2016-08-21 18:25:00,72.0375
2016-08-21 18:30:00,72.0375
2016-08-21 18:35:00,72.0375
2016-08-21 18:40:00,72.0375
2016-08-21 18:45:00,72.0375
2016-08-21 18:50:00,72.0375
2016-08-21 18:55:00,72.0375
2016-08-21 19:00:00,72.0375
2016-08-21 19:05:00,72.0375
2016-08-21 19:10:00,72.0375
2016-08-21 19:15:00,72.0375
2016-08-21 19:20:00,72.0375
2016-08-21 19:25:00,72.0375
2016-08-21 19:30:00,72.0375
2016-08-21 19:35:00,72.0375
2016-08-21 19:40:00,72.0375
2016-08-21 19:45:00,72.0375
2016-08-21 19:50:00,72.0375
2016-08-21 19:55:00,72.0375
2016-08-21 20:00:00,72.0375
2016-08-21 20:05:00,72.0375
2016-08-21 20:10:00,72.0375
2016-08-21 20:15:00,72.0375
2016-08-21 20:20:00,72.0375
2016-08-21 20:25:00,72.0375
2016-08-21 20:30:00,72.0375
2016-08-21 20:35:00,72.0375
2016-08-21 20:40:00,72.0375
2016-08-21 20:45:00,72.0375
2016-08-21 20:50:00,72.0375
2016-08-21 20:55:00,72.0375
2016-08-21 21:00:00,72.0375
2016-08-21 21:05:00,72.0375
2016-08-21 21:10:00,72.0375
2016-08-21 21:15:00,72.0375
2016-08-21 21:20:00,72.0375
2016-08-21 21:25:00,72.0375
2016-08-21 21:30:00,72.0375
2016-08-21 21:35:00,72.0375
2016-08-21 21:40:00,72.0375
2016-08-21 21:45:00,72.0375
2016-08-21 21:50:00,72.0375
2016-08-21 21:55:00,72.0375
2016-08-21 22:00:00,72.0375
2016-08-21 22:05:00,72.0375
2016-08-21 22:10:00,72.0375
2016-08-21 22:15:00,72.0375
2016-08-21 22:20:00,72.0375
2016-08-21 22:25:00,72.0375
2016-08-21 22:30:00,72.0375
2016-08-21 22:35:00,72.0375
2016-08-21 22:40:00,72.0375
2016-08-21 22:45:00,72.0375
2016-08-21 22:50:00,72.0375
2016-08-21 22:55:00,72.0375
2016-08-21 23:00:00,72.0375
2016-08-21 23:05:00,72.0375
2016-08-21 23:10:00,72.0375
2016-08-21 23:15:00,72.0375
2016-08-21 23:20:00,72.0375
2016-08-21 23:25:00,72.0375
2016-08-21 23:30:00,72.0375
2016-08-21 23:35:00,72.0375
2016-08-21 23:40:00,72.0375
2016-08-21 23:45:00,72.0375
2016-08-21 23:50:00,72.0375
2016-08-21 23:55:00,72.0375
2016-08-22 00:00:00,72.0375
2016-08-22 00:05:00,72.0375
2016-08-22 00:10:00,72.0375
2016-08-22 00:15:00,72.0375
2016-08-22 00:20:00,72.0375
2016-08-22 00:25:00,72.0375
2016-08-22 00:30:00,72.0375
2016-08-22 00:35:00,72.0375
2016-08-22 00:40:00,72.0375
2016-08-22 00:45:00,72.0375
2016-08-22 00:50:00,72.0375
2016-08-22 00:55:00,72.0375
2016-08-22 01:00:00,72.0375
2016-08-22 01:05:00,72.0375
2016-08-22 01:10:00,72.0375
2016-08-22 01:15:00,72.0375
2016-08-22 01:20:00,72.0375
2016-08-22 01:25:00,72.0375
2016-08-22 01:30:00,72.0375
2016-08-22 01:35:00,72.0375
2016-08-22 01:40:00,72.0375
2016-08-22 01:45:00,72.0375
2016-08-22 01:50:00,72.0375
2016-08-22 01:55:00,72.0375
2016-08-22 02:00:00,72.0375
2016-08-22 02:05:00,72.0375
2016-08-22 02:10:00,72.0375
2016-08-22 02:15:00,72.0375
2016-08-22 02:20:00,72.0375
2016-08-22 02:25:00,72.0375
2016-08-22 02:30:00,72.0375
2016-08-22 02:35:00,72.0375
2016-08-22 02:40:00,72.0375
2016-08-22 02:45:00,72.0375
2016-08-22 02:50:00,72.0375
2016-08-22 02:55:00,72.0375
2016-08-22 03:00:00,72.0375
2016-08-22 03:05:00,72.0375
2016-08-22 03:10:00,72.0375
2016-08-22 03:15:00,72.0375
2016-08-22 03:20:00,72.0375
2016-08-22 03:25:00,72.0375
2016-08-22 03:30:00,72.0375
2016-08-22 03:35:00,72.0375
2016-08-22 03:40:00,72.0375
2016-08-22 03:45:00,72.0375
2016-08-22 03:50:00,72.0375
2016-08-22 03:55:00,72.0375
2016-08-22 04:00:00,72.0375
2016-08-22 04:05:00,72.0375
2016-08-22 04:10:00,72.0375
2016-08-22 04:15:00,72.0375
2016-08-22 04:20:00,72.0375
2016-08-22 04:25:00,72.0375
2016-08-22 04:30:00,72.0375
2016-08-22 04:35:00,72.0375
2016-08-22 04:40:00,72.0375
2016-08-22 04:45:00,72.0375
2016-08-22 04:50:00,72.0375
2016-08-22 04:55:00,72.0375
2016-08-22 05:00:00,72.0375
2016-08-22 05:05:00,72.0375
2016-08-22 05:10:00,72.0375
2016-08-22 05:15:00,72.0375
2016-08-22 05:20:00,72.0375
2016-08-22 05:25:00,72.0375
2016-08-22 05:30:00,72.0375
2016-08-22 05:35:00,72.0375
2016-08-22 05:40:00,72.0375
2016-08-22 05:45:00,72.0375
2016-08-22 05:50:00,72.0375
2016-08-22 05:55:00,72.0375
2016-08-22 06:00:00,72.0375
2016-08-22 06:05:00,72.0375
2016-08-22 06:10:00,72.0375
2016-08-22 06:15:00,72.0375
2016-08-22 06:20:00,72.0375
2016-08-22 06:25:00,72.0375
2016-08-22 06:30:00,72.0375
2016-08-22 06:35:00,72.0375
2016-08-22 06:40:00,72.0375
2016-08-22 06:45:00,72.0375
2016-08-22 06:50:00,72.0375
2016-08-22 06:55:00,72.0375
2016-08-22 07:00:00,72.0375
2016-08-22 07:05:00,72.0375
2016-08-22 07:10:00,72.0375
2016-08-22 07:15:00,72.0375
2016-08-22 07:20:00,72.0375
2016-08-22 07:25:00,72.0375
2016-08-22 07:30:00,72.0375
2016-08-22 07:35:00,72.0375
2016-08-22 07:40:00,72.0375
2016-08-22 07:45:00,72.0375
2016-08-22 07:50:00,72.0375
2016-08-22 07:55:00,72.0375
2016-08-22 08:00:00,72.0375
2016-08-22 08:05:00,72.0375
2016-08-22 08:10:00,72.0375
2016-08-22 08:15:00,72.0375
2016-08-22 08:20:00,72.0375
2016-08-22 08:25:00,72.0375
2016-08-22 08:30:00,72.0375
2016-08-22 08:35:00,72.0375
2016-08-22 08:40:00,72.0375
2016-08-22 08:45:00,72.0375
2016-08-22 08:50:00,72.0375
2016-08-22 08:55:00,72.0375
2016-08-22 09:00:00,72.0375
2016-08-22 09:05:00,72.0375
2016-08-22 09:10:00,72.0375
2016-08-22 09:15:00,72.0375
2016-08-22 09:20:00,72.0375
2016-08-22 09:25:00,72.0375
2016-08-22 09:30:00,72.0375
2016-08-22 09:35:00,72.0375
2016-08-22 09:40:00,72.0375
2016-08-22 09:45:00,72.0375
2016-08-22 09:50:00,72.0375
2016-08-22 09:55:00,72.0375
2016-08-22 10:00:00,72.0375
2016-08-22 10:05:00,72.0375
2016-08-22 10:10:00,72.0375
2016-08-22 10:15:00,72.0375
2016-08-22 10:20:00,72.0375
2016-08-22 10:25:00,72.0375
2016-08-22 10:30:00,72.0375
2016-08-22 10:35:00,72.0375
2016-08-22 10:40:00,71.97818
2016-08-22 10:45:00,71.45272
2016-08-22 10:50:00,70.528946
2016-08-22 10:55:00,69.41024
2016-08-22 11:00:00,68.38477
2016-08-22 11:05:00,67.4271
2016-08-22 11:10:00,66.63892
2016-08-22 11:15:00,66.08466
2016-08-22 11:20:00,64.384575
2016-08-22 11:25:00,60.918293
2016-08-22 11:30:00,57.37915
2016-08-22 11:35:00,53.78744
2016-08-22 11:40:00,50.404224
2016-08-22 11:45:00,47.697308
2016-08-22 11:50:00,45.898903
2016-08-22 11:55:00,45.290398
2016-08-22 12:00:00,45.74975
2016-08-22 12:05:00,69.8001
2016-08-22 12:10:00,69.47806
2016-08-22 12:15:00,69.10514
2016-08-22 12:20:00,68.74072
2016-08-22 12:25:00,68.376305
2016-08-22 12:30:00,68.08815
2016-08-22 12:35:00,67.918655
2016-08-22 12:40:00,67.825424
2016-08-22 12:45:00,67.80848
2016-08-22 12:50:00,67.918655
2016-08-22 12:55:00,68.155945
2016-08-22 13:00:00,68.452576
2016-08-22 13:05:00,68.74072
2016-08-22 13:10:00,68.99497
2016-08-22 13:15:00,69.25769
2016-08-22 13:20:00,69.54585
2016-08-22 13:25:00,69.83401
2016-08-22 13:30:00,70.02892
2016-08-22 13:35:00,70.06282
2016-08-22 13:40:00,70.0035
2016-08-22 13:45:00,69.91874
2016-08-22 13:50:00,69.78316
2016-08-22 13:55:00,69.64755
2016-08-22 14:00:00,69.71534
2016-08-22 14:05:00,70.02892
2016-08-22 14:10:00,70.596756
2016-08-22 14:15:00,71.33407
2016-08-22 14:20:00,71.85952
2016-08-22 14:25:00,72.01207
2016-08-22 14:30:00,72.0375
2016-08-22 14:35:00,72.0375
2016-08-22 14:40:00,72.0375
2016-08-22 14:45:00,72.0375
2016-08-22 14:50:00,72.0375
2016-08-22 14:55:00,72.0375
2016-08-22 15:00:00,72.02055
2016-08-22 15:05:00,71.99512
2016-08-22 15:10:00,71.868004
2016-08-22 15:15:00,71.715454
2016-08-22 15:20:00,71.55442
2016-08-22 15:25:00,71.35102
2016-08-22 15:30:00,71.11373
2016-08-22 15:35:00,70.6442
2016-08-22 15:40:00,70.52386
2016-08-22 15:45:00,70.456085
2016-08-22 15:50:00,70.18488
2016-08-22 15:55:00,69.9052
2016-08-22 16:00:00,69.74248
2016-08-22 16:05:00,69.711975
2016-08-22 16:10:00,69.7001
2016-08-22 16:15:00,69.81365
2016-08-22 16:20:00,70.06283
2016-08-22 16:25:00,70.40521
2016-08-22 16:30:00,70.77643
2016-08-22 16:35:00,71.00694
2016-08-22 16:40:00,71.1934
2016-08-22 16:45:00,71.4256
2016-08-22 16:50:00,71.662895
2016-08-22 16:55:00,71.803604
2016-08-22 17:00:00,71.90021
2016-08-22 17:05:00,71.92394
2016-08-22 17:10:00,71.9053
2016-08-22 17:15:00,71.86461
2016-08-22 17:20:00,71.82902
2016-08-22 17:25:00,71.6629
2016-08-22 17:30:00,71.33578
2016-08-22 17:35:00,70.966255
2016-08-22 17:40:00,70.535736
2016-08-22 17:45:00,69.88485
2016-08-22 17:50:00,69.147545
2016-08-22 17:55:00,68.4441
2016-08-22 18:00:00,67.58643
2016-08-22 18:05:00,66.70505
2016-08-22 18:10:00,65.8338
2016-08-22 18:15:00,64.93715
2016-08-22 18:20:00,63.938797
2016-08-22 18:25:00,63.135365
2016-08-22 18:30:00,62.45568
2016-08-22 18:35:00,61.874283
2016-08-22 18:40:00,60.960674
2016-08-22 18:45:00,59.833508
2016-08-22 18:50:00,58.75378
2016-08-22 18:55:00,58.009674
2016-08-22 19:00:00,57.155415
2016-08-22 19:05:00,56.319756
2016-08-22 19:10:00,55.51803
2016-08-22 19:15:00,55.118004
2016-08-22 19:20:00,54.923088
2016-08-22 19:25:00,54.889164
2016-08-22 19:30:00,54.731544
2016-08-22 19:35:00,54.3739
2016-08-22 19:40:00,53.83827
2016-08-22 19:45:00,53.45351
2016-08-22 19:50:00,53.180607
2016-08-22 19:55:00,53.002636
2016-08-22 20:00:00,52.922977
2016-08-22 20:05:00,53.029774
2016-08-22 20:10:00,53.502663
2016-08-22 20:15:00,53.95016
2016-08-22 20:20:00,54.992565
2016-08-22 20:25:00,56.38417
2016-08-22 20:30:00,57.685936
2016-08-22 20:35:00,58.67923
2016-08-22 20:40:00,59.48603
2016-08-22 20:45:00,60.197933
2016-08-22 20:50:00,60.911537
2016-08-22 20:55:00,61.348816
2016-08-22 21:00:00,61.716675
2016-08-22 21:05:00,61.82175
2016-08-22 21:10:00,61.864098
2016-08-22 21:15:00,61.813267
2016-08-22 21:20:00,61.68783
2016-08-22 21:25:00,61.47256
2016-08-22 21:30:00,61.323406
2016-08-22 21:35:00,61.26916
2016-08-22 21:40:00,61.26068
2016-08-22 21:45:00,61.41322
2016-08-22 21:50:00,61.7319
2016-08-22 21:55:00,62.348877
2016-08-22 22:00:00,62.984497
2016-08-22 22:05:00,63.489616
2016-08-22 22:10:00,63.991344
2016-08-22 22:15:00,64.49983
2016-08-22 22:20:00,64.96596
2016-08-22 22:25:00,65.55412
2016-08-22 22:30:00,66.12026
2016-08-22 22:35:00,66.616905
2016-08-22 22:40:00,67.147446
2016-08-22 22:45:00,67.75253
2016-08-22 22:50:00,68.28817
2016-08-22 22:55:00,68.727165
2016-08-22 23:00:00,69.11871
2016-08-22 23:05:00,69.57976
2016-08-22 23:10:00,70.08996
2016-08-22 23:15:00,70.64591
2016-08-22 23:20:00,71.128975
2016-08-22 23:25:00,71.45444
2016-08-22 23:30:00,71.61713
2016-08-22 23:35:00,71.710365
2016-08-22 23:40:00,71.77478
2016-08-22 23:45:00,71.80359
2016-08-22 23:50:00,71.80359
2016-08-22 23:55:00,71.82223
2016-08-23 00:00:00,71.842575
2016-08-23 00:05:00,71.90868
2016-08-23 00:10:00,71.99343
2016-08-23 00:15:00,72.02055
2016-08-23 00:20:00,72.02903
2016-08-23 00:25:00,72.0375
2016-08-23 00:30:00,72.0375
2016-08-23 00:35:00,72.0375
2016-08-23 00:40:00,72.0375
2016-08-23 00:45:00,72.0375
2016-08-23 00:50:00,72.0375
2016-08-23 00:55:00,72.0375
2016-08-23 01:00:00,72.0375
2016-08-23 01:05:00,72.0375
2016-08-23 01:10:00,72.0375
2016-08-23 01:15:00,72.0375
2016-08-23 01:20:00,72.0375
2016-08-23 01:25:00,72.0375
2016-08-23 01:30:00,72.0375
2016-08-23 01:35:00,72.0375
2016-08-23 01:40:00,72.0375
2016-08-23 01:45:00,72.0375
2016-08-23 01:50:00,72.0375
2016-08-23 01:55:00,72.0375
2016-08-23 02:00:00,72.0375
2016-08-23 02:05:00,72.0375
2016-08-23 02:10:00,72.0375
2016-08-23 02:15:00,72.0375
2016-08-23 02:20:00,72.0375
2016-08-23 02:25:00,72.0375
2016-08-23 02:30:00,72.0375
2016-08-23 02:35:00,72.0375
2016-08-23 02:40:00,72.0375
2016-08-23 02:45:00,72.0375
2016-08-23 02:50:00,72.0375
2016-08-23 02:55:00,72.0375
2016-08-23 03:00:00,72.0375
2016-08-23 03:05:00,72.0375
2016-08-23 03:10:00,72.0375
2016-08-23 03:15:00,72.0375
2016-08-23 03:20:00,72.0375
2016-08-23 03:25:00,72.0375
2016-08-23 03:30:00,72.0375
2016-08-23 03:35:00,72.0375
2016-08-23 03:40:00,72.0375
2016-08-23 03:45:00,72.0375
2016-08-23 03:50:00,72.0375
2016-08-23 03:55:00,72.0375
2016-08-23 04:00:00,72.0375
2016-08-23 04:05:00,72.0375
2016-08-23 04:10:00,72.0375
2016-08-23 04:15:00,72.0375
2016-08-23 04:20:00,72.0375
2016-08-23 04:25:00,72.0375
2016-08-23 04:30:00,72.0375
2016-08-23 04:35:00,72.0375
2016-08-23 04:40:00,72.0375
2016-08-23 04:45:00,72.0375
2016-08-23 04:50:00,72.0375
2016-08-23 04:55:00,72.010376
2016-08-23 05:00:00,71.95615
2016-08-23 05:05:00,71.778175
2016-08-23 05:10:00,71.30697
2016-08-23 05:15:00,70.20521
2016-08-23 05:20:00,68.30003
2016-08-23 05:25:00,65.78124
2016-08-23 05:30:00,63.364193
2016-08-23 05:35:00,60.67929
2016-08-23 05:40:00,58.262245
2016-08-23 05:45:00,55.653625
2016-08-23 05:50:00,52.89756
2016-08-23 05:55:00,49.96013
2016-08-23 06:00:00,47.3566
2016-08-23 06:05:00,45.37684
2016-08-23 06:10:00,44.131016
2016-08-23 06:15:00,43.72252
2016-08-23 06:20:00,43.815746
2016-08-23 06:25:00,43.439457
2016-08-23 06:30:00,42.51907
2016-08-23 06:35:00,41.588516
2016-08-23 06:40:00,40.886784
2016-08-23 06:45:00,40.26472
2016-08-23 06:50:00,39.893517
2016-08-23 06:55:00,40.003693
2016-08-23 07:00:00,40.14607
2016-08-23 07:05:00,39.6613
2016-08-23 07:10:00,38.384968
2016-08-23 07:15:00,37.047623
2016-08-23 07:20:00,35.871284
2016-08-23 07:25:00,34.8848
2016-08-23 07:30:00,34.367825
2016-08-23 07:35:00,34.405113
2016-08-23 07:40:00,34.545795
2016-08-23 07:45:00,34.659363
2016-08-23 07:50:00,34.979713
2016-08-23 07:55:00,35.318714
2016-08-23 08:00:00,35.288208
2016-08-23 08:05:00,34.730553
2016-08-23 08:10:00,33.345734
2016-08-23 08:15:00,31.150717
2016-08-23 08:20:00,28.809916
2016-08-23 08:25:00,26.696241
2016-08-23 08:30:00,25.013111
2016-08-23 08:35:00,24.079168
2016-08-23 08:40:00,23.884245
2016-08-23 08:45:00,24.228334
2016-08-23 08:50:00,24.909725
2016-08-23 08:55:00,25.66399
2016-08-23 09:00:00,26.104696
2016-08-23 09:05:00,26.033508
2016-08-23 09:10:00,25.350414
2016-08-23 09:15:00,24.26054
2016-08-23 09:20:00,23.167263
2016-08-23 09:25:00,22.199417
2016-08-23 09:30:00,21.329878
2016-08-23 09:35:00,20.506107
2016-08-23 09:40:00,19.973879
2016-08-23 09:45:00,19.82811
2016-08-23 09:50:00,19.833195
2016-08-23 09:55:00,19.667088
2016-08-23 10:00:00,19.217907
2016-08-23 10:05:00,18.58398
2016-08-23 10:10:00,17.944963
2016-08-23 10:15:00,17.183912
2016-08-23 10:20:00,16.092329
2016-08-23 10:25:00,14.958374
2016-08-23 10:30:00,13.8735695
2016-08-23 10:35:00,12.895558
2016-08-23 10:40:00,12.146368
2016-08-23 10:45:00,11.602273
2016-08-23 10:50:00,11.163269
2016-08-23 10:55:00,10.837829
2016-08-23 11:00:00,10.553068
2016-08-23 11:05:00,10.358146
2016-08-23 11:10:00,10.2683115
2016-08-23 11:15:00,10.34289
2016-08-23 11:20:00,10.429332
2016-08-23 11:25:00,10.290343
2016-08-23 11:30:00,9.990331
2016-08-23 11:35:00,9.708963
2016-08-23 11:40:00,9.415725
2016-08-23 11:45:00,9.095368
2016-08-23 11:50:00,8.8275585
2016-08-23 11:55:00,8.58687
2016-08-23 12:00:00,12.2718
2016-08-23 12:05:00,12.107388
2016-08-23 12:10:00,12.066705
2016-08-23 12:15:00,12.02433
2016-08-23 12:20:00,11.793811
2016-08-23 12:25:00,11.429388
2016-08-23 12:30:00,11.114113
2016-08-23 12:35:00,10.954784
2016-08-23 12:40:00,11.0497055
2016-08-23 12:45:00,11.295479
2016-08-23 12:50:00,11.588715
2016-08-23 12:55:00,11.88025
2016-08-23 13:00:00,12.322649
2016-08-23 13:05:00,12.848097
2016-08-23 13:10:00,13.297276
2016-08-23 13:15:00,13.571861
2016-08-23 13:20:00,13.602377
2016-08-23 13:25:00,13.256593
2016-08-23 13:30:00,12.549778
2016-08-23 13:35:00,11.729397
2016-08-23 13:40:00,10.827661
2016-08-23 13:45:00,9.937787
2016-08-23 13:50:00,9.042826
2016-08-23 13:55:00,8.125829
2016-08-23 14:00:00,7.2478213
2016-08-23 14:05:00,6.5477853
2016-08-23 14:10:00,5.8630056
2016-08-23 14:15:00,5.3273854
2016-08-23 14:20:00,4.879905
2016-08-23 14:25:00,4.3866606
2016-08-23 14:30:00,3.7459497
2016-08-23 14:35:00,3.042526
2016-08-23 14:40:00,2.320455
2016-08-23 14:45:00,1.6780504
2016-08-23 14:50:00,1.2000601
2016-08-23 14:55:00,0.9203851
2016-08-23 15:00:00,0.71359515
2016-08-23 15:05:00,0.537315
2016-08-23 15:10:00,0.34747508
2016-08-23 15:15:00,0.18814501
2016-08-23 15:20:00,0.12203998
2016-08-23 15:25:00,0.07966499
2016-08-23 15:30:00,0.06610499
2016-08-23 15:35:00,0.05593499
2016-08-23 15:40:00,0.042374995
2016-08-23 15:45:00,0.037289996
2016-08-23 15:50:00,0.023729999
2016-08-23 15:55:00,0.0050850003
2016-08-23 16:00:00,0.0
2016-08-23 16:05:00,0.0
2016-08-23 16:10:00,0.0
2016-08-23 16:15:00,0.0
2016-08-23 16:20:00,0.0
2016-08-23 16:25:00,0.0
2016-08-23 16:30:00,0.0
2016-08-23 16:35:00,0.0
2016-08-23 16:40:00,0.0
2016-08-23 16:45:00,0.0
2016-08-23 16:50:00,0.0
2016-08-23 16:55:00,0.0
2016-08-23 17:00:00,0.0
2016-08-23 17:05:00,0.0
2016-08-23 17:10:00,0.0
2016-08-23 17:15:00,0.0
2016-08-23 17:20:00,0.0
2016-08-23 17:25:00,0.0
2016-08-23 17:30:00,0.008475
2016-08-23 17:35:00,0.008475
2016-08-23 17:40:00,0.008475
2016-08-23 17:45:00,0.0
2016-08-23 17:50:00,0.008475
2016-08-23 17:55:00,0.01695
2016-08-23 18:00:00,0.054239996
2016-08-23 18:05:00,0.19492503
2016-08-23 18:10:00,0.4068
2016-08-23 18:15:00,0.63223505
2016-08-23 18:20:00,0.79326004
2016-08-23 18:25:00,0.96106535
2016-08-23 18:30:00,1.0525953
2016-08-23 18:35:00,0.98310006
2016-08-23 18:40:00,0.88817996
2016-08-23 18:45:00,0.66952497
2016-08-23 18:50:00,0.49494004
2016-08-23 18:55:00,0.4746001
2016-08-23 19:00:00,0.50341505
2016-08-23 19:05:00,0.5169751
2016-08-23 19:10:00,0.45086995
2016-08-23 19:15:00,0.350865
2016-08-23 19:20:00,0.25764
2016-08-23 19:25:00,0.15763502
2016-08-23 19:30:00,0.11864998
2016-08-23 19:35:00,0.07796999
2016-08-23 19:40:00,0.06949499
2016-08-23 19:45:00,0.08983499
2016-08-23 19:50:00,0.09491999
2016-08-23 19:55:00,0.09322499
2016-08-23 20:00:00,0.10170001
2016-08-23 20:05:00,0.09152999
2016-08-23 20:10:00,0.066105
2016-08-23 20:15:00,0.076275
2016-08-23 20:20:00,0.14237998
2016-08-23 20:25:00,0.283065
2016-08-23 20:30:00,0.39324006
2016-08-23 20:35:00,0.41527498
2016-08-23 20:40:00,0.33730495
2016-08-23 20:45:00,0.22882503
2016-08-23 20:50:00,0.11186998
2016-08-23 20:55:00,0.06610499
2016-08-23 21:00:00,0.061019994
2016-08-23 21:05:00,0.06949499
2016-08-23 21:10:00,0.038984995
2016-08-23 21:15:00,0.037289996
2016-08-23 21:20:00,0.042374995
2016-08-23 21:25:00,0.013559999
2016-08-23 21:30:00,0.0
2016-08-23 21:35:00,0.0
2016-08-23 21:40:00,0.0
2016-08-23 21:45:00,0.027119998
2016-08-23 21:50:00,0.06610499
2016-08-23 21:55:00,0.110174984
2016-08-23 22:00:00,0.13898998
2016-08-23 22:05:00,0.174585
2016-08-23 22:10:00,0.20509504
2016-08-23 22:15:00,0.20848504
2016-08-23 22:20:00,0.16611
2016-08-23 22:25:00,0.127125
2016-08-23 22:30:00,0.076275
2016-08-23 22:35:00,0.07966499
2016-08-23 22:40:00,0.113565005
2016-08-23 22:45:00,0.14916001
2016-08-23 22:50:00,0.10847999
2016-08-23 22:55:00,0.06779999
2016-08-23 23:00:00,0.054239996
2016-08-23 23:05:00,0.027119998
2016-08-23 23:10:00,0.013559999
2016-08-23 23:15:00,0.008475
2016-08-23 23:20:00,0.01695
2016-08-23 23:25:00,0.025424998
2016-08-23 23:30:00,0.0339
2016-08-23 23:35:00,0.025424998
2016-08-23 23:40:00,0.025424998
2016-08-23 23:45:00,0.0339
2016-08-23 23:50:00,0.042374995
2016-08-23 23:55:00,0.07796999
2016-08-24 00:00:00,0.09152999
2016-08-24 00:05:00,0.105089985
2016-08-24 00:10:00,0.12542999
2016-08-24 00:15:00,0.21017997
2016-08-24 00:20:00,0.272895
2016-08-24 00:25:00,0.32204998
2016-08-24 00:30:00,0.388155
2016-08-24 00:35:00,0.37459502
2016-08-24 00:40:00,0.31018496
2016-08-24 00:45:00,0.225435
2016-08-24 00:50:00,0.14915998
2016-08-24 00:55:00,0.103394985
2016-08-24 01:00:00,0.08644499
2016-08-24 01:05:00,0.05762999
2016-08-24 01:10:00,0.049154993
2016-08-24 01:15:00,0.020339997
2016-08-24 01:20:00,0.0
2016-08-24 01:25:00,0.0
2016-08-24 01:30:00,0.0
2016-08-24 01:35:00,0.0
2016-08-24 01:40:00,0.0
2016-08-24 01:45:00,0.0
2016-08-24 01:50:00,0.0
2016-08-24 01:55:00,0.0
2016-08-24 02:00:00,0.0
2016-08-24 02:05:00,0.0
2016-08-24 02:10:00,0.0
2016-08-24 02:15:00,0.020339997
2016-08-24 02:20:00,0.045764994
2016-08-24 02:25:00,0.09830999
2016-08-24 02:30:00,0.16441499
2016-08-24 02:35:00,0.21526502
2016-08-24 02:40:00,0.25594506
2016-08-24 02:45:00,0.26781005
2016-08-24 02:50:00,0.269505
2016-08-24 02:55:00,0.26781
2016-08-24 03:00:00,0.30510005
2016-08-24 03:05:00,0.31696507
2016-08-24 03:10:00,0.36273012
2016-08-24 03:15:00,0.510195
2016-08-24 03:20:00,0.82377005
2016-08-24 03:25:00,1.001745
2016-08-24 03:30:00,0.930555
2016-08-24 03:35:00,0.50680506
2016-08-24 03:40:00,0.21695998
2016-08-24 03:45:00,0.06779999
2016-08-24 03:50:00,0.25594497
2016-08-24 03:55:00,0.81190497
2016-08-24 04:00:00,1.0678499
2016-08-24 04:05:00,1.08819
2016-08-24 04:10:00,1.0424252
2016-08-24 04:15:00,0.92547005
2016-08-24 04:20:00,0.70681494
2016-08-24 04:25:00,0.5898601
2016-08-24 04:30:00,0.48307502
2016-08-24 04:35:00,0.45764998
2016-08-24 04:40:00,0.48816004
2016-08-24 04:45:00,0.49832997
2016-08-24 04:50:00,0.513585
2016-08-24 04:55:00,0.50680494
2016-08-24 05:00:00,0.46951497
2016-08-24 05:05:00,0.44239506
2016-08-24 05:10:00,0.48477003
2016-08-24 05:15:00,0.571215
2016-08-24 05:20:00,0.67291504
2016-08-24 05:25:00,0.69325507
2016-08-24 05:30:00,0.70342505
2016-08-24 05:35:00,0.7017302
2016-08-24 05:40:00,0.76614004
2016-08-24 05:45:00,2.0746799
2016-08-24 05:50:00,5.7935095
2016-08-24 05:55:00,9.554717
2016-08-24 06:00:00,11.220901
2016-08-24 06:05:00,8.120744
2016-08-24 06:10:00,5.612146
2016-08-24 06:15:00,5.140934
2016-08-24 06:20:00,4.5934505
2016-08-24 06:25:00,3.773071
2016-08-24 06:30:00,3.383221
2016-08-24 06:35:00,3.2560947
2016-08-24 06:40:00,3.0204902
2016-08-24 06:45:00,3.2459245
2016-08-24 06:50:00,3.8764656
2016-08-24 06:55:00,4.4646306
2016-08-24 07:00:00,4.7154903
2016-08-24 07:05:00,4.540905
2016-08-24 07:10:00,4.00359
2016-08-24 07:15:00,3.2764356
2016-08-24 07:20:00,2.554365
2016-08-24 07:25:00,1.9628103
2016-08-24 07:30:00,1.435665
2016-08-24 07:35:00,0.88479
2016-08-24 07:40:00,0.53562
2016-08-24 07:45:00,0.24068996
2016-08-24 07:50:00,0.106784984
2016-08-24 07:55:00,0.050849993
2016-08-24 08:00:00,0.0
2016-08-24 08:05:00,0.0
2016-08-24 08:10:00,0.0
2016-08-24 08:15:00,0.0
2016-08-24 08:20:00,0.0
2016-08-24 08:25:00,0.0
2016-08-24 08:30:00,0.0
2016-08-24 08:35:00,0.0
2016-08-24 08:40:00,0.0
2016-08-24 08:45:00,0.0
2016-08-24 08:50:00,0.0
2016-08-24 08:55:00,0.0
2016-08-24 09:00:00,0.0
2016-08-24 09:05:00,0.0
2016-08-24 09:10:00,0.0050850003
2016-08-24 09:15:00,0.07966499
2016-08-24 09:20:00,0.23052004
2016-08-24 09:25:00,0.6017249
2016-08-24 09:30:00,1.0373399
2016-08-24 09:35:00,1.6695747
2016-08-24 09:40:00,2.4577498
2016-08-24 09:45:00,3.3103356
2016-08-24 09:50:00,4.0866456
2016-08-24 09:55:00,4.840921
2016-08-24 10:00:00,5.5121408
2016-08-24 10:05:00,6.1053905
2016-08-24 10:10:00,6.6054144
2016-08-24 10:15:00,7.02408
2016-08-24 10:20:00,7.2935867
2016-08-24 10:25:00,7.280025
2016-08-24 10:30:00,6.9088197
2016-08-24 10:35:00,6.2087855
2016-08-24 10:40:00,5.4663744
2016-08-24 10:45:00,4.705319
2016-08-24 10:50:00,4.0103693
2016-08-24 10:55:00,3.2747395
2016-08-24 11:00:00,2.5814848
2016-08-24 11:05:00,1.9814554
2016-08-24 11:10:00,1.5136348
2016-08-24 11:15:00,1.23735
2016-08-24 11:20:00,1.04412
2016-08-24 11:25:00,0.8847903
2016-08-24 11:30:00,0.7068151
2016-08-24 11:35:00,0.54918003
2016-08-24 11:40:00,0.45256504
2016-08-24 11:45:00,0.40510502
2016-08-24 11:50:00,0.33900002
2016-08-24 11:55:00,0.31188
2016-08-24 12:00:00,3.1849053
2016-08-24 12:05:00,2.8476002
2016-08-24 12:10:00,2.53233
2016-08-24 12:15:00,2.2306201
2016-08-24 12:20:00,1.9526403
2016-08-24 12:25:00,1.7441546
2016-08-24 12:30:00,1.5949947
2016-08-24 12:35:00,1.5577048
2016-08-24 12:40:00,1.5983849
2016-08-24 12:45:00,1.6204202
2016-08-24 12:50:00,1.574655
2016-08-24 12:55:00,1.3797299
2016-08-24 13:00:00,1.137345
2016-08-24 13:05:00,0.89665514
2016-08-24 13:10:00,0.68817
2016-08-24 13:15:00,0.550875
2016-08-24 13:20:00,0.479685
2016-08-24 13:25:00,0.43900502
2016-08-24 13:30:00,0.43222505
2016-08-24 13:35:00,0.37290007
2016-08-24 13:40:00,0.28645504
2016-08-24 13:45:00,0.18306002
2016-08-24 13:50:00,0.123734996
2016-08-24 13:55:00,0.093225
2016-08-24 14:00:00,0.076275
2016-08-24 14:05:00,0.059325006
2016-08-24 14:10:00,0.050849997
2016-08-24 14:15:00,0.042374995
2016-08-24 14:20:00,0.0339
2016-08-24 14:25:00,0.025424998
2016-08-24 14:30:00,0.01695
2016-08-24 14:35:00,0.008475
2016-08-24 14:40:00,0.0
2016-08-24 14:45:00,0.0
2016-08-24 14:50:00,0.0
2016-08-24 14:55:00,0.0
2016-08-24 15:00:00,0.0
2016-08-24 15:05:00,0.0
2016-08-24 15:10:00,0.0
2016-08-24 15:15:00,0.0
2016-08-24 15:20:00,0.0
2016-08-24 15:25:00,0.0
2016-08-24 15:30:00,0.0
2016-08-24 15:35:00,0.0
2016-08-24 15:40:00,0.0
2016-08-24 15:45:00,0.0
2016-08-24 15:50:00,0.0
2016-08-24 15:55:00,0.0
2016-08-24 16:00:00,0.0
2016-08-24 16:05:00,0.12881999
2016-08-24 16:10:00,0.2373
2016-08-24 16:15:00,0.38137496
2016-08-24 16:20:00,0.50341505
2016-08-24 16:25:00,0.67800015
2016-08-24 16:30:00,0.9254705
2016-08-24 16:35:00,1.2034502
2016-08-24 16:40:00,1.3983753
2016-08-24 16:45:00,1.5458403
2016-08-24 16:50:00,1.6441501
2016-08-24 16:55:00,1.7322899
2016-08-24 17:00:00,1.8831449
2016-08-24 17:05:00,1.9814551
2016-08-24 17:10:00,1.9797598
2016-08-24 17:15:00,1.839075
2016-08-24 17:20:00,1.6814402
2016-08-24 17:25:00,1.6000803
2016-08-24 17:30:00,1.5119406
2016-08-24 17:35:00,1.3034549
2016-08-24 17:40:00,1.06446
2016-08-24 17:45:00,0.8356351
2016-08-24 17:50:00,0.6746102
2016-08-24 17:55:00,0.60172504
2016-08-24 18:00:00,0.59664005
2016-08-24 18:05:00,0.64240515
2016-08-24 18:10:00,0.68478
2016-08-24 18:15:00,0.74749523
2016-08-24 18:20:00,0.75936013
2016-08-24 18:25:00,0.8407201
2016-08-24 18:30:00,1.0220847
2016-08-24 18:35:00,1.3932894
2016-08-24 18:40:00,1.7204251
2016-08-24 18:45:00,1.7899199
2016-08-24 18:50:00,1.7136451
2016-08-24 18:55:00,1.68483
2016-08-24 19:00:00,1.7661902
2016-08-24 19:05:00,2.0933247
2016-08-24 19:10:00,2.5696208
2016-08-24 19:15:00,3.0187962
2016-08-24 19:20:00,3.2696555
2016-08-24 19:25:00,3.3628802
2016-08-24 19:30:00,3.4815295
2016-08-24 19:35:00,3.759509
2016-08-24 19:40:00,4.01037
2016-08-24 19:45:00,4.01037
2016-08-24 19:50:00,3.7425601
2016-08-24 19:55:00,3.4154253
2016-08-24 20:00:00,3.2984698
2016-08-24 20:05:00,3.391695
2016-08-24 20:10:00,3.4662745
2016-08-24 20:15:00,3.427291
2016-08-24 20:20:00,3.2781298
2016-08-24 20:25:00,3.0865948
2016-08-24 20:30:00,3.0323544
2016-08-24 20:35:00,3.0018454
2016-08-24 20:40:00,2.9560807
2016-08-24 20:45:00,2.8391252
2016-08-24 20:50:00,2.7018297
2016-08-24 20:55:00,2.5764
2016-08-24 21:00:00,2.5730097
2016-08-24 21:05:00,3.0204895
2016-08-24 21:10:00,4.56294
2016-08-24 21:15:00,6.964756
2016-08-24 21:20:00,8.89875
2016-08-24 21:25:00,10.014062
2016-08-24 21:30:00,9.939479
2016-08-24 21:35:00,7.827508
2016-08-24 21:40:00,5.9308043
2016-08-24 21:45:00,5.7562203
2016-08-24 21:50:00,6.0019946
2016-08-24 21:55:00,5.912161
2016-08-24 22:00:00,6.4121842
2016-08-24 22:05:00,5.8816495
2016-08-24 22:10:00,4.6849804
2016-08-24 22:15:00,6.625756
2016-08-24 22:20:00,10.302212
2016-08-24 22:25:00,14.492251
2016-08-24 22:30:00,16.149958
2016-08-24 22:35:00,14.219352
2016-08-24 22:40:00,12.829453
2016-08-24 22:45:00,12.236206
2016-08-24 22:50:00,10.863256
2016-08-24 22:55:00,8.202106
2016-08-24 23:00:00,5.7646966
2016-08-24 23:05:00,5.603669
2016-08-24 23:10:00,8.675009
2016-08-24 23:15:00,11.059875
2016-08-24 23:20:00,14.685479
2016-08-24 23:25:00,17.733093
2016-08-24 23:30:00,14.793959
2016-08-24 23:35:00,11.112417
2016-08-24 23:40:00,10.229325
2016-08-24 23:45:00,9.610651
2016-08-24 23:50:00,8.281771
2016-08-24 23:55:00,8.927567
2016-08-25 00:00:00,13.44135
2016-08-25 00:05:00,20.397635
2016-08-25 00:10:00,25.360586
2016-08-25 00:15:00,26.092834
2016-08-25 00:20:00,21.28751
2016-08-25 00:25:00,16.858469
2016-08-25 00:30:00,17.039833
2016-08-25 00:35:00,19.724718
2016-08-25 00:40:00,22.140085
2016-08-25 00:45:00,22.940132
2016-08-25 00:50:00,21.931606
2016-08-25 00:55:00,21.121393
2016-08-25 01:00:00,21.857025
2016-08-25 01:05:00,23.33845
2016-08-25 01:10:00,24.572405
2016-08-25 01:15:00,25.314821
2016-08-25 01:20:00,25.304655
2016-08-25 01:25:00,24.32495
2016-08-25 01:30:00,22.85877
2016-08-25 01:35:00,21.10614
2016-08-25 01:40:00,19.048412
2016-08-25 01:45:00,17.105944
2016-08-25 01:50:00,15.4143305
2016-08-25 01:55:00,15.00923
2016-08-25 02:00:00,16.143177
2016-08-25 02:05:00,17.963612
2016-08-25 02:10:00,19.8993
2016-08-25 02:15:00,22.184164
2016-08-25 02:20:00,24.852093
2016-08-25 02:25:00,28.014961
2016-08-25 02:30:00,31.364279
2016-08-25 02:35:00,34.083057
2016-08-25 02:40:00,35.476345
2016-08-25 02:45:00,35.818737
2016-08-25 02:50:00,35.378048
2016-08-25 02:55:00,34.927177
2016-08-25 03:00:00,34.347477
2016-08-25 03:05:00,34.445786
2016-08-25 03:10:00,35.70857
2016-08-25 03:15:00,36.93575
2016-08-25 03:20:00,36.761158
2016-08-25 03:25:00,35.34075
2016-08-25 03:30:00,34.100014
2016-08-25 03:35:00,33.198273
2016-08-25 03:40:00,31.365973
2016-08-25 03:45:00,28.47431
2016-08-25 03:50:00,25.77248
2016-08-25 03:55:00,23.170647
2016-08-25 04:00:00,20.331524
2016-08-25 04:05:00,17.395784
2016-08-25 04:10:00,15.293985
2016-08-25 04:15:00,14.814296
2016-08-25 04:20:00,15.678744
2016-08-25 04:25:00,16.914406
2016-08-25 04:30:00,17.192383
2016-08-25 04:35:00,16.07368
2016-08-25 04:40:00,15.409245
2016-08-25 04:45:00,15.934699
2016-08-25 04:50:00,16.104195
2016-08-25 04:55:00,15.838081
2016-08-25 05:00:00,15.705868
2016-08-25 05:05:00,15.731295
2016-08-25 05:10:00,16.119452
2016-08-25 05:15:00,16.78898
2016-08-25 05:20:00,17.55173
2016-08-25 05:25:00,18.185652
2016-08-25 05:30:00,18.234812
2016-08-25 05:35:00,17.863605
2016-08-25 05:40:00,17.287306
2016-08-25 05:45:00,15.85333
2016-08-25 05:50:00,13.665091
2016-08-25 05:55:00,12.439605
2016-08-25 06:00:00,12.003985
2016-08-25 06:05:00,11.461591
2016-08-25 06:10:00,10.581886
2016-08-25 06:15:00,9.514033
2016-08-25 06:20:00,8.58687
2016-08-25 06:25:00,7.883445
2016-08-25 06:30:00,7.3885055
2016-08-25 06:35:00,7.108829
2016-08-25 06:40:00,7.1444273
2016-08-25 06:45:00,7.3901997
2016-08-25 06:50:00,7.7953033
2016-08-25 06:55:00,8.239391
2016-08-25 07:00:00,8.710604
2016-08-25 07:05:00,9.558105
2016-08-25 07:10:00,11.01072
2016-08-25 07:15:00,12.882001
2016-08-25 07:20:00,14.926172
2016-08-25 07:25:00,16.797453
2016-08-25 07:30:00,17.95853
2016-08-25 07:35:00,18.56025
2016-08-25 07:40:00,18.89586
2016-08-25 07:45:00,19.1874
2016-08-25 07:50:00,19.62471
2016-08-25 07:55:00,20.289148
2016-08-25 08:00:00,20.990883
2016-08-25 08:05:00,21.641764
2016-08-25 08:10:00,22.065508
2016-08-25 08:15:00,22.209581
2016-08-25 08:20:00,22.396032
2016-08-25 08:25:00,22.653675
2016-08-25 08:30:00,22.958769
2016-08-25 08:35:00,22.91471
2016-08-25 08:40:00,22.357044
2016-08-25 08:45:00,21.41802
2016-08-25 08:50:00,20.15016
2016-08-25 08:55:00,18.529737
2016-08-25 09:00:00,16.851688
2016-08-25 09:05:00,15.244829
2016-08-25 09:10:00,13.86001
2016-08-25 09:15:00,12.690462
2016-08-25 09:20:00,11.620918
2016-08-25 09:25:00,10.6869755
2016-08-25 09:30:00,9.898799
2016-08-25 09:35:00,9.230969
2016-08-25 09:40:00,8.642805
2016-08-25 09:45:00,8.063115
2016-08-25 09:50:00,7.5529203
2016-08-25 09:55:00,7.120696
2016-08-25 10:00:00,6.8596663
2016-08-25 10:05:00,6.729152
2016-08-25 10:10:00,6.774915
2016-08-25 10:15:00,6.9257703
2016-08-25 10:20:00,7.09866
2016-08-25 10:25:00,7.152903
2016-08-25 10:30:00,7.066456
2016-08-25 10:35:00,6.813897
2016-08-25 10:40:00,6.446086
2016-08-25 10:45:00,6.0664053
2016-08-25 10:50:00,5.6697736
2016-08-25 10:55:00,5.2900944
2016-08-25 11:00:00,4.8392253
2016-08-25 11:05:00,4.3595405
2016-08-25 11:10:00,3.859515
2016-08-25 11:15:00,3.3679655
2016-08-25 11:20:00,2.8730252
2016-08-25 11:25:00,2.2848594
2016-08-25 11:30:00,1.7763605
2016-08-25 11:35:00,1.3136247
2016-08-25 11:40:00,0.98648995
2016-08-25 11:45:00,0.70851
2016-08-25 11:50:00,0.4525651
2016-08-25 11:55:00,0.28476003
2016-08-25 12:00:00,0.0
2016-08-25 12:05:00,0.013559999
2016-08-25 12:10:00,0.035594996
2016-08-25 12:15:00,0.07627499
2016-08-25 12:20:00,0.13220999
2016-08-25 12:25:00,0.17967
2016-08-25 12:30:00,0.16949998
2016-08-25 12:35:00,0.14577
2016-08-25 12:40:00,0.093225
2016-08-25 12:45:00,0.050849997
2016-08-25 12:50:00,0.050849997
2016-08-25 12:55:00,0.050849997
2016-08-25 13:00:00,0.050849997
2016-08-25 13:05:00,0.042374995
2016-08-25 13:10:00,0.042374995
2016-08-25 13:15:00,0.0339
2016-08-25 13:20:00,0.042374995
2016-08-25 13:25:00,0.042374995
2016-08-25 13:30:00,0.050849997
2016-08-25 13:35:00,0.050849997
2016-08-25 13:40:00,0.050849997
2016-08-25 13:45:00,0.050849997
2016-08-25 13:50:00,0.050849997
2016-08-25 13:55:00,0.042374995
2016-08-25 14:00:00,0.042374995
2016-08-25 14:05:00,0.0339
2016-08-25 14:10:00,0.0339
2016-08-25 14:15:00,0.0339
2016-08-25 14:20:00,0.0339
2016-08-25 14:25:00,0.0339
2016-08-25 14:30:00,0.025424998
2016-08-25 14:35:00,0.008475
2016-08-25 14:40:00,0.0
2016-08-25 14:45:00,0.0
2016-08-25 14:50:00,0.0
2016-08-25 14:55:00,0.0
2016-08-25 15:00:00,0.0
2016-08-25 15:05:00,0.0
2016-08-25 15:10:00,0.0
2016-08-25 15:15:00,0.0
2016-08-25 15:20:00,0.0
2016-08-25 15:25:00,0.0
2016-08-25 15:30:00,0.0
2016-08-25 15:35:00,0.0
2016-08-25 15:40:00,0.0
2016-08-25 15:45:00,0.0
2016-08-25 15:50:00,0.0
2016-08-25 15:55:00,0.0
2016-08-25 16:00:00,0.0
2016-08-25 16:05:00,0.0
2016-08-25 16:10:00,0.0
2016-08-25 16:15:00,0.0
2016-08-25 16:20:00,0.0
2016-08-25 16:25:00,0.0
2016-08-25 16:30:00,0.0
2016-08-25 16:35:00,0.0
2016-08-25 16:40:00,0.0
2016-08-25 16:45:00,0.0
2016-08-25 16:50:00,0.0
2016-08-25 16:55:00,0.01695
2016-08-25 17:00:00,0.08305499
2016-08-25 17:05:00,0.15424499
2016-08-25 17:10:00,0.25594506
2016-08-25 17:15:00,0.34578013
2016-08-25 17:20:00,0.4305301
2016-08-25 17:25:00,0.52036506
2016-08-25 17:30:00,0.62037
2016-08-25 17:35:00,0.79834485
2016-08-25 17:40:00,1.0220852
2016-08-25 17:45:00,1.2068402
2016-08-25 17:50:00,1.4204098
2016-08-25 17:55:00,1.7187296
2016-08-25 18:00:00,2.1170552
2016-08-25 18:05:00,2.628945
2016-08-25 18:10:00,3.1188004
2016-08-25 18:15:00,3.4815297
2016-08-25 18:20:00,3.818835
2016-08-25 18:25:00,4.1527495
2016-08-25 18:30:00,4.5781946
2016-08-25 18:35:00,5.0239806
2016-08-25 18:40:00,5.64774
2016-08-25 18:45:00,6.5867715
2016-08-25 18:50:00,7.9020915
2016-08-25 18:55:00,9.25809
2016-08-25 19:00:00,10.405606
2016-08-25 19:05:00,11.320909
2016-08-25 19:10:00,12.610799
2016-08-25 19:15:00,14.499034
2016-08-25 19:20:00,16.258444
2016-08-25 19:25:00,17.197466
2016-08-25 19:30:00,17.660206
2016-08-25 19:35:00,18.417873
2016-08-25 19:40:00,19.451822
2016-08-25 19:45:00,20.239996
2016-08-25 19:50:00,20.446783
2016-08-25 19:55:00,20.711203
2016-08-25 20:00:00,21.065458
2016-08-25 20:05:00,21.089191
2016-08-25 20:10:00,20.290844
2016-08-25 20:15:00,19.589113
2016-08-25 20:20:00,19.78743
2016-08-25 20:25:00,20.31288
2016-08-25 20:30:00,20.20101
2016-08-25 20:35:00,19.514534
2016-08-25 20:40:00,18.88908
2016-08-25 20:45:00,18.73992
2016-08-25 20:50:00,18.738226
2016-08-25 20:55:00,18.358547
2016-08-25 21:00:00,17.707664
2016-08-25 21:05:00,17.26188
2016-08-25 21:10:00,17.012718
2016-08-25 21:15:00,16.45337
2016-08-25 21:20:00,15.456703
2016-08-25 21:25:00,14.431224
2016-08-25 21:30:00,13.966797
2016-08-25 21:35:00,14.4075
2016-08-25 21:40:00,15.217709
2016-08-25 21:45:00,15.95165
2016-08-25 21:50:00,16.558456
2016-08-25 21:55:00,17.090685
2016-08-25 22:00:00,17.294085
2016-08-25 22:05:00,17.182219
2016-08-25 22:10:00,16.95678
2016-08-25 22:15:00,17.00254
2016-08-25 22:20:00,17.19747
2016-08-25 22:25:00,17.056782
2016-08-25 22:30:00,16.743206
2016-08-25 22:35:00,16.516079
2016-08-25 22:40:00,16.090633
2016-08-25 22:45:00,15.495689
2016-08-25 22:50:00,14.807515
2016-08-25 22:55:00,14.226136
2016-08-25 23:00:00,13.892223
2016-08-25 23:05:00,13.79391
2016-08-25 23:10:00,13.661698
2016-08-25 23:15:00,13.429489
2016-08-25 23:20:00,13.215914
2016-08-25 23:25:00,13.1193
2016-08-25 23:30:00,13.071836
2016-08-25 23:35:00,13.061671
2016-08-25 23:40:00,13.210831
2016-08-25 23:45:00,13.5447445
2016-08-25 23:50:00,14.02104
2016-08-25 23:55:00,14.178672
2016-08-26 00:00:00,14.021039
2016-08-26 00:05:00,13.649834
2016-08-26 00:10:00,13.3582945
2016-08-26 00:15:00,13.139639
2016-08-26 00:20:00,12.800643
2016-08-26 00:25:00,12.300614
2016-08-26 00:30:00,11.764994
2016-08-26 00:35:00,11.297174
2016-08-26 00:40:00,11.188696
2016-08-26 00:45:00,11.264971
2016-08-26 00:50:00,11.141234
2016-08-26 00:55:00,10.792068
2016-08-26 01:00:00,10.407299
2016-08-26 01:05:00,9.973383
2016-08-26 01:10:00,9.473357
2016-08-26 01:15:00,8.91231
2016-08-26 01:20:00,8.261428
2016-08-26 01:25:00,7.700382
2016-08-26 01:30:00,7.4935956
2016-08-26 01:35:00,7.4834228
2016-08-26 01:40:00,7.3037553
2016-08-26 01:45:00,7.002045
2016-08-26 01:50:00,6.473205
2016-08-26 01:55:00,5.954535
2016-08-26 02:00:00,5.659604
2016-08-26 02:05:00,5.8189354
2016-08-26 02:10:00,6.517276
2016-08-26 02:15:00,7.5885158
2016-08-26 02:20:00,8.710605
2016-08-26 02:25:00,9.532679
2016-08-26 02:30:00,9.797099
2016-08-26 02:35:00,9.620819
2016-08-26 02:40:00,9.469966
2016-08-26 02:45:00,9.747945
2016-08-26 02:50:00,10.325939
2016-08-26 02:55:00,10.486963
2016-08-26 03:00:00,9.792015
2016-08-26 03:05:00,8.7123
2016-08-26 03:10:00,8.003789
2016-08-26 03:15:00,8.064811
2016-08-26 03:20:00,8.575007
2016-08-26 03:25:00,8.585175
2016-08-26 03:30:00,7.997009
2016-08-26 03:35:00,6.988484
2016-08-26 03:40:00,5.912161
2016-08-26 03:45:00,4.9917746
2016-08-26 03:50:00,4.3086905
2016-08-26 03:55:00,3.8730745
2016-08-26 04:00:00,3.5730598
2016-08-26 04:05:00,3.2069397
2016-08-26 04:10:00,2.6374197
2016-08-26 04:15:00,2.1967204
2016-08-26 04:20:00,1.7475449
2016-08-26 04:25:00,1.1661599
2016-08-26 04:30:00,0.7796999
2016-08-26 04:35:00,0.5220601
2016-08-26 04:40:00,0.42205504
2016-08-26 04:45:00,0.3745951
2016-08-26 04:50:00,0.34069505
2016-08-26 04:55:00,0.222045
2016-08-26 05:00:00,0.116955005
2016-08-26 05:05:00,0.030509999
2016-08-26 05:10:00,0.0152549995
2016-08-26 05:15:00,0.0
2016-08-26 05:20:00,0.0
2016-08-26 05:25:00,0.0
2016-08-26 05:30:00,0.0
2016-08-26 05:35:00,0.0
2016-08-26 05:40:00,0.0
2016-08-26 05:45:00,0.0
2016-08-26 05:50:00,0.0
2016-08-26 05:55:00,0.0
2016-08-26 06:00:00,0.0
2016-08-26 06:05:00,0.0
2016-08-26 06:10:00,0.0
2016-08-26 06:15:00,0.0
2016-08-26 06:20:00,0.0
2016-08-26 06:25:00,0.0
2016-08-26 06:30:00,0.0
2016-08-26 06:35:00,0.0
2016-08-26 06:40:00,0.0
2016-08-26 06:45:00,0.0
2016-08-26 06:50:00,0.0
2016-08-26 06:55:00,0.0
2016-08-26 07:00:00,0.0
2016-08-26 07:05:00,0.0
2016-08-26 07:10:00,0.0
2016-08-26 07:15:00,0.0
2016-08-26 07:20:00,0.0
2016-08-26 07:25:00,0.0
2016-08-26 07:30:00,0.0
2016-08-26 07:35:00,0.013559999
2016-08-26 07:40:00,0.0
2016-08-26 07:45:00,0.0
2016-08-26 07:50:00,0.0
2016-08-26 07:55:00,0.0
2016-08-26 08:00:00,0.027119998
2016-08-26 08:05:00,0.06779999
2016-08-26 08:10:00,0.08644499
2016-08-26 08:15:00,0.24069004
2016-08-26 08:20:00,0.4068
2016-08-26 08:25:00,0.7254599
2016-08-26 08:30:00,1.1661605
2016-08-26 08:35:00,1.7356803
2016-08-26 08:40:00,2.17638
2016-08-26 08:45:00,2.5069046
2016-08-26 08:50:00,2.7628508
2016-08-26 08:55:00,2.8662448
2016-08-26 09:00:00,2.80692
2016-08-26 09:05:00,2.5865698
2016-08-26 09:10:00,2.2204502
2016-08-26 09:15:00,1.8017846
2016-08-26 09:20:00,1.452615
2016-08-26 09:25:00,1.1848052
2016-08-26 09:30:00,0.99666023
2016-08-26 09:35:00,0.8813999
2016-08-26 09:40:00,0.78309005
2016-08-26 09:45:00,0.67122
2016-08-26 09:50:00,0.5763
2016-08-26 09:55:00,0.48137993
2016-08-26 10:00:00,0.391545
2016-08-26 10:05:00,0.38645998
2016-08-26 10:10:00,0.422055
2016-08-26 10:15:00,0.42713994
2016-08-26 10:20:00,0.39663002
2016-08-26 10:25:00,0.37798497
2016-08-26 10:30:00,0.33052498
2016-08-26 10:35:00,0.31866002
2016-08-26 10:40:00,0.30849
2016-08-26 10:45:00,0.31527004
2016-08-26 10:50:00,0.337305
2016-08-26 10:55:00,0.374595
2016-08-26 11:00:00,0.47290504
2016-08-26 11:05:00,0.65935504
2016-08-26 11:10:00,0.80343
2016-08-26 11:15:00,1.12209
2016-08-26 11:20:00,1.3814248
2016-08-26 11:25:00,1.5865202
2016-08-26 11:30:00,1.7255102
2016-08-26 11:35:00,1.811955
2016-08-26 11:40:00,1.8322948
2016-08-26 11:45:00,1.8763651
2016-08-26 11:50:00,1.8933154
2016-08-26 11:55:00,1.8492452
2016-08-26 12:00:00,1.7848351
2016-08-26 12:05:00,9.978463
2016-08-26 12:10:00,9.466575
2016-08-26 12:15:00,8.829255
2016-08-26 12:20:00,8.147863
2016-08-26 12:25:00,7.4393573
2016-08-26 12:30:00,6.6816883
2016-08-26 12:35:00,5.937586
2016-08-26 12:40:00,5.1714463
2016-08-26 12:45:00,4.368016
2016-08-26 12:50:00,3.6391656
2016-08-26 12:55:00,3.0357456
2016-08-26 13:00:00,2.6170805
2016-08-26 13:05:00,2.3085907
2016-08-26 13:10:00,2.00688
2016-08-26 13:15:00,1.7136456
2016-08-26 13:20:00,1.4932947
2016-08-26 13:25:00,1.3746449
2016-08-26 13:30:00,1.32888
2016-08-26 13:35:00,1.2119253
2016-08-26 13:40:00,1.1068351
2016-08-26 13:45:00,1.1000553
2016-08-26 13:50:00,1.1983649
2016-08-26 13:55:00,1.2542999
2016-08-26 14:00:00,1.2102302
2016-08-26 14:05:00,1.117005
2016-08-26 14:10:00,1.0881898
2016-08-26 14:15:00,1.0966651
2016-08-26 14:20:00,1.147515
2016-08-26 14:25:00,1.1170051
2016-08-26 14:30:00,0.94581026
2016-08-26 14:35:00,0.7254599
2016-08-26 14:40:00,0.5135851
2016-08-26 14:45:00,0.35086498
2016-08-26 14:50:00,0.238995
2016-08-26 14:55:00,0.13390498
2016-08-26 15:00:00,0.07457999
2016-08-26 15:05:00,0.008475
2016-08-26 15:10:00,0.0
2016-08-26 15:15:00,0.0
2016-08-26 15:20:00,0.0
2016-08-26 15:25:00,0.0
2016-08-26 15:30:00,0.0
2016-08-26 15:35:00,0.0
2016-08-26 15:40:00,0.0
2016-08-26 15:45:00,0.0
2016-08-26 15:50:00,0.0
2016-08-26 15:55:00,0.0
2016-08-26 16:00:00,0.0
2016-08-26 16:05:00,0.0
2016-08-26 16:10:00,0.0
2016-08-26 16:15:00,0.0
2016-08-26 16:20:00,0.0
2016-08-26 16:25:00,0.0
2016-08-26 16:30:00,0.0
2016-08-26 16:35:00,0.0
2016-08-26 16:40:00,0.0
2016-08-26 16:45:00,0.0
2016-08-26 16:50:00,0.0
2016-08-26 16:55:00,0.0
2016-08-26 17:00:00,0.0
2016-08-26 17:05:00,0.0
2016-08-26 17:10:00,0.0
2016-08-26 17:15:00,0.0
2016-08-26 17:20:00,0.0
2016-08-26 17:25:00,0.0
2016-08-26 17:30:00,0.0
2016-08-26 17:35:00,0.0
2016-08-26 17:40:00,0.0
2016-08-26 17:45:00,0.0
2016-08-26 17:50:00,0.0
2016-08-26 17:55:00,0.0
2016-08-26 18:00:00,0.0
2016-08-26 18:05:00,0.0
2016-08-26 18:10:00,0.0
2016-08-26 18:15:00,0.0
2016-08-26 18:20:00,0.0
2016-08-26 18:25:00,0.0
2016-08-26 18:30:00,0.0
2016-08-26 18:35:00,0.0
2016-08-26 18:40:00,0.0
2016-08-26 18:45:00,0.0
2016-08-26 18:50:00,0.0
2016-08-26 18:55:00,0.0
2016-08-26 19:00:00,0.0
2016-08-26 19:05:00,0.0
2016-08-26 19:10:00,0.0
2016-08-26 19:15:00,0.0
2016-08-26 19:20:00,0.0
2016-08-26 19:25:00,0.0
2016-08-26 19:30:00,0.0
2016-08-26 19:35:00,0.0
2016-08-26 19:40:00,0.040679995
2016-08-26 19:45:00,0.040679995
2016-08-26 19:50:00,0.020339997
2016-08-26 19:55:00,0.040679995
2016-08-26 20:00:00,0.06779999
2016-08-26 20:05:00,0.06779999
2016-08-26 20:10:00,0.027119998
2016-08-26 20:15:00,0.0
2016-08-26 20:20:00,0.0
2016-08-26 20:25:00,0.0
2016-08-26 20:30:00,0.0
2016-08-26 20:35:00,0.0
2016-08-26 20:40:00,0.0
2016-08-26 20:45:00,0.0
2016-08-26 20:50:00,0.0
2016-08-26 20:55:00,0.0
2016-08-26 21:00:00,0.0
2016-08-26 21:05:00,0.0
2016-08-26 21:10:00,0.0
2016-08-26 21:15:00,0.0
2016-08-26 21:20:00,0.0
2016-08-26 21:25:00,0.0
2016-08-26 21:30:00,0.0
2016-08-26 21:35:00,0.0
2016-08-26 21:40:00,0.0
2016-08-26 21:45:00,0.0
2016-08-26 21:50:00,0.0
2016-08-26 21:55:00,0.0
2016-08-26 22:00:00,0.0
2016-08-26 22:05:00,0.0
2016-08-26 22:10:00,0.0
2016-08-26 22:15:00,0.0
2016-08-26 22:20:00,0.0
2016-08-26 22:25:00,0.027119998
2016-08-26 22:30:00,0.040679995
2016-08-26 22:35:00,0.09491999
2016-08-26 22:40:00,0.15594
2016-08-26 22:45:00,0.21695997
2016-08-26 22:50:00,0.21696
2016-08-26 22:55:00,0.14238003
2016-08-26 23:00:00,0.08135999
2016-08-26 23:05:00,0.020339997
2016-08-26 23:10:00,0.0
2016-08-26 23:15:00,0.025424998
2016-08-26 23:20:00,0.050849997
2016-08-26 23:25:00,0.076275
2016-08-26 23:30:00,0.050849997
2016-08-26 23:35:00,0.025424998
2016-08-26 23:40:00,0.010170001
2016-08-26 23:45:00,0.0152549995
2016-08-26 23:50:00,0.020340001
2016-08-26 23:55:00,0.020340001
2016-08-27 00:00:00,0.06949499
2016-08-27 00:05:00,0.09661499
2016-08-27 00:10:00,0.110174984
2016-08-27 00:15:00,0.12542999
2016-08-27 00:20:00,0.18814503
2016-08-27 00:25:00,0.38476503
2016-08-27 00:30:00,0.757665
2016-08-27 00:35:00,1.3187097
2016-08-27 00:40:00,1.8611102
2016-08-27 00:45:00,2.2051945
2016-08-27 00:50:00,2.3374052
2016-08-27 00:55:00,2.17638
2016-08-27 01:00:00,1.91874
2016-08-27 01:05:00,1.63059
2016-08-27 01:10:00,1.4458349
2016-08-27 01:15:00,1.3932898
2016-08-27 01:20:00,1.4102403
2016-08-27 01:25:00,1.4390547
2016-08-27 01:30:00,1.554315
2016-08-27 01:35:00,1.7356794
2016-08-27 01:40:00,1.8695847
2016-08-27 01:45:00,1.9407747
2016-08-27 01:50:00,2.0017948
2016-08-27 01:55:00,2.3458803
2016-08-27 02:00:00,3.0493052
2016-08-27 02:05:00,4.110376
2016-08-27 02:10:00,5.41722
2016-08-27 02:15:00,7.163069
2016-08-27 02:20:00,9.7954035
2016-08-27 02:25:00,13.078618
2016-08-27 02:30:00,16.266914
2016-08-27 02:35:00,18.941626
2016-08-27 02:40:00,21.487514
2016-08-27 02:45:00,24.001194
2016-08-27 02:50:00,25.84705
2016-08-27 02:55:00,26.201305
2016-08-27 03:00:00,25.175837
2016-08-27 03:05:00,23.6944
2016-08-27 03:10:00,22.553675
2016-08-27 03:15:00,22.153652
2016-08-27 03:20:00,22.316366
2016-08-27 03:25:00,22.843513
2016-08-27 03:30:00,23.519821
2016-08-27 03:35:00,24.082554
2016-08-27 03:40:00,24.374098
2016-08-27 03:45:00,24.270704
2016-08-27 03:50:00,23.545246
2016-08-27 03:55:00,22.399422
2016-08-27 04:00:00,21.45192
2016-08-27 04:05:00,21.136646
2016-08-27 04:10:00,21.592607
2016-08-27 04:15:00,22.757067
2016-08-27 04:20:00,24.409695
2016-08-27 04:25:00,26.055542
2016-08-27 04:30:00,27.54714
2016-08-27 04:35:00,29.14721
2016-08-27 04:40:00,31.101557
2016-08-27 04:45:00,33.31523
2016-08-27 04:50:00,35.557713
2016-08-27 04:55:00,37.21542
2016-08-27 05:00:00,38.2392
2016-08-27 05:05:00,39.330784
2016-08-27 05:10:00,40.58678
2016-08-27 05:15:00,41.971584
2016-08-27 05:20:00,42.96656
2016-08-27 05:25:00,43.61234
2016-08-27 05:30:00,44.146275
2016-08-27 05:35:00,44.74291
2016-08-27 05:40:00,45.49549
2016-08-27 05:45:00,46.385365
2016-08-27 05:50:00,47.658318
2016-08-27 05:55:00,49.90927
2016-08-27 06:00:00,53.2162
2016-08-27 06:05:00,56.89438
2016-08-27 06:10:00,59.906387
2016-08-27 06:15:00,62.35566
2016-08-27 06:20:00,64.53714
2016-08-27 06:25:00,66.04059
2016-08-27 06:30:00,66.84233
2016-08-27 06:35:00,67.179634
2016-08-27 06:40:00,67.35083
2016-08-27 06:45:00,67.6627
2016-08-27 06:50:00,68.218666
2016-08-27 06:55:00,68.86785
2016-08-27 07:00:00,69.25941
2016-08-27 07:05:00,69.444145
2016-08-27 07:10:00,69.40348
2016-08-27 07:15:00,69.247536
2016-08-27 07:20:00,68.92549
2016-08-27 07:25:00,68.589874
2016-08-27 07:30:00,68.08138
2016-08-27 07:35:00,67.31015
2016-08-27 07:40:00,66.60503
2016-08-27 07:45:00,65.954155
2016-08-27 07:50:00,65.01682
2016-08-27 07:55:00,63.837097
2016-08-27 08:00:00,62.304825
2016-08-27 08:05:00,60.906425
2016-08-27 08:10:00,59.882664
2016-08-27 08:15:00,59.536865
2016-08-27 08:20:00,59.803
2016-08-27 08:25:00,60.30811
2016-08-27 08:30:00,60.647114
2016-08-27 08:35:00,60.82168
2016-08-27 08:40:00,60.94542
2016-08-27 08:45:00,61.06915
2016-08-27 08:50:00,61.523407
2016-08-27 08:55:00,62.15734
2016-08-27 09:00:00,62.76417
2016-08-27 09:05:00,63.282833
2016-08-27 09:10:00,63.63539
2016-08-27 09:15:00,63.796425
2016-08-27 09:20:00,63.599796
2016-08-27 09:25:00,63.06418
2016-08-27 09:30:00,61.994644
2016-08-27 09:35:00,60.386066
2016-08-27 09:40:00,58.42326
2016-08-27 09:45:00,56.228237
2016-08-27 09:50:00,54.19424
2016-08-27 09:55:00,52.29414
2016-08-27 10:00:00,50.905945
2016-08-27 10:05:00,50.202507
2016-08-27 10:10:00,50.4788
2016-08-27 10:15:00,51.716137
2016-08-27 10:20:00,53.184017
2016-08-27 10:25:00,54.44341
2016-08-27 10:30:00,55.658722
2016-08-27 10:35:00,57.406265
2016-08-27 10:40:00,59.792812
2016-08-27 10:45:00,62.49973
2016-08-27 10:50:00,65.011734
2016-08-27 10:55:00,67.0576
2016-08-27 11:00:00,68.383095
2016-08-27 11:05:00,69.27464
2016-08-27 11:10:00,69.67128
2016-08-27 11:15:00,69.61535
2016-08-27 11:20:00,69.27805
2016-08-27 11:25:00,68.72379
2016-08-27 11:30:00,67.91187
2016-08-27 11:35:00,66.972855
2016-08-27 11:40:00,66.35248
2016-08-27 11:45:00,66.05415
2016-08-27 11:50:00,66.082985
2016-08-27 11:55:00,66.30162
2016-08-27 12:00:00,72.0375
2016-08-27 12:05:00,72.0375
2016-08-27 12:10:00,72.0375
2016-08-27 12:15:00,72.0375
2016-08-27 12:20:00,72.0375
2016-08-27 12:25:00,72.0375
2016-08-27 12:30:00,72.0375
2016-08-27 12:35:00,72.0375
2016-08-27 12:40:00,72.0375
2016-08-27 12:45:00,72.0375
2016-08-27 12:50:00,72.0375
2016-08-27 12:55:00,72.0375
2016-08-27 13:00:00,72.0375
2016-08-27 13:05:00,72.0375
2016-08-27 13:10:00,72.0036
2016-08-27 13:15:00,71.9358
2016-08-27 13:20:00,71.8002
2016-08-27 13:25:00,71.70697
2016-08-27 13:30:00,71.68155
2016-08-27 13:35:00,71.75782
2016-08-27 13:40:00,71.92733
2016-08-27 13:45:00,72.01207
2016-08-27 13:50:00,72.0375
2016-08-27 13:55:00,72.0375
2016-08-27 14:00:00,72.0375
2016-08-27 14:05:00,72.0375
2016-08-27 14:10:00,72.0375
2016-08-27 14:15:00,72.0375
2016-08-27 14:20:00,72.0375
2016-08-27 14:25:00,72.0375
2016-08-27 14:30:00,72.0375
2016-08-27 14:35:00,72.0375
2016-08-27 14:40:00,72.0375
2016-08-27 14:45:00,72.0375
2016-08-27 14:50:00,72.01038
2016-08-27 14:55:00,71.961235
2016-08-27 15:00:00,71.730705
2016-08-27 15:05:00,71.4968
2016-08-27 15:10:00,71.23069
2016-08-27 15:15:00,70.93745
2016-08-27 15:20:00,70.84762
2016-08-27 15:25:00,71.17137
2016-08-27 15:30:00,71.45272
2016-08-27 15:35:00,71.715454
2016-08-27 15:40:00,71.92224
2016-08-27 15:45:00,71.99851
2016-08-27 15:50:00,72.02903
2016-08-27 15:55:00,72.0375
2016-08-27 16:00:00,72.0375
2016-08-27 16:05:00,72.0375
2016-08-27 16:10:00,72.0375
2016-08-27 16:15:00,72.0375
2016-08-27 16:20:00,72.0375
2016-08-27 16:25:00,72.0375
2016-08-27 16:30:00,72.0375
2016-08-27 16:35:00,72.0375
2016-08-27 16:40:00,72.0375
2016-08-27 16:45:00,72.0375
2016-08-27 16:50:00,72.0375
2016-08-27 16:55:00,72.0375
2016-08-27 17:00:00,72.0375
2016-08-27 17:05:00,72.0375
2016-08-27 17:10:00,72.0375
2016-08-27 17:15:00,72.0375
2016-08-27 17:20:00,72.0375
2016-08-27 17:25:00,72.0375
2016-08-27 17:30:00,72.0375
2016-08-27 17:35:00,72.0375
2016-08-27 17:40:00,72.0375
2016-08-27 17:45:00,72.0375
2016-08-27 17:50:00,72.0375
2016-08-27 17:55:00,72.0375
2016-08-27 18:00:00,72.0375
2016-08-27 18:05:00,72.0375
2016-08-27 18:10:00,72.0375
2016-08-27 18:15:00,72.0375
2016-08-27 18:20:00,72.0375
2016-08-27 18:25:00,72.0375
2016-08-27 18:30:00,72.0375
2016-08-27 18:35:00,72.0375
2016-08-27 18:40:00,72.0375
2016-08-27 18:45:00,72.0375
2016-08-27 18:50:00,72.0375
2016-08-27 18:55:00,72.0375
2016-08-27 19:00:00,72.0375
2016-08-27 19:05:00,72.0375
2016-08-27 19:10:00,72.0375
2016-08-27 19:15:00,72.0375
2016-08-27 19:20:00,72.0375
2016-08-27 19:25:00,72.0375
2016-08-27 19:30:00,72.0375
2016-08-27 19:35:00,72.0375
2016-08-27 19:40:00,72.0375
2016-08-27 19:45:00,72.0375
2016-08-27 19:50:00,72.0375
2016-08-27 19:55:00,72.0375
2016-08-27 20:00:00,72.0375
2016-08-27 20:05:00,72.0375
2016-08-27 20:10:00,72.0375
2016-08-27 20:15:00,72.0375
2016-08-27 20:20:00,72.0375
2016-08-27 20:25:00,72.0375
2016-08-27 20:30:00,72.0375
2016-08-27 20:35:00,72.0375
2016-08-27 20:40:00,72.0375
2016-08-27 20:45:00,72.0375
2016-08-27 20:50:00,72.0375
2016-08-27 20:55:00,72.0375
2016-08-27 21:00:00,72.0375
2016-08-27 21:05:00,72.0375
2016-08-27 21:10:00,72.0375
2016-08-27 21:15:00,72.0375
2016-08-27 21:20:00,72.0375
2016-08-27 21:25:00,72.0375
2016-08-27 21:30:00,72.0375
2016-08-27 21:35:00,72.0375
2016-08-27 21:40:00,72.0375
2016-08-27 21:45:00,72.0375
2016-08-27 21:50:00,72.0375
2016-08-27 21:55:00,72.0375
2016-08-27 22:00:00,72.0375
2016-08-27 22:05:00,72.0375
2016-08-27 22:10:00,72.0375
2016-08-27 22:15:00,72.0375
2016-08-27 22:20:00,72.0375
2016-08-27 22:25:00,72.0375
2016-08-27 22:30:00,72.0375
2016-08-27 22:35:00,72.0375
2016-08-27 22:40:00,72.0375
2016-08-27 22:45:00,72.0375
2016-08-27 22:50:00,72.0375
2016-08-27 22:55:00,72.0375
2016-08-27 23:00:00,72.0375
2016-08-27 23:05:00,72.0375
2016-08-27 23:10:00,72.0375
2016-08-27 23:15:00,72.0375
2016-08-27 23:20:00,72.0375
2016-08-27 23:25:00,72.0375
2016-08-27 23:30:00,72.0375
2016-08-27 23:35:00,72.0375
2016-08-27 23:40:00,72.0375
2016-08-27 23:45:00,72.0375
2016-08-27 23:50:00,72.0375
2016-08-27 23:55:00,72.0375
2016-08-28 00:00:00,72.0375
2016-08-28 00:05:00,72.0375
2016-08-28 00:10:00,72.0375
2016-08-28 00:15:00,72.0375
2016-08-28 00:20:00,72.0375
2016-08-28 00:25:00,72.0375
2016-08-28 00:30:00,72.0375
2016-08-28 00:35:00,72.0375
2016-08-28 00:40:00,72.0375
2016-08-28 00:45:00,72.0375
2016-08-28 00:50:00,72.0375
2016-08-28 00:55:00,72.0375
2016-08-28 01:00:00,72.0375
2016-08-28 01:05:00,72.0375
2016-08-28 01:10:00,72.0375
2016-08-28 01:15:00,72.0375
2016-08-28 01:20:00,72.0375
2016-08-28 01:25:00,72.0375
2016-08-28 01:30:00,72.0375
2016-08-28 01:35:00,72.0375
2016-08-28 01:40:00,72.0375
2016-08-28 01:45:00,72.0375
2016-08-28 01:50:00,72.0375
2016-08-28 01:55:00,72.0375
2016-08-28 02:00:00,72.0375
2016-08-28 02:05:00,72.0375
2016-08-28 02:10:00,72.0375
2016-08-28 02:15:00,72.0375
2016-08-28 02:20:00,72.0375
2016-08-28 02:25:00,72.0375
2016-08-28 02:30:00,72.0375
2016-08-28 02:35:00,72.0375
2016-08-28 02:40:00,72.0375
2016-08-28 02:45:00,72.0375
2016-08-28 02:50:00,72.0375
2016-08-28 02:55:00,72.0375
2016-08-28 03:00:00,72.0375
2016-08-28 03:05:00,72.0375
2016-08-28 03:10:00,72.0375
2016-08-28 03:15:00,72.0375
2016-08-28 03:20:00,72.0375
2016-08-28 03:25:00,72.0375
2016-08-28 03:30:00,72.0375
2016-08-28 03:35:00,72.0375
2016-08-28 03:40:00,72.0375
2016-08-28 03:45:00,72.0375
2016-08-28 03:50:00,72.0375
2016-08-28 03:55:00,72.0375
2016-08-28 04:00:00,72.0375
2016-08-28 04:05:00,72.0375
2016-08-28 04:10:00,72.0375
2016-08-28 04:15:00,72.0375
2016-08-28 04:20:00,72.0375
2016-08-28 04:25:00,72.0375
2016-08-28 04:30:00,72.0375
2016-08-28 04:35:00,72.0375
2016-08-28 04:40:00,72.0375
2016-08-28 04:45:00,72.0375
2016-08-28 04:50:00,72.0375
2016-08-28 04:55:00,72.0375
2016-08-28 05:00:00,72.0375
2016-08-28 05:05:00,72.0375
2016-08-28 05:10:00,72.0375
2016-08-28 05:15:00,72.0375
2016-08-28 05:20:00,72.0375
2016-08-28 05:25:00,72.0375
2016-08-28 05:30:00,72.0375
2016-08-28 05:35:00,72.0375
2016-08-28 05:40:00,72.0375
2016-08-28 05:45:00,72.0375
2016-08-28 05:50:00,72.0375
2016-08-28 05:55:00,72.0375
2016-08-28 06:00:00,72.0375
2016-08-28 06:05:00,72.0375
2016-08-28 06:10:00,72.0375
2016-08-28 06:15:00,72.0375
2016-08-28 06:20:00,72.0375
2016-08-28 06:25:00,72.0375
2016-08-28 06:30:00,72.0375
2016-08-28 06:35:00,72.0375
2016-08-28 06:40:00,72.0375
2016-08-28 06:45:00,72.0375
2016-08-28 06:50:00,72.0375
2016-08-28 06:55:00,72.0375
2016-08-28 07:00:00,72.0375
2016-08-28 07:05:00,72.0375
2016-08-28 07:10:00,72.0375
2016-08-28 07:15:00,72.0375
2016-08-28 07:20:00,72.0375
2016-08-28 07:25:00,72.0375
2016-08-28 07:30:00,72.0375
2016-08-28 07:35:00,72.0375
2016-08-28 07:40:00,72.0375
2016-08-28 07:45:00,72.0375
2016-08-28 07:50:00,72.0375
2016-08-28 07:55:00,72.0375
2016-08-28 08:00:00,72.0375
2016-08-28 08:05:00,72.0375
2016-08-28 08:10:00,72.0375
2016-08-28 08:15:00,72.0375
2016-08-28 08:20:00,72.0375
2016-08-28 08:25:00,72.0375
2016-08-28 08:30:00,72.0375
2016-08-28 08:35:00,72.0375
2016-08-28 08:40:00,72.0375
2016-08-28 08:45:00,72.0375
2016-08-28 08:50:00,72.0375
2016-08-28 08:55:00,72.0375
2016-08-28 09:00:00,72.0375
2016-08-28 09:05:00,72.0375
2016-08-28 09:10:00,72.0375
2016-08-28 09:15:00,72.0375
2016-08-28 09:20:00,72.0375
2016-08-28 09:25:00,72.0375
2016-08-28 09:30:00,72.0375
2016-08-28 09:35:00,72.0375
2016-08-28 09:40:00,72.0375
2016-08-28 09:45:00,72.0375
2016-08-28 09:50:00,72.0375
2016-08-28 09:55:00,72.0375
2016-08-28 10:00:00,72.0375
2016-08-28 10:05:00,72.0375
2016-08-28 10:10:00,72.0375
2016-08-28 10:15:00,72.0375
2016-08-28 10:20:00,72.0375
2016-08-28 10:25:00,72.0375
2016-08-28 10:30:00,72.0375
2016-08-28 10:35:00,72.0375
2016-08-28 10:40:00,72.0375
2016-08-28 10:45:00,72.0375
2016-08-28 10:50:00,72.0375
2016-08-28 10:55:00,72.0375
2016-08-28 11:00:00,72.0375
2016-08-28 11:05:00,72.0375
2016-08-28 11:10:00,72.0375
2016-08-28 11:15:00,72.0375
2016-08-28 11:20:00,72.0375
2016-08-28 11:25:00,72.0375
2016-08-28 11:30:00,72.0375
2016-08-28 11:35:00,72.0375
2016-08-28 11:40:00,72.0375
2016-08-28 11:45:00,72.0375
2016-08-28 11:50:00,72.0375
2016-08-28 11:55:00,72.0375
2016-08-28 12:00:00,67.33727
2016-08-28 12:05:00,67.26437
2016-08-28 12:10:00,67.144035
2016-08-28 12:15:00,66.91351
2016-08-28 12:20:00,66.62197
2016-08-28 12:25:00,66.313484
2016-08-28 12:30:00,66.14907
2016-08-28 12:35:00,66.345695
2016-08-28 12:40:00,66.91692
2016-08-28 12:45:00,67.433876
2016-08-28 12:50:00,67.77458
2016-08-28 12:55:00,68.02883
2016-08-28 13:00:00,68.21189
2016-08-28 13:05:00,68.37799
2016-08-28 13:10:00,68.40343
2016-08-28 13:15:00,68.25935
2016-08-28 13:20:00,67.988144
2016-08-28 13:25:00,67.74574
2016-08-28 13:30:00,67.57286
2016-08-28 13:35:00,67.53558
2016-08-28 13:40:00,67.496605
2016-08-28 13:45:00,67.367775
2016-08-28 13:50:00,67.215225
2016-08-28 13:55:00,67.132164
2016-08-28 14:00:00,67.14065
2016-08-28 14:05:00,67.1237
2016-08-28 14:10:00,66.94572
2016-08-28 14:15:00,66.6457
2016-08-28 14:20:00,65.837204
2016-08-28 14:25:00,64.26253
2016-08-28 14:30:00,61.06407
2016-08-28 14:35:00,56.229935
2016-08-28 14:40:00,50.74153
2016-08-28 14:45:00,45.56499
2016-08-28 14:50:00,40.66136
2016-08-28 14:55:00,36.101807
2016-08-28 15:00:00,32.46603
2016-08-28 15:05:00,29.554018
2016-08-28 15:10:00,27.257301
2016-08-28 15:15:00,25.355501
2016-08-28 15:20:00,23.811363
2016-08-28 15:25:00,22.592655
2016-08-28 15:30:00,21.641756
2016-08-28 15:35:00,20.980703
2016-08-28 15:40:00,20.341698
2016-08-28 15:45:00,19.74845
2016-08-28 15:50:00,18.982307
2016-08-28 15:55:00,18.19244
2016-08-28 16:00:00,17.456806
2016-08-28 16:05:00,16.97712
2016-08-28 16:10:00,16.72965
2016-08-28 16:15:00,16.700838
2016-08-28 16:20:00,16.687277
2016-08-28 16:25:00,16.480488
2016-08-28 16:30:00,16.107584
2016-08-28 16:35:00,15.677055
2016-08-28 16:40:00,15.302459
2016-08-28 16:45:00,14.76684
2016-08-28 16:50:00,13.866796
2016-08-28 16:55:00,12.69555
2016-08-28 17:00:00,11.4226
2016-08-28 17:05:00,10.331027
2016-08-28 17:10:00,9.461489
2016-08-28 17:15:00,8.698738
2016-08-28 17:20:00,7.971585
2016-08-28 17:25:00,7.2834153
2016-08-28 17:30:00,6.7308435
2016-08-28 17:35:00,6.33252
2016-08-28 17:40:00,5.947755
2016-08-28 17:45:00,5.5477343
2016-08-28 17:50:00,5.0866957
2016-08-28 17:55:00,4.7171845
2016-08-28 18:00:00,4.400219
2016-08-28 18:05:00,4.186651
2016-08-28 18:10:00,4.066305
2016-08-28 18:15:00,3.8934147
2016-08-28 18:20:00,3.7239146
2016-08-28 18:25:00,3.6018748
2016-08-28 18:30:00,3.469664
2016-08-28 18:35:00,3.4323735
2016-08-28 18:40:00,3.427291
2016-08-28 18:45:00,3.4408498
2016-08-28 18:50:00,3.4933949
2016-08-28 18:55:00,3.6069603
2016-08-28 19:00:00,3.73917
2016-08-28 19:05:00,3.9578257
2016-08-28 19:10:00,4.2747903
2016-08-28 19:15:00,4.618876
2016-08-28 19:20:00,4.93584
2016-08-28 19:25:00,5.10534
2016-08-28 19:30:00,5.2934847
2016-08-28 19:35:00,5.468071
2016-08-28 19:40:00,5.6240096
2016-08-28 19:45:00,5.6358747
2016-08-28 19:50:00,5.520616
2016-08-28 19:55:00,5.283316
2016-08-28 20:00:00,5.0782194
2016-08-28 20:05:00,4.761255
2016-08-28 20:10:00,4.5120893
2016-08-28 20:15:00,4.3544555
2016-08-28 20:20:00,4.269706
2016-08-28 20:25:00,4.2442813
2016-08-28 20:30:00,4.313776
2016-08-28 20:35:00,4.454461
2016-08-28 20:40:00,4.72227
2016-08-28 20:45:00,5.1138144
2016-08-28 20:50:00,5.5968904
2016-08-28 20:55:00,6.01386
2016-08-28 21:00:00,6.346079
2016-08-28 21:05:00,6.5986323
2016-08-28 21:10:00,6.8122053
2016-08-28 21:15:00,7.0342474
2016-08-28 21:20:00,7.2342596
2016-08-28 21:25:00,7.351215
2016-08-28 21:30:00,7.3563004
2016-08-28 21:35:00,7.3596907
2016-08-28 21:40:00,7.378332
2016-08-28 21:45:00,7.4291854
2016-08-28 21:50:00,7.5224094
2016-08-28 21:55:00,7.7512345
2016-08-28 22:00:00,8.020739
2016-08-28 22:05:00,8.358044
2016-08-28 22:10:00,8.737725
2016-08-28 22:15:00,9.107237
2016-08-28 22:20:00,9.498779
2016-08-28 22:25:00,9.9564295
2016-08-28 22:30:00,10.4954405
2016-08-28 22:35:00,11.041229
2016-08-28 22:40:00,11.602274
2016-08-28 22:45:00,12.183665
2016-08-28 22:50:00,12.853184
2016-08-28 22:55:00,13.69221
2016-08-28 23:00:00,14.668528
2016-08-28 23:05:00,15.64485
2016-08-28 23:10:00,16.56524
2016-08-28 23:15:00,17.39748
2016-08-28 23:20:00,18.09921
2016-08-28 23:25:00,18.68229
2016-08-28 23:30:00,19.20435
2016-08-28 23:35:00,19.785734
2016-08-28 23:40:00,20.370508
2016-08-28 23:45:00,21.043423
2016-08-28 23:50:00,21.692608
2016-08-28 23:55:00,22.36891
2016-08-29 00:00:00,23.14353
2016-08-29 00:05:00,24.045273
2016-08-29 00:10:00,24.985998
2016-08-29 00:15:00,25.857224
2016-08-29 00:20:00,26.548773
2016-08-29 00:25:00,27.067453
2016-08-29 00:30:00,27.516636
2016-08-29 00:35:00,27.853933
2016-08-29 00:40:00,28.031918
2016-08-29 00:45:00,27.957336
2016-08-29 00:50:00,27.652233
2016-08-29 00:55:00,27.047112
2016-08-29 01:00:00,26.292833
2016-08-29 01:05:00,25.558912
2016-08-29 01:10:00,24.78259
2016-08-29 01:15:00,24.026627
2016-08-29 01:20:00,23.319803
2016-08-29 01:25:00,22.667236
2016-08-29 01:30:00,22.012962
2016-08-29 01:35:00,21.334963
2016-08-29 01:40:00,20.585773
2016-08-29 01:45:00,19.724716
2016-08-29 01:50:00,19.326391
2016-08-29 01:55:00,19.199268
2016-08-29 02:00:00,19.46199
2016-08-29 02:05:00,20.243387
2016-08-29 02:10:00,21.563787
2016-08-29 02:15:00,23.521519
2016-08-29 02:20:00,26.014862
2016-08-29 02:25:00,29.286211
2016-08-29 02:30:00,32.888084
2016-08-29 02:35:00,36.466232
2016-08-29 02:40:00,39.725716
2016-08-29 02:45:00,42.544495
2016-08-29 02:50:00,44.748
2016-08-29 02:55:00,46.22434
2016-08-29 03:00:00,46.49554
2016-08-29 03:05:00,45.82601
2016-08-29 03:10:00,44.64291
2016-08-29 03:15:00,43.4886
2016-08-29 03:20:00,42.56314
2016-08-29 03:25:00,41.9326
2016-08-29 03:30:00,41.803787
2016-08-29 03:35:00,42.15804
2016-08-29 03:40:00,42.71569
2016-08-29 03:45:00,43.258087
2016-08-29 03:50:00,43.43606
2016-08-29 03:55:00,43.222504
2016-08-29 04:00:00,42.966553
2016-08-29 04:05:00,42.698734
2016-08-29 04:10:00,42.376694
2016-08-29 04:15:00,42.02075
2016-08-29 04:20:00,41.541058
2016-08-29 04:25:00,40.910522
2016-08-29 04:30:00,40.157936
2016-08-29 04:35:00,39.45282
2016-08-29 04:40:00,39.229076
2016-08-29 04:45:00,39.612144
2016-08-29 04:50:00,40.441
2016-08-29 04:55:00,41.4919
2016-08-29 05:00:00,42.402115
2016-08-29 05:05:00,42.942814
2016-08-29 05:10:00,43.281822
2016-08-29 05:15:00,43.61404
2016-08-29 05:20:00,44.1378
2016-08-29 05:25:00,45.144627
2016-08-29 05:30:00,46.471806
2016-08-29 05:35:00,48.100708
2016-08-29 05:40:00,49.77029
2016-08-29 05:45:00,51.390694
2016-08-29 05:50:00,52.965343
2016-08-29 05:55:00,54.556957
2016-08-29 06:00:00,55.955338
2016-08-29 06:05:00,57.03167
2016-08-29 06:10:00,57.877464
2016-08-29 06:15:00,58.6792
2016-08-29 06:20:00,59.28092
2016-08-29 06:25:00,59.41315
2016-08-29 06:30:00,59.196182
2016-08-29 06:35:00,58.75378
2016-08-29 06:40:00,58.27409
2016-08-29 06:45:00,57.960526
2016-08-29 06:50:00,57.902885
2016-08-29 06:55:00,58.136803
2016-08-29 07:00:00,58.509697
2016-08-29 07:05:00,58.804638
2016-08-29 07:10:00,58.923298
2016-08-29 07:15:00,58.72665
2016-08-29 07:20:00,58.080875
2016-08-29 07:25:00,57.272346
2016-08-29 07:30:00,56.543514
2016-08-29 07:35:00,56.09943
2016-08-29 07:40:00,56.046883
2016-08-29 07:45:00,56.396038
2016-08-29 07:50:00,56.713
2016-08-29 07:55:00,56.868965
2016-08-29 08:00:00,57.063866
2016-08-29 08:05:00,57.35034
2016-08-29 08:10:00,57.638477
2016-08-29 08:15:00,57.916462
2016-08-29 08:20:00,58.377506
2016-08-29 08:25:00,58.821594
2016-08-29 08:30:00,59.12159
2016-08-29 08:35:00,59.162273
2016-08-29 08:40:00,58.68599
2016-08-29 08:45:00,57.782547
2016-08-29 08:50:00,56.51472
2016-08-29 08:55:00,55.063766
2016-08-29 09:00:00,53.711166
2016-08-29 09:05:00,52.504322
2016-08-29 09:10:00,51.533085
2016-08-29 09:15:00,51.173756
2016-08-29 09:20:00,51.41953
2016-08-29 09:25:00,51.780552
2016-08-29 09:30:00,51.934795
2016-08-29 09:35:00,51.636482
2016-08-29 09:40:00,50.97881
2016-08-29 09:45:00,50.322857
2016-08-29 09:50:00,49.75164
2016-08-29 09:55:00,49.744846
2016-08-29 10:00:00,50.265224
2016-08-29 10:05:00,50.868637
2016-08-29 10:10:00,51.03814
2016-08-29 10:15:00,51.20424
2016-08-29 10:20:00,51.582245
2016-08-29 10:25:00,52.173798
2016-08-29 10:30:00,52.88229
2016-08-29 10:35:00,53.69931
2016-08-29 10:40:00,54.458645
2016-08-29 10:45:00,54.86545
2016-08-29 10:50:00,55.067165
2016-08-29 10:55:00,55.258686
2016-08-29 11:00:00,55.69602
2016-08-29 11:05:00,56.555386
2016-08-29 11:10:00,57.418133
2016-08-29 11:15:00,57.999523
2016-08-29 11:20:00,58.353775
2016-08-29 11:25:00,58.469036
2016-08-29 11:30:00,58.428345
2016-08-29 11:35:00,58.138504
2016-08-29 11:40:00,57.49949
2016-08-29 11:45:00,56.848614
2016-08-29 11:50:00,56.197735
2016-08-29 11:55:00,55.821423
2016-08-29 12:00:00,55.773983
2016-08-29 12:05:00,61.31832
2016-08-29 12:10:00,62.16073
2016-08-29 12:15:00,62.754
2016-08-29 12:20:00,62.977745
2016-08-29 12:25:00,63.308243
2016-08-29 12:30:00,64.14559
2016-08-29 12:35:00,65.13885
2016-08-29 12:40:00,66.02872
2016-08-29 12:45:00,66.62705
2016-08-29 12:50:00,66.75081
2016-08-29 12:55:00,66.56436
2016-08-29 13:00:00,66.32535
2016-08-29 13:05:00,66.005
2016-08-29 13:10:00,65.732124
2016-08-29 13:15:00,65.47446
2016-08-29 13:20:00,65.264275
2016-08-29 13:25:00,65.296486
2016-08-29 13:30:00,65.4965
2016-08-29 13:35:00,65.74566
2016-08-29 13:40:00,65.759224
2016-08-29 13:45:00,65.545654
2016-08-29 13:50:00,65.072754
2016-08-29 13:55:00,64.537125
2016-08-29 14:00:00,64.01169
2016-08-29 14:05:00,63.76082
2016-08-29 14:10:00,63.737095
2016-08-29 14:15:00,63.703182
2016-08-29 14:20:00,63.19807
2016-08-29 14:25:00,62.53363
2016-08-29 14:30:00,61.530193
2016-08-29 14:35:00,59.733505
2016-08-29 14:40:00,58.035107
2016-08-29 14:45:00,56.765556
2016-08-29 14:50:00,55.089203
2016-08-29 14:55:00,53.219624
2016-08-29 15:00:00,51.39917
2016-08-29 15:05:00,49.675358
2016-08-29 15:10:00,48.195614
2016-08-29 15:15:00,46.961655
2016-08-29 15:20:00,46.187054
2016-08-29 15:25:00,45.792107
2016-08-29 15:30:00,45.468376
2016-08-29 15:35:00,45.25142
2016-08-29 15:40:00,45.070053
2016-08-29 15:45:00,44.327637
2016-08-29 15:50:00,43.403862
2016-08-29 15:55:00,42.25974
2016-08-29 16:00:00,40.978313
2016-08-29 16:05:00,39.607067
2016-08-29 16:10:00,38.345985
2016-08-29 16:15:00,37.06795
2016-08-29 16:20:00,36.023834
2016-08-29 16:25:00,34.908535
2016-08-29 16:30:00,33.53218
2016-08-29 16:35:00,31.840576
2016-08-29 16:40:00,29.904882
2016-08-29 16:45:00,27.901396
2016-08-29 16:50:00,26.035194
2016-08-29 16:55:00,24.082563
2016-08-29 17:00:00,22.155346
2016-08-29 17:05:00,20.282372
2016-08-29 17:10:00,18.389055
2016-08-29 17:15:00,16.490656
2016-08-29 17:20:00,14.712602
2016-08-29 17:25:00,13.107435
2016-08-29 17:30:00,11.673463
2016-08-29 17:35:00,10.305599
2016-08-29 17:40:00,9.108932
2016-08-29 17:45:00,8.034302
2016-08-29 17:50:00,7.0766234
2016-08-29 17:55:00,6.1952252
2016-08-29 18:00:00,5.4155245
2016-08-29 18:05:00,4.6646404
2016-08-29 18:10:00,3.97986
2016-08-29 18:15:00,3.2967753
2016-08-29 18:20:00,2.723866
2016-08-29 18:25:00,2.1984146
2016-08-29 18:30:00,1.7983954
2016-08-29 18:35:00,1.5390596
2016-08-29 18:40:00,1.3271849
2016-08-29 18:45:00,1.1576852
2016-08-29 18:50:00,1.0678502
2016-08-29 18:55:00,1.0542904
2016-08-29 19:00:00,1.06785
2016-08-29 19:05:00,1.06785
2016-08-29 19:10:00,1.06785
2016-08-29 19:15:00,1.0492051
2016-08-29 19:20:00,1.0390351
2016-08-29 19:25:00,1.00683
2016-08-29 19:30:00,0.9492001
2016-08-29 19:35:00,0.88648504
2016-08-29 19:40:00,0.8390253
2016-08-29 19:45:00,0.7881753
2016-08-29 19:50:00,0.7678352
2016-08-29 19:55:00,0.7458001
2016-08-29 20:00:00,0.77461505
2016-08-29 20:05:00,0.81699026
2016-08-29 20:10:00,0.8678399
2016-08-29 20:15:00,0.93733495
2016-08-29 20:20:00,1.0898848
2016-08-29 20:25:00,1.2661653
2016-08-29 20:30:00,1.5543151
2016-08-29 20:35:00,1.8356848
2016-08-29 20:40:00,2.2035
2016-08-29 20:45:00,2.5713155
2016-08-29 20:50:00,2.9306552
2016-08-29 20:55:00,3.2899942
2016-08-29 21:00:00,3.715439
2016-08-29 21:05:00,4.0968156
2016-08-29 21:10:00,4.491751
2016-08-29 21:15:00,4.8460045
2016-08-29 21:20:00,5.151105
2016-08-29 21:25:00,5.4765453
2016-08-29 21:30:00,5.7969007
2016-08-29 21:35:00,6.12573
2016-08-29 21:40:00,6.412184
2016-08-29 21:45:00,6.67491
2016-08-29 21:50:00,6.9749217
2016-08-29 21:55:00,7.2851076
2016-08-29 22:00:00,7.6207204
2016-08-29 22:05:00,7.993623
2016-08-29 22:10:00,8.497038
2016-08-29 22:15:00,9.02079
2016-08-29 22:20:00,9.590309
2016-08-29 22:25:00,10.264921
2016-08-29 22:30:00,11.037837
2016-08-29 22:35:00,11.965006
2016-08-29 22:40:00,13.068447
2016-08-29 22:45:00,14.212573
2016-08-29 22:50:00,15.188893
2016-08-29 22:55:00,16.02114
2016-08-29 23:00:00,16.79406
2016-08-29 23:05:00,17.614437
2016-08-29 23:10:00,18.614492
2016-08-29 23:15:00,19.828108
2016-08-29 23:20:00,21.202751
2016-08-29 23:25:00,22.726557
2016-08-29 23:30:00,24.758865
2016-08-29 23:35:00,28.013258
2016-08-29 23:40:00,32.801647
2016-08-29 23:45:00,38.359543
2016-08-29 23:50:00,43.59879
2016-08-29 23:55:00,48.46853
2016-08-30 00:00:00,52.42976
2016-08-30 00:05:00,55.46379
2016-08-30 00:10:00,57.963905
2016-08-30 00:15:00,60.008087
2016-08-30 00:20:00,61.750553
2016-08-30 00:25:00,63.43369
2016-08-30 00:30:00,64.96258
2016-08-30 00:35:00,66.352486
2016-08-30 00:40:00,67.44745
2016-08-30 00:45:00,68.41191
2016-08-30 00:50:00,69.44245
2016-08-30 00:55:00,70.27471
2016-08-30 01:00:00,70.90525
2016-08-30 01:05:00,71.26967
2016-08-30 01:10:00,71.59851
2016-08-30 01:15:00,71.79341
2016-08-30 01:20:00,71.890045
2016-08-30 01:25:00,71.923935
2016-08-30 01:30:00,71.92902
2016-08-30 01:35:00,71.94259
2016-08-30 01:40:00,71.95615
2016-08-30 01:45:00,71.95106
2016-08-30 01:50:00,71.98326
2016-08-30 01:55:00,71.99682
2016-08-30 02:00:00,72.01038
2016-08-30 02:05:00,72.01886
2016-08-30 02:10:00,72.027336
2016-08-30 02:15:00,72.02225
2016-08-30 02:20:00,72.02225
2016-08-30 02:25:00,72.0375
2016-08-30 02:30:00,72.0375
2016-08-30 02:35:00,71.969696
2016-08-30 02:40:00,71.779854
2016-08-30 02:45:00,71.9019
2016-08-30 02:50:00,71.99682
2016-08-30 02:55:00,72.0375
2016-08-30 03:00:00,72.0375
2016-08-30 03:05:00,72.0375
2016-08-30 03:10:00,72.0375
2016-08-30 03:15:00,72.0375
2016-08-30 03:20:00,72.0375
2016-08-30 03:25:00,72.0375
2016-08-30 03:30:00,72.0375
2016-08-30 03:35:00,72.0375
2016-08-30 03:40:00,72.0375
2016-08-30 03:45:00,72.0375
2016-08-30 03:50:00,72.0375
2016-08-30 03:55:00,72.02395
2016-08-30 04:00:00,71.99682
2016-08-30 04:05:00,71.98327
2016-08-30 04:10:00,71.964615
2016-08-30 04:15:00,71.98327
2016-08-30 04:20:00,72.010376
2016-08-30 04:25:00,72.010376
2016-08-30 04:30:00,72.02395
2016-08-30 04:35:00,72.01039
2016-08-30 04:40:00,71.969696
2016-08-30 04:45:00,71.934105
2016-08-30 04:50:00,71.969696
2016-08-30 04:55:00,71.95614
2016-08-30 05:00:00,71.94259
2016-08-30 05:05:00,71.95614
2016-08-30 05:10:00,71.98327
2016-08-30 05:15:00,72.02395
2016-08-30 05:20:00,72.0375
2016-08-30 05:25:00,72.0375
2016-08-30 05:30:00,72.0375
2016-08-30 05:35:00,72.0375
2016-08-30 05:40:00,72.0375
2016-08-30 05:45:00,72.0375
2016-08-30 05:50:00,72.0375
2016-08-30 05:55:00,72.0375
2016-08-30 06:00:00,72.0375
2016-08-30 06:05:00,72.0375
2016-08-30 06:10:00,72.0375
2016-08-30 06:15:00,72.0375
2016-08-30 06:20:00,72.0375
2016-08-30 06:25:00,72.0375
2016-08-30 06:30:00,72.0375
2016-08-30 06:35:00,72.0375
2016-08-30 06:40:00,72.0375
2016-08-30 06:45:00,72.0375
2016-08-30 06:50:00,72.0375
2016-08-30 06:55:00,72.0375
2016-08-30 07:00:00,72.0375
2016-08-30 07:05:00,72.0375
2016-08-30 07:10:00,72.0375
2016-08-30 07:15:00,72.0375
2016-08-30 07:20:00,72.0375
2016-08-30 07:25:00,72.0375
2016-08-30 07:30:00,72.0375
2016-08-30 07:35:00,72.0375
2016-08-30 07:40:00,72.0375
2016-08-30 07:45:00,72.0375
2016-08-30 07:50:00,72.0375
2016-08-30 07:55:00,72.0375
2016-08-30 08:00:00,72.0375
2016-08-30 08:05:00,72.0375
2016-08-30 08:10:00,72.0375
2016-08-30 08:15:00,72.0375
2016-08-30 08:20:00,72.0375
2016-08-30 08:25:00,72.0375
2016-08-30 08:30:00,72.0375
2016-08-30 08:35:00,72.0375
2016-08-30 08:40:00,72.0375
2016-08-30 08:45:00,72.0375
2016-08-30 08:50:00,72.0375
2016-08-30 08:55:00,72.0375
2016-08-30 09:00:00,72.0375
2016-08-30 09:05:00,72.0375
2016-08-30 09:10:00,72.0375
2016-08-30 09:15:00,72.0375
2016-08-30 09:20:00,72.0375
2016-08-30 09:25:00,72.0375
2016-08-30 09:30:00,72.0375
2016-08-30 09:35:00,72.0375
2016-08-30 09:40:00,72.0375
2016-08-30 09:45:00,72.0375
2016-08-30 09:50:00,72.0375
2016-08-30 09:55:00,72.0375
2016-08-30 10:00:00,72.0375
2016-08-30 10:05:00,72.0375
2016-08-30 10:10:00,72.0375
2016-08-30 10:15:00,72.0375
2016-08-30 10:20:00,72.0375
2016-08-30 10:25:00,72.0375
2016-08-30 10:30:00,72.0375
2016-08-30 10:35:00,72.0375
2016-08-30 10:40:00,72.0375
2016-08-30 10:45:00,72.0375
2016-08-30 10:50:00,72.0375
2016-08-30 10:55:00,72.0375
2016-08-30 11:00:00,72.0375
2016-08-30 11:05:00,72.0375
2016-08-30 11:10:00,72.0375
2016-08-30 11:15:00,72.0375
2016-08-30 11:20:00,72.0375
2016-08-30 11:25:00,72.0375
2016-08-30 11:30:00,72.0375
2016-08-30 11:35:00,72.0375
2016-08-30 11:40:00,72.0375
2016-08-30 11:45:00,72.0375
2016-08-30 11:50:00,72.0375
2016-08-30 11:55:00,72.0375
2016-08-30 12:00:00,72.0375
2016-08-30 12:05:00,72.0375
2016-08-30 12:10:00,72.0375
2016-08-30 12:15:00,72.0375
2016-08-30 12:20:00,72.0375
2016-08-30 12:25:00,72.0375
2016-08-30 12:30:00,72.0375
2016-08-30 12:35:00,72.0375
2016-08-30 12:40:00,72.0375
2016-08-30 12:45:00,72.0375
2016-08-30 12:50:00,72.0375
2016-08-30 12:55:00,72.0375
2016-08-30 13:00:00,72.0375
2016-08-30 13:05:00,72.0375
2016-08-30 13:10:00,72.0375
2016-08-30 13:15:00,72.0375
2016-08-30 13:20:00,72.0375
2016-08-30 13:25:00,72.0375
2016-08-30 13:30:00,72.0375
2016-08-30 13:35:00,72.0375
2016-08-30 13:40:00,72.0375
2016-08-30 13:45:00,72.0375
2016-08-30 13:50:00,72.0375
2016-08-30 13:55:00,72.0375
2016-08-30 14:00:00,72.0375
2016-08-30 14:05:00,72.0375
2016-08-30 14:10:00,72.0375
2016-08-30 14:15:00,72.0375
2016-08-30 14:20:00,72.0375
2016-08-30 14:25:00,72.0375
2016-08-30 14:30:00,72.0375
2016-08-30 14:35:00,72.0375
2016-08-30 14:40:00,72.0375
2016-08-30 14:45:00,72.0375
2016-08-30 14:50:00,72.0375
2016-08-30 14:55:00,72.0375
2016-08-30 15:00:00,72.0375
2016-08-30 15:05:00,72.0375
2016-08-30 15:10:00,72.0375
2016-08-30 15:15:00,72.0375
2016-08-30 15:20:00,72.0375
2016-08-30 15:25:00,72.0375
2016-08-30 15:30:00,72.0375
2016-08-30 15:35:00,72.0375
2016-08-30 15:40:00,72.0375
2016-08-30 15:45:00,70.97981
2016-08-30 15:50:00,67.05589
2016-08-30 15:55:00,69.18481
2016-08-30 16:00:00,71.08661
2016-08-30 16:05:00,71.08828
2016-08-30 16:10:00,66.99827
2016-08-30 16:15:00,51.211033
2016-08-30 16:20:00,38.73244
2016-08-30 16:25:00,29.879456
2016-08-30 16:30:00,28.960768
2016-08-30 16:35:00,32.649086
2016-08-30 16:40:00,32.323658
2016-08-30 16:45:00,30.059132
2016-08-30 16:50:00,37.945965
2016-08-30 16:55:00,61.457317
2016-08-30 17:00:00,68.94074
2016-08-30 17:05:00,65.56601
2016-08-30 17:10:00,57.25033
2016-08-30 17:15:00,70.6137
2016-08-30 17:20:00,72.0375
2016-08-30 17:25:00,72.0375
2016-08-30 17:30:00,72.0375
2016-08-30 17:35:00,72.0375
2016-08-30 17:40:00,72.0375
2016-08-30 17:45:00,72.01547
2016-08-30 17:50:00,71.634094
2016-08-30 17:55:00,70.19674
2016-08-30 18:00:00,67.31185
2016-08-30 18:05:00,64.830345
2016-08-30 18:10:00,63.72352
2016-08-30 18:15:00,61.10475
2016-08-30 18:20:00,56.140083
2016-08-30 18:25:00,51.672062
2016-08-30 18:30:00,48.127823
2016-08-30 18:35:00,44.959873
2016-08-30 18:40:00,43.5259
2016-08-30 18:45:00,43.119106
2016-08-30 18:50:00,42.210583
2016-08-30 18:55:00,41.354603
2016-08-30 19:00:00,40.924072
2016-08-30 19:05:00,41.090183
2016-08-30 19:10:00,41.31054
2016-08-30 19:15:00,41.347824
2016-08-30 19:20:00,41.163067
2016-08-30 19:25:00,41.019
2016-08-30 19:30:00,41.769886
2016-08-30 19:35:00,43.805576
2016-08-30 19:40:00,46.581985
2016-08-30 19:45:00,48.927868
2016-08-30 19:50:00,50.69576
2016-08-30 19:55:00,51.983944
2016-08-30 20:00:00,51.639862
2016-08-30 20:05:00,49.443142
2016-08-30 20:10:00,47.34643
2016-08-30 20:15:00,46.75657
2016-08-30 20:20:00,47.610855
2016-08-30 20:25:00,47.98375
2016-08-30 20:30:00,45.980255
2016-08-30 20:35:00,42.456356
2016-08-30 20:40:00,39.61045
2016-08-30 20:45:00,38.013763
2016-08-30 20:50:00,35.10346
2016-08-30 20:55:00,31.811768
2016-08-30 21:00:00,34.53562
2016-08-30 21:05:00,39.39689
2016-08-30 21:10:00,37.31204
2016-08-30 21:15:00,36.462845
2016-08-30 21:20:00,37.986645
2016-08-30 21:25:00,41.125786
2016-08-30 21:30:00,47.373554
2016-08-30 21:35:00,52.667023
2016-08-30 21:40:00,56.696045
2016-08-30 21:45:00,61.079323
2016-08-30 21:50:00,65.56769
2016-08-30 21:55:00,68.344086
2016-08-30 22:00:00,69.31703
2016-08-30 22:05:00,69.30516
2016-08-30 22:10:00,69.24755
2016-08-30 22:15:00,68.18986
2016-08-30 22:20:00,69.198364
2016-08-30 22:25:00,69.09498
2016-08-30 22:30:00,69.47297
2016-08-30 22:35:00,70.57471
2016-08-30 22:40:00,71.87138
2016-08-30 22:45:00,72.0375
2016-08-30 22:50:00,71.4273
2016-08-30 22:55:00,67.32539
2016-08-30 23:00:00,67.38306
2016-08-30 23:05:00,67.12879
2016-08-30 23:10:00,64.233734
2016-08-30 23:15:00,60.24707
2016-08-30 23:20:00,56.802856
2016-08-30 23:25:00,56.21297
2016-08-30 23:30:00,57.946968
2016-08-30 23:35:00,59.309753
2016-08-30 23:40:00,58.71481
2016-08-30 23:45:00,59.44195
2016-08-30 23:50:00,58.18257
2016-08-30 23:55:00,57.42322
2016-08-31 00:00:00,57.006237
2016-08-31 00:05:00,57.504562
2016-08-31 00:10:00,58.030025
2016-08-31 00:15:00,59.641964
2016-08-31 00:20:00,59.796234
2016-08-31 00:25:00,58.06222
2016-08-31 00:30:00,58.180874
2016-08-31 00:35:00,59.547028
2016-08-31 00:40:00,60.4742
2016-08-31 00:45:00,61.70477
2016-08-31 00:50:00,63.089615
2016-08-31 00:55:00,64.36256
2016-08-31 01:00:00,65.882965
2016-08-31 01:05:00,67.7305
2016-08-31 01:10:00,69.46788
2016-08-31 01:15:00,70.89169
2016-08-31 01:20:00,71.73749
2016-08-31 01:25:00,71.93071
2016-08-31 01:30:00,72.0087
2016-08-31 01:35:00,72.0375
2016-08-31 01:40:00,72.0375
2016-08-31 01:45:00,72.0375
2016-08-31 01:50:00,72.0375
2016-08-31 01:55:00,72.0375
2016-08-31 02:00:00,72.0375
2016-08-31 02:05:00,72.0375
2016-08-31 02:10:00,72.0375
2016-08-31 02:15:00,72.0375
2016-08-31 02:20:00,72.0375
2016-08-31 02:25:00,72.0375
2016-08-31 02:30:00,72.0375
2016-08-31 02:35:00,72.0375
2016-08-31 02:40:00,72.0375
2016-08-31 02:45:00,72.0375
2016-08-31 02:50:00,72.0375
2016-08-31 02:55:00,72.0375
2016-08-31 03:00:00,72.0375
2016-08-31 03:05:00,72.0375
2016-08-31 03:10:00,72.0375
2016-08-31 03:15:00,72.0375
2016-08-31 03:20:00,72.0375
2016-08-31 03:25:00,72.0375
2016-08-31 03:30:00,72.0375
2016-08-31 03:35:00,72.0375
2016-08-31 03:40:00,72.0375
2016-08-31 03:45:00,72.0375
2016-08-31 03:50:00,72.0375
2016-08-31 03:55:00,72.0375
2016-08-31 04:00:00,72.0375
2016-08-31 04:05:00,72.0375
2016-08-31 04:10:00,72.0375
2016-08-31 04:15:00,72.0375
2016-08-31 04:20:00,72.0375
2016-08-31 04:25:00,72.0375
2016-08-31 04:30:00,72.0375
2016-08-31 04:35:00,72.0375
2016-08-31 04:40:00,72.0375
2016-08-31 04:45:00,72.0375
2016-08-31 04:50:00,72.0375
2016-08-31 04:55:00,72.0375
2016-08-31 05:00:00,72.0375
2016-08-31 05:05:00,72.0375
2016-08-31 05:10:00,72.0375
2016-08-31 05:15:00,72.0375
2016-08-31 05:20:00,72.0375
2016-08-31 05:25:00,72.0375
2016-08-31 05:30:00,72.0375
2016-08-31 05:35:00,72.0375
2016-08-31 05:40:00,72.0375
2016-08-31 05:45:00,72.0375
2016-08-31 05:50:00,72.0375
2016-08-31 05:55:00,72.0375
2016-08-31 06:00:00,72.0375
2016-08-31 06:05:00,72.0375
2016-08-31 06:10:00,72.0375
2016-08-31 06:15:00,72.0375
2016-08-31 06:20:00,72.0375
2016-08-31 06:25:00,72.0375
2016-08-31 06:30:00,72.0375
2016-08-31 06:35:00,72.0375
2016-08-31 06:40:00,72.0375
2016-08-31 06:45:00,72.0375
2016-08-31 06:50:00,72.0375
2016-08-31 06:55:00,72.0375
2016-08-31 07:00:00,72.0375
2016-08-31 07:05:00,72.0375
2016-08-31 07:10:00,72.0375
2016-08-31 07:15:00,72.0375
2016-08-31 07:20:00,72.0375
2016-08-31 07:25:00,72.0375
2016-08-31 07:30:00,72.0375
2016-08-31 07:35:00,72.0375
2016-08-31 07:40:00,72.0375
2016-08-31 07:45:00,72.0375
2016-08-31 07:50:00,72.0375
2016-08-31 07:55:00,72.0375
2016-08-31 08:00:00,72.0375
2016-08-31 08:05:00,72.0375
2016-08-31 08:10:00,72.0375
2016-08-31 08:15:00,72.0375
2016-08-31 08:20:00,72.0375
2016-08-31 08:25:00,72.0375
2016-08-31 08:30:00,72.0375
2016-08-31 08:35:00,72.0375
2016-08-31 08:40:00,72.0375
2016-08-31 08:45:00,72.0375
2016-08-31 08:50:00,72.0375
2016-08-31 08:55:00,72.0375
2016-08-31 09:00:00,72.0375
2016-08-31 09:05:00,72.0375
2016-08-31 09:10:00,72.0375
2016-08-31 09:15:00,72.0375
2016-08-31 09:20:00,72.0375
2016-08-31 09:25:00,72.0375
2016-08-31 09:30:00,72.0375
2016-08-31 09:35:00,72.0375
2016-08-31 09:40:00,72.0375
2016-08-31 09:45:00,72.0375
2016-08-31 09:50:00,72.0375
2016-08-31 09:55:00,72.0375
2016-08-31 10:00:00,72.0375
2016-08-31 10:05:00,72.0375
2016-08-31 10:10:00,72.0375
2016-08-31 10:15:00,72.0375
2016-08-31 10:20:00,72.0375
2016-08-31 10:25:00,72.0375
2016-08-31 10:30:00,72.0375
2016-08-31 10:35:00,72.0375
2016-08-31 10:40:00,72.0375
2016-08-31 10:45:00,72.0375
2016-08-31 10:50:00,72.0375
2016-08-31 10:55:00,72.0375
2016-08-31 11:00:00,72.0375
2016-08-31 11:05:00,72.0375
2016-08-31 11:10:00,72.0375
2016-08-31 11:15:00,72.0375
2016-08-31 11:20:00,72.0375
2016-08-31 11:25:00,72.0375
2016-08-31 11:30:00,72.0375
2016-08-31 11:35:00,72.0375
2016-08-31 11:40:00,72.0375
2016-08-31 11:45:00,72.0375
2016-08-31 11:50:00,72.0375
2016-08-31 11:55:00,72.0375
2016-08-31 12:00:00,72.0375
2016-08-31 12:05:00,72.0375
2016-08-31 12:10:00,72.0375
2016-08-31 12:15:00,72.0375
2016-08-31 12:20:00,72.0375
2016-08-31 12:25:00,72.0375
2016-08-31 12:30:00,72.0375
2016-08-31 12:35:00,72.0375
2016-08-31 12:40:00,72.0375
2016-08-31 12:45:00,72.0375
2016-08-31 12:50:00,72.0375
2016-08-31 12:55:00,72.0375
2016-08-31 13:00:00,72.02394
2016-08-31 13:05:00,71.99174
2016-08-31 13:10:00,71.9731
2016-08-31 13:15:00,71.96971
2016-08-31 13:20:00,72.001915
2016-08-31 13:25:00,72.0375
2016-08-31 13:30:00,72.0375
2016-08-31 13:35:00,72.0375
2016-08-31 13:40:00,72.0375
2016-08-31 13:45:00,72.0375
2016-08-31 13:50:00,72.0375
2016-08-31 13:55:00,72.0375
2016-08-31 14:00:00,72.0375
2016-08-31 14:05:00,72.0375
2016-08-31 14:10:00,72.02903
2016-08-31 14:15:00,72.01207
2016-08-31 14:20:00,72.01207
2016-08-31 14:25:00,71.927315
2016-08-31 14:30:00,71.60697
2016-08-31 14:35:00,70.45777
2016-08-31 14:40:00,68.906845
2016-08-31 14:45:00,67.21013
2016-08-31 14:50:00,65.206665
2016-08-31 14:55:00,63.41843
2016-08-31 15:00:00,61.314938
2016-08-31 15:05:00,59.50976
2016-08-31 15:10:00,58.83006
2016-08-31 15:15:00,59.718254
2016-08-31 15:20:00,61.796318
2016-08-31 15:25:00,64.77274
2016-08-31 15:30:00,67.610176
2016-08-31 15:35:00,69.75772
2016-08-31 15:40:00,70.90524
2016-08-31 15:45:00,71.49341
2016-08-31 15:50:00,71.82563
2016-08-31 15:55:00,71.876465
2016-08-31 16:00:00,71.92733
2016-08-31 16:05:00,71.996826
2016-08-31 16:10:00,72.01039
2016-08-31 16:15:00,71.95615
2016-08-31 16:20:00,71.82562
2016-08-31 16:25:00,71.58832
2016-08-31 16:30:00,71.05949
2016-08-31 16:35:00,70.38657
2016-08-31 16:40:00,70.20013
2016-08-31 16:45:00,69.572975
2016-08-31 16:50:00,67.71185
2016-08-31 16:55:00,65.80839
2016-08-31 17:00:00,65.03375
2016-08-31 17:05:00,64.53544
2016-08-31 17:10:00,64.08287
2016-08-31 17:15:00,63.46759
2016-08-31 17:20:00,62.22006
2016-08-31 17:25:00,60.90473
2016-08-31 17:30:00,60.469143
2016-08-31 17:35:00,60.09961
2016-08-31 17:40:00,58.347008
2016-08-31 17:45:00,56.04009
2016-08-31 17:50:00,54.39254
2016-08-31 17:55:00,52.65686
2016-08-31 18:00:00,49.965218
2016-08-31 18:05:00,46.90234
2016-08-31 18:10:00,45.10226
2016-08-31 18:15:00,45.187
2016-08-31 18:20:00,45.627705
2016-08-31 18:25:00,45.015812
2016-08-31 18:30:00,44.234417
2016-08-31 18:35:00,43.646248
2016-08-31 18:40:00,43.444542
2016-08-31 18:45:00,43.59879
2016-08-31 18:50:00,43.56827
2016-08-31 18:55:00,43.46658
2016-08-31 19:00:00,43.247925
2016-08-31 19:05:00,42.73942
2016-08-31 19:10:00,41.79361
2016-08-31 19:15:00,40.535923
2016-08-31 19:20:00,39.11043
2016-08-31 19:25:00,37.4612
2016-08-31 19:30:00,35.839077
2016-08-31 19:35:00,35.06955
2016-08-31 19:40:00,35.1221
2016-08-31 19:45:00,35.267857
2016-08-31 19:50:00,35.462788
2016-08-31 19:55:00,35.81366
2016-08-31 20:00:00,36.2052
2016-08-31 20:05:00,36.1357
2016-08-31 20:10:00,35.7679
2016-08-31 20:15:00,35.70856
2016-08-31 20:20:00,36.193333
2016-08-31 20:25:00,36.71031
2016-08-31 20:30:00,37.120506
2016-08-31 20:35:00,37.856133
2016-08-31 20:40:00,39.02059
2016-08-31 20:45:00,40.68508
2016-08-31 20:50:00,42.44788
2016-08-31 20:55:00,44.141182
2016-08-31 21:00:00,46.0701
2016-08-31 21:05:00,48.663456
2016-08-31 21:10:00,51.319515
2016-08-31 21:15:00,53.30606
2016-08-31 21:20:00,54.782406
2016-08-31 21:25:00,56.279095
2016-08-31 21:30:00,57.901188
2016-08-31 21:35:00,59.625015
2016-08-31 21:40:00,61.398006
2016-08-31 21:45:00,63.116737
2016-08-31 21:50:00,64.39475
2016-08-31 21:55:00,65.38972
2016-08-31 22:00:00,66.321945
2016-08-31 22:05:00,67.13046
2016-08-31 22:10:00,67.825424
2016-08-31 22:15:00,68.1458
2016-08-31 22:20:00,68.26613
2016-08-31 22:25:00,68.17289
2016-08-31 22:30:00,68.08307
2016-08-31 22:35:00,68.14072
2016-08-31 22:40:00,68.5814
2016-08-31 22:45:00,69.06279
2016-08-31 22:50:00,69.58146
2016-08-31 22:55:00,70.22215
2016-08-31 23:00:00,70.66115
2016-08-31 23:05:00,71.11034
2016-08-31 23:10:00,71.47306
2016-08-31 23:15:00,71.776474
2016-08-31 23:20:00,71.89172
2016-08-31 23:25:00,71.95614
2016-08-31 23:30:00,72.02395
2016-08-31 23:35:00,72.0375
2016-08-31 23:40:00,72.0375
2016-08-31 23:45:00,72.0375
2016-08-31 23:50:00,72.0375
2016-08-31 23:55:00,72.0375
