time,capacity
2016-08-01 00:00:00,0.0
2016-08-01 00:05:00,0.0
2016-08-01 00:10:00,0.0
2016-08-01 00:15:00,0.0
2016-08-01 00:20:00,0.0
2016-08-01 00:25:00,0.0
2016-08-01 00:30:00,0.0
2016-08-01 00:35:00,0.0
2016-08-01 00:40:00,0.0
2016-08-01 00:45:00,0.0
2016-08-01 00:50:00,0.0
2016-08-01 00:55:00,0.0
2016-08-01 01:00:00,0.0
2016-08-01 01:05:00,0.0
2016-08-01 01:10:00,0.0
2016-08-01 01:15:00,0.0
2016-08-01 01:20:00,0.0
2016-08-01 01:25:00,0.0
2016-08-01 01:30:00,0.0
2016-08-01 01:35:00,0.0
2016-08-01 01:40:00,0.0
2016-08-01 01:45:00,0.0
2016-08-01 01:50:00,0.0
2016-08-01 01:55:00,0.0
2016-08-01 02:00:00,0.0
2016-08-01 02:05:00,0.0
2016-08-01 02:10:00,0.0
2016-08-01 02:15:00,0.0
2016-08-01 02:20:00,0.0
2016-08-01 02:25:00,0.0
2016-08-01 02:30:00,0.0
2016-08-01 02:35:00,0.0
2016-08-01 02:40:00,0.0
2016-08-01 02:45:00,0.0
2016-08-01 02:50:00,0.0
2016-08-01 02:55:00,0.0
2016-08-01 03:00:00,0.0
2016-08-01 03:05:00,0.0
2016-08-01 03:10:00,0.0
2016-08-01 03:15:00,0.0
2016-08-01 03:20:00,0.0
2016-08-01 03:25:00,0.0
2016-08-01 03:30:00,0.0
2016-08-01 03:35:00,0.0
2016-08-01 03:40:00,0.0
2016-08-01 03:45:00,0.0
2016-08-01 03:50:00,0.0
2016-08-01 03:55:00,0.0
2016-08-01 04:00:00,0.0
2016-08-01 04:05:00,0.0
2016-08-01 04:10:00,0.0
2016-08-01 04:15:00,0.0
2016-08-01 04:20:00,0.0
2016-08-01 04:25:00,0.0
2016-08-01 04:30:00,0.0
2016-08-01 04:35:00,0.0
2016-08-01 04:40:00,0.0
2016-08-01 04:45:00,0.0
2016-08-01 04:50:00,0.0
2016-08-01 04:55:00,0.0
2016-08-01 05:00:00,0.0
2016-08-01 05:05:00,0.0
2016-08-01 05:10:00,0.0
2016-08-01 05:15:00,0.0
2016-08-01 05:20:00,0.0
2016-08-01 05:25:00,0.0
2016-08-01 05:30:00,0.0
2016-08-01 05:35:00,0.0
2016-08-01 05:40:00,0.0
2016-08-01 05:45:00,0.0
2016-08-01 05:50:00,0.0
2016-08-01 05:55:00,0.0
2016-08-01 06:00:00,0.0
2016-08-01 06:05:00,0.0
2016-08-01 06:10:00,0.0
2016-08-01 06:15:00,0.0
2016-08-01 06:20:00,0.0
2016-08-01 06:25:00,0.0
2016-08-01 06:30:00,0.0
2016-08-01 06:35:00,0.0
2016-08-01 06:40:00,0.0
2016-08-01 06:45:00,0.0
2016-08-01 06:50:00,0.0
2016-08-01 06:55:00,0.0
2016-08-01 07:00:00,0.0
2016-08-01 07:05:00,0.0
2016-08-01 07:10:00,0.0
2016-08-01 07:15:00,0.0
2016-08-01 07:20:00,0.0
2016-08-01 07:25:00,0.0
2016-08-01 07:30:00,0.0
2016-08-01 07:35:00,0.0
2016-08-01 07:40:00,0.0
2016-08-01 07:45:00,0.0
2016-08-01 07:50:00,0.0
2016-08-01 07:55:00,0.0
2016-08-01 08:00:00,0.0
2016-08-01 08:05:00,0.0
2016-08-01 08:10:00,0.0
2016-08-01 08:15:00,0.0
2016-08-01 08:20:00,0.0
2016-08-01 08:25:00,0.0
2016-08-01 08:30:00,0.0
2016-08-01 08:35:00,0.0
2016-08-01 08:40:00,0.0
2016-08-01 08:45:00,0.0
2016-08-01 08:50:00,0.0
2016-08-01 08:55:00,0.0
2016-08-01 09:00:00,0.0
2016-08-01 09:05:00,0.0
2016-08-01 09:10:00,0.0
2016-08-01 09:15:00,0.0
2016-08-01 09:20:00,0.0
2016-08-01 09:25:00,0.0
2016-08-01 09:30:00,0.0
2016-08-01 09:35:00,0.0
2016-08-01 09:40:00,0.0
2016-08-01 09:45:00,0.0
2016-08-01 09:50:00,0.0
2016-08-01 09:55:00,0.0
2016-08-01 10:00:00,0.0
2016-08-01 10:05:00,0.0
2016-08-01 10:10:00,0.0
2016-08-01 10:15:00,0.0
2016-08-01 10:20:00,0.0
2016-08-01 10:25:00,0.0
2016-08-01 10:30:00,0.0
2016-08-01 10:35:00,0.0
2016-08-01 10:40:00,0.0
2016-08-01 10:45:00,0.0
2016-08-01 10:50:00,0.0
2016-08-01 10:55:00,0.0
2016-08-01 11:00:00,0.0
2016-08-01 11:05:00,0.0
2016-08-01 11:10:00,0.0
2016-08-01 11:15:00,0.0
2016-08-01 11:20:00,0.0
2016-08-01 11:25:00,0.0
2016-08-01 11:30:00,0.0
2016-08-01 11:35:00,0.0
2016-08-01 11:40:00,0.0
2016-08-01 11:45:00,0.0
2016-08-01 11:50:00,0.0
2016-08-01 11:55:00,0.0
2016-08-01 12:00:00,40.385086
2016-08-01 12:05:00,40.857613
2016-08-01 12:10:00,41.256607
2016-08-01 12:15:00,41.832005
2016-08-01 12:20:00,41.773205
2016-08-01 12:25:00,41.14951
2016-08-01 12:30:00,40.494293
2016-08-01 12:35:00,40.013397
2016-08-01 12:40:00,39.332996
2016-08-01 12:45:00,38.780693
2016-08-01 12:50:00,38.99071
2016-08-01 12:55:00,39.515724
2016-08-01 13:00:00,40.032322
2016-08-01 13:05:00,40.26959
2016-08-01 13:10:00,40.517395
2016-08-01 13:15:00,40.597225
2016-08-01 13:20:00,40.4439
2016-08-01 13:25:00,39.858017
2016-08-01 13:30:00,39.135597
2016-08-01 13:35:00,38.31029
2016-08-01 13:40:00,36.886494
2016-08-01 13:45:00,34.771786
2016-08-01 13:50:00,31.77929
2016-08-01 13:55:00,28.242895
2016-08-01 14:00:00,24.538498
2016-08-01 14:05:00,21.325504
2016-08-01 14:10:00,18.261602
2016-08-01 14:15:00,15.7458
2016-08-01 14:20:00,13.391695
2016-08-01 14:25:00,11.415602
2016-08-01 14:30:00,9.666302
2016-08-01 14:35:00,8.379
2016-08-01 14:40:00,7.385698
2016-08-01 14:45:00,6.4658995
2016-08-01 14:50:00,5.5125003
2016-08-01 14:55:00,4.5570016
2016-08-01 15:00:00,3.6077988
2016-08-01 15:05:00,2.7489002
2016-08-01 15:10:00,1.9299
2016-08-01 15:15:00,1.2305998
2016-08-01 15:20:00,0.73919964
2016-08-01 15:25:00,0.40109998
2016-08-01 15:30:00,0.22469993
2016-08-01 15:35:00,0.13020001
2016-08-01 15:40:00,0.09029998
2016-08-01 15:45:00,0.0672
2016-08-01 15:50:00,0.079799995
2016-08-01 15:55:00,0.09029998
2016-08-01 16:00:00,0.09029998
2016-08-01 16:05:00,0.06929999
2016-08-01 16:10:00,0.056699995
2016-08-01 16:15:00,0.029400002
2016-08-01 16:20:00,0.0
2016-08-01 16:25:00,0.0
2016-08-01 16:30:00,0.0
2016-08-01 16:35:00,0.0
2016-08-01 16:40:00,0.0
2016-08-01 16:45:00,0.0
2016-08-01 16:50:00,0.0
2016-08-01 16:55:00,0.0
2016-08-01 17:00:00,0.0
2016-08-01 17:05:00,0.0
2016-08-01 17:10:00,0.0
2016-08-01 17:15:00,0.0
2016-08-01 17:20:00,0.0
2016-08-01 17:25:00,0.0
2016-08-01 17:30:00,0.0
2016-08-01 17:35:00,0.0
2016-08-01 17:40:00,0.0
2016-08-01 17:45:00,0.0
2016-08-01 17:50:00,0.0
2016-08-01 17:55:00,0.0
2016-08-01 18:00:00,0.0
2016-08-01 18:05:00,0.0
2016-08-01 18:10:00,0.0
2016-08-01 18:15:00,0.0
2016-08-01 18:20:00,0.0
2016-08-01 18:25:00,0.0
2016-08-01 18:30:00,0.0
2016-08-01 18:35:00,0.0
2016-08-01 18:40:00,0.0
2016-08-01 18:45:00,0.0
2016-08-01 18:50:00,0.0
2016-08-01 18:55:00,0.0
2016-08-01 19:00:00,0.0
2016-08-01 19:05:00,0.0
2016-08-01 19:10:00,0.0
2016-08-01 19:15:00,0.0
2016-08-01 19:20:00,0.0
2016-08-01 19:25:00,0.0
2016-08-01 19:30:00,0.0
2016-08-01 19:35:00,0.0
2016-08-01 19:40:00,0.0
2016-08-01 19:45:00,0.0
2016-08-01 19:50:00,0.0
2016-08-01 19:55:00,0.0
2016-08-01 20:00:00,0.0
2016-08-01 20:05:00,0.0
2016-08-01 20:10:00,0.0
2016-08-01 20:15:00,0.0
2016-08-01 20:20:00,0.0
2016-08-01 20:25:00,0.0
2016-08-01 20:30:00,0.0
2016-08-01 20:35:00,0.0
2016-08-01 20:40:00,0.0
2016-08-01 20:45:00,0.0
2016-08-01 20:50:00,0.0
2016-08-01 20:55:00,0.0
2016-08-01 21:00:00,0.0
2016-08-01 21:05:00,0.0
2016-08-01 21:10:00,0.0
2016-08-01 21:15:00,0.0
2016-08-01 21:20:00,0.0
2016-08-01 21:25:00,0.0
2016-08-01 21:30:00,0.0
2016-08-01 21:35:00,0.0
2016-08-01 21:40:00,0.0
2016-08-01 21:45:00,0.0
2016-08-01 21:50:00,0.0
2016-08-01 21:55:00,0.0
2016-08-01 22:00:00,0.0
2016-08-01 22:05:00,0.0
2016-08-01 22:10:00,0.0
2016-08-01 22:15:00,0.0
2016-08-01 22:20:00,0.0
2016-08-01 22:25:00,0.0
2016-08-01 22:30:00,0.0
2016-08-01 22:35:00,0.0
2016-08-01 22:40:00,0.0
2016-08-01 22:45:00,0.0
2016-08-01 22:50:00,0.0
2016-08-01 22:55:00,0.0
2016-08-01 23:00:00,0.0
2016-08-01 23:05:00,0.0
2016-08-01 23:10:00,0.010500001
2016-08-01 23:15:00,0.0
2016-08-01 23:20:00,0.0
2016-08-01 23:25:00,0.0
2016-08-01 23:30:00,0.0
2016-08-01 23:35:00,0.0
2016-08-01 23:40:00,0.0
2016-08-01 23:45:00,0.0
2016-08-01 23:50:00,0.13859999
2016-08-01 23:55:00,0.7854
2016-08-02 00:00:00,1.3628998
2016-08-02 00:05:00,1.7682002
2016-08-02 00:10:00,2.1545992
2016-08-02 00:15:00,2.6628003
2016-08-02 00:20:00,3.511199
2016-08-02 00:25:00,4.5821996
2016-08-02 00:30:00,5.5377007
2016-08-02 00:35:00,6.522598
2016-08-02 00:40:00,8.091304
2016-08-02 00:45:00,10.317302
2016-08-02 00:50:00,12.742804
2016-08-02 00:55:00,14.620202
2016-08-02 01:00:00,16.2435
2016-08-02 01:05:00,17.898298
2016-08-02 01:10:00,19.69799
2016-08-02 01:15:00,21.909292
2016-08-02 01:20:00,24.658186
2016-08-02 01:25:00,28.192514
2016-08-02 01:30:00,32.17201
2016-08-02 01:35:00,35.693687
2016-08-02 01:40:00,38.7219
2016-08-02 01:45:00,41.405716
2016-08-02 01:50:00,44.19029
2016-08-02 01:55:00,47.348705
2016-08-02 02:00:00,50.920773
2016-08-02 02:05:00,54.574825
2016-08-02 02:10:00,57.796207
2016-08-02 02:15:00,60.895805
2016-08-02 02:20:00,64.20118
2016-08-02 02:25:00,67.739685
2016-08-02 02:30:00,71.25508
2016-08-02 02:35:00,75.3228
2016-08-02 02:40:00,79.119606
2016-08-02 02:45:00,82.31163
2016-08-02 02:50:00,83.869835
2016-08-02 02:55:00,83.89504
2016-08-02 03:00:00,83.89504
2016-08-02 03:05:00,83.89504
2016-08-02 03:10:00,83.89504
2016-08-02 03:15:00,83.89504
2016-08-02 03:20:00,83.89504
2016-08-02 03:25:00,83.89504
2016-08-02 03:30:00,83.89504
2016-08-02 03:35:00,83.89504
2016-08-02 03:40:00,83.89504
2016-08-02 03:45:00,83.89504
2016-08-02 03:50:00,83.89504
2016-08-02 03:55:00,83.89504
2016-08-02 04:00:00,83.89504
2016-08-02 04:05:00,83.89504
2016-08-02 04:10:00,83.89504
2016-08-02 04:15:00,83.89504
2016-08-02 04:20:00,83.89504
2016-08-02 04:25:00,83.89504
2016-08-02 04:30:00,83.89504
2016-08-02 04:35:00,83.89504
2016-08-02 04:40:00,83.89504
2016-08-02 04:45:00,83.89504
2016-08-02 04:50:00,83.89504
2016-08-02 04:55:00,83.89504
2016-08-02 05:00:00,83.89504
2016-08-02 05:05:00,83.89504
2016-08-02 05:10:00,83.89504
2016-08-02 05:15:00,83.89504
2016-08-02 05:20:00,83.89504
2016-08-02 05:25:00,83.89504
2016-08-02 05:30:00,83.89504
2016-08-02 05:35:00,83.89504
2016-08-02 05:40:00,83.89504
2016-08-02 05:45:00,83.89504
2016-08-02 05:50:00,83.89504
2016-08-02 05:55:00,83.89504
2016-08-02 06:00:00,83.89504
2016-08-02 06:05:00,83.89504
2016-08-02 06:10:00,83.89504
2016-08-02 06:15:00,83.89504
2016-08-02 06:20:00,83.89504
2016-08-02 06:25:00,83.89504
2016-08-02 06:30:00,83.89504
2016-08-02 06:35:00,83.89504
2016-08-02 06:40:00,83.89504
2016-08-02 06:45:00,83.89504
2016-08-02 06:50:00,83.89504
2016-08-02 06:55:00,83.89504
2016-08-02 07:00:00,83.89504
2016-08-02 07:05:00,83.89504
2016-08-02 07:10:00,83.89504
2016-08-02 07:15:00,83.89504
2016-08-02 07:20:00,83.89504
2016-08-02 07:25:00,83.89504
2016-08-02 07:30:00,83.89504
2016-08-02 07:35:00,83.89504
2016-08-02 07:40:00,83.89504
2016-08-02 07:45:00,83.89504
2016-08-02 07:50:00,83.89504
2016-08-02 07:55:00,83.89504
2016-08-02 08:00:00,83.89504
2016-08-02 08:05:00,83.89504
2016-08-02 08:10:00,83.89504
2016-08-02 08:15:00,83.89504
2016-08-02 08:20:00,83.89504
2016-08-02 08:25:00,83.89504
2016-08-02 08:30:00,83.89504
2016-08-02 08:35:00,83.89504
2016-08-02 08:40:00,83.89504
2016-08-02 08:45:00,83.89504
2016-08-02 08:50:00,83.89504
2016-08-02 08:55:00,83.89504
2016-08-02 09:00:00,83.89504
2016-08-02 09:05:00,83.89504
2016-08-02 09:10:00,83.89504
2016-08-02 09:15:00,83.89504
2016-08-02 09:20:00,83.89504
2016-08-02 09:25:00,83.89504
2016-08-02 09:30:00,83.89504
2016-08-02 09:35:00,83.89504
2016-08-02 09:40:00,83.89504
2016-08-02 09:45:00,83.89504
2016-08-02 09:50:00,83.89504
2016-08-02 09:55:00,83.89504
2016-08-02 10:00:00,83.89504
2016-08-02 10:05:00,83.89504
2016-08-02 10:10:00,83.89504
2016-08-02 10:15:00,83.89504
2016-08-02 10:20:00,83.89504
2016-08-02 10:25:00,83.89504
2016-08-02 10:30:00,83.89504
2016-08-02 10:35:00,83.89504
2016-08-02 10:40:00,83.89504
2016-08-02 10:45:00,83.89504
2016-08-02 10:50:00,83.89504
2016-08-02 10:55:00,83.89504
2016-08-02 11:00:00,83.89504
2016-08-02 11:05:00,83.89504
2016-08-02 11:10:00,83.89504
2016-08-02 11:15:00,83.89504
2016-08-02 11:20:00,83.89504
2016-08-02 11:25:00,83.89504
2016-08-02 11:30:00,83.89504
2016-08-02 11:35:00,83.89504
2016-08-02 11:40:00,83.89504
2016-08-02 11:45:00,83.89504
2016-08-02 11:50:00,83.89504
2016-08-02 11:55:00,83.89504
2016-08-02 12:00:00,83.89504
2016-08-02 12:05:00,83.89504
2016-08-02 12:10:00,83.89504
2016-08-02 12:15:00,83.89504
2016-08-02 12:20:00,83.89504
2016-08-02 12:25:00,83.89504
2016-08-02 12:30:00,83.89504
2016-08-02 12:35:00,83.89504
2016-08-02 12:40:00,83.89504
2016-08-02 12:45:00,83.89504
2016-08-02 12:50:00,83.89504
2016-08-02 12:55:00,83.89504
2016-08-02 13:00:00,83.89504
2016-08-02 13:05:00,83.89504
2016-08-02 13:10:00,83.89504
2016-08-02 13:15:00,83.89504
2016-08-02 13:20:00,83.89504
2016-08-02 13:25:00,83.89504
2016-08-02 13:30:00,83.89504
2016-08-02 13:35:00,83.89504
2016-08-02 13:40:00,83.89504
2016-08-02 13:45:00,83.89504
2016-08-02 13:50:00,83.89504
2016-08-02 13:55:00,83.89504
2016-08-02 14:00:00,83.89504
2016-08-02 14:05:00,83.89504
2016-08-02 14:10:00,83.89504
2016-08-02 14:15:00,83.89504
2016-08-02 14:20:00,83.89504
2016-08-02 14:25:00,83.89504
2016-08-02 14:30:00,83.89504
2016-08-02 14:35:00,83.89504
2016-08-02 14:40:00,83.89504
2016-08-02 14:45:00,83.89504
2016-08-02 14:50:00,83.89504
2016-08-02 14:55:00,83.89504
2016-08-02 15:00:00,83.89504
2016-08-02 15:05:00,83.89504
2016-08-02 15:10:00,83.89504
2016-08-02 15:15:00,83.89504
2016-08-02 15:20:00,83.89504
2016-08-02 15:25:00,83.89504
2016-08-02 15:30:00,83.89504
2016-08-02 15:35:00,83.89504
2016-08-02 15:40:00,83.89504
2016-08-02 15:45:00,83.89504
2016-08-02 15:50:00,83.89504
2016-08-02 15:55:00,83.89504
2016-08-02 16:00:00,83.89504
2016-08-02 16:05:00,83.89504
2016-08-02 16:10:00,83.89504
2016-08-02 16:15:00,83.89504
2016-08-02 16:20:00,83.89504
2016-08-02 16:25:00,83.89504
2016-08-02 16:30:00,83.89504
2016-08-02 16:35:00,83.89504
2016-08-02 16:40:00,83.89504
2016-08-02 16:45:00,83.89504
2016-08-02 16:50:00,83.89504
2016-08-02 16:55:00,83.89504
2016-08-02 17:00:00,83.89504
2016-08-02 17:05:00,83.89504
2016-08-02 17:10:00,83.89504
2016-08-02 17:15:00,83.89504
2016-08-02 17:20:00,83.89504
2016-08-02 17:25:00,83.89504
2016-08-02 17:30:00,83.89504
2016-08-02 17:35:00,83.89504
2016-08-02 17:40:00,83.89504
2016-08-02 17:45:00,83.89504
2016-08-02 17:50:00,83.89504
2016-08-02 17:55:00,83.89504
2016-08-02 18:00:00,83.89504
2016-08-02 18:05:00,83.89504
2016-08-02 18:10:00,83.89504
2016-08-02 18:15:00,83.89504
2016-08-02 18:20:00,83.89504
2016-08-02 18:25:00,83.89504
2016-08-02 18:30:00,83.89504
2016-08-02 18:35:00,83.89504
2016-08-02 18:40:00,83.89504
2016-08-02 18:45:00,83.89504
2016-08-02 18:50:00,83.89504
2016-08-02 18:55:00,83.89504
2016-08-02 19:00:00,83.89504
2016-08-02 19:05:00,83.89504
2016-08-02 19:10:00,83.89504
2016-08-02 19:15:00,83.89504
2016-08-02 19:20:00,83.89504
2016-08-02 19:25:00,83.89504
2016-08-02 19:30:00,83.89504
2016-08-02 19:35:00,83.89504
2016-08-02 19:40:00,83.89504
2016-08-02 19:45:00,83.89504
2016-08-02 19:50:00,83.89504
2016-08-02 19:55:00,83.89504
2016-08-02 20:00:00,83.89504
2016-08-02 20:05:00,83.89504
2016-08-02 20:10:00,83.89504
2016-08-02 20:15:00,83.89504
2016-08-02 20:20:00,83.89504
2016-08-02 20:25:00,83.89504
2016-08-02 20:30:00,83.89504
2016-08-02 20:35:00,83.89504
2016-08-02 20:40:00,83.89504
2016-08-02 20:45:00,83.89504
2016-08-02 20:50:00,83.89504
2016-08-02 20:55:00,83.89504
2016-08-02 21:00:00,83.89504
2016-08-02 21:05:00,83.89504
2016-08-02 21:10:00,83.89504
2016-08-02 21:15:00,83.89504
2016-08-02 21:20:00,83.89504
2016-08-02 21:25:00,83.89504
2016-08-02 21:30:00,83.89504
2016-08-02 21:35:00,83.89504
2016-08-02 21:40:00,83.89504
2016-08-02 21:45:00,83.89504
2016-08-02 21:50:00,83.89504
2016-08-02 21:55:00,83.89504
2016-08-02 22:00:00,83.89504
2016-08-02 22:05:00,83.89504
2016-08-02 22:10:00,83.89504
2016-08-02 22:15:00,83.89504
2016-08-02 22:20:00,83.89504
2016-08-02 22:25:00,83.89504
2016-08-02 22:30:00,83.89504
2016-08-02 22:35:00,83.89504
2016-08-02 22:40:00,83.89504
2016-08-02 22:45:00,83.89504
2016-08-02 22:50:00,83.89504
2016-08-02 22:55:00,83.89504
2016-08-02 23:00:00,83.89504
2016-08-02 23:05:00,83.89504
2016-08-02 23:10:00,83.89504
2016-08-02 23:15:00,83.89504
2016-08-02 23:20:00,83.89504
2016-08-02 23:25:00,83.89504
2016-08-02 23:30:00,83.89504
2016-08-02 23:35:00,83.89504
2016-08-02 23:40:00,83.89504
2016-08-02 23:45:00,83.89504
2016-08-02 23:50:00,83.89504
2016-08-02 23:55:00,83.89504
2016-08-03 00:00:00,83.89504
2016-08-03 00:05:00,83.89504
2016-08-03 00:10:00,83.89504
2016-08-03 00:15:00,83.89504
2016-08-03 00:20:00,83.89504
2016-08-03 00:25:00,83.89504
2016-08-03 00:30:00,83.89504
2016-08-03 00:35:00,83.89504
2016-08-03 00:40:00,83.89504
2016-08-03 00:45:00,83.89504
2016-08-03 00:50:00,83.89504
2016-08-03 00:55:00,83.89504
2016-08-03 01:00:00,83.89504
2016-08-03 01:05:00,83.89504
2016-08-03 01:10:00,83.89504
2016-08-03 01:15:00,83.89504
2016-08-03 01:20:00,83.89504
2016-08-03 01:25:00,83.89504
2016-08-03 01:30:00,83.89504
2016-08-03 01:35:00,83.89504
2016-08-03 01:40:00,83.89504
2016-08-03 01:45:00,83.89504
2016-08-03 01:50:00,83.89504
2016-08-03 01:55:00,83.89504
2016-08-03 02:00:00,83.89504
2016-08-03 02:05:00,83.89504
2016-08-03 02:10:00,83.89504
2016-08-03 02:15:00,83.89504
2016-08-03 02:20:00,83.89504
2016-08-03 02:25:00,83.89504
2016-08-03 02:30:00,83.89504
2016-08-03 02:35:00,83.89504
2016-08-03 02:40:00,83.89504
2016-08-03 02:45:00,83.89504
2016-08-03 02:50:00,83.89504
2016-08-03 02:55:00,83.89504
2016-08-03 03:00:00,83.89504
2016-08-03 03:05:00,83.89504
2016-08-03 03:10:00,83.89504
2016-08-03 03:15:00,83.89504
2016-08-03 03:20:00,83.89504
2016-08-03 03:25:00,83.89504
2016-08-03 03:30:00,83.89504
2016-08-03 03:35:00,83.89504
2016-08-03 03:40:00,83.89504
2016-08-03 03:45:00,83.89504
2016-08-03 03:50:00,83.89504
2016-08-03 03:55:00,83.89504
2016-08-03 04:00:00,83.89504
2016-08-03 04:05:00,83.89504
2016-08-03 04:10:00,83.89504
2016-08-03 04:15:00,83.89504
2016-08-03 04:20:00,83.89504
2016-08-03 04:25:00,83.89504
2016-08-03 04:30:00,83.89504
2016-08-03 04:35:00,83.89504
2016-08-03 04:40:00,83.89504
2016-08-03 04:45:00,83.89504
2016-08-03 04:50:00,83.89504
2016-08-03 04:55:00,83.89504
2016-08-03 05:00:00,83.89504
2016-08-03 05:05:00,83.89504
2016-08-03 05:10:00,83.89504
2016-08-03 05:15:00,83.89504
2016-08-03 05:20:00,83.89504
2016-08-03 05:25:00,83.89504
2016-08-03 05:30:00,83.89504
2016-08-03 05:35:00,83.89504
2016-08-03 05:40:00,83.89504
2016-08-03 05:45:00,83.89504
2016-08-03 05:50:00,83.89504
2016-08-03 05:55:00,83.89504
2016-08-03 06:00:00,83.89504
2016-08-03 06:05:00,83.89504
2016-08-03 06:10:00,83.89504
2016-08-03 06:15:00,83.89504
2016-08-03 06:20:00,83.89504
2016-08-03 06:25:00,83.89504
2016-08-03 06:30:00,83.89504
2016-08-03 06:35:00,83.89504
2016-08-03 06:40:00,83.89504
2016-08-03 06:45:00,83.89504
2016-08-03 06:50:00,83.89504
2016-08-03 06:55:00,83.89504
2016-08-03 07:00:00,83.89504
2016-08-03 07:05:00,83.89504
2016-08-03 07:10:00,83.89504
2016-08-03 07:15:00,83.89504
2016-08-03 07:20:00,83.89504
2016-08-03 07:25:00,83.89504
2016-08-03 07:30:00,83.89504
2016-08-03 07:35:00,83.89504
2016-08-03 07:40:00,83.89504
2016-08-03 07:45:00,83.89504
2016-08-03 07:50:00,83.89504
2016-08-03 07:55:00,83.89504
2016-08-03 08:00:00,83.89504
2016-08-03 08:05:00,83.89504
2016-08-03 08:10:00,83.89504
2016-08-03 08:15:00,83.89504
2016-08-03 08:20:00,83.89504
2016-08-03 08:25:00,83.89504
2016-08-03 08:30:00,83.89504
2016-08-03 08:35:00,83.89504
2016-08-03 08:40:00,83.89504
2016-08-03 08:45:00,83.89504
2016-08-03 08:50:00,83.89504
2016-08-03 08:55:00,83.89504
2016-08-03 09:00:00,83.89504
2016-08-03 09:05:00,83.88454
2016-08-03 09:10:00,83.601036
2016-08-03 09:15:00,83.317535
2016-08-03 09:20:00,82.94162
2016-08-03 09:25:00,81.76347
2016-08-03 09:30:00,79.10281
2016-08-03 09:35:00,75.10651
2016-08-03 09:40:00,71.65409
2016-08-03 09:45:00,67.19368
2016-08-03 09:50:00,61.311607
2016-08-03 09:55:00,56.483673
2016-08-03 10:00:00,54.578995
2016-08-03 10:05:00,52.290012
2016-08-03 10:10:00,47.287804
2016-08-03 10:15:00,42.543896
2016-08-03 10:20:00,40.912212
2016-08-03 10:25:00,40.975197
2016-08-03 10:30:00,42.590096
2016-08-03 10:35:00,44.84761
2016-08-03 10:40:00,47.36972
2016-08-03 10:45:00,49.57048
2016-08-03 10:50:00,51.113995
2016-08-03 10:55:00,51.807014
2016-08-03 11:00:00,51.571815
2016-08-03 11:05:00,50.72971
2016-08-03 11:10:00,49.629314
2016-08-03 11:15:00,48.554077
2016-08-03 11:20:00,47.39911
2016-08-03 11:25:00,46.242012
2016-08-03 11:30:00,45.168888
2016-08-03 11:35:00,44.238605
2016-08-03 11:40:00,43.63591
2016-08-03 11:45:00,43.56868
2016-08-03 11:50:00,44.301598
2016-08-03 11:55:00,45.55949
2016-08-03 12:00:00,42.317127
2016-08-03 12:05:00,40.298996
2016-08-03 12:10:00,37.337997
2016-08-03 12:15:00,34.103992
2016-08-03 12:20:00,31.546196
2016-08-03 12:25:00,29.6961
2016-08-03 12:30:00,28.776299
2016-08-03 12:35:00,28.641895
2016-08-03 12:40:00,28.711195
2016-08-03 12:45:00,28.549496
2016-08-03 12:50:00,28.0875
2016-08-03 12:55:00,27.726301
2016-08-03 13:00:00,27.409197
2016-08-03 13:05:00,27.446997
2016-08-03 13:10:00,27.902695
2016-08-03 13:15:00,28.763695
2016-08-03 13:20:00,29.859905
2016-08-03 13:25:00,31.311005
2016-08-03 13:30:00,32.4282
2016-08-03 13:35:00,32.8566
2016-08-03 13:40:00,32.8104
2016-08-03 13:45:00,32.459705
2016-08-03 13:50:00,31.623901
2016-08-03 13:55:00,29.444103
2016-08-03 14:00:00,27.02279
2016-08-03 14:05:00,25.025694
2016-08-03 14:10:00,22.9572
2016-08-03 14:15:00,20.531696
2016-08-03 14:20:00,18.135605
2016-08-03 14:25:00,16.182596
2016-08-03 14:30:00,14.574
2016-08-03 14:35:00,13.389605
2016-08-03 14:40:00,12.774298
2016-08-03 14:45:00,12.4887
2016-08-03 14:50:00,12.087603
2016-08-03 14:55:00,11.587803
2016-08-03 15:00:00,10.943103
2016-08-03 15:05:00,10.111501
2016-08-03 15:10:00,8.872503
2016-08-03 15:15:00,7.383602
2016-08-03 15:20:00,6.1844993
2016-08-03 15:25:00,5.5145993
2016-08-03 15:30:00,5.073601
2016-08-03 15:35:00,4.926601
2016-08-03 15:40:00,4.9497013
2016-08-03 15:45:00,4.9958997
2016-08-03 15:50:00,4.712401
2016-08-03 15:55:00,4.296601
2016-08-03 16:00:00,3.8724015
2016-08-03 16:05:00,3.3263993
2016-08-03 16:10:00,2.7215996
2016-08-03 16:15:00,2.0853002
2016-08-03 16:20:00,1.4279997
2016-08-03 16:25:00,0.9009001
2016-08-03 16:30:00,0.53340006
2016-08-03 16:35:00,0.31289998
2016-08-03 16:40:00,0.20579994
2016-08-03 16:45:00,0.14700006
2016-08-03 16:50:00,0.081899986
2016-08-03 16:55:00,0.046200003
2016-08-03 17:00:00,0.018900001
2016-08-03 17:05:00,0.018900001
2016-08-03 17:10:00,0.018900001
2016-08-03 17:15:00,0.0
2016-08-03 17:20:00,0.0
2016-08-03 17:25:00,0.0
2016-08-03 17:30:00,0.0
2016-08-03 17:35:00,0.0
2016-08-03 17:40:00,0.0
2016-08-03 17:45:00,0.0
2016-08-03 17:50:00,0.0
2016-08-03 17:55:00,0.0
2016-08-03 18:00:00,0.0
2016-08-03 18:05:00,0.0
2016-08-03 18:10:00,0.0
2016-08-03 18:15:00,0.0
2016-08-03 18:20:00,0.0
2016-08-03 18:25:00,0.0
2016-08-03 18:30:00,0.0
2016-08-03 18:35:00,0.0
2016-08-03 18:40:00,0.0
2016-08-03 18:45:00,0.0
2016-08-03 18:50:00,0.0
2016-08-03 18:55:00,0.0
2016-08-03 19:00:00,0.0
2016-08-03 19:05:00,0.0
2016-08-03 19:10:00,0.0
2016-08-03 19:15:00,0.0
2016-08-03 19:20:00,0.0
2016-08-03 19:25:00,0.0
2016-08-03 19:30:00,0.0
2016-08-03 19:35:00,0.0
2016-08-03 19:40:00,0.0
2016-08-03 19:45:00,0.0
2016-08-03 19:50:00,0.0
2016-08-03 19:55:00,0.0
2016-08-03 20:00:00,0.0
2016-08-03 20:05:00,0.0
2016-08-03 20:10:00,0.0
2016-08-03 20:15:00,0.0
2016-08-03 20:20:00,0.0
2016-08-03 20:25:00,0.0
2016-08-03 20:30:00,0.0
2016-08-03 20:35:00,0.0
2016-08-03 20:40:00,0.0
2016-08-03 20:45:00,0.0
2016-08-03 20:50:00,0.0
2016-08-03 20:55:00,0.0
2016-08-03 21:00:00,0.0
2016-08-03 21:05:00,0.0
2016-08-03 21:10:00,0.0
2016-08-03 21:15:00,0.0
2016-08-03 21:20:00,0.0
2016-08-03 21:25:00,0.0
2016-08-03 21:30:00,0.044099998
2016-08-03 21:35:00,0.044099998
2016-08-03 21:40:00,0.029400002
2016-08-03 21:45:00,0.027300002
2016-08-03 21:50:00,0.050400004
2016-08-03 21:55:00,0.063
2016-08-03 22:00:00,0.050400004
2016-08-03 22:05:00,0.025200002
2016-08-03 22:10:00,0.0
2016-08-03 22:15:00,0.0
2016-08-03 22:20:00,0.0
2016-08-03 22:25:00,0.0
2016-08-03 22:30:00,0.0
2016-08-03 22:35:00,0.0
2016-08-03 22:40:00,0.0
2016-08-03 22:45:00,0.0
2016-08-03 22:50:00,0.0
2016-08-03 22:55:00,0.0
2016-08-03 23:00:00,0.0
2016-08-03 23:05:00,0.0
2016-08-03 23:10:00,0.0378
2016-08-03 23:15:00,0.056699995
2016-08-03 23:20:00,0.056699995
2016-08-03 23:25:00,0.056699995
2016-08-03 23:30:00,0.037800003
2016-08-03 23:35:00,0.0
2016-08-03 23:40:00,0.0
2016-08-03 23:45:00,0.008400001
2016-08-03 23:50:00,0.016800001
2016-08-03 23:55:00,0.016800001
2016-08-04 00:00:00,0.008400001
2016-08-04 00:05:00,0.046200003
2016-08-04 00:10:00,0.037800003
2016-08-04 00:15:00,0.037800003
2016-08-04 00:20:00,0.018900001
2016-08-04 00:25:00,0.0
2016-08-04 00:30:00,0.0
2016-08-04 00:35:00,0.0
2016-08-04 00:40:00,0.0
2016-08-04 00:45:00,0.037800003
2016-08-04 00:50:00,0.0651
2016-08-04 00:55:00,0.10289998
2016-08-04 01:00:00,0.1491
2016-08-04 01:05:00,0.15959999
2016-08-04 01:10:00,0.20789999
2016-08-04 01:15:00,0.26460004
2016-08-04 01:20:00,0.38849998
2016-08-04 01:25:00,0.4557
2016-08-04 01:30:00,0.52290004
2016-08-04 01:35:00,0.5523001
2016-08-04 01:40:00,0.5439001
2016-08-04 01:45:00,0.50609994
2016-08-04 01:50:00,0.45990008
2016-08-04 01:55:00,0.45989993
2016-08-04 02:00:00,0.5292
2016-08-04 02:05:00,0.68459994
2016-08-04 02:10:00,0.97229993
2016-08-04 02:15:00,1.3356
2016-08-04 02:20:00,1.8879002
2016-08-04 02:25:00,2.7993
2016-08-04 02:30:00,4.515
2016-08-04 02:35:00,6.7304983
2016-08-04 02:40:00,9.5802
2016-08-04 02:45:00,12.904501
2016-08-04 02:50:00,17.041498
2016-08-04 02:55:00,22.413303
2016-08-04 03:00:00,28.144209
2016-08-04 03:05:00,33.411007
2016-08-04 03:10:00,37.5333
2016-08-04 03:15:00,40.771496
2016-08-04 03:20:00,43.8648
2016-08-04 03:25:00,47.541897
2016-08-04 03:30:00,51.43111
2016-08-04 03:35:00,54.914997
2016-08-04 03:40:00,57.73739
2016-08-04 03:45:00,60.028496
2016-08-04 03:50:00,61.70012
2016-08-04 03:55:00,62.836235
2016-08-04 04:00:00,63.51661
2016-08-04 04:05:00,63.785408
2016-08-04 04:10:00,63.455708
2016-08-04 04:15:00,62.829895
2016-08-04 04:20:00,62.0361
2016-08-04 04:25:00,60.954636
2016-08-04 04:30:00,59.68412
2016-08-04 04:35:00,58.264526
2016-08-04 04:40:00,56.30311
2016-08-04 04:45:00,53.755817
2016-08-04 04:50:00,51.011086
2016-08-04 04:55:00,48.062695
2016-08-04 05:00:00,44.84129
2016-08-04 05:05:00,41.523293
2016-08-04 05:10:00,38.142307
2016-08-04 05:15:00,34.9671
2016-08-04 05:20:00,32.132107
2016-08-04 05:25:00,29.603716
2016-08-04 05:30:00,27.449108
2016-08-04 05:35:00,25.468788
2016-08-04 05:40:00,23.582993
2016-08-04 05:45:00,21.831596
2016-08-04 05:50:00,20.344799
2016-08-04 05:55:00,19.0785
2016-08-04 06:00:00,17.768105
2016-08-04 06:05:00,16.560602
2016-08-04 06:10:00,15.470702
2016-08-04 06:15:00,14.542496
2016-08-04 06:20:00,13.784394
2016-08-04 06:25:00,13.171197
2016-08-04 06:30:00,12.902398
2016-08-04 06:35:00,13.024198
2016-08-04 06:40:00,13.3056
2016-08-04 06:45:00,13.5513
2016-08-04 06:50:00,13.706699
2016-08-04 06:55:00,13.6836
2016-08-04 07:00:00,13.717197
2016-08-04 07:05:00,14.009102
2016-08-04 07:10:00,14.550899
2016-08-04 07:15:00,14.905797
2016-08-04 07:20:00,14.954096
2016-08-04 07:25:00,14.926797
2016-08-04 07:30:00,14.947797
2016-08-04 07:35:00,14.861696
2016-08-04 07:40:00,14.685297
2016-08-04 07:45:00,14.546697
2016-08-04 07:50:00,14.330392
2016-08-04 07:55:00,13.912493
2016-08-04 08:00:00,13.082994
2016-08-04 08:05:00,11.883896
2016-08-04 08:10:00,10.439096
2016-08-04 08:15:00,9.069898
2016-08-04 08:20:00,7.7762995
2016-08-04 08:25:00,6.5583
2016-08-04 08:30:00,5.5041013
2016-08-04 08:35:00,4.498199
2016-08-04 08:40:00,3.6161993
2016-08-04 08:45:00,2.9043
2016-08-04 08:50:00,2.3562002
2016-08-04 08:55:00,1.8648005
2016-08-04 09:00:00,1.3293002
2016-08-04 09:05:00,0.7245
2016-08-04 09:10:00,0.3528001
2016-08-04 09:15:00,0.086100005
2016-08-04 09:20:00,0.018900001
2016-08-04 09:25:00,0.0
2016-08-04 09:30:00,0.0
2016-08-04 09:35:00,0.0
2016-08-04 09:40:00,0.0
2016-08-04 09:45:00,0.0
2016-08-04 09:50:00,0.0
2016-08-04 09:55:00,0.0
2016-08-04 10:00:00,0.0
2016-08-04 10:05:00,0.0
2016-08-04 10:10:00,0.0
2016-08-04 10:15:00,0.0
2016-08-04 10:20:00,0.0
2016-08-04 10:25:00,0.0
2016-08-04 10:30:00,0.0
2016-08-04 10:35:00,0.0
2016-08-04 10:40:00,0.0
2016-08-04 10:45:00,0.0
2016-08-04 10:50:00,0.0
2016-08-04 10:55:00,0.0
2016-08-04 11:00:00,0.0
2016-08-04 11:05:00,0.0
2016-08-04 11:10:00,0.0
2016-08-04 11:15:00,0.0
2016-08-04 11:20:00,0.0
2016-08-04 11:25:00,0.0
2016-08-04 11:30:00,0.0
2016-08-04 11:35:00,0.0
2016-08-04 11:40:00,0.0
2016-08-04 11:45:00,0.0
2016-08-04 11:50:00,0.0
2016-08-04 11:55:00,0.0
2016-08-04 12:00:00,0.0
2016-08-04 12:05:00,0.0
2016-08-04 12:10:00,0.0
2016-08-04 12:15:00,0.0
2016-08-04 12:20:00,0.0
2016-08-04 12:25:00,0.0
2016-08-04 12:30:00,0.0
2016-08-04 12:35:00,0.0
2016-08-04 12:40:00,0.0
2016-08-04 12:45:00,0.0
2016-08-04 12:50:00,0.0
2016-08-04 12:55:00,0.0
2016-08-04 13:00:00,0.0
2016-08-04 13:05:00,0.0
2016-08-04 13:10:00,0.0
2016-08-04 13:15:00,0.0
2016-08-04 13:20:00,0.0
2016-08-04 13:25:00,0.0
2016-08-04 13:30:00,0.0
2016-08-04 13:35:00,0.0
2016-08-04 13:40:00,0.0
2016-08-04 13:45:00,0.0
2016-08-04 13:50:00,0.0
2016-08-04 13:55:00,0.0
2016-08-04 14:00:00,0.0
2016-08-04 14:05:00,0.0
2016-08-04 14:10:00,0.0
2016-08-04 14:15:00,0.0
2016-08-04 14:20:00,0.0
2016-08-04 14:25:00,0.0
2016-08-04 14:30:00,0.0
2016-08-04 14:35:00,0.0
2016-08-04 14:40:00,0.0
2016-08-04 14:45:00,0.0
2016-08-04 14:50:00,0.0
2016-08-04 14:55:00,0.0
2016-08-04 15:00:00,0.0
2016-08-04 15:05:00,0.0
2016-08-04 15:10:00,0.0
2016-08-04 15:15:00,0.0
2016-08-04 15:20:00,0.0
2016-08-04 15:25:00,0.0
2016-08-04 15:30:00,0.0
2016-08-04 15:35:00,0.0
2016-08-04 15:40:00,0.0
2016-08-04 15:45:00,0.0
2016-08-04 15:50:00,0.0
2016-08-04 15:55:00,0.0
2016-08-04 16:00:00,0.0
2016-08-04 16:05:00,0.0
2016-08-04 16:10:00,0.0
2016-08-04 16:15:00,0.0
2016-08-04 16:20:00,0.0
2016-08-04 16:25:00,0.0
2016-08-04 16:30:00,0.0
2016-08-04 16:35:00,0.0
2016-08-04 16:40:00,0.0
2016-08-04 16:45:00,0.0
2016-08-04 16:50:00,0.0
2016-08-04 16:55:00,0.021000002
2016-08-04 17:00:00,0.117599964
2016-08-04 17:05:00,0.1617
2016-08-04 17:10:00,0.18060003
2016-08-04 17:15:00,0.17010003
2016-08-04 17:20:00,0.18900001
2016-08-04 17:25:00,0.22679995
2016-08-04 17:30:00,0.28770003
2016-08-04 17:35:00,0.5123999
2016-08-04 17:40:00,0.74969995
2016-08-04 17:45:00,0.9785999
2016-08-04 17:50:00,1.1886003
2016-08-04 17:55:00,1.3587002
2016-08-04 18:00:00,1.5497998
2016-08-04 18:05:00,1.8144001
2016-08-04 18:10:00,2.0727003
2016-08-04 18:15:00,2.3625002
2016-08-04 18:20:00,2.5472996
2016-08-04 18:25:00,2.6481
2016-08-04 18:30:00,2.6523
2016-08-04 18:35:00,2.5913997
2016-08-04 18:40:00,2.4968998
2016-08-04 18:45:00,2.4675004
2016-08-04 18:50:00,2.4276001
2016-08-04 18:55:00,2.2931995
2016-08-04 19:00:00,2.0916
2016-08-04 19:05:00,1.9110005
2016-08-04 19:10:00,1.7639996
2016-08-04 19:15:00,1.6589997
2016-08-04 19:20:00,1.6484998
2016-08-04 19:25:00,1.6274996
2016-08-04 19:30:00,1.6254004
2016-08-04 19:35:00,1.6631995
2016-08-04 19:40:00,1.6338
2016-08-04 19:45:00,1.6022999
2016-08-04 19:50:00,1.5897002
2016-08-04 19:55:00,1.5833999
2016-08-04 20:00:00,1.6778998
2016-08-04 20:05:00,1.7828996
2016-08-04 20:10:00,1.8605995
2016-08-04 20:15:00,1.8332999
2016-08-04 20:20:00,1.7723998
2016-08-04 20:25:00,1.701
2016-08-04 20:30:00,1.6274999
2016-08-04 20:35:00,1.5959997
2016-08-04 20:40:00,1.5644995
2016-08-04 20:45:00,1.5224997
2016-08-04 20:50:00,1.4468997
2016-08-04 20:55:00,1.323
2016-08-04 21:00:00,1.2137998
2016-08-04 21:05:00,1.0961996
2016-08-04 21:10:00,1.0856998
2016-08-04 21:15:00,1.0374
2016-08-04 21:20:00,1.0184999
2016-08-04 21:25:00,0.99120027
2016-08-04 21:30:00,0.97230005
2016-08-04 21:35:00,0.85679996
2016-08-04 21:40:00,0.8043
2016-08-04 21:45:00,0.73499995
2016-08-04 21:50:00,0.7160999
2016-08-04 21:55:00,0.7161001
2016-08-04 22:00:00,0.74130005
2016-08-04 22:05:00,0.714
2016-08-04 22:10:00,0.6195001
2016-08-04 22:15:00,0.5187001
2016-08-04 22:20:00,0.4326
2016-08-04 22:25:00,0.3906
2016-08-04 22:30:00,0.43050006
2016-08-04 22:35:00,0.45360008
2016-08-04 22:40:00,0.5019
2016-08-04 22:45:00,0.59220004
2016-08-04 22:50:00,0.69089997
2016-08-04 22:55:00,0.7056001
2016-08-04 23:00:00,0.6216001
2016-08-04 23:05:00,0.5166
2016-08-04 23:10:00,0.44099998
2016-08-04 23:15:00,0.44100007
2016-08-04 23:20:00,0.45570004
2016-08-04 23:25:00,0.44519985
2016-08-04 23:30:00,0.37380007
2016-08-04 23:35:00,0.24570003
2016-08-04 23:40:00,0.147
2016-08-04 23:45:00,0.17429999
2016-08-04 23:50:00,0.15329999
2016-08-04 23:55:00,0.1449
2016-08-05 00:00:00,0.1365
2016-08-05 00:05:00,0.12810001
2016-08-05 00:10:00,0.13020003
2016-08-05 00:15:00,0.121799976
2016-08-05 00:20:00,0.081899986
2016-08-05 00:25:00,0.07139999
2016-08-05 00:30:00,0.05039999
2016-08-05 00:35:00,0.021000002
2016-08-05 00:40:00,0.021000002
2016-08-05 00:45:00,0.010500001
2016-08-05 00:50:00,0.021000002
2016-08-05 00:55:00,0.021000002
2016-08-05 01:00:00,0.021000002
2016-08-05 01:05:00,0.0315
2016-08-05 01:10:00,0.021000002
2016-08-05 01:15:00,0.010500001
2016-08-05 01:20:00,0.010500001
2016-08-05 01:25:00,0.0
2016-08-05 01:30:00,0.0
2016-08-05 01:35:00,0.0
2016-08-05 01:40:00,0.010500001
2016-08-05 01:45:00,0.010500001
2016-08-05 01:50:00,0.010500001
2016-08-05 01:55:00,0.039899997
2016-08-05 02:00:00,0.10919998
2016-08-05 02:05:00,0.22049995
2016-08-05 02:10:00,0.36119998
2016-08-05 02:15:00,0.73920006
2016-08-05 02:20:00,1.1444993
2016-08-05 02:25:00,1.6589998
2016-08-05 02:30:00,2.192401
2016-08-05 02:35:00,2.870701
2016-08-05 02:40:00,3.6057
2016-08-05 02:45:00,4.1999993
2016-08-05 02:50:00,4.7145014
2016-08-05 02:55:00,5.1639
2016-08-05 03:00:00,5.67
2016-08-05 03:05:00,6.1571984
2016-08-05 03:10:00,6.579297
2016-08-05 03:15:00,6.852297
2016-08-05 03:20:00,6.906901
2016-08-05 03:25:00,6.762002
2016-08-05 03:30:00,6.438603
2016-08-05 03:35:00,5.970301
2016-08-05 03:40:00,5.4747014
2016-08-05 03:45:00,4.9832997
2016-08-05 03:50:00,4.2966
2016-08-05 03:55:00,3.4419005
2016-08-05 04:00:00,2.8056004
2016-08-05 04:05:00,2.2616994
2016-08-05 04:10:00,2.0348995
2016-08-05 04:15:00,1.8752993
2016-08-05 04:20:00,1.8290995
2016-08-05 04:25:00,1.7240999
2016-08-05 04:30:00,1.6022996
2016-08-05 04:35:00,1.4174998
2016-08-05 04:40:00,1.2620993
2016-08-05 04:45:00,1.1213996
2016-08-05 04:50:00,0.99119955
2016-08-05 04:55:00,0.8757
2016-08-05 05:00:00,0.76650006
2016-08-05 05:05:00,0.60060006
2016-08-05 05:10:00,0.43889996
2016-08-05 05:15:00,0.28980008
2016-08-05 05:20:00,0.20159999
2016-08-05 05:25:00,0.14910002
2016-08-05 05:30:00,0.0882
2016-08-05 05:35:00,0.0525
2016-08-05 05:40:00,0.0252
2016-08-05 05:45:00,0.008400001
2016-08-05 05:50:00,0.0
2016-08-05 05:55:00,0.0
2016-08-05 06:00:00,0.0
2016-08-05 06:05:00,0.0
2016-08-05 06:10:00,0.0
2016-08-05 06:15:00,0.0
2016-08-05 06:20:00,0.0
2016-08-05 06:25:00,0.0
2016-08-05 06:30:00,0.0
2016-08-05 06:35:00,0.0
2016-08-05 06:40:00,0.0
2016-08-05 06:45:00,0.0
2016-08-05 06:50:00,0.0
2016-08-05 06:55:00,0.0
2016-08-05 07:00:00,0.0
2016-08-05 07:05:00,0.0
2016-08-05 07:10:00,0.0
2016-08-05 07:15:00,0.0
2016-08-05 07:20:00,0.0
2016-08-05 07:25:00,0.0
2016-08-05 07:30:00,0.0
2016-08-05 07:35:00,0.0
2016-08-05 07:40:00,0.0
2016-08-05 07:45:00,0.021000002
2016-08-05 07:50:00,0.08400001
2016-08-05 07:55:00,0.3570001
2016-08-05 08:00:00,1.2200994
2016-08-05 08:05:00,2.9526002
2016-08-05 08:10:00,5.1828
2016-08-05 08:15:00,7.5369005
2016-08-05 08:20:00,9.773396
2016-08-05 08:25:00,11.543702
2016-08-05 08:30:00,13.3098
2016-08-05 08:35:00,14.681096
2016-08-05 08:40:00,15.306892
2016-08-05 08:45:00,15.162
2016-08-05 08:50:00,14.727298
2016-08-05 08:55:00,14.208607
2016-08-05 09:00:00,13.889402
2016-08-05 09:05:00,14.112
2016-08-05 09:10:00,14.8848
2016-08-05 09:15:00,15.957895
2016-08-05 09:20:00,17.343906
2016-08-05 09:25:00,19.523703
2016-08-05 09:30:00,22.547693
2016-08-05 09:35:00,25.94759
2016-08-05 09:40:00,28.956917
2016-08-05 09:45:00,31.500011
2016-08-05 09:50:00,33.503403
2016-08-05 09:55:00,34.8096
2016-08-05 10:00:00,34.9041
2016-08-05 10:05:00,33.933903
2016-08-05 10:10:00,32.386204
2016-08-05 10:15:00,30.85531
2016-08-05 10:20:00,29.855713
2016-08-05 10:25:00,29.792713
2016-08-05 10:30:00,30.464699
2016-08-05 10:35:00,31.539911
2016-08-05 10:40:00,32.732708
2016-08-05 10:45:00,34.0032
2016-08-05 10:50:00,35.603405
2016-08-05 10:55:00,37.749603
2016-08-05 11:00:00,40.116306
2016-08-05 11:05:00,42.14491
2016-08-05 11:10:00,43.612816
2016-08-05 11:15:00,44.65652
2016-08-05 11:20:00,45.233994
2016-08-05 11:25:00,45.511204
2016-08-05 11:30:00,45.742207
2016-08-05 11:35:00,45.83672
2016-08-05 11:40:00,45.408295
2016-08-05 11:45:00,44.253296
2016-08-05 11:50:00,42.6804
2016-08-05 11:55:00,40.887016
2016-08-05 12:00:00,68.634285
2016-08-05 12:05:00,69.66538
2016-08-05 12:10:00,70.457085
2016-08-05 12:15:00,70.990486
2016-08-05 12:20:00,71.416794
2016-08-05 12:25:00,72.10142
2016-08-05 12:30:00,72.86576
2016-08-05 12:35:00,73.29212
2016-08-05 12:40:00,73.54622
2016-08-05 12:45:00,74.0901
2016-08-05 12:50:00,74.67601
2016-08-05 12:55:00,75.056114
2016-08-05 13:00:00,75.284996
2016-08-05 13:05:00,75.6105
2016-08-05 13:10:00,75.999016
2016-08-05 13:15:00,76.343414
2016-08-05 13:20:00,76.43789
2016-08-05 13:25:00,76.3392
2016-08-05 13:30:00,76.133415
2016-08-05 13:35:00,76.0368
2016-08-05 13:40:00,76.14811
2016-08-05 13:45:00,76.202705
2016-08-05 13:50:00,75.9696
2016-08-05 13:55:00,75.64411
2016-08-05 14:00:00,75.11282
2016-08-05 14:05:00,73.80449
2016-08-05 14:10:00,71.09131
2016-08-05 14:15:00,66.84298
2016-08-05 14:20:00,61.93112
2016-08-05 14:25:00,57.73739
2016-08-05 14:30:00,54.746994
2016-08-05 14:35:00,52.754105
2016-08-05 14:40:00,51.12027
2016-08-05 14:45:00,49.65239
2016-08-05 14:50:00,48.21178
2016-08-05 14:55:00,47.153397
2016-08-05 15:00:00,46.265114
2016-08-05 15:05:00,45.063885
2016-08-05 15:10:00,43.946693
2016-08-05 15:15:00,43.36498
2016-08-05 15:20:00,42.9051
2016-08-05 15:25:00,42.109207
2016-08-05 15:30:00,41.0655
2016-08-05 15:35:00,40.1415
2016-08-05 15:40:00,39.293102
2016-08-05 15:45:00,38.262016
2016-08-05 15:50:00,37.157417
2016-08-05 15:55:00,36.48751
2016-08-05 16:00:00,36.380413
2016-08-05 16:05:00,35.960415
2016-08-05 16:10:00,35.31781
2016-08-05 16:15:00,35.1225
2016-08-05 16:20:00,34.996506
2016-08-05 16:25:00,34.530308
2016-08-05 16:30:00,33.8016
2016-08-05 16:35:00,33.024605
2016-08-05 16:40:00,32.354706
2016-08-05 16:45:00,31.94731
2016-08-05 16:50:00,31.552511
2016-08-05 16:55:00,31.161911
2016-08-05 17:00:00,31.18921
2016-08-05 17:05:00,31.594507
2016-08-05 17:10:00,32.134197
2016-08-05 17:15:00,32.522705
2016-08-05 17:20:00,32.529
2016-08-05 17:25:00,32.2476
2016-08-05 17:30:00,31.852804
2016-08-05 17:35:00,31.854904
2016-08-05 17:40:00,32.211903
2016-08-05 17:45:00,32.54791
2016-08-05 17:50:00,32.60461
2016-08-05 17:55:00,32.47231
2016-08-05 18:00:00,32.09851
2016-08-05 18:05:00,31.672213
2016-08-05 18:10:00,31.323612
2016-08-05 18:15:00,30.878414
2016-08-05 18:20:00,30.338718
2016-08-05 18:25:00,29.767502
2016-08-05 18:30:00,29.303387
2016-08-05 18:35:00,28.671282
2016-08-05 18:40:00,28.21979
2016-08-05 18:45:00,28.341589
2016-08-05 18:50:00,28.908587
2016-08-05 18:55:00,29.589003
2016-08-05 19:00:00,30.361818
2016-08-05 19:05:00,31.279514
2016-08-05 19:10:00,32.30851
2016-08-05 19:15:00,33.417305
2016-08-05 19:20:00,34.6605
2016-08-05 19:25:00,35.74409
2016-08-05 19:30:00,36.8928
2016-08-05 19:35:00,38.18432
2016-08-05 19:40:00,39.559822
2016-08-05 19:45:00,41.145306
2016-08-05 19:50:00,42.867306
2016-08-05 19:55:00,44.826603
2016-08-05 20:00:00,47.648987
2016-08-05 20:05:00,50.807392
2016-08-05 20:10:00,53.222385
2016-08-05 20:15:00,55.146
2016-08-05 20:20:00,57.031773
2016-08-05 20:25:00,58.713894
2016-08-05 20:30:00,60.427505
2016-08-05 20:35:00,62.792107
2016-08-05 20:40:00,65.40661
2016-08-05 20:45:00,67.21679
2016-08-05 20:50:00,68.0631
2016-08-05 20:55:00,68.672104
2016-08-05 21:00:00,69.4386
2016-08-05 21:05:00,70.22189
2016-08-05 21:10:00,70.9149
2016-08-05 21:15:00,71.55328
2016-08-05 21:20:00,72.040504
2016-08-05 21:25:00,72.496185
2016-08-05 21:30:00,73.241684
2016-08-05 21:35:00,74.249695
2016-08-05 21:40:00,75.37739
2016-08-05 21:45:00,76.326645
2016-08-05 21:50:00,77.34508
2016-08-05 21:55:00,78.29015
2016-08-05 22:00:00,79.237236
2016-08-05 22:05:00,80.12343
2016-08-05 22:10:00,81.001236
2016-08-05 22:15:00,81.75092
2016-08-05 22:20:00,82.290634
2016-08-05 22:25:00,82.75264
2016-08-05 22:30:00,83.11593
2016-08-05 22:35:00,83.409935
2016-08-05 22:40:00,83.601036
2016-08-05 22:45:00,83.74804
2016-08-05 22:50:00,83.88033
2016-08-05 22:55:00,83.89504
2016-08-05 23:00:00,83.89504
2016-08-05 23:05:00,83.89504
2016-08-05 23:10:00,83.89504
2016-08-05 23:15:00,83.89504
2016-08-05 23:20:00,83.89504
2016-08-05 23:25:00,83.89504
2016-08-05 23:30:00,83.89504
2016-08-05 23:35:00,83.89504
2016-08-05 23:40:00,83.89504
2016-08-05 23:45:00,83.89504
2016-08-05 23:50:00,83.89504
2016-08-05 23:55:00,83.89504
2016-08-06 00:00:00,83.89504
2016-08-06 00:05:00,83.89504
2016-08-06 00:10:00,83.89504
2016-08-06 00:15:00,83.89504
2016-08-06 00:20:00,83.89504
2016-08-06 00:25:00,83.89504
2016-08-06 00:30:00,83.89504
2016-08-06 00:35:00,83.89504
2016-08-06 00:40:00,83.89504
2016-08-06 00:45:00,83.89504
2016-08-06 00:50:00,83.89504
2016-08-06 00:55:00,83.89504
2016-08-06 01:00:00,83.89504
2016-08-06 01:05:00,83.89504
2016-08-06 01:10:00,83.89504
2016-08-06 01:15:00,83.89504
2016-08-06 01:20:00,83.89504
2016-08-06 01:25:00,83.89504
2016-08-06 01:30:00,83.89504
2016-08-06 01:35:00,83.89504
2016-08-06 01:40:00,83.89504
2016-08-06 01:45:00,83.89504
2016-08-06 01:50:00,83.89504
2016-08-06 01:55:00,83.89504
2016-08-06 02:00:00,83.89504
2016-08-06 02:05:00,83.89504
2016-08-06 02:10:00,83.89504
2016-08-06 02:15:00,83.89504
2016-08-06 02:20:00,83.89504
2016-08-06 02:25:00,83.89504
2016-08-06 02:30:00,83.89504
2016-08-06 02:35:00,83.89504
2016-08-06 02:40:00,83.89504
2016-08-06 02:45:00,83.89504
2016-08-06 02:50:00,83.89504
2016-08-06 02:55:00,83.89504
2016-08-06 03:00:00,83.89504
2016-08-06 03:05:00,83.89504
2016-08-06 03:10:00,83.89504
2016-08-06 03:15:00,83.89504
2016-08-06 03:20:00,83.89504
2016-08-06 03:25:00,83.89504
2016-08-06 03:30:00,83.89504
2016-08-06 03:35:00,83.89504
2016-08-06 03:40:00,83.89504
2016-08-06 03:45:00,83.89504
2016-08-06 03:50:00,83.89504
2016-08-06 03:55:00,83.89504
2016-08-06 04:00:00,83.89504
2016-08-06 04:05:00,83.89504
2016-08-06 04:10:00,83.89504
2016-08-06 04:15:00,83.89504
2016-08-06 04:20:00,83.89504
2016-08-06 04:25:00,83.89504
2016-08-06 04:30:00,83.89504
2016-08-06 04:35:00,83.89504
2016-08-06 04:40:00,83.89504
2016-08-06 04:45:00,83.89504
2016-08-06 04:50:00,83.89504
2016-08-06 04:55:00,83.89504
2016-08-06 05:00:00,83.89504
2016-08-06 05:05:00,83.89504
2016-08-06 05:10:00,83.89504
2016-08-06 05:15:00,83.89504
2016-08-06 05:20:00,83.89504
2016-08-06 05:25:00,83.89504
2016-08-06 05:30:00,83.89504
2016-08-06 05:35:00,83.89504
2016-08-06 05:40:00,83.89504
2016-08-06 05:45:00,83.89504
2016-08-06 05:50:00,83.89504
2016-08-06 05:55:00,83.89504
2016-08-06 06:00:00,83.89504
2016-08-06 06:05:00,83.89504
2016-08-06 06:10:00,83.89504
2016-08-06 06:15:00,83.89504
2016-08-06 06:20:00,83.89504
2016-08-06 06:25:00,83.89504
2016-08-06 06:30:00,83.89504
2016-08-06 06:35:00,83.89504
2016-08-06 06:40:00,83.89504
2016-08-06 06:45:00,83.89504
2016-08-06 06:50:00,83.89504
2016-08-06 06:55:00,83.89504
2016-08-06 07:00:00,83.89504
2016-08-06 07:05:00,83.89504
2016-08-06 07:10:00,83.89504
2016-08-06 07:15:00,83.89504
2016-08-06 07:20:00,83.89504
2016-08-06 07:25:00,83.89504
2016-08-06 07:30:00,83.89504
2016-08-06 07:35:00,83.89504
2016-08-06 07:40:00,83.89504
2016-08-06 07:45:00,83.89504
2016-08-06 07:50:00,83.89504
2016-08-06 07:55:00,83.89504
2016-08-06 08:00:00,83.89504
2016-08-06 08:05:00,83.89504
2016-08-06 08:10:00,83.89504
2016-08-06 08:15:00,83.89504
2016-08-06 08:20:00,83.89504
2016-08-06 08:25:00,83.89504
2016-08-06 08:30:00,83.89504
2016-08-06 08:35:00,83.89504
2016-08-06 08:40:00,83.89504
2016-08-06 08:45:00,83.89504
2016-08-06 08:50:00,83.89504
2016-08-06 08:55:00,83.89504
2016-08-06 09:00:00,83.89504
2016-08-06 09:05:00,83.89504
2016-08-06 09:10:00,83.89504
2016-08-06 09:15:00,83.89504
2016-08-06 09:20:00,83.89504
2016-08-06 09:25:00,83.89504
2016-08-06 09:30:00,83.89504
2016-08-06 09:35:00,83.89504
2016-08-06 09:40:00,83.89504
2016-08-06 09:45:00,83.89504
2016-08-06 09:50:00,83.89504
2016-08-06 09:55:00,83.89504
2016-08-06 10:00:00,83.89504
2016-08-06 10:05:00,83.89504
2016-08-06 10:10:00,83.89504
2016-08-06 10:15:00,83.89504
2016-08-06 10:20:00,83.83833
2016-08-06 10:25:00,83.10122
2016-08-06 10:30:00,82.779884
2016-08-06 10:35:00,82.779884
2016-08-06 10:40:00,82.779884
2016-08-06 10:45:00,82.45862
2016-08-06 10:50:00,82.023895
2016-08-06 10:55:00,82.156204
2016-08-06 11:00:00,83.10123
2016-08-06 11:05:00,83.78162
2016-08-06 11:10:00,83.857216
2016-08-06 11:15:00,83.46033
2016-08-06 11:20:00,82.5909
2016-08-06 11:25:00,81.30572
2016-08-06 11:30:00,79.47239
2016-08-06 11:35:00,77.5908
2016-08-06 11:40:00,75.92758
2016-08-06 11:45:00,75.09181
2016-08-06 11:50:00,74.77472
2016-08-06 11:55:00,73.95991
2016-08-06 12:00:00,72.58438
2016-08-06 12:05:00,83.89504
2016-08-06 12:10:00,83.89504
2016-08-06 12:15:00,83.89504
2016-08-06 12:20:00,83.79215
2016-08-06 12:25:00,83.13064
2016-08-06 12:30:00,82.572044
2016-08-06 12:35:00,81.881134
2016-08-06 12:40:00,81.11673
2016-08-06 12:45:00,79.97013
2016-08-06 12:50:00,78.67654
2016-08-06 12:55:00,77.20652
2016-08-06 13:00:00,75.82474
2016-08-06 13:05:00,74.692825
2016-08-06 13:10:00,73.340416
2016-08-06 13:15:00,71.893524
2016-08-06 13:20:00,70.641914
2016-08-06 13:25:00,70.12952
2016-08-06 13:30:00,69.80401
2016-08-06 13:35:00,69.37142
2016-08-06 13:40:00,68.959816
2016-08-06 13:45:00,68.71622
2016-08-06 13:50:00,68.6763
2016-08-06 13:55:00,68.483086
2016-08-06 14:00:00,67.58639
2016-08-06 14:05:00,66.032394
2016-08-06 14:10:00,63.98278
2016-08-06 14:15:00,61.00079
2016-08-06 14:20:00,57.16621
2016-08-06 14:25:00,53.186687
2016-08-06 14:30:00,49.860294
2016-08-06 14:35:00,47.886284
2016-08-06 14:40:00,47.468395
2016-08-06 14:45:00,48.19499
2016-08-06 14:50:00,49.520115
2016-08-06 14:55:00,50.381096
2016-08-06 15:00:00,50.10598
2016-08-06 15:05:00,49.0791
2016-08-06 15:10:00,47.7876
2016-08-06 15:15:00,46.61372
2016-08-06 15:20:00,46.090794
2016-08-06 15:25:00,46.769093
2016-08-06 15:30:00,47.91778
2016-08-06 15:35:00,49.037113
2016-08-06 15:40:00,49.980022
2016-08-06 15:45:00,50.914513
2016-08-06 15:50:00,51.893085
2016-08-06 15:55:00,53.0187
2016-08-06 16:00:00,54.106495
2016-08-06 16:05:00,55.166992
2016-08-06 16:10:00,56.229572
2016-08-06 16:15:00,57.665997
2016-08-06 16:20:00,59.329185
2016-08-06 16:25:00,60.990307
2016-08-06 16:30:00,62.493877
2016-08-06 16:35:00,63.564896
2016-08-06 16:40:00,64.36079
2016-08-06 16:45:00,64.736694
2016-08-06 16:50:00,64.4931
2016-08-06 16:55:00,63.537605
2016-08-06 17:00:00,62.013035
2016-08-06 17:05:00,60.15659
2016-08-06 17:10:00,58.253994
2016-08-06 17:15:00,56.259003
2016-08-06 17:20:00,54.211483
2016-08-06 17:25:00,52.170288
2016-08-06 17:30:00,50.26352
2016-08-06 17:35:00,48.446987
2016-08-06 17:40:00,46.72292
2016-08-06 17:45:00,45.395687
2016-08-06 17:50:00,44.637577
2016-08-06 17:55:00,44.465405
2016-08-06 18:00:00,44.805607
2016-08-06 18:05:00,45.198288
2016-08-06 18:10:00,45.240307
2016-08-06 18:15:00,44.68169
2016-08-06 18:20:00,43.766087
2016-08-06 18:25:00,42.835785
2016-08-06 18:30:00,41.96008
2016-08-06 18:35:00,41.04868
2016-08-06 18:40:00,40.273804
2016-08-06 18:45:00,39.534588
2016-08-06 18:50:00,38.984398
2016-08-06 18:55:00,38.669395
2016-08-06 19:00:00,38.514008
2016-08-06 19:05:00,38.4573
2016-08-06 19:10:00,38.581207
2016-08-06 19:15:00,38.589603
2016-08-06 19:20:00,38.67361
2016-08-06 19:25:00,38.87939
2016-08-06 19:30:00,38.9928
2016-08-06 19:35:00,39.055805
2016-08-06 19:40:00,39.154488
2016-08-06 19:45:00,39.185993
2016-08-06 19:50:00,39.25529
2016-08-06 19:55:00,39.290997
2016-08-06 20:00:00,39.249004
2016-08-06 20:05:00,39.07891
2016-08-06 20:10:00,39.03481
2016-08-06 20:15:00,39.330906
2016-08-06 20:20:00,39.965084
2016-08-06 20:25:00,40.878582
2016-08-06 20:30:00,42.010498
2016-08-06 20:35:00,43.38598
2016-08-06 20:40:00,44.843384
2016-08-06 20:45:00,46.31549
2016-08-06 20:50:00,47.93043
2016-08-06 20:55:00,49.5642
2016-08-06 21:00:00,51.044712
2016-08-06 21:05:00,52.464325
2016-08-06 21:10:00,53.640312
2016-08-06 21:15:00,54.86461
2016-08-06 21:20:00,55.906185
2016-08-06 21:25:00,56.832294
2016-08-06 21:30:00,57.57358
2016-08-06 21:35:00,58.254005
2016-08-06 21:40:00,58.881893
2016-08-06 21:45:00,59.419483
2016-08-06 21:50:00,59.7765
2016-08-06 21:55:00,60.16077
2016-08-06 22:00:00,60.34977
2016-08-06 22:05:00,60.240578
2016-08-06 22:10:00,60.127186
2016-08-06 22:15:00,59.986473
2016-08-06 22:20:00,59.929783
2016-08-06 22:25:00,59.587482
2016-08-06 22:30:00,59.150707
2016-08-06 22:35:00,59.012074
2016-08-06 22:40:00,59.100285
2016-08-06 22:45:00,59.385906
2016-08-06 22:50:00,59.747097
2016-08-06 22:55:00,60.316196
2016-08-06 23:00:00,60.849613
2016-08-06 23:05:00,61.3116
2016-08-06 23:10:00,61.4922
2016-08-06 23:15:00,61.616108
2016-08-06 23:20:00,61.689598
2016-08-06 23:25:00,61.94368
2016-08-06 23:30:00,62.372116
2016-08-06 23:35:00,62.83831
2016-08-06 23:40:00,63.667812
2016-08-06 23:45:00,64.53301
2016-08-06 23:50:00,65.42761
2016-08-06 23:55:00,66.2361
2016-08-07 00:00:00,66.9375
2016-08-07 00:05:00,67.61579
2016-08-07 00:10:00,68.3676
2016-08-07 00:15:00,69.587685
2016-08-07 00:20:00,70.8267
2016-08-07 00:25:00,72.1749
2016-08-07 00:30:00,73.34881
2016-08-07 00:35:00,74.34629
2016-08-07 00:40:00,75.03511
2016-08-07 00:45:00,75.80369
2016-08-07 00:50:00,76.71931
2016-08-07 00:55:00,77.69372
2016-08-07 01:00:00,78.504326
2016-08-07 01:05:00,79.35269
2016-08-07 01:10:00,80.07305
2016-08-07 01:15:00,80.78073
2016-08-07 01:20:00,81.568214
2016-08-07 01:25:00,82.154144
2016-08-07 01:30:00,82.45654
2016-08-07 01:35:00,82.66652
2016-08-07 01:40:00,82.87024
2016-08-07 01:45:00,82.98994
2016-08-07 01:50:00,83.105415
2016-08-07 01:55:00,83.271324
2016-08-07 02:00:00,83.496025
2016-08-07 02:05:00,83.74596
2016-08-07 02:10:00,83.87404
2016-08-07 02:15:00,83.89504
2016-08-07 02:20:00,83.89504
2016-08-07 02:25:00,83.89504
2016-08-07 02:30:00,83.89504
2016-08-07 02:35:00,83.89504
2016-08-07 02:40:00,83.89504
2016-08-07 02:45:00,83.89504
2016-08-07 02:50:00,83.89504
2016-08-07 02:55:00,83.89504
2016-08-07 03:00:00,83.89504
2016-08-07 03:05:00,83.89504
2016-08-07 03:10:00,83.89504
2016-08-07 03:15:00,83.89504
2016-08-07 03:20:00,83.89504
2016-08-07 03:25:00,83.89504
2016-08-07 03:30:00,83.89504
2016-08-07 03:35:00,83.89504
2016-08-07 03:40:00,83.89504
2016-08-07 03:45:00,83.89504
2016-08-07 03:50:00,83.89504
2016-08-07 03:55:00,83.89504
2016-08-07 04:00:00,83.89504
2016-08-07 04:05:00,83.89504
2016-08-07 04:10:00,83.89504
2016-08-07 04:15:00,83.89504
2016-08-07 04:20:00,83.89504
2016-08-07 04:25:00,83.89504
2016-08-07 04:30:00,83.89504
2016-08-07 04:35:00,83.89504
2016-08-07 04:40:00,83.89504
2016-08-07 04:45:00,83.89504
2016-08-07 04:50:00,83.89504
2016-08-07 04:55:00,83.89504
2016-08-07 05:00:00,83.89504
2016-08-07 05:05:00,83.89504
2016-08-07 05:10:00,83.89504
2016-08-07 05:15:00,83.89504
2016-08-07 05:20:00,83.89504
2016-08-07 05:25:00,83.89504
2016-08-07 05:30:00,83.89504
2016-08-07 05:35:00,83.89504
2016-08-07 05:40:00,83.89504
2016-08-07 05:45:00,83.89504
2016-08-07 05:50:00,83.89504
2016-08-07 05:55:00,83.89504
2016-08-07 06:00:00,83.89504
2016-08-07 06:05:00,83.89504
2016-08-07 06:10:00,83.89504
2016-08-07 06:15:00,83.89504
2016-08-07 06:20:00,83.89504
2016-08-07 06:25:00,83.89504
2016-08-07 06:30:00,83.89504
2016-08-07 06:35:00,83.89504
2016-08-07 06:40:00,83.89504
2016-08-07 06:45:00,83.89504
2016-08-07 06:50:00,83.89504
2016-08-07 06:55:00,83.89504
2016-08-07 07:00:00,83.89504
2016-08-07 07:05:00,83.89504
2016-08-07 07:10:00,83.89504
2016-08-07 07:15:00,83.89504
2016-08-07 07:20:00,83.89504
2016-08-07 07:25:00,83.89504
2016-08-07 07:30:00,83.89504
2016-08-07 07:35:00,83.89504
2016-08-07 07:40:00,83.89504
2016-08-07 07:45:00,83.89504
2016-08-07 07:50:00,83.89504
2016-08-07 07:55:00,83.89504
2016-08-07 08:00:00,83.89504
2016-08-07 08:05:00,83.89504
2016-08-07 08:10:00,83.89504
2016-08-07 08:15:00,83.89504
2016-08-07 08:20:00,83.89504
2016-08-07 08:25:00,83.89504
2016-08-07 08:30:00,83.89504
2016-08-07 08:35:00,83.89504
2016-08-07 08:40:00,83.89504
2016-08-07 08:45:00,83.89504
2016-08-07 08:50:00,83.89504
2016-08-07 08:55:00,83.89504
2016-08-07 09:00:00,83.89504
2016-08-07 09:05:00,83.89504
2016-08-07 09:10:00,83.89504
2016-08-07 09:15:00,83.89504
2016-08-07 09:20:00,83.87611
2016-08-07 09:25:00,83.85722
2016-08-07 09:30:00,83.87611
2016-08-07 09:35:00,83.89504
2016-08-07 09:40:00,83.89504
2016-08-07 09:45:00,83.89504
2016-08-07 09:50:00,83.74384
2016-08-07 09:55:00,83.252426
2016-08-07 10:00:00,82.81771
2016-08-07 10:05:00,82.57203
2016-08-07 10:10:00,82.183525
2016-08-07 10:15:00,81.435875
2016-08-07 10:20:00,80.12127
2016-08-07 10:25:00,77.83231
2016-08-07 10:30:00,75.757515
2016-08-07 10:35:00,74.774704
2016-08-07 10:40:00,73.95781
2016-08-07 10:45:00,73.390816
2016-08-07 10:50:00,73.5714
2016-08-07 10:55:00,74.5017
2016-08-07 11:00:00,76.32244
2016-08-07 11:05:00,78.680725
2016-08-07 11:10:00,80.19901
2016-08-07 11:15:00,81.14192
2016-08-07 11:20:00,81.526215
2016-08-07 11:25:00,81.38761
2016-08-07 11:30:00,81.20282
2016-08-07 11:35:00,81.20487
2016-08-07 11:40:00,81.47789
2016-08-07 11:45:00,81.91473
2016-08-07 11:50:00,82.252815
2016-08-07 11:55:00,82.41242
2016-08-07 12:00:00,81.53042
2016-08-07 12:05:00,81.89997
2016-08-07 12:10:00,82.47333
2016-08-07 12:15:00,82.702225
2016-08-07 12:20:00,82.80721
2016-08-07 12:25:00,82.87443
2016-08-07 12:30:00,82.92062
2016-08-07 12:35:00,83.03401
2016-08-07 12:40:00,83.11801
2016-08-07 12:45:00,83.16421
2016-08-07 12:50:00,83.16002
2016-08-07 12:55:00,83.22091
2016-08-07 13:00:00,83.38051
2016-08-07 13:05:00,83.29651
2016-08-07 13:10:00,82.89541
2016-08-07 13:15:00,82.53002
2016-08-07 13:20:00,82.24651
2016-08-07 13:25:00,81.82231
2016-08-07 13:30:00,81.29312
2016-08-07 13:35:00,80.711426
2016-08-07 13:40:00,79.92603
2016-08-07 13:45:00,79.01253
2016-08-07 13:50:00,78.38252
2016-08-07 13:55:00,78.39299
2016-08-07 14:00:00,78.16201
2016-08-07 14:05:00,77.49213
2016-08-07 14:10:00,76.904076
2016-08-07 14:15:00,76.9902
2016-08-07 14:20:00,77.69999
2016-08-07 14:25:00,79.434616
2016-08-07 14:30:00,81.24897
2016-08-07 14:35:00,82.60977
2016-08-07 14:40:00,83.13901
2016-08-07 14:45:00,82.6854
2016-08-07 14:50:00,82.156166
2016-08-07 14:55:00,82.40187
2016-08-07 15:00:00,82.74207
2016-08-07 15:05:00,82.5342
2016-08-07 15:10:00,81.64589
2016-08-07 15:15:00,80.171684
2016-08-07 15:20:00,77.884796
2016-08-07 15:25:00,75.6924
2016-08-07 15:30:00,74.32318
2016-08-07 15:35:00,72.68099
2016-08-07 15:40:00,70.725914
2016-08-07 15:45:00,69.39241
2016-08-07 15:50:00,68.37601
2016-08-07 15:55:00,67.330215
2016-08-07 16:00:00,67.47299
2016-08-07 16:05:00,67.86991
2016-08-07 16:10:00,67.1475
2016-08-07 16:15:00,66.57209
2016-08-07 16:20:00,66.756905
2016-08-07 16:25:00,66.61408
2016-08-07 16:30:00,66.18991
2016-08-07 16:35:00,66.60991
2016-08-07 16:40:00,67.09503
2016-08-07 16:45:00,66.866104
2016-08-07 16:50:00,66.9963
2016-08-07 16:55:00,67.48561
2016-08-07 17:00:00,67.2651
2016-08-07 17:05:00,66.79892
2016-08-07 17:10:00,67.07611
2016-08-07 17:15:00,67.45202
2016-08-07 17:20:00,67.4121
2016-08-07 17:25:00,67.1118
2016-08-07 17:30:00,66.60572
2016-08-07 17:35:00,65.92532
2016-08-07 17:40:00,64.75561
2016-08-07 17:45:00,63.352833
2016-08-07 17:50:00,62.52539
2016-08-07 17:55:00,62.384697
2016-08-07 18:00:00,62.088604
2016-08-07 18:05:00,61.395576
2016-08-07 18:10:00,61.01758
2016-08-07 18:15:00,61.026012
2016-08-07 18:20:00,61.36201
2016-08-07 18:25:00,61.16252
2016-08-07 18:30:00,60.65011
2016-08-07 18:35:00,60.618587
2016-08-07 18:40:00,61.47748
2016-08-07 18:45:00,62.985313
2016-08-07 18:50:00,64.551895
2016-08-07 18:55:00,65.55152
2016-08-07 19:00:00,66.307465
2016-08-07 19:05:00,66.97107
2016-08-07 19:10:00,68.00432
2016-08-07 19:15:00,69.167694
2016-08-07 19:20:00,70.070694
2016-08-07 19:25:00,70.72172
2016-08-07 19:30:00,71.4546
2016-08-07 19:35:00,72.23372
2016-08-07 19:40:00,72.74189
2016-08-07 19:45:00,73.31521
2016-08-07 19:50:00,74.054405
2016-08-07 19:55:00,75.1611
2016-08-07 20:00:00,76.41268
2016-08-07 20:05:00,77.6769
2016-08-07 20:10:00,78.756325
2016-08-07 20:15:00,79.78949
2016-08-07 20:20:00,80.67359
2016-08-07 20:25:00,81.58501
2016-08-07 20:30:00,82.2255
2016-08-07 20:35:00,82.523705
2016-08-07 20:40:00,82.75471
2016-08-07 20:45:00,82.99828
2016-08-07 20:50:00,82.981544
2016-08-07 20:55:00,83.010925
2016-08-07 21:00:00,83.204124
2016-08-07 21:05:00,83.49184
2016-08-07 21:10:00,83.718636
2016-08-07 21:15:00,83.86564
2016-08-07 21:20:00,83.89504
2016-08-07 21:25:00,83.89504
2016-08-07 21:30:00,83.89504
2016-08-07 21:35:00,83.89504
2016-08-07 21:40:00,83.85094
2016-08-07 21:45:00,83.68924
2016-08-07 21:50:00,83.61575
2016-08-07 21:55:00,83.64515
2016-08-07 22:00:00,83.85094
2016-08-07 22:05:00,83.89504
2016-08-07 22:10:00,83.89504
2016-08-07 22:15:00,83.89504
2016-08-07 22:20:00,83.89504
2016-08-07 22:25:00,83.89504
2016-08-07 22:30:00,83.89504
2016-08-07 22:35:00,83.89504
2016-08-07 22:40:00,83.89504
2016-08-07 22:45:00,83.89504
2016-08-07 22:50:00,83.89504
2016-08-07 22:55:00,83.89504
2016-08-07 23:00:00,83.89504
2016-08-07 23:05:00,83.89504
2016-08-07 23:10:00,83.89504
2016-08-07 23:15:00,83.89504
2016-08-07 23:20:00,83.89504
2016-08-07 23:25:00,83.89504
2016-08-07 23:30:00,83.89504
2016-08-07 23:35:00,83.89504
2016-08-07 23:40:00,83.89504
2016-08-07 23:45:00,83.89504
2016-08-07 23:50:00,83.89504
2016-08-07 23:55:00,83.89504
2016-08-08 00:00:00,83.89504
2016-08-08 00:05:00,83.89504
2016-08-08 00:10:00,83.89504
2016-08-08 00:15:00,83.89504
2016-08-08 00:20:00,83.89504
2016-08-08 00:25:00,83.89504
2016-08-08 00:30:00,83.89504
2016-08-08 00:35:00,83.89504
2016-08-08 00:40:00,83.89504
2016-08-08 00:45:00,83.89504
2016-08-08 00:50:00,83.89504
2016-08-08 00:55:00,83.89504
2016-08-08 01:00:00,83.89504
2016-08-08 01:05:00,83.89504
2016-08-08 01:10:00,83.89504
2016-08-08 01:15:00,83.89504
2016-08-08 01:20:00,83.89504
2016-08-08 01:25:00,83.89504
2016-08-08 01:30:00,83.89504
2016-08-08 01:35:00,83.89504
2016-08-08 01:40:00,83.89504
2016-08-08 01:45:00,83.89504
2016-08-08 01:50:00,83.89504
2016-08-08 01:55:00,83.89504
2016-08-08 02:00:00,83.89504
2016-08-08 02:05:00,83.89504
2016-08-08 02:10:00,83.89504
2016-08-08 02:15:00,83.89504
2016-08-08 02:20:00,83.89504
2016-08-08 02:25:00,83.89504
2016-08-08 02:30:00,83.89504
2016-08-08 02:35:00,83.89504
2016-08-08 02:40:00,83.89504
2016-08-08 02:45:00,83.89504
2016-08-08 02:50:00,83.89504
2016-08-08 02:55:00,83.89504
2016-08-08 03:00:00,83.89504
2016-08-08 03:05:00,83.89504
2016-08-08 03:10:00,83.89504
2016-08-08 03:15:00,83.89504
2016-08-08 03:20:00,83.89504
2016-08-08 03:25:00,83.89504
2016-08-08 03:30:00,83.89504
2016-08-08 03:35:00,83.89504
2016-08-08 03:40:00,83.89504
2016-08-08 03:45:00,83.89504
2016-08-08 03:50:00,83.89504
2016-08-08 03:55:00,83.89504
2016-08-08 04:00:00,83.89504
2016-08-08 04:05:00,83.89504
2016-08-08 04:10:00,83.89504
2016-08-08 04:15:00,83.89504
2016-08-08 04:20:00,83.89504
2016-08-08 04:25:00,83.89504
2016-08-08 04:30:00,83.89504
2016-08-08 04:35:00,83.89504
2016-08-08 04:40:00,83.89504
2016-08-08 04:45:00,83.89504
2016-08-08 04:50:00,83.89504
2016-08-08 04:55:00,83.821556
2016-08-08 05:00:00,83.645134
2016-08-08 05:05:00,83.65984
2016-08-08 05:10:00,83.65984
2016-08-08 05:15:00,83.51284
2016-08-08 05:20:00,83.086525
2016-08-08 05:25:00,81.75723
2016-08-08 05:30:00,77.73567
2016-08-08 05:35:00,72.71461
2016-08-08 05:40:00,67.5276
2016-08-08 05:45:00,63.151215
2016-08-08 05:50:00,60.717293
2016-08-08 05:55:00,60.011723
2016-08-08 06:00:00,60.48421
2016-08-08 06:05:00,62.344814
2016-08-08 06:10:00,65.69642
2016-08-08 06:15:00,68.26682
2016-08-08 06:20:00,69.7683
2016-08-08 06:25:00,70.44658
2016-08-08 06:30:00,71.37058
2016-08-08 06:35:00,72.109795
2016-08-08 06:40:00,72.544495
2016-08-08 06:45:00,73.41807
2016-08-08 06:50:00,74.40299
2016-08-08 06:55:00,74.751595
2016-08-08 07:00:00,74.41139
2016-08-08 07:05:00,73.882195
2016-08-08 07:10:00,73.42857
2016-08-08 07:15:00,73.05899
2016-08-08 07:20:00,72.84692
2016-08-08 07:25:00,73.449615
2016-08-08 07:30:00,74.1174
2016-08-08 07:35:00,74.07332
2016-08-08 07:40:00,73.512634
2016-08-08 07:45:00,72.576
2016-08-08 07:50:00,71.22359
2016-08-08 07:55:00,69.57511
2016-08-08 08:00:00,67.39741
2016-08-08 08:05:00,65.57879
2016-08-08 08:10:00,63.6636
2016-08-08 08:15:00,62.65561
2016-08-08 08:20:00,62.323803
2016-08-08 08:25:00,62.563194
2016-08-08 08:30:00,62.178905
2016-08-08 08:35:00,61.14991
2016-08-08 08:40:00,60.56189
2016-08-08 08:45:00,60.461098
2016-08-08 08:50:00,61.076424
2016-08-08 08:55:00,62.466576
2016-08-08 09:00:00,64.74932
2016-08-08 09:05:00,67.65361
2016-08-08 09:10:00,70.028694
2016-08-08 09:15:00,71.75493
2016-08-08 09:20:00,72.22321
2016-08-08 09:25:00,71.21939
2016-08-08 09:30:00,69.8607
2016-08-08 09:35:00,68.97031
2016-08-08 09:40:00,68.89049
2016-08-08 09:45:00,69.108894
2016-08-08 09:50:00,68.653206
2016-08-08 09:55:00,67.7061
2016-08-08 10:00:00,67.53181
2016-08-08 10:05:00,68.20381
2016-08-08 10:10:00,69.21808
2016-08-08 10:15:00,69.4176
2016-08-08 10:20:00,69.08579
2016-08-08 10:25:00,69.5982
2016-08-08 10:30:00,70.4739
2016-08-08 10:35:00,71.141685
2016-08-08 10:40:00,71.69609
2016-08-08 10:45:00,72.21902
2016-08-08 10:50:00,72.98972
2016-08-08 10:55:00,74.03968
2016-08-08 11:00:00,75.15479
2016-08-08 11:05:00,75.59371
2016-08-08 11:10:00,75.5328
2016-08-08 11:15:00,75.83102
2016-08-08 11:20:00,75.354324
2016-08-08 11:25:00,71.86198
2016-08-08 11:30:00,64.89003
2016-08-08 11:35:00,59.62529
2016-08-08 11:40:00,58.272907
2016-08-08 11:45:00,59.001575
2016-08-08 11:50:00,58.5459
2016-08-08 11:55:00,57.130512
2016-08-08 12:00:00,60.790787
2016-08-08 12:05:00,59.623226
2016-08-08 12:10:00,58.33377
2016-08-08 12:15:00,57.279583
2016-08-08 12:20:00,57.1557
2016-08-08 12:25:00,57.033905
2016-08-08 12:30:00,56.9058
2016-08-08 12:35:00,56.416477
2016-08-08 12:40:00,54.329113
2016-08-08 12:45:00,52.53991
2016-08-08 12:50:00,51.90359
2016-08-08 12:55:00,51.510914
2016-08-08 13:00:00,50.624706
2016-08-08 13:05:00,49.299603
2016-08-08 13:10:00,48.388184
2016-08-08 13:15:00,47.90521
2016-08-08 13:20:00,48.029102
2016-08-08 13:25:00,48.153008
2016-08-08 13:30:00,47.21641
2016-08-08 13:35:00,45.872414
2016-08-08 13:40:00,45.013515
2016-08-08 13:45:00,43.692616
2016-08-08 13:50:00,41.439266
2016-08-08 13:55:00,38.908787
2016-08-08 14:00:00,36.2187
2016-08-08 14:05:00,33.31651
2016-08-08 14:10:00,30.57391
2016-08-08 14:15:00,27.967798
2016-08-08 14:20:00,25.657787
2016-08-08 14:25:00,23.440186
2016-08-08 14:30:00,21.856789
2016-08-08 14:35:00,21.09239
2016-08-08 14:40:00,20.592607
2016-08-08 14:45:00,20.531706
2016-08-08 14:50:00,21.495605
2016-08-08 14:55:00,22.871103
2016-08-08 15:00:00,24.0555
2016-08-08 15:05:00,25.2651
2016-08-08 15:10:00,26.48101
2016-08-08 15:15:00,28.24081
2016-08-08 15:20:00,29.843103
2016-08-08 15:25:00,31.130398
2016-08-08 15:30:00,32.648697
2016-08-08 15:35:00,34.635292
2016-08-08 15:40:00,36.53998
2016-08-08 15:45:00,38.293495
2016-08-08 15:50:00,40.091084
2016-08-08 15:55:00,41.47291
2016-08-08 16:00:00,42.42839
2016-08-08 16:05:00,43.236904
2016-08-08 16:10:00,44.030704
2016-08-08 16:15:00,45.118515
2016-08-08 16:20:00,46.06768
2016-08-08 16:25:00,47.01481
2016-08-08 16:30:00,48.081593
2016-08-08 16:35:00,48.33149
2016-08-08 16:40:00,47.648975
2016-08-08 16:45:00,47.13871
2016-08-08 16:50:00,47.277294
2016-08-08 16:55:00,47.42431
2016-08-08 17:00:00,47.480995
2016-08-08 17:05:00,47.48101
2016-08-08 17:10:00,46.871983
2016-08-08 17:15:00,45.8934
2016-08-08 17:20:00,45.03868
2016-08-08 17:25:00,44.643894
2016-08-08 17:30:00,44.177692
2016-08-08 17:35:00,43.3608
2016-08-08 17:40:00,43.003784
2016-08-08 17:45:00,43.333515
2016-08-08 17:50:00,43.982407
2016-08-08 17:55:00,44.761494
2016-08-08 18:00:00,44.780403
2016-08-08 18:05:00,43.472126
2016-08-08 18:10:00,41.460297
2016-08-08 18:15:00,38.736607
2016-08-08 18:20:00,36.14309
2016-08-08 18:25:00,33.50971
2016-08-08 18:30:00,31.422314
2016-08-08 18:35:00,30.426907
2016-08-08 18:40:00,29.486105
2016-08-08 18:45:00,28.625105
2016-08-08 18:50:00,27.862803
2016-08-08 18:55:00,27.264303
2016-08-08 19:00:00,27.125704
2016-08-08 19:05:00,27.430199
2016-08-08 19:10:00,27.9405
2016-08-08 19:15:00,28.284899
2016-08-08 19:20:00,28.618797
2016-08-08 19:25:00,29.471394
2016-08-08 19:30:00,30.796488
2016-08-08 19:35:00,32.039703
2016-08-08 19:40:00,33.301815
2016-08-08 19:45:00,34.568108
2016-08-08 19:50:00,35.75041
2016-08-08 19:55:00,36.915916
2016-08-08 20:00:00,38.165398
2016-08-08 20:05:00,39.12089
2016-08-08 20:10:00,39.771885
2016-08-08 20:15:00,40.3851
2016-08-08 20:20:00,40.874386
2016-08-08 20:25:00,40.82189
2016-08-08 20:30:00,40.0869
2016-08-08 20:35:00,38.274593
2016-08-08 20:40:00,37.20991
2016-08-08 20:45:00,36.758404
2016-08-08 20:50:00,36.897015
2016-08-08 20:55:00,38.001595
2016-08-08 21:00:00,39.78872
2016-08-08 21:05:00,41.8341
2016-08-08 21:10:00,44.097916
2016-08-08 21:15:00,47.092484
2016-08-08 21:20:00,47.900986
2016-08-08 21:25:00,46.733418
2016-08-08 21:30:00,45.702305
2016-08-08 21:35:00,47.323494
2016-08-08 21:40:00,49.576813
2016-08-08 21:45:00,51.069874
2016-08-08 21:50:00,53.111103
2016-08-08 21:55:00,54.742813
2016-08-08 22:00:00,56.1771
2016-08-08 22:05:00,56.8071
2016-08-08 22:10:00,57.24808
2016-08-08 22:15:00,57.90749
2016-08-08 22:20:00,59.3166
2016-08-08 22:25:00,60.578686
2016-08-08 22:30:00,61.536293
2016-08-08 22:35:00,62.605194
2016-08-08 22:40:00,62.89501
2016-08-08 22:45:00,63.363304
2016-08-08 22:50:00,64.33139
2016-08-08 22:55:00,65.27432
2016-08-08 23:00:00,66.12272
2016-08-08 23:05:00,67.29661
2016-08-08 23:10:00,67.6347
2016-08-08 23:15:00,67.6326
2016-08-08 23:20:00,68.453705
2016-08-08 23:25:00,69.1068
2016-08-08 23:30:00,70.3416
2016-08-08 23:35:00,71.5911
2016-08-08 23:40:00,71.72971
2016-08-08 23:45:00,71.6289
2016-08-08 23:50:00,72.376495
2016-08-08 23:55:00,72.937195
2016-08-09 00:00:00,73.84861
2016-08-09 00:05:00,74.46391
2016-08-09 00:10:00,74.885994
2016-08-09 00:15:00,75.461395
2016-08-09 00:20:00,75.18632
2016-08-09 00:25:00,74.93008
2016-08-09 00:30:00,74.696976
2016-08-09 00:35:00,73.01908
2016-08-09 00:40:00,70.05598
2016-08-09 00:45:00,67.80271
2016-08-09 00:50:00,66.91441
2016-08-09 00:55:00,67.81109
2016-08-09 01:00:00,71.141685
2016-08-09 01:05:00,75.26188
2016-08-09 01:10:00,77.98561
2016-08-09 01:15:00,78.96836
2016-08-09 01:20:00,79.26237
2016-08-09 01:25:00,79.604675
2016-08-09 01:30:00,80.51818
2016-08-09 01:35:00,81.76138
2016-08-09 01:40:00,82.3746
2016-08-09 01:45:00,82.08694
2016-08-09 01:50:00,81.692085
2016-08-09 01:55:00,81.46319
2016-08-09 02:00:00,81.585014
2016-08-09 02:05:00,82.48381
2016-08-09 02:10:00,83.180954
2016-08-09 02:15:00,83.82357
2016-08-09 02:20:00,83.63253
2016-08-09 02:25:00,83.50864
2016-08-09 02:30:00,83.79844
2016-08-09 02:35:00,83.89504
2016-08-09 02:40:00,83.89504
2016-08-09 02:45:00,83.89504
2016-08-09 02:50:00,83.89504
2016-08-09 02:55:00,83.89504
2016-08-09 03:00:00,83.89504
2016-08-09 03:05:00,83.89504
2016-08-09 03:10:00,83.89504
2016-08-09 03:15:00,83.89504
2016-08-09 03:20:00,83.89504
2016-08-09 03:25:00,83.89504
2016-08-09 03:30:00,83.89504
2016-08-09 03:35:00,83.89504
2016-08-09 03:40:00,83.89504
2016-08-09 03:45:00,83.89504
2016-08-09 03:50:00,83.89504
2016-08-09 03:55:00,83.89504
2016-08-09 04:00:00,83.89504
2016-08-09 04:05:00,83.89504
2016-08-09 04:10:00,83.89504
2016-08-09 04:15:00,83.89504
2016-08-09 04:20:00,83.89504
2016-08-09 04:25:00,83.89504
2016-08-09 04:30:00,83.89504
2016-08-09 04:35:00,83.89504
2016-08-09 04:40:00,83.89504
2016-08-09 04:45:00,83.89504
2016-08-09 04:50:00,83.89504
2016-08-09 04:55:00,83.89504
2016-08-09 05:00:00,83.89504
2016-08-09 05:05:00,83.89504
2016-08-09 05:10:00,83.89504
2016-08-09 05:15:00,83.89504
2016-08-09 05:20:00,83.80054
2016-08-09 05:25:00,83.643036
2016-08-09 05:30:00,83.53803
2016-08-09 05:35:00,83.49603
2016-08-09 05:40:00,83.485535
2016-08-09 05:45:00,83.45403
2016-08-09 05:50:00,83.47504
2016-08-09 05:55:00,83.51704
2016-08-09 06:00:00,83.527534
2016-08-09 06:05:00,83.47504
2016-08-09 06:10:00,83.42254
2016-08-09 06:15:00,83.43304
2016-08-09 06:20:00,83.49603
2016-08-09 06:25:00,83.62203
2016-08-09 06:30:00,83.82154
2016-08-09 06:35:00,83.89504
2016-08-09 06:40:00,83.89504
2016-08-09 06:45:00,83.89504
2016-08-09 06:50:00,83.89504
2016-08-09 06:55:00,83.89504
2016-08-09 07:00:00,83.89504
2016-08-09 07:05:00,83.89504
2016-08-09 07:10:00,83.89504
2016-08-09 07:15:00,83.89504
2016-08-09 07:20:00,83.81104
2016-08-09 07:25:00,83.67454
2016-08-09 07:30:00,83.63254
2016-08-09 07:35:00,83.65354
2016-08-09 07:40:00,83.67454
2016-08-09 07:45:00,83.70604
2016-08-09 07:50:00,83.69554
2016-08-09 07:55:00,83.643036
2016-08-09 08:00:00,83.611534
2016-08-09 08:05:00,83.55904
2016-08-09 08:10:00,83.42461
2016-08-09 08:15:00,83.30072
2016-08-09 08:20:00,83.084435
2016-08-09 08:25:00,82.74633
2016-08-09 08:30:00,82.22131
2016-08-09 08:35:00,81.68162
2016-08-09 08:40:00,80.9592
2016-08-09 08:45:00,80.1486
2016-08-09 08:50:00,79.11542
2016-08-09 08:55:00,77.807076
2016-08-09 09:00:00,75.93388
2016-08-09 09:05:00,74.058624
2016-08-09 09:10:00,72.760826
2016-08-09 09:15:00,72.0279
2016-08-09 09:20:00,71.74443
2016-08-09 09:25:00,71.89141
2016-08-09 09:30:00,72.191696
2016-08-09 09:35:00,72.622185
2016-08-09 09:40:00,72.777596
2016-08-09 09:45:00,72.611725
2016-08-09 09:50:00,72.3597
2016-08-09 09:55:00,72.23789
2016-08-09 10:00:00,71.84102
2016-08-09 10:05:00,70.8372
2016-08-09 10:10:00,69.53311
2016-08-09 10:15:00,68.779205
2016-08-09 10:20:00,68.466324
2016-08-09 10:25:00,67.8489
2016-08-09 10:30:00,67.6977
2016-08-09 10:35:00,68.4327
2016-08-09 10:40:00,70.01611
2016-08-09 10:45:00,72.10349
2016-08-09 10:50:00,73.9452
2016-08-09 10:55:00,75.56222
2016-08-09 11:00:00,76.5765
2016-08-09 11:05:00,76.8432
2016-08-09 11:10:00,76.86838
2016-08-09 11:15:00,76.834785
2016-08-09 11:20:00,77.147705
2016-08-09 11:25:00,77.67691
2016-08-09 11:30:00,78.689125
2016-08-09 11:35:00,79.76221
2016-08-09 11:40:00,80.85213
2016-08-09 11:45:00,81.61862
2016-08-09 11:50:00,81.830734
2016-08-09 11:55:00,81.82022
2016-08-09 12:00:00,78.89701
2016-08-09 12:05:00,78.39511
2016-08-09 12:10:00,78.20817
2016-08-09 12:15:00,78.10113
2016-08-09 12:20:00,77.55299
2016-08-09 12:25:00,77.000694
2016-08-09 12:30:00,76.81381
2016-08-09 12:35:00,75.92761
2016-08-09 12:40:00,75.6735
2016-08-09 12:45:00,75.243004
2016-08-09 12:50:00,75.839386
2016-08-09 12:55:00,76.54916
2016-08-09 13:00:00,77.5215
2016-08-09 13:05:00,77.92887
2016-08-09 13:10:00,77.98772
2016-08-09 13:15:00,78.14939
2016-08-09 13:20:00,77.81129
2016-08-09 13:25:00,77.35562
2016-08-09 13:30:00,76.65209
2016-08-09 13:35:00,75.8478
2016-08-09 13:40:00,75.079185
2016-08-09 13:45:00,74.4051
2016-08-09 13:50:00,73.94521
2016-08-09 13:55:00,73.33197
2016-08-09 14:00:00,72.861595
2016-08-09 14:05:00,72.81538
2016-08-09 14:10:00,72.44999
2016-08-09 14:15:00,71.234085
2016-08-09 14:20:00,70.24292
2016-08-09 14:25:00,69.9195
2016-08-09 14:30:00,69.927895
2016-08-09 14:35:00,70.2807
2016-08-09 14:40:00,70.814095
2016-08-09 14:45:00,71.433586
2016-08-09 14:50:00,71.9397
2016-08-09 14:55:00,71.893486
2016-08-09 15:00:00,72.13501
2016-08-09 15:05:00,71.964874
2016-08-09 15:10:00,71.502914
2016-08-09 15:15:00,70.7364
2016-08-09 15:20:00,69.776695
2016-08-09 15:25:00,67.88038
2016-08-09 15:30:00,65.49897
2016-08-09 15:35:00,63.15752
2016-08-09 15:40:00,60.899994
2016-08-09 15:45:00,58.51441
2016-08-09 15:50:00,56.2464
2016-08-09 15:55:00,54.354294
2016-08-09 16:00:00,52.878
2016-08-09 16:05:00,51.7839
2016-08-09 16:10:00,51.302975
2016-08-09 16:15:00,51.260994
2016-08-09 16:20:00,51.494106
2016-08-09 16:25:00,51.114
2016-08-09 16:30:00,50.007313
2016-08-09 16:35:00,48.174004
2016-08-09 16:40:00,45.987896
2016-08-09 16:45:00,43.57291
2016-08-09 16:50:00,41.061295
2016-08-09 16:55:00,38.7618
2016-08-09 17:00:00,36.292202
2016-08-09 17:05:00,33.9255
2016-08-09 17:10:00,32.15101
2016-08-09 17:15:00,30.326107
2016-08-09 17:20:00,28.50121
2016-08-09 17:25:00,26.638506
2016-08-09 17:30:00,24.656097
2016-08-09 17:35:00,22.66109
2016-08-09 17:40:00,20.825699
2016-08-09 17:45:00,19.256996
2016-08-09 17:50:00,17.839497
2016-08-09 17:55:00,16.514399
2016-08-09 18:00:00,15.3258
2016-08-09 18:05:00,14.363999
2016-08-09 18:10:00,13.416903
2016-08-09 18:15:00,12.526504
2016-08-09 18:20:00,11.8461
2016-08-09 18:25:00,11.440802
2016-08-09 18:30:00,11.161503
2016-08-09 18:35:00,10.880103
2016-08-09 18:40:00,10.478998
2016-08-09 18:45:00,10.048496
2016-08-09 18:50:00,9.653697
2016-08-09 18:55:00,9.336597
2016-08-09 19:00:00,9.109799
2016-08-09 19:05:00,8.9418
2016-08-09 19:10:00,8.8809
2016-08-09 19:15:00,8.910297
2016-08-09 19:20:00,8.994297
2016-08-09 19:25:00,9.036297
2016-08-09 19:30:00,9.105597
2016-08-09 19:35:00,9.1118965
2016-08-09 19:40:00,9.174897
2016-08-09 19:45:00,9.3218975
2016-08-09 19:50:00,9.512997
2016-08-09 19:55:00,9.624296
2016-08-09 20:00:00,9.840597
2016-08-09 20:05:00,10.105197
2016-08-09 20:10:00,10.350897
2016-08-09 20:15:00,10.5714
2016-08-09 20:20:00,10.714199
2016-08-09 20:25:00,10.978799
2016-08-09 20:30:00,11.396697
2016-08-09 20:35:00,11.780996
2016-08-09 20:40:00,12.284996
2016-08-09 20:45:00,12.744894
2016-08-09 20:50:00,13.026292
2016-08-09 20:55:00,13.265693
2016-08-09 21:00:00,13.666799
2016-08-09 21:05:00,14.177106
2016-08-09 21:10:00,14.6958065
2016-08-09 21:15:00,15.063306
2016-08-09 21:20:00,15.313208
2016-08-09 21:25:00,15.586211
2016-08-09 21:30:00,15.89071
2016-08-09 21:35:00,16.12801
2016-08-09 21:40:00,16.449308
2016-08-09 21:45:00,16.72021
2016-08-09 21:50:00,17.257809
2016-08-09 21:55:00,17.915106
2016-08-09 22:00:00,18.725706
2016-08-09 22:05:00,19.662304
2016-08-09 22:10:00,20.750101
2016-08-09 22:15:00,21.806398
2016-08-09 22:20:00,23.013895
2016-08-09 22:25:00,24.2277
2016-08-09 22:30:00,25.590593
2016-08-09 22:35:00,26.846395
2016-08-09 22:40:00,28.215591
2016-08-09 22:45:00,29.492393
2016-08-09 22:50:00,30.830088
2016-08-09 22:55:00,32.033386
2016-08-09 23:00:00,33.169502
2016-08-09 23:05:00,34.09561
2016-08-09 23:10:00,34.969204
2016-08-09 23:15:00,35.76301
2016-08-09 23:20:00,36.47911
2016-08-09 23:25:00,37.1616
2016-08-09 23:30:00,38.060406
2016-08-09 23:35:00,39.240593
2016-08-09 23:40:00,40.809315
2016-08-09 23:45:00,42.388504
2016-08-09 23:50:00,44.148315
2016-08-09 23:55:00,46.02149
2016-08-10 00:00:00,48.293682
2016-08-10 00:05:00,50.85569
2016-08-10 00:10:00,53.497505
2016-08-10 00:15:00,55.883087
2016-08-10 00:20:00,58.42409
2016-08-10 00:25:00,61.000793
2016-08-10 00:30:00,63.739212
2016-08-10 00:35:00,66.28861
2016-08-10 00:40:00,68.78551
2016-08-10 00:45:00,71.40211
2016-08-10 00:50:00,74.25181
2016-08-10 00:55:00,76.53661
2016-08-10 01:00:00,78.20398
2016-08-10 01:05:00,79.619354
2016-08-10 01:10:00,80.85209
2016-08-10 01:15:00,81.80129
2016-08-10 01:20:00,82.47747
2016-08-10 01:25:00,83.012985
2016-08-10 01:30:00,83.3973
2016-08-10 01:35:00,83.60943
2016-08-10 01:40:00,83.81944
2016-08-10 01:45:00,83.81944
2016-08-10 01:50:00,83.74384
2016-08-10 01:55:00,83.781624
2016-08-10 02:00:00,83.87611
2016-08-10 02:05:00,83.89504
2016-08-10 02:10:00,83.89504
2016-08-10 02:15:00,83.89504
2016-08-10 02:20:00,83.89504
2016-08-10 02:25:00,83.89504
2016-08-10 02:30:00,83.89504
2016-08-10 02:35:00,83.89504
2016-08-10 02:40:00,83.89504
2016-08-10 02:45:00,83.89504
2016-08-10 02:50:00,83.89504
2016-08-10 02:55:00,83.89504
2016-08-10 03:00:00,83.89504
2016-08-10 03:05:00,83.89504
2016-08-10 03:10:00,83.89504
2016-08-10 03:15:00,83.89504
2016-08-10 03:20:00,83.89504
2016-08-10 03:25:00,83.89504
2016-08-10 03:30:00,83.89504
2016-08-10 03:35:00,83.89504
2016-08-10 03:40:00,83.89504
2016-08-10 03:45:00,83.89504
2016-08-10 03:50:00,83.89504
2016-08-10 03:55:00,83.89504
2016-08-10 04:00:00,83.89504
2016-08-10 04:05:00,83.89504
2016-08-10 04:10:00,83.89504
2016-08-10 04:15:00,83.89504
2016-08-10 04:20:00,83.89504
2016-08-10 04:25:00,83.89504
2016-08-10 04:30:00,83.89504
2016-08-10 04:35:00,83.89504
2016-08-10 04:40:00,83.89504
2016-08-10 04:45:00,83.89504
2016-08-10 04:50:00,83.89504
2016-08-10 04:55:00,83.89504
2016-08-10 05:00:00,83.89504
2016-08-10 05:05:00,83.89504
2016-08-10 05:10:00,83.89504
2016-08-10 05:15:00,83.89504
2016-08-10 05:20:00,83.89504
2016-08-10 05:25:00,83.89504
2016-08-10 05:30:00,83.89504
2016-08-10 05:35:00,83.89504
2016-08-10 05:40:00,83.89504
2016-08-10 05:45:00,83.89504
2016-08-10 05:50:00,83.89504
2016-08-10 05:55:00,83.89504
2016-08-10 06:00:00,83.89504
2016-08-10 06:05:00,83.89504
2016-08-10 06:10:00,83.89504
2016-08-10 06:15:00,83.89504
2016-08-10 06:20:00,83.89504
2016-08-10 06:25:00,83.89504
2016-08-10 06:30:00,83.89504
2016-08-10 06:35:00,83.89504
2016-08-10 06:40:00,83.89504
2016-08-10 06:45:00,83.89504
2016-08-10 06:50:00,83.89504
2016-08-10 06:55:00,83.89504
2016-08-10 07:00:00,83.89504
2016-08-10 07:05:00,83.89504
2016-08-10 07:10:00,83.89504
2016-08-10 07:15:00,83.89504
2016-08-10 07:20:00,83.89504
2016-08-10 07:25:00,83.89504
2016-08-10 07:30:00,83.781624
2016-08-10 07:35:00,83.46872
2016-08-10 07:40:00,83.097015
2016-08-10 07:45:00,82.79039
2016-08-10 07:50:00,82.44809
2016-08-10 07:55:00,82.11627
2016-08-10 08:00:00,81.6732
2016-08-10 08:05:00,80.829
2016-08-10 08:10:00,80.03097
2016-08-10 08:15:00,79.39261
2016-08-10 08:20:00,78.68909
2016-08-10 08:25:00,77.91841
2016-08-10 08:30:00,77.14978
2016-08-10 08:35:00,76.33499
2016-08-10 08:40:00,75.4929
2016-08-10 08:45:00,74.539505
2016-08-10 08:50:00,73.61971
2016-08-10 08:55:00,72.33239
2016-08-10 09:00:00,71.0409
2016-08-10 09:05:00,70.2051
2016-08-10 09:10:00,70.00771
2016-08-10 09:15:00,70.41089
2016-08-10 09:20:00,70.95059
2016-08-10 09:25:00,71.114395
2016-08-10 09:30:00,70.6608
2016-08-10 09:35:00,68.88841
2016-08-10 09:40:00,65.38979
2016-08-10 09:45:00,60.738304
2016-08-10 09:50:00,55.00743
2016-08-10 09:55:00,48.325172
2016-08-10 10:00:00,41.783676
2016-08-10 10:05:00,36.978924
2016-08-10 10:10:00,33.9129
2016-08-10 10:15:00,32.568905
2016-08-10 10:20:00,32.2476
2016-08-10 10:25:00,32.0817
2016-08-10 10:30:00,31.611305
2016-08-10 10:35:00,31.332008
2016-08-10 10:40:00,31.317286
2016-08-10 10:45:00,31.264786
2016-08-10 10:50:00,30.716688
2016-08-10 10:55:00,29.94599
2016-08-10 11:00:00,29.278194
2016-08-10 11:05:00,28.576801
2016-08-10 11:10:00,27.7242
2016-08-10 11:15:00,26.7939
2016-08-10 11:20:00,25.987501
2016-08-10 11:25:00,25.586403
2016-08-10 11:30:00,25.428902
2016-08-10 11:35:00,25.179003
2016-08-10 11:40:00,25.185303
2016-08-10 11:45:00,25.496101
2016-08-10 11:50:00,25.7397
2016-08-10 11:55:00,25.779606
2016-08-10 12:00:00,18.09779
2016-08-10 12:05:00,17.574896
2016-08-10 12:10:00,17.049896
2016-08-10 12:15:00,16.749598
2016-08-10 12:20:00,16.461899
2016-08-10 12:25:00,16.3842
2016-08-10 12:30:00,16.739094
2016-08-10 12:35:00,17.276695
2016-08-10 12:40:00,17.881504
2016-08-10 12:45:00,18.750902
2016-08-10 12:50:00,19.689592
2016-08-10 12:55:00,20.40571
2016-08-10 13:00:00,20.720709
2016-08-10 13:05:00,20.932808
2016-08-10 13:10:00,21.277208
2016-08-10 13:15:00,21.491407
2016-08-10 13:20:00,21.405308
2016-08-10 13:25:00,20.97691
2016-08-10 13:30:00,20.265009
2016-08-10 13:35:00,19.196106
2016-08-10 13:40:00,18.228006
2016-08-10 13:45:00,17.593807
2016-08-10 13:50:00,17.259905
2016-08-10 13:55:00,16.711803
2016-08-10 14:00:00,16.016699
2016-08-10 14:05:00,15.077998
2016-08-10 14:10:00,13.864194
2016-08-10 14:15:00,12.671397
2016-08-10 14:20:00,11.058604
2016-08-10 14:25:00,9.1581
2016-08-10 14:30:00,7.3163967
2016-08-10 14:35:00,5.8128
2016-08-10 14:40:00,4.6640997
2016-08-10 14:45:00,3.6980994
2016-08-10 14:50:00,2.7321005
2016-08-10 14:55:00,1.9866004
2016-08-10 15:00:00,1.4363998
2016-08-10 15:05:00,1.0248001
2016-08-10 15:10:00,0.64259994
2016-08-10 15:15:00,0.26670003
2016-08-10 15:20:00,0.10289998
2016-08-10 15:25:00,0.029400002
2016-08-10 15:30:00,0.0
2016-08-10 15:35:00,0.0
2016-08-10 15:40:00,0.0
2016-08-10 15:45:00,0.0
2016-08-10 15:50:00,0.0
2016-08-10 15:55:00,0.0
2016-08-10 16:00:00,0.0
2016-08-10 16:05:00,0.0
2016-08-10 16:10:00,0.0
2016-08-10 16:15:00,0.0
2016-08-10 16:20:00,0.0
2016-08-10 16:25:00,0.0
2016-08-10 16:30:00,0.0
2016-08-10 16:35:00,0.0
2016-08-10 16:40:00,0.0
2016-08-10 16:45:00,0.0
2016-08-10 16:50:00,0.0
2016-08-10 16:55:00,0.0
2016-08-10 17:00:00,0.0
2016-08-10 17:05:00,0.0
2016-08-10 17:10:00,0.0
2016-08-10 17:15:00,0.0
2016-08-10 17:20:00,0.0
2016-08-10 17:25:00,0.0
2016-08-10 17:30:00,0.0
2016-08-10 17:35:00,0.0
2016-08-10 17:40:00,0.0
2016-08-10 17:45:00,0.0
2016-08-10 17:50:00,0.0
2016-08-10 17:55:00,0.0
2016-08-10 18:00:00,0.0
2016-08-10 18:05:00,0.0
2016-08-10 18:10:00,0.0
2016-08-10 18:15:00,0.0
2016-08-10 18:20:00,0.0
2016-08-10 18:25:00,0.0
2016-08-10 18:30:00,0.0
2016-08-10 18:35:00,0.0
2016-08-10 18:40:00,0.0
2016-08-10 18:45:00,0.0
2016-08-10 18:50:00,0.0
2016-08-10 18:55:00,0.0
2016-08-10 19:00:00,0.0
2016-08-10 19:05:00,0.0
2016-08-10 19:10:00,0.0
2016-08-10 19:15:00,0.0
2016-08-10 19:20:00,0.0
2016-08-10 19:25:00,0.0
2016-08-10 19:30:00,0.0
2016-08-10 19:35:00,0.0
2016-08-10 19:40:00,0.0
2016-08-10 19:45:00,0.0
2016-08-10 19:50:00,0.0
2016-08-10 19:55:00,0.0
2016-08-10 20:00:00,0.0
2016-08-10 20:05:00,0.0
2016-08-10 20:10:00,0.0
2016-08-10 20:15:00,0.0
2016-08-10 20:20:00,0.0
2016-08-10 20:25:00,0.0
2016-08-10 20:30:00,0.0
2016-08-10 20:35:00,0.0
2016-08-10 20:40:00,0.021000002
2016-08-10 20:45:00,0.0315
2016-08-10 20:50:00,0.010500001
2016-08-10 20:55:00,0.014700001
2016-08-10 21:00:00,0.1281
2016-08-10 21:05:00,0.31290004
2016-08-10 21:10:00,0.5523
2016-08-10 21:15:00,0.66149986
2016-08-10 21:20:00,0.7371003
2016-08-10 21:25:00,0.9491998
2016-08-10 21:30:00,1.0184999
2016-08-10 21:35:00,1.0374
2016-08-10 21:40:00,1.1172
2016-08-10 21:45:00,1.2705
2016-08-10 21:50:00,1.4049002
2016-08-10 21:55:00,1.5036001
2016-08-10 22:00:00,1.6820999
2016-08-10 22:05:00,1.9508998
2016-08-10 22:10:00,2.352
2016-08-10 22:15:00,2.7320998
2016-08-10 22:20:00,2.9022005
2016-08-10 22:25:00,2.8874993
2016-08-10 22:30:00,2.8076994
2016-08-10 22:35:00,2.942099
2016-08-10 22:40:00,3.1584003
2016-08-10 22:45:00,3.4586997
2016-08-10 22:50:00,3.681299
2016-08-10 22:55:00,3.8828998
2016-08-10 23:00:00,4.1979003
2016-08-10 23:05:00,4.3575006
2016-08-10 23:10:00,4.4813995
2016-08-10 23:15:00,4.565399
2016-08-10 23:20:00,4.6535983
2016-08-10 23:25:00,4.9077
2016-08-10 23:30:00,5.2163997
2016-08-10 23:35:00,5.565002
2016-08-10 23:40:00,5.8947005
2016-08-10 23:45:00,6.0039
2016-08-10 23:50:00,6.1634994
2016-08-10 23:55:00,6.1445994
2016-08-11 00:00:00,5.9682
2016-08-11 00:05:00,5.772901
2016-08-11 00:10:00,5.6049013
2016-08-11 00:15:00,5.407501
2016-08-11 00:20:00,5.2248006
2016-08-11 00:25:00,5.0694013
2016-08-11 00:30:00,4.9056015
2016-08-11 00:35:00,4.7607007
2016-08-11 00:40:00,4.626299
2016-08-11 00:45:00,4.5255
2016-08-11 00:50:00,4.5716996
2016-08-11 00:55:00,4.6787996
2016-08-11 01:00:00,4.832101
2016-08-11 01:05:00,5.073601
2016-08-11 01:10:00,5.3676
2016-08-11 01:15:00,5.781301
2016-08-11 01:20:00,6.442802
2016-08-11 01:25:00,7.2849
2016-08-11 01:30:00,8.3874
2016-08-11 01:35:00,9.804896
2016-08-11 01:40:00,11.7410965
2016-08-11 01:45:00,14.088906
2016-08-11 01:50:00,16.6656
2016-08-11 01:55:00,19.725292
2016-08-11 02:00:00,23.150394
2016-08-11 02:05:00,26.989182
2016-08-11 02:10:00,30.584398
2016-08-11 02:15:00,33.61891
2016-08-11 02:20:00,36.567303
2016-08-11 02:25:00,39.654305
2016-08-11 02:30:00,43.08358
2016-08-11 02:35:00,47.1786
2016-08-11 02:40:00,51.977093
2016-08-11 02:45:00,56.90581
2016-08-11 02:50:00,61.687515
2016-08-11 02:55:00,66.25711
2016-08-11 03:00:00,70.553696
2016-08-11 03:05:00,74.24551
2016-08-11 03:10:00,77.08052
2016-08-11 03:15:00,79.537506
2016-08-11 03:20:00,81.4779
2016-08-11 03:25:00,82.55732
2016-08-11 03:30:00,83.08651
2016-08-11 03:35:00,83.519135
2016-08-11 03:40:00,83.83623
2016-08-11 03:45:00,83.89504
2016-08-11 03:50:00,83.89504
2016-08-11 03:55:00,83.89504
2016-08-11 04:00:00,83.89504
2016-08-11 04:05:00,83.89504
2016-08-11 04:10:00,83.89504
2016-08-11 04:15:00,83.89504
2016-08-11 04:20:00,83.85722
2016-08-11 04:25:00,83.64932
2016-08-11 04:30:00,83.288124
2016-08-11 04:35:00,82.889114
2016-08-11 04:40:00,82.49851
2016-08-11 04:45:00,82.25491
2016-08-11 04:50:00,82.12261
2016-08-11 04:55:00,82.15621
2016-08-11 05:00:00,82.196106
2016-08-11 05:05:00,82.24231
2016-08-11 05:10:00,82.22762
2016-08-11 05:15:00,82.26541
2016-08-11 05:20:00,82.15622
2016-08-11 05:25:00,81.51992
2016-08-11 05:30:00,80.41534
2016-08-11 05:35:00,79.17212
2016-08-11 05:40:00,77.83437
2016-08-11 05:45:00,76.4043
2016-08-11 05:50:00,75.20098
2016-08-11 05:55:00,74.1405
2016-08-11 06:00:00,72.7755
2016-08-11 06:05:00,71.253
2016-08-11 06:10:00,69.86489
2016-08-11 06:15:00,68.732994
2016-08-11 06:20:00,67.582184
2016-08-11 06:25:00,66.3852
2016-08-11 06:30:00,65.4066
2016-08-11 06:35:00,64.67792
2016-08-11 06:40:00,63.928204
2016-08-11 06:45:00,63.054623
2016-08-11 06:50:00,61.9794
2016-08-11 06:55:00,60.698414
2016-08-11 07:00:00,59.354404
2016-08-11 07:05:00,57.83402
2016-08-11 07:10:00,56.16448
2016-08-11 07:15:00,54.74912
2016-08-11 07:20:00,53.642406
2016-08-11 07:25:00,52.82131
2016-08-11 07:30:00,52.016983
2016-08-11 07:35:00,51.166485
2016-08-11 07:40:00,50.040882
2016-08-11 07:45:00,48.56672
2016-08-11 07:50:00,47.035793
2016-08-11 07:55:00,45.786324
2016-08-11 08:00:00,44.914814
2016-08-11 08:05:00,44.190315
2016-08-11 08:10:00,43.934128
2016-08-11 08:15:00,44.358303
2016-08-11 08:20:00,45.063927
2016-08-11 08:25:00,45.914413
2016-08-11 08:30:00,46.81531
2016-08-11 08:35:00,47.30881
2016-08-11 08:40:00,47.445312
2016-08-11 08:45:00,47.560795
2016-08-11 08:50:00,48.03751
2016-08-11 08:55:00,48.008102
2016-08-11 09:00:00,47.638493
2016-08-11 09:05:00,47.163906
2016-08-11 09:10:00,46.277683
2016-08-11 09:15:00,44.801388
2016-08-11 09:20:00,42.816906
2016-08-11 09:25:00,40.653893
2016-08-11 09:30:00,38.549694
2016-08-11 09:35:00,36.892803
2016-08-11 09:40:00,35.519394
2016-08-11 09:45:00,34.1208
2016-08-11 09:50:00,32.909096
2016-08-11 09:55:00,32.115295
2016-08-11 10:00:00,31.497896
2016-08-11 10:05:00,30.977089
2016-08-11 10:10:00,30.710398
2016-08-11 10:15:00,30.605389
2016-08-11 10:20:00,30.46889
2016-08-11 10:25:00,30.452091
2016-08-11 10:30:00,30.691492
2016-08-11 10:35:00,30.785992
2016-08-11 10:40:00,30.802792
2016-08-11 10:45:00,30.743992
2016-08-11 10:50:00,30.636892
2016-08-11 10:55:00,30.216892
2016-08-11 11:00:00,29.746494
2016-08-11 11:05:00,29.168997
2016-08-11 11:10:00,28.454998
2016-08-11 11:15:00,27.497402
2016-08-11 11:20:00,26.313005
2016-08-11 11:25:00,25.137009
2016-08-11 11:30:00,23.816113
2016-08-11 11:35:00,22.478401
2016-08-11 11:40:00,20.903404
2016-08-11 11:45:00,19.160408
2016-08-11 11:50:00,17.371195
2016-08-11 11:55:00,15.852903
2016-08-11 12:00:00,14.3052025
2016-08-11 12:05:00,13.448404
2016-08-11 12:10:00,12.677698
2016-08-11 12:15:00,11.801992
2016-08-11 12:20:00,10.919995
2016-08-11 12:25:00,10.218597
2016-08-11 12:30:00,9.655797
2016-08-11 12:35:00,8.929198
2016-08-11 12:40:00,7.9190974
2016-08-11 12:45:00,6.8333983
2016-08-11 12:50:00,6.003899
2016-08-11 12:55:00,5.5062
2016-08-11 13:00:00,5.1932983
2016-08-11 13:05:00,5.0861993
2016-08-11 13:10:00,5.1113987
2016-08-11 13:15:00,5.218498
2016-08-11 13:20:00,5.199598
2016-08-11 13:25:00,5.0063987
2016-08-11 13:30:00,4.718699
2016-08-11 13:35:00,4.4037
2016-08-11 13:40:00,4.195799
2016-08-11 13:45:00,3.9752991
2016-08-11 13:50:00,3.7044
2016-08-11 13:55:00,3.4041
2016-08-11 14:00:00,3.0659995
2016-08-11 14:05:00,2.6775
2016-08-11 14:10:00,2.2365
2016-08-11 14:15:00,1.8522
2016-08-11 14:20:00,1.4930998
2016-08-11 14:25:00,1.1717999
2016-08-11 14:30:00,0.80429995
2016-08-11 14:35:00,0.45780003
2016-08-11 14:40:00,0.20160002
2016-08-11 14:45:00,0.1029
2016-08-11 14:50:00,0.058799997
2016-08-11 14:55:00,0.029400002
2016-08-11 15:00:00,0.0
2016-08-11 15:05:00,0.0
2016-08-11 15:10:00,0.0
2016-08-11 15:15:00,0.0
2016-08-11 15:20:00,0.0
2016-08-11 15:25:00,0.0
2016-08-11 15:30:00,0.0
2016-08-11 15:35:00,0.0
2016-08-11 15:40:00,0.0
2016-08-11 15:45:00,0.0
2016-08-11 15:50:00,0.0
2016-08-11 15:55:00,0.0
2016-08-11 16:00:00,0.0
2016-08-11 16:05:00,0.0
2016-08-11 16:10:00,0.0
2016-08-11 16:15:00,0.0
2016-08-11 16:20:00,0.0
2016-08-11 16:25:00,0.0
2016-08-11 16:30:00,0.0
2016-08-11 16:35:00,0.0
2016-08-11 16:40:00,0.0
2016-08-11 16:45:00,0.0
2016-08-11 16:50:00,0.0
2016-08-11 16:55:00,0.0
2016-08-11 17:00:00,0.0
2016-08-11 17:05:00,0.0
2016-08-11 17:10:00,0.0
2016-08-11 17:15:00,0.0
2016-08-11 17:20:00,0.0
2016-08-11 17:25:00,0.0
2016-08-11 17:30:00,0.0
2016-08-11 17:35:00,0.0
2016-08-11 17:40:00,0.0
2016-08-11 17:45:00,0.0
2016-08-11 17:50:00,0.0
2016-08-11 17:55:00,0.0
2016-08-11 18:00:00,0.0
2016-08-11 18:05:00,0.0
2016-08-11 18:10:00,0.0
2016-08-11 18:15:00,0.0
2016-08-11 18:20:00,0.0
2016-08-11 18:25:00,0.0
2016-08-11 18:30:00,0.0
2016-08-11 18:35:00,0.0
2016-08-11 18:40:00,0.0
2016-08-11 18:45:00,0.0
2016-08-11 18:50:00,0.0
2016-08-11 18:55:00,0.0
2016-08-11 19:00:00,0.0
2016-08-11 19:05:00,0.0
2016-08-11 19:10:00,0.0
2016-08-11 19:15:00,0.0
2016-08-11 19:20:00,0.0
2016-08-11 19:25:00,0.0
2016-08-11 19:30:00,0.0
2016-08-11 19:35:00,0.0
2016-08-11 19:40:00,0.0
2016-08-11 19:45:00,0.0
2016-08-11 19:50:00,0.0
2016-08-11 19:55:00,0.008400001
2016-08-11 20:00:00,0.016800001
2016-08-11 20:05:00,0.016800001
2016-08-11 20:10:00,0.008400001
2016-08-11 20:15:00,0.0
2016-08-11 20:20:00,0.014700001
2016-08-11 20:25:00,0.16800001
2016-08-11 20:30:00,0.53340006
2016-08-11 20:35:00,0.8735999
2016-08-11 20:40:00,1.0436997
2016-08-11 20:45:00,0.9849001
2016-08-11 20:50:00,0.8106
2016-08-11 20:55:00,0.47669995
2016-08-11 21:00:00,0.2415
2016-08-11 21:05:00,0.19740002
2016-08-11 21:10:00,0.32970005
2016-08-11 21:15:00,0.38639992
2016-08-11 21:20:00,0.41789997
2016-08-11 21:25:00,0.4347001
2016-08-11 21:30:00,0.41579998
2016-08-11 21:35:00,0.3444001
2016-08-11 21:40:00,0.25410005
2016-08-11 21:45:00,0.20159999
2016-08-11 21:50:00,0.18270001
2016-08-11 21:55:00,0.17219996
2016-08-11 22:00:00,0.16800006
2016-08-11 22:05:00,0.17219995
2016-08-11 22:10:00,0.14910002
2016-08-11 22:15:00,0.126
2016-08-11 22:20:00,0.0798
2016-08-11 22:25:00,0.115500025
2016-08-11 22:30:00,0.13020001
2016-08-11 22:35:00,0.23309994
2016-08-11 22:40:00,0.30029997
2016-08-11 22:45:00,0.5039999
2016-08-11 22:50:00,0.6992997
2016-08-11 22:55:00,0.79169995
2016-08-11 23:00:00,0.78329986
2016-08-11 23:05:00,0.66150004
2016-08-11 23:10:00,0.50189996
2016-08-11 23:15:00,0.3150001
2016-08-11 23:20:00,0.24570002
2016-08-11 23:25:00,0.36539996
2016-08-11 23:30:00,0.60480005
2016-08-11 23:35:00,0.7413001
2016-08-11 23:40:00,0.7434
2016-08-11 23:45:00,0.59849995
2016-08-11 23:50:00,0.3864
2016-08-11 23:55:00,0.35069996
2016-08-12 00:00:00,0.5376001
2016-08-12 00:05:00,0.80009985
2016-08-12 00:10:00,0.9050997
2016-08-12 00:15:00,0.72239995
2016-08-12 00:20:00,0.44939992
2016-08-12 00:25:00,0.35070014
2016-08-12 00:30:00,0.52080005
2016-08-12 00:35:00,0.8043
2016-08-12 00:40:00,0.95970017
2016-08-12 00:45:00,0.9618003
2016-08-12 00:50:00,0.8231998
2016-08-12 00:55:00,0.6761998
2016-08-12 01:00:00,0.56699973
2016-08-12 01:05:00,0.46410012
2016-08-12 01:10:00,0.43260008
2016-08-12 01:15:00,0.49140006
2016-08-12 01:20:00,0.6783
2016-08-12 01:25:00,0.8232
2016-08-12 01:30:00,0.79590017
2016-08-12 01:35:00,0.7622999
2016-08-12 01:40:00,0.6657
2016-08-12 01:45:00,0.672
2016-08-12 01:50:00,0.72239995
2016-08-12 01:55:00,0.7496999
2016-08-12 02:00:00,0.73289996
2016-08-12 02:05:00,0.78120005
2016-08-12 02:10:00,0.9009001
2016-08-12 02:15:00,1.0352999
2016-08-12 02:20:00,1.4469001
2016-08-12 02:25:00,2.1168003
2016-08-12 02:30:00,2.801399
2016-08-12 02:35:00,3.385201
2016-08-12 02:40:00,3.9438002
2016-08-12 02:45:00,4.4960995
2016-08-12 02:50:00,5.1429005
2016-08-12 02:55:00,5.8085985
2016-08-12 03:00:00,6.119398
2016-08-12 03:05:00,6.0542984
2016-08-12 03:10:00,5.8085995
2016-08-12 03:15:00,5.6511
2016-08-12 03:20:00,5.4683967
2016-08-12 03:25:00,5.2688975
2016-08-12 03:30:00,4.8887987
2016-08-12 03:35:00,4.3575015
2016-08-12 03:40:00,3.7401
2016-08-12 03:45:00,3.0303018
2016-08-12 03:50:00,2.339401
2016-08-12 03:55:00,1.6316997
2016-08-12 04:00:00,1.1192999
2016-08-12 04:05:00,0.7181997
2016-08-12 04:10:00,0.48720008
2016-08-12 04:15:00,0.30870003
2016-08-12 04:20:00,0.18479998
2016-08-12 04:25:00,0.063
2016-08-12 04:30:00,0.042000003
2016-08-12 04:35:00,0.0315
2016-08-12 04:40:00,0.021000002
2016-08-12 04:45:00,0.010500001
2016-08-12 04:50:00,0.0
2016-08-12 04:55:00,0.0
2016-08-12 05:00:00,0.0
2016-08-12 05:05:00,0.0
2016-08-12 05:10:00,0.0
2016-08-12 05:15:00,0.0
2016-08-12 05:20:00,0.0
2016-08-12 05:25:00,0.0
2016-08-12 05:30:00,0.0
2016-08-12 05:35:00,0.0
2016-08-12 05:40:00,0.0
2016-08-12 05:45:00,0.0
2016-08-12 05:50:00,0.0
2016-08-12 05:55:00,0.0
2016-08-12 06:00:00,0.0
2016-08-12 06:05:00,0.0
2016-08-12 06:10:00,0.0
2016-08-12 06:15:00,0.0
2016-08-12 06:20:00,0.0
2016-08-12 06:25:00,0.0
2016-08-12 06:30:00,0.0
2016-08-12 06:35:00,0.0
2016-08-12 06:40:00,0.0
2016-08-12 06:45:00,0.0
2016-08-12 06:50:00,0.0
2016-08-12 06:55:00,0.0
2016-08-12 07:00:00,0.0
2016-08-12 07:05:00,0.0
2016-08-12 07:10:00,0.0
2016-08-12 07:15:00,0.0
2016-08-12 07:20:00,0.0
2016-08-12 07:25:00,0.0
2016-08-12 07:30:00,0.0
2016-08-12 07:35:00,0.0
2016-08-12 07:40:00,0.0
2016-08-12 07:45:00,0.0
2016-08-12 07:50:00,0.0
2016-08-12 07:55:00,0.0
2016-08-12 08:00:00,0.0
2016-08-12 08:05:00,0.0
2016-08-12 08:10:00,0.0
2016-08-12 08:15:00,0.0
2016-08-12 08:20:00,0.0
2016-08-12 08:25:00,0.0
2016-08-12 08:30:00,0.0
2016-08-12 08:35:00,0.0
2016-08-12 08:40:00,0.0
2016-08-12 08:45:00,0.0
2016-08-12 08:50:00,0.0
2016-08-12 08:55:00,0.0
2016-08-12 09:00:00,0.0
2016-08-12 09:05:00,0.0
2016-08-12 09:10:00,0.050400004
2016-08-12 09:15:00,0.1302
2016-08-12 09:20:00,0.31289998
2016-08-12 09:25:00,0.5271001
2016-08-12 09:30:00,0.7560001
2016-08-12 09:35:00,0.9933002
2016-08-12 09:40:00,1.2663002
2016-08-12 09:45:00,1.5771002
2016-08-12 09:50:00,1.8291004
2016-08-12 09:55:00,1.9592999
2016-08-12 10:00:00,2.0559
2016-08-12 10:05:00,2.1462002
2016-08-12 10:10:00,2.2134001
2016-08-12 10:15:00,2.2386
2016-08-12 10:20:00,2.2364998
2016-08-12 10:25:00,2.2448997
2016-08-12 10:30:00,2.2302
2016-08-12 10:35:00,2.2365
2016-08-12 10:40:00,2.2091994
2016-08-12 10:45:00,2.0810997
2016-08-12 10:50:00,1.9340998
2016-08-12 10:55:00,1.7031001
2016-08-12 11:00:00,1.3986002
2016-08-12 11:05:00,1.0605001
2016-08-12 11:10:00,0.6699
2016-08-12 11:15:00,0.40109995
2016-08-12 11:20:00,0.21840003
2016-08-12 11:25:00,0.07980001
2016-08-12 11:30:00,0.0
2016-08-12 11:35:00,0.0
2016-08-12 11:40:00,0.0
2016-08-12 11:45:00,0.0
2016-08-12 11:50:00,0.0
2016-08-12 11:55:00,0.0
2016-08-12 12:00:00,0.0
2016-08-12 12:05:00,0.0
2016-08-12 12:10:00,0.0
2016-08-12 12:15:00,0.0
2016-08-12 12:20:00,0.0
2016-08-12 12:25:00,0.0
2016-08-12 12:30:00,0.0
2016-08-12 12:35:00,0.0
2016-08-12 12:40:00,0.0
2016-08-12 12:45:00,0.0
2016-08-12 12:50:00,0.0
2016-08-12 12:55:00,0.0
2016-08-12 13:00:00,0.0
2016-08-12 13:05:00,0.0
2016-08-12 13:10:00,0.0
2016-08-12 13:15:00,0.0
2016-08-12 13:20:00,0.0
2016-08-12 13:25:00,0.0
2016-08-12 13:30:00,0.0
2016-08-12 13:35:00,0.0
2016-08-12 13:40:00,0.0
2016-08-12 13:45:00,0.0
2016-08-12 13:50:00,0.0
2016-08-12 13:55:00,0.0
2016-08-12 14:00:00,0.0
2016-08-12 14:05:00,0.0
2016-08-12 14:10:00,0.0
2016-08-12 14:15:00,0.0
2016-08-12 14:20:00,0.0
2016-08-12 14:25:00,0.0
2016-08-12 14:30:00,0.0
2016-08-12 14:35:00,0.0
2016-08-12 14:40:00,0.0
2016-08-12 14:45:00,0.0
2016-08-12 14:50:00,0.0
2016-08-12 14:55:00,0.0
2016-08-12 15:00:00,0.0
2016-08-12 15:05:00,0.0
2016-08-12 15:10:00,0.0
2016-08-12 15:15:00,0.0
2016-08-12 15:20:00,0.0
2016-08-12 15:25:00,0.0
2016-08-12 15:30:00,0.0
2016-08-12 15:35:00,0.0
2016-08-12 15:40:00,0.0
2016-08-12 15:45:00,0.0
2016-08-12 15:50:00,0.0
2016-08-12 15:55:00,0.0
2016-08-12 16:00:00,0.0
2016-08-12 16:05:00,0.0
2016-08-12 16:10:00,0.0
2016-08-12 16:15:00,0.0
2016-08-12 16:20:00,0.0
2016-08-12 16:25:00,0.0
2016-08-12 16:30:00,0.0
2016-08-12 16:35:00,0.0
2016-08-12 16:40:00,0.0
2016-08-12 16:45:00,0.0
2016-08-12 16:50:00,0.0
2016-08-12 16:55:00,0.0
2016-08-12 17:00:00,0.0
2016-08-12 17:05:00,0.0
2016-08-12 17:10:00,0.0
2016-08-12 17:15:00,0.0
2016-08-12 17:20:00,0.0
2016-08-12 17:25:00,0.0
2016-08-12 17:30:00,0.0
2016-08-12 17:35:00,0.0
2016-08-12 17:40:00,0.054600004
2016-08-12 17:45:00,0.15959997
2016-08-12 17:50:00,0.32129997
2016-08-12 17:55:00,0.42630005
2016-08-12 18:00:00,0.4830001
2016-08-12 18:05:00,0.52080005
2016-08-12 18:10:00,0.5502001
2016-08-12 18:15:00,0.58169997
2016-08-12 18:20:00,0.5565
2016-08-12 18:25:00,0.5481
2016-08-12 18:30:00,0.54179996
2016-08-12 18:35:00,0.56279993
2016-08-12 18:40:00,0.57329994
2016-08-12 18:45:00,0.65099984
2016-08-12 18:50:00,0.77910024
2016-08-12 18:55:00,0.91980016
2016-08-12 19:00:00,1.0499998
2016-08-12 19:05:00,1.1907002
2016-08-12 19:10:00,1.1928004
2016-08-12 19:15:00,1.1277002
2016-08-12 19:20:00,1.0878
2016-08-12 19:25:00,1.2914997
2016-08-12 19:30:00,1.5855
2016-08-12 19:35:00,1.9719003
2016-08-12 19:40:00,2.3373003
2016-08-12 19:45:00,2.7047997
2016-08-12 19:50:00,3.0134997
2016-08-12 19:55:00,3.2781017
2016-08-12 20:00:00,3.481802
2016-08-12 20:05:00,3.6414015
2016-08-12 20:10:00,3.7107
2016-08-12 20:15:00,3.5447998
2016-08-12 20:20:00,3.3053992
2016-08-12 20:25:00,3.0596995
2016-08-12 20:30:00,2.9357998
2016-08-12 20:35:00,2.9987998
2016-08-12 20:40:00,3.0639
2016-08-12 20:45:00,2.9714997
2016-08-12 20:50:00,2.6166
2016-08-12 20:55:00,2.148301
2016-08-12 21:00:00,1.8060005
2016-08-12 21:05:00,1.6548004
2016-08-12 21:10:00,1.6400999
2016-08-12 21:15:00,1.6148993
2016-08-12 21:20:00,1.5959994
2016-08-12 21:25:00,1.5560993
2016-08-12 21:30:00,1.5581998
2016-08-12 21:35:00,1.6316992
2016-08-12 21:40:00,1.6043999
2016-08-12 21:45:00,1.4405992
2016-08-12 21:50:00,1.1507995
2016-08-12 21:55:00,0.9093002
2016-08-12 22:00:00,0.9471004
2016-08-12 22:05:00,1.0731003
2016-08-12 22:10:00,1.2705
2016-08-12 22:15:00,1.4679
2016-08-12 22:20:00,1.5939001
2016-08-12 22:25:00,1.5686992
2016-08-12 22:30:00,1.5266999
2016-08-12 22:35:00,1.6758002
2016-08-12 22:40:00,1.8752996
2016-08-12 22:45:00,2.0642993
2016-08-12 22:50:00,2.0306997
2016-08-12 22:55:00,1.8584999
2016-08-12 23:00:00,1.8248991
2016-08-12 23:05:00,1.9467002
2016-08-12 23:10:00,2.1483002
2016-08-12 23:15:00,2.184
2016-08-12 23:20:00,2.0622008
2016-08-12 23:25:00,1.8668995
2016-08-12 23:30:00,1.7198997
2016-08-12 23:35:00,1.6589997
2016-08-12 23:40:00,1.6170003
2016-08-12 23:45:00,1.4574002
2016-08-12 23:50:00,1.2915002
2016-08-12 23:55:00,1.1802002
2016-08-13 00:00:00,1.1508001
2016-08-13 00:05:00,1.176
2016-08-13 00:10:00,1.3649999
2016-08-13 00:15:00,1.6484998
2016-08-13 00:20:00,1.7870997
2016-08-13 00:25:00,1.7051998
2016-08-13 00:30:00,1.4489994
2016-08-13 00:35:00,1.2137998
2016-08-13 00:40:00,1.1465999
2016-08-13 00:45:00,1.2621001
2016-08-13 00:50:00,1.2221999
2016-08-13 00:55:00,0.99329996
2016-08-13 01:00:00,0.7979999
2016-08-13 01:05:00,0.6132
2016-08-13 01:10:00,0.48090002
2016-08-13 01:15:00,0.441
2016-08-13 01:20:00,0.42000002
2016-08-13 01:25:00,0.40319997
2016-08-13 01:30:00,0.37379998
2016-08-13 01:35:00,0.25410005
2016-08-13 01:40:00,0.22889997
2016-08-13 01:45:00,0.2016
2016-08-13 01:50:00,0.20789991
2016-08-13 01:55:00,0.31920004
2016-08-13 02:00:00,0.53130007
2016-08-13 02:05:00,0.7853998
2016-08-13 02:10:00,1.0079999
2016-08-13 02:15:00,1.2495002
2016-08-13 02:20:00,1.3335007
2016-08-13 02:25:00,1.3481996
2016-08-13 02:30:00,1.533
2016-08-13 02:35:00,1.8416997
2016-08-13 02:40:00,2.1798007
2016-08-13 02:45:00,2.3499002
2016-08-13 02:50:00,2.3478003
2016-08-13 02:55:00,2.2763996
2016-08-13 03:00:00,2.3310008
2016-08-13 03:05:00,2.4486012
2016-08-13 03:10:00,2.484299
2016-08-13 03:15:00,2.337299
2016-08-13 03:20:00,2.1420004
2016-08-13 03:25:00,2.0894997
2016-08-13 03:30:00,1.9740001
2016-08-13 03:35:00,1.7240995
2016-08-13 03:40:00,1.5518993
2016-08-13 03:45:00,1.3523996
2016-08-13 03:50:00,1.0583994
2016-08-13 03:55:00,0.8841002
2016-08-13 04:00:00,0.89670026
2016-08-13 04:05:00,0.9114002
2016-08-13 04:10:00,0.77910024
2016-08-13 04:15:00,0.53760016
2016-08-13 04:20:00,0.2919001
2016-08-13 04:25:00,0.17220004
2016-08-13 04:30:00,0.14280003
2016-08-13 04:35:00,0.21420002
2016-08-13 04:40:00,0.28559998
2016-08-13 04:45:00,0.29819992
2016-08-13 04:50:00,0.2667
2016-08-13 04:55:00,0.23729998
2016-08-13 05:00:00,0.19740002
2016-08-13 05:05:00,0.1575
2016-08-13 05:10:00,0.126
2016-08-13 05:15:00,0.08400001
2016-08-13 05:20:00,0.063
2016-08-13 05:25:00,0.063
2016-08-13 05:30:00,0.0945
2016-08-13 05:35:00,0.105
2016-08-13 05:40:00,0.1155
2016-08-13 05:45:00,0.14700001
2016-08-13 05:50:00,0.1575
2016-08-13 05:55:00,0.16800001
2016-08-13 06:00:00,0.16800001
2016-08-13 06:05:00,0.13650002
2016-08-13 06:10:00,0.063
2016-08-13 06:15:00,0.0315
2016-08-13 06:20:00,0.0
2016-08-13 06:25:00,0.0
2016-08-13 06:30:00,0.0
2016-08-13 06:35:00,0.0
2016-08-13 06:40:00,0.0
2016-08-13 06:45:00,0.0
2016-08-13 06:50:00,0.0
2016-08-13 06:55:00,0.0
2016-08-13 07:00:00,0.0
2016-08-13 07:05:00,0.0
2016-08-13 07:10:00,0.0
2016-08-13 07:15:00,0.0
2016-08-13 07:20:00,0.0
2016-08-13 07:25:00,0.0
2016-08-13 07:30:00,0.0
2016-08-13 07:35:00,0.0
2016-08-13 07:40:00,0.0
2016-08-13 07:45:00,0.0
2016-08-13 07:50:00,0.0
2016-08-13 07:55:00,0.0
2016-08-13 08:00:00,0.0
2016-08-13 08:05:00,0.0
2016-08-13 08:10:00,0.0
2016-08-13 08:15:00,0.0
2016-08-13 08:20:00,0.0
2016-08-13 08:25:00,0.0
2016-08-13 08:30:00,0.0
2016-08-13 08:35:00,0.0
2016-08-13 08:40:00,0.0
2016-08-13 08:45:00,0.0
2016-08-13 08:50:00,0.0
2016-08-13 08:55:00,0.0
2016-08-13 09:00:00,0.0
2016-08-13 09:05:00,0.0
2016-08-13 09:10:00,0.0
2016-08-13 09:15:00,0.0
2016-08-13 09:20:00,0.0
2016-08-13 09:25:00,0.0
2016-08-13 09:30:00,0.0
2016-08-13 09:35:00,0.0
2016-08-13 09:40:00,0.0
2016-08-13 09:45:00,0.0
2016-08-13 09:50:00,0.0
2016-08-13 09:55:00,0.0
2016-08-13 10:00:00,0.0
2016-08-13 10:05:00,0.0
2016-08-13 10:10:00,0.0
2016-08-13 10:15:00,0.0
2016-08-13 10:20:00,0.0
2016-08-13 10:25:00,0.0
2016-08-13 10:30:00,0.0
2016-08-13 10:35:00,0.0
2016-08-13 10:40:00,0.010500001
2016-08-13 10:45:00,0.0315
2016-08-13 10:50:00,0.042000003
2016-08-13 10:55:00,0.042000003
2016-08-13 11:00:00,0.0525
2016-08-13 11:05:00,0.063
2016-08-13 11:10:00,0.0525
2016-08-13 11:15:00,0.081899986
2016-08-13 11:20:00,0.189
2016-08-13 11:25:00,0.4872
2016-08-13 11:30:00,0.73920006
2016-08-13 11:35:00,0.91560006
2016-08-13 11:40:00,1.0625999
2016-08-13 11:45:00,1.1487001
2016-08-13 11:50:00,1.1109
2016-08-13 11:55:00,1.0689
2016-08-13 12:00:00,1.1319
2016-08-13 12:05:00,11.367299
2016-08-13 12:10:00,12.150597
2016-08-13 12:15:00,12.686098
2016-08-13 12:20:00,12.585299
2016-08-13 12:25:00,12.381598
2016-08-13 12:30:00,12.908702
2016-08-13 12:35:00,13.5198
2016-08-13 12:40:00,13.542896
2016-08-13 12:45:00,13.154395
2016-08-13 12:50:00,12.518094
2016-08-13 12:55:00,11.848198
2016-08-13 13:00:00,11.211899
2016-08-13 13:05:00,10.791901
2016-08-13 13:10:00,10.5903015
2016-08-13 13:15:00,10.657502
2016-08-13 13:20:00,10.703701
2016-08-13 13:25:00,10.556702
2016-08-13 13:30:00,9.918303
2016-08-13 13:35:00,9.050998
2016-08-13 13:40:00,8.6331
2016-08-13 13:45:00,8.685599
2016-08-13 13:50:00,8.624699
2016-08-13 13:55:00,8.2845
2016-08-13 14:00:00,7.9064965
2016-08-13 14:05:00,7.587297
2016-08-13 14:10:00,7.4822974
2016-08-13 14:15:00,7.5284967
2016-08-13 14:20:00,7.6356053
2016-08-13 14:25:00,7.5558033
2016-08-13 14:30:00,7.2618027
2016-08-13 14:35:00,6.8060994
2016-08-13 14:40:00,6.1971006
2016-08-13 14:45:00,5.3844013
2016-08-13 14:50:00,4.3616986
2016-08-13 14:55:00,3.4188025
2016-08-13 15:00:00,2.614499
2016-08-13 15:05:00,1.9088995
2016-08-13 15:10:00,1.3293003
2016-08-13 15:15:00,0.89880013
2016-08-13 15:20:00,0.5564999
2016-08-13 15:25:00,0.32760003
2016-08-13 15:30:00,0.20159996
2016-08-13 15:35:00,0.0819
2016-08-13 15:40:00,0.0
2016-08-13 15:45:00,0.0
2016-08-13 15:50:00,0.0
2016-08-13 15:55:00,0.0
2016-08-13 16:00:00,0.0
2016-08-13 16:05:00,0.0
2016-08-13 16:10:00,0.0
2016-08-13 16:15:00,0.0
2016-08-13 16:20:00,0.0
2016-08-13 16:25:00,0.0
2016-08-13 16:30:00,0.0
2016-08-13 16:35:00,0.0
2016-08-13 16:40:00,0.0
2016-08-13 16:45:00,0.0
2016-08-13 16:50:00,0.0
2016-08-13 16:55:00,0.0
2016-08-13 17:00:00,0.0
2016-08-13 17:05:00,0.0
2016-08-13 17:10:00,0.0
2016-08-13 17:15:00,0.0
2016-08-13 17:20:00,0.0
2016-08-13 17:25:00,0.0
2016-08-13 17:30:00,0.0
2016-08-13 17:35:00,0.0
2016-08-13 17:40:00,0.0
2016-08-13 17:45:00,0.0
2016-08-13 17:50:00,0.0
2016-08-13 17:55:00,0.0
2016-08-13 18:00:00,0.0
2016-08-13 18:05:00,0.0
2016-08-13 18:10:00,0.0
2016-08-13 18:15:00,0.0
2016-08-13 18:20:00,0.0
2016-08-13 18:25:00,0.0
2016-08-13 18:30:00,0.0
2016-08-13 18:35:00,0.0
2016-08-13 18:40:00,0.0
2016-08-13 18:45:00,0.0
2016-08-13 18:50:00,0.0
2016-08-13 18:55:00,0.0
2016-08-13 19:00:00,0.0
2016-08-13 19:05:00,0.0
2016-08-13 19:10:00,0.0
2016-08-13 19:15:00,0.0
2016-08-13 19:20:00,0.0
2016-08-13 19:25:00,0.0
2016-08-13 19:30:00,0.0
2016-08-13 19:35:00,0.0
2016-08-13 19:40:00,0.0
2016-08-13 19:45:00,0.0
2016-08-13 19:50:00,0.0
2016-08-13 19:55:00,0.0
2016-08-13 20:00:00,0.0
2016-08-13 20:05:00,0.0
2016-08-13 20:10:00,0.0
2016-08-13 20:15:00,0.0
2016-08-13 20:20:00,0.0
2016-08-13 20:25:00,0.0
2016-08-13 20:30:00,0.0
2016-08-13 20:35:00,0.0
2016-08-13 20:40:00,0.0
2016-08-13 20:45:00,0.0
2016-08-13 20:50:00,0.0
2016-08-13 20:55:00,0.0
2016-08-13 21:00:00,0.0
2016-08-13 21:05:00,0.0
2016-08-13 21:10:00,0.0
2016-08-13 21:15:00,0.0
2016-08-13 21:20:00,0.0
2016-08-13 21:25:00,0.0
2016-08-13 21:30:00,0.0
2016-08-13 21:35:00,0.0
2016-08-13 21:40:00,0.0
2016-08-13 21:45:00,0.0
2016-08-13 21:50:00,0.0
2016-08-13 21:55:00,0.0
2016-08-13 22:00:00,0.0
2016-08-13 22:05:00,0.014700001
2016-08-13 22:10:00,0.029400002
2016-08-13 22:15:00,0.044099998
2016-08-13 22:20:00,0.044099998
2016-08-13 22:25:00,0.029400002
2016-08-13 22:30:00,0.014700001
2016-08-13 22:35:00,0.0
2016-08-13 22:40:00,0.046200003
2016-08-13 22:45:00,0.2142
2016-08-13 22:50:00,0.7455
2016-08-13 22:55:00,1.9173003
2016-08-13 23:00:00,3.4923003
2016-08-13 23:05:00,5.0672984
2016-08-13 23:10:00,6.0186005
2016-08-13 23:15:00,6.344099
2016-08-13 23:20:00,6.5792994
2016-08-13 23:25:00,7.3037996
2016-08-13 23:30:00,8.738097
2016-08-13 23:35:00,10.1556
2016-08-13 23:40:00,11.558405
2016-08-13 23:45:00,12.7659025
2016-08-13 23:50:00,13.908302
2016-08-13 23:55:00,15.483297
2016-08-14 00:00:00,17.301897
2016-08-14 00:05:00,19.385092
2016-08-14 00:10:00,22.104595
2016-08-14 00:15:00,25.573809
2016-08-14 00:20:00,29.962807
2016-08-14 00:25:00,33.438305
2016-08-14 00:30:00,36.560997
2016-08-14 00:35:00,39.664803
2016-08-14 00:40:00,42.49141
2016-08-14 00:45:00,45.423
2016-08-14 00:50:00,48.486877
2016-08-14 00:55:00,51.624302
2016-08-14 01:00:00,53.619293
2016-08-14 01:05:00,55.171227
2016-08-14 01:10:00,57.157806
2016-08-14 01:15:00,59.360706
2016-08-14 01:20:00,61.593014
2016-08-14 01:25:00,62.575783
2016-08-14 01:30:00,63.64892
2016-08-14 01:35:00,65.13572
2016-08-14 01:40:00,66.5574
2016-08-14 01:45:00,67.81528
2016-08-14 01:50:00,69.232796
2016-08-14 01:55:00,70.910706
2016-08-14 02:00:00,72.59701
2016-08-14 02:05:00,73.957825
2016-08-14 02:10:00,75.68404
2016-08-14 02:15:00,77.83647
2016-08-14 02:20:00,79.65931
2016-08-14 02:25:00,81.52202
2016-08-14 02:30:00,83.269226
2016-08-14 02:35:00,83.73754
2016-08-14 02:40:00,83.87404
2016-08-14 02:45:00,83.89504
2016-08-14 02:50:00,83.89504
2016-08-14 02:55:00,83.89504
2016-08-14 03:00:00,83.89504
2016-08-14 03:05:00,83.89504
2016-08-14 03:10:00,83.844604
2016-08-14 03:15:00,83.56534
2016-08-14 03:20:00,83.30704
2016-08-14 03:25:00,83.10544
2016-08-14 03:30:00,83.05083
2016-08-14 03:35:00,83.11383
2016-08-14 03:40:00,83.18733
2016-08-14 03:45:00,83.311226
2016-08-14 03:50:00,83.34061
2016-08-14 03:55:00,83.39104
2016-08-14 04:00:00,83.41203
2016-08-14 04:05:00,83.443535
2016-08-14 04:10:00,83.443535
2016-08-14 04:15:00,83.42254
2016-08-14 04:20:00,83.39104
2016-08-14 04:25:00,83.38053
2016-08-14 04:30:00,83.359535
2016-08-14 04:35:00,83.359535
2016-08-14 04:40:00,83.38053
2016-08-14 04:45:00,83.39104
2016-08-14 04:50:00,83.401535
2016-08-14 04:55:00,83.42254
2016-08-14 05:00:00,83.45403
2016-08-14 05:05:00,83.47504
2016-08-14 05:10:00,83.49603
2016-08-14 05:15:00,83.51704
2016-08-14 05:20:00,83.54854
2016-08-14 05:25:00,83.59054
2016-08-14 05:30:00,83.65354
2016-08-14 05:35:00,83.727036
2016-08-14 05:40:00,83.84254
2016-08-14 05:45:00,83.88454
2016-08-14 05:50:00,83.89504
2016-08-14 05:55:00,83.89504
2016-08-14 06:00:00,83.89504
2016-08-14 06:05:00,83.89504
2016-08-14 06:10:00,83.89504
2016-08-14 06:15:00,83.89504
2016-08-14 06:20:00,83.89504
2016-08-14 06:25:00,83.89504
2016-08-14 06:30:00,83.89504
2016-08-14 06:35:00,83.87404
2016-08-14 06:40:00,83.64934
2016-08-14 06:45:00,83.275536
2016-08-14 06:50:00,82.96891
2016-08-14 06:55:00,82.46492
2016-08-14 07:00:00,82.137314
2016-08-14 07:05:00,81.54302
2016-08-14 07:10:00,80.63372
2016-08-14 07:15:00,80.27671
2016-08-14 07:20:00,79.06083
2016-08-14 07:25:00,77.42908
2016-08-14 07:30:00,75.717606
2016-08-14 07:35:00,74.8713
2016-08-14 07:40:00,73.9746
2016-08-14 07:45:00,72.956116
2016-08-14 07:50:00,72.41639
2016-08-14 07:55:00,72.01951
2016-08-14 08:00:00,72.03629
2016-08-14 08:05:00,72.32607
2016-08-14 08:10:00,72.044685
2016-08-14 08:15:00,72.77759
2016-08-14 08:20:00,71.86409
2016-08-14 08:25:00,70.77
2016-08-14 08:30:00,69.050095
2016-08-14 08:35:00,67.510796
2016-08-14 08:40:00,65.8203
2016-08-14 08:45:00,63.485104
2016-08-14 08:50:00,61.527905
2016-08-14 08:55:00,58.94069
2016-08-14 09:00:00,55.125027
2016-08-14 09:05:00,51.76711
2016-08-14 09:10:00,49.706985
2016-08-14 09:15:00,48.854404
2016-08-14 09:20:00,47.533497
2016-08-14 09:25:00,46.479332
2016-08-14 09:30:00,45.467102
2016-08-14 09:35:00,43.791306
2016-08-14 09:40:00,42.38428
2016-08-14 09:45:00,40.949997
2016-08-14 09:50:00,39.95041
2016-08-14 09:55:00,39.038986
2016-08-14 10:00:00,36.3111
2016-08-14 10:05:00,33.37741
2016-08-14 10:10:00,32.104813
2016-08-14 10:15:00,30.242096
2016-08-14 10:20:00,29.080791
2016-08-14 10:25:00,28.543194
2016-08-14 10:30:00,27.327303
2016-08-14 10:35:00,26.676308
2016-08-14 10:40:00,25.28611
2016-08-14 10:45:00,24.882908
2016-08-14 10:50:00,24.87031
2016-08-14 10:55:00,24.433496
2016-08-14 11:00:00,24.313795
2016-08-14 11:05:00,24.9837
2016-08-14 11:10:00,24.5322
2016-08-14 11:15:00,24.3117
2016-08-14 11:20:00,25.0383
2016-08-14 11:25:00,25.727104
2016-08-14 11:30:00,26.037905
2016-08-14 11:35:00,25.594807
2016-08-14 11:40:00,25.500303
2016-08-14 11:45:00,26.079903
2016-08-14 11:50:00,26.657404
2016-08-14 11:55:00,27.018604
2016-08-14 12:00:00,45.996296
2016-08-14 12:05:00,46.013115
2016-08-14 12:10:00,45.712826
2016-08-14 12:15:00,44.125217
2016-08-14 12:20:00,41.45819
2016-08-14 12:25:00,39.6606
2016-08-14 12:30:00,37.84828
2016-08-14 12:35:00,36.01078
2016-08-14 12:40:00,34.950294
2016-08-14 12:45:00,33.921303
2016-08-14 12:50:00,32.793602
2016-08-14 12:55:00,31.281609
2016-08-14 13:00:00,30.18331
2016-08-14 13:05:00,29.41471
2016-08-14 13:10:00,28.345793
2016-08-14 13:15:00,26.800196
2016-08-14 13:20:00,25.157995
2016-08-14 13:25:00,23.639698
2016-08-14 13:30:00,22.218002
2016-08-14 13:35:00,21.000006
2016-08-14 13:40:00,19.87861
2016-08-14 13:45:00,19.14781
2016-08-14 13:50:00,18.717295
2016-08-14 13:55:00,18.383398
2016-08-14 14:00:00,18.032698
2016-08-14 14:05:00,17.9991
2016-08-14 14:10:00,18.450602
2016-08-14 14:15:00,18.9546
2016-08-14 14:20:00,19.595097
2016-08-14 14:25:00,20.332195
2016-08-14 14:30:00,20.384693
2016-08-14 14:35:00,19.626596
2016-08-14 14:40:00,19.464897
2016-08-14 14:45:00,19.863892
2016-08-14 14:50:00,20.405697
2016-08-14 14:55:00,20.78371
2016-08-14 15:00:00,21.081911
2016-08-14 15:05:00,21.254112
2016-08-14 15:10:00,21.252008
2016-08-14 15:15:00,21.086105
2016-08-14 15:20:00,20.913906
2016-08-14 15:25:00,20.844606
2016-08-14 15:30:00,21.004206
2016-08-14 15:35:00,21.298204
2016-08-14 15:40:00,21.768602
2016-08-14 15:45:00,22.465801
2016-08-14 15:50:00,23.160898
2016-08-14 15:55:00,23.709
2016-08-14 16:00:00,24.126898
2016-08-14 16:05:00,24.404097
2016-08-14 16:10:00,24.294897
2016-08-14 16:15:00,23.832891
2016-08-14 16:20:00,23.165094
2016-08-14 16:25:00,22.404898
2016-08-14 16:30:00,21.4242
2016-08-14 16:35:00,20.275503
2016-08-14 16:40:00,18.900005
2016-08-14 16:45:00,17.30191
2016-08-14 16:50:00,15.659698
2016-08-14 16:55:00,14.055295
2016-08-14 17:00:00,12.639896
2016-08-14 17:05:00,11.302199
2016-08-14 17:10:00,9.983402
2016-08-14 17:15:00,8.740204
2016-08-14 17:20:00,7.524296
2016-08-14 17:25:00,6.583498
2016-08-14 17:30:00,5.882098
2016-08-14 17:35:00,5.5166993
2016-08-14 17:40:00,5.3528996
2016-08-14 17:45:00,5.1765
2016-08-14 17:50:00,4.993799
2016-08-14 17:55:00,4.8131995
2016-08-14 18:00:00,4.7270994
2016-08-14 18:05:00,4.7124004
2016-08-14 18:10:00,4.7439
2016-08-14 18:15:00,4.7417984
2016-08-14 18:20:00,4.7459984
2016-08-14 18:25:00,4.771201
2016-08-14 18:30:00,4.830001
2016-08-14 18:35:00,4.8804007
2016-08-14 18:40:00,4.9959006
2016-08-14 18:45:00,5.1449995
2016-08-14 18:50:00,5.266801
2016-08-14 18:55:00,5.3592005
2016-08-14 19:00:00,5.4201
2016-08-14 19:05:00,5.4726005
2016-08-14 19:10:00,5.4473996
2016-08-14 19:15:00,5.4137993
2016-08-14 19:20:00,5.430599
2016-08-14 19:25:00,5.4389997
2016-08-14 19:30:00,5.533499
2016-08-14 19:35:00,5.699399
2016-08-14 19:40:00,5.879999
2016-08-14 19:45:00,5.9618993
2016-08-14 19:50:00,6.008099
2016-08-14 19:55:00,6.026999
2016-08-14 20:00:00,5.984999
2016-08-14 20:05:00,5.8106995
2016-08-14 20:10:00,5.621699
2016-08-14 20:15:00,5.443199
2016-08-14 20:20:00,5.4725995
2016-08-14 20:25:00,5.5985994
2016-08-14 20:30:00,5.844299
2016-08-14 20:35:00,6.110999
2016-08-14 20:40:00,6.3714
2016-08-14 20:45:00,6.6192007
2016-08-14 20:50:00,6.8901
2016-08-14 20:55:00,7.1651993
2016-08-14 21:00:00,7.4297986
2016-08-14 21:05:00,7.6565986
2016-08-14 21:10:00,7.795198
2016-08-14 21:15:00,8.053499
2016-08-14 21:20:00,8.330699
2016-08-14 21:25:00,8.618398
2016-08-14 21:30:00,8.937599
2016-08-14 21:35:00,9.363897
2016-08-14 21:40:00,9.857397
2016-08-14 21:45:00,10.504195
2016-08-14 21:50:00,11.220297
2016-08-14 21:55:00,12.016204
2016-08-14 22:00:00,12.837305
2016-08-14 22:05:00,13.790706
2016-08-14 22:10:00,14.828103
2016-08-14 22:15:00,16.060799
2016-08-14 22:20:00,17.3964
2016-08-14 22:25:00,18.6795
2016-08-14 22:30:00,20.050797
2016-08-14 22:35:00,21.627897
2016-08-14 22:40:00,23.324696
2016-08-14 22:45:00,25.109688
2016-08-14 22:50:00,26.953497
2016-08-14 22:55:00,28.856115
2016-08-14 23:00:00,30.867907
2016-08-14 23:05:00,32.913303
2016-08-14 23:10:00,35.0343
2016-08-14 23:15:00,37.0881
2016-08-14 23:20:00,39.209106
2016-08-14 23:25:00,41.409916
2016-08-14 23:30:00,43.812305
2016-08-14 23:35:00,46.3617
2016-08-14 23:40:00,48.94049
2016-08-14 23:45:00,51.439503
2016-08-14 23:50:00,53.917477
2016-08-14 23:55:00,56.18552
2016-08-15 00:00:00,58.1364
2016-08-15 00:05:00,59.986534
2016-08-15 00:10:00,61.87231
2016-08-15 00:15:00,63.75179
2016-08-15 00:20:00,65.66701
2016-08-15 00:25:00,67.6536
2016-08-15 00:30:00,69.68221
2016-08-15 00:35:00,71.6793
2016-08-15 00:40:00,73.57138
2016-08-15 00:45:00,75.35641
2016-08-15 00:50:00,77.02587
2016-08-15 00:55:00,78.36988
2016-08-15 01:00:00,79.52277
2016-08-15 01:05:00,80.48672
2016-08-15 01:10:00,81.423325
2016-08-15 01:15:00,82.23183
2016-08-15 01:20:00,83.00674
2016-08-15 01:25:00,83.5296
2016-08-15 01:30:00,83.727036
2016-08-15 01:35:00,83.76904
2016-08-15 01:40:00,83.80054
2016-08-15 01:45:00,83.82154
2016-08-15 01:50:00,83.85304
2016-08-15 01:55:00,83.87404
2016-08-15 02:00:00,83.88454
2016-08-15 02:05:00,83.89504
2016-08-15 02:10:00,83.89504
2016-08-15 02:15:00,83.89504
2016-08-15 02:20:00,83.89504
2016-08-15 02:25:00,83.89504
2016-08-15 02:30:00,83.89504
2016-08-15 02:35:00,83.89504
2016-08-15 02:40:00,83.89504
2016-08-15 02:45:00,83.89504
2016-08-15 02:50:00,83.89504
2016-08-15 02:55:00,83.89504
2016-08-15 03:00:00,83.89504
2016-08-15 03:05:00,83.89504
2016-08-15 03:10:00,83.89504
2016-08-15 03:15:00,83.89504
2016-08-15 03:20:00,83.89504
2016-08-15 03:25:00,83.89504
2016-08-15 03:30:00,83.89504
2016-08-15 03:35:00,83.89504
2016-08-15 03:40:00,83.89504
2016-08-15 03:45:00,83.89504
2016-08-15 03:50:00,83.89504
2016-08-15 03:55:00,83.89504
2016-08-15 04:00:00,83.89504
2016-08-15 04:05:00,83.89504
2016-08-15 04:10:00,83.89504
2016-08-15 04:15:00,83.89504
2016-08-15 04:20:00,83.89504
2016-08-15 04:25:00,83.89504
2016-08-15 04:30:00,83.89504
2016-08-15 04:35:00,83.88454
2016-08-15 04:40:00,83.79004
2016-08-15 04:45:00,83.63254
2016-08-15 04:50:00,83.50654
2016-08-15 04:55:00,83.31334
2016-08-15 05:00:00,82.77783
2016-08-15 05:05:00,82.22343
2016-08-15 05:10:00,81.471634
2016-08-15 05:15:00,80.747116
2016-08-15 05:20:00,80.14232
2016-08-15 05:25:00,79.72647
2016-08-15 05:30:00,79.375824
2016-08-15 05:35:00,78.99151
2016-08-15 05:40:00,78.52531
2016-08-15 05:45:00,78.10745
2016-08-15 05:50:00,77.77141
2016-08-15 05:55:00,77.65378
2016-08-15 06:00:00,77.47742
2016-08-15 06:05:00,77.20858
2016-08-15 06:10:00,76.86841
2016-08-15 06:15:00,76.55339
2016-08-15 06:20:00,76.08299
2016-08-15 06:25:00,75.30181
2016-08-15 06:30:00,74.4618
2016-08-15 06:35:00,73.798195
2016-08-15 06:40:00,73.22068
2016-08-15 06:45:00,72.53612
2016-08-15 06:50:00,71.74862
2016-08-15 06:55:00,71.22358
2016-08-15 07:00:00,70.921196
2016-08-15 07:05:00,70.75529
2016-08-15 07:10:00,70.7868
2016-08-15 07:15:00,70.977905
2016-08-15 07:20:00,70.83512
2016-08-15 07:25:00,70.38782
2016-08-15 07:30:00,69.79143
2016-08-15 07:35:00,69.33359
2016-08-15 07:40:00,69.11939
2016-08-15 07:45:00,69.24541
2016-08-15 07:50:00,69.16979
2016-08-15 07:55:00,68.8905
2016-08-15 08:00:00,68.4558
2016-08-15 08:05:00,67.836296
2016-08-15 08:10:00,67.21681
2016-08-15 08:15:00,66.77159
2016-08-15 08:20:00,66.5511
2016-08-15 08:25:00,66.10593
2016-08-15 08:30:00,65.1378
2016-08-15 08:35:00,63.91138
2016-08-15 08:40:00,62.8635
2016-08-15 08:45:00,62.002495
2016-08-15 08:50:00,61.021786
2016-08-15 08:55:00,59.93819
2016-08-15 09:00:00,58.944885
2016-08-15 09:05:00,58.163723
2016-08-15 09:10:00,57.6429
2016-08-15 09:15:00,57.115807
2016-08-15 09:20:00,56.441696
2016-08-15 09:25:00,56.06162
2016-08-15 09:30:00,55.805393
2016-08-15 09:35:00,55.175396
2016-08-15 09:40:00,54.253483
2016-08-15 09:45:00,53.426117
2016-08-15 09:50:00,52.60502
2016-08-15 09:55:00,51.391197
2016-08-15 10:00:00,49.8267
2016-08-15 10:05:00,48.110985
2016-08-15 10:10:00,46.26721
2016-08-15 10:15:00,44.312107
2016-08-15 10:20:00,42.417908
2016-08-15 10:25:00,40.861794
2016-08-15 10:30:00,39.58711
2016-08-15 10:35:00,38.6085
2016-08-15 10:40:00,37.984802
2016-08-15 10:45:00,37.470314
2016-08-15 10:50:00,36.798298
2016-08-15 10:55:00,36.067493
2016-08-15 11:00:00,35.517303
2016-08-15 11:05:00,35.070004
2016-08-15 11:10:00,34.767612
2016-08-15 11:15:00,34.818016
2016-08-15 11:20:00,35.046913
2016-08-15 11:25:00,35.21912
2016-08-15 11:30:00,35.33251
2016-08-15 11:35:00,35.46691
2016-08-15 11:40:00,35.60342
2016-08-15 11:45:00,35.815517
2016-08-15 11:50:00,36.227104
2016-08-15 11:55:00,36.7605
2016-08-15 12:00:00,45.50069
2016-08-15 12:05:00,46.02148
2016-08-15 12:10:00,46.405796
2016-08-15 12:15:00,46.48561
2016-08-15 12:20:00,46.443592
2016-08-15 12:25:00,46.45411
2016-08-15 12:30:00,46.29028
2016-08-15 12:35:00,45.8976
2016-08-15 12:40:00,45.246582
2016-08-15 12:45:00,44.454872
2016-08-15 12:50:00,43.55609
2016-08-15 12:55:00,42.60061
2016-08-15 13:00:00,41.451897
2016-08-15 13:05:00,40.34519
2016-08-15 13:10:00,39.374996
2016-08-15 13:15:00,38.18219
2016-08-15 13:20:00,36.86969
2016-08-15 13:25:00,35.374493
2016-08-15 13:30:00,33.721798
2016-08-15 13:35:00,32.1174
2016-08-15 13:40:00,30.508802
2016-08-15 13:45:00,29.103907
2016-08-15 13:50:00,28.039204
2016-08-15 13:55:00,27.314707
2016-08-15 14:00:00,26.8107
2016-08-15 14:05:00,26.187004
2016-08-15 14:10:00,25.025705
2016-08-15 14:15:00,24.06391
2016-08-15 14:20:00,23.165112
2016-08-15 14:25:00,21.753897
2016-08-15 14:30:00,20.185202
2016-08-15 14:35:00,18.685791
2016-08-15 14:40:00,17.196898
2016-08-15 14:45:00,15.62609
2016-08-15 14:50:00,14.221193
2016-08-15 14:55:00,13.282494
2016-08-15 15:00:00,13.0703945
2016-08-15 15:05:00,13.316093
2016-08-15 15:10:00,13.683594
2016-08-15 15:15:00,13.925094
2016-08-15 15:20:00,14.063702
2016-08-15 15:25:00,14.0952015
2016-08-15 15:30:00,13.994403
2016-08-15 15:35:00,13.6311035
2016-08-15 15:40:00,13.013703
2016-08-15 15:45:00,12.320694
2016-08-15 15:50:00,11.722192
2016-08-15 15:55:00,11.258094
2016-08-15 16:00:00,10.798194
2016-08-15 16:05:00,10.598698
2016-08-15 16:10:00,10.535698
2016-08-15 16:15:00,10.678497
2016-08-15 16:20:00,10.854898
2016-08-15 16:25:00,11.056498
2016-08-15 16:30:00,11.237097
2016-08-15 16:35:00,11.264394
2016-08-15 16:40:00,11.186694
2016-08-15 16:45:00,10.995594
2016-08-15 16:50:00,10.848603
2016-08-15 16:55:00,10.720501
2016-08-15 17:00:00,10.537798
2016-08-15 17:05:00,10.483197
2016-08-15 17:10:00,10.367698
2016-08-15 17:15:00,10.050598
2016-08-15 17:20:00,9.460498
2016-08-15 17:25:00,8.719196
2016-08-15 17:30:00,8.204699
2016-08-15 17:35:00,7.984199
2016-08-15 17:40:00,7.7846994
2016-08-15 17:45:00,7.4361005
2016-08-15 17:50:00,7.020301
2016-08-15 17:55:00,6.5961018
2016-08-15 18:00:00,6.190802
2016-08-15 18:05:00,5.7729015
2016-08-15 18:10:00,5.2773023
2016-08-15 18:15:00,4.8510017
2016-08-15 18:20:00,4.6032004
2016-08-15 18:25:00,4.5381002
2016-08-15 18:30:00,4.5990005
2016-08-15 18:35:00,4.6704006
2016-08-15 18:40:00,4.8069005
2016-08-15 18:45:00,5.105101
2016-08-15 18:50:00,5.4453006
2016-08-15 18:55:00,5.6784
2016-08-15 19:00:00,5.7414
2016-08-15 19:05:00,5.865299
2016-08-15 19:10:00,6.010199
2016-08-15 19:15:00,6.1445985
2016-08-15 19:20:00,6.1928983
2016-08-15 19:25:00,6.239098
2016-08-15 19:30:00,6.4112983
2016-08-15 19:35:00,6.864897
2016-08-15 19:40:00,7.3940973
2016-08-15 19:45:00,7.8014956
2016-08-15 19:50:00,8.095503
2016-08-15 19:55:00,8.282405
2016-08-15 20:00:00,8.563805
2016-08-15 20:05:00,8.931305
2016-08-15 20:10:00,9.330304
2016-08-15 20:15:00,9.508804
2016-08-15 20:20:00,9.529803
2016-08-15 20:25:00,9.603304
2016-08-15 20:30:00,9.794403
2016-08-15 20:35:00,10.119902
2016-08-15 20:40:00,10.6197
2016-08-15 20:45:00,11.125798
2016-08-15 20:50:00,11.436599
2016-08-15 20:55:00,11.428198
2016-08-15 21:00:00,11.310598
2016-08-15 21:05:00,11.184598
2016-08-15 21:10:00,11.134198
2016-08-15 21:15:00,11.266498
2016-08-15 21:20:00,11.495397
2016-08-15 21:25:00,11.684398
2016-08-15 21:30:00,11.783097
2016-08-15 21:35:00,11.885998
2016-08-15 21:40:00,12.024597
2016-08-15 21:45:00,12.230396
2016-08-15 21:50:00,12.595795
2016-08-15 21:55:00,13.097702
2016-08-15 22:00:00,13.641606
2016-08-15 22:05:00,14.034306
2016-08-15 22:10:00,14.065806
2016-08-15 22:15:00,13.778107
2016-08-15 22:20:00,13.526107
2016-08-15 22:25:00,13.534507
2016-08-15 22:30:00,13.689906
2016-08-15 22:35:00,13.958706
2016-08-15 22:40:00,14.401804
2016-08-15 22:45:00,15.029703
2016-08-15 22:50:00,15.565201
2016-08-15 22:55:00,15.8613
2016-08-15 23:00:00,15.8697
2016-08-15 23:05:00,15.714301
2016-08-15 23:10:00,15.537902
2016-08-15 23:15:00,15.372003
2016-08-15 23:20:00,15.309001
2016-08-15 23:25:00,15.512702
2016-08-15 23:30:00,15.9684
2016-08-15 23:35:00,16.7307
2016-08-15 23:40:00,17.7177
2016-08-15 23:45:00,18.845398
2016-08-15 23:50:00,20.151596
2016-08-15 23:55:00,21.503996
2016-08-16 00:00:00,22.965597
2016-08-16 00:05:00,24.50279
2016-08-16 00:10:00,26.033699
2016-08-16 00:15:00,27.402897
2016-08-16 00:20:00,28.715408
2016-08-16 00:25:00,30.16651
2016-08-16 00:30:00,31.836004
2016-08-16 00:35:00,33.6546
2016-08-16 00:40:00,35.7231
2016-08-16 00:45:00,38.06671
2016-08-16 00:50:00,40.618214
2016-08-16 00:55:00,43.4679
2016-08-16 01:00:00,46.582195
2016-08-16 01:05:00,49.841393
2016-08-16 01:10:00,53.260193
2016-08-16 01:15:00,56.80078
2016-08-16 01:20:00,60.3645
2016-08-16 01:25:00,63.634216
2016-08-16 01:30:00,66.44188
2016-08-16 01:35:00,68.44528
2016-08-16 01:40:00,70.12109
2016-08-16 01:45:00,71.6058
2016-08-16 01:50:00,73.21231
2016-08-16 01:55:00,74.96161
2016-08-16 02:00:00,76.69199
2016-08-16 02:05:00,78.39929
2016-08-16 02:10:00,79.94282
2016-08-16 02:15:00,81.637535
2016-08-16 02:20:00,83.40783
2016-08-16 02:25:00,83.89504
2016-08-16 02:30:00,83.89504
2016-08-16 02:35:00,83.89504
2016-08-16 02:40:00,83.89504
2016-08-16 02:45:00,83.89504
2016-08-16 02:50:00,83.89504
2016-08-16 02:55:00,83.89504
2016-08-16 03:00:00,83.89504
2016-08-16 03:05:00,83.89504
2016-08-16 03:10:00,83.89504
2016-08-16 03:15:00,83.89504
2016-08-16 03:20:00,83.89504
2016-08-16 03:25:00,83.89504
2016-08-16 03:30:00,83.89504
2016-08-16 03:35:00,83.89504
2016-08-16 03:40:00,83.89504
2016-08-16 03:45:00,83.89504
2016-08-16 03:50:00,83.89504
2016-08-16 03:55:00,83.89504
2016-08-16 04:00:00,83.89504
2016-08-16 04:05:00,83.89504
2016-08-16 04:10:00,83.89504
2016-08-16 04:15:00,83.89504
2016-08-16 04:20:00,83.89504
2016-08-16 04:25:00,83.89504
2016-08-16 04:30:00,83.89504
2016-08-16 04:35:00,83.89504
2016-08-16 04:40:00,83.89504
2016-08-16 04:45:00,83.89504
2016-08-16 04:50:00,83.89504
2016-08-16 04:55:00,83.89504
2016-08-16 05:00:00,83.89504
2016-08-16 05:05:00,83.89504
2016-08-16 05:10:00,83.89504
2016-08-16 05:15:00,83.89504
2016-08-16 05:20:00,83.89504
2016-08-16 05:25:00,83.89504
2016-08-16 05:30:00,83.89504
2016-08-16 05:35:00,83.89504
2016-08-16 05:40:00,83.89504
2016-08-16 05:45:00,83.89504
2016-08-16 05:50:00,83.89504
2016-08-16 05:55:00,83.89504
2016-08-16 06:00:00,83.89504
2016-08-16 06:05:00,83.89504
2016-08-16 06:10:00,83.89504
2016-08-16 06:15:00,83.89504
2016-08-16 06:20:00,83.89504
2016-08-16 06:25:00,83.89504
2016-08-16 06:30:00,83.89504
2016-08-16 06:35:00,83.89504
2016-08-16 06:40:00,83.89504
2016-08-16 06:45:00,83.89504
2016-08-16 06:50:00,83.89504
2016-08-16 06:55:00,83.89504
2016-08-16 07:00:00,83.89504
2016-08-16 07:05:00,83.89504
2016-08-16 07:10:00,83.85722
2016-08-16 07:15:00,83.68714
2016-08-16 07:20:00,83.49811
2016-08-16 07:25:00,83.30912
2016-08-16 07:30:00,83.139015
2016-08-16 07:35:00,82.95841
2016-08-16 07:40:00,82.763115
2016-08-16 07:45:00,82.51317
2016-08-16 07:50:00,82.1982
2016-08-16 07:55:00,81.80131
2016-08-16 08:00:00,81.38972
2016-08-16 08:05:00,80.98018
2016-08-16 08:10:00,80.58121
2016-08-16 08:15:00,80.15699
2016-08-16 08:20:00,79.7517
2016-08-16 08:25:00,79.3569
2016-08-16 08:30:00,78.9159
2016-08-16 08:35:00,78.3888
2016-08-16 08:40:00,77.87219
2016-08-16 08:45:00,77.25691
2016-08-16 08:50:00,76.534485
2016-08-16 08:55:00,75.7659
2016-08-16 09:00:00,74.988914
2016-08-16 09:05:00,74.1216
2016-08-16 09:10:00,73.111496
2016-08-16 09:15:00,72.00478
2016-08-16 09:20:00,71.04509
2016-08-16 09:25:00,70.28701
2016-08-16 09:30:00,69.5877
2016-08-16 09:35:00,68.93041
2016-08-16 09:40:00,68.48101
2016-08-16 09:45:00,68.3256
2016-08-16 09:50:00,68.405396
2016-08-16 09:55:00,68.590195
2016-08-16 10:00:00,68.586
2016-08-16 10:05:00,68.430595
2016-08-16 10:10:00,68.292
2016-08-16 10:15:00,67.8993
2016-08-16 10:20:00,67.340706
2016-08-16 10:25:00,66.906006
2016-08-16 10:30:00,66.689705
2016-08-16 10:35:00,66.34742
2016-08-16 10:40:00,65.78464
2016-08-16 10:45:00,64.67788
2016-08-16 10:50:00,63.010494
2016-08-16 10:55:00,60.868492
2016-08-16 11:00:00,58.161602
2016-08-16 11:05:00,55.03891
2016-08-16 11:10:00,52.00229
2016-08-16 11:15:00,48.950993
2016-08-16 11:20:00,46.449917
2016-08-16 11:25:00,44.316277
2016-08-16 11:30:00,42.47041
2016-08-16 11:35:00,40.97939
2016-08-16 11:40:00,39.90419
2016-08-16 11:45:00,39.242714
2016-08-16 11:50:00,38.640003
2016-08-16 11:55:00,37.997406
2016-08-16 12:00:00,59.999107
2016-08-16 12:05:00,59.852074
2016-08-16 12:10:00,59.274574
2016-08-16 12:15:00,58.067097
2016-08-16 12:20:00,56.63282
2016-08-16 12:25:00,55.389603
2016-08-16 12:30:00,54.331207
2016-08-16 12:35:00,53.151012
2016-08-16 12:40:00,52.092613
2016-08-16 12:45:00,50.88722
2016-08-16 12:50:00,49.404583
2016-08-16 12:55:00,47.686817
2016-08-16 13:00:00,45.70438
2016-08-16 13:05:00,43.692593
2016-08-16 13:10:00,41.674503
2016-08-16 13:15:00,39.73409
2016-08-16 13:20:00,37.86091
2016-08-16 13:25:00,36.08851
2016-08-16 13:30:00,34.46099
2016-08-16 13:35:00,33.0015
2016-08-16 13:40:00,31.592403
2016-08-16 13:45:00,30.225298
2016-08-16 13:50:00,29.0556
2016-08-16 13:55:00,28.039202
2016-08-16 14:00:00,26.930405
2016-08-16 14:05:00,25.5822
2016-08-16 14:10:00,24.089104
2016-08-16 14:15:00,22.99289
2016-08-16 14:20:00,22.350288
2016-08-16 14:25:00,21.936586
2016-08-16 14:30:00,21.350689
2016-08-16 14:35:00,20.500187
2016-08-16 14:40:00,19.679087
2016-08-16 14:45:00,18.71519
2016-08-16 14:50:00,17.677797
2016-08-16 14:55:00,16.526999
2016-08-16 15:00:00,15.260699
2016-08-16 15:05:00,14.1519
2016-08-16 15:10:00,13.326603
2016-08-16 15:15:00,12.898195
2016-08-16 15:20:00,12.959095
2016-08-16 15:25:00,13.437894
2016-08-16 15:30:00,14.023804
2016-08-16 15:35:00,14.8911
2016-08-16 15:40:00,15.571502
2016-08-16 15:45:00,16.161598
2016-08-16 15:50:00,16.8441
2016-08-16 15:55:00,17.5518
2016-08-16 16:00:00,18.234295
2016-08-16 16:05:00,18.788708
2016-08-16 16:10:00,19.376707
2016-08-16 16:15:00,19.926907
2016-08-16 16:20:00,20.323809
2016-08-16 16:25:00,20.433006
2016-08-16 16:30:00,20.300707
2016-08-16 16:35:00,19.807201
2016-08-16 16:40:00,19.036505
2016-08-16 16:45:00,18.167107
2016-08-16 16:50:00,17.159101
2016-08-16 16:55:00,15.985201
2016-08-16 17:00:00,14.897401
2016-08-16 17:05:00,13.712997
2016-08-16 17:10:00,12.539094
2016-08-16 17:15:00,11.577297
2016-08-16 17:20:00,10.768799
2016-08-16 17:25:00,9.849002
2016-08-16 17:30:00,8.830501
2016-08-16 17:35:00,7.8162026
2016-08-16 17:40:00,6.8271
2016-08-16 17:45:00,6.003899
2016-08-16 17:50:00,5.4957
2016-08-16 17:55:00,5.182798
2016-08-16 18:00:00,4.9391985
2016-08-16 18:05:00,4.792198
2016-08-16 18:10:00,4.6682982
2016-08-16 18:15:00,4.62
2016-08-16 18:20:00,4.578
2016-08-16 18:25:00,4.5653996
2016-08-16 18:30:00,4.670399
2016-08-16 18:35:00,4.8762
2016-08-16 18:40:00,5.1239996
2016-08-16 18:45:00,5.474699
2016-08-16 18:50:00,5.9010005
2016-08-16 18:55:00,6.2894998
2016-08-16 19:00:00,6.4344015
2016-08-16 19:05:00,6.468002
2016-08-16 19:10:00,6.4743023
2016-08-16 19:15:00,6.516302
2016-08-16 19:20:00,6.623402
2016-08-16 19:25:00,6.858601
2016-08-16 19:30:00,7.177801
2016-08-16 19:35:00,7.5978003
2016-08-16 19:40:00,7.961099
2016-08-16 19:45:00,8.173199
2016-08-16 19:50:00,8.171099
2016-08-16 19:55:00,8.093398
2016-08-16 20:00:00,7.967399
2016-08-16 20:05:00,7.8015
2016-08-16 20:10:00,7.6671
2016-08-16 20:15:00,7.5327005
2016-08-16 20:20:00,7.4255996
2016-08-16 20:25:00,7.4129996
2016-08-16 20:30:00,7.5221987
2016-08-16 20:35:00,7.688098
2016-08-16 20:40:00,7.8476973
2016-08-16 20:45:00,8.057697
2016-08-16 20:50:00,8.179499
2016-08-16 20:55:00,8.150099
2016-08-16 21:00:00,8.133298
2016-08-16 21:05:00,8.097599
2016-08-16 21:10:00,8.034598
2016-08-16 21:15:00,7.9736986
2016-08-16 21:20:00,8.000998
2016-08-16 21:25:00,8.036698
2016-08-16 21:30:00,8.061898
2016-08-16 21:35:00,8.080799
2016-08-16 21:40:00,8.024098
2016-08-16 21:45:00,7.912799
2016-08-16 21:50:00,7.8728986
2016-08-16 21:55:00,7.893899
2016-08-16 22:00:00,8.015701
2016-08-16 22:05:00,8.137501
2016-08-16 22:10:00,8.2992
2016-08-16 22:15:00,8.513399
2016-08-16 22:20:00,8.840999
2016-08-16 22:25:00,9.200099
2016-08-16 22:30:00,9.704097
2016-08-16 22:35:00,10.424396
2016-08-16 22:40:00,11.321101
2016-08-16 22:45:00,12.249296
2016-08-16 22:50:00,13.150193
2016-08-16 22:55:00,14.082606
2016-08-16 23:00:00,14.991904
2016-08-16 23:05:00,15.985207
2016-08-16 23:10:00,17.215801
2016-08-16 23:15:00,18.664803
2016-08-16 23:20:00,20.3448
2016-08-16 23:25:00,22.274696
2016-08-16 23:30:00,24.320091
2016-08-16 23:35:00,26.617483
2016-08-16 23:40:00,29.16478
2016-08-16 23:45:00,32.00821
2016-08-16 23:50:00,35.0931
2016-08-16 23:55:00,38.320797
2016-08-17 00:00:00,41.7396
2016-08-17 00:05:00,45.31799
2016-08-17 00:10:00,49.200897
2016-08-17 00:15:00,53.138367
2016-08-17 00:20:00,57.044373
2016-08-17 00:25:00,60.74669
2016-08-17 00:30:00,64.22223
2016-08-17 00:35:00,67.496124
2016-08-17 00:40:00,70.69648
2016-08-17 00:45:00,73.67432
2016-08-17 00:50:00,76.21322
2016-08-17 00:55:00,78.178764
2016-08-17 01:00:00,79.76426
2016-08-17 01:05:00,81.19855
2016-08-17 01:10:00,82.4061
2016-08-17 01:15:00,83.256584
2016-08-17 01:20:00,83.554825
2016-08-17 01:25:00,83.66824
2016-08-17 01:30:00,83.74384
2016-08-17 01:35:00,83.80052
2016-08-17 01:40:00,83.85722
2016-08-17 01:45:00,83.85722
2016-08-17 01:50:00,83.85722
2016-08-17 01:55:00,83.85722
2016-08-17 02:00:00,83.87611
2016-08-17 02:05:00,83.87611
2016-08-17 02:10:00,83.85722
2016-08-17 02:15:00,83.83834
2016-08-17 02:20:00,83.89504
2016-08-17 02:25:00,83.89504
2016-08-17 02:30:00,83.89504
2016-08-17 02:35:00,83.89504
2016-08-17 02:40:00,83.89504
2016-08-17 02:45:00,83.89504
2016-08-17 02:50:00,83.89504
2016-08-17 02:55:00,83.89504
2016-08-17 03:00:00,83.89504
2016-08-17 03:05:00,83.89504
2016-08-17 03:10:00,83.89504
2016-08-17 03:15:00,83.89504
2016-08-17 03:20:00,83.89504
2016-08-17 03:25:00,83.89504
2016-08-17 03:30:00,83.89504
2016-08-17 03:35:00,83.89504
2016-08-17 03:40:00,83.89504
2016-08-17 03:45:00,83.89504
2016-08-17 03:50:00,83.89504
2016-08-17 03:55:00,83.89504
2016-08-17 04:00:00,83.89504
2016-08-17 04:05:00,83.89504
2016-08-17 04:10:00,83.89504
2016-08-17 04:15:00,83.89504
2016-08-17 04:20:00,83.89504
2016-08-17 04:25:00,83.89504
2016-08-17 04:30:00,83.89504
2016-08-17 04:35:00,83.89504
2016-08-17 04:40:00,83.89504
2016-08-17 04:45:00,83.89504
2016-08-17 04:50:00,83.89504
2016-08-17 04:55:00,83.89504
2016-08-17 05:00:00,83.89504
2016-08-17 05:05:00,83.89504
2016-08-17 05:10:00,83.89504
2016-08-17 05:15:00,83.89504
2016-08-17 05:20:00,83.89504
2016-08-17 05:25:00,83.89504
2016-08-17 05:30:00,83.89504
2016-08-17 05:35:00,83.89504
2016-08-17 05:40:00,83.89504
2016-08-17 05:45:00,83.89504
2016-08-17 05:50:00,83.89504
2016-08-17 05:55:00,83.89504
2016-08-17 06:00:00,83.89504
2016-08-17 06:05:00,83.89504
2016-08-17 06:10:00,83.89504
2016-08-17 06:15:00,83.89504
2016-08-17 06:20:00,83.89504
2016-08-17 06:25:00,83.89504
2016-08-17 06:30:00,83.89504
2016-08-17 06:35:00,83.86561
2016-08-17 06:40:00,83.82572
2016-08-17 06:45:00,83.76484
2016-08-17 06:50:00,83.695526
2016-08-17 06:55:00,83.56953
2016-08-17 07:00:00,83.41414
2016-08-17 07:05:00,83.269226
2016-08-17 07:10:00,83.12431
2016-08-17 07:15:00,82.968925
2016-08-17 07:20:00,82.76522
2016-08-17 07:25:00,82.500626
2016-08-17 07:30:00,82.17717
2016-08-17 07:35:00,81.67949
2016-08-17 07:40:00,80.94242
2016-08-17 07:45:00,79.99947
2016-08-17 07:50:00,78.90961
2016-08-17 07:55:00,77.81132
2016-08-17 08:00:00,76.817986
2016-08-17 08:05:00,75.95909
2016-08-17 08:10:00,75.291306
2016-08-17 08:15:00,74.86497
2016-08-17 08:20:00,74.7117
2016-08-17 08:25:00,74.68649
2016-08-17 08:30:00,74.476494
2016-08-17 08:35:00,74.19718
2016-08-17 08:40:00,74.1069
2016-08-17 08:45:00,73.844376
2016-08-17 08:50:00,73.3782
2016-08-17 08:55:00,72.92669
2016-08-17 09:00:00,72.53189
2016-08-17 09:05:00,72.124504
2016-08-17 09:10:00,71.5449
2016-08-17 09:15:00,71.1417
2016-08-17 09:20:00,71.05348
2016-08-17 09:25:00,71.231995
2016-08-17 09:30:00,71.61841
2016-08-17 09:35:00,71.851524
2016-08-17 09:40:00,71.89349
2016-08-17 09:45:00,71.61629
2016-08-17 09:50:00,71.00099
2016-08-17 09:55:00,69.99929
2016-08-17 10:00:00,68.51459
2016-08-17 10:05:00,66.754814
2016-08-17 10:10:00,64.953
2016-08-17 10:15:00,63.514458
2016-08-17 10:20:00,62.676594
2016-08-17 10:25:00,62.39099
2016-08-17 10:30:00,62.08649
2016-08-17 10:35:00,61.544685
2016-08-17 10:40:00,60.85169
2016-08-17 10:45:00,59.770176
2016-08-17 10:50:00,58.2351
2016-08-17 10:55:00,56.853264
2016-08-17 11:00:00,55.74871
2016-08-17 11:05:00,54.6126
2016-08-17 11:10:00,53.470177
2016-08-17 11:15:00,52.500004
2016-08-17 11:20:00,51.57181
2016-08-17 11:25:00,50.767498
2016-08-17 11:30:00,50.118607
2016-08-17 11:35:00,49.736423
2016-08-17 11:40:00,49.557888
2016-08-17 11:45:00,49.452908
2016-08-17 11:50:00,49.240807
2016-08-17 11:55:00,49.326885
2016-08-17 12:00:00,49.400406
2016-08-17 12:05:00,68.9724
2016-08-17 12:10:00,69.29158
2016-08-17 12:15:00,69.1992
2016-08-17 12:20:00,68.586006
2016-08-17 12:25:00,67.61578
2016-08-17 12:30:00,66.65401
2016-08-17 12:35:00,65.72161
2016-08-17 12:40:00,64.61488
2016-08-17 12:45:00,63.474583
2016-08-17 12:50:00,62.311188
2016-08-17 12:55:00,60.97348
2016-08-17 13:00:00,59.287197
2016-08-17 13:05:00,57.2103
2016-08-17 13:10:00,55.055725
2016-08-17 13:15:00,53.027096
2016-08-17 13:20:00,51.195877
2016-08-17 13:25:00,49.5033
2016-08-17 13:30:00,48.140404
2016-08-17 13:35:00,47.065224
2016-08-17 13:40:00,45.98371
2016-08-17 13:45:00,44.629208
2016-08-17 13:50:00,43.03111
2016-08-17 13:55:00,41.28179
2016-08-17 14:00:00,39.372887
2016-08-17 14:05:00,37.14899
2016-08-17 14:10:00,35.030106
2016-08-17 14:15:00,33.072906
2016-08-17 14:20:00,30.647402
2016-08-17 14:25:00,27.661205
2016-08-17 14:30:00,24.389395
2016-08-17 14:35:00,21.4515
2016-08-17 14:40:00,19.412405
2016-08-17 14:45:00,18.601807
2016-08-17 14:50:00,18.112497
2016-08-17 14:55:00,17.824791
2016-08-17 15:00:00,17.553892
2016-08-17 15:05:00,17.236794
2016-08-17 15:10:00,16.894497
2016-08-17 15:15:00,16.426199
2016-08-17 15:20:00,16.149002
2016-08-17 15:25:00,16.100702
2016-08-17 15:30:00,16.233002
2016-08-17 15:35:00,16.661398
2016-08-17 15:40:00,17.135996
2016-08-17 15:45:00,17.761795
2016-08-17 15:50:00,18.528296
2016-08-17 15:55:00,19.326294
2016-08-17 16:00:00,20.23351
2016-08-17 16:05:00,21.048306
2016-08-17 16:10:00,21.403206
2016-08-17 16:15:00,21.693005
2016-08-17 16:20:00,22.016407
2016-08-17 16:25:00,22.115103
2016-08-17 16:30:00,22.014303
2016-08-17 16:35:00,21.921904
2016-08-17 16:40:00,21.921904
2016-08-17 16:45:00,21.884096
2016-08-17 16:50:00,21.8127
2016-08-17 16:55:00,21.485098
2016-08-17 17:00:00,20.817299
2016-08-17 17:05:00,19.950003
2016-08-17 17:10:00,18.923105
2016-08-17 17:15:00,17.671509
2016-08-17 17:20:00,16.367401
2016-08-17 17:25:00,15.0969
2016-08-17 17:30:00,13.994396
2016-08-17 17:35:00,13.070398
2016-08-17 17:40:00,12.293395
2016-08-17 17:45:00,11.594098
2016-08-17 17:50:00,10.941001
2016-08-17 17:55:00,10.229102
2016-08-17 18:00:00,9.481501
2016-08-17 18:05:00,8.691902
2016-08-17 18:10:00,7.9464
2016-08-17 18:15:00,7.385697
2016-08-17 18:20:00,6.967798
2016-08-17 18:25:00,6.6128993
2016-08-17 18:30:00,6.2684984
2016-08-17 18:35:00,5.9618983
2016-08-17 18:40:00,5.684699
2016-08-17 18:45:00,5.3612995
2016-08-17 18:50:00,4.989601
2016-08-17 18:55:00,4.4352
2016-08-17 19:00:00,3.8492997
2016-08-17 19:05:00,3.2949002
2016-08-17 19:10:00,2.7867005
2016-08-17 19:15:00,2.2827003
2016-08-17 19:20:00,1.7555996
2016-08-17 19:25:00,1.2516005
2016-08-17 19:30:00,0.8820003
2016-08-17 19:35:00,0.68880004
2016-08-17 19:40:00,0.56070006
2016-08-17 19:45:00,0.4052999
2016-08-17 19:50:00,0.30660003
2016-08-17 19:55:00,0.28770003
2016-08-17 20:00:00,0.3444
2016-08-17 20:05:00,0.38219997
2016-08-17 20:10:00,0.41789997
2016-08-17 20:15:00,0.47460002
2016-08-17 20:20:00,0.51239985
2016-08-17 20:25:00,0.48299995
2016-08-17 20:30:00,0.4641
2016-08-17 20:35:00,0.5312999
2016-08-17 20:40:00,0.60690004
2016-08-17 20:45:00,0.72239995
2016-08-17 20:50:00,0.7895999
2016-08-17 20:55:00,0.84630024
2016-08-17 21:00:00,0.8652002
2016-08-17 21:05:00,0.90300024
2016-08-17 21:10:00,0.94920003
2016-08-17 21:15:00,1.0269
2016-08-17 21:20:00,1.1319
2016-08-17 21:25:00,1.1970004
2016-08-17 21:30:00,1.3188002
2016-08-17 21:35:00,1.4405999
2016-08-17 21:40:00,1.5581996
2016-08-17 21:45:00,1.6359004
2016-08-17 21:50:00,1.7997
2016-08-17 21:55:00,2.0663998
2016-08-17 22:00:00,2.2868998
2016-08-17 22:05:00,2.5158007
2016-08-17 22:10:00,2.6943004
2016-08-17 22:15:00,2.8307998
2016-08-17 22:20:00,2.9315994
2016-08-17 22:25:00,2.9861994
2016-08-17 22:30:00,3.0932996
2016-08-17 22:35:00,3.3011992
2016-08-17 22:40:00,3.6435
2016-08-17 22:45:00,4.057201
2016-08-17 22:50:00,4.3217993
2016-08-17 22:55:00,4.443599
2016-08-17 23:00:00,4.6052985
2016-08-17 23:05:00,4.7669983
2016-08-17 23:10:00,4.939202
2016-08-17 23:15:00,5.2248015
2016-08-17 23:20:00,5.5650005
2016-08-17 23:25:00,5.9556
2016-08-17 23:30:00,6.3693023
2016-08-17 23:35:00,6.875402
2016-08-17 23:40:00,7.4550014
2016-08-17 23:45:00,8.232
2016-08-17 23:50:00,9.145498
2016-08-17 23:55:00,10.319396
2016-08-18 00:00:00,11.600399
2016-08-18 00:05:00,12.946502
2016-08-18 00:10:00,14.345105
2016-08-18 00:15:00,15.663902
2016-08-18 00:20:00,16.770601
2016-08-18 00:25:00,17.665203
2016-08-18 00:30:00,18.507303
2016-08-18 00:35:00,19.576202
2016-08-18 00:40:00,20.834099
2016-08-18 00:45:00,22.427996
2016-08-18 00:50:00,24.523787
2016-08-18 00:55:00,26.749786
2016-08-18 01:00:00,29.070303
2016-08-18 01:05:00,31.621801
2016-08-18 01:10:00,34.37071
2016-08-18 01:15:00,36.97471
2016-08-18 01:20:00,39.465317
2016-08-18 01:25:00,42.0357
2016-08-18 01:30:00,44.5914
2016-08-18 01:35:00,47.09251
2016-08-18 01:40:00,49.461308
2016-08-18 01:45:00,51.542393
2016-08-18 01:50:00,53.287502
2016-08-18 01:55:00,54.79742
2016-08-18 02:00:00,56.030094
2016-08-18 02:05:00,57.327904
2016-08-18 02:10:00,59.17381
2016-08-18 02:15:00,62.258713
2016-08-18 02:20:00,65.78881
2016-08-18 02:25:00,69.2727
2016-08-18 02:30:00,72.471016
2016-08-18 02:35:00,75.933914
2016-08-18 02:40:00,79.029305
2016-08-18 02:45:00,81.15662
2016-08-18 02:50:00,82.67696
2016-08-18 02:55:00,83.40151
2016-08-18 03:00:00,83.781624
2016-08-18 03:05:00,83.89504
2016-08-18 03:10:00,83.89504
2016-08-18 03:15:00,83.89504
2016-08-18 03:20:00,83.89504
2016-08-18 03:25:00,83.89504
2016-08-18 03:30:00,83.89504
2016-08-18 03:35:00,83.89504
2016-08-18 03:40:00,83.89504
2016-08-18 03:45:00,83.89504
2016-08-18 03:50:00,83.89504
2016-08-18 03:55:00,83.89504
2016-08-18 04:00:00,83.89504
2016-08-18 04:05:00,83.89504
2016-08-18 04:10:00,83.89504
2016-08-18 04:15:00,83.89504
2016-08-18 04:20:00,83.88454
2016-08-18 04:25:00,83.79004
2016-08-18 04:30:00,83.62203
2016-08-18 04:35:00,83.401535
2016-08-18 04:40:00,82.80513
2016-08-18 04:45:00,81.301544
2016-08-18 04:50:00,79.85671
2016-08-18 04:55:00,78.24809
2016-08-18 05:00:00,76.20692
2016-08-18 05:05:00,74.4744
2016-08-18 05:10:00,73.22279
2016-08-18 05:15:00,72.059395
2016-08-18 05:20:00,70.7364
2016-08-18 05:25:00,69.299995
2016-08-18 05:30:00,67.50031
2016-08-18 05:35:00,65.4024
2016-08-18 05:40:00,63.233112
2016-08-18 05:45:00,61.2003
2016-08-18 05:50:00,59.272488
2016-08-18 05:55:00,57.470688
2016-08-18 06:00:00,55.53659
2016-08-18 06:05:00,53.629772
2016-08-18 06:10:00,52.054794
2016-08-18 06:15:00,50.9796
2016-08-18 06:20:00,50.162704
2016-08-18 06:25:00,49.610405
2016-08-18 06:30:00,49.12741
2016-08-18 06:35:00,48.75151
2016-08-18 06:40:00,48.497425
2016-08-18 06:45:00,47.86531
2016-08-18 06:50:00,46.437317
2016-08-18 06:55:00,44.517902
2016-08-18 07:00:00,42.31501
2016-08-18 07:05:00,39.9567
2016-08-18 07:10:00,37.64671
2016-08-18 07:15:00,35.370293
2016-08-18 07:20:00,32.9301
2016-08-18 07:25:00,30.502491
2016-08-18 07:30:00,27.58559
2016-08-18 07:35:00,24.238195
2016-08-18 07:40:00,21.012604
2016-08-18 07:45:00,18.282604
2016-08-18 07:50:00,16.142702
2016-08-18 07:55:00,14.6159935
2016-08-18 08:00:00,13.383297
2016-08-18 08:05:00,12.211498
2016-08-18 08:10:00,10.878003
2016-08-18 08:15:00,9.513004
2016-08-18 08:20:00,8.481902
2016-08-18 08:25:00,7.805696
2016-08-18 08:30:00,7.347898
2016-08-18 08:35:00,6.8480997
2016-08-18 08:40:00,6.1698008
2016-08-18 08:45:00,5.184901
2016-08-18 08:50:00,4.0761003
2016-08-18 08:55:00,2.8938003
2016-08-18 09:00:00,2.0265005
2016-08-18 09:05:00,1.4300996
2016-08-18 09:10:00,1.1487005
2016-08-18 09:15:00,1.0478997
2016-08-18 09:20:00,0.97860014
2016-08-18 09:25:00,0.89460033
2016-08-18 09:30:00,0.70559967
2016-08-18 09:35:00,0.4304999
2016-08-18 09:40:00,0.27510002
2016-08-18 09:45:00,0.1155
2016-08-18 09:50:00,0.0525
2016-08-18 09:55:00,0.021000002
2016-08-18 10:00:00,0.0
2016-08-18 10:05:00,0.0
2016-08-18 10:10:00,0.0
2016-08-18 10:15:00,0.0
2016-08-18 10:20:00,0.0
2016-08-18 10:25:00,0.0
2016-08-18 10:30:00,0.0
2016-08-18 10:35:00,0.0
2016-08-18 10:40:00,0.0
2016-08-18 10:45:00,0.0
2016-08-18 10:50:00,0.0
2016-08-18 10:55:00,0.0
2016-08-18 11:00:00,0.0
2016-08-18 11:05:00,0.0
2016-08-18 11:10:00,0.0
2016-08-18 11:15:00,0.0
2016-08-18 11:20:00,0.0
2016-08-18 11:25:00,0.0
2016-08-18 11:30:00,0.0
2016-08-18 11:35:00,0.0
2016-08-18 11:40:00,0.0
2016-08-18 11:45:00,0.0
2016-08-18 11:50:00,0.0
2016-08-18 11:55:00,0.0
2016-08-18 12:00:00,0.0
2016-08-18 12:05:00,0.0
2016-08-18 12:10:00,0.0
2016-08-18 12:15:00,0.0
2016-08-18 12:20:00,0.0
2016-08-18 12:25:00,0.0
2016-08-18 12:30:00,0.0
2016-08-18 12:35:00,0.0
2016-08-18 12:40:00,0.0
2016-08-18 12:45:00,0.0
2016-08-18 12:50:00,0.0
2016-08-18 12:55:00,0.0
2016-08-18 13:00:00,0.0
2016-08-18 13:05:00,0.0
2016-08-18 13:10:00,0.0
2016-08-18 13:15:00,0.0
2016-08-18 13:20:00,0.0
2016-08-18 13:25:00,0.0
2016-08-18 13:30:00,0.0
2016-08-18 13:35:00,0.0
2016-08-18 13:40:00,0.0
2016-08-18 13:45:00,0.0
2016-08-18 13:50:00,0.0
2016-08-18 13:55:00,0.0
2016-08-18 14:00:00,0.0
2016-08-18 14:05:00,0.0
2016-08-18 14:10:00,0.0
2016-08-18 14:15:00,0.0
2016-08-18 14:20:00,0.0
2016-08-18 14:25:00,0.0
2016-08-18 14:30:00,0.0
2016-08-18 14:35:00,0.0
2016-08-18 14:40:00,0.0
2016-08-18 14:45:00,0.0
2016-08-18 14:50:00,0.0
2016-08-18 14:55:00,0.0
2016-08-18 15:00:00,0.0
2016-08-18 15:05:00,0.0
2016-08-18 15:10:00,0.0
2016-08-18 15:15:00,0.0
2016-08-18 15:20:00,0.0
2016-08-18 15:25:00,0.0
2016-08-18 15:30:00,0.0
2016-08-18 15:35:00,0.0
2016-08-18 15:40:00,0.0
2016-08-18 15:45:00,0.0
2016-08-18 15:50:00,0.0
2016-08-18 15:55:00,0.0
2016-08-18 16:00:00,0.0
2016-08-18 16:05:00,0.0
2016-08-18 16:10:00,0.0
2016-08-18 16:15:00,0.0
2016-08-18 16:20:00,0.0
2016-08-18 16:25:00,0.0
2016-08-18 16:30:00,0.0
2016-08-18 16:35:00,0.0
2016-08-18 16:40:00,0.0
2016-08-18 16:45:00,0.0
2016-08-18 16:50:00,0.0
2016-08-18 16:55:00,0.010500001
2016-08-18 17:00:00,0.010500001
2016-08-18 17:05:00,0.029400002
2016-08-18 17:10:00,0.0483
2016-08-18 17:15:00,0.13859996
2016-08-18 17:20:00,0.24780005
2016-08-18 17:25:00,0.36539993
2016-08-18 17:30:00,0.44940016
2016-08-18 17:35:00,0.4704001
2016-08-18 17:40:00,0.4599001
2016-08-18 17:45:00,0.42000005
2016-08-18 17:50:00,0.4053
2016-08-18 17:55:00,0.4263
2016-08-18 18:00:00,0.43679994
2016-08-18 18:05:00,0.43679994
2016-08-18 18:10:00,0.43049997
2016-08-18 18:15:00,0.44729993
2016-08-18 18:20:00,0.42
2016-08-18 18:25:00,0.39899996
2016-08-18 18:30:00,0.42209992
2016-08-18 18:35:00,0.4976999
2016-08-18 18:40:00,0.6447
2016-08-18 18:45:00,0.7665
2016-08-18 18:50:00,0.92190003
2016-08-18 18:55:00,1.0226998
2016-08-18 19:00:00,1.0499997
2016-08-18 19:05:00,0.9239999
2016-08-18 19:10:00,0.8169002
2016-08-18 19:15:00,0.7896002
2016-08-18 19:20:00,0.8379002
2016-08-18 19:25:00,0.9995998
2016-08-18 19:30:00,1.2221997
2016-08-18 19:35:00,1.3817997
2016-08-18 19:40:00,1.4153999
2016-08-18 19:45:00,1.3545002
2016-08-18 19:50:00,1.2663003
2016-08-18 19:55:00,1.2978002
2016-08-18 20:00:00,1.4028002
2016-08-18 20:05:00,1.6127998
2016-08-18 20:10:00,1.7891997
2016-08-18 20:15:00,1.8585004
2016-08-18 20:20:00,1.8102002
2016-08-18 20:25:00,1.6211998
2016-08-18 20:30:00,1.3734
2016-08-18 20:35:00,1.1025
2016-08-18 20:40:00,0.90510005
2016-08-18 20:45:00,0.76440006
2016-08-18 20:50:00,0.69299996
2016-08-18 20:55:00,0.7308
2016-08-18 21:00:00,0.84419996
2016-08-18 21:05:00,0.92399985
2016-08-18 21:10:00,0.9387001
2016-08-18 21:15:00,0.8714999
2016-08-18 21:20:00,0.68250006
2016-08-18 21:25:00,0.56279993
2016-08-18 21:30:00,0.4179
2016-08-18 21:35:00,0.45149988
2016-08-18 21:40:00,0.6047999
2016-08-18 21:45:00,0.82739985
2016-08-18 21:50:00,0.7602002
2016-08-18 21:55:00,0.48510006
2016-08-18 22:00:00,0.21839994
2016-08-18 22:05:00,0.14910002
2016-08-18 22:10:00,0.19320002
2016-08-18 22:15:00,0.22889999
2016-08-18 22:20:00,0.22680002
2016-08-18 22:25:00,0.15119998
2016-08-18 22:30:00,0.0819
2016-08-18 22:35:00,0.0357
2016-08-18 22:40:00,0.016800001
2016-08-18 22:45:00,0.008400001
2016-08-18 22:50:00,0.018900001
2016-08-18 22:55:00,0.018900001
2016-08-18 23:00:00,0.037800003
2016-08-18 23:05:00,0.018900001
2016-08-18 23:10:00,0.0
2016-08-18 23:15:00,0.0
2016-08-18 23:20:00,0.0
2016-08-18 23:25:00,0.0
2016-08-18 23:30:00,0.0
2016-08-18 23:35:00,0.0
2016-08-18 23:40:00,0.0
2016-08-18 23:45:00,0.010500001
2016-08-18 23:50:00,0.021000002
2016-08-18 23:55:00,0.021000002
2016-08-19 00:00:00,0.010500001
2016-08-19 00:05:00,0.0
2016-08-19 00:10:00,0.0
2016-08-19 00:15:00,0.0
2016-08-19 00:20:00,0.0
2016-08-19 00:25:00,0.037800003
2016-08-19 00:30:00,0.0945
2016-08-19 00:35:00,0.0945
2016-08-19 00:40:00,0.075600006
2016-08-19 00:45:00,0.037800003
2016-08-19 00:50:00,0.0
2016-08-19 00:55:00,0.0
2016-08-19 01:00:00,0.0
2016-08-19 01:05:00,0.0
2016-08-19 01:10:00,0.0
2016-08-19 01:15:00,0.0
2016-08-19 01:20:00,0.014700001
2016-08-19 01:25:00,0.088199995
2016-08-19 01:30:00,0.25620002
2016-08-19 01:35:00,0.38849995
2016-08-19 01:40:00,0.5418
2016-08-19 01:45:00,0.89880013
2016-08-19 01:50:00,1.2515999
2016-08-19 01:55:00,1.5308998
2016-08-19 02:00:00,2.0600998
2016-08-19 02:05:00,2.7089987
2016-08-19 02:10:00,3.4313996
2016-08-19 02:15:00,4.6893005
2016-08-19 02:20:00,6.4365005
2016-08-19 02:25:00,8.131198
2016-08-19 02:30:00,9.363898
2016-08-19 02:35:00,9.960299
2016-08-19 02:40:00,10.258498
2016-08-19 02:45:00,11.478597
2016-08-19 02:50:00,14.149802
2016-08-19 02:55:00,17.541298
2016-08-19 03:00:00,20.166294
2016-08-19 03:05:00,21.449392
2016-08-19 03:10:00,23.09999
2016-08-19 03:15:00,26.323484
2016-08-19 03:20:00,31.976692
2016-08-19 03:25:00,38.451015
2016-08-19 03:30:00,43.76819
2016-08-19 03:35:00,47.050465
2016-08-19 03:40:00,46.89932
2016-08-19 03:45:00,43.415424
2016-08-19 03:50:00,38.44258
2016-08-19 03:55:00,33.138004
2016-08-19 04:00:00,28.463417
2016-08-19 04:05:00,24.8829
2016-08-19 04:10:00,22.646389
2016-08-19 04:15:00,22.049992
2016-08-19 04:20:00,22.829092
2016-08-19 04:25:00,23.956795
2016-08-19 04:30:00,25.277699
2016-08-19 04:35:00,26.3487
2016-08-19 04:40:00,26.882097
2016-08-19 04:45:00,26.8632
2016-08-19 04:50:00,26.7624
2016-08-19 04:55:00,26.991299
2016-08-19 05:00:00,27.308397
2016-08-19 05:05:00,27.497396
2016-08-19 05:10:00,27.457495
2016-08-19 05:15:00,26.77289
2016-08-19 05:20:00,25.447786
2016-08-19 05:25:00,23.860191
2016-08-19 05:30:00,22.516188
2016-08-19 05:35:00,21.350689
2016-08-19 05:40:00,20.199892
2016-08-19 05:45:00,19.086895
2016-08-19 05:50:00,17.805899
2016-08-19 05:55:00,16.117502
2016-08-19 06:00:00,13.981796
2016-08-19 06:05:00,11.648695
2016-08-19 06:10:00,9.569698
2016-08-19 06:15:00,7.9610996
2016-08-19 06:20:00,6.8418007
2016-08-19 06:25:00,5.8359027
2016-08-19 06:30:00,5.088299
2016-08-19 06:35:00,4.7900996
2016-08-19 06:40:00,4.9266
2016-08-19 06:45:00,5.3822994
2016-08-19 06:50:00,5.9135985
2016-08-19 06:55:00,6.241198
2016-08-19 07:00:00,6.4595976
2016-08-19 07:05:00,7.024501
2016-08-19 07:10:00,7.9862995
2016-08-19 07:15:00,8.746498
2016-08-19 07:20:00,9.706199
2016-08-19 07:25:00,11.006095
2016-08-19 07:30:00,11.6025
2016-08-19 07:35:00,11.043902
2016-08-19 07:40:00,10.823401
2016-08-19 07:45:00,11.625599
2016-08-19 07:50:00,12.961202
2016-08-19 07:55:00,14.198098
2016-08-19 08:00:00,15.243896
2016-08-19 08:05:00,16.062897
2016-08-19 08:10:00,16.690804
2016-08-19 08:15:00,16.7097
2016-08-19 08:20:00,15.999901
2016-08-19 08:25:00,15.300598
2016-08-19 08:30:00,14.311499
2016-08-19 08:35:00,13.3497
2016-08-19 08:40:00,12.077097
2016-08-19 08:45:00,10.6197
2016-08-19 08:50:00,9.918298
2016-08-19 08:55:00,9.3281975
2016-08-19 09:00:00,8.849396
2016-08-19 09:05:00,9.2736025
2016-08-19 09:10:00,10.367704
2016-08-19 09:15:00,12.255601
2016-08-19 09:20:00,14.552998
2016-08-19 09:25:00,16.050297
2016-08-19 09:30:00,17.228397
2016-08-19 09:35:00,18.513603
2016-08-19 09:40:00,19.380905
2016-08-19 09:45:00,19.796705
2016-08-19 09:50:00,20.172604
2016-08-19 09:55:00,20.286009
2016-08-19 10:00:00,20.16841
2016-08-19 10:05:00,20.22511
2016-08-19 10:10:00,20.233511
2016-08-19 10:15:00,19.817705
2016-08-19 10:20:00,19.128908
2016-08-19 10:25:00,18.2049
2016-08-19 10:30:00,16.888199
2016-08-19 10:35:00,15.365691
2016-08-19 10:40:00,14.021691
2016-08-19 10:45:00,12.8351965
2016-08-19 10:50:00,11.657101
2016-08-19 10:55:00,10.668002
2016-08-19 11:00:00,9.781804
2016-08-19 11:05:00,9.051002
2016-08-19 11:10:00,8.427303
2016-08-19 11:15:00,7.870797
2016-08-19 11:20:00,7.364699
2016-08-19 11:25:00,6.8775
2016-08-19 11:30:00,6.392401
2016-08-19 11:35:00,5.9471993
2016-08-19 11:40:00,5.623799
2016-08-19 11:45:00,5.3213987
2016-08-19 11:50:00,5.1428986
2016-08-19 11:55:00,5.1491985
2016-08-19 12:00:00,13.540797
2016-08-19 12:05:00,14.8469925
2016-08-19 12:10:00,16.5648
2016-08-19 12:15:00,18.883205
2016-08-19 12:20:00,21.472496
2016-08-19 12:25:00,23.66699
2016-08-19 12:30:00,25.029888
2016-08-19 12:35:00,25.972786
2016-08-19 12:40:00,26.932499
2016-08-19 12:45:00,28.137894
2016-08-19 12:50:00,29.412611
2016-08-19 12:55:00,30.590708
2016-08-19 13:00:00,31.72261
2016-08-19 13:05:00,32.82721
2016-08-19 13:10:00,33.852005
2016-08-19 13:15:00,34.35811
2016-08-19 13:20:00,34.221607
2016-08-19 13:25:00,33.814213
2016-08-19 13:30:00,33.425713
2016-08-19 13:35:00,33.35641
2016-08-19 13:40:00,33.56221
2016-08-19 13:45:00,33.921307
2016-08-19 13:50:00,34.146004
2016-08-19 13:55:00,33.98641
2016-08-19 14:00:00,33.522312
2016-08-19 14:05:00,32.699104
2016-08-19 14:10:00,31.071608
2016-08-19 14:15:00,28.163078
2016-08-19 14:20:00,25.025688
2016-08-19 14:25:00,22.262096
2016-08-19 14:30:00,20.130602
2016-08-19 14:35:00,19.185596
2016-08-19 14:40:00,18.979795
2016-08-19 14:45:00,19.240196
2016-08-19 14:50:00,19.914293
2016-08-19 14:55:00,20.859304
2016-08-19 15:00:00,21.879902
2016-08-19 15:05:00,22.7535
2016-08-19 15:10:00,23.3919
2016-08-19 15:15:00,24.032398
2016-08-19 15:20:00,24.790499
2016-08-19 15:25:00,25.571707
2016-08-19 15:30:00,26.567102
2016-08-19 15:35:00,27.7578
2016-08-19 15:40:00,28.874996
2016-08-19 15:45:00,29.86201
2016-08-19 15:50:00,30.546608
2016-08-19 15:55:00,30.926706
2016-08-19 16:00:00,31.390812
2016-08-19 16:05:00,31.989311
2016-08-19 16:10:00,32.524807
2016-08-19 16:15:00,32.997295
2016-08-19 16:20:00,32.9112
2016-08-19 16:25:00,32.043903
2016-08-19 16:30:00,31.279484
2016-08-19 16:35:00,31.2795
2016-08-19 16:40:00,31.644909
2016-08-19 16:45:00,31.279512
2016-08-19 16:50:00,30.261013
2016-08-19 16:55:00,29.215202
2016-08-19 17:00:00,28.358404
2016-08-19 17:05:00,27.7305
2016-08-19 17:10:00,27.2223
2016-08-19 17:15:00,26.943
2016-08-19 17:20:00,26.800201
2016-08-19 17:25:00,26.741383
2016-08-19 17:30:00,26.74349
2016-08-19 17:35:00,26.96819
2016-08-19 17:40:00,27.362982
2016-08-19 17:45:00,27.77039
2016-08-19 17:50:00,28.12739
2016-08-19 17:55:00,28.427706
2016-08-19 18:00:00,28.606203
2016-08-19 18:05:00,28.778404
2016-08-19 18:10:00,28.830904
2016-08-19 18:15:00,28.889704
2016-08-19 18:20:00,29.019903
2016-08-19 18:25:00,29.303402
2016-08-19 18:30:00,29.6121
2016-08-19 18:35:00,29.8746
2016-08-19 18:40:00,30.307201
2016-08-19 18:45:00,30.832212
2016-08-19 18:50:00,31.304712
2016-08-19 18:55:00,31.61761
2016-08-19 19:00:00,31.78771
2016-08-19 19:05:00,31.89061
2016-08-19 19:10:00,31.87591
2016-08-19 19:15:00,31.83811
2016-08-19 19:20:00,31.95991
2016-08-19 19:25:00,32.19721
2016-08-19 19:30:00,32.493305
2016-08-19 19:35:00,32.844
2016-08-19 19:40:00,33.081303
2016-08-19 19:45:00,33.251404
2016-08-19 19:50:00,33.3123
2016-08-19 19:55:00,32.991005
2016-08-19 20:00:00,32.40511
2016-08-19 20:05:00,31.56301
2016-08-19 20:10:00,30.496206
2016-08-19 20:15:00,29.38111
2016-08-19 20:20:00,28.536911
2016-08-19 20:25:00,28.024496
2016-08-19 20:30:00,27.558298
2016-08-19 20:35:00,27.205498
2016-08-19 20:40:00,26.934599
2016-08-19 20:45:00,26.7498
2016-08-19 20:50:00,26.5629
2016-08-19 20:55:00,26.329802
2016-08-19 21:00:00,26.094603
2016-08-19 21:05:00,25.754404
2016-08-19 21:10:00,25.315506
2016-08-19 21:15:00,24.912306
2016-08-19 21:20:00,24.500692
2016-08-19 21:25:00,24.086994
2016-08-19 21:30:00,23.729994
2016-08-19 21:35:00,23.324696
2016-08-19 21:40:00,22.787094
2016-08-19 21:45:00,22.115095
2016-08-19 21:50:00,21.291899
2016-08-19 21:55:00,20.464495
2016-08-19 22:00:00,19.714798
2016-08-19 22:05:00,18.992401
2016-08-19 22:10:00,18.4023
2016-08-19 22:15:00,17.929802
2016-08-19 22:20:00,17.5392
2016-08-19 22:25:00,17.112902
2016-08-19 22:30:00,16.707602
2016-08-19 22:35:00,16.201502
2016-08-19 22:40:00,15.598804
2016-08-19 22:45:00,15.130506
2016-08-19 22:50:00,14.727307
2016-08-19 22:55:00,14.3703
2016-08-19 23:00:00,14.036402
2016-08-19 23:05:00,13.761299
2016-08-19 23:10:00,13.471499
2016-08-19 23:15:00,13.152301
2016-08-19 23:20:00,12.793202
2016-08-19 23:25:00,12.484502
2016-08-19 23:30:00,12.165303
2016-08-19 23:35:00,11.818797
2016-08-19 23:40:00,11.417694
2016-08-19 23:45:00,10.966196
2016-08-19 23:50:00,10.449597
2016-08-19 23:55:00,10.000198
2016-08-20 00:00:00,9.563401
2016-08-20 00:05:00,9.1371
2016-08-20 00:10:00,8.624698
2016-08-20 00:15:00,8.173198
2016-08-20 00:20:00,7.7384987
2016-08-20 00:25:00,7.3037996
2016-08-20 00:30:00,6.9950986
2016-08-20 00:35:00,6.8018994
2016-08-20 00:40:00,6.6822
2016-08-20 00:45:00,6.6528006
2016-08-20 00:50:00,6.743101
2016-08-20 00:55:00,6.967801
2016-08-20 01:00:00,7.2639
2016-08-20 01:05:00,7.5620995
2016-08-20 01:10:00,7.9716
2016-08-20 01:15:00,8.4777
2016-08-20 01:20:00,8.992197
2016-08-20 01:25:00,9.422701
2016-08-20 01:30:00,9.8028
2016-08-20 01:35:00,10.1241
2016-08-20 01:40:00,10.3907995
2016-08-20 01:45:00,10.783499
2016-08-20 01:50:00,11.646604
2016-08-20 01:55:00,12.927599
2016-08-20 02:00:00,14.527799
2016-08-20 02:05:00,15.865495
2016-08-20 02:10:00,16.8525
2016-08-20 02:15:00,18.291008
2016-08-20 02:20:00,20.9874
2016-08-20 02:25:00,24.074394
2016-08-20 02:30:00,26.476784
2016-08-20 02:35:00,28.318495
2016-08-20 02:40:00,29.719198
2016-08-20 02:45:00,30.697813
2016-08-20 02:50:00,31.342512
2016-08-20 02:55:00,31.754108
2016-08-20 03:00:00,31.680607
2016-08-20 03:05:00,30.93511
2016-08-20 03:10:00,29.939701
2016-08-20 03:15:00,28.700705
2016-08-20 03:20:00,26.737194
2016-08-20 03:25:00,23.933699
2016-08-20 03:30:00,21.210001
2016-08-20 03:35:00,18.883205
2016-08-20 03:40:00,16.862999
2016-08-20 03:45:00,14.945701
2016-08-20 03:50:00,13.372805
2016-08-20 03:55:00,12.077102
2016-08-20 04:00:00,11.220303
2016-08-20 04:05:00,10.739398
2016-08-20 04:10:00,10.537798
2016-08-20 04:15:00,10.346699
2016-08-20 04:20:00,10.008599
2016-08-20 04:25:00,9.466801
2016-08-20 04:30:00,8.700299
2016-08-20 04:35:00,7.776299
2016-08-20 04:40:00,6.8690968
2016-08-20 04:45:00,5.9555984
2016-08-20 04:50:00,4.9770007
2016-08-20 04:55:00,3.9647994
2016-08-20 05:00:00,2.9757
2016-08-20 05:05:00,2.1020997
2016-08-20 05:10:00,1.2810003
2016-08-20 05:15:00,0.6069001
2016-08-20 05:20:00,0.22469997
2016-08-20 05:25:00,0.07769999
2016-08-20 05:30:00,0.0315
2016-08-20 05:35:00,0.010500001
2016-08-20 05:40:00,0.0
2016-08-20 05:45:00,0.0
2016-08-20 05:50:00,0.0
2016-08-20 05:55:00,0.0
2016-08-20 06:00:00,0.0
2016-08-20 06:05:00,0.0
2016-08-20 06:10:00,0.0
2016-08-20 06:15:00,0.0
2016-08-20 06:20:00,0.0
2016-08-20 06:25:00,0.0
2016-08-20 06:30:00,0.0
2016-08-20 06:35:00,0.0
2016-08-20 06:40:00,0.0
2016-08-20 06:45:00,0.0
2016-08-20 06:50:00,0.0
2016-08-20 06:55:00,0.0
2016-08-20 07:00:00,0.0
2016-08-20 07:05:00,0.0
2016-08-20 07:10:00,0.0
2016-08-20 07:15:00,0.0
2016-08-20 07:20:00,0.0
2016-08-20 07:25:00,0.0
2016-08-20 07:30:00,0.0
2016-08-20 07:35:00,0.0
2016-08-20 07:40:00,0.0
2016-08-20 07:45:00,0.0
2016-08-20 07:50:00,0.0
2016-08-20 07:55:00,0.0
2016-08-20 08:00:00,0.0
2016-08-20 08:05:00,0.0
2016-08-20 08:10:00,0.0
2016-08-20 08:15:00,0.0
2016-08-20 08:20:00,0.0
2016-08-20 08:25:00,0.0
2016-08-20 08:30:00,0.0
2016-08-20 08:35:00,0.0
2016-08-20 08:40:00,0.0
2016-08-20 08:45:00,0.0
2016-08-20 08:50:00,0.0
2016-08-20 08:55:00,0.0
2016-08-20 09:00:00,0.0
2016-08-20 09:05:00,0.0
2016-08-20 09:10:00,0.0
2016-08-20 09:15:00,0.0
2016-08-20 09:20:00,0.0
2016-08-20 09:25:00,0.0
2016-08-20 09:30:00,0.0
2016-08-20 09:35:00,0.0
2016-08-20 09:40:00,0.0
2016-08-20 09:45:00,0.0
2016-08-20 09:50:00,0.0
2016-08-20 09:55:00,0.0
2016-08-20 10:00:00,0.0
2016-08-20 10:05:00,0.0
2016-08-20 10:10:00,0.0
2016-08-20 10:15:00,0.0
2016-08-20 10:20:00,0.0
2016-08-20 10:25:00,0.0
2016-08-20 10:30:00,0.0
2016-08-20 10:35:00,0.0
2016-08-20 10:40:00,0.0
2016-08-20 10:45:00,0.0
2016-08-20 10:50:00,0.0
2016-08-20 10:55:00,0.0
2016-08-20 11:00:00,0.0
2016-08-20 11:05:00,0.0
2016-08-20 11:10:00,0.0
2016-08-20 11:15:00,0.0
2016-08-20 11:20:00,0.0
2016-08-20 11:25:00,0.0
2016-08-20 11:30:00,0.0
2016-08-20 11:35:00,0.0
2016-08-20 11:40:00,0.0
2016-08-20 11:45:00,0.0
2016-08-20 11:50:00,0.0
2016-08-20 11:55:00,0.0
2016-08-20 12:00:00,0.8379001
2016-08-20 12:05:00,0.83369994
2016-08-20 12:10:00,0.8694
2016-08-20 12:15:00,0.9240001
2016-08-20 12:20:00,1.1108999
2016-08-20 12:25:00,1.3166999
2016-08-20 12:30:00,1.5182996
2016-08-20 12:35:00,1.8102003
2016-08-20 12:40:00,2.2722006
2016-08-20 12:45:00,2.8077
2016-08-20 12:50:00,3.2822995
2016-08-20 12:55:00,3.695999
2016-08-20 13:00:00,4.088699
2016-08-20 13:05:00,4.477201
2016-08-20 13:10:00,4.7228994
2016-08-20 13:15:00,4.9497004
2016-08-20 13:20:00,5.2226996
2016-08-20 13:25:00,5.518799
2016-08-20 13:30:00,5.924102
2016-08-20 13:35:00,6.486901
2016-08-20 13:40:00,7.215599
2016-08-20 13:45:00,8.185799
2016-08-20 13:50:00,9.410101
2016-08-20 13:55:00,10.628104
2016-08-20 14:00:00,11.804101
2016-08-20 14:05:00,13.026303
2016-08-20 14:10:00,14.179198
2016-08-20 14:15:00,14.8848
2016-08-20 14:20:00,15.132599
2016-08-20 14:25:00,14.637
2016-08-20 14:30:00,13.442102
2016-08-20 14:35:00,11.8965025
2016-08-20 14:40:00,10.338306
2016-08-20 14:45:00,8.887202
2016-08-20 14:50:00,7.4718003
2016-08-20 14:55:00,6.1740026
2016-08-20 15:00:00,5.0064006
2016-08-20 15:05:00,3.9479997
2016-08-20 15:10:00,3.0596986
2016-08-20 15:15:00,2.2511995
2016-08-20 15:20:00,1.5854993
2016-08-20 15:25:00,1.2053995
2016-08-20 15:30:00,0.98069966
2016-08-20 15:35:00,0.76019984
2016-08-20 15:40:00,0.49140012
2016-08-20 15:45:00,0.26250005
2016-08-20 15:50:00,0.1365
2016-08-20 15:55:00,0.067200005
2016-08-20 16:00:00,0.012600001
2016-08-20 16:05:00,0.0
2016-08-20 16:10:00,0.0
2016-08-20 16:15:00,0.0
2016-08-20 16:20:00,0.0
2016-08-20 16:25:00,0.0
2016-08-20 16:30:00,0.0
2016-08-20 16:35:00,0.0
2016-08-20 16:40:00,0.0
2016-08-20 16:45:00,0.0
2016-08-20 16:50:00,0.0
2016-08-20 16:55:00,0.0
2016-08-20 17:00:00,0.0
2016-08-20 17:05:00,0.0
2016-08-20 17:10:00,0.0
2016-08-20 17:15:00,0.0
2016-08-20 17:20:00,0.0
2016-08-20 17:25:00,0.0
2016-08-20 17:30:00,0.0
2016-08-20 17:35:00,0.0
2016-08-20 17:40:00,0.0
2016-08-20 17:45:00,0.0
2016-08-20 17:50:00,0.0
2016-08-20 17:55:00,0.0
2016-08-20 18:00:00,0.0
2016-08-20 18:05:00,0.0
2016-08-20 18:10:00,0.0
2016-08-20 18:15:00,0.0
2016-08-20 18:20:00,0.0
2016-08-20 18:25:00,0.0
2016-08-20 18:30:00,0.0
2016-08-20 18:35:00,0.0
2016-08-20 18:40:00,0.0
2016-08-20 18:45:00,0.0
2016-08-20 18:50:00,0.0
2016-08-20 18:55:00,0.0
2016-08-20 19:00:00,0.0
2016-08-20 19:05:00,0.0
2016-08-20 19:10:00,0.0
2016-08-20 19:15:00,0.0
2016-08-20 19:20:00,0.0
2016-08-20 19:25:00,0.0
2016-08-20 19:30:00,0.0
2016-08-20 19:35:00,0.0
2016-08-20 19:40:00,0.0
2016-08-20 19:45:00,0.0
2016-08-20 19:50:00,0.0
2016-08-20 19:55:00,0.0
2016-08-20 20:00:00,0.0
2016-08-20 20:05:00,0.0
2016-08-20 20:10:00,0.0
2016-08-20 20:15:00,0.0
2016-08-20 20:20:00,0.0
2016-08-20 20:25:00,0.0
2016-08-20 20:30:00,0.0
2016-08-20 20:35:00,0.0
2016-08-20 20:40:00,0.0
2016-08-20 20:45:00,0.0
2016-08-20 20:50:00,0.0
2016-08-20 20:55:00,0.0
2016-08-20 21:00:00,0.0
2016-08-20 21:05:00,0.0
2016-08-20 21:10:00,0.0
2016-08-20 21:15:00,0.0
2016-08-20 21:20:00,0.0
2016-08-20 21:25:00,0.0
2016-08-20 21:30:00,0.0
2016-08-20 21:35:00,0.0
2016-08-20 21:40:00,0.0
2016-08-20 21:45:00,0.0
2016-08-20 21:50:00,0.0
2016-08-20 21:55:00,0.0
2016-08-20 22:00:00,0.0
2016-08-20 22:05:00,0.0
2016-08-20 22:10:00,0.0
2016-08-20 22:15:00,0.0
2016-08-20 22:20:00,0.0
2016-08-20 22:25:00,0.0
2016-08-20 22:30:00,0.0
2016-08-20 22:35:00,0.0
2016-08-20 22:40:00,0.0
2016-08-20 22:45:00,0.0
2016-08-20 22:50:00,0.0
2016-08-20 22:55:00,0.0
2016-08-20 23:00:00,0.0
2016-08-20 23:05:00,0.018900001
2016-08-20 23:10:00,0.037800003
2016-08-20 23:15:00,0.037800003
2016-08-20 23:20:00,0.037800003
2016-08-20 23:25:00,0.037800003
2016-08-20 23:30:00,0.018900001
2016-08-20 23:35:00,0.018900001
2016-08-20 23:40:00,0.018900001
2016-08-20 23:45:00,0.018900001
2016-08-20 23:50:00,0.018900001
2016-08-20 23:55:00,0.037800003
2016-08-21 00:00:00,0.037800003
2016-08-21 00:05:00,0.037800003
2016-08-21 00:10:00,0.018900001
2016-08-21 00:15:00,0.018900001
2016-08-21 00:20:00,0.037800003
2016-08-21 00:25:00,0.037800003
2016-08-21 00:30:00,0.056699995
2016-08-21 00:35:00,0.037800003
2016-08-21 00:40:00,0.037800003
2016-08-21 00:45:00,0.054600004
2016-08-21 00:50:00,0.10919997
2016-08-21 00:55:00,0.20159996
2016-08-21 01:00:00,0.29610005
2016-08-21 01:05:00,0.41790012
2016-08-21 01:10:00,0.6006
2016-08-21 01:15:00,0.78329986
2016-08-21 01:20:00,1.0835998
2016-08-21 01:25:00,1.2726003
2016-08-21 01:30:00,1.6569004
2016-08-21 01:35:00,2.2113001
2016-08-21 01:40:00,2.9546998
2016-08-21 01:45:00,3.8241007
2016-08-21 01:50:00,4.836302
2016-08-21 01:55:00,6.0207005
2016-08-21 02:00:00,7.862402
2016-08-21 02:05:00,10.901099
2016-08-21 02:10:00,16.314901
2016-08-21 02:15:00,24.416697
2016-08-21 02:20:00,33.106503
2016-08-21 02:25:00,41.9349
2016-08-21 02:30:00,51.569687
2016-08-21 02:35:00,59.146484
2016-08-21 02:40:00,63.632126
2016-08-21 02:45:00,67.65991
2016-08-21 02:50:00,72.16019
2016-08-21 02:55:00,76.60798
2016-08-21 03:00:00,80.16329
2016-08-21 03:05:00,82.44392
2016-08-21 03:10:00,83.504425
2016-08-21 03:15:00,83.65561
2016-08-21 03:20:00,83.73961
2016-08-21 03:25:00,83.83204
2016-08-21 03:30:00,83.87404
2016-08-21 03:35:00,83.89504
2016-08-21 03:40:00,83.89504
2016-08-21 03:45:00,83.89504
2016-08-21 03:50:00,83.89504
2016-08-21 03:55:00,83.84254
2016-08-21 04:00:00,83.65354
2016-08-21 04:05:00,83.49603
2016-08-21 04:10:00,83.43304
2016-08-21 04:15:00,83.443535
2016-08-21 04:20:00,83.51704
2016-08-21 04:25:00,83.611534
2016-08-21 04:30:00,83.727036
2016-08-21 04:35:00,83.80054
2016-08-21 04:40:00,83.84254
2016-08-21 04:45:00,83.85304
2016-08-21 04:50:00,83.83204
2016-08-21 04:55:00,83.79004
2016-08-21 05:00:00,83.76904
2016-08-21 05:05:00,83.77954
2016-08-21 05:10:00,83.81104
2016-08-21 05:15:00,83.85304
2016-08-21 05:20:00,83.87404
2016-08-21 05:25:00,83.88454
2016-08-21 05:30:00,83.89504
2016-08-21 05:35:00,83.89504
2016-08-21 05:40:00,83.88454
2016-08-21 05:45:00,83.87404
2016-08-21 05:50:00,83.82154
2016-08-21 05:55:00,83.73754
2016-08-21 06:00:00,83.66404
2016-08-21 06:05:00,83.601036
2016-08-21 06:10:00,83.569534
2016-08-21 06:15:00,83.58003
2016-08-21 06:20:00,83.611534
2016-08-21 06:25:00,83.643036
2016-08-21 06:30:00,83.66404
2016-08-21 06:35:00,83.685036
2016-08-21 06:40:00,83.685036
2016-08-21 06:45:00,83.66404
2016-08-21 06:50:00,83.63254
2016-08-21 06:55:00,83.601036
2016-08-21 07:00:00,83.55904
2016-08-21 07:05:00,83.527534
2016-08-21 07:10:00,83.50654
2016-08-21 07:15:00,83.51704
2016-08-21 07:20:00,83.53803
2016-08-21 07:25:00,83.59054
2016-08-21 07:30:00,83.643036
2016-08-21 07:35:00,83.67454
2016-08-21 07:40:00,83.685036
2016-08-21 07:45:00,83.69554
2016-08-21 07:50:00,83.71654
2016-08-21 07:55:00,83.69554
2016-08-21 08:00:00,83.65354
2016-08-21 08:05:00,83.569534
2016-08-21 08:10:00,83.33224
2016-08-21 08:15:00,82.89541
2016-08-21 08:20:00,82.28848
2016-08-21 08:25:00,81.454796
2016-08-21 08:30:00,80.50558
2016-08-21 08:35:00,79.40308
2016-08-21 08:40:00,78.27751
2016-08-21 08:45:00,77.25271
2016-08-21 08:50:00,76.36233
2016-08-21 08:55:00,75.45512
2016-08-21 09:00:00,74.382
2016-08-21 09:05:00,72.94559
2016-08-21 09:10:00,71.00729
2016-08-21 09:15:00,68.77502
2016-08-21 09:20:00,66.53641
2016-08-21 09:25:00,64.53722
2016-08-21 09:30:00,62.915997
2016-08-21 09:35:00,61.28852
2016-08-21 09:40:00,59.11709
2016-08-21 09:45:00,56.3619
2016-08-21 09:50:00,53.71588
2016-08-21 09:55:00,51.111916
2016-08-21 10:00:00,49.00351
2016-08-21 10:05:00,47.25421
2016-08-21 10:10:00,45.5112
2016-08-21 10:15:00,43.56452
2016-08-21 10:20:00,41.533806
2016-08-21 10:25:00,39.58921
2016-08-21 10:30:00,37.9407
2016-08-21 10:35:00,36.926407
2016-08-21 10:40:00,36.518993
2016-08-21 10:45:00,36.556797
2016-08-21 10:50:00,36.701706
2016-08-21 10:55:00,36.590397
2016-08-21 11:00:00,36.199802
2016-08-21 11:05:00,35.889008
2016-08-21 11:10:00,36.0171
2016-08-21 11:15:00,36.859203
2016-08-21 11:20:00,38.0898
2016-08-21 11:25:00,39.448517
2016-08-21 11:30:00,40.698013
2016-08-21 11:35:00,41.821507
2016-08-21 11:40:00,42.783306
2016-08-21 11:45:00,43.803875
2016-08-21 11:50:00,44.93367
2016-08-21 11:55:00,46.279785
2016-08-21 12:00:00,69.69268
2016-08-21 12:05:00,72.26521
2016-08-21 12:10:00,74.68442
2016-08-21 12:15:00,77.18342
2016-08-21 12:20:00,79.579506
2016-08-21 12:25:00,81.1797
2016-08-21 12:30:00,82.225494
2016-08-21 12:35:00,82.886986
2016-08-21 12:40:00,83.17259
2016-08-21 12:45:00,83.14319
2016-08-21 12:50:00,83.01723
2016-08-21 12:55:00,82.88913
2016-08-21 13:00:00,82.90169
2016-08-21 13:05:00,83.06339
2016-08-21 13:10:00,83.3469
2016-08-21 13:15:00,83.66824
2016-08-21 13:20:00,83.8761
2016-08-21 13:25:00,83.89504
2016-08-21 13:30:00,83.89504
2016-08-21 13:35:00,83.89504
2016-08-21 13:40:00,83.89504
2016-08-21 13:45:00,83.89504
2016-08-21 13:50:00,83.89504
2016-08-21 13:55:00,83.89504
2016-08-21 14:00:00,83.8761
2016-08-21 14:05:00,83.55482
2016-08-21 14:10:00,83.32802
2016-08-21 14:15:00,83.10122
2016-08-21 14:20:00,82.49639
2016-08-21 14:25:00,80.8332
2016-08-21 14:30:00,78.81093
2016-08-21 14:35:00,76.73191
2016-08-21 14:40:00,75.08551
2016-08-21 14:45:00,73.57352
2016-08-21 14:50:00,72.12867
2016-08-21 14:55:00,70.92962
2016-08-21 15:00:00,69.8313
2016-08-21 15:05:00,68.762405
2016-08-21 15:10:00,68.1345
2016-08-21 15:15:00,67.869896
2016-08-21 15:20:00,68.1009
2016-08-21 15:25:00,68.8905
2016-08-21 15:30:00,69.71789
2016-08-21 15:35:00,70.5684
2016-08-21 15:40:00,71.597404
2016-08-21 15:45:00,72.37649
2016-08-21 15:50:00,72.82168
2016-08-21 15:55:00,72.681
2016-08-21 16:00:00,71.912384
2016-08-21 16:05:00,70.75109
2016-08-21 16:10:00,69.554085
2016-08-21 16:15:00,68.38859
2016-08-21 16:20:00,67.34069
2016-08-21 16:25:00,66.122696
2016-08-21 16:30:00,65.0979
2016-08-21 16:35:00,64.47418
2016-08-21 16:40:00,64.12981
2016-08-21 16:45:00,64.00801
2016-08-21 16:50:00,64.234795
2016-08-21 16:55:00,64.87531
2016-08-21 17:00:00,65.8665
2016-08-21 17:05:00,67.126495
2016-08-21 17:10:00,68.6028
2016-08-21 17:15:00,70.035
2016-08-21 17:20:00,71.496605
2016-08-21 17:25:00,72.8763
2016-08-21 17:30:00,74.15731
2016-08-21 17:35:00,75.33539
2016-08-21 17:40:00,76.32872
2016-08-21 17:45:00,77.370316
2016-08-21 17:50:00,78.22289
2016-08-21 17:55:00,78.84872
2016-08-21 18:00:00,79.3023
2016-08-21 18:05:00,79.75588
2016-08-21 18:10:00,80.28511
2016-08-21 18:15:00,80.852066
2016-08-21 18:20:00,81.343506
2016-08-21 18:25:00,81.64589
2016-08-21 18:30:00,81.9105
2016-08-21 18:35:00,82.17509
2016-08-21 18:40:00,82.4019
2016-08-21 18:45:00,82.49643
2016-08-21 18:50:00,82.49643
2016-08-21 18:55:00,82.51529
2016-08-21 19:00:00,82.60977
2016-08-21 19:05:00,82.76097
2016-08-21 19:10:00,82.83659
2016-08-21 19:15:00,82.74206
2016-08-21 19:20:00,82.57201
2016-08-21 19:25:00,82.57203
2016-08-21 19:30:00,82.9122
2016-08-21 19:35:00,83.46033
2016-08-21 19:40:00,83.8761
2016-08-21 19:45:00,83.89504
2016-08-21 19:50:00,83.89504
2016-08-21 19:55:00,83.89504
2016-08-21 20:00:00,83.89504
2016-08-21 20:05:00,83.89504
2016-08-21 20:10:00,83.89504
2016-08-21 20:15:00,83.89504
2016-08-21 20:20:00,83.89504
2016-08-21 20:25:00,83.89504
2016-08-21 20:30:00,83.89504
2016-08-21 20:35:00,83.89504
2016-08-21 20:40:00,83.89504
2016-08-21 20:45:00,83.89504
2016-08-21 20:50:00,83.89504
2016-08-21 20:55:00,83.89504
2016-08-21 21:00:00,83.89504
2016-08-21 21:05:00,83.89504
2016-08-21 21:10:00,83.89504
2016-08-21 21:15:00,83.89504
2016-08-21 21:20:00,83.89504
2016-08-21 21:25:00,83.89504
2016-08-21 21:30:00,83.89504
2016-08-21 21:35:00,83.89504
2016-08-21 21:40:00,83.89504
2016-08-21 21:45:00,83.89504
2016-08-21 21:50:00,83.89504
2016-08-21 21:55:00,83.89504
2016-08-21 22:00:00,83.89504
2016-08-21 22:05:00,83.89504
2016-08-21 22:10:00,83.89504
2016-08-21 22:15:00,83.89504
2016-08-21 22:20:00,83.89504
2016-08-21 22:25:00,83.89504
2016-08-21 22:30:00,83.89504
2016-08-21 22:35:00,83.89504
2016-08-21 22:40:00,83.89504
2016-08-21 22:45:00,83.89504
2016-08-21 22:50:00,83.89504
2016-08-21 22:55:00,83.89504
2016-08-21 23:00:00,83.89504
2016-08-21 23:05:00,83.89504
2016-08-21 23:10:00,83.89504
2016-08-21 23:15:00,83.89504
2016-08-21 23:20:00,83.89504
2016-08-21 23:25:00,83.89504
2016-08-21 23:30:00,83.89504
2016-08-21 23:35:00,83.89504
2016-08-21 23:40:00,83.89504
2016-08-21 23:45:00,83.89504
2016-08-21 23:50:00,83.89504
2016-08-21 23:55:00,83.89504
2016-08-22 00:00:00,83.89504
2016-08-22 00:05:00,83.89504
2016-08-22 00:10:00,83.89504
2016-08-22 00:15:00,83.89504
2016-08-22 00:20:00,83.89504
2016-08-22 00:25:00,83.89504
2016-08-22 00:30:00,83.89504
2016-08-22 00:35:00,83.89504
2016-08-22 00:40:00,83.89504
2016-08-22 00:45:00,83.89504
2016-08-22 00:50:00,83.89504
2016-08-22 00:55:00,83.89504
2016-08-22 01:00:00,83.89504
2016-08-22 01:05:00,83.89504
2016-08-22 01:10:00,83.89504
2016-08-22 01:15:00,83.89504
2016-08-22 01:20:00,83.89504
2016-08-22 01:25:00,83.89504
2016-08-22 01:30:00,83.89504
2016-08-22 01:35:00,83.89504
2016-08-22 01:40:00,83.89504
2016-08-22 01:45:00,83.89504
2016-08-22 01:50:00,83.89504
2016-08-22 01:55:00,83.89504
2016-08-22 02:00:00,83.89504
2016-08-22 02:05:00,83.89504
2016-08-22 02:10:00,83.89504
2016-08-22 02:15:00,83.89504
2016-08-22 02:20:00,83.89504
2016-08-22 02:25:00,83.89504
2016-08-22 02:30:00,83.89504
2016-08-22 02:35:00,83.89504
2016-08-22 02:40:00,83.89504
2016-08-22 02:45:00,83.89504
2016-08-22 02:50:00,83.89504
2016-08-22 02:55:00,83.89504
2016-08-22 03:00:00,83.89504
2016-08-22 03:05:00,83.89504
2016-08-22 03:10:00,83.89504
2016-08-22 03:15:00,83.89504
2016-08-22 03:20:00,83.89504
2016-08-22 03:25:00,83.89504
2016-08-22 03:30:00,83.89504
2016-08-22 03:35:00,83.89504
2016-08-22 03:40:00,83.89504
2016-08-22 03:45:00,83.89504
2016-08-22 03:50:00,83.89504
2016-08-22 03:55:00,83.89504
2016-08-22 04:00:00,83.89504
2016-08-22 04:05:00,83.89504
2016-08-22 04:10:00,83.89504
2016-08-22 04:15:00,83.89504
2016-08-22 04:20:00,83.89504
2016-08-22 04:25:00,83.89504
2016-08-22 04:30:00,83.89504
2016-08-22 04:35:00,83.89504
2016-08-22 04:40:00,83.89504
2016-08-22 04:45:00,83.89504
2016-08-22 04:50:00,83.89504
2016-08-22 04:55:00,83.89504
2016-08-22 05:00:00,83.89504
2016-08-22 05:05:00,83.89504
2016-08-22 05:10:00,83.89504
2016-08-22 05:15:00,83.89504
2016-08-22 05:20:00,83.89504
2016-08-22 05:25:00,83.89504
2016-08-22 05:30:00,83.89504
2016-08-22 05:35:00,83.89504
2016-08-22 05:40:00,83.89504
2016-08-22 05:45:00,83.89504
2016-08-22 05:50:00,83.89504
2016-08-22 05:55:00,83.89504
2016-08-22 06:00:00,83.89504
2016-08-22 06:05:00,83.89504
2016-08-22 06:10:00,83.89504
2016-08-22 06:15:00,83.89504
2016-08-22 06:20:00,83.89504
2016-08-22 06:25:00,83.89504
2016-08-22 06:30:00,83.89504
2016-08-22 06:35:00,83.89504
2016-08-22 06:40:00,83.89504
2016-08-22 06:45:00,83.89504
2016-08-22 06:50:00,83.89504
2016-08-22 06:55:00,83.89504
2016-08-22 07:00:00,83.89504
2016-08-22 07:05:00,83.89504
2016-08-22 07:10:00,83.89504
2016-08-22 07:15:00,83.89504
2016-08-22 07:20:00,83.89504
2016-08-22 07:25:00,83.89504
2016-08-22 07:30:00,83.89504
2016-08-22 07:35:00,83.89504
2016-08-22 07:40:00,83.89504
2016-08-22 07:45:00,83.89504
2016-08-22 07:50:00,83.89504
2016-08-22 07:55:00,83.89504
2016-08-22 08:00:00,83.89504
2016-08-22 08:05:00,83.89504
2016-08-22 08:10:00,83.89504
2016-08-22 08:15:00,83.89504
2016-08-22 08:20:00,83.89504
2016-08-22 08:25:00,83.89504
2016-08-22 08:30:00,83.89504
2016-08-22 08:35:00,83.89504
2016-08-22 08:40:00,83.89504
2016-08-22 08:45:00,83.89504
2016-08-22 08:50:00,82.52793
2016-08-22 08:55:00,80.08774
2016-08-22 09:00:00,77.544624
2016-08-22 09:05:00,73.75201
2016-08-22 09:10:00,68.9157
2016-08-22 09:15:00,65.270096
2016-08-22 09:20:00,62.19571
2016-08-22 09:25:00,59.064613
2016-08-22 09:30:00,56.8197
2016-08-22 09:35:00,55.44001
2016-08-22 09:40:00,51.737705
2016-08-22 09:45:00,47.390705
2016-08-22 09:50:00,44.677498
2016-08-22 09:55:00,42.919792
2016-08-22 10:00:00,42.1449
2016-08-22 10:05:00,41.876106
2016-08-22 10:10:00,42.865177
2016-08-22 10:15:00,44.727875
2016-08-22 10:20:00,46.367985
2016-08-22 10:25:00,47.613308
2016-08-22 10:30:00,48.512108
2016-08-22 10:35:00,48.923683
2016-08-22 10:40:00,49.383617
2016-08-22 10:45:00,49.47809
2016-08-22 10:50:00,49.20719
2016-08-22 10:55:00,49.200905
2016-08-22 11:00:00,50.25298
2016-08-22 11:05:00,53.42818
2016-08-22 11:10:00,58.831482
2016-08-22 11:15:00,64.67159
2016-08-22 11:20:00,69.1173
2016-08-22 11:25:00,71.53649
2016-08-22 11:30:00,73.27111
2016-08-22 11:35:00,74.55632
2016-08-22 11:40:00,75.43199
2016-08-22 11:45:00,75.77431
2016-08-22 11:50:00,75.69869
2016-08-22 11:55:00,75.32698
2016-08-22 12:00:00,74.60881
2016-08-22 12:05:00,50.26559
2016-08-22 12:10:00,50.238308
2016-08-22 12:15:00,50.248775
2016-08-22 12:20:00,50.534374
2016-08-22 12:25:00,51.078274
2016-08-22 12:30:00,51.695686
2016-08-22 12:35:00,52.08629
2016-08-22 12:40:00,51.991806
2016-08-22 12:45:00,51.470993
2016-08-22 12:50:00,50.91448
2016-08-22 12:55:00,50.5785
2016-08-22 13:00:00,50.57429
2016-08-22 13:05:00,50.67302
2016-08-22 13:10:00,49.65242
2016-08-22 13:15:00,47.89053
2016-08-22 13:20:00,45.57841
2016-08-22 13:25:00,44.070587
2016-08-22 13:30:00,42.98491
2016-08-22 13:35:00,41.731216
2016-08-22 13:40:00,39.981903
2016-08-22 13:45:00,38.089817
2016-08-22 13:50:00,36.777317
2016-08-22 13:55:00,36.063297
2016-08-22 14:00:00,36.218693
2016-08-22 14:05:00,37.79999
2016-08-22 14:10:00,40.452286
2016-08-22 14:15:00,43.123497
2016-08-22 14:20:00,44.391907
2016-08-22 14:25:00,43.46579
2016-08-22 14:30:00,41.086506
2016-08-22 14:35:00,37.905
2016-08-22 14:40:00,34.452614
2016-08-22 14:45:00,31.231205
2016-08-22 14:50:00,28.314304
2016-08-22 14:55:00,25.924486
2016-08-22 15:00:00,24.252892
2016-08-22 15:05:00,23.490595
2016-08-22 15:10:00,23.608196
2016-08-22 15:15:00,24.836695
2016-08-22 15:20:00,26.764498
2016-08-22 15:25:00,28.7679
2016-08-22 15:30:00,30.170706
2016-08-22 15:35:00,31.130402
2016-08-22 15:40:00,31.9809
2016-08-22 15:45:00,32.856598
2016-08-22 15:50:00,34.29089
2016-08-22 15:55:00,35.91
2016-08-22 16:00:00,37.871403
2016-08-22 16:05:00,40.137314
2016-08-22 16:10:00,42.413704
2016-08-22 16:15:00,44.599796
2016-08-22 16:20:00,46.61372
2016-08-22 16:25:00,48.20763
2016-08-22 16:30:00,49.389908
2016-08-22 16:35:00,50.393723
2016-08-22 16:40:00,51.399605
2016-08-22 16:45:00,52.7289
2016-08-22 16:50:00,53.965794
2016-08-22 16:55:00,54.965405
2016-08-22 17:00:00,55.60378
2016-08-22 17:05:00,55.864178
2016-08-22 17:10:00,55.912495
2016-08-22 17:15:00,56.019592
2016-08-22 17:20:00,56.24221
2016-08-22 17:25:00,56.53408
2016-08-22 17:30:00,56.678997
2016-08-22 17:35:00,56.58033
2016-08-22 17:40:00,56.275772
2016-08-22 17:45:00,55.859993
2016-08-22 17:50:00,55.425312
2016-08-22 17:55:00,54.95487
2016-08-22 18:00:00,54.660885
2016-08-22 18:05:00,54.66718
2016-08-22 18:10:00,54.572697
2016-08-22 18:15:00,54.28498
2016-08-22 18:20:00,53.92797
2016-08-22 18:25:00,53.26438
2016-08-22 18:30:00,52.468468
2016-08-22 18:35:00,51.51299
2016-08-22 18:40:00,50.20471
2016-08-22 18:45:00,48.547794
2016-08-22 18:50:00,46.855198
2016-08-22 18:55:00,45.26971
2016-08-22 19:00:00,43.671616
2016-08-22 19:05:00,42.08189
2016-08-22 19:10:00,40.616096
2016-08-22 19:15:00,39.440098
2016-08-22 19:20:00,38.579094
2016-08-22 19:25:00,37.986897
2016-08-22 19:30:00,37.335888
2016-08-22 19:35:00,36.6639
2016-08-22 19:40:00,35.958294
2016-08-22 19:45:00,35.317802
2016-08-22 19:50:00,34.891502
2016-08-22 19:55:00,34.7571
2016-08-22 20:00:00,34.715103
2016-08-22 20:05:00,34.7865
2016-08-22 20:10:00,35.118294
2016-08-22 20:15:00,35.660095
2016-08-22 20:20:00,36.2355
2016-08-22 20:25:00,36.75629
2016-08-22 20:30:00,37.245613
2016-08-22 20:35:00,37.571106
2016-08-22 20:40:00,37.646713
2016-08-22 20:45:00,37.495506
2016-08-22 20:50:00,37.170006
2016-08-22 20:55:00,36.73321
2016-08-22 21:00:00,36.321613
2016-08-22 21:05:00,36.216614
2016-08-22 21:10:00,36.22501
2016-08-22 21:15:00,35.949913
2016-08-22 21:20:00,35.439606
2016-08-22 21:25:00,34.76551
2016-08-22 21:30:00,34.11871
2016-08-22 21:35:00,33.652515
2016-08-22 21:40:00,33.358513
2016-08-22 21:45:00,33.31442
2016-08-22 21:50:00,33.728115
2016-08-22 21:55:00,34.437916
2016-08-22 22:00:00,35.29681
2016-08-22 22:05:00,36.15151
2016-08-22 22:10:00,36.852898
2016-08-22 22:15:00,37.657207
2016-08-22 22:20:00,38.459396
2016-08-22 22:25:00,39.448494
2016-08-22 22:30:00,40.651806
2016-08-22 22:35:00,41.903397
2016-08-22 22:40:00,43.144527
2016-08-22 22:45:00,44.580902
2016-08-22 22:50:00,46.109707
2016-08-22 22:55:00,47.674206
2016-08-22 23:00:00,49.34791
2016-08-22 23:05:00,51.13499
2016-08-22 23:10:00,53.203503
2016-08-22 23:15:00,55.261497
2016-08-22 23:20:00,57.372005
2016-08-22 23:25:00,59.213715
2016-08-22 23:30:00,60.874813
2016-08-22 23:35:00,62.472923
2016-08-22 23:40:00,63.932396
2016-08-22 23:45:00,65.3751
2016-08-22 23:50:00,66.826195
2016-08-22 23:55:00,68.20589
2016-08-23 00:00:00,69.47428
2016-08-23 00:05:00,70.5159
2016-08-23 00:10:00,71.52598
2016-08-23 00:15:00,72.54449
2016-08-23 00:20:00,73.62808
2016-08-23 00:25:00,74.829285
2016-08-23 00:30:00,76.10611
2016-08-23 00:35:00,77.15608
2016-08-23 00:40:00,77.834435
2016-08-23 00:45:00,78.44763
2016-08-23 00:50:00,79.17634
2016-08-23 00:55:00,79.85463
2016-08-23 01:00:00,80.56024
2016-08-23 01:05:00,81.179695
2016-08-23 01:10:00,81.76352
2016-08-23 01:15:00,82.38514
2016-08-23 01:20:00,82.84504
2016-08-23 01:25:00,83.15792
2016-08-23 01:30:00,83.26504
2016-08-23 01:35:00,83.32803
2016-08-23 01:40:00,83.401535
2016-08-23 01:45:00,83.47504
2016-08-23 01:50:00,83.527534
2016-08-23 01:55:00,83.601036
2016-08-23 02:00:00,83.71654
2016-08-23 02:05:00,83.89504
2016-08-23 02:10:00,83.89504
2016-08-23 02:15:00,83.89504
2016-08-23 02:20:00,83.89504
2016-08-23 02:25:00,83.89504
2016-08-23 02:30:00,83.89504
2016-08-23 02:35:00,83.89504
2016-08-23 02:40:00,83.89504
2016-08-23 02:45:00,83.89504
2016-08-23 02:50:00,83.89504
2016-08-23 02:55:00,83.89504
2016-08-23 03:00:00,83.89504
2016-08-23 03:05:00,83.89504
2016-08-23 03:10:00,83.89504
2016-08-23 03:15:00,83.89504
2016-08-23 03:20:00,83.89504
2016-08-23 03:25:00,83.89504
2016-08-23 03:30:00,83.89504
2016-08-23 03:35:00,83.89504
2016-08-23 03:40:00,83.89504
2016-08-23 03:45:00,83.89504
2016-08-23 03:50:00,83.82154
2016-08-23 03:55:00,83.63254
2016-08-23 04:00:00,83.727036
2016-08-23 04:05:00,83.89504
2016-08-23 04:10:00,83.89504
2016-08-23 04:15:00,83.89504
2016-08-23 04:20:00,83.89504
2016-08-23 04:25:00,83.89504
2016-08-23 04:30:00,83.89504
2016-08-23 04:35:00,83.87404
2016-08-23 04:40:00,82.35784
2016-08-23 04:45:00,79.968025
2016-08-23 04:50:00,76.96709
2016-08-23 04:55:00,73.3803
2016-08-23 05:00:00,70.45501
2016-08-23 05:05:00,68.245804
2016-08-23 05:10:00,66.4167
2016-08-23 05:15:00,64.711525
2016-08-23 05:20:00,62.840393
2016-08-23 05:25:00,60.635433
2016-08-23 05:30:00,58.05239
2016-08-23 05:35:00,55.0704
2016-08-23 05:40:00,51.8847
2016-08-23 05:45:00,48.283184
2016-08-23 05:50:00,44.475903
2016-08-23 05:55:00,40.75471
2016-08-23 06:00:00,37.331703
2016-08-23 06:05:00,34.22371
2016-08-23 06:10:00,31.558811
2016-08-23 06:15:00,29.507114
2016-08-23 06:20:00,27.799805
2016-08-23 06:25:00,26.2206
2016-08-23 06:30:00,24.80729
2016-08-23 06:35:00,23.58299
2016-08-23 06:40:00,22.53719
2016-08-23 06:45:00,21.623692
2016-08-23 06:50:00,20.647194
2016-08-23 06:55:00,19.618196
2016-08-23 07:00:00,18.513601
2016-08-23 07:05:00,17.446804
2016-08-23 07:10:00,16.579504
2016-08-23 07:15:00,15.978906
2016-08-23 07:20:00,15.626106
2016-08-23 07:25:00,15.516899
2016-08-23 07:30:00,15.552599
2016-08-23 07:35:00,15.634499
2016-08-23 07:40:00,15.663906
2016-08-23 07:45:00,15.771007
2016-08-23 07:50:00,16.109104
2016-08-23 07:55:00,16.535404
2016-08-23 08:00:00,16.991104
2016-08-23 08:05:00,17.562307
2016-08-23 08:10:00,18.183905
2016-08-23 08:15:00,18.830704
2016-08-23 08:20:00,19.504803
2016-08-23 08:25:00,20.267101
2016-08-23 08:30:00,20.928598
2016-08-23 08:35:00,21.226795
2016-08-23 08:40:00,21.020996
2016-08-23 08:45:00,20.120096
2016-08-23 08:50:00,18.622799
2016-08-23 08:55:00,16.8084
2016-08-23 09:00:00,15.065401
2016-08-23 09:05:00,13.435806
2016-08-23 09:10:00,11.999403
2016-08-23 09:15:00,10.917897
2016-08-23 09:20:00,10.157698
2016-08-23 09:25:00,9.559201
2016-08-23 09:30:00,8.8662
2016-08-23 09:35:00,8.0745
2016-08-23 09:40:00,7.305899
2016-08-23 09:45:00,6.4764013
2016-08-23 09:50:00,5.7119985
2016-08-23 09:55:00,5.1092987
2016-08-23 10:00:00,4.5759
2016-08-23 10:05:00,4.143299
2016-08-23 10:10:00,3.7506
2016-08-23 10:15:00,3.389399
2016-08-23 10:20:00,3.1122
2016-08-23 10:25:00,2.8770006
2016-08-23 10:30:00,2.6838005
2016-08-23 10:35:00,2.4759011
2016-08-23 10:40:00,2.358301
2016-08-23 10:45:00,2.3540993
2016-08-23 10:50:00,2.4927008
2016-08-23 10:55:00,2.7615008
2016-08-23 11:00:00,3.1668003
2016-08-23 11:05:00,3.6245992
2016-08-23 11:10:00,4.1013002
2016-08-23 11:15:00,4.4393992
2016-08-23 11:20:00,4.5737996
2016-08-23 11:25:00,4.5003
2016-08-23 11:30:00,4.3407
2016-08-23 11:35:00,4.181101
2016-08-23 11:40:00,3.8912995
2016-08-23 11:45:00,3.5427
2016-08-23 11:50:00,3.1458008
2016-08-23 11:55:00,2.7971992
2016-08-23 12:00:00,2.6901
2016-08-23 12:05:00,2.4633002
2016-08-23 12:10:00,2.2722
2016-08-23 12:15:00,2.1294
2016-08-23 12:20:00,1.9677
2016-08-23 12:25:00,1.7829003
2016-08-23 12:30:00,1.7051998
2016-08-23 12:35:00,1.7262003
2016-08-23 12:40:00,1.7871003
2016-08-23 12:45:00,1.8816001
2016-08-23 12:50:00,1.9760998
2016-08-23 12:55:00,2.1209998
2016-08-23 13:00:00,2.1923997
2016-08-23 13:05:00,2.2427998
2016-08-23 13:10:00,2.1986995
2016-08-23 13:15:00,2.0621996
2016-08-23 13:20:00,1.8311996
2016-08-23 13:25:00,1.5182997
2016-08-23 13:30:00,1.1864998
2016-08-23 13:35:00,0.8673
2016-08-23 13:40:00,0.68039995
2016-08-23 13:45:00,0.5859
2016-08-23 13:50:00,0.49350002
2016-08-23 13:55:00,0.52500004
2016-08-23 14:00:00,0.5691
2016-08-23 14:05:00,0.58169997
2016-08-23 14:10:00,0.53760004
2016-08-23 14:15:00,0.4347
2016-08-23 14:20:00,0.26250002
2016-08-23 14:25:00,0.1617
2016-08-23 14:30:00,0.1323
2016-08-23 14:35:00,0.08819999
2016-08-23 14:40:00,0.044099998
2016-08-23 14:45:00,0.029400002
2016-08-23 14:50:00,0.0
2016-08-23 14:55:00,0.0
2016-08-23 15:00:00,0.0
2016-08-23 15:05:00,0.0
2016-08-23 15:10:00,0.0
2016-08-23 15:15:00,0.0
2016-08-23 15:20:00,0.0
2016-08-23 15:25:00,0.0
2016-08-23 15:30:00,0.0
2016-08-23 15:35:00,0.0
2016-08-23 15:40:00,0.0
2016-08-23 15:45:00,0.0
2016-08-23 15:50:00,0.0
2016-08-23 15:55:00,0.0
2016-08-23 16:00:00,0.0
2016-08-23 16:05:00,0.0
2016-08-23 16:10:00,0.0
2016-08-23 16:15:00,0.0
2016-08-23 16:20:00,0.0
2016-08-23 16:25:00,0.0
2016-08-23 16:30:00,0.0
2016-08-23 16:35:00,0.0
2016-08-23 16:40:00,0.0
2016-08-23 16:45:00,0.0
2016-08-23 16:50:00,0.0
2016-08-23 16:55:00,0.0
2016-08-23 17:00:00,0.0
2016-08-23 17:05:00,0.0
2016-08-23 17:10:00,0.0
2016-08-23 17:15:00,0.0
2016-08-23 17:20:00,0.0
2016-08-23 17:25:00,0.0
2016-08-23 17:30:00,0.0
2016-08-23 17:35:00,0.0
2016-08-23 17:40:00,0.0
2016-08-23 17:45:00,0.0
2016-08-23 17:50:00,0.0
2016-08-23 17:55:00,0.0
2016-08-23 18:00:00,0.0
2016-08-23 18:05:00,0.0
2016-08-23 18:10:00,0.0
2016-08-23 18:15:00,0.0
2016-08-23 18:20:00,0.0
2016-08-23 18:25:00,0.0
2016-08-23 18:30:00,0.0
2016-08-23 18:35:00,0.0378
2016-08-23 18:40:00,0.10079998
2016-08-23 18:45:00,0.15960006
2016-08-23 18:50:00,0.18269996
2016-08-23 18:55:00,0.117599964
2016-08-23 19:00:00,0.10919997
2016-08-23 19:05:00,0.0714
2016-08-23 19:10:00,0.0357
2016-08-23 19:15:00,0.0
2016-08-23 19:20:00,0.0
2016-08-23 19:25:00,0.0
2016-08-23 19:30:00,0.0
2016-08-23 19:35:00,0.0
2016-08-23 19:40:00,0.0
2016-08-23 19:45:00,0.0
2016-08-23 19:50:00,0.0
2016-08-23 19:55:00,0.0
2016-08-23 20:00:00,0.0
2016-08-23 20:05:00,0.0
2016-08-23 20:10:00,0.0
2016-08-23 20:15:00,0.0
2016-08-23 20:20:00,0.0
2016-08-23 20:25:00,0.0
2016-08-23 20:30:00,0.014700001
2016-08-23 20:35:00,0.029400002
2016-08-23 20:40:00,0.0
2016-08-23 20:45:00,0.0
2016-08-23 20:50:00,0.037800003
2016-08-23 20:55:00,0.0945
2016-08-23 21:00:00,0.11339999
2016-08-23 21:05:00,0.075600006
2016-08-23 21:10:00,0.0
2016-08-23 21:15:00,0.0
2016-08-23 21:20:00,0.0
2016-08-23 21:25:00,0.0
2016-08-23 21:30:00,0.075600006
2016-08-23 21:35:00,0.11339999
2016-08-23 21:40:00,0.056699995
2016-08-23 21:45:00,0.0735
2016-08-23 21:50:00,0.15960002
2016-08-23 21:55:00,0.168
2016-08-23 22:00:00,0.13020001
2016-08-23 22:05:00,0.18060006
2016-08-23 22:10:00,0.25199997
2016-08-23 22:15:00,0.38219997
2016-08-23 22:20:00,0.41790012
2016-08-23 22:25:00,0.4830001
2016-08-23 22:30:00,0.6468002
2016-08-23 22:35:00,0.8211001
2016-08-23 22:40:00,0.90930015
2016-08-23 22:45:00,0.78960025
2016-08-23 22:50:00,0.5438999
2016-08-23 22:55:00,0.21840006
2016-08-23 23:00:00,0.067200005
2016-08-23 23:05:00,0.025200002
2016-08-23 23:10:00,0.018900001
2016-08-23 23:15:00,0.037800003
2016-08-23 23:20:00,0.056699995
2016-08-23 23:25:00,0.075600006
2016-08-23 23:30:00,0.0945
2016-08-23 23:35:00,0.11339999
2016-08-23 23:40:00,0.15120001
2016-08-23 23:45:00,0.15120001
2016-08-23 23:50:00,0.12599999
2016-08-23 23:55:00,0.1281
2016-08-24 00:00:00,0.19739994
2016-08-24 00:05:00,0.20160006
2016-08-24 00:10:00,0.09870001
2016-08-24 00:15:00,0.056699995
2016-08-24 00:20:00,0.075600006
2016-08-24 00:25:00,0.1512
2016-08-24 00:30:00,0.11340001
2016-08-24 00:35:00,0.056699995
2016-08-24 00:40:00,0.018900001
2016-08-24 00:45:00,0.0
2016-08-24 00:50:00,0.0
2016-08-24 00:55:00,0.0
2016-08-24 01:00:00,0.0
2016-08-24 01:05:00,0.0
2016-08-24 01:10:00,0.0
2016-08-24 01:15:00,0.018900001
2016-08-24 01:20:00,0.037800003
2016-08-24 01:25:00,0.037800003
2016-08-24 01:30:00,0.018900001
2016-08-24 01:35:00,0.0
2016-08-24 01:40:00,0.0
2016-08-24 01:45:00,0.0
2016-08-24 01:50:00,0.0
2016-08-24 01:55:00,0.0
2016-08-24 02:00:00,0.0
2016-08-24 02:05:00,0.0
2016-08-24 02:10:00,0.0
2016-08-24 02:15:00,0.0
2016-08-24 02:20:00,0.0
2016-08-24 02:25:00,0.0
2016-08-24 02:30:00,0.0
2016-08-24 02:35:00,0.044099994
2016-08-24 02:40:00,0.09659998
2016-08-24 02:45:00,0.1218
2016-08-24 02:50:00,0.10290002
2016-08-24 02:55:00,0.08609998
2016-08-24 03:00:00,0.1575
2016-08-24 03:05:00,0.17010002
2016-08-24 03:10:00,0.10710002
2016-08-24 03:15:00,0.086100005
2016-08-24 03:20:00,0.0756
2016-08-24 03:25:00,0.07980001
2016-08-24 03:30:00,0.084
2016-08-24 03:35:00,0.084
2016-08-24 03:40:00,0.0735
2016-08-24 03:45:00,0.08819999
2016-08-24 03:50:00,0.08819999
2016-08-24 03:55:00,0.07350001
2016-08-24 04:00:00,0.07350001
2016-08-24 04:05:00,0.058799997
2016-08-24 04:10:00,0.044100005
2016-08-24 04:15:00,0.014700001
2016-08-24 04:20:00,0.086100005
2016-08-24 04:25:00,0.44100004
2016-08-24 04:30:00,0.9071999
2016-08-24 04:35:00,1.3209001
2016-08-24 04:40:00,1.6904999
2016-08-24 04:45:00,2.0033998
2016-08-24 04:50:00,2.2575002
2016-08-24 04:55:00,1.8123001
2016-08-24 05:00:00,1.4510999
2016-08-24 05:05:00,1.0814999
2016-08-24 05:10:00,0.6468
2016-08-24 05:15:00,0.32340005
2016-08-24 05:20:00,0.12389999
2016-08-24 05:25:00,0.075600006
2016-08-24 05:30:00,0.037800003
2016-08-24 05:35:00,0.018900001
2016-08-24 05:40:00,0.0
2016-08-24 05:45:00,0.0
2016-08-24 05:50:00,0.0
2016-08-24 05:55:00,0.0
2016-08-24 06:00:00,0.0
2016-08-24 06:05:00,0.10080001
2016-08-24 06:10:00,0.68880004
2016-08-24 06:15:00,2.8097987
2016-08-24 06:20:00,3.1394994
2016-08-24 06:25:00,3.0974996
2016-08-24 06:30:00,2.5430996
2016-08-24 06:35:00,0.99750006
2016-08-24 06:40:00,0.6216001
2016-08-24 06:45:00,0.6237
2016-08-24 06:50:00,0.3402
2016-08-24 06:55:00,0.037800003
2016-08-24 07:00:00,0.0
2016-08-24 07:05:00,0.0
2016-08-24 07:10:00,0.0
2016-08-24 07:15:00,0.0
2016-08-24 07:20:00,0.0
2016-08-24 07:25:00,0.0
2016-08-24 07:30:00,0.0
2016-08-24 07:35:00,0.0
2016-08-24 07:40:00,0.0
2016-08-24 07:45:00,0.0
2016-08-24 07:50:00,0.0
2016-08-24 07:55:00,0.0
2016-08-24 08:00:00,0.0
2016-08-24 08:05:00,0.0
2016-08-24 08:10:00,0.0
2016-08-24 08:15:00,0.0
2016-08-24 08:20:00,0.0
2016-08-24 08:25:00,0.0
2016-08-24 08:30:00,0.0
2016-08-24 08:35:00,0.0
2016-08-24 08:40:00,0.0
2016-08-24 08:45:00,0.044099998
2016-08-24 08:50:00,0.147
2016-08-24 08:55:00,0.22049999
2016-08-24 09:00:00,0.13229999
2016-08-24 09:05:00,0.029400002
2016-08-24 09:10:00,0.0
2016-08-24 09:15:00,0.0
2016-08-24 09:20:00,0.0
2016-08-24 09:25:00,0.0
2016-08-24 09:30:00,0.0
2016-08-24 09:35:00,0.0
2016-08-24 09:40:00,0.0
2016-08-24 09:45:00,0.0
2016-08-24 09:50:00,0.0
2016-08-24 09:55:00,0.021000002
2016-08-24 10:00:00,0.063
2016-08-24 10:05:00,0.14700001
2016-08-24 10:10:00,0.1785
2016-08-24 10:15:00,0.19530009
2016-08-24 10:20:00,0.18059996
2016-08-24 10:25:00,0.09029998
2016-08-24 10:30:00,0.042000003
2016-08-24 10:35:00,0.021000002
2016-08-24 10:40:00,0.0
2016-08-24 10:45:00,0.0
2016-08-24 10:50:00,0.0
2016-08-24 10:55:00,0.0
2016-08-24 11:00:00,0.0
2016-08-24 11:05:00,0.0
2016-08-24 11:10:00,0.0
2016-08-24 11:15:00,0.0
2016-08-24 11:20:00,0.0
2016-08-24 11:25:00,0.0
2016-08-24 11:30:00,0.0
2016-08-24 11:35:00,0.0
2016-08-24 11:40:00,0.0
2016-08-24 11:45:00,0.0
2016-08-24 11:50:00,0.0
2016-08-24 11:55:00,0.0
2016-08-24 12:00:00,0.058800004
2016-08-24 12:05:00,0.10290001
2016-08-24 12:10:00,0.22049999
2016-08-24 12:15:00,0.378
2016-08-24 12:20:00,0.4935001
2016-08-24 12:25:00,0.49139997
2016-08-24 12:30:00,0.41790006
2016-08-24 12:35:00,0.273
2016-08-24 12:40:00,0.13020001
2016-08-24 12:45:00,0.058800004
2016-08-24 12:50:00,0.029400002
2016-08-24 12:55:00,0.014700001
2016-08-24 13:00:00,0.0
2016-08-24 13:05:00,0.0
2016-08-24 13:10:00,0.0
2016-08-24 13:15:00,0.0
2016-08-24 13:20:00,0.0
2016-08-24 13:25:00,0.0
2016-08-24 13:30:00,0.0
2016-08-24 13:35:00,0.0
2016-08-24 13:40:00,0.0
2016-08-24 13:45:00,0.0
2016-08-24 13:50:00,0.0
2016-08-24 13:55:00,0.0
2016-08-24 14:00:00,0.0
2016-08-24 14:05:00,0.0
2016-08-24 14:10:00,0.0
2016-08-24 14:15:00,0.0
2016-08-24 14:20:00,0.0
2016-08-24 14:25:00,0.0
2016-08-24 14:30:00,0.0
2016-08-24 14:35:00,0.0
2016-08-24 14:40:00,0.0
2016-08-24 14:45:00,0.0
2016-08-24 14:50:00,0.0
2016-08-24 14:55:00,0.0
2016-08-24 15:00:00,0.0
2016-08-24 15:05:00,0.0
2016-08-24 15:10:00,0.0
2016-08-24 15:15:00,0.0
2016-08-24 15:20:00,0.0
2016-08-24 15:25:00,0.0
2016-08-24 15:30:00,0.0
2016-08-24 15:35:00,0.0
2016-08-24 15:40:00,0.0
2016-08-24 15:45:00,0.0
2016-08-24 15:50:00,0.0
2016-08-24 15:55:00,0.0
2016-08-24 16:00:00,0.0
2016-08-24 16:05:00,0.0
2016-08-24 16:10:00,0.0
2016-08-24 16:15:00,0.021000002
2016-08-24 16:20:00,0.042000003
2016-08-24 16:25:00,0.063
2016-08-24 16:30:00,0.0945
2016-08-24 16:35:00,0.10289999
2016-08-24 16:40:00,0.1302
2016-08-24 16:45:00,0.17849998
2016-08-24 16:50:00,0.2603999
2016-08-24 16:55:00,0.37590006
2016-08-24 17:00:00,0.59430003
2016-08-24 17:05:00,0.7665001
2016-08-24 17:10:00,1.0710002
2016-08-24 17:15:00,1.2809998
2016-08-24 17:20:00,1.4048996
2016-08-24 17:25:00,1.5015007
2016-08-24 17:30:00,1.5728996
2016-08-24 17:35:00,1.5224993
2016-08-24 17:40:00,1.5078006
2016-08-24 17:45:00,1.4154003
2016-08-24 17:50:00,1.2831002
2016-08-24 17:55:00,1.1298002
2016-08-24 18:00:00,1.1004002
2016-08-24 18:05:00,1.1675999
2016-08-24 18:10:00,1.2705
2016-08-24 18:15:00,1.3923001
2016-08-24 18:20:00,1.4112004
2016-08-24 18:25:00,1.3838998
2016-08-24 18:30:00,1.4489999
2016-08-24 18:35:00,1.5750004
2016-08-24 18:40:00,1.6128002
2016-08-24 18:45:00,1.6107004
2016-08-24 18:50:00,1.5582004
2016-08-24 18:55:00,1.5204003
2016-08-24 19:00:00,1.5603006
2016-08-24 19:05:00,1.7283003
2016-08-24 19:10:00,1.9571998
2016-08-24 19:15:00,2.1546
2016-08-24 19:20:00,2.1650991
2016-08-24 19:25:00,1.9173006
2016-08-24 19:30:00,1.5707998
2016-08-24 19:35:00,1.5098999
2016-08-24 19:40:00,1.8752996
2016-08-24 19:45:00,2.2995002
2016-08-24 19:50:00,2.4192
2016-08-24 19:55:00,2.1819005
2016-08-24 20:00:00,2.0244002
2016-08-24 20:05:00,1.8963007
2016-08-24 20:10:00,1.6400996
2016-08-24 20:15:00,1.3754998
2016-08-24 20:20:00,1.5330002
2016-08-24 20:25:00,2.1587994
2016-08-24 20:30:00,2.8769999
2016-08-24 20:35:00,3.444001
2016-08-24 20:40:00,3.6666007
2016-08-24 20:45:00,3.273901
2016-08-24 20:50:00,2.288999
2016-08-24 20:55:00,1.6841996
2016-08-24 21:00:00,2.8056
2016-08-24 21:05:00,5.1177006
2016-08-24 21:10:00,5.8904986
2016-08-24 21:15:00,5.271
2016-08-24 21:20:00,4.9707007
2016-08-24 21:25:00,4.5779996
2016-08-24 21:30:00,4.953901
2016-08-24 21:35:00,4.510798
2016-08-24 21:40:00,3.1205988
2016-08-24 21:45:00,2.4275994
2016-08-24 21:50:00,3.5657997
2016-08-24 21:55:00,6.171901
2016-08-24 22:00:00,8.824201
2016-08-24 22:05:00,9.019502
2016-08-24 22:10:00,7.6062045
2016-08-24 22:15:00,8.227801
2016-08-24 22:20:00,8.2026005
2016-08-24 22:25:00,6.4701
2016-08-24 22:30:00,6.316799
2016-08-24 22:35:00,6.7640986
2016-08-24 22:40:00,5.9283
2016-08-24 22:45:00,4.1663995
2016-08-24 22:50:00,4.6472993
2016-08-24 22:55:00,7.455001
2016-08-24 23:00:00,9.7188015
2016-08-24 23:05:00,11.384104
2016-08-24 23:10:00,11.201399
2016-08-24 23:15:00,9.109798
2016-08-24 23:20:00,6.93
2016-08-24 23:25:00,7.5683985
2016-08-24 23:30:00,11.415601
2016-08-24 23:35:00,13.297196
2016-08-24 23:40:00,12.333302
2016-08-24 23:45:00,12.736497
2016-08-24 23:50:00,13.650001
2016-08-24 23:55:00,13.223705
2016-08-25 00:00:00,12.4278
2016-08-25 00:05:00,12.763801
2016-08-25 00:10:00,14.922599
2016-08-25 00:15:00,17.348103
2016-08-25 00:20:00,18.946201
2016-08-25 00:25:00,19.345203
2016-08-25 00:30:00,19.286404
2016-08-25 00:35:00,18.933601
2016-08-25 00:40:00,18.064203
2016-08-25 00:45:00,18.164995
2016-08-25 00:50:00,18.956696
2016-08-25 00:55:00,18.694195
2016-08-25 01:00:00,16.936504
2016-08-25 01:05:00,13.595394
2016-08-25 01:10:00,10.964101
2016-08-25 01:15:00,11.438699
2016-08-25 01:20:00,13.057798
2016-08-25 01:25:00,12.919202
2016-08-25 01:30:00,12.079198
2016-08-25 01:35:00,11.650799
2016-08-25 01:40:00,11.503797
2016-08-25 01:45:00,11.667601
2016-08-25 01:50:00,11.4576
2016-08-25 01:55:00,10.363502
2016-08-25 02:00:00,9.347101
2016-08-25 02:05:00,8.502901
2016-08-25 02:10:00,7.2975006
2016-08-25 02:15:00,6.407101
2016-08-25 02:20:00,6.2264996
2016-08-25 02:25:00,6.7620006
2016-08-25 02:30:00,7.6817985
2016-08-25 02:35:00,9.471002
2016-08-25 02:40:00,11.9049015
2016-08-25 02:45:00,14.508904
2016-08-25 02:50:00,16.520697
2016-08-25 02:55:00,17.791197
2016-08-25 03:00:00,18.572401
2016-08-25 03:05:00,19.101604
2016-08-25 03:10:00,19.336796
2016-08-25 03:15:00,19.475403
2016-08-25 03:20:00,19.317902
2016-08-25 03:25:00,18.500998
2016-08-25 03:30:00,17.810097
2016-08-25 03:35:00,17.902496
2016-08-25 03:40:00,16.0923
2016-08-25 03:45:00,12.564298
2016-08-25 03:50:00,10.388701
2016-08-25 03:55:00,9.760798
2016-08-25 04:00:00,9.4416
2016-08-25 04:05:00,9.229501
2016-08-25 04:10:00,9.3555
2016-08-25 04:15:00,9.7251005
2016-08-25 04:20:00,9.725101
2016-08-25 04:25:00,9.132901
2016-08-25 04:30:00,7.992602
2016-08-25 04:35:00,6.6443987
2016-08-25 04:40:00,5.3213997
2016-08-25 04:45:00,4.6809006
2016-08-25 04:50:00,4.437299
2016-08-25 04:55:00,4.218899
2016-08-25 05:00:00,4.2020993
2016-08-25 05:05:00,4.2356997
2016-08-25 05:10:00,4.1433015
2016-08-25 05:15:00,4.036202
2016-08-25 05:20:00,3.7505984
2016-08-25 05:25:00,3.3809984
2016-08-25 05:30:00,3.1184993
2016-08-25 05:35:00,2.7698994
2016-08-25 05:40:00,2.3961003
2016-08-25 05:45:00,2.0537999
2016-08-25 05:50:00,1.7031006
2016-08-25 05:55:00,1.4301
2016-08-25 06:00:00,1.3188004
2016-08-25 06:05:00,1.2914999
2016-08-25 06:10:00,1.2621002
2016-08-25 06:15:00,1.2600003
2016-08-25 06:20:00,1.3587002
2016-08-25 06:25:00,1.4636999
2016-08-25 06:30:00,1.5434995
2016-08-25 06:35:00,1.5876005
2016-08-25 06:40:00,1.6884001
2016-08-25 06:45:00,1.8500999
2016-08-25 06:50:00,2.0349004
2016-08-25 06:55:00,2.2134
2016-08-25 07:00:00,2.4486003
2016-08-25 07:05:00,2.6292007
2016-08-25 07:10:00,2.7636008
2016-08-25 07:15:00,2.8497007
2016-08-25 07:20:00,2.8854008
2016-08-25 07:25:00,2.9421008
2016-08-25 07:30:00,3.0891001
2016-08-25 07:35:00,3.3075001
2016-08-25 07:40:00,3.8640003
2016-08-25 07:45:00,4.6157994
2016-08-25 07:50:00,5.472601
2016-08-25 07:55:00,6.3819003
2016-08-25 08:00:00,7.236599
2016-08-25 08:05:00,7.742701
2016-08-25 08:10:00,7.862399
2016-08-25 08:15:00,7.6964993
2016-08-25 08:20:00,7.4865007
2016-08-25 08:25:00,7.3164005
2016-08-25 08:30:00,7.2912
2016-08-25 08:35:00,7.469702
2016-08-25 08:40:00,7.843501
2016-08-25 08:45:00,8.227801
2016-08-25 08:50:00,8.589002
2016-08-25 08:55:00,8.876701
2016-08-25 09:00:00,9.252602
2016-08-25 09:05:00,9.718801
2016-08-25 09:10:00,10.258499
2016-08-25 09:15:00,10.861201
2016-08-25 09:20:00,11.507999
2016-08-25 09:25:00,12.047701
2016-08-25 09:30:00,12.379499
2016-08-25 09:35:00,12.507599
2016-08-25 09:40:00,12.406798
2016-08-25 09:45:00,12.0729
2016-08-25 09:50:00,11.436601
2016-08-25 09:55:00,10.521002
2016-08-25 10:00:00,9.361795
2016-08-25 10:05:00,8.131199
2016-08-25 10:10:00,6.9174004
2016-08-25 10:15:00,5.754
2016-08-25 10:20:00,4.6746016
2016-08-25 10:25:00,3.7107003
2016-08-25 10:30:00,2.9483993
2016-08-25 10:35:00,2.3625
2016-08-25 10:40:00,1.8185992
2016-08-25 10:45:00,1.3440002
2016-08-25 10:50:00,0.9492002
2016-08-25 10:55:00,0.6236999
2016-08-25 11:00:00,0.3402
2016-08-25 11:05:00,0.1617
2016-08-25 11:10:00,0.10080001
2016-08-25 11:15:00,0.056699995
2016-08-25 11:20:00,0.037800003
2016-08-25 11:25:00,0.018900001
2016-08-25 11:30:00,0.0
2016-08-25 11:35:00,0.0
2016-08-25 11:40:00,0.0
2016-08-25 11:45:00,0.0
2016-08-25 11:50:00,0.0
2016-08-25 11:55:00,0.0
2016-08-25 12:00:00,0.0
2016-08-25 12:05:00,0.0
2016-08-25 12:10:00,0.0
2016-08-25 12:15:00,0.0
2016-08-25 12:20:00,0.0
2016-08-25 12:25:00,0.0
2016-08-25 12:30:00,0.0
2016-08-25 12:35:00,0.0
2016-08-25 12:40:00,0.0
2016-08-25 12:45:00,0.0
2016-08-25 12:50:00,0.029400002
2016-08-25 12:55:00,0.0735
2016-08-25 13:00:00,0.13229999
2016-08-25 13:05:00,0.21630001
2016-08-25 13:10:00,0.24569999
2016-08-25 13:15:00,0.28769997
2016-08-25 13:20:00,0.28769997
2016-08-25 13:25:00,0.273
2016-08-25 13:30:00,0.24569999
2016-08-25 13:35:00,0.23100004
2016-08-25 13:40:00,0.21630001
2016-08-25 13:45:00,0.1722
2016-08-25 13:50:00,0.15540001
2016-08-25 13:55:00,0.1701
2016-08-25 14:00:00,0.25410002
2016-08-25 14:05:00,0.32549998
2016-08-25 14:10:00,0.43469995
2016-08-25 14:15:00,0.55860007
2016-08-25 14:20:00,0.69720006
2016-08-25 14:25:00,0.7686001
2016-08-25 14:30:00,0.7686001
2016-08-25 14:35:00,0.7161
2016-08-25 14:40:00,0.63420004
2016-08-25 14:45:00,0.49769998
2016-08-25 14:50:00,0.37169996
2016-08-25 14:55:00,0.2289
2016-08-25 15:00:00,0.088199995
2016-08-25 15:05:00,0.058800004
2016-08-25 15:10:00,0.044099998
2016-08-25 15:15:00,0.014700001
2016-08-25 15:20:00,0.0
2016-08-25 15:25:00,0.0
2016-08-25 15:30:00,0.0
2016-08-25 15:35:00,0.0
2016-08-25 15:40:00,0.0
2016-08-25 15:45:00,0.0
2016-08-25 15:50:00,0.0
2016-08-25 15:55:00,0.0
2016-08-25 16:00:00,0.0
2016-08-25 16:05:00,0.0
2016-08-25 16:10:00,0.0
2016-08-25 16:15:00,0.0
2016-08-25 16:20:00,0.0
2016-08-25 16:25:00,0.0
2016-08-25 16:30:00,0.0
2016-08-25 16:35:00,0.0
2016-08-25 16:40:00,0.0
2016-08-25 16:45:00,0.0
2016-08-25 16:50:00,0.0
2016-08-25 16:55:00,0.0
2016-08-25 17:00:00,0.0
2016-08-25 17:05:00,0.0
2016-08-25 17:10:00,0.0
2016-08-25 17:15:00,0.0
2016-08-25 17:20:00,0.0
2016-08-25 17:25:00,0.0
2016-08-25 17:30:00,0.065099984
2016-08-25 17:35:00,0.17429999
2016-08-25 17:40:00,0.29820013
2016-08-25 17:45:00,0.47039983
2016-08-25 17:50:00,0.62790024
2016-08-25 17:55:00,0.81689996
2016-08-25 18:00:00,1.0395
2016-08-25 18:05:00,1.4048995
2016-08-25 18:10:00,1.7346
2016-08-25 18:15:00,2.0873995
2016-08-25 18:20:00,2.4695995
2016-08-25 18:25:00,3.019801
2016-08-25 18:30:00,3.5195994
2016-08-25 18:35:00,3.9018009
2016-08-25 18:40:00,4.1643
2016-08-25 18:45:00,4.4751005
2016-08-25 18:50:00,4.9497013
2016-08-25 18:55:00,5.543999
2016-08-25 19:00:00,6.333596
2016-08-25 19:05:00,7.1631
2016-08-25 19:10:00,8.038802
2016-08-25 19:15:00,8.929203
2016-08-25 19:20:00,9.4941025
2016-08-25 19:25:00,9.823801
2016-08-25 19:30:00,10.1891985
2016-08-25 19:35:00,10.911598
2016-08-25 19:40:00,11.699097
2016-08-25 19:45:00,12.102295
2016-08-25 19:50:00,12.209395
2016-08-25 19:55:00,12.488693
2016-08-25 20:00:00,12.942292
2016-08-25 20:05:00,13.204801
2016-08-25 20:10:00,13.101901
2016-08-25 20:15:00,13.066199
2016-08-25 20:20:00,13.213201
2016-08-25 20:25:00,13.2993
2016-08-25 20:30:00,13.175401
2016-08-25 20:35:00,13.057799
2016-08-25 20:40:00,13.045199
2016-08-25 20:45:00,13.0116
2016-08-25 20:50:00,12.963302
2016-08-25 20:55:00,12.894
2016-08-25 21:00:00,12.8793
2016-08-25 21:05:00,12.967504
2016-08-25 21:10:00,13.038901
2016-08-25 21:15:00,13.045201
2016-08-25 21:20:00,13.188002
2016-08-25 21:25:00,13.437903
2016-08-25 21:30:00,13.706702
2016-08-25 21:35:00,13.891502
2016-08-25 21:40:00,13.916703
2016-08-25 21:45:00,13.843204
2016-08-25 21:50:00,13.771804
2016-08-25 21:55:00,13.675204
2016-08-25 22:00:00,13.463101
2016-08-25 22:05:00,13.204795
2016-08-25 22:10:00,12.980096
2016-08-25 22:15:00,12.717597
2016-08-25 22:20:00,12.551698
2016-08-25 22:25:00,12.463494
2016-08-25 22:30:00,12.431994
2016-08-25 22:35:00,12.396296
2016-08-25 22:40:00,12.343796
2016-08-25 22:45:00,12.322796
2016-08-25 22:50:00,12.341696
2016-08-25 22:55:00,12.2976
2016-08-25 23:00:00,12.158997
2016-08-25 23:05:00,11.883898
2016-08-25 23:10:00,11.705398
2016-08-25 23:15:00,11.736895
2016-08-25 23:20:00,11.885994
2016-08-25 23:25:00,12.093893
2016-08-25 23:30:00,12.219898
2016-08-25 23:35:00,12.0288
2016-08-25 23:40:00,11.602502
2016-08-25 23:45:00,11.0544
2016-08-25 23:50:00,10.493697
2016-08-25 23:55:00,9.855297
2016-08-26 00:00:00,9.504599
2016-08-26 00:05:00,9.601198
2016-08-26 00:10:00,9.968699
2016-08-26 00:15:00,10.004401
2016-08-26 00:20:00,9.466796
2016-08-26 00:25:00,8.723399
2016-08-26 00:30:00,8.101805
2016-08-26 00:35:00,7.875003
2016-08-26 00:40:00,7.977902
2016-08-26 00:45:00,7.9632025
2016-08-26 00:50:00,7.622999
2016-08-26 00:55:00,7.0350013
2016-08-26 01:00:00,6.444899
2016-08-26 01:05:00,5.9513974
2016-08-26 01:10:00,5.6427016
2016-08-26 01:15:00,5.598601
2016-08-26 01:20:00,5.4831004
2016-08-26 01:25:00,5.1534014
2016-08-26 01:30:00,4.8194995
2016-08-26 01:35:00,4.4961
2016-08-26 01:40:00,4.2924004
2016-08-26 01:45:00,4.4205
2016-08-26 01:50:00,4.8258004
2016-08-26 01:55:00,5.2625995
2016-08-26 02:00:00,5.779198
2016-08-26 02:05:00,6.4595985
2016-08-26 02:10:00,7.253396
2016-08-26 02:15:00,7.7930994
2016-08-26 02:20:00,8.003103
2016-08-26 02:25:00,7.8834033
2016-08-26 02:30:00,7.629302
2016-08-26 02:35:00,7.3752
2016-08-26 02:40:00,7.125299
2016-08-26 02:45:00,6.8943005
2016-08-26 02:50:00,6.5918994
2016-08-26 02:55:00,6.4218
2016-08-26 03:00:00,6.3861012
2016-08-26 03:05:00,6.138299
2016-08-26 03:10:00,5.6510983
2016-08-26 03:15:00,5.1659994
2016-08-26 03:20:00,4.5591006
2016-08-26 03:25:00,3.7464013
2016-08-26 03:30:00,3.1122005
2016-08-26 03:35:00,2.6879995
2016-08-26 03:40:00,2.5430999
2016-08-26 03:45:00,2.5032005
2016-08-26 03:50:00,2.3478003
2016-08-26 03:55:00,2.0517
2016-08-26 04:00:00,1.6274995
2016-08-26 04:05:00,1.2369
2016-08-26 04:10:00,0.8967
2016-08-26 04:15:00,0.6278999
2016-08-26 04:20:00,0.40740004
2016-08-26 04:25:00,0.2562
2016-08-26 04:30:00,0.0672
2016-08-26 04:35:00,0.0
2016-08-26 04:40:00,0.0
2016-08-26 04:45:00,0.0
2016-08-26 04:50:00,0.0
2016-08-26 04:55:00,0.0
2016-08-26 05:00:00,0.0
2016-08-26 05:05:00,0.0
2016-08-26 05:10:00,0.0
2016-08-26 05:15:00,0.0
2016-08-26 05:20:00,0.0
2016-08-26 05:25:00,0.0
2016-08-26 05:30:00,0.0
2016-08-26 05:35:00,0.0
2016-08-26 05:40:00,0.0
2016-08-26 05:45:00,0.0
2016-08-26 05:50:00,0.0
2016-08-26 05:55:00,0.0
2016-08-26 06:00:00,0.0
2016-08-26 06:05:00,0.0
2016-08-26 06:10:00,0.0
2016-08-26 06:15:00,0.0
2016-08-26 06:20:00,0.0
2016-08-26 06:25:00,0.0
2016-08-26 06:30:00,0.0
2016-08-26 06:35:00,0.0
2016-08-26 06:40:00,0.0
2016-08-26 06:45:00,0.0
2016-08-26 06:50:00,0.0
2016-08-26 06:55:00,0.0
2016-08-26 07:00:00,0.0
2016-08-26 07:05:00,0.0
2016-08-26 07:10:00,0.0
2016-08-26 07:15:00,0.0
2016-08-26 07:20:00,0.0
2016-08-26 07:25:00,0.0
2016-08-26 07:30:00,0.0
2016-08-26 07:35:00,0.0
2016-08-26 07:40:00,0.0
2016-08-26 07:45:00,0.0
2016-08-26 07:50:00,0.0
2016-08-26 07:55:00,0.0
2016-08-26 08:00:00,0.0
2016-08-26 08:05:00,0.0
2016-08-26 08:10:00,0.0
2016-08-26 08:15:00,0.0
2016-08-26 08:20:00,0.0
2016-08-26 08:25:00,0.0
2016-08-26 08:30:00,0.0
2016-08-26 08:35:00,0.0
2016-08-26 08:40:00,0.0
2016-08-26 08:45:00,0.0
2016-08-26 08:50:00,0.0
2016-08-26 08:55:00,0.0
2016-08-26 09:00:00,0.0
2016-08-26 09:05:00,0.0
2016-08-26 09:10:00,0.0
2016-08-26 09:15:00,0.0
2016-08-26 09:20:00,0.0
2016-08-26 09:25:00,0.010500001
2016-08-26 09:30:00,0.0315
2016-08-26 09:35:00,0.042000003
2016-08-26 09:40:00,0.042000003
2016-08-26 09:45:00,0.050399996
2016-08-26 09:50:00,0.0483
2016-08-26 09:55:00,0.056699995
2016-08-26 10:00:00,0.018900001
2016-08-26 10:05:00,0.0
2016-08-26 10:10:00,0.018900001
2016-08-26 10:15:00,0.018900001
2016-08-26 10:20:00,0.0
2016-08-26 10:25:00,0.0
2016-08-26 10:30:00,0.0
2016-08-26 10:35:00,0.0
2016-08-26 10:40:00,0.0
2016-08-26 10:45:00,0.0
2016-08-26 10:50:00,0.0
2016-08-26 10:55:00,0.0
2016-08-26 11:00:00,0.0
2016-08-26 11:05:00,0.0
2016-08-26 11:10:00,0.0
2016-08-26 11:15:00,0.0
2016-08-26 11:20:00,0.0
2016-08-26 11:25:00,0.029400002
2016-08-26 11:30:00,0.13229999
2016-08-26 11:35:00,0.26459998
2016-08-26 11:40:00,0.32129997
2016-08-26 11:45:00,0.27719998
2016-08-26 11:50:00,0.16170001
2016-08-26 11:55:00,0.0735
2016-08-26 12:00:00,0.058800004
2016-08-26 12:05:00,0.4745999
2016-08-26 12:10:00,0.41580003
2016-08-26 12:15:00,0.34229997
2016-08-26 12:20:00,0.25620005
2016-08-26 12:25:00,0.14070001
2016-08-26 12:30:00,0.12599999
2016-08-26 12:35:00,0.12599999
2016-08-26 12:40:00,0.13859999
2016-08-26 12:45:00,0.1806
2016-08-26 12:50:00,0.273
2016-08-26 12:55:00,0.42629996
2016-08-26 13:00:00,0.48090005
2016-08-26 13:05:00,0.44100004
2016-08-26 13:10:00,0.34230003
2016-08-26 13:15:00,0.30660003
2016-08-26 13:20:00,0.33600003
2016-08-26 13:25:00,0.39479998
2016-08-26 13:30:00,0.41160005
2016-08-26 13:35:00,0.42839998
2016-08-26 13:40:00,0.5124001
2016-08-26 13:45:00,0.6111
2016-08-26 13:50:00,0.69720006
2016-08-26 13:55:00,0.7685999
2016-08-26 14:00:00,0.81270003
2016-08-26 14:05:00,0.8840999
2016-08-26 14:10:00,0.96809995
2016-08-26 14:15:00,1.0815
2016-08-26 14:20:00,1.2348
2016-08-26 14:25:00,1.3881
2016-08-26 14:30:00,1.5812999
2016-08-26 14:35:00,1.6464
2016-08-26 14:40:00,1.6673998
2016-08-26 14:45:00,1.6673998
2016-08-26 14:50:00,1.6610998
2016-08-26 14:55:00,1.6547998
2016-08-26 15:00:00,1.6463997
2016-08-26 15:05:00,1.6085994
2016-08-26 15:10:00,1.4909999
2016-08-26 15:15:00,1.2767999
2016-08-26 15:20:00,1.0437001
2016-08-26 15:25:00,0.8294999
2016-08-26 15:30:00,0.57960004
2016-08-26 15:35:00,0.31080002
2016-08-26 15:40:00,0.12599999
2016-08-26 15:45:00,0.056699995
2016-08-26 15:50:00,0.0
2016-08-26 15:55:00,0.0
2016-08-26 16:00:00,0.0
2016-08-26 16:05:00,0.0
2016-08-26 16:10:00,0.0
2016-08-26 16:15:00,0.0
2016-08-26 16:20:00,0.0
2016-08-26 16:25:00,0.0
2016-08-26 16:30:00,0.0
2016-08-26 16:35:00,0.0
2016-08-26 16:40:00,0.0
2016-08-26 16:45:00,0.0
2016-08-26 16:50:00,0.0
2016-08-26 16:55:00,0.0
2016-08-26 17:00:00,0.0
2016-08-26 17:05:00,0.0
2016-08-26 17:10:00,0.0
2016-08-26 17:15:00,0.0
2016-08-26 17:20:00,0.0
2016-08-26 17:25:00,0.0
2016-08-26 17:30:00,0.0
2016-08-26 17:35:00,0.0
2016-08-26 17:40:00,0.0
2016-08-26 17:45:00,0.0
2016-08-26 17:50:00,0.0
2016-08-26 17:55:00,0.0
2016-08-26 18:00:00,0.0
2016-08-26 18:05:00,0.0
2016-08-26 18:10:00,0.0
2016-08-26 18:15:00,0.0
2016-08-26 18:20:00,0.0
2016-08-26 18:25:00,0.0
2016-08-26 18:30:00,0.0
2016-08-26 18:35:00,0.0
2016-08-26 18:40:00,0.0
2016-08-26 18:45:00,0.0
2016-08-26 18:50:00,0.0
2016-08-26 18:55:00,0.0
2016-08-26 19:00:00,0.0
2016-08-26 19:05:00,0.0
2016-08-26 19:10:00,0.0
2016-08-26 19:15:00,0.0
2016-08-26 19:20:00,0.0
2016-08-26 19:25:00,0.0
2016-08-26 19:30:00,0.0
2016-08-26 19:35:00,0.0
2016-08-26 19:40:00,0.0
2016-08-26 19:45:00,0.0
2016-08-26 19:50:00,0.0
2016-08-26 19:55:00,0.0
2016-08-26 20:00:00,0.0
2016-08-26 20:05:00,0.0
2016-08-26 20:10:00,0.0
2016-08-26 20:15:00,0.0
2016-08-26 20:20:00,0.0
2016-08-26 20:25:00,0.0
2016-08-26 20:30:00,0.0
2016-08-26 20:35:00,0.0
2016-08-26 20:40:00,0.0
2016-08-26 20:45:00,0.0
2016-08-26 20:50:00,0.0
2016-08-26 20:55:00,0.0
2016-08-26 21:00:00,0.0
2016-08-26 21:05:00,0.0
2016-08-26 21:10:00,0.0
2016-08-26 21:15:00,0.0
2016-08-26 21:20:00,0.0
2016-08-26 21:25:00,0.0
2016-08-26 21:30:00,0.0
2016-08-26 21:35:00,0.0
2016-08-26 21:40:00,0.0
2016-08-26 21:45:00,0.0
2016-08-26 21:50:00,0.0
2016-08-26 21:55:00,0.0
2016-08-26 22:00:00,0.0
2016-08-26 22:05:00,0.0
2016-08-26 22:10:00,0.0
2016-08-26 22:15:00,0.0
2016-08-26 22:20:00,0.0
2016-08-26 22:25:00,0.0
2016-08-26 22:30:00,0.0
2016-08-26 22:35:00,0.0
2016-08-26 22:40:00,0.0
2016-08-26 22:45:00,0.0
2016-08-26 22:50:00,0.0
2016-08-26 22:55:00,0.0
2016-08-26 23:00:00,0.0
2016-08-26 23:05:00,0.0
2016-08-26 23:10:00,0.0
2016-08-26 23:15:00,0.0
2016-08-26 23:20:00,0.0
2016-08-26 23:25:00,0.0
2016-08-26 23:30:00,0.0
2016-08-26 23:35:00,0.0
2016-08-26 23:40:00,0.0
2016-08-26 23:45:00,0.0
2016-08-26 23:50:00,0.0
2016-08-26 23:55:00,0.0
2016-08-27 00:00:00,0.0
2016-08-27 00:05:00,0.0
2016-08-27 00:10:00,0.0
2016-08-27 00:15:00,0.0
2016-08-27 00:20:00,0.0
2016-08-27 00:25:00,0.0
2016-08-27 00:30:00,0.0
2016-08-27 00:35:00,0.037800003
2016-08-27 00:40:00,0.075600006
2016-08-27 00:45:00,0.075600006
2016-08-27 00:50:00,0.0
2016-08-27 00:55:00,0.0
2016-08-27 01:00:00,0.0
2016-08-27 01:05:00,0.0
2016-08-27 01:10:00,0.0
2016-08-27 01:15:00,0.0
2016-08-27 01:20:00,0.037800003
2016-08-27 01:25:00,0.15330003
2016-08-27 01:30:00,0.32340008
2016-08-27 01:35:00,0.46409994
2016-08-27 01:40:00,0.5397
2016-08-27 01:45:00,0.62369996
2016-08-27 01:50:00,0.7161
2016-08-27 01:55:00,0.8504999
2016-08-27 02:00:00,0.9575997
2016-08-27 02:05:00,1.0248
2016-08-27 02:10:00,1.1109
2016-08-27 02:15:00,1.1781
2016-08-27 02:20:00,1.1865
2016-08-27 02:25:00,1.2011998
2016-08-27 02:30:00,1.1235
2016-08-27 02:35:00,1.1213995
2016-08-27 02:40:00,1.406999
2016-08-27 02:45:00,2.6270995
2016-08-27 02:50:00,4.9916973
2016-08-27 02:55:00,8.7507
2016-08-27 03:00:00,13.649993
2016-08-27 03:05:00,18.225904
2016-08-27 03:10:00,22.257895
2016-08-27 03:15:00,24.952202
2016-08-27 03:20:00,25.239904
2016-08-27 03:25:00,24.320093
2016-08-27 03:30:00,23.692196
2016-08-27 03:35:00,23.236498
2016-08-27 03:40:00,23.015993
2016-08-27 03:45:00,23.209194
2016-08-27 03:50:00,23.75939
2016-08-27 03:55:00,24.39569
2016-08-27 04:00:00,24.920694
2016-08-27 04:05:00,25.355394
2016-08-27 04:10:00,25.884592
2016-08-27 04:15:00,26.56919
2016-08-27 04:20:00,27.35669
2016-08-27 04:25:00,28.18199
2016-08-27 04:30:00,29.03879
2016-08-27 04:35:00,29.874586
2016-08-27 04:40:00,30.563402
2016-08-27 04:45:00,31.0632
2016-08-27 04:50:00,31.655386
2016-08-27 04:55:00,32.287506
2016-08-27 05:00:00,33.20309
2016-08-27 05:05:00,34.425285
2016-08-27 05:10:00,35.752487
2016-08-27 05:15:00,36.85709
2016-08-27 05:20:00,37.713913
2016-08-27 05:25:00,38.148613
2016-08-27 05:30:00,38.22421
2016-08-27 05:35:00,37.942795
2016-08-27 05:40:00,37.3275
2016-08-27 05:45:00,36.516907
2016-08-27 05:50:00,35.81971
2016-08-27 05:55:00,35.71681
2016-08-27 06:00:00,36.474895
2016-08-27 06:05:00,38.03731
2016-08-27 06:10:00,40.305313
2016-08-27 06:15:00,43.247414
2016-08-27 06:20:00,46.53599
2016-08-27 06:25:00,49.671314
2016-08-27 06:30:00,52.369797
2016-08-27 06:35:00,54.402607
2016-08-27 06:40:00,55.912487
2016-08-27 06:45:00,57.2124
2016-08-27 06:50:00,59.020477
2016-08-27 06:55:00,61.414505
2016-08-27 07:00:00,63.900894
2016-08-27 07:05:00,65.9904
2016-08-27 07:10:00,67.46459
2016-08-27 07:15:00,68.30252
2016-08-27 07:20:00,68.52511
2016-08-27 07:25:00,68.459984
2016-08-27 07:30:00,68.23952
2016-08-27 07:35:00,67.86572
2016-08-27 07:40:00,67.1055
2016-08-27 07:45:00,65.095764
2016-08-27 07:50:00,61.74629
2016-08-27 07:55:00,57.69749
2016-08-27 08:00:00,53.97421
2016-08-27 08:05:00,51.313515
2016-08-27 08:10:00,49.461308
2016-08-27 08:15:00,48.157204
2016-08-27 08:20:00,47.09041
2016-08-27 08:25:00,45.80942
2016-08-27 08:30:00,44.217606
2016-08-27 08:35:00,42.5145
2016-08-27 08:40:00,41.006702
2016-08-27 08:45:00,40.29062
2016-08-27 08:50:00,40.643402
2016-08-27 08:55:00,41.983192
2016-08-27 09:00:00,44.118893
2016-08-27 09:05:00,46.836304
2016-08-27 09:10:00,49.770004
2016-08-27 09:15:00,52.384495
2016-08-27 09:20:00,54.345867
2016-08-27 09:25:00,55.57859
2016-08-27 09:30:00,56.046894
2016-08-27 09:35:00,55.824314
2016-08-27 09:40:00,55.07038
2016-08-27 09:45:00,53.936386
2016-08-27 09:50:00,52.72679
2016-08-27 09:55:00,51.485706
2016-08-27 10:00:00,50.416782
2016-08-27 10:05:00,49.6062
2016-08-27 10:10:00,49.1274
2016-08-27 10:15:00,48.944717
2016-08-27 10:20:00,49.10009
2016-08-27 10:25:00,49.560005
2016-08-27 10:30:00,50.452488
2016-08-27 10:35:00,51.6768
2016-08-27 10:40:00,52.82761
2016-08-27 10:45:00,53.67809
2016-08-27 10:50:00,54.194702
2016-08-27 10:55:00,54.683968
2016-08-27 11:00:00,55.116604
2016-08-27 11:05:00,55.7256
2016-08-27 11:10:00,56.3157
2016-08-27 11:15:00,56.77981
2016-08-27 11:20:00,57.042313
2016-08-27 11:25:00,57.136787
2016-08-27 11:30:00,57.195583
2016-08-27 11:35:00,57.716396
2016-08-27 11:40:00,58.90291
2016-08-27 11:45:00,60.790817
2016-08-27 11:50:00,62.987377
2016-08-27 11:55:00,65.19238
2016-08-27 12:00:00,70.7343
2016-08-27 12:05:00,70.9506
2016-08-27 12:10:00,71.44832
2016-08-27 12:15:00,71.72547
2016-08-27 12:20:00,70.59148
2016-08-27 12:25:00,69.01439
2016-08-27 12:30:00,68.13661
2016-08-27 12:35:00,67.8195
2016-08-27 12:40:00,67.79222
2016-08-27 12:45:00,68.3508
2016-08-27 12:50:00,69.65282
2016-08-27 12:55:00,71.796906
2016-08-27 13:00:00,74.50588
2016-08-27 13:05:00,77.54461
2016-08-27 13:10:00,78.46022
2016-08-27 13:15:00,77.76087
2016-08-27 13:20:00,75.642
2016-08-27 13:25:00,72.82382
2016-08-27 13:30:00,70.368904
2016-08-27 13:35:00,68.5755
2016-08-27 13:40:00,67.43942
2016-08-27 13:45:00,67.0929
2016-08-27 13:50:00,67.86361
2016-08-27 13:55:00,69.75779
2016-08-27 14:00:00,70.84563
2016-08-27 14:05:00,70.1484
2016-08-27 14:10:00,67.86989
2016-08-27 14:15:00,64.93829
2016-08-27 14:20:00,61.508995
2016-08-27 14:25:00,57.71011
2016-08-27 14:30:00,53.986816
2016-08-27 14:35:00,50.59739
2016-08-27 14:40:00,46.69771
2016-08-27 14:45:00,42.476685
2016-08-27 14:50:00,38.738705
2016-08-27 14:55:00,35.517296
2016-08-27 15:00:00,32.3022
2016-08-27 15:05:00,29.074507
2016-08-27 15:10:00,26.037899
2016-08-27 15:15:00,23.188198
2016-08-27 15:20:00,20.960102
2016-08-27 15:25:00,19.454405
2016-08-27 15:30:00,18.391802
2016-08-27 15:35:00,17.873106
2016-08-27 15:40:00,17.850006
2016-08-27 15:45:00,18.104092
2016-08-27 15:50:00,18.633293
2016-08-27 15:55:00,19.307388
2016-08-27 16:00:00,20.084387
2016-08-27 16:05:00,20.871885
2016-08-27 16:10:00,21.449385
2016-08-27 16:15:00,21.8463
2016-08-27 16:20:00,22.323
2016-08-27 16:25:00,23.160896
2016-08-27 16:30:00,24.427217
2016-08-27 16:35:00,25.930813
2016-08-27 16:40:00,27.568806
2016-08-27 16:45:00,29.007303
2016-08-27 16:50:00,30.225304
2016-08-27 16:55:00,31.405502
2016-08-27 17:00:00,32.5668
2016-08-27 17:05:00,33.94019
2016-08-27 17:10:00,35.557194
2016-08-27 17:15:00,37.52281
2016-08-27 17:20:00,40.030197
2016-08-27 17:25:00,42.966003
2016-08-27 17:30:00,46.11809
2016-08-27 17:35:00,49.18619
2016-08-27 17:40:00,52.241673
2016-08-27 17:45:00,55.114502
2016-08-27 17:50:00,57.817192
2016-08-27 17:55:00,60.3603
2016-08-27 18:00:00,62.638786
2016-08-27 18:05:00,64.4952
2016-08-27 18:10:00,65.99458
2016-08-27 18:15:00,67.47719
2016-08-27 18:20:00,69.1992
2016-08-27 18:25:00,71.3538
2016-08-27 18:30:00,73.77303
2016-08-27 18:35:00,76.02842
2016-08-27 18:40:00,77.775604
2016-08-27 18:45:00,79.13218
2016-08-27 18:50:00,80.209496
2016-08-27 18:55:00,81.1734
2016-08-27 19:00:00,81.83488
2016-08-27 19:05:00,82.28851
2016-08-27 19:10:00,82.628685
2016-08-27 19:15:00,82.9122
2016-08-27 19:20:00,83.08229
2016-08-27 19:25:00,83.15788
2016-08-27 19:30:00,83.15788
2016-08-27 19:35:00,83.12011
2016-08-27 19:40:00,82.96891
2016-08-27 19:45:00,82.779884
2016-08-27 19:50:00,82.6098
2016-08-27 19:55:00,82.5342
2016-08-27 20:00:00,82.59088
2016-08-27 20:05:00,82.7043
2016-08-27 20:10:00,82.83658
2016-08-27 20:15:00,83.004616
2016-08-27 20:20:00,83.19993
2016-08-27 20:25:00,83.45821
2016-08-27 20:30:00,83.703896
2016-08-27 20:35:00,83.70604
2016-08-27 20:40:00,83.659836
2016-08-27 20:45:00,83.645134
2016-08-27 20:50:00,83.659836
2016-08-27 20:55:00,83.733345
2016-08-27 21:00:00,83.80684
2016-08-27 21:05:00,83.86564
2016-08-27 21:10:00,83.88033
2016-08-27 21:15:00,83.89504
2016-08-27 21:20:00,83.89504
2016-08-27 21:25:00,83.89504
2016-08-27 21:30:00,83.89504
2016-08-27 21:35:00,83.89504
2016-08-27 21:40:00,83.89504
2016-08-27 21:45:00,83.89504
2016-08-27 21:50:00,83.89504
2016-08-27 21:55:00,83.89504
2016-08-27 22:00:00,83.89504
2016-08-27 22:05:00,83.89504
2016-08-27 22:10:00,83.89504
2016-08-27 22:15:00,83.89504
2016-08-27 22:20:00,83.89504
2016-08-27 22:25:00,83.89504
2016-08-27 22:30:00,83.89504
2016-08-27 22:35:00,83.89504
2016-08-27 22:40:00,83.89504
2016-08-27 22:45:00,83.89504
2016-08-27 22:50:00,83.89504
2016-08-27 22:55:00,83.89504
2016-08-27 23:00:00,83.89504
2016-08-27 23:05:00,83.89504
2016-08-27 23:10:00,83.89504
2016-08-27 23:15:00,83.89504
2016-08-27 23:20:00,83.89504
2016-08-27 23:25:00,83.89504
2016-08-27 23:30:00,83.89504
2016-08-27 23:35:00,83.89504
2016-08-27 23:40:00,83.89504
2016-08-27 23:45:00,83.89504
2016-08-27 23:50:00,83.89504
2016-08-27 23:55:00,83.89504
2016-08-28 00:00:00,83.89504
2016-08-28 00:05:00,83.89504
2016-08-28 00:10:00,83.89504
2016-08-28 00:15:00,83.89504
2016-08-28 00:20:00,83.89504
2016-08-28 00:25:00,83.89504
2016-08-28 00:30:00,83.89504
2016-08-28 00:35:00,83.89504
2016-08-28 00:40:00,83.89504
2016-08-28 00:45:00,83.89504
2016-08-28 00:50:00,83.89504
2016-08-28 00:55:00,83.89504
2016-08-28 01:00:00,83.89504
2016-08-28 01:05:00,83.89504
2016-08-28 01:10:00,83.89504
2016-08-28 01:15:00,83.89504
2016-08-28 01:20:00,83.89504
2016-08-28 01:25:00,83.89504
2016-08-28 01:30:00,83.89504
2016-08-28 01:35:00,83.89504
2016-08-28 01:40:00,83.89504
2016-08-28 01:45:00,83.89504
2016-08-28 01:50:00,83.89504
2016-08-28 01:55:00,83.89504
2016-08-28 02:00:00,83.89504
2016-08-28 02:05:00,83.89504
2016-08-28 02:10:00,83.89504
2016-08-28 02:15:00,83.89504
2016-08-28 02:20:00,83.89504
2016-08-28 02:25:00,83.89504
2016-08-28 02:30:00,83.89504
2016-08-28 02:35:00,83.89504
2016-08-28 02:40:00,83.89504
2016-08-28 02:45:00,83.89504
2016-08-28 02:50:00,83.89504
2016-08-28 02:55:00,83.89504
2016-08-28 03:00:00,83.89504
2016-08-28 03:05:00,83.89504
2016-08-28 03:10:00,83.89504
2016-08-28 03:15:00,83.89504
2016-08-28 03:20:00,83.89504
2016-08-28 03:25:00,83.89504
2016-08-28 03:30:00,83.89504
2016-08-28 03:35:00,83.89504
2016-08-28 03:40:00,83.89504
2016-08-28 03:45:00,83.89504
2016-08-28 03:50:00,83.89504
2016-08-28 03:55:00,83.89504
2016-08-28 04:00:00,83.89504
2016-08-28 04:05:00,83.89504
2016-08-28 04:10:00,83.89504
2016-08-28 04:15:00,83.89504
2016-08-28 04:20:00,83.89504
2016-08-28 04:25:00,83.89504
2016-08-28 04:30:00,83.89504
2016-08-28 04:35:00,83.89504
2016-08-28 04:40:00,83.89504
2016-08-28 04:45:00,83.89504
2016-08-28 04:50:00,83.89504
2016-08-28 04:55:00,83.89504
2016-08-28 05:00:00,83.89504
2016-08-28 05:05:00,83.89504
2016-08-28 05:10:00,83.89504
2016-08-28 05:15:00,83.89504
2016-08-28 05:20:00,83.89504
2016-08-28 05:25:00,83.89504
2016-08-28 05:30:00,83.89504
2016-08-28 05:35:00,83.89504
2016-08-28 05:40:00,83.89504
2016-08-28 05:45:00,83.89504
2016-08-28 05:50:00,83.89504
2016-08-28 05:55:00,83.89504
2016-08-28 06:00:00,83.89504
2016-08-28 06:05:00,83.89504
2016-08-28 06:10:00,83.89504
2016-08-28 06:15:00,83.89504
2016-08-28 06:20:00,83.89504
2016-08-28 06:25:00,83.89504
2016-08-28 06:30:00,83.89504
2016-08-28 06:35:00,83.8761
2016-08-28 06:40:00,83.83833
2016-08-28 06:45:00,83.61153
2016-08-28 06:50:00,82.87437
2016-08-28 06:55:00,81.8538
2016-08-28 07:00:00,80.88989
2016-08-28 07:05:00,79.793686
2016-08-28 07:10:00,78.7731
2016-08-28 07:15:00,77.918396
2016-08-28 07:20:00,77.27582
2016-08-28 07:25:00,77.021706
2016-08-28 07:30:00,77.1603
2016-08-28 07:35:00,77.57189
2016-08-28 07:40:00,78.00872
2016-08-28 07:45:00,78.08431
2016-08-28 07:50:00,77.81972
2016-08-28 07:55:00,77.32199
2016-08-28 08:00:00,76.77809
2016-08-28 08:05:00,76.26989
2016-08-28 08:10:00,75.768
2016-08-28 08:15:00,75.4404
2016-08-28 08:20:00,75.14432
2016-08-28 08:25:00,74.93221
2016-08-28 08:30:00,74.879715
2016-08-28 08:35:00,74.823006
2016-08-28 08:40:00,74.885994
2016-08-28 08:45:00,74.921684
2016-08-28 08:50:00,74.92169
2016-08-28 08:55:00,74.83982
2016-08-28 09:00:00,74.47439
2016-08-28 09:05:00,74.01869
2016-08-28 09:10:00,73.311
2016-08-28 09:15:00,72.552895
2016-08-28 09:20:00,71.924995
2016-08-28 09:25:00,71.454605
2016-08-28 09:30:00,70.90231
2016-08-28 09:35:00,70.251305
2016-08-28 09:40:00,69.73261
2016-08-28 09:45:00,69.287415
2016-08-28 09:50:00,69.06061
2016-08-28 09:55:00,69.04171
2016-08-28 10:00:00,69.17192
2016-08-28 10:05:00,69.1593
2016-08-28 10:10:00,68.9535
2016-08-28 10:15:00,68.46629
2016-08-28 10:20:00,67.92029
2016-08-28 10:25:00,67.242
2016-08-28 10:30:00,66.28649
2016-08-28 10:35:00,64.85638
2016-08-28 10:40:00,63.00633
2016-08-28 10:45:00,60.918922
2016-08-28 10:50:00,58.737022
2016-08-28 10:55:00,56.359802
2016-08-28 11:00:00,53.757862
2016-08-28 11:05:00,51.26729
2016-08-28 11:10:00,49.001404
2016-08-28 11:15:00,46.922405
2016-08-28 11:20:00,45.07021
2016-08-28 11:25:00,43.528812
2016-08-28 11:30:00,42.390617
2016-08-28 11:35:00,41.69972
2016-08-28 11:40:00,41.3175
2016-08-28 11:45:00,41.22302
2016-08-28 11:50:00,41.32172
2016-08-28 11:55:00,41.374218
2016-08-28 12:00:00,11.711694
2016-08-28 12:05:00,11.300095
2016-08-28 12:10:00,10.812897
2016-08-28 12:15:00,10.296299
2016-08-28 12:20:00,9.800699
2016-08-28 12:25:00,9.483601
2016-08-28 12:30:00,9.347099
2016-08-28 12:35:00,9.229499
2016-08-28 12:40:00,9.1182
2016-08-28 12:45:00,8.9166
2016-08-28 12:50:00,8.6667
2016-08-28 12:55:00,8.305501
2016-08-28 13:00:00,7.9505997
2016-08-28 13:05:00,7.639799
2016-08-28 13:10:00,7.3815
2016-08-28 13:15:00,7.2218995
2016-08-28 13:20:00,7.1672997
2016-08-28 13:25:00,7.1399994
2016-08-28 13:30:00,7.1315994
2016-08-28 13:35:00,7.1735992
2016-08-28 13:40:00,7.240799
2016-08-28 13:45:00,7.3941007
2016-08-28 13:50:00,7.604101
2016-08-28 13:55:00,7.8309007
2016-08-28 14:00:00,8.0114975
2016-08-28 14:05:00,8.110199
2016-08-28 14:10:00,8.2277975
2016-08-28 14:15:00,7.9779
2016-08-28 14:20:00,7.392001
2016-08-28 14:25:00,6.594001
2016-08-28 14:30:00,5.7917976
2016-08-28 14:35:00,5.186999
2016-08-28 14:40:00,4.691399
2016-08-28 14:45:00,4.0697994
2016-08-28 14:50:00,3.3327003
2016-08-28 14:55:00,2.7258
2016-08-28 15:00:00,2.3016
2016-08-28 15:05:00,1.9319998
2016-08-28 15:10:00,1.5876002
2016-08-28 15:15:00,1.3334999
2016-08-28 15:20:00,1.1025001
2016-08-28 15:25:00,0.9114001
2016-08-28 15:30:00,0.76440006
2016-08-28 15:35:00,0.6615
2016-08-28 15:40:00,0.52919996
2016-08-28 15:45:00,0.38220003
2016-08-28 15:50:00,0.22049999
2016-08-28 15:55:00,0.088199995
2016-08-28 16:00:00,0.044099998
2016-08-28 16:05:00,0.0
2016-08-28 16:10:00,0.0
2016-08-28 16:15:00,0.0
2016-08-28 16:20:00,0.0
2016-08-28 16:25:00,0.0
2016-08-28 16:30:00,0.0
2016-08-28 16:35:00,0.0
2016-08-28 16:40:00,0.0
2016-08-28 16:45:00,0.0
2016-08-28 16:50:00,0.0
2016-08-28 16:55:00,0.0
2016-08-28 17:00:00,0.0
2016-08-28 17:05:00,0.0
2016-08-28 17:10:00,0.0
2016-08-28 17:15:00,0.0
2016-08-28 17:20:00,0.0
2016-08-28 17:25:00,0.0
2016-08-28 17:30:00,0.0
2016-08-28 17:35:00,0.0
2016-08-28 17:40:00,0.0
2016-08-28 17:45:00,0.0
2016-08-28 17:50:00,0.0
2016-08-28 17:55:00,0.0
2016-08-28 18:00:00,0.0
2016-08-28 18:05:00,0.0
2016-08-28 18:10:00,0.0
2016-08-28 18:15:00,0.0
2016-08-28 18:20:00,0.0
2016-08-28 18:25:00,0.0
2016-08-28 18:30:00,0.0
2016-08-28 18:35:00,0.0
2016-08-28 18:40:00,0.0
2016-08-28 18:45:00,0.0
2016-08-28 18:50:00,0.0
2016-08-28 18:55:00,0.0
2016-08-28 19:00:00,0.0
2016-08-28 19:05:00,0.0
2016-08-28 19:10:00,0.0
2016-08-28 19:15:00,0.0
2016-08-28 19:20:00,0.0
2016-08-28 19:25:00,0.0
2016-08-28 19:30:00,0.0
2016-08-28 19:35:00,0.018900001
2016-08-28 19:40:00,0.037800003
2016-08-28 19:45:00,0.08609999
2016-08-28 19:50:00,0.17220001
2016-08-28 19:55:00,0.22049996
2016-08-28 20:00:00,0.35279998
2016-08-28 20:05:00,0.5145001
2016-08-28 20:10:00,0.6615
2016-08-28 20:15:00,0.8211
2016-08-28 20:20:00,0.9870002
2016-08-28 20:25:00,1.1697
2016-08-28 20:30:00,1.3859998
2016-08-28 20:35:00,1.5918005
2016-08-28 20:40:00,1.7766002
2016-08-28 20:45:00,1.9382998
2016-08-28 20:50:00,2.0559
2016-08-28 20:55:00,2.142
2016-08-28 21:00:00,2.1692998
2016-08-28 21:05:00,2.247
2016-08-28 21:10:00,2.4066
2016-08-28 21:15:00,2.6439006
2016-08-28 21:20:00,2.8182003
2016-08-28 21:25:00,2.9106007
2016-08-28 21:30:00,2.9925
2016-08-28 21:35:00,3.0114002
2016-08-28 21:40:00,3.0261006
2016-08-28 21:45:00,3.0618007
2016-08-28 21:50:00,3.0933006
2016-08-28 21:55:00,3.1899004
2016-08-28 22:00:00,3.2361002
2016-08-28 22:05:00,3.2907
2016-08-28 22:10:00,3.3914998
2016-08-28 22:15:00,3.4859993
2016-08-28 22:20:00,3.5720992
2016-08-28 22:25:00,3.670799
2016-08-28 22:30:00,3.7274988
2016-08-28 22:35:00,3.7694988
2016-08-28 22:40:00,3.8177986
2016-08-28 22:45:00,3.9689984
2016-08-28 22:50:00,4.094998
2016-08-28 22:55:00,4.307098
2016-08-28 23:00:00,4.531801
2016-08-28 23:05:00,4.8299994
2016-08-28 23:10:00,5.140799
2016-08-28 23:15:00,5.489399
2016-08-28 23:20:00,5.823303
2016-08-28 23:25:00,6.098403
2016-08-28 23:30:00,6.394502
2016-08-28 23:35:00,6.762001
2016-08-28 23:40:00,7.1211023
2016-08-28 23:45:00,7.513801
2016-08-28 23:50:00,7.8897
2016-08-28 23:55:00,8.290801
2016-08-29 00:00:00,8.672999
2016-08-29 00:05:00,9.086699
2016-08-29 00:10:00,9.475198
2016-08-29 00:15:00,9.815396
2016-08-29 00:20:00,10.069496
2016-08-29 00:25:00,10.306797
2016-08-29 00:30:00,10.592396
2016-08-29 00:35:00,10.991398
2016-08-29 00:40:00,11.459697
2016-08-29 00:45:00,11.969996
2016-08-29 00:50:00,12.587395
2016-08-29 00:55:00,13.206895
2016-08-29 01:00:00,13.784402
2016-08-29 01:05:00,14.288401
2016-08-29 01:10:00,14.790306
2016-08-29 01:15:00,15.315307
2016-08-29 01:20:00,15.842404
2016-08-29 01:25:00,16.440903
2016-08-29 01:30:00,17.028902
2016-08-29 01:35:00,17.637901
2016-08-29 01:40:00,18.167099
2016-08-29 01:45:00,18.750898
2016-08-29 01:50:00,19.571995
2016-08-29 01:55:00,20.508595
2016-08-29 02:00:00,21.464092
2016-08-29 02:05:00,22.491003
2016-08-29 02:10:00,23.593506
2016-08-29 02:15:00,24.78
2016-08-29 02:20:00,26.023197
2016-08-29 02:25:00,27.510006
2016-08-29 02:30:00,29.263514
2016-08-29 02:35:00,31.298407
2016-08-29 02:40:00,33.854095
2016-08-29 02:45:00,36.33841
2016-08-29 02:50:00,38.358616
2016-08-29 02:55:00,39.93991
2016-08-29 03:00:00,41.267105
2016-08-29 03:05:00,42.26039
2016-08-29 03:10:00,42.61532
2016-08-29 03:15:00,42.365406
2016-08-29 03:20:00,41.735394
2016-08-29 03:25:00,40.870193
2016-08-29 03:30:00,39.971413
2016-08-29 03:35:00,39.3057
2016-08-29 03:40:00,38.894096
2016-08-29 03:45:00,38.574898
2016-08-29 03:50:00,38.089798
2016-08-29 03:55:00,37.405205
2016-08-29 04:00:00,36.712208
2016-08-29 04:05:00,36.057
2016-08-29 04:10:00,35.439594
2016-08-29 04:15:00,34.937702
2016-08-29 04:20:00,34.641605
2016-08-29 04:25:00,34.6878
2016-08-29 04:30:00,34.866302
2016-08-29 04:35:00,35.135105
2016-08-29 04:40:00,35.2779
2016-08-29 04:45:00,35.364
2016-08-29 04:50:00,35.5152
2016-08-29 04:55:00,35.815506
2016-08-29 05:00:00,36.399296
2016-08-29 05:05:00,37.23302
2016-08-29 05:10:00,38.089794
2016-08-29 05:15:00,38.799614
2016-08-29 05:20:00,39.404396
2016-08-29 05:25:00,40.103706
2016-08-29 05:30:00,40.79251
2016-08-29 05:35:00,41.38051
2016-08-29 05:40:00,41.7039
2016-08-29 05:45:00,41.810997
2016-08-29 05:50:00,41.7963
2016-08-29 05:55:00,41.760597
2016-08-29 06:00:00,41.771095
2016-08-29 06:05:00,41.760593
2016-08-29 06:10:00,41.729095
2016-08-29 06:15:00,41.5821
2016-08-29 06:20:00,41.519096
2016-08-29 06:25:00,41.313286
2016-08-29 06:30:00,41.132706
2016-08-29 06:35:00,40.903793
2016-08-29 06:40:00,40.527897
2016-08-29 06:45:00,40.011295
2016-08-29 06:50:00,39.3456
2016-08-29 06:55:00,38.65681
2016-08-29 07:00:00,37.917618
2016-08-29 07:05:00,37.28972
2016-08-29 07:10:00,37.01252
2016-08-29 07:15:00,37.117516
2016-08-29 07:20:00,37.390503
2016-08-29 07:25:00,37.75802
2016-08-29 07:30:00,38.163315
2016-08-29 07:35:00,38.507698
2016-08-29 07:40:00,38.85211
2016-08-29 07:45:00,39.177605
2016-08-29 07:50:00,39.503098
2016-08-29 07:55:00,39.931496
2016-08-29 08:00:00,40.261208
2016-08-29 08:05:00,40.275898
2016-08-29 08:10:00,39.899994
2016-08-29 08:15:00,39.25111
2016-08-29 08:20:00,38.5539
2016-08-29 08:25:00,37.947002
2016-08-29 08:30:00,37.491318
2016-08-29 08:35:00,37.06292
2016-08-29 08:40:00,36.45809
2016-08-29 08:45:00,35.672707
2016-08-29 08:50:00,34.920906
2016-08-29 08:55:00,34.257294
2016-08-29 09:00:00,33.6357
2016-08-29 09:05:00,33.131687
2016-08-29 09:10:00,32.76209
2016-08-29 09:15:00,32.55209
2016-08-29 09:20:00,32.468086
2016-08-29 09:25:00,32.358887
2016-08-29 09:30:00,32.405098
2016-08-29 09:35:00,32.661297
2016-08-29 09:40:00,33.112812
2016-08-29 09:45:00,33.507607
2016-08-29 09:50:00,33.759605
2016-08-29 09:55:00,33.862503
2016-08-29 10:00:00,33.944405
2016-08-29 10:05:00,34.095604
2016-08-29 10:10:00,34.467304
2016-08-29 10:15:00,35.040607
2016-08-29 10:20:00,35.647503
2016-08-29 10:25:00,36.0738
2016-08-29 10:30:00,36.414005
2016-08-29 10:35:00,36.951603
2016-08-29 10:40:00,37.575314
2016-08-29 10:45:00,38.12551
2016-08-29 10:50:00,38.71981
2016-08-29 10:55:00,39.217495
2016-08-29 11:00:00,39.52831
2016-08-29 11:05:00,39.647995
2016-08-29 11:10:00,39.71939
2016-08-29 11:15:00,39.69211
2016-08-29 11:20:00,39.635406
2016-08-29 11:25:00,39.42751
2016-08-29 11:30:00,39.154495
2016-08-29 11:35:00,38.803814
2016-08-29 11:40:00,38.35021
2016-08-29 11:45:00,37.8966
2016-08-29 11:50:00,37.440914
2016-08-29 11:55:00,37.0419
2016-08-29 12:00:00,36.934814
2016-08-29 12:05:00,41.10122
2016-08-29 12:10:00,41.9181
2016-08-29 12:15:00,42.30032
2016-08-29 12:20:00,42.4263
2016-08-29 12:25:00,42.69091
2016-08-29 12:30:00,43.167603
2016-08-29 12:35:00,43.70101
2016-08-29 12:40:00,44.179806
2016-08-29 12:45:00,44.62291
2016-08-29 12:50:00,44.799294
2016-08-29 12:55:00,44.912697
2016-08-29 13:00:00,45.02401
2016-08-29 13:05:00,44.994606
2016-08-29 13:10:00,44.72371
2016-08-29 13:15:00,44.40241
2016-08-29 13:20:00,44.22391
2016-08-29 13:25:00,44.272198
2016-08-29 13:30:00,44.522102
2016-08-29 13:35:00,45.013508
2016-08-29 13:40:00,45.53849
2016-08-29 13:45:00,46.103405
2016-08-29 13:50:00,46.62629
2016-08-29 13:55:00,47.113503
2016-08-29 14:00:00,47.728806
2016-08-29 14:05:00,48.4491
2016-08-29 14:10:00,49.072784
2016-08-29 14:15:00,49.402485
2016-08-29 14:20:00,49.158897
2016-08-29 14:25:00,47.95562
2016-08-29 14:30:00,45.933308
2016-08-29 14:35:00,43.65901
2016-08-29 14:40:00,41.573708
2016-08-29 14:45:00,39.79081
2016-08-29 14:50:00,37.900814
2016-08-29 14:55:00,36.174614
2016-08-29 15:00:00,34.53031
2016-08-29 15:05:00,32.86291
2016-08-29 15:10:00,31.453793
2016-08-29 15:15:00,30.353395
2016-08-29 15:20:00,29.651999
2016-08-29 15:25:00,29.1354
2016-08-29 15:30:00,28.648201
2016-08-29 15:35:00,28.041304
2016-08-29 15:40:00,27.440708
2016-08-29 15:45:00,26.514595
2016-08-29 15:50:00,25.615797
2016-08-29 15:55:00,24.693903
2016-08-29 16:00:00,23.669096
2016-08-29 16:05:00,22.503601
2016-08-29 16:10:00,21.2646
2016-08-29 16:15:00,19.935307
2016-08-29 16:20:00,18.4989
2016-08-29 16:25:00,16.9806
2016-08-29 16:30:00,15.491701
2016-08-29 16:35:00,14.109898
2016-08-29 16:40:00,12.681901
2016-08-29 16:45:00,11.310604
2016-08-29 16:50:00,10.035909
2016-08-29 16:55:00,8.794796
2016-08-29 17:00:00,7.576803
2016-08-29 17:05:00,6.279003
2016-08-29 17:10:00,4.920297
2016-08-29 17:15:00,3.626699
2016-08-29 17:20:00,2.7698998
2016-08-29 17:25:00,2.0663996
2016-08-29 17:30:00,1.4280002
2016-08-29 17:35:00,0.8882998
2016-08-29 17:40:00,0.4284
2016-08-29 17:45:00,0.26250002
2016-08-29 17:50:00,0.12600002
2016-08-29 17:55:00,0.029400002
2016-08-29 18:00:00,0.0
2016-08-29 18:05:00,0.0
2016-08-29 18:10:00,0.0
2016-08-29 18:15:00,0.0
2016-08-29 18:20:00,0.0
2016-08-29 18:25:00,0.0
2016-08-29 18:30:00,0.0
2016-08-29 18:35:00,0.0
2016-08-29 18:40:00,0.0
2016-08-29 18:45:00,0.0
2016-08-29 18:50:00,0.0
2016-08-29 18:55:00,0.0
2016-08-29 19:00:00,0.0
2016-08-29 19:05:00,0.0
2016-08-29 19:10:00,0.0
2016-08-29 19:15:00,0.0
2016-08-29 19:20:00,0.0
2016-08-29 19:25:00,0.0
2016-08-29 19:30:00,0.0
2016-08-29 19:35:00,0.0
2016-08-29 19:40:00,0.0
2016-08-29 19:45:00,0.0
2016-08-29 19:50:00,0.0
2016-08-29 19:55:00,0.0
2016-08-29 20:00:00,0.0
2016-08-29 20:05:00,0.0
2016-08-29 20:10:00,0.0
2016-08-29 20:15:00,0.0
2016-08-29 20:20:00,0.0
2016-08-29 20:25:00,0.0
2016-08-29 20:30:00,0.0
2016-08-29 20:35:00,0.0
2016-08-29 20:40:00,0.0
2016-08-29 20:45:00,0.0
2016-08-29 20:50:00,0.0
2016-08-29 20:55:00,0.0
2016-08-29 21:00:00,0.0
2016-08-29 21:05:00,0.014700001
2016-08-29 21:10:00,0.014700001
2016-08-29 21:15:00,0.029400002
2016-08-29 21:20:00,0.029400002
2016-08-29 21:25:00,0.062999986
2016-08-29 21:30:00,0.08819999
2016-08-29 21:35:00,0.13019998
2016-08-29 21:40:00,0.22260006
2016-08-29 21:45:00,0.29190004
2016-08-29 21:50:00,0.3801
2016-08-29 21:55:00,0.46620026
2016-08-29 22:00:00,0.6342
2016-08-29 22:05:00,0.9261004
2016-08-29 22:10:00,1.2872994
2016-08-29 22:15:00,1.7031004
2016-08-29 22:20:00,2.2658994
2016-08-29 22:25:00,2.9630995
2016-08-29 22:30:00,3.8220007
2016-08-29 22:35:00,4.995899
2016-08-29 22:40:00,6.453298
2016-08-29 22:45:00,8.1417
2016-08-29 22:50:00,10.040098
2016-08-29 22:55:00,12.163201
2016-08-29 23:00:00,14.422805
2016-08-29 23:05:00,16.6677
2016-08-29 23:10:00,19.191895
2016-08-29 23:15:00,21.798
2016-08-29 23:20:00,24.402012
2016-08-29 23:25:00,27.163504
2016-08-29 23:30:00,29.887197
2016-08-29 23:35:00,32.701195
2016-08-29 23:40:00,35.513092
2016-08-29 23:45:00,38.448902
2016-08-29 23:50:00,41.237698
2016-08-29 23:55:00,43.873203
2016-08-30 00:00:00,46.53809
2016-08-30 00:05:00,49.74268
2016-08-30 00:10:00,53.363083
2016-08-30 00:15:00,56.6349
2016-08-30 00:20:00,59.339687
2016-08-30 00:25:00,61.67281
2016-08-30 00:30:00,63.665714
2016-08-30 00:35:00,65.59768
2016-08-30 00:40:00,67.44359
2016-08-30 00:45:00,68.9808
2016-08-30 00:50:00,70.396194
2016-08-30 00:55:00,71.55747
2016-08-30 01:00:00,72.46889
2016-08-30 01:05:00,73.159775
2016-08-30 01:10:00,73.39709
2016-08-30 01:15:00,73.252205
2016-08-30 01:20:00,73.052704
2016-08-30 01:25:00,72.93508
2016-08-30 01:30:00,73.048515
2016-08-30 01:35:00,73.23331
2016-08-30 01:40:00,73.42231
2016-08-30 01:45:00,73.51258
2016-08-30 01:50:00,73.81501
2016-08-30 01:55:00,75.02672
2016-08-30 02:00:00,76.324524
2016-08-30 02:05:00,77.41653
2016-08-30 02:10:00,78.69543
2016-08-30 02:15:00,79.96382
2016-08-30 02:20:00,81.207016
2016-08-30 02:25:00,81.94622
2016-08-30 02:30:00,82.16674
2016-08-30 02:35:00,82.10164
2016-08-30 02:40:00,82.32634
2016-08-30 02:45:00,82.73793
2016-08-30 02:50:00,83.15793
2016-08-30 02:55:00,83.47294
2016-08-30 03:00:00,83.62204
2016-08-30 03:05:00,83.66824
2016-08-30 03:10:00,83.54224
2016-08-30 03:15:00,83.36584
2016-08-30 03:20:00,83.23353
2016-08-30 03:25:00,83.11593
2016-08-30 03:30:00,83.07184
2016-08-30 03:35:00,83.07184
2016-08-30 03:40:00,83.10124
2016-08-30 03:45:00,83.07184
2016-08-30 03:50:00,82.95424
2016-08-30 03:55:00,82.77784
2016-08-30 04:00:00,82.46283
2016-08-30 04:05:00,81.69215
2016-08-30 04:10:00,80.79545
2016-08-30 04:15:00,80.47204
2016-08-30 04:20:00,80.07724
2016-08-30 04:25:00,79.73494
2016-08-30 04:30:00,79.95753
2016-08-30 04:35:00,79.44932
2016-08-30 04:40:00,78.474945
2016-08-30 04:45:00,78.03605
2016-08-30 04:50:00,78.58414
2016-08-30 04:55:00,79.501816
2016-08-30 05:00:00,80.55182
2016-08-30 05:05:00,81.74883
2016-08-30 05:10:00,82.63714
2016-08-30 05:15:00,83.04453
2016-08-30 05:20:00,83.42254
2016-08-30 05:25:00,83.77954
2016-08-30 05:30:00,83.89504
2016-08-30 05:35:00,83.89504
2016-08-30 05:40:00,83.89504
2016-08-30 05:45:00,83.89504
2016-08-30 05:50:00,83.89504
2016-08-30 05:55:00,83.89504
2016-08-30 06:00:00,83.89504
2016-08-30 06:05:00,83.89504
2016-08-30 06:10:00,83.89504
2016-08-30 06:15:00,83.89504
2016-08-30 06:20:00,83.89504
2016-08-30 06:25:00,83.89504
2016-08-30 06:30:00,83.89504
2016-08-30 06:35:00,83.89504
2016-08-30 06:40:00,83.89504
2016-08-30 06:45:00,83.89504
2016-08-30 06:50:00,83.89504
2016-08-30 06:55:00,83.89504
2016-08-30 07:00:00,83.89504
2016-08-30 07:05:00,83.89504
2016-08-30 07:10:00,83.89504
2016-08-30 07:15:00,83.89504
2016-08-30 07:20:00,83.89504
2016-08-30 07:25:00,83.89504
2016-08-30 07:30:00,83.89504
2016-08-30 07:35:00,83.89504
2016-08-30 07:40:00,83.89504
2016-08-30 07:45:00,83.89504
2016-08-30 07:50:00,83.89504
2016-08-30 07:55:00,83.89504
2016-08-30 08:00:00,83.68714
2016-08-30 08:05:00,83.49811
2016-08-30 08:10:00,83.57371
2016-08-30 08:15:00,83.706024
2016-08-30 08:20:00,83.706024
2016-08-30 08:25:00,83.706024
2016-08-30 08:30:00,83.80052
2016-08-30 08:35:00,83.85722
2016-08-30 08:40:00,83.83834
2016-08-30 08:45:00,83.706024
2016-08-30 08:50:00,83.51701
2016-08-30 08:55:00,83.39312
2016-08-30 09:00:00,83.51494
2016-08-30 09:05:00,83.76062
2016-08-30 09:10:00,83.83834
2016-08-30 09:15:00,83.74384
2016-08-30 09:20:00,83.506516
2016-08-30 09:25:00,82.89122
2016-08-30 09:30:00,81.66693
2016-08-30 09:35:00,80.80798
2016-08-30 09:40:00,80.42159
2016-08-30 09:45:00,80.73028
2016-08-30 09:50:00,80.7492
2016-08-30 09:55:00,80.310295
2016-08-30 10:00:00,79.062874
2016-08-30 10:05:00,77.34089
2016-08-30 10:10:00,75.52647
2016-08-30 10:15:00,75.14638
2016-08-30 10:20:00,76.55552
2016-08-30 10:25:00,78.02761
2016-08-30 10:30:00,79.91761
2016-08-30 10:35:00,80.79958
2016-08-30 10:40:00,81.00961
2016-08-30 10:45:00,80.65468
2016-08-30 10:50:00,80.039406
2016-08-30 10:55:00,79.76431
2016-08-30 11:00:00,80.0457
2016-08-30 11:05:00,80.352295
2016-08-30 11:10:00,80.829
2016-08-30 11:15:00,81.26582
2016-08-30 11:20:00,81.70472
2016-08-30 11:25:00,82.11212
2016-08-30 11:30:00,82.35573
2016-08-30 11:35:00,82.51321
2016-08-30 11:40:00,82.67283
2016-08-30 11:45:00,82.80093
2016-08-30 11:50:00,82.95003
2016-08-30 11:55:00,83.07184
2016-08-30 12:00:00,83.14534
2016-08-30 12:05:00,83.89504
2016-08-30 12:10:00,83.89504
2016-08-30 12:15:00,83.89504
2016-08-30 12:20:00,83.89504
2016-08-30 12:25:00,83.87611
2016-08-30 12:30:00,83.687096
2016-08-30 12:35:00,83.403625
2016-08-30 12:40:00,83.233505
2016-08-30 12:45:00,83.19572
2016-08-30 12:50:00,83.120094
2016-08-30 12:55:00,82.96892
2016-08-30 13:00:00,82.68542
2016-08-30 13:05:00,82.477486
2016-08-30 13:10:00,82.55311
2016-08-30 13:15:00,82.95003
2016-08-30 13:20:00,83.328026
2016-08-30 13:25:00,83.80052
2016-08-30 13:30:00,83.83834
2016-08-30 13:35:00,83.19572
2016-08-30 13:40:00,82.32629
2016-08-30 13:45:00,81.57029
2016-08-30 13:50:00,81.15448
2016-08-30 13:55:00,81.11669
2016-08-30 14:00:00,81.62697
2016-08-30 14:05:00,80.927666
2016-08-30 14:10:00,80.455185
2016-08-30 14:15:00,80.00159
2016-08-30 14:20:00,78.94322
2016-08-30 14:25:00,78.44761
2016-08-30 14:30:00,78.26068
2016-08-30 14:35:00,78.41188
2016-08-30 14:40:00,76.9419
2016-08-30 14:45:00,74.331604
2016-08-30 14:50:00,68.8275
2016-08-30 14:55:00,62.2797
2016-08-30 15:00:00,58.476593
2016-08-30 15:05:00,59.192722
2016-08-30 15:10:00,64.5351
2016-08-30 15:15:00,63.812706
2016-08-30 15:20:00,57.161983
2016-08-30 15:25:00,50.572212
2016-08-30 15:30:00,47.596527
2016-08-30 15:35:00,45.120575
2016-08-30 15:40:00,41.886616
2016-08-30 15:45:00,38.003696
2016-08-30 15:50:00,36.918007
2016-08-30 15:55:00,39.723606
2016-08-30 16:00:00,43.022717
2016-08-30 16:05:00,43.373417
2016-08-30 16:10:00,38.570694
2016-08-30 16:15:00,31.712101
2016-08-30 16:20:00,26.987112
2016-08-30 16:25:00,22.717812
2016-08-30 16:30:00,19.202404
2016-08-30 16:35:00,16.577402
2016-08-30 16:40:00,13.328699
2016-08-30 16:45:00,14.2002
2016-08-30 16:50:00,17.715597
2016-08-30 16:55:00,27.125685
2016-08-30 17:00:00,34.5765
2016-08-30 17:05:00,35.863815
2016-08-30 17:10:00,26.363407
2016-08-30 17:15:00,25.036205
2016-08-30 17:20:00,36.869698
2016-08-30 17:25:00,47.848495
2016-08-30 17:30:00,55.112396
2016-08-30 17:35:00,58.577408
2016-08-30 17:40:00,57.8109
2016-08-30 17:45:00,53.785164
2016-08-30 17:50:00,47.161793
2016-08-30 17:55:00,40.71689
2016-08-30 18:00:00,36.306896
2016-08-30 18:05:00,33.784798
2016-08-30 18:10:00,31.766697
2016-08-30 18:15:00,29.280302
2016-08-30 18:20:00,26.569204
2016-08-30 18:25:00,24.162611
2016-08-30 18:30:00,22.04371
2016-08-30 18:35:00,20.569515
2016-08-30 18:40:00,19.704308
2016-08-30 18:45:00,18.769802
2016-08-30 18:50:00,18.435904
2016-08-30 18:55:00,18.954601
2016-08-30 19:00:00,19.576204
2016-08-30 19:05:00,19.269606
2016-08-30 19:10:00,18.545101
2016-08-30 19:15:00,18.358202
2016-08-30 19:20:00,18.723608
2016-08-30 19:25:00,19.252808
2016-08-30 19:30:00,20.204103
2016-08-30 19:35:00,21.144901
2016-08-30 19:40:00,22.228497
2016-08-30 19:45:00,23.603994
2016-08-30 19:50:00,24.540592
2016-08-30 19:55:00,24.672894
2016-08-30 20:00:00,24.305395
2016-08-30 20:05:00,24.341093
2016-08-30 20:10:00,25.468798
2016-08-30 20:15:00,26.798096
2016-08-30 20:20:00,26.562893
2016-08-30 20:25:00,23.771994
2016-08-30 20:30:00,21.575401
2016-08-30 20:35:00,21.285597
2016-08-30 20:40:00,21.382196
2016-08-30 20:45:00,20.810999
2016-08-30 20:50:00,18.998705
2016-08-30 20:55:00,16.984806
2016-08-30 21:00:00,17.757599
2016-08-30 21:05:00,19.939497
2016-08-30 21:10:00,20.693401
2016-08-30 21:15:00,21.0021
2016-08-30 21:20:00,23.337296
2016-08-30 21:25:00,26.346603
2016-08-30 21:30:00,29.35381
2016-08-30 21:35:00,31.260603
2016-08-30 21:40:00,33.942303
2016-08-30 21:45:00,37.146904
2016-08-30 21:50:00,39.8895
2016-08-30 21:55:00,41.85301
2016-08-30 22:00:00,42.590107
2016-08-30 22:05:00,44.5788
2016-08-30 22:10:00,46.3974
2016-08-30 22:15:00,50.412582
2016-08-30 22:20:00,53.694923
2016-08-30 22:25:00,55.282516
2016-08-30 22:30:00,52.409683
2016-08-30 22:35:00,47.277298
2016-08-30 22:40:00,45.885006
2016-08-30 22:45:00,48.335682
2016-08-30 22:50:00,46.762802
2016-08-30 22:55:00,42.543907
2016-08-30 23:00:00,40.811405
2016-08-30 23:05:00,42.245697
2016-08-30 23:10:00,45.074394
2016-08-30 23:15:00,47.5734
2016-08-30 23:20:00,48.631786
2016-08-30 23:25:00,48.959393
2016-08-30 23:30:00,48.591896
2016-08-30 23:35:00,48.2874
2016-08-30 23:40:00,47.9619
2016-08-30 23:45:00,47.23742
2016-08-30 23:50:00,46.767025
2016-08-30 23:55:00,46.338615
2016-08-31 00:00:00,44.59351
2016-08-31 00:05:00,43.465794
2016-08-31 00:10:00,42.91979
2016-08-31 00:15:00,42.300304
2016-08-31 00:20:00,42.653103
2016-08-31 00:25:00,43.806007
2016-08-31 00:30:00,44.478
2016-08-31 00:35:00,45.22981
2016-08-31 00:40:00,46.796402
2016-08-31 00:45:00,48.88382
2016-08-31 00:50:00,50.918686
2016-08-31 00:55:00,53.63818
2016-08-31 01:00:00,56.78397
2016-08-31 01:05:00,59.539207
2016-08-31 01:10:00,62.0487
2016-08-31 01:15:00,64.5372
2016-08-31 01:20:00,67.3554
2016-08-31 01:25:00,70.78052
2016-08-31 01:30:00,73.88218
2016-08-31 01:35:00,76.139694
2016-08-31 01:40:00,78.20824
2016-08-31 01:45:00,80.012146
2016-08-31 01:50:00,81.05584
2016-08-31 01:55:00,81.883224
2016-08-31 02:00:00,82.609825
2016-08-31 02:05:00,83.321724
2016-08-31 02:10:00,83.85095
2016-08-31 02:15:00,83.89504
2016-08-31 02:20:00,83.89504
2016-08-31 02:25:00,83.89504
2016-08-31 02:30:00,83.89504
2016-08-31 02:35:00,83.89504
2016-08-31 02:40:00,83.89504
2016-08-31 02:45:00,83.89504
2016-08-31 02:50:00,83.89504
2016-08-31 02:55:00,83.89504
2016-08-31 03:00:00,83.89504
2016-08-31 03:05:00,83.89504
2016-08-31 03:10:00,83.89504
2016-08-31 03:15:00,83.89504
2016-08-31 03:20:00,83.89504
2016-08-31 03:25:00,83.89504
2016-08-31 03:30:00,83.89504
2016-08-31 03:35:00,83.89504
2016-08-31 03:40:00,83.89504
2016-08-31 03:45:00,83.89504
2016-08-31 03:50:00,83.89504
2016-08-31 03:55:00,83.89504
2016-08-31 04:00:00,83.89504
2016-08-31 04:05:00,83.89504
2016-08-31 04:10:00,83.89504
2016-08-31 04:15:00,83.89504
2016-08-31 04:20:00,83.89504
2016-08-31 04:25:00,83.89504
2016-08-31 04:30:00,83.89504
2016-08-31 04:35:00,83.89504
2016-08-31 04:40:00,83.89504
2016-08-31 04:45:00,83.89504
2016-08-31 04:50:00,83.89504
2016-08-31 04:55:00,83.89504
2016-08-31 05:00:00,83.89504
2016-08-31 05:05:00,83.89504
2016-08-31 05:10:00,83.821556
2016-08-31 05:15:00,83.73335
2016-08-31 05:20:00,83.73335
2016-08-31 05:25:00,83.70396
2016-08-31 05:30:00,83.645134
2016-08-31 05:35:00,83.54224
2016-08-31 05:40:00,83.48344
2016-08-31 05:45:00,83.498146
2016-08-31 05:50:00,83.54224
2016-08-31 05:55:00,83.556946
2016-08-31 06:00:00,83.52753
2016-08-31 06:05:00,83.42464
2016-08-31 06:10:00,83.321724
2016-08-31 06:15:00,83.23353
2016-08-31 06:20:00,83.18944
2016-08-31 06:25:00,83.13064
2016-08-31 06:30:00,83.11593
2016-08-31 06:35:00,83.16004
2016-08-31 06:40:00,83.27764
2016-08-31 06:45:00,83.46873
2016-08-31 06:50:00,83.73335
2016-08-31 06:55:00,83.89504
2016-08-31 07:00:00,83.89504
2016-08-31 07:05:00,83.89504
2016-08-31 07:10:00,83.89504
2016-08-31 07:15:00,83.89504
2016-08-31 07:20:00,83.89504
2016-08-31 07:25:00,83.89504
2016-08-31 07:30:00,83.89504
2016-08-31 07:35:00,83.89504
2016-08-31 07:40:00,83.89504
2016-08-31 07:45:00,83.89504
2016-08-31 07:50:00,83.89504
2016-08-31 07:55:00,83.89504
2016-08-31 08:00:00,83.89504
2016-08-31 08:05:00,83.89504
2016-08-31 08:10:00,83.81944
2016-08-31 08:15:00,83.554825
2016-08-31 08:20:00,83.328026
2016-08-31 08:25:00,83.17683
2016-08-31 08:30:00,83.12011
2016-08-31 08:35:00,83.12011
2016-08-31 08:40:00,83.139015
2016-08-31 08:45:00,83.139015
2016-08-31 08:50:00,83.17683
2016-08-31 08:55:00,83.252426
2016-08-31 09:00:00,83.328026
2016-08-31 09:05:00,83.42251
2016-08-31 09:10:00,83.49811
2016-08-31 09:15:00,83.479225
2016-08-31 09:20:00,83.42251
2016-08-31 09:25:00,83.288124
2016-08-31 09:30:00,83.16211
2016-08-31 09:35:00,83.10121
2016-08-31 09:40:00,83.16631
2016-08-31 09:45:00,83.25032
2016-08-31 09:50:00,83.216736
2016-08-31 09:55:00,83.08441
2016-08-31 10:00:00,82.845024
2016-08-31 10:05:00,82.4523
2016-08-31 10:10:00,81.8202
2016-08-31 10:15:00,81.16706
2016-08-31 10:20:00,80.314514
2016-08-31 10:25:00,79.56691
2016-08-31 10:30:00,79.07761
2016-08-31 10:35:00,78.84867
2016-08-31 10:40:00,78.87387
2016-08-31 10:45:00,78.981
2016-08-31 10:50:00,78.96837
2016-08-31 10:55:00,78.72899
2016-08-31 11:00:00,78.306915
2016-08-31 11:05:00,77.71892
2016-08-31 11:10:00,77.17292
2016-08-31 11:15:00,76.83269
2016-08-31 11:20:00,76.66679
2016-08-31 11:25:00,76.76338
2016-08-31 11:30:00,77.19811
2016-08-31 11:35:00,77.63912
2016-08-31 11:40:00,77.83648
2016-08-31 11:45:00,77.70842
2016-08-31 11:50:00,77.27999
2016-08-31 11:55:00,76.69412
2016-08-31 12:00:00,76.16283
2016-08-31 12:05:00,65.0328
2016-08-31 12:10:00,64.62122
2016-08-31 12:15:00,64.4385
2016-08-31 12:20:00,64.49099
2016-08-31 12:25:00,64.554016
2016-08-31 12:30:00,64.5099
2016-08-31 12:35:00,64.14661
2016-08-31 12:40:00,63.3024
2016-08-31 12:45:00,62.294426
2016-08-31 12:50:00,61.36411
2016-08-31 12:55:00,60.4023
2016-08-31 13:00:00,59.545506
2016-08-31 13:05:00,59.19273
2016-08-31 13:10:00,59.36069
2016-08-31 13:15:00,59.60639
2016-08-31 13:20:00,59.61479
2016-08-31 13:25:00,59.42369
2016-08-31 13:30:00,59.33761
2016-08-31 13:35:00,59.675705
2016-08-31 13:40:00,60.427505
2016-08-31 13:45:00,60.742485
2016-08-31 13:50:00,60.213287
2016-08-31 13:55:00,59.549698
2016-08-31 14:00:00,59.37331
2016-08-31 14:05:00,59.085606
2016-08-31 14:10:00,58.235096
2016-08-31 14:15:00,55.96289
2016-08-31 14:20:00,52.264782
2016-08-31 14:25:00,48.148804
2016-08-31 14:30:00,44.366726
2016-08-31 14:35:00,40.607723
2016-08-31 14:40:00,36.943203
2016-08-31 14:45:00,34.0536
2016-08-31 14:50:00,31.468506
2016-08-31 14:55:00,29.624708
2016-08-31 15:00:00,28.696512
2016-08-31 15:05:00,28.910702
2016-08-31 15:10:00,29.477701
2016-08-31 15:15:00,30.2442
2016-08-31 15:20:00,31.460098
2016-08-31 15:25:00,33.037197
2016-08-31 15:30:00,34.956596
2016-08-31 15:35:00,36.997807
2016-08-31 15:40:00,39.49259
2016-08-31 15:45:00,41.239807
2016-08-31 15:50:00,43.1907
2016-08-31 15:55:00,45.77162
2016-08-31 16:00:00,45.7086
2016-08-31 16:05:00,43.0227
2016-08-31 16:10:00,41.930706
2016-08-31 16:15:00,42.2247
2016-08-31 16:20:00,41.821503
2016-08-31 16:25:00,42.123894
2016-08-31 16:30:00,43.606503
2016-08-31 16:35:00,43.7808
2016-08-31 16:40:00,41.907585
2016-08-31 16:45:00,40.452305
2016-08-31 16:50:00,40.089
2016-08-31 16:55:00,39.58291
2016-08-31 17:00:00,38.5707
2016-08-31 17:05:00,37.8126
2016-08-31 17:10:00,37.482895
2016-08-31 17:15:00,36.72479
2016-08-31 17:20:00,35.1477
2016-08-31 17:25:00,33.5034
2016-08-31 17:30:00,31.382399
2016-08-31 17:35:00,29.028301
2016-08-31 17:40:00,27.363003
2016-08-31 17:45:00,26.231108
2016-08-31 17:50:00,24.786304
2016-08-31 17:55:00,23.26171
2016-08-31 18:00:00,21.995407
2016-08-31 18:05:00,21.27301
2016-08-31 18:10:00,20.710207
2016-08-31 18:15:00,19.880705
2016-08-31 18:20:00,18.893702
2016-08-31 18:25:00,18.186003
2016-08-31 18:30:00,17.606401
2016-08-31 18:35:00,16.8777
2016-08-31 18:40:00,15.934801
2016-08-31 18:45:00,15.2102995
2016-08-31 18:50:00,14.6139
2016-08-31 18:55:00,13.954501
2016-08-31 19:00:00,13.2048
2016-08-31 19:05:00,12.329101
2016-08-31 19:10:00,11.415603
2016-08-31 19:15:00,10.789805
2016-08-31 19:20:00,10.424404
2016-08-31 19:25:00,10.153502
2016-08-31 19:30:00,10.071604
2016-08-31 19:35:00,10.195506
2016-08-31 19:40:00,10.3341055
2016-08-31 19:45:00,10.388704
2016-08-31 19:50:00,10.466405
2016-08-31 19:55:00,10.447504
2016-08-31 20:00:00,10.5672035
2016-08-31 20:05:00,10.764603
2016-08-31 20:10:00,11.0355015
2016-08-31 20:15:00,11.428201
2016-08-31 20:20:00,12.054
2016-08-31 20:25:00,12.954899
2016-08-31 20:30:00,13.958701
2016-08-31 20:35:00,14.933098
2016-08-31 20:40:00,15.886497
2016-08-31 20:45:00,16.9932
2016-08-31 20:50:00,18.4359
2016-08-31 20:55:00,20.372105
2016-08-31 21:00:00,22.692598
2016-08-31 21:05:00,24.603605
2016-08-31 21:10:00,26.094599
2016-08-31 21:15:00,27.6549
2016-08-31 21:20:00,29.492395
2016-08-31 21:25:00,31.350887
2016-08-31 21:30:00,33.140087
2016-08-31 21:35:00,35.168713
2016-08-31 21:40:00,37.501812
2016-08-31 21:45:00,39.5535
2016-08-31 21:50:00,41.626217
2016-08-31 21:55:00,43.682117
2016-08-31 22:00:00,45.771603
2016-08-31 22:05:00,47.858986
2016-08-31 22:10:00,49.90651
2016-08-31 22:15:00,51.922485
2016-08-31 22:20:00,53.495396
2016-08-31 22:25:00,54.89608
2016-08-31 22:30:00,56.2653
2016-08-31 22:35:00,57.88651
2016-08-31 22:40:00,59.648407
2016-08-31 22:45:00,61.252792
2016-08-31 22:50:00,62.48971
2016-08-31 22:55:00,63.7791
2016-08-31 23:00:00,65.45488
2016-08-31 23:05:00,67.197914
2016-08-31 23:10:00,69.1635
2016-08-31 23:15:00,71.2152
2016-08-31 23:20:00,72.98971
2016-08-31 23:25:00,75.039314
2016-08-31 23:30:00,77.17079
2016-08-31 23:35:00,79.176315
2016-08-31 23:40:00,81.09149
2016-08-31 23:45:00,82.62661
2016-08-31 23:50:00,83.52544
2016-08-31 23:55:00,83.87404
