time_stamp,capacity
2018-01-01 06:00:00,0.0
2018-01-01 06:15:00,0.0
2018-01-01 06:30:00,0.0
2018-01-01 06:45:00,0.0
2018-01-01 07:00:00,0.0
2018-01-01 07:15:00,0.0
2018-01-01 07:30:00,0.0
2018-01-01 07:45:00,0.0
2018-01-01 08:00:00,0.0
2018-01-01 08:15:00,0.0
2018-01-01 08:30:00,0.0
2018-01-01 08:45:00,0.0
2018-01-01 09:00:00,0.0
2018-01-01 09:15:00,0.0
2018-01-01 09:30:00,0.0
2018-01-01 09:45:00,0.0
2018-01-01 10:00:00,0.0
2018-01-01 10:15:00,0.0
2018-01-01 10:30:00,0.0
2018-01-01 10:45:00,0.0
2018-01-01 11:00:00,0.0
2018-01-01 11:15:00,0.0
2018-01-01 11:30:00,0.0
2018-01-01 11:45:00,0.0
2018-01-01 12:00:00,0.0
2018-01-01 12:15:00,0.0
2018-01-01 12:30:00,0.0
2018-01-01 12:45:00,0.0
2018-01-01 13:00:00,0.0
2018-01-01 13:15:00,0.0
2018-01-01 13:30:00,0.0
2018-01-01 13:45:00,0.0
2018-01-01 14:00:00,0.0
2018-01-01 14:15:00,0.0
2018-01-01 14:30:00,0.0
2018-01-01 14:45:00,0.0
2018-01-01 15:00:00,0.0
2018-01-01 15:15:00,0.0
2018-01-01 15:30:00,0.0
2018-01-01 15:45:00,0.0
2018-01-01 16:00:00,0.0
2018-01-01 16:15:00,0.0
2018-01-01 16:30:00,0.0
2018-01-01 16:45:00,0.0
2018-01-01 17:00:00,0.0
2018-01-01 17:15:00,0.0
2018-01-01 17:30:00,0.0
2018-01-01 17:45:00,0.0
2018-01-01 18:00:00,0.0
2018-01-01 18:15:00,0.0
2018-01-01 18:30:00,0.0
2018-01-01 18:45:00,0.0
2018-01-01 19:00:00,0.0
2018-01-01 19:15:00,0.0
2018-01-01 19:30:00,0.0
2018-01-01 19:45:00,0.0
2018-01-01 20:00:00,0.0
2018-01-01 20:15:00,0.0
2018-01-01 20:30:00,0.0
2018-01-01 20:45:00,0.0
2018-01-01 21:00:00,0.0
2018-01-01 21:15:00,0.0
2018-01-01 21:30:00,0.0
2018-01-01 21:45:00,0.0
2018-01-01 22:00:00,0.0
2018-01-01 22:15:00,0.0
2018-01-01 22:30:00,0.0
2018-01-01 22:45:00,0.0
2018-01-01 23:00:00,0.0
2018-01-01 23:15:00,0.0
2018-01-01 23:30:00,0.0
2018-01-01 23:45:00,0.0
2018-01-02 00:00:00,0.0
2018-01-02 00:15:00,0.0
2018-01-02 00:30:00,0.0
2018-01-02 00:45:00,0.0
2018-01-02 01:00:00,0.0
2018-01-02 01:15:00,0.0
2018-01-02 01:30:00,0.0
2018-01-02 01:45:00,0.0
2018-01-02 02:00:00,0.0
2018-01-02 02:15:00,0.0
2018-01-02 02:30:00,0.0
2018-01-02 02:45:00,0.0
2018-01-02 03:00:00,0.0
2018-01-02 03:15:00,0.0
2018-01-02 03:30:00,0.0
2018-01-02 03:45:00,0.0
2018-01-02 04:00:00,0.0
2018-01-02 04:15:00,0.0
2018-01-02 04:30:00,0.0
2018-01-02 04:45:00,0.0
2018-01-02 05:00:00,0.0
2018-01-02 05:15:00,0.0
2018-01-02 05:30:00,0.0
2018-01-02 05:45:00,0.0
2018-01-02 06:00:00,0.0
2018-01-02 06:15:00,0.0
2018-01-02 06:30:00,0.0
2018-01-02 06:45:00,0.0
2018-01-02 07:00:00,0.0
2018-01-02 07:15:00,0.0
2018-01-02 07:30:00,0.0
2018-01-02 07:45:00,0.0
2018-01-02 08:00:00,0.0
2018-01-02 08:15:00,0.0
2018-01-02 08:30:00,0.0
2018-01-02 08:45:00,0.0
2018-01-02 09:00:00,0.0
2018-01-02 09:15:00,0.0
2018-01-02 09:30:00,0.0
2018-01-02 09:45:00,0.0
2018-01-02 10:00:00,0.0
2018-01-02 10:15:00,0.0
2018-01-02 10:30:00,0.0
2018-01-02 10:45:00,0.0
2018-01-02 11:00:00,0.0
2018-01-02 11:15:00,0.0
2018-01-02 11:30:00,0.0
2018-01-02 11:45:00,0.0
2018-01-02 12:00:00,0.0
2018-01-02 12:15:00,0.0
2018-01-02 12:30:00,0.0
2018-01-02 12:45:00,0.0
2018-01-02 13:00:00,0.0
2018-01-02 13:15:00,0.0
2018-01-02 13:30:00,0.0
2018-01-02 13:45:00,0.0
2018-01-02 14:00:00,0.0
2018-01-02 14:15:00,0.0
2018-01-02 14:30:00,0.0
2018-01-02 14:45:00,0.0
2018-01-02 15:00:00,0.0
2018-01-02 15:15:00,0.0
2018-01-02 15:30:00,0.0
2018-01-02 15:45:00,0.0
2018-01-02 16:00:00,0.0
2018-01-02 16:15:00,0.0
2018-01-02 16:30:00,0.0
2018-01-02 16:45:00,0.0
2018-01-02 17:00:00,0.0
2018-01-02 17:15:00,0.0
2018-01-02 17:30:00,0.0
2018-01-02 17:45:00,0.0
2018-01-02 18:00:00,0.0
2018-01-02 18:15:00,0.0
2018-01-02 18:30:00,0.0
2018-01-02 18:45:00,0.0
2018-01-02 19:00:00,0.0
2018-01-02 19:15:00,0.0
2018-01-02 19:30:00,0.0
2018-01-02 19:45:00,0.0
2018-01-02 20:00:00,0.0
2018-01-02 20:15:00,0.0
2018-01-02 20:30:00,0.0
2018-01-02 20:45:00,0.0
2018-01-02 21:00:00,0.0
2018-01-02 21:15:00,0.0
2018-01-02 21:30:00,0.0
2018-01-02 21:45:00,0.0
2018-01-02 22:00:00,0.0
2018-01-02 22:15:00,0.0
2018-01-02 22:30:00,0.0
2018-01-02 22:45:00,0.0
2018-01-02 23:00:00,0.0
2018-01-02 23:15:00,0.0
2018-01-02 23:30:00,0.0
2018-01-02 23:45:00,0.0
2018-01-03 00:00:00,0.0
2018-01-03 00:15:00,0.0
2018-01-03 00:30:00,0.0
2018-01-03 00:45:00,0.0
2018-01-03 01:00:00,0.0
2018-01-03 01:15:00,0.0
2018-01-03 01:30:00,0.0
2018-01-03 01:45:00,0.0
2018-01-03 02:00:00,0.0
2018-01-03 02:15:00,0.0
2018-01-03 02:30:00,0.0
2018-01-03 02:45:00,0.0
2018-01-03 03:00:00,0.0
2018-01-03 03:15:00,0.0
2018-01-03 03:30:00,0.0
2018-01-03 03:45:00,0.0
2018-01-03 04:00:00,0.0
2018-01-03 04:15:00,0.0
2018-01-03 04:30:00,0.33
2018-01-03 04:45:00,5.13
2018-01-03 05:00:00,7.3999996
2018-01-03 05:15:00,11.139999
2018-01-03 05:30:00,15.23
2018-01-03 05:45:00,18.119999
2018-01-03 06:00:00,21.32
2018-01-03 06:15:00,22.349998
2018-01-03 06:30:00,20.83
2018-01-03 06:45:00,18.57
2018-01-03 07:00:00,15.93
2018-01-03 07:15:00,14.85
2018-01-03 07:30:00,15.14
2018-01-03 07:45:00,17.04
2018-01-03 08:00:00,21.37
2018-01-03 08:15:00,24.87
2018-01-03 08:30:00,26.65
2018-01-03 08:45:00,27.42
2018-01-03 09:00:00,28.05
2018-01-03 09:15:00,27.259998
2018-01-03 09:30:00,26.32
2018-01-03 09:45:00,23.84
2018-01-03 10:00:00,25.67
2018-01-03 10:15:00,28.34
2018-01-03 10:30:00,29.92
2018-01-03 10:45:00,31.67
2018-01-03 11:00:00,32.0
2018-01-03 11:15:00,32.75
2018-01-03 11:30:00,31.189999
2018-01-03 11:45:00,29.52
2018-01-03 12:00:00,34.93
2018-01-03 12:15:00,37.11
2018-01-03 12:30:00,41.41
2018-01-03 12:45:00,48.62
2018-01-03 13:00:00,50.8
2018-01-03 13:15:00,52.769997
2018-01-03 13:30:00,55.120003
2018-01-03 13:45:00,51.340004
2018-01-03 14:00:00,48.08
2018-01-03 14:15:00,57.25
2018-01-03 14:30:00,59.88
2018-01-03 14:45:00,58.85
2018-01-03 15:00:00,54.809998
2018-01-03 15:15:00,47.95
2018-01-03 15:30:00,41.96
2018-01-03 15:45:00,28.57
2018-01-03 16:00:00,15.38
2018-01-03 16:15:00,14.32
2018-01-03 16:30:00,14.7
2018-01-03 16:45:00,15.24
2018-01-03 17:00:00,14.5
2018-01-03 17:15:00,14.0
2018-01-03 17:30:00,11.24
2018-01-03 17:45:00,4.9700003
2018-01-03 18:00:00,5.54
2018-01-03 18:15:00,2.5700002
2018-01-03 18:30:00,0.7
2018-01-03 18:45:00,0.34
2018-01-03 19:00:00,12.16
2018-01-03 19:15:00,0.0
2018-01-03 19:30:00,9.47
2018-01-03 19:45:00,0.0
2018-01-03 20:00:00,0.0
2018-01-03 20:15:00,0.0
2018-01-03 20:30:00,0.0
2018-01-03 20:45:00,0.77000004
2018-01-03 21:00:00,0.36
2018-01-03 21:15:00,0.95
2018-01-03 21:30:00,0.62
2018-01-03 21:45:00,1.14
2018-01-03 22:00:00,1.9200001
2018-01-03 22:15:00,0.96000004
2018-01-03 22:30:00,1.68
2018-01-03 22:45:00,11.15
2018-01-03 23:00:00,0.0
2018-01-03 23:15:00,0.0
2018-01-03 23:30:00,0.0
2018-01-03 23:45:00,0.0
2018-01-04 00:00:00,0.0
2018-01-04 00:15:00,0.0
2018-01-04 00:30:00,0.0
2018-01-04 00:45:00,0.0
2018-01-04 01:00:00,0.0
2018-01-04 01:15:00,0.0
2018-01-04 01:30:00,0.0
2018-01-04 01:45:00,0.0
2018-01-04 02:00:00,0.0
2018-01-04 02:15:00,0.0
2018-01-04 02:30:00,0.0
2018-01-04 02:45:00,0.0
2018-01-04 03:00:00,0.0
2018-01-04 03:15:00,0.0
2018-01-04 03:30:00,0.11
2018-01-04 03:45:00,11.83
2018-01-04 04:00:00,8.55
2018-01-04 04:15:00,0.33
2018-01-04 04:30:00,0.42
2018-01-04 04:45:00,0.73
2018-01-04 05:00:00,0.18
2018-01-04 05:15:00,0.49
2018-01-04 05:30:00,5.82
2018-01-04 05:45:00,4.0299997
2018-01-04 06:01:00,11.72
2018-01-04 06:15:00,15.51
2018-01-04 06:30:00,18.82
2018-01-04 06:45:00,15.4
2018-01-04 07:00:00,16.36
2018-01-04 07:15:00,20.310001
2018-01-04 07:30:00,23.18
2018-01-04 07:45:00,23.42
2018-01-04 08:00:00,21.91
2018-01-04 08:15:00,28.69
2018-01-04 08:30:00,20.52
2018-01-04 08:45:00,15.54
2018-01-04 09:00:00,21.44
2018-01-04 09:15:00,24.89
2018-01-04 09:30:00,23.04
2018-01-04 09:45:00,19.48
2018-01-04 10:00:00,17.92
2018-01-04 10:15:00,22.07
2018-01-04 10:30:00,25.369999
2018-01-04 10:45:00,20.29
2018-01-04 11:00:00,20.55
2018-01-04 11:15:00,16.5
2018-01-04 11:30:00,14.059999
2018-01-04 11:45:00,13.440001
2018-01-04 12:00:00,16.07
2018-01-04 12:15:00,26.86
2018-01-04 12:30:00,28.69
2018-01-04 12:45:00,32.42
2018-01-04 13:00:00,37.38
2018-01-04 13:15:00,38.75
2018-01-04 13:30:00,40.449997
2018-01-04 13:45:00,44.77
2018-01-04 14:00:00,41.57
2018-01-04 14:15:00,45.21
2018-01-04 14:30:00,39.45
2018-01-04 14:45:00,51.11
2018-01-04 15:00:00,55.33
2018-01-04 15:15:00,45.620003
2018-01-04 15:30:00,34.28
2018-01-04 15:45:00,24.91
2018-01-04 16:00:00,27.34
2018-01-04 16:15:00,22.75
2018-01-04 16:30:00,23.400002
2018-01-04 16:45:00,33.620003
2018-01-04 17:00:00,54.85
2018-01-04 17:15:00,81.630005
2018-01-04 17:30:00,91.76
2018-01-04 17:45:00,82.979996
2018-01-04 18:00:00,74.83
2018-01-04 18:15:00,61.739998
2018-01-04 18:30:00,50.68
2018-01-04 18:45:00,39.190002
2018-01-04 19:00:00,29.99
2018-01-04 19:15:00,38.36
2018-01-04 19:30:00,54.550003
2018-01-04 19:45:00,31.45
2018-01-04 20:00:00,27.07
2018-01-04 20:15:00,33.14
2018-01-04 20:30:00,30.86
2018-01-04 20:45:00,24.06
2018-01-04 21:00:00,24.71
2018-01-04 21:15:00,31.3
2018-01-04 21:30:00,29.24
2018-01-04 21:45:00,33.91
2018-01-04 22:00:00,43.47
2018-01-04 22:15:00,39.32
2018-01-04 22:30:00,25.53
2018-01-04 22:45:00,20.2
2018-01-04 23:00:00,28.61
2018-01-04 23:15:00,24.970001
2018-01-04 23:30:00,34.86
2018-01-04 23:45:00,26.740002
2018-01-05 00:00:00,22.64
2018-01-05 00:15:00,63.2
2018-01-05 00:30:00,42.53
2018-01-05 00:45:00,50.92
2018-01-05 01:00:00,58.74
2018-01-05 01:15:00,67.619995
2018-01-05 01:30:00,72.91
2018-01-05 01:45:00,79.03
2018-01-05 02:00:00,73.32
2018-01-05 02:15:00,105.869995
2018-01-05 02:30:00,78.17
2018-01-05 02:45:00,90.55
2018-01-05 03:00:00,105.42
2018-01-05 03:15:00,78.14
2018-01-05 03:30:00,73.3
2018-01-05 03:45:00,56.78
2018-01-05 04:00:00,41.39
2018-01-05 04:15:00,30.560001
2018-01-05 04:30:00,31.98
2018-01-05 04:45:00,48.26
2018-01-05 05:00:00,36.07
2018-01-05 05:15:00,37.65
2018-01-05 05:30:00,33.64
2018-01-05 05:45:00,37.489998
2018-01-05 06:00:00,56.1
2018-01-05 06:15:00,62.780003
2018-01-05 06:30:00,76.18
2018-01-05 06:45:00,60.079998
2018-01-05 07:00:00,57.29
2018-01-05 07:15:00,64.36
2018-01-05 07:30:00,57.14
2018-01-05 07:45:00,53.5
2018-01-05 08:00:00,59.78
2018-01-05 08:15:00,59.28
2018-01-05 08:30:00,74.65
2018-01-05 08:45:00,67.07
2018-01-05 09:00:00,49.08
2018-01-05 09:15:00,49.43
2018-01-05 09:30:00,76.11
2018-01-05 09:45:00,92.6
2018-01-05 10:00:00,71.66
2018-01-05 10:15:00,60.950005
2018-01-05 10:30:00,74.770004
2018-01-05 10:45:00,71.96
2018-01-05 11:00:00,62.25
2018-01-05 11:15:00,59.38
2018-01-05 11:30:00,71.14
2018-01-05 11:45:00,71.28999
2018-01-05 12:00:00,68.24
2018-01-05 12:15:00,67.83
2018-01-05 12:30:00,64.67
2018-01-05 12:45:00,64.95
2018-01-05 13:00:00,73.36
2018-01-05 13:15:00,85.89
2018-01-05 13:30:00,101.55
2018-01-05 13:45:00,89.94
2018-01-05 14:00:00,81.54
2018-01-05 14:15:00,74.75
2018-01-05 14:30:00,63.870003
2018-01-05 14:45:00,54.58
2018-01-05 15:00:00,53.0
2018-01-05 15:15:00,46.04
2018-01-05 15:30:00,44.59
2018-01-05 15:45:00,41.41
2018-01-05 16:00:00,53.75
2018-01-05 16:15:00,72.33
2018-01-05 16:30:00,74.89
2018-01-05 16:45:00,65.06
2018-01-05 17:00:00,49.92
2018-01-05 17:15:00,47.89
2018-01-05 17:30:00,37.67
2018-01-05 17:45:00,29.279999
2018-01-05 18:00:00,25.21
2018-01-05 18:15:00,18.599998
2018-01-05 18:30:00,13.51
2018-01-05 18:45:00,11.84
2018-01-05 19:00:00,9.33
2018-01-05 19:15:00,12.68
2018-01-05 19:30:00,14.25
2018-01-05 19:45:00,15.02
2018-01-05 20:00:00,9.26
2018-01-05 20:15:00,8.32
2018-01-05 20:30:00,9.71
2018-01-05 20:45:00,15.62
2018-01-05 21:00:00,15.4
2018-01-05 21:15:00,16.65
2018-01-05 21:30:00,12.76
2018-01-05 21:45:00,13.1
2018-01-05 22:00:00,16.23
2018-01-05 22:15:00,14.93
2018-01-05 22:30:00,14.23
2018-01-05 22:45:00,8.34
2018-01-05 23:00:00,5.38
2018-01-05 23:15:00,3.6399999
2018-01-05 23:30:00,3.1399999
2018-01-05 23:45:00,2.98
2018-01-06 00:00:00,6.22
2018-01-06 00:15:00,9.43
2018-01-06 00:30:00,7.48
2018-01-06 00:45:00,9.110001
2018-01-06 01:00:00,10.25
2018-01-06 01:15:00,8.46
2018-01-06 01:30:00,10.57
2018-01-06 01:45:00,11.62
2018-01-06 02:00:00,22.580002
2018-01-06 02:15:00,21.98
2018-01-06 02:30:00,23.41
2018-01-06 02:45:00,16.26
2018-01-06 03:00:00,27.32
2018-01-06 03:15:00,30.86
2018-01-06 03:30:00,37.61
2018-01-06 03:45:00,50.35
2018-01-06 04:00:00,71.740005
2018-01-06 04:15:00,74.45
2018-01-06 04:30:00,68.96
2018-01-06 04:45:00,72.72
2018-01-06 05:00:00,72.72
2018-01-06 05:15:00,76.42
2018-01-06 05:30:00,86.26
2018-01-06 05:45:00,68.05
2018-01-06 06:00:00,67.72
2018-01-06 06:15:00,62.14
2018-01-06 06:30:00,53.8
2018-01-06 06:45:00,61.940002
2018-01-06 07:00:00,71.61
2018-01-06 07:15:00,61.82
2018-01-06 07:30:00,73.490005
2018-01-06 07:45:00,82.19
2018-01-06 08:00:00,86.1
2018-01-06 08:15:00,97.85
2018-01-06 08:30:00,84.509995
2018-01-06 08:45:00,71.05
2018-01-06 09:00:00,63.35
2018-01-06 09:15:00,66.91
2018-01-06 09:30:00,66.47
2018-01-06 09:45:00,60.480003
2018-01-06 10:00:00,59.6
2018-01-06 10:15:00,41.16
2018-01-06 10:30:00,44.66
2018-01-06 10:45:00,48.92
2018-01-06 11:00:00,53.57
2018-01-06 11:15:00,53.54
2018-01-06 11:30:00,49.33
2018-01-06 11:45:00,41.64
2018-01-06 12:00:00,46.46
2018-01-06 12:15:00,51.65
2018-01-06 12:30:00,49.32
2018-01-06 12:45:00,56.87
2018-01-06 13:00:00,67.08
2018-01-06 13:15:00,71.770004
2018-01-06 13:30:00,72.270004
2018-01-06 13:45:00,69.979996
2018-01-06 14:00:00,69.5
2018-01-06 14:15:00,62.08
2018-01-06 14:30:00,55.77
2018-01-06 14:45:00,62.57
2018-01-06 15:00:00,56.98
2018-01-06 15:15:00,47.559998
2018-01-06 15:30:00,47.989998
2018-01-06 15:45:00,54.8
2018-01-06 16:00:00,45.62
2018-01-06 16:15:00,38.059998
2018-01-06 16:30:00,38.629997
2018-01-06 16:45:00,44.010002
2018-01-06 17:00:00,40.65
2018-01-06 17:15:00,34.72
2018-01-06 17:30:00,34.18
2018-01-06 17:45:00,34.38
2018-01-06 18:00:00,35.0
2018-01-06 18:15:00,41.02
2018-01-06 18:30:00,46.28
2018-01-06 18:45:00,51.9
2018-01-06 19:00:00,70.54
2018-01-06 19:15:00,72.600006
2018-01-06 19:30:00,68.04
2018-01-06 19:45:00,67.850006
2018-01-06 20:00:00,62.190002
2018-01-06 20:15:00,61.1
2018-01-06 20:30:00,66.42
2018-01-06 20:45:00,61.45
2018-01-06 21:00:00,62.62
2018-01-06 21:15:00,64.35
2018-01-06 21:30:00,70.2
2018-01-06 21:45:00,86.729996
2018-01-06 22:00:00,105.54
2018-01-06 22:15:00,109.259995
2018-01-06 22:30:00,112.759995
2018-01-06 22:45:00,105.31
2018-01-06 23:00:00,102.69
2018-01-06 23:15:00,96.32
2018-01-06 23:30:00,105.149994
2018-01-06 23:45:00,114.600006
2018-01-07 00:00:00,104.770004
2018-01-07 00:15:00,124.99
2018-01-07 00:30:00,139.67
2018-01-07 00:45:00,146.65
2018-01-07 01:00:00,169.49998
2018-01-07 01:15:00,183.23001
2018-01-07 01:30:00,188.72998
2018-01-07 01:45:00,207.72
2018-01-07 02:00:00,214.47
2018-01-07 02:15:00,218.31
2018-01-07 02:30:00,216.38
2018-01-07 02:45:00,221.82
2018-01-07 03:00:00,218.85
2018-01-07 03:15:00,218.07
2018-01-07 03:30:00,219.23
2018-01-07 03:45:00,217.51001
2018-01-07 04:00:00,220.78
2018-01-07 04:15:00,219.02998
2018-01-07 04:30:00,218.15
2018-01-07 04:45:00,216.35
2018-01-07 05:00:00,216.81
2018-01-07 05:15:00,218.08
2018-01-07 05:30:00,218.26999
2018-01-07 05:45:00,216.75998
2018-01-07 06:00:00,214.45001
2018-01-07 06:15:00,215.03998
2018-01-07 06:30:00,213.09
2018-01-07 06:45:00,214.88
2018-01-07 07:00:00,215.71999
2018-01-07 07:15:00,213.66
2018-01-07 07:30:00,110.26
2018-01-07 07:45:00,75.380005
2018-01-07 08:00:00,62.550003
2018-01-07 08:15:00,143.95
2018-01-07 08:30:00,109.229996
2018-01-07 08:45:00,145.87
2018-01-07 09:00:00,12.17
2018-01-07 09:15:00,1.09
2018-01-07 09:30:00,1.1
2018-01-07 09:45:00,1.11
2018-01-07 10:00:00,0.0
2018-01-07 10:15:00,0.0
2018-01-07 10:30:00,0.0
2018-01-07 10:45:00,188.48999
2018-01-07 11:00:00,212.48999
2018-01-07 11:15:00,212.42
2018-01-07 11:30:00,211.29
2018-01-07 11:45:00,211.28
2018-01-07 12:00:00,210.95999
2018-01-07 12:15:00,210.98001
2018-01-07 12:30:00,211.10999
2018-01-07 12:45:00,209.97998
2018-01-07 13:00:00,212.15
2018-01-07 13:15:00,210.01999
2018-01-07 13:30:00,210.58
2018-01-07 13:45:00,210.2
2018-01-07 14:00:00,209.09
2018-01-07 14:15:00,208.88
2018-01-07 14:30:00,212.25
2018-01-07 14:45:00,210.23999
2018-01-07 15:00:00,203.34
2018-01-07 15:15:00,199.38
2018-01-07 15:30:00,202.76
2018-01-07 15:45:00,193.66
2018-01-07 16:00:00,194.20999
2018-01-07 16:15:00,186.98999
2018-01-07 16:30:00,180.41998
2018-01-07 16:45:00,163.83
2018-01-07 17:00:00,131.12
2018-01-07 17:15:00,145.92
2018-01-07 17:30:00,165.26
2018-01-07 17:45:00,126.06
2018-01-07 18:00:00,115.770004
2018-01-07 18:15:00,107.97
2018-01-07 18:30:00,104.67999
2018-01-07 18:45:00,95.369995
2018-01-07 19:00:00,99.81
2018-01-07 19:15:00,111.229996
2018-01-07 19:30:00,107.82
2018-01-07 19:45:00,97.87
2018-01-07 20:00:00,101.22
2018-01-07 20:15:00,75.4
2018-01-07 20:30:00,70.75
2018-01-07 20:45:00,93.83
2018-01-07 21:00:00,66.61
2018-01-07 21:15:00,106.770004
2018-01-07 21:30:00,115.28999
2018-01-07 21:45:00,161.9
2018-01-07 22:00:00,167.07
2018-01-07 22:15:00,151.5
2018-01-07 22:30:00,221.38
2018-01-07 22:45:00,180.95999
2018-01-07 23:00:00,169.02
2018-01-07 23:15:00,191.96
2018-01-07 23:30:00,151.19
2018-01-07 23:45:00,128.79001
2018-01-08 00:00:00,129.53
2018-01-08 00:15:00,119.06
2018-01-08 00:30:00,118.82001
2018-01-08 00:45:00,153.43
2018-01-08 01:00:00,144.13
2018-01-08 01:15:00,107.17
2018-01-08 01:30:00,105.399994
2018-01-08 01:45:00,92.11
2018-01-08 02:00:00,101.32
2018-01-08 02:15:00,129.35
2018-01-08 02:30:00,126.9
2018-01-08 02:45:00,93.01
2018-01-08 03:00:00,89.979996
2018-01-08 03:15:00,71.66
2018-01-08 03:30:00,83.19
2018-01-08 03:45:00,95.08
2018-01-08 04:00:00,132.23999
2018-01-08 04:15:00,128.81
2018-01-08 04:30:00,129.99
2018-01-08 04:45:00,112.880005
2018-01-08 05:00:00,90.37
2018-01-08 05:15:00,78.53
2018-01-08 05:30:00,85.83
2018-01-08 05:45:00,69.270004
2018-01-08 06:00:00,62.590004
2018-01-08 06:15:00,75.869995
2018-01-08 06:30:00,77.96001
2018-01-08 06:45:00,58.629997
2018-01-08 07:00:00,51.239998
2018-01-08 07:15:00,63.699997
2018-01-08 07:30:00,69.44
2018-01-08 07:45:00,60.8
2018-01-08 08:00:00,56.879997
2018-01-08 08:15:00,59.27
2018-01-08 08:30:00,57.559998
2018-01-08 08:45:00,68.020004
2018-01-08 09:00:00,57.89
2018-01-08 09:15:00,44.34
2018-01-08 09:30:00,39.34
2018-01-08 09:45:00,39.78
2018-01-08 10:00:00,41.02
2018-01-08 10:15:00,43.25
2018-01-08 10:30:00,39.760002
2018-01-08 10:45:00,39.97
2018-01-08 11:00:00,46.18
2018-01-08 11:15:00,52.01
2018-01-08 11:30:00,41.92
2018-01-08 11:45:00,39.989998
2018-01-08 12:00:00,49.339996
2018-01-08 12:15:00,53.73
2018-01-08 12:30:00,51.72
2018-01-08 12:45:00,56.29
2018-01-08 13:00:00,65.58
2018-01-08 13:15:00,54.84
2018-01-08 13:30:00,50.83
2018-01-08 13:45:00,56.39
2018-01-08 14:00:00,48.129997
2018-01-08 14:15:00,31.39
2018-01-08 14:30:00,40.71
2018-01-08 14:45:00,32.37
2018-01-08 15:00:00,19.04
2018-01-08 15:15:00,13.459999
2018-01-08 15:30:00,9.41
2018-01-08 15:45:00,3.66
2018-01-08 16:00:00,3.3600001
2018-01-08 16:15:00,5.96
2018-01-08 16:30:00,7.48
2018-01-08 16:45:00,10.93
2018-01-08 17:00:00,11.62
2018-01-08 17:15:00,11.27
2018-01-08 17:30:00,6.15
2018-01-08 17:45:00,4.02
2018-01-08 18:00:00,3.28
2018-01-08 18:15:00,5.26
2018-01-08 18:30:00,3.14
2018-01-08 18:45:00,1.15
2018-01-08 19:00:00,2.67
2018-01-08 19:15:00,1.53
2018-01-08 19:30:00,0.0
2018-01-08 19:45:00,0.0
2018-01-08 20:00:00,0.0
2018-01-08 20:15:00,0.0
2018-01-08 20:30:00,0.0
2018-01-08 20:45:00,0.0
2018-01-08 21:00:00,0.0
2018-01-08 21:15:00,0.0
2018-01-08 21:30:00,0.0
2018-01-08 21:45:00,0.0
2018-01-08 22:00:00,0.0
2018-01-08 22:15:00,0.0
2018-01-08 22:30:00,0.0
2018-01-08 22:45:00,8.04
2018-01-08 23:00:00,0.0
2018-01-08 23:15:00,0.0
2018-01-08 23:30:00,0.0
2018-01-08 23:45:00,7.28
2018-01-09 00:00:00,3.56
2018-01-09 00:15:00,0.35
2018-01-09 00:30:00,0.29
2018-01-09 00:45:00,0.69
2018-01-09 01:00:00,0.63
2018-01-09 01:15:00,0.34
2018-01-09 01:30:00,0.26
2018-01-09 01:45:00,5.15
2018-01-09 02:00:00,0.19
2018-01-09 02:15:00,0.2
2018-01-09 02:30:00,0.3
2018-01-09 02:45:00,1.45
2018-01-09 03:00:00,3.15
2018-01-09 03:15:00,3.63
2018-01-09 03:30:00,4.4300003
2018-01-09 03:45:00,9.74
2018-01-09 04:00:00,14.719999
2018-01-09 04:15:00,18.34
2018-01-09 04:30:00,21.58
2018-01-09 04:45:00,30.960001
2018-01-09 05:00:00,35.15
2018-01-09 05:15:00,33.66
2018-01-09 05:30:00,35.35
2018-01-09 05:45:00,38.480003
2018-01-09 06:00:00,48.22
2018-01-09 06:15:00,51.78
2018-01-09 06:30:00,60.05
2018-01-09 06:45:00,60.88
2018-01-09 07:00:00,58.55
2018-01-09 07:15:00,56.440002
2018-01-09 07:30:00,53.13
2018-01-09 07:45:00,55.5
2018-01-09 08:00:00,66.06
2018-01-09 08:15:00,77.119995
2018-01-09 08:30:00,85.56
2018-01-09 08:45:00,95.32
2018-01-09 09:00:00,101.520004
2018-01-09 09:15:00,110.229996
2018-01-09 09:30:00,123.64
2018-01-09 09:45:00,122.86
2018-01-09 10:00:00,129.97
2018-01-09 10:15:00,141.86
2018-01-09 10:30:00,152.65999
2018-01-09 10:45:00,149.69
2018-01-09 11:00:00,141.91
2018-01-09 11:15:00,129.92
2018-01-09 11:30:00,123.17
2018-01-09 11:45:00,118.64
2018-01-09 12:00:00,140.29001
2018-01-09 12:15:00,144.70001
2018-01-09 12:30:00,146.9
2018-01-09 12:45:00,154.97
2018-01-09 13:00:00,170.88
2018-01-09 13:15:00,168.77
2018-01-09 13:30:00,167.82999
2018-01-09 13:45:00,168.13
2018-01-09 14:00:00,175.31
2018-01-09 14:15:00,179.4
2018-01-09 14:30:00,174.42
2018-01-09 14:45:00,174.41
2018-01-09 15:00:00,163.27
2018-01-09 15:15:00,147.06998
2018-01-09 15:30:00,112.82
2018-01-09 15:45:00,101.17
2018-01-09 16:00:00,100.33
2018-01-09 16:15:00,117.99
2018-01-09 16:30:00,144.45999
2018-01-09 16:45:00,144.38
2018-01-09 17:00:00,147.92
2018-01-09 17:15:00,141.93
2018-01-09 17:30:00,128.53
2018-01-09 17:45:00,125.45
2018-01-09 18:00:00,105.149994
2018-01-09 18:15:00,102.84
2018-01-09 18:30:00,101.95
2018-01-09 18:45:00,79.05
2018-01-09 19:00:00,74.95
2018-01-09 19:15:00,67.45
2018-01-09 19:30:00,73.49
2018-01-09 19:45:00,90.66
2018-01-09 20:00:00,92.97
2018-01-09 20:15:00,78.75
2018-01-09 20:30:00,78.009995
2018-01-09 20:45:00,70.119995
2018-01-09 21:00:00,63.270004
2018-01-09 21:15:00,70.22
2018-01-09 21:30:00,76.66
2018-01-09 21:45:00,77.36
2018-01-09 22:00:00,64.08
2018-01-09 22:15:00,56.51
2018-01-09 22:30:00,69.58
2018-01-09 22:45:00,62.83
2018-01-09 23:00:00,53.75
2018-01-09 23:15:00,54.32
2018-01-09 23:30:00,61.36
2018-01-09 23:45:00,68.66
2018-01-10 00:00:00,83.85
2018-01-10 00:15:00,108.39
2018-01-10 00:30:00,120.07
2018-01-10 00:45:00,123.36
2018-01-10 01:00:00,127.600006
2018-01-10 01:15:00,127.369995
2018-01-10 01:30:00,138.01001
2018-01-10 01:45:00,139.48001
2018-01-10 02:00:00,146.9
2018-01-10 02:15:00,159.59998
2018-01-10 02:30:00,180.79999
2018-01-10 02:45:00,191.31998
2018-01-10 03:00:00,199.11
2018-01-10 03:15:00,186.06
2018-01-10 03:30:00,196.47
2018-01-10 03:45:00,214.51999
2018-01-10 04:00:00,215.95
2018-01-10 04:15:00,206.76997
2018-01-10 04:30:00,204.62
2018-01-10 04:45:00,213.7
2018-01-10 05:00:00,208.14
2018-01-10 05:15:00,204.84
2018-01-10 05:30:00,203.35999
2018-01-10 05:45:00,200.93
2018-01-10 06:01:00,203.01999
2018-01-10 06:15:00,209.23999
2018-01-10 06:30:00,212.75
2018-01-10 06:45:00,211.93
2018-01-10 07:00:00,217.23999
2018-01-10 07:15:00,218.48999
2018-01-10 07:30:00,218.93999
2018-01-10 07:45:00,209.39
2018-01-10 08:00:00,206.13998
2018-01-10 08:15:00,211.50998
2018-01-10 08:30:00,215.43
2018-01-10 08:45:00,213.88
2018-01-10 09:00:00,215.59
2018-01-10 09:15:00,214.39
2018-01-10 09:30:00,212.63
2018-01-10 09:45:00,214.31
2018-01-10 10:00:00,214.09
2018-01-10 10:15:00,205.46
2018-01-10 10:30:00,204.76999
2018-01-10 10:45:00,203.66998
2018-01-10 11:00:00,211.94998
2018-01-10 11:15:00,216.44
2018-01-10 11:30:00,210.79
2018-01-10 11:45:00,204.54999
2018-01-10 12:00:00,215.79001
2018-01-10 12:15:00,216.5
2018-01-10 12:30:00,217.5
2018-01-10 12:45:00,214.04999
2018-01-10 13:00:00,216.95999
2018-01-10 13:15:00,221.11
2018-01-10 13:30:00,221.9
2018-01-10 13:45:00,220.48
2018-01-10 14:00:00,222.48
2018-01-10 14:15:00,222.1
2018-01-10 14:30:00,222.94998
2018-01-10 14:45:00,220.87
2018-01-10 15:00:00,219.18999
2018-01-10 15:15:00,217.87
2018-01-10 15:30:00,217.97998
2018-01-10 15:45:00,215.96
2018-01-10 16:00:00,214.67
2018-01-10 16:15:00,213.13
2018-01-10 16:30:00,217.51997
2018-01-10 16:45:00,217.74998
2018-01-10 17:00:00,219.56
2018-01-10 17:15:00,219.01999
2018-01-10 17:30:00,217.51
2018-01-10 17:45:00,218.81
2018-01-10 18:00:00,215.54999
2018-01-10 18:15:00,215.4
2018-01-10 18:30:00,208.5
2018-01-10 18:45:00,219.82
2018-01-10 19:00:00,213.12
2018-01-10 19:15:00,210.69998
2018-01-10 19:30:00,214.24998
2018-01-10 19:45:00,214.62
2018-01-10 20:00:00,199.90999
2018-01-10 20:15:00,180.48999
2018-01-10 20:30:00,183.05
2018-01-10 20:45:00,187.91
2018-01-10 21:00:00,189.45
2018-01-10 21:15:00,175.12997
2018-01-10 21:30:00,165.12
2018-01-10 21:45:00,138.76001
2018-01-10 22:00:00,150.28998
2018-01-10 22:15:00,150.69
2018-01-10 22:30:00,142.28
2018-01-10 22:45:00,115.53
2018-01-10 23:00:00,112.08
2018-01-10 23:15:00,95.520004
2018-01-10 23:30:00,91.41
2018-01-10 23:45:00,108.55
2018-01-11 00:00:00,125.270004
2018-01-11 00:15:00,106.5
2018-01-11 00:30:00,106.72
2018-01-11 00:45:00,201.79001
2018-01-11 01:00:00,200.11
2018-01-11 01:15:00,154.85
2018-01-11 01:30:00,105.0
2018-01-11 01:45:00,44.45
2018-01-11 02:00:00,25.18
2018-01-11 02:15:00,85.39
2018-01-11 02:30:00,131.86
2018-01-11 02:45:00,164.04
2018-01-11 03:00:00,139.81
2018-01-11 03:15:00,144.5
2018-01-11 03:30:00,120.44
2018-01-11 03:45:00,128.3
2018-01-11 04:00:00,130.73999
2018-01-11 04:15:00,134.16
2018-01-11 04:30:00,136.63
2018-01-11 04:45:00,155.62
2018-01-11 05:00:00,158.29001
2018-01-11 05:15:00,160.8
2018-01-11 05:30:00,185.12
2018-01-11 05:45:00,180.54999
2018-01-11 06:00:00,186.81
2018-01-11 06:15:00,199.81
2018-01-11 06:30:00,196.29999
2018-01-11 06:45:00,186.75
2018-01-11 07:00:00,121.09
2018-01-11 07:15:00,83.24
2018-01-11 07:30:00,31.52
2018-01-11 07:45:00,84.42
2018-01-11 08:00:00,137.02
2018-01-11 08:15:00,214.06998
2018-01-11 08:30:00,217.12
2018-01-11 08:45:00,219.9
2018-01-11 09:00:00,217.94998
2018-01-11 09:15:00,207.77
2018-01-11 09:30:00,188.31
2018-01-11 09:45:00,152.47
2018-01-11 10:00:00,138.97
2018-01-11 10:15:00,134.81
2018-01-11 10:30:00,143.34
2018-01-11 10:45:00,149.21999
2018-01-11 11:00:00,165.79999
2018-01-11 11:15:00,155.34
2018-01-11 11:30:00,159.16
2018-01-11 11:45:00,143.0
2018-01-11 12:00:00,136.07
2018-01-11 12:15:00,136.75998
2018-01-11 12:30:00,127.56
2018-01-11 12:45:00,141.70999
2018-01-11 13:00:00,130.59
2018-01-11 13:15:00,126.82
2018-01-11 13:30:00,125.38
2018-01-11 13:45:00,128.56
2018-01-11 14:00:00,202.31998
2018-01-11 14:15:00,221.31
2018-01-11 14:30:00,217.42
2018-01-11 14:45:00,217.7
2018-01-11 15:00:00,218.68
2018-01-11 15:15:00,213.69
2018-01-11 15:30:00,219.78
2018-01-11 15:45:00,218.60999
2018-01-11 16:00:00,217.23999
2018-01-11 16:15:00,216.73
2018-01-11 16:30:00,222.28
2018-01-11 16:45:00,216.44
2018-01-11 17:00:00,197.71999
2018-01-11 17:15:00,206.70999
2018-01-11 17:30:00,219.56
2018-01-11 17:45:00,217.47
2018-01-11 18:00:00,215.98001
2018-01-11 18:15:00,215.41
2018-01-11 18:30:00,216.22
2018-01-11 18:45:00,203.26999
2018-01-11 19:00:00,219.73
2018-01-11 19:15:00,219.66
2018-01-11 19:30:00,220.66
2018-01-11 19:45:00,217.27
2018-01-11 20:00:00,216.36
2018-01-11 20:15:00,216.88998
2018-01-11 20:30:00,218.12
2018-01-11 20:45:00,218.93
2018-01-11 21:00:00,219.84999
2018-01-11 21:15:00,213.89
2018-01-11 21:30:00,222.14
2018-01-11 21:45:00,212.77
2018-01-11 22:00:00,218.81
2018-01-11 22:15:00,215.23
2018-01-11 22:30:00,223.0
2018-01-11 22:45:00,215.16
2018-01-11 23:00:00,200.2
2018-01-11 23:15:00,210.6
2018-01-11 23:30:00,172.76001
2018-01-11 23:45:00,153.78
2018-01-12 00:00:00,170.82
2018-01-12 00:15:00,184.74998
2018-01-12 00:30:00,184.65
2018-01-12 00:45:00,167.73999
2018-01-12 01:00:00,170.1
2018-01-12 01:15:00,168.54999
2018-01-12 01:30:00,168.23
2018-01-12 01:45:00,175.78
2018-01-12 02:00:00,157.47998
2018-01-12 02:15:00,144.37
2018-01-12 02:30:00,136.16
2018-01-12 02:45:00,164.01001
2018-01-12 03:00:00,161.61
2018-01-12 03:15:00,165.28
2018-01-12 03:30:00,160.54001
2018-01-12 03:45:00,174.95
2018-01-12 04:00:00,181.65
2018-01-12 04:15:00,179.64
2018-01-12 04:30:00,166.89
2018-01-12 04:45:00,159.38
2018-01-12 05:00:00,153.1
2018-01-12 05:15:00,129.81
2018-01-12 05:30:00,126.09
2018-01-12 05:45:00,146.92
2018-01-12 06:00:00,130.7
2018-01-12 06:15:00,128.57
2018-01-12 06:30:00,129.42
2018-01-12 06:45:00,101.17
2018-01-12 07:00:00,79.56
2018-01-12 07:15:00,56.449997
2018-01-12 07:30:00,49.27
2018-01-12 07:45:00,45.11
2018-01-12 08:00:00,41.22
2018-01-12 08:15:00,46.28
2018-01-12 08:30:00,37.16
2018-01-12 08:45:00,37.7
2018-01-12 09:00:00,38.61
2018-01-12 09:15:00,44.57
2018-01-12 09:30:00,45.5
2018-01-12 09:45:00,48.57
2018-01-12 10:00:00,42.940002
2018-01-12 10:15:00,23.91
2018-01-12 10:30:00,21.369999
2018-01-12 10:45:00,8.82
2018-01-12 11:00:00,14.76
2018-01-12 11:15:00,5.5299997
2018-01-12 11:30:00,2.48
2018-01-12 11:45:00,4.83
2018-01-12 12:00:00,9.0199995
2018-01-12 12:15:00,16.11
2018-01-12 12:30:00,6.74
2018-01-12 12:45:00,3.13
2018-01-12 13:00:00,7.75
2018-01-12 13:15:00,4.68
2018-01-12 13:30:00,5.45
2018-01-12 13:45:00,2.24
2018-01-12 14:00:00,12.389999
2018-01-12 14:15:00,0.0
2018-01-12 14:30:00,0.0
2018-01-12 14:45:00,0.0
2018-01-12 15:00:00,0.0
2018-01-12 15:15:00,0.0
2018-01-12 15:30:00,0.0
2018-01-12 15:45:00,0.0
2018-01-12 16:00:00,0.0
2018-01-12 16:15:00,0.0
2018-01-12 16:30:00,0.0
2018-01-12 16:45:00,0.0
2018-01-12 17:00:00,0.0
2018-01-12 17:15:00,0.0
2018-01-12 17:30:00,0.0
2018-01-12 17:45:00,0.0
2018-01-12 18:00:00,0.0
2018-01-12 18:15:00,0.0
2018-01-12 18:30:00,0.0
2018-01-12 18:45:00,0.0
2018-01-12 19:00:00,2.24
2018-01-12 19:15:00,6.19
2018-01-12 19:30:00,4.63
2018-01-12 19:45:00,7.87
2018-01-12 20:00:00,8.44
2018-01-12 20:15:00,12.21
2018-01-12 20:30:00,15.57
2018-01-12 20:45:00,17.97
2018-01-12 21:00:00,13.37
2018-01-12 21:15:00,8.719999
2018-01-12 21:30:00,3.4099998
2018-01-12 21:45:00,7.13
2018-01-12 22:00:00,6.99
2018-01-12 22:15:00,8.25
2018-01-12 22:30:00,9.65
2018-01-12 22:45:00,4.52
2018-01-12 23:00:00,6.2
2018-01-12 23:15:00,6.5299997
2018-01-12 23:30:00,4.3
2018-01-12 23:45:00,5.3100004
2018-01-13 00:00:00,5.02
2018-01-13 00:15:00,0.72
2018-01-13 00:30:00,1.9399999
2018-01-13 00:45:00,0.71
2018-01-13 01:00:00,6.54
2018-01-13 01:15:00,30.88
2018-01-13 01:30:00,35.78
2018-01-13 01:45:00,31.789999
2018-01-13 02:00:00,53.18
2018-01-13 02:15:00,49.65
2018-01-13 02:30:00,40.45
2018-01-13 02:45:00,56.22
2018-01-13 03:00:00,39.4
2018-01-13 03:15:00,39.84
2018-01-13 03:30:00,39.92
2018-01-13 03:45:00,81.7
2018-01-13 04:00:00,64.229996
2018-01-13 04:15:00,80.25
2018-01-13 04:30:00,71.64
2018-01-13 04:45:00,55.27
2018-01-13 05:00:00,68.76
2018-01-13 05:15:00,73.990005
2018-01-13 05:30:00,97.97
2018-01-13 05:45:00,90.58
2018-01-13 06:00:00,45.199997
2018-01-13 06:15:00,31.55
2018-01-13 06:30:00,37.71
2018-01-13 06:45:00,26.29
2018-01-13 07:00:00,17.67
2018-01-13 07:15:00,25.470001
2018-01-13 07:30:00,18.18
2018-01-13 07:45:00,16.71
2018-01-13 08:00:00,21.25
2018-01-13 08:15:00,31.689999
2018-01-13 08:30:00,34.120003
2018-01-13 08:45:00,37.02
2018-01-13 09:00:00,24.400002
2018-01-13 09:15:00,24.11
2018-01-13 09:30:00,35.65
2018-01-13 09:45:00,32.0
2018-01-13 10:00:00,26.05
2018-01-13 10:15:00,32.56
2018-01-13 10:30:00,39.309998
2018-01-13 10:45:00,41.75
2018-01-13 11:00:00,35.730003
2018-01-13 11:15:00,39.08
2018-01-13 11:30:00,35.739998
2018-01-13 11:45:00,31.32
2018-01-13 12:00:00,29.27
2018-01-13 12:15:00,33.14
2018-01-13 12:30:00,23.32
2018-01-13 12:45:00,23.26
2018-01-13 13:00:00,17.39
2018-01-13 13:15:00,18.4
2018-01-13 13:30:00,16.8
2018-01-13 13:45:00,19.92
2018-01-13 14:00:00,18.3
2018-01-13 14:15:00,19.97
2018-01-13 14:30:00,16.14
2018-01-13 14:45:00,16.099998
2018-01-13 15:00:00,12.620001
2018-01-13 15:15:00,8.46
2018-01-13 15:30:00,9.82
2018-01-13 15:45:00,7.94
2018-01-13 16:00:00,3.67
2018-01-13 16:15:00,1.9499999
2018-01-13 16:30:00,3.59
2018-01-13 16:45:00,3.31
2018-01-13 17:00:00,5.26
2018-01-13 17:15:00,3.38
2018-01-13 17:30:00,0.26
2018-01-13 17:45:00,0.0
2018-01-13 18:00:00,0.0
2018-01-13 18:15:00,0.0
2018-01-13 18:30:00,0.0
2018-01-13 18:45:00,0.0
2018-01-13 19:00:00,0.0
2018-01-13 19:15:00,0.0
2018-01-13 19:30:00,0.0
2018-01-13 19:45:00,0.0
2018-01-13 20:00:00,0.0
2018-01-13 20:15:00,0.0
2018-01-13 20:30:00,0.0
2018-01-13 20:45:00,0.0
2018-01-13 21:00:00,0.0
2018-01-13 21:15:00,0.0
2018-01-13 21:30:00,0.0
2018-01-13 21:45:00,0.0
2018-01-13 22:00:00,0.0
2018-01-13 22:15:00,0.0
2018-01-13 22:30:00,0.0
2018-01-13 22:45:00,0.0
2018-01-13 23:00:00,0.0
2018-01-13 23:15:00,0.0
2018-01-13 23:30:00,0.0
2018-01-13 23:45:00,1.49
2018-01-14 00:00:00,5.6400003
2018-01-14 00:15:00,15.2300005
2018-01-14 00:30:00,25.72
2018-01-14 00:45:00,31.130001
2018-01-14 01:00:00,32.620003
2018-01-14 01:15:00,38.739998
2018-01-14 01:30:00,40.760002
2018-01-14 01:45:00,34.58
2018-01-14 02:00:00,38.25
2018-01-14 02:15:00,27.95
2018-01-14 02:30:00,26.01
2018-01-14 02:45:00,35.190002
2018-01-14 03:00:00,43.559998
2018-01-14 03:15:00,48.519997
2018-01-14 03:30:00,50.629997
2018-01-14 03:45:00,59.37
2018-01-14 04:00:00,71.880005
2018-01-14 04:15:00,90.07
2018-01-14 04:30:00,98.17
2018-01-14 04:45:00,100.33
2018-01-14 05:00:00,115.100006
2018-01-14 05:15:00,145.32
2018-01-14 05:30:00,188.34
2018-01-14 05:45:00,208.98001
2018-01-14 06:00:00,211.64
2018-01-14 06:15:00,219.97998
2018-01-14 06:30:00,220.94
2018-01-14 06:45:00,223.77998
2018-01-14 07:00:00,224.64
2018-01-14 07:15:00,225.98001
2018-01-14 07:30:00,224.97998
2018-01-14 07:45:00,224.91
2018-01-14 08:00:00,227.99998
2018-01-14 08:15:00,227.2
2018-01-14 08:30:00,226.97998
2018-01-14 08:45:00,225.74998
2018-01-14 09:00:00,226.9
2018-01-14 09:15:00,224.63
2018-01-14 09:30:00,226.51999
2018-01-14 09:45:00,228.01999
2018-01-14 10:00:00,225.60999
2018-01-14 10:15:00,225.37
2018-01-14 10:30:00,228.12
2018-01-14 10:45:00,225.31
2018-01-14 11:00:00,223.03
2018-01-14 11:15:00,220.73
2018-01-14 11:30:00,211.43
2018-01-14 11:45:00,199.51001
2018-01-14 12:00:00,177.41
2018-01-14 12:15:00,204.78
2018-01-14 12:30:00,216.96
2018-01-14 12:45:00,188.65
2018-01-14 13:00:00,93.08
2018-01-14 13:15:00,72.81
2018-01-14 13:30:00,45.760002
2018-01-14 13:45:00,2.8400002
2018-01-14 14:00:00,0.53
2018-01-14 14:15:00,0.58
2018-01-14 14:30:00,0.0
2018-01-14 14:45:00,0.0
2018-01-14 15:00:00,0.0
2018-01-14 15:15:00,0.51
2018-01-14 15:30:00,10.74
2018-01-14 15:45:00,43.879997
2018-01-14 16:00:00,55.36
2018-01-14 16:15:00,48.66
2018-01-14 16:30:00,54.79
2018-01-14 16:45:00,68.83
2018-01-14 17:00:00,58.559998
2018-01-14 17:15:00,42.04
2018-01-14 17:30:00,41.1
2018-01-14 17:45:00,47.129997
2018-01-14 18:00:00,31.49
2018-01-14 18:15:00,27.43
2018-01-14 18:30:00,21.720001
2018-01-14 18:45:00,27.25
2018-01-14 19:00:00,26.07
2018-01-14 19:15:00,17.48
2018-01-14 19:30:00,9.49
2018-01-14 19:45:00,3.35
2018-01-14 20:00:00,2.52
2018-01-14 20:15:00,0.66999996
2018-01-14 20:30:00,0.3
2018-01-14 20:45:00,0.0
2018-01-14 21:00:00,0.0
2018-01-14 21:15:00,0.0
2018-01-14 21:30:00,0.0
2018-01-14 21:45:00,0.0
2018-01-14 22:00:00,0.0
2018-01-14 22:15:00,0.0
2018-01-14 22:30:00,0.0
2018-01-14 22:45:00,0.0
2018-01-14 23:00:00,0.0
2018-01-14 23:15:00,0.0
2018-01-14 23:30:00,0.0
2018-01-14 23:45:00,0.0
2018-01-15 00:00:00,0.0
2018-01-15 00:15:00,0.0
2018-01-15 00:30:00,0.0
2018-01-15 00:45:00,0.0
2018-01-15 01:00:00,0.0
2018-01-15 01:15:00,0.0
2018-01-15 01:30:00,0.0
2018-01-15 01:45:00,0.0
2018-01-15 02:00:00,0.0
2018-01-15 02:15:00,0.0
2018-01-15 02:30:00,0.0
2018-01-15 02:45:00,0.0
2018-01-15 03:00:00,0.0
2018-01-15 03:15:00,0.0
2018-01-15 03:30:00,0.0
2018-01-15 03:45:00,0.0
2018-01-15 04:00:00,5.71
2018-01-15 04:15:00,23.2
2018-01-15 04:30:00,34.63
2018-01-15 04:45:00,46.92
2018-01-15 05:00:00,47.27
2018-01-15 05:15:00,43.379997
2018-01-15 05:30:00,42.16
2018-01-15 05:45:00,50.41
2018-01-15 06:00:00,56.94
2018-01-15 06:15:00,66.86
2018-01-15 06:30:00,81.479996
2018-01-15 06:45:00,90.27
2018-01-15 07:00:00,108.39
2018-01-15 07:15:00,127.3
2018-01-15 07:30:00,141.63
2018-01-15 07:45:00,163.16
2018-01-15 08:00:00,181.0
2018-01-15 08:15:00,187.16
2018-01-15 08:30:00,193.35
2018-01-15 08:45:00,197.47
2018-01-15 09:00:00,195.68
2018-01-15 09:15:00,195.1
2018-01-15 09:30:00,195.54999
2018-01-15 09:45:00,203.17
2018-01-15 10:00:00,202.26001
2018-01-15 10:15:00,201.15
2018-01-15 10:30:00,190.83
2018-01-15 10:45:00,196.09
2018-01-15 11:00:00,199.61
2018-01-15 11:15:00,194.54999
2018-01-15 11:30:00,198.9
2018-01-15 11:45:00,210.28998
2018-01-15 12:00:00,211.63998
2018-01-15 12:15:00,198.70999
2018-01-15 12:30:00,185.26999
2018-01-15 12:45:00,184.4
2018-01-15 13:00:00,196.28
2018-01-15 13:15:00,209.59998
2018-01-15 13:30:00,209.02998
2018-01-15 13:45:00,207.56
2018-01-15 14:00:00,190.98999
2018-01-15 14:15:00,181.32999
2018-01-15 14:30:00,175.41
2018-01-15 14:45:00,157.04999
2018-01-15 15:00:00,161.32
2018-01-15 15:15:00,156.16
2018-01-15 15:30:00,170.93
2018-01-15 15:45:00,173.33
2018-01-15 16:00:00,166.23
2018-01-15 16:15:00,149.94
2018-01-15 16:30:00,132.34
2018-01-15 16:45:00,120.92
2018-01-15 17:00:00,98.09
2018-01-15 17:15:00,74.72
2018-01-15 17:30:00,57.97
2018-01-15 17:45:00,34.59
2018-01-15 18:00:00,23.33
2018-01-15 18:15:00,0.0
2018-01-15 18:30:00,0.0
2018-01-15 18:45:00,0.0
2018-01-15 19:00:00,0.88
2018-01-15 19:15:00,8.549999
2018-01-15 19:30:00,122.520004
2018-01-15 19:45:00,117.5
2018-01-15 20:00:00,94.520004
2018-01-15 20:15:00,103.990005
2018-01-15 20:30:00,113.13
2018-01-15 20:45:00,176.01999
2018-01-15 21:00:00,225.89
2018-01-15 21:15:00,226.98999
2018-01-15 21:30:00,227.83997
2018-01-15 21:45:00,227.38
2018-01-15 22:00:00,227.95
2018-01-15 22:15:00,227.00998
2018-01-15 22:30:00,228.22
2018-01-15 22:45:00,228.29999
2018-01-15 23:00:00,228.08
2018-01-15 23:15:00,227.34
2018-01-15 23:30:00,227.28
2018-01-15 23:45:00,225.51999
2018-01-16 00:00:00,227.38998
2018-01-16 00:15:00,225.4
2018-01-16 00:30:00,225.58
2018-01-16 00:45:00,227.49998
2018-01-16 01:00:00,227.41
2018-01-16 01:15:00,225.38998
2018-01-16 01:30:00,226.98999
2018-01-16 01:45:00,227.12
2018-01-16 02:00:00,227.57999
2018-01-16 02:15:00,225.89
2018-01-16 02:30:00,225.60999
2018-01-16 02:45:00,225.87
2018-01-16 03:00:00,225.41
2018-01-16 03:15:00,225.7
2018-01-16 03:30:00,226.35
2018-01-16 03:45:00,224.81
2018-01-16 04:00:00,222.37
2018-01-16 04:15:00,224.13
2018-01-16 04:30:00,225.66
2018-01-16 04:45:00,222.11
2018-01-16 05:00:00,221.69998
2018-01-16 05:15:00,217.26999
2018-01-16 05:30:00,218.31998
2018-01-16 05:45:00,218.62
2018-01-16 06:00:00,217.4
2018-01-16 06:15:00,216.1
2018-01-16 06:30:00,218.36
2018-01-16 06:45:00,216.75
2018-01-16 07:00:00,214.85999
2018-01-16 07:15:00,213.58
2018-01-16 07:30:00,215.33
2018-01-16 07:45:00,208.72998
2018-01-16 08:00:00,207.54999
2018-01-16 08:15:00,192.19
2018-01-16 08:30:00,195.14
2018-01-16 08:45:00,197.65
2018-01-16 09:00:00,192.43
2018-01-16 09:15:00,201.67
2018-01-16 09:30:00,199.76999
2018-01-16 09:45:00,191.28
2018-01-16 10:00:00,186.22
2018-01-16 10:15:00,187.39
2018-01-16 10:30:00,195.36
2018-01-16 10:45:00,196.14
2018-01-16 11:00:00,193.49998
2018-01-16 11:15:00,200.43999
2018-01-16 11:30:00,206.93
2018-01-16 11:45:00,194.87
2018-01-16 12:00:00,191.14
2018-01-16 12:15:00,183.89001
2018-01-16 12:30:00,174.17
2018-01-16 12:45:00,193.71999
2018-01-16 13:00:00,185.17001
2018-01-16 13:15:00,168.34999
2018-01-16 13:30:00,178.4
2018-01-16 13:45:00,178.59999
2018-01-16 14:00:00,181.16998
2018-01-16 14:15:00,182.83
2018-01-16 14:30:00,187.83
2018-01-16 14:45:00,161.57
2018-01-16 15:00:00,158.6
2018-01-16 15:15:00,144.24
2018-01-16 15:30:00,130.75
2018-01-16 15:45:00,125.11
2018-01-16 16:00:00,115.130005
2018-01-16 16:15:00,98.45
2018-01-16 16:30:00,83.58
2018-01-16 16:45:00,62.34
2018-01-16 17:00:00,60.68
2018-01-16 17:15:00,65.1
2018-01-16 17:30:00,60.339996
2018-01-16 17:45:00,57.73
2018-01-16 18:00:00,48.79
2018-01-16 18:15:00,35.53
2018-01-16 18:30:00,47.9
2018-01-16 18:45:00,40.33
2018-01-16 19:00:00,33.92
2018-01-16 19:15:00,47.559998
2018-01-16 19:30:00,38.15
2018-01-16 19:45:00,43.870003
2018-01-16 20:00:00,39.66
2018-01-16 20:15:00,44.48
2018-01-16 20:30:00,43.57
2018-01-16 20:45:00,36.43
2018-01-16 21:00:00,31.35
2018-01-16 21:15:00,33.43
2018-01-16 21:30:00,31.95
2018-01-16 21:45:00,34.6
2018-01-16 22:00:00,30.95
2018-01-16 22:15:00,35.0
2018-01-16 22:30:00,33.93
2018-01-16 22:45:00,26.0
2018-01-16 23:00:00,22.439999
2018-01-16 23:15:00,21.73
2018-01-16 23:30:00,19.62
2018-01-16 23:45:00,15.780001
2018-01-17 00:00:00,10.71
2018-01-17 00:15:00,5.44
2018-01-17 00:30:00,2.19
2018-01-17 00:45:00,3.1599998
2018-01-17 01:00:00,2.74
2018-01-17 01:15:00,2.6599998
2018-01-17 01:30:00,1.19
2018-01-17 01:45:00,1.8199999
2018-01-17 02:00:00,0.75
2018-01-17 02:15:00,0.65999997
2018-01-17 02:30:00,1.6800001
2018-01-17 02:45:00,3.65
2018-01-17 03:00:00,1.62
2018-01-17 03:15:00,1.99
2018-01-17 03:30:00,0.62
2018-01-17 03:45:00,11.29
2018-01-17 04:00:00,9.88
2018-01-17 04:15:00,3.33
2018-01-17 04:30:00,0.0
2018-01-17 04:45:00,0.0
2018-01-17 05:00:00,0.0
2018-01-17 05:15:00,0.0
2018-01-17 05:30:00,0.0
2018-01-17 05:45:00,0.0
2018-01-17 06:01:00,0.0
2018-01-17 06:15:00,0.0
2018-01-17 06:30:00,0.0
2018-01-17 06:45:00,0.0
2018-01-17 07:00:00,0.0
2018-01-17 07:15:00,0.0
2018-01-17 07:30:00,0.0
2018-01-17 07:45:00,0.0
2018-01-17 08:00:00,0.0
2018-01-17 08:15:00,0.0
2018-01-17 08:30:00,0.0
2018-01-17 08:45:00,0.0
2018-01-17 09:00:00,0.0
2018-01-17 09:15:00,0.0
2018-01-17 09:30:00,0.0
2018-01-17 09:45:00,0.0
2018-01-17 10:00:00,0.0
2018-01-17 10:15:00,0.0
2018-01-17 10:30:00,0.0
2018-01-17 10:45:00,7.04
2018-01-17 11:00:00,0.13
2018-01-17 11:15:00,0.0
2018-01-17 11:30:00,0.0
2018-01-17 11:45:00,0.0
2018-01-17 12:00:00,0.0
2018-01-17 12:15:00,0.0
2018-01-17 12:30:00,0.0
2018-01-17 12:45:00,0.0
2018-01-17 13:00:00,0.0
2018-01-17 13:15:00,0.0
2018-01-17 13:30:00,2.07
2018-01-17 13:45:00,6.12
2018-01-17 14:00:00,15.379999
2018-01-17 14:15:00,8.02
2018-01-17 14:30:00,8.889999
2018-01-17 14:45:00,11.49
2018-01-17 15:00:00,4.9700003
2018-01-17 15:15:00,3.12
2018-01-17 15:30:00,4.01
2018-01-17 15:45:00,2.59
2018-01-17 16:00:00,0.14
2018-01-17 16:15:00,0.42
2018-01-17 16:30:00,0.16
2018-01-17 16:45:00,0.41000003
2018-01-17 17:00:00,0.0
2018-01-17 17:15:00,0.0
2018-01-17 17:30:00,0.0
2018-01-17 17:45:00,0.0
2018-01-17 18:00:00,0.0
2018-01-17 18:15:00,0.0
2018-01-17 18:30:00,0.0
2018-01-17 18:45:00,0.0
2018-01-17 19:00:00,0.0
2018-01-17 19:15:00,0.0
2018-01-17 19:30:00,0.0
2018-01-17 19:45:00,0.0
2018-01-17 20:00:00,0.0
2018-01-17 20:15:00,0.0
2018-01-17 20:30:00,0.0
2018-01-17 20:45:00,0.0
2018-01-17 21:00:00,0.0
2018-01-17 21:15:00,10.91
2018-01-17 21:30:00,0.0
2018-01-17 21:45:00,5.19
2018-01-17 22:00:00,0.0
2018-01-17 22:15:00,0.0
2018-01-17 22:30:00,0.0
2018-01-17 22:45:00,5.62
2018-01-17 23:00:00,0.0
2018-01-17 23:15:00,0.18
2018-01-17 23:30:00,0.6
2018-01-17 23:45:00,0.55
2018-01-18 00:00:00,1.02
2018-01-18 00:15:00,3.52
2018-01-18 00:30:00,14.16
2018-01-18 00:45:00,7.92
2018-01-18 01:00:00,5.67
2018-01-18 01:15:00,7.8199997
2018-01-18 01:30:00,8.62
2018-01-18 01:45:00,10.82
2018-01-18 02:00:00,16.01
2018-01-18 02:15:00,20.529999
2018-01-18 02:30:00,28.41
2018-01-18 02:45:00,30.62
2018-01-18 03:00:00,35.19
2018-01-18 03:15:00,44.23
2018-01-18 03:30:00,54.809998
2018-01-18 03:45:00,64.72
2018-01-18 04:00:00,70.270004
2018-01-18 04:15:00,80.41
2018-01-18 04:30:00,84.72
2018-01-18 04:45:00,110.53999
2018-01-18 05:00:00,112.21
2018-01-18 05:15:00,115.770004
2018-01-18 05:30:00,129.37999
2018-01-18 05:45:00,134.82
2018-01-18 06:00:00,141.88
2018-01-18 06:15:00,144.19
2018-01-18 06:30:00,149.15
2018-01-18 06:45:00,131.68999
2018-01-18 07:00:00,117.3
2018-01-18 07:15:00,111.33
2018-01-18 07:30:00,108.850006
2018-01-18 07:45:00,97.65
2018-01-18 08:00:00,95.84
2018-01-18 08:15:00,93.16
2018-01-18 08:30:00,84.22
2018-01-18 08:45:00,71.1
2018-01-18 09:00:00,77.16
2018-01-18 09:15:00,71.78
2018-01-18 09:30:00,69.01
2018-01-18 09:45:00,67.86
2018-01-18 10:00:00,55.68
2018-01-18 10:15:00,55.32
2018-01-18 10:30:00,58.559998
2018-01-18 10:45:00,49.89
2018-01-18 11:00:00,48.190002
2018-01-18 11:15:00,34.0
2018-01-18 11:30:00,35.690002
2018-01-18 11:45:00,40.059998
2018-01-18 12:00:00,38.52
2018-01-18 12:15:00,38.899998
2018-01-18 12:30:00,30.779999
2018-01-18 12:45:00,33.93
2018-01-18 13:00:00,35.39
2018-01-18 13:15:00,29.69
2018-01-18 13:30:00,28.86
2018-01-18 13:45:00,28.87
2018-01-18 14:00:00,30.86
2018-01-18 14:15:00,28.82
2018-01-18 14:30:00,20.16
2018-01-18 14:45:00,14.55
2018-01-18 15:00:00,11.93
2018-01-18 15:15:00,17.3
2018-01-18 15:30:00,28.82
2018-01-18 15:45:00,25.55
2018-01-18 16:00:00,26.29
2018-01-18 16:15:00,23.2
2018-01-18 16:30:00,23.8
2018-01-18 16:45:00,20.41
2018-01-18 17:00:00,17.23
2018-01-18 17:15:00,17.77
2018-01-18 17:30:00,20.6
2018-01-18 17:45:00,19.65
2018-01-18 18:00:00,33.83
2018-01-18 18:15:00,34.28
2018-01-18 18:30:00,31.0
2018-01-18 18:45:00,33.46
2018-01-18 19:00:00,44.85
2018-01-18 19:15:00,59.579998
2018-01-18 19:30:00,61.44
2018-01-18 19:45:00,66.82
2018-01-18 20:00:00,86.87
2018-01-18 20:15:00,68.78
2018-01-18 20:30:00,69.47
2018-01-18 20:45:00,73.770004
2018-01-18 21:00:00,61.04
2018-01-18 21:15:00,70.88
2018-01-18 21:30:00,70.32
2018-01-18 21:45:00,61.72
2018-01-18 22:00:00,51.32
2018-01-18 22:15:00,51.23
2018-01-18 22:30:00,50.02
2018-01-18 22:45:00,50.97
2018-01-18 23:00:00,53.54
2018-01-18 23:15:00,44.04
2018-01-18 23:30:00,35.89
2018-01-18 23:45:00,30.58
2018-01-19 00:00:00,24.900002
2018-01-19 00:15:00,31.91
2018-01-19 00:30:00,61.100002
2018-01-19 00:45:00,59.059998
2018-01-19 01:00:00,86.39
2018-01-19 01:15:00,155.20999
2018-01-19 01:30:00,179.16
2018-01-19 01:45:00,126.84
2018-01-19 02:00:00,116.35
2018-01-19 02:15:00,105.29
2018-01-19 02:30:00,121.850006
2018-01-19 02:45:00,154.59
2018-01-19 03:00:00,148.89
2018-01-19 03:15:00,146.5
2018-01-19 03:30:00,166.41
2018-01-19 03:45:00,175.06
2018-01-19 04:00:00,191.18999
2018-01-19 04:15:00,182.26999
2018-01-19 04:30:00,179.2
2018-01-19 04:45:00,181.17
2018-01-19 05:00:00,190.40999
2018-01-19 05:15:00,181.06
2018-01-19 05:30:00,186.06
2018-01-19 05:45:00,170.87
2018-01-19 06:00:00,151.95001
2018-01-19 06:15:00,141.52998
2018-01-19 06:30:00,132.01001
2018-01-19 06:45:00,143.43
2018-01-19 07:00:00,160.06
2018-01-19 07:15:00,162.23
2018-01-19 07:30:00,167.98001
2018-01-19 07:45:00,185.39
2018-01-19 08:00:00,174.98999
2018-01-19 08:15:00,164.53
2018-01-19 08:30:00,170.54999
2018-01-19 08:45:00,180.42
2018-01-19 09:00:00,185.76
2018-01-19 09:15:00,183.70999
2018-01-19 09:30:00,200.37
2018-01-19 09:45:00,189.21999
2018-01-19 10:00:00,194.15
2018-01-19 10:15:00,192.22
2018-01-19 10:30:00,173.42
2018-01-19 10:45:00,179.33
2018-01-19 11:00:00,170.48999
2018-01-19 11:15:00,158.25
2018-01-19 11:30:00,179.01001
2018-01-19 11:45:00,197.09
2018-01-19 12:00:00,201.69
2018-01-19 12:15:00,200.77
2018-01-19 12:30:00,202.48999
2018-01-19 12:45:00,201.17
2018-01-19 13:00:00,205.26999
2018-01-19 13:15:00,214.73
2018-01-19 13:30:00,212.21999
2018-01-19 13:45:00,212.32999
2018-01-19 14:00:00,215.95999
2018-01-19 14:15:00,209.27
2018-01-19 14:30:00,211.85999
2018-01-19 14:45:00,209.43
2018-01-19 15:00:00,193.47
2018-01-19 15:15:00,184.23999
2018-01-19 15:30:00,172.86
2018-01-19 15:45:00,158.09
2018-01-19 16:00:00,148.54001
2018-01-19 16:15:00,150.82
2018-01-19 16:30:00,132.73999
2018-01-19 16:45:00,140.78
2018-01-19 17:00:00,136.1
2018-01-19 17:15:00,128.43
2018-01-19 17:30:00,113.79
2018-01-19 17:45:00,114.82
2018-01-19 18:00:00,128.84
2018-01-19 18:15:00,128.95999
2018-01-19 18:30:00,131.3
2018-01-19 18:45:00,125.18999
2018-01-19 19:00:00,126.700005
2018-01-19 19:15:00,129.94
2018-01-19 19:30:00,135.82
2018-01-19 19:45:00,121.86
2018-01-19 20:00:00,125.81
2018-01-19 20:15:00,108.57
2018-01-19 20:30:00,130.77
2018-01-19 20:45:00,122.84
2018-01-19 21:00:00,118.4
2018-01-19 21:15:00,130.61
2018-01-19 21:30:00,131.17
2018-01-19 21:45:00,137.48001
2018-01-19 22:00:00,120.340004
2018-01-19 22:15:00,112.46
2018-01-19 22:30:00,103.01
2018-01-19 22:45:00,107.36
2018-01-19 23:00:00,112.020004
2018-01-19 23:15:00,116.97
2018-01-19 23:30:00,116.119995
2018-01-19 23:45:00,128.76999
2018-01-20 00:00:00,144.09
2018-01-20 00:15:00,175.16
2018-01-20 00:30:00,201.53
2018-01-20 00:45:00,208.56
2018-01-20 01:00:00,203.0
2018-01-20 01:15:00,202.94
2018-01-20 01:30:00,221.27
2018-01-20 01:45:00,225.04001
2018-01-20 02:00:00,225.03
2018-01-20 02:15:00,225.44
2018-01-20 02:30:00,225.91
2018-01-20 02:45:00,226.72
2018-01-20 03:00:00,226.87
2018-01-20 03:15:00,223.76999
2018-01-20 03:30:00,218.14
2018-01-20 03:45:00,219.91
2018-01-20 04:00:00,222.84
2018-01-20 04:15:00,218.70001
2018-01-20 04:30:00,214.95999
2018-01-20 04:45:00,220.69
2018-01-20 05:00:00,224.98
2018-01-20 05:15:00,225.73
2018-01-20 05:30:00,225.32999
2018-01-20 05:45:00,225.29999
2018-01-20 06:00:00,223.36
2018-01-20 06:15:00,220.68
2018-01-20 06:30:00,222.49998
2018-01-20 06:45:00,223.94
2018-01-20 07:00:00,223.08997
2018-01-20 07:15:00,223.60999
2018-01-20 07:30:00,223.26999
2018-01-20 07:45:00,220.7
2018-01-20 08:00:00,215.79001
2018-01-20 08:15:00,212.2
2018-01-20 08:30:00,217.73
2018-01-20 08:45:00,216.23
2018-01-20 09:00:00,217.67001
2018-01-20 09:15:00,218.26999
2018-01-20 09:30:00,215.18
2018-01-20 09:45:00,204.28998
2018-01-20 10:00:00,205.43
2018-01-20 10:15:00,202.13
2018-01-20 10:30:00,206.79001
2018-01-20 10:45:00,210.65
2018-01-20 11:00:00,211.98999
2018-01-20 11:15:00,215.64
2018-01-20 11:30:00,218.04001
2018-01-20 11:45:00,219.10999
2018-01-20 12:00:00,217.19998
2018-01-20 12:15:00,217.00998
2018-01-20 12:30:00,211.92
2018-01-20 12:45:00,205.67001
2018-01-20 13:00:00,199.91
2018-01-20 13:15:00,204.04001
2018-01-20 13:30:00,206.77998
2018-01-20 13:45:00,195.79999
2018-01-20 14:00:00,201.04
2018-01-20 14:15:00,205.01999
2018-01-20 14:30:00,198.48999
2018-01-20 14:45:00,193.50998
2018-01-20 15:00:00,193.00998
2018-01-20 15:15:00,188.67
2018-01-20 15:30:00,184.07
2018-01-20 15:45:00,183.01999
2018-01-20 16:00:00,169.41
2018-01-20 16:15:00,162.72
2018-01-20 16:30:00,171.84
2018-01-20 16:45:00,170.68
2018-01-20 17:00:00,161.51001
2018-01-20 17:15:00,137.39
2018-01-20 17:30:00,125.26
2018-01-20 17:45:00,117.82001
2018-01-20 18:00:00,108.350006
2018-01-20 18:15:00,100.47
2018-01-20 18:30:00,100.990005
2018-01-20 18:45:00,94.4
2018-01-20 19:00:00,100.58
2018-01-20 19:15:00,91.94
2018-01-20 19:30:00,114.45
2018-01-20 19:45:00,117.869995
2018-01-20 20:00:00,129.64
2018-01-20 20:15:00,125.0
2018-01-20 20:30:00,118.51
2018-01-20 20:45:00,119.64
2018-01-20 21:00:00,113.79
2018-01-20 21:15:00,122.770004
2018-01-20 21:30:00,117.81
2018-01-20 21:45:00,129.55
2018-01-20 22:00:00,115.56
2018-01-20 22:15:00,118.34
2018-01-20 22:30:00,111.619995
2018-01-20 22:45:00,91.25
2018-01-20 23:00:00,105.619995
2018-01-20 23:15:00,105.850006
2018-01-20 23:30:00,90.229996
2018-01-20 23:45:00,87.35
2018-01-21 00:00:00,110.44
2018-01-21 00:15:00,119.46001
2018-01-21 00:30:00,100.92
2018-01-21 00:45:00,104.619995
2018-01-21 01:00:00,107.630005
2018-01-21 01:15:00,123.49
2018-01-21 01:30:00,130.95999
2018-01-21 01:45:00,165.61
2018-01-21 02:00:00,172.81
2018-01-21 02:15:00,166.35
2018-01-21 02:30:00,167.86
2018-01-21 02:45:00,173.35
2018-01-21 03:00:00,149.83
2018-01-21 03:15:00,143.65
2018-01-21 03:30:00,147.37
2018-01-21 03:45:00,158.96
2018-01-21 04:00:00,174.6
2018-01-21 04:15:00,183.34998
2018-01-21 04:30:00,185.64
2018-01-21 04:45:00,186.95999
2018-01-21 05:00:00,193.31998
2018-01-21 05:15:00,200.72
2018-01-21 05:30:00,208.79001
2018-01-21 05:45:00,216.50998
2018-01-21 06:00:00,217.54001
2018-01-21 06:15:00,218.19998
2018-01-21 06:30:00,222.16
2018-01-21 06:45:00,217.15997
2018-01-21 07:00:00,214.91
2018-01-21 07:15:00,220.84
2018-01-21 07:30:00,221.92001
2018-01-21 07:45:00,224.41
2018-01-21 08:00:00,215.35
2018-01-21 08:15:00,208.28
2018-01-21 08:30:00,218.75998
2018-01-21 08:45:00,222.94998
2018-01-21 09:00:00,225.90997
2018-01-21 09:15:00,225.54
2018-01-21 09:30:00,218.75998
2018-01-21 09:45:00,223.73999
2018-01-21 10:00:00,114.08
2018-01-21 10:15:00,155.6
2018-01-21 10:30:00,223.51999
2018-01-21 10:45:00,219.98001
2018-01-21 11:00:00,213.56
2018-01-21 11:15:00,204.04001
2018-01-21 11:30:00,207.68
2018-01-21 11:45:00,161.61
2018-01-21 12:00:00,222.13
2018-01-21 12:15:00,222.55
2018-01-21 12:30:00,222.63
2018-01-21 12:45:00,220.49998
2018-01-21 13:00:00,219.70999
2018-01-21 13:15:00,220.85
2018-01-21 13:30:00,221.04999
2018-01-21 13:45:00,218.18
2018-01-21 14:00:00,221.45
2018-01-21 14:15:00,218.34
2018-01-21 14:30:00,215.11
2018-01-21 14:45:00,213.72
2018-01-21 15:00:00,210.40997
2018-01-21 15:15:00,204.31998
2018-01-21 15:30:00,196.4
2018-01-21 15:45:00,177.66
2018-01-21 16:00:00,147.02
2018-01-21 16:15:00,119.600006
2018-01-21 16:30:00,93.8
2018-01-21 16:45:00,90.01
2018-01-21 17:00:00,74.15
2018-01-21 17:15:00,85.869995
2018-01-21 17:30:00,84.15
2018-01-21 17:45:00,95.17999
2018-01-21 18:00:00,83.619995
2018-01-21 18:15:00,105.899994
2018-01-21 18:30:00,121.0
2018-01-21 18:45:00,162.57
2018-01-21 19:00:00,195.34
2018-01-21 19:15:00,207.09
2018-01-21 19:30:00,216.44998
2018-01-21 19:45:00,219.49998
2018-01-21 20:00:00,219.94
2018-01-21 20:15:00,215.13
2018-01-21 20:30:00,218.92
2018-01-21 20:45:00,220.76999
2018-01-21 21:00:00,220.83
2018-01-21 21:15:00,222.03
2018-01-21 21:30:00,223.01999
2018-01-21 21:45:00,220.79999
2018-01-21 22:00:00,219.48001
2018-01-21 22:15:00,215.23001
2018-01-21 22:30:00,214.53998
2018-01-21 22:45:00,217.04999
2018-01-21 23:00:00,210.20999
2018-01-21 23:15:00,197.98999
2018-01-21 23:30:00,191.06
2018-01-21 23:45:00,182.57
2018-01-22 00:00:00,149.02
2018-01-22 00:15:00,124.14
2018-01-22 00:30:00,105.56
2018-01-22 00:45:00,79.369995
2018-01-22 01:00:00,101.36
2018-01-22 01:15:00,128.95001
2018-01-22 01:30:00,177.65
2018-01-22 01:45:00,116.33
2018-01-22 02:00:00,92.68
2018-01-22 02:15:00,105.72
2018-01-22 02:30:00,100.32
2018-01-22 02:45:00,103.619995
2018-01-22 03:00:00,102.95
2018-01-22 03:15:00,119.34
2018-01-22 03:30:00,119.15
2018-01-22 03:45:00,113.1
2018-01-22 04:00:00,109.67999
2018-01-22 04:15:00,96.89
2018-01-22 04:30:00,128.95
2018-01-22 04:45:00,128.59
2018-01-22 05:00:00,135.29001
2018-01-22 05:15:00,153.81
2018-01-22 05:30:00,145.19
2018-01-22 05:45:00,153.82
2018-01-22 06:00:00,167.54999
2018-01-22 06:15:00,178.76
2018-01-22 06:30:00,150.23
2018-01-22 06:45:00,136.6
2018-01-22 07:00:00,125.6
2018-01-22 07:15:00,123.13
2018-01-22 07:30:00,116.69
2018-01-22 07:45:00,125.619995
2018-01-22 08:00:00,130.63
2018-01-22 08:15:00,132.54001
2018-01-22 08:30:00,106.26
2018-01-22 08:45:00,81.1
2018-01-22 09:00:00,79.71
2018-01-22 09:15:00,92.72
2018-01-22 09:30:00,91.45
2018-01-22 09:45:00,101.32
2018-01-22 10:00:00,138.73999
2018-01-22 10:15:00,138.56
2018-01-22 10:30:00,134.9
2018-01-22 10:45:00,140.68
2018-01-22 11:00:00,138.25
2018-01-22 11:15:00,138.53
2018-01-22 11:30:00,122.340004
2018-01-22 11:45:00,114.42
2018-01-22 12:00:00,105.31
2018-01-22 12:15:00,95.85
2018-01-22 12:30:00,107.87
2018-01-22 12:45:00,69.27
2018-01-22 13:00:00,66.31
2018-01-22 13:15:00,69.95
2018-01-22 13:30:00,56.62
2018-01-22 13:45:00,65.64
2018-01-22 14:00:00,77.369995
2018-01-22 14:15:00,84.259995
2018-01-22 14:30:00,87.88
2018-01-22 14:45:00,86.509995
2018-01-22 15:00:00,76.5
2018-01-22 15:15:00,78.1
2018-01-22 15:30:00,85.270004
2018-01-22 15:45:00,86.729996
2018-01-22 16:00:00,78.22
2018-01-22 16:15:00,87.41
2018-01-22 16:30:00,77.100006
2018-01-22 16:45:00,77.86
2018-01-22 17:00:00,95.56
2018-01-22 17:15:00,105.75
2018-01-22 17:30:00,129.9
2018-01-22 17:45:00,105.41
2018-01-22 18:00:00,103.0
2018-01-22 18:15:00,108.240005
2018-01-22 18:30:00,100.84
2018-01-22 18:45:00,97.119995
2018-01-22 19:00:00,107.04
2018-01-22 19:15:00,127.94
2018-01-22 19:30:00,134.07
2018-01-22 19:45:00,138.74
2018-01-22 20:00:00,148.9
2018-01-22 20:15:00,159.42001
2018-01-22 20:30:00,143.61
2018-01-22 20:45:00,143.6
2018-01-22 21:00:00,125.49
2018-01-22 21:15:00,119.06
2018-01-22 21:30:00,120.72
2018-01-22 21:45:00,103.520004
2018-01-22 22:00:00,98.630005
2018-01-22 22:15:00,78.020004
2018-01-22 22:30:00,74.2
2018-01-22 22:45:00,75.520004
2018-01-22 23:00:00,82.81
2018-01-22 23:15:00,79.05
2018-01-22 23:30:00,48.29
2018-01-22 23:45:00,32.14
2018-01-23 00:00:00,22.26
2018-01-23 00:15:00,19.68
2018-01-23 00:30:00,18.14
2018-01-23 00:45:00,16.07
2018-01-23 01:00:00,12.940001
2018-01-23 01:15:00,13.73
2018-01-23 01:30:00,16.1
2018-01-23 01:45:00,12.04
2018-01-23 02:00:00,11.96
2018-01-23 02:15:00,15.57
2018-01-23 02:30:00,13.360001
2018-01-23 02:45:00,14.42
2018-01-23 03:00:00,13.68
2018-01-23 03:15:00,12.9
2018-01-23 03:30:00,12.619999
2018-01-23 03:45:00,13.57
2018-01-23 04:00:00,11.12
2018-01-23 04:15:00,13.179999
2018-01-23 04:30:00,8.03
2018-01-23 04:45:00,8.39
2018-01-23 05:00:00,4.65
2018-01-23 05:15:00,0.99
2018-01-23 05:30:00,0.61
2018-01-23 05:45:00,0.24
2018-01-23 06:00:00,0.27
2018-01-23 06:15:00,0.0
2018-01-23 06:30:00,0.0
2018-01-23 06:45:00,0.0
2018-01-23 07:00:00,0.0
2018-01-23 07:15:00,0.0
2018-01-23 07:30:00,0.0
2018-01-23 07:45:00,0.0
2018-01-23 08:00:00,0.0
2018-01-23 08:15:00,0.0
2018-01-23 08:30:00,0.0
2018-01-23 08:45:00,0.0
2018-01-23 09:00:00,0.0
2018-01-23 09:15:00,0.34
2018-01-23 09:30:00,0.74
2018-01-23 09:45:00,7.1499996
2018-01-23 10:00:00,0.35
2018-01-23 10:15:00,0.0
2018-01-23 10:30:00,0.0
2018-01-23 10:45:00,0.0
2018-01-23 11:00:00,7.0
2018-01-23 11:15:00,4.1
2018-01-23 11:30:00,0.67
2018-01-23 11:45:00,0.47
2018-01-23 12:00:00,0.0
2018-01-23 12:15:00,0.0
2018-01-23 12:30:00,0.0
2018-01-23 12:45:00,0.0
2018-01-23 13:00:00,0.0
2018-01-23 13:15:00,0.0
2018-01-23 13:30:00,2.4399998
2018-01-23 13:45:00,1.8800001
2018-01-23 14:00:00,2.2
2018-01-23 14:15:00,4.5299997
2018-01-23 14:30:00,6.62
2018-01-23 14:45:00,7.99
2018-01-23 15:00:00,4.6
2018-01-23 15:15:00,2.0900002
2018-01-23 15:30:00,0.75
2018-01-23 15:45:00,10.4800005
2018-01-23 16:00:00,0.26
2018-01-23 16:15:00,7.86
2018-01-23 16:30:00,0.0
2018-01-23 16:45:00,0.0
2018-01-23 17:00:00,0.0
2018-01-23 17:15:00,0.0
2018-01-23 17:30:00,0.0
2018-01-23 17:45:00,0.0
2018-01-23 18:00:00,0.0
2018-01-23 18:15:00,0.0
2018-01-23 18:30:00,0.0
2018-01-23 18:45:00,0.0
2018-01-23 19:00:00,0.0
2018-01-23 19:15:00,0.0
2018-01-23 19:30:00,0.0
2018-01-23 19:45:00,0.0
2018-01-23 20:00:00,0.0
2018-01-23 20:15:00,0.0
2018-01-23 20:30:00,0.0
2018-01-23 20:45:00,0.0
2018-01-23 21:00:00,0.0
2018-01-23 21:15:00,0.35
2018-01-23 21:30:00,0.34
2018-01-23 21:45:00,1.32
2018-01-23 22:00:00,7.25
2018-01-23 22:15:00,5.96
2018-01-23 22:30:00,6.01
2018-01-23 22:45:00,5.9
2018-01-23 23:00:00,5.61
2018-01-23 23:15:00,5.05
2018-01-23 23:30:00,8.97
2018-01-23 23:45:00,8.33
2018-01-24 00:00:00,13.119999
2018-01-24 00:15:00,19.01
2018-01-24 00:30:00,19.61
2018-01-24 00:45:00,20.29
2018-01-24 01:00:00,22.08
2018-01-24 01:15:00,22.19
2018-01-24 01:30:00,26.99
2018-01-24 01:45:00,32.01
2018-01-24 02:00:00,31.369999
2018-01-24 02:15:00,28.43
2018-01-24 02:30:00,27.01
2018-01-24 02:45:00,23.49
2018-01-24 03:00:00,32.02
2018-01-24 03:15:00,33.45
2018-01-24 03:30:00,32.78
2018-01-24 03:45:00,28.01
2018-01-24 04:00:00,22.880001
2018-01-24 04:15:00,16.77
2018-01-24 04:30:00,15.42
2018-01-24 04:45:00,19.51
2018-01-24 05:00:00,19.07
2018-01-24 05:15:00,16.51
2018-01-24 05:30:00,18.67
2018-01-24 05:45:00,28.94
2018-01-24 06:00:00,27.94
2018-01-24 06:15:00,16.67
2018-01-24 06:30:00,12.6
2018-01-24 06:45:00,8.45
2018-01-24 07:00:00,8.01
2018-01-24 07:15:00,9.99
2018-01-24 07:30:00,10.83
2018-01-24 07:45:00,9.809999
2018-01-24 08:00:00,8.58
2018-01-24 08:15:00,5.2799997
2018-01-24 08:30:00,4.5
2018-01-24 08:45:00,5.87
2018-01-24 09:00:00,7.73
2018-01-24 09:15:00,9.43
2018-01-24 09:30:00,6.33
2018-01-24 09:45:00,6.16
2018-01-24 10:00:00,13.74
2018-01-24 10:15:00,3.1
2018-01-24 10:30:00,5.87
2018-01-24 10:45:00,4.73
2018-01-24 11:00:00,2.5600002
2018-01-24 11:15:00,3.4199998
2018-01-24 11:30:00,2.5500002
2018-01-24 11:45:00,1.8599999
2018-01-24 12:00:00,1.37
2018-01-24 12:15:00,0.89
2018-01-24 12:30:00,0.57
2018-01-24 12:45:00,0.66999996
2018-01-24 13:00:00,1.48
2018-01-24 13:15:00,1.39
2018-01-24 13:30:00,1.62
2018-01-24 13:45:00,8.75
2018-01-24 14:00:00,0.39
2018-01-24 14:15:00,0.33
2018-01-24 14:30:00,0.13
2018-01-24 14:45:00,0.26999998
2018-01-24 15:00:00,1.62
2018-01-24 15:15:00,1.9499999
2018-01-24 15:30:00,0.87
2018-01-24 15:45:00,2.1399999
2018-01-24 16:00:00,2.8899999
2018-01-24 16:15:00,6.12
2018-01-24 16:30:00,19.470001
2018-01-24 16:45:00,25.53
2018-01-24 17:00:00,22.84
2018-01-24 17:15:00,22.08
2018-01-24 17:30:00,27.72
2018-01-24 17:45:00,28.970001
2018-01-24 18:00:00,25.14
2018-01-24 18:15:00,24.23
2018-01-24 18:30:00,25.05
2018-01-24 18:45:00,26.85
2018-01-24 19:00:00,27.619999
2018-01-24 19:15:00,24.7
2018-01-24 19:30:00,19.95
2018-01-24 19:45:00,17.08
2018-01-24 20:00:00,10.97
2018-01-24 20:15:00,5.77
2018-01-24 20:30:00,2.5
2018-01-24 20:45:00,1.8199999
2018-01-24 21:00:00,1.08
2018-01-24 21:15:00,5.09
2018-01-24 21:30:00,11.62
2018-01-24 21:45:00,19.98
2018-01-24 22:00:00,24.220001
2018-01-24 22:15:00,27.35
2018-01-24 22:30:00,30.82
2018-01-24 22:45:00,32.28
2018-01-24 23:00:00,37.75
2018-01-24 23:15:00,33.75
2018-01-24 23:30:00,29.29
2018-01-24 23:45:00,26.130001
2018-01-25 00:00:00,25.27
2018-01-25 00:15:00,27.42
2018-01-25 00:30:00,23.97
2018-01-25 00:45:00,16.92
2018-01-25 01:00:00,11.8
2018-01-25 01:15:00,9.110001
2018-01-25 01:30:00,9.92
2018-01-25 01:45:00,13.17
2018-01-25 02:00:00,19.33
2018-01-25 02:15:00,21.08
2018-01-25 02:30:00,33.379997
2018-01-25 02:45:00,45.809998
2018-01-25 03:00:00,49.58
2018-01-25 03:15:00,58.73
2018-01-25 03:30:00,58.440002
2018-01-25 03:45:00,60.02
2018-01-25 04:00:00,70.33
2018-01-25 04:15:00,82.18
2018-01-25 04:30:00,97.64
2018-01-25 04:45:00,113.130005
2018-01-25 05:00:00,126.28
2018-01-25 05:15:00,135.32
2018-01-25 05:30:00,140.87
2018-01-25 05:45:00,136.31
2018-01-25 06:00:00,134.03
2018-01-25 06:15:00,129.1
2018-01-25 06:30:00,98.79
2018-01-25 06:45:00,100.33
2018-01-25 07:00:00,114.39
2018-01-25 07:15:00,130.88
2018-01-25 07:30:00,140.42
2018-01-25 07:45:00,150.0
2018-01-25 08:00:00,157.19
2018-01-25 08:15:00,126.48
2018-01-25 08:30:00,83.18
2018-01-25 08:45:00,59.86
2018-01-25 09:00:00,45.76
2018-01-25 09:15:00,37.760002
2018-01-25 09:30:00,46.84
2018-01-25 09:45:00,63.940002
2018-01-25 10:00:00,66.130005
2018-01-25 10:15:00,71.95
2018-01-25 10:30:00,81.58
2018-01-25 10:45:00,100.45
2018-01-25 11:00:00,98.08
2018-01-25 11:15:00,94.68
2018-01-25 11:30:00,108.43
2018-01-25 11:45:00,117.2
2018-01-25 12:00:00,119.369995
2018-01-25 12:15:00,114.4
2018-01-25 12:30:00,106.35
2018-01-25 12:45:00,106.47
2018-01-25 13:00:00,87.880005
2018-01-25 13:15:00,86.9
2018-01-25 13:30:00,99.62
2018-01-25 13:45:00,109.11
2018-01-25 14:00:00,112.85
2018-01-25 14:15:00,91.56
2018-01-25 14:30:00,89.72
2018-01-25 14:45:00,78.92
2018-01-25 15:00:00,72.87
2018-01-25 15:15:00,92.55
2018-01-25 15:30:00,148.67
2018-01-25 15:45:00,157.45
2018-01-25 16:00:00,152.2
2018-01-25 16:15:00,181.97
2018-01-25 16:30:00,175.25998
2018-01-25 16:45:00,174.74998
2018-01-25 17:00:00,179.6
2018-01-25 17:15:00,181.36
2018-01-25 17:30:00,191.57
2018-01-25 17:45:00,199.94998
2018-01-25 18:00:00,199.41
2018-01-25 18:15:00,204.18999
2018-01-25 18:30:00,205.16998
2018-01-25 18:45:00,210.0
2018-01-25 19:00:00,207.89
2018-01-25 19:15:00,190.66
2018-01-25 19:30:00,203.81998
2018-01-25 19:45:00,205.73999
2018-01-25 20:00:00,211.50998
2018-01-25 20:15:00,199.45
2018-01-25 20:30:00,208.81
2018-01-25 20:45:00,189.06
2018-01-25 21:00:00,183.59
2018-01-25 21:15:00,186.33
2018-01-25 21:30:00,197.43
2018-01-25 21:45:00,201.29999
2018-01-25 22:00:00,184.25
2018-01-25 22:15:00,153.68
2018-01-25 22:30:00,99.64
2018-01-25 22:45:00,86.24
2018-01-25 23:00:00,108.05
2018-01-25 23:15:00,111.729996
2018-01-25 23:30:00,111.979996
2018-01-25 23:45:00,95.7
2018-01-26 00:00:00,124.25
2018-01-26 00:15:00,153.85
2018-01-26 00:30:00,164.59
2018-01-26 00:45:00,129.94998
2018-01-26 01:00:00,139.44998
2018-01-26 01:15:00,180.37999
2018-01-26 01:30:00,210.07
2018-01-26 01:45:00,216.84998
2018-01-26 02:00:00,220.61
2018-01-26 02:15:00,225.96999
2018-01-26 02:30:00,225.74998
2018-01-26 02:45:00,224.13
2018-01-26 03:00:00,222.7
2018-01-26 03:15:00,224.82
2018-01-26 03:30:00,224.32
2018-01-26 03:45:00,225.59
2018-01-26 04:00:00,225.71999
2018-01-26 04:15:00,225.48999
2018-01-26 04:30:00,225.23999
2018-01-26 04:45:00,225.79001
2018-01-26 05:00:00,225.59
2018-01-26 05:15:00,225.61
2018-01-26 05:30:00,225.27998
2018-01-26 05:45:00,225.4
2018-01-26 06:00:00,225.07
2018-01-26 06:15:00,224.22
2018-01-26 06:30:00,223.95999
2018-01-26 06:45:00,221.19
2018-01-26 07:00:00,218.45999
2018-01-26 07:15:00,214.63
2018-01-26 07:30:00,216.18
2018-01-26 07:45:00,215.87
2018-01-26 08:00:00,212.51
2018-01-26 08:15:00,213.01997
2018-01-26 08:30:00,213.73999
2018-01-26 08:45:00,214.47
2018-01-26 09:00:00,201.04001
2018-01-26 09:15:00,205.55
2018-01-26 09:30:00,213.48
2018-01-26 09:45:00,207.09
2018-01-26 10:00:00,207.23999
2018-01-26 10:15:00,198.48001
2018-01-26 10:30:00,188.58997
2018-01-26 10:45:00,174.16998
2018-01-26 11:00:00,184.9
2018-01-26 11:15:00,199.42
2018-01-26 11:30:00,204.03
2018-01-26 11:45:00,211.0
2018-01-26 12:00:00,208.28
2018-01-26 12:15:00,208.43
2018-01-26 12:30:00,217.32
2018-01-26 12:45:00,212.43
2018-01-26 13:00:00,214.89
2018-01-26 13:15:00,219.69998
2018-01-26 13:30:00,219.38
2018-01-26 13:45:00,222.82
2018-01-26 14:00:00,216.54001
2018-01-26 14:15:00,209.41
2018-01-26 14:30:00,199.12
2018-01-26 14:45:00,184.38
2018-01-26 15:00:00,169.17
2018-01-26 15:15:00,157.4
2018-01-26 15:30:00,176.05
2018-01-26 15:45:00,191.38
2018-01-26 16:00:00,209.78
2018-01-26 16:15:00,209.01999
2018-01-26 16:30:00,203.48001
2018-01-26 16:45:00,212.23001
2018-01-26 17:00:00,219.15
2018-01-26 17:15:00,221.84
2018-01-26 17:30:00,221.98001
2018-01-26 17:45:00,220.14
2018-01-26 18:00:00,223.95999
2018-01-26 18:15:00,227.42
2018-01-26 18:30:00,225.42
2018-01-26 18:45:00,216.62999
2018-01-26 19:00:00,208.21999
2018-01-26 19:15:00,192.9
2018-01-26 19:30:00,175.48999
2018-01-26 19:45:00,173.34
2018-01-26 20:00:00,163.73999
2018-01-26 20:15:00,157.98001
2018-01-26 20:30:00,160.31998
2018-01-26 20:45:00,158.38
2018-01-26 21:00:00,152.13
2018-01-26 21:15:00,169.29001
2018-01-26 21:30:00,174.10999
2018-01-26 21:45:00,144.09
2018-01-26 22:00:00,148.79999
2018-01-26 22:15:00,155.93
2018-01-26 22:30:00,168.54001
2018-01-26 22:45:00,167.63998
2018-01-26 23:00:00,136.35
2018-01-26 23:15:00,120.96
2018-01-26 23:30:00,143.15
2018-01-26 23:45:00,122.59
2018-01-27 00:00:00,103.67
2018-01-27 00:15:00,106.61
2018-01-27 00:30:00,126.83
2018-01-27 00:45:00,146.16
2018-01-27 01:00:00,111.02
2018-01-27 01:15:00,96.3
2018-01-27 01:30:00,104.53
2018-01-27 01:45:00,112.67
2018-01-27 02:00:00,122.31
2018-01-27 02:15:00,125.33
2018-01-27 02:30:00,127.86
2018-01-27 02:45:00,119.62
2018-01-27 03:00:00,110.009995
2018-01-27 03:15:00,103.630005
2018-01-27 03:30:00,111.04
2018-01-27 03:45:00,131.3
2018-01-27 04:00:00,131.72
2018-01-27 04:15:00,153.91
2018-01-27 04:30:00,154.69
2018-01-27 04:45:00,139.85
2018-01-27 05:00:00,124.619995
2018-01-27 05:15:00,129.18
2018-01-27 05:30:00,136.86
2018-01-27 05:45:00,136.72
2018-01-27 06:00:00,122.979996
2018-01-27 06:15:00,116.17
2018-01-27 06:30:00,96.71
2018-01-27 06:45:00,93.56
2018-01-27 07:00:00,121.0
2018-01-27 07:15:00,115.66
2018-01-27 07:30:00,85.85
2018-01-27 07:45:00,58.72
2018-01-27 08:00:00,48.79
2018-01-27 08:15:00,45.7
2018-01-27 08:30:00,41.43
2018-01-27 08:45:00,50.32
2018-01-27 09:00:00,51.03
2018-01-27 09:15:00,63.2
2018-01-27 09:30:00,90.46
2018-01-27 09:45:00,72.32
2018-01-27 10:00:00,69.2
2018-01-27 10:15:00,49.57
2018-01-27 10:30:00,49.7
2018-01-27 10:45:00,52.56
2018-01-27 11:00:00,56.4
2018-01-27 11:15:00,59.88
2018-01-27 11:30:00,49.809998
2018-01-27 11:45:00,40.75
2018-01-27 12:00:00,54.440002
2018-01-27 12:15:00,55.63
2018-01-27 12:30:00,56.9
2018-01-27 12:45:00,69.56
2018-01-27 13:00:00,79.01
2018-01-27 13:15:00,92.41
2018-01-27 13:30:00,114.979996
2018-01-27 13:45:00,105.880005
2018-01-27 14:00:00,103.83
2018-01-27 14:15:00,99.880005
2018-01-27 14:30:00,98.75
2018-01-27 14:45:00,97.31
2018-01-27 15:00:00,100.42
2018-01-27 15:15:00,117.4
2018-01-27 15:30:00,124.07
2018-01-27 15:45:00,127.17
2018-01-27 16:00:00,132.17
2018-01-27 16:15:00,136.87
2018-01-27 16:30:00,142.71
2018-01-27 16:45:00,142.37997
2018-01-27 17:00:00,142.09
2018-01-27 17:15:00,150.91
2018-01-27 17:30:00,151.94
2018-01-27 17:45:00,159.52998
2018-01-27 18:00:00,167.51
2018-01-27 18:15:00,157.98001
2018-01-27 18:30:00,143.2
2018-01-27 18:45:00,136.33
2018-01-27 19:00:00,137.0
2018-01-27 19:15:00,115.729996
2018-01-27 19:30:00,111.78
2018-01-27 19:45:00,95.47
2018-01-27 20:00:00,93.1
2018-01-27 20:15:00,85.89
2018-01-27 20:30:00,87.67
2018-01-27 20:45:00,85.95
2018-01-27 21:00:00,89.44
2018-01-27 21:15:00,88.68
2018-01-27 21:30:00,88.2
2018-01-27 21:45:00,86.71
2018-01-27 22:00:00,84.899994
2018-01-27 22:15:00,82.28
2018-01-27 22:30:00,77.119995
2018-01-27 22:45:00,79.8
2018-01-27 23:00:00,79.87
2018-01-27 23:15:00,78.97
2018-01-27 23:30:00,73.56
2018-01-27 23:45:00,56.87
2018-01-28 00:00:00,48.760002
2018-01-28 00:15:00,39.33
2018-01-28 00:30:00,33.95
2018-01-28 00:45:00,43.55
2018-01-28 01:00:00,53.08
2018-01-28 01:15:00,59.14
2018-01-28 01:30:00,70.11
2018-01-28 01:45:00,71.67
2018-01-28 02:00:00,61.519997
2018-01-28 02:15:00,57.47
2018-01-28 02:30:00,50.54
2018-01-28 02:45:00,40.32
2018-01-28 03:00:00,31.95
2018-01-28 03:15:00,23.71
2018-01-28 03:30:00,24.490002
2018-01-28 03:45:00,24.18
2018-01-28 04:00:00,19.880001
2018-01-28 04:15:00,19.25
2018-01-28 04:30:00,21.400002
2018-01-28 04:45:00,29.35
2018-01-28 05:00:00,37.1
2018-01-28 05:15:00,43.5
2018-01-28 05:30:00,43.6
2018-01-28 05:45:00,37.65
2018-01-28 06:00:00,32.02
2018-01-28 06:15:00,32.27
2018-01-28 06:30:00,31.61
2018-01-28 06:45:00,28.09
2018-01-28 07:00:00,32.98
2018-01-28 07:15:00,35.52
2018-01-28 07:30:00,27.27
2018-01-28 07:45:00,30.17
2018-01-28 08:00:00,23.14
2018-01-28 08:15:00,24.05
2018-01-28 08:30:00,21.35
2018-01-28 08:45:00,19.58
2018-01-28 09:00:00,23.119999
2018-01-28 09:15:00,20.99
2018-01-28 09:30:00,16.7
2018-01-28 09:45:00,10.940001
2018-01-28 10:00:00,7.3900003
2018-01-28 10:15:00,6.9300003
2018-01-28 10:30:00,5.31
2018-01-28 10:45:00,7.44
2018-01-28 11:00:00,9.33
2018-01-28 11:15:00,5.76
2018-01-28 11:30:00,2.54
2018-01-28 11:45:00,2.71
2018-01-28 12:00:00,6.02
2018-01-28 12:15:00,4.5
2018-01-28 12:30:00,4.67
2018-01-28 12:45:00,5.42
2018-01-28 13:00:00,3.25
2018-01-28 13:15:00,9.030001
2018-01-28 13:30:00,2.02
2018-01-28 13:45:00,12.54
2018-01-28 14:00:00,0.23
2018-01-28 14:15:00,0.0
2018-01-28 14:30:00,0.0
2018-01-28 14:45:00,0.0
2018-01-28 15:00:00,0.0
2018-01-28 15:15:00,0.0
2018-01-28 15:30:00,0.0
2018-01-28 15:45:00,0.0
2018-01-28 16:00:00,0.0
2018-01-28 16:15:00,0.0
2018-01-28 16:30:00,0.0
2018-01-28 16:45:00,0.0
2018-01-28 17:00:00,0.0
2018-01-28 17:15:00,0.0
2018-01-28 17:30:00,0.0
2018-01-28 17:45:00,0.0
2018-01-28 18:00:00,0.0
2018-01-28 18:15:00,0.0
2018-01-28 18:30:00,0.0
2018-01-28 18:45:00,0.0
2018-01-28 19:00:00,0.0
2018-01-28 19:15:00,0.0
2018-01-28 19:30:00,0.0
2018-01-28 19:45:00,0.0
2018-01-28 20:00:00,0.0
2018-01-28 20:15:00,0.0
2018-01-28 20:30:00,0.0
2018-01-28 20:45:00,0.0
2018-01-28 21:00:00,0.0
2018-01-28 21:15:00,4.74
2018-01-28 21:30:00,0.0
2018-01-28 21:45:00,10.97
2018-01-28 22:00:00,0.0
2018-01-28 22:15:00,0.0
2018-01-28 22:30:00,0.0
2018-01-28 22:45:00,0.0
2018-01-28 23:00:00,0.0
2018-01-28 23:15:00,0.0
2018-01-28 23:30:00,8.99
2018-01-28 23:45:00,0.63
2018-01-29 00:00:00,1.71
2018-01-29 00:15:00,2.05
2018-01-29 00:30:00,1.4300001
2018-01-29 00:45:00,3.8700001
2018-01-29 01:00:00,23.880001
2018-01-29 01:15:00,22.029999
2018-01-29 01:30:00,20.73
2018-01-29 01:45:00,26.59
2018-01-29 02:00:00,29.54
2018-01-29 02:15:00,40.55
2018-01-29 02:30:00,25.21
2018-01-29 02:45:00,25.77
2018-01-29 03:00:00,29.400002
2018-01-29 03:15:00,20.3
2018-01-29 03:30:00,12.75
2018-01-29 03:45:00,16.52
2018-01-29 04:00:00,23.16
2018-01-29 04:15:00,21.25
2018-01-29 04:30:00,17.85
2018-01-29 04:45:00,12.83
2018-01-29 05:00:00,8.29
2018-01-29 05:15:00,4.0
2018-01-29 05:30:00,4.84
2018-01-29 05:45:00,8.190001
2018-01-29 06:00:00,4.99
2018-01-29 06:15:00,3.7
2018-01-29 06:30:00,1.99
2018-01-29 06:45:00,0.63
2018-01-29 07:00:00,0.0
2018-01-29 07:15:00,0.0
2018-01-29 07:30:00,0.0
2018-01-29 07:45:00,0.0
2018-01-29 08:00:00,0.0
2018-01-29 08:15:00,0.0
2018-01-29 08:30:00,0.0
2018-01-29 08:45:00,0.0
2018-01-29 09:00:00,0.0
2018-01-29 09:15:00,0.0
2018-01-29 09:30:00,136.42
2018-01-29 09:45:00,118.090004
2018-01-29 10:00:00,92.45
2018-01-29 10:15:00,67.67
2018-01-29 10:30:00,67.490005
2018-01-29 10:45:00,61.18
2018-01-29 11:00:00,85.630005
2018-01-29 11:15:00,74.84
2018-01-29 11:30:00,49.92
2018-01-29 11:45:00,53.65
2018-01-29 12:00:00,78.509995
2018-01-29 12:15:00,73.76
2018-01-29 12:30:00,75.880005
2018-01-29 12:45:00,72.83
2018-01-29 13:00:00,71.25
2018-01-29 13:15:00,58.53
2018-01-29 13:30:00,37.85
2018-01-29 13:45:00,43.17
2018-01-29 14:00:00,36.9
2018-01-29 14:15:00,31.529999
2018-01-29 14:30:00,36.629997
2018-01-29 14:45:00,32.9
2018-01-29 15:00:00,32.64
2018-01-29 15:15:00,26.830002
2018-01-29 15:30:00,22.97
2018-01-29 15:45:00,22.55
2018-01-29 16:00:00,20.41
2018-01-29 16:15:00,22.02
2018-01-29 16:30:00,24.310001
2018-01-29 16:45:00,26.529999
2018-01-29 17:00:00,21.59
2018-01-29 17:15:00,29.32
2018-01-29 17:30:00,25.46
2018-01-29 17:45:00,6.09
2018-01-29 18:00:00,0.0
2018-01-29 18:15:00,0.0
2018-01-29 18:30:00,0.0
2018-01-29 18:45:00,0.91999996
2018-01-29 19:00:00,4.6499996
2018-01-29 19:15:00,5.16
2018-01-29 19:30:00,5.42
2018-01-29 19:45:00,1.18
2018-01-29 20:00:00,2.5
2018-01-29 20:15:00,2.07
2018-01-29 20:30:00,1.27
2018-01-29 20:45:00,0.13
2018-01-29 21:00:00,0.0
2018-01-29 21:15:00,0.0
2018-01-29 21:30:00,0.24
2018-01-29 21:45:00,0.0
2018-01-29 22:00:00,0.0
2018-01-29 22:15:00,0.0
2018-01-29 22:30:00,0.0
2018-01-29 22:45:00,0.0
2018-01-29 23:00:00,0.0
2018-01-29 23:15:00,0.0
2018-01-29 23:30:00,0.0
2018-01-29 23:45:00,0.0
2018-01-30 00:00:00,0.0
2018-01-30 00:15:00,0.0
2018-01-30 00:30:00,0.0
2018-01-30 00:45:00,0.0
2018-01-30 01:00:00,0.0
2018-01-30 01:15:00,0.0
2018-01-30 01:30:00,1.5600001
2018-01-30 01:45:00,3.62
2018-01-30 02:00:00,3.08
2018-01-30 02:15:00,4.75
2018-01-30 02:30:00,1.81
2018-01-30 02:45:00,1.95
2018-01-30 03:00:00,9.0
2018-01-30 03:15:00,2.48
2018-01-30 03:30:00,6.08
2018-01-30 03:45:00,8.2699995
2018-01-30 04:00:00,9.41
2018-01-30 04:15:00,7.4700003
2018-01-30 04:30:00,20.29
2018-01-30 04:45:00,27.99
2018-01-30 05:00:00,40.49
2018-01-30 05:15:00,36.16
2018-01-30 05:30:00,44.28
2018-01-30 05:45:00,44.72
2018-01-30 06:00:00,61.02
2018-01-30 06:15:00,81.22
2018-01-30 06:30:00,104.77
2018-01-30 06:45:00,131.78
2018-01-30 07:00:00,122.86
2018-01-30 07:15:00,108.0
2018-01-30 07:30:00,94.23
2018-01-30 07:45:00,112.08
2018-01-30 08:00:00,103.22
2018-01-30 08:15:00,128.26999
2018-01-30 08:30:00,112.59
2018-01-30 08:45:00,113.8
2018-01-30 09:00:00,133.82
2018-01-30 09:15:00,139.32
2018-01-30 09:30:00,153.64
2018-01-30 09:45:00,157.67
2018-01-30 10:00:00,176.01
2018-01-30 10:15:00,193.97
2018-01-30 10:30:00,206.23
2018-01-30 10:45:00,211.35
2018-01-30 11:00:00,211.70999
2018-01-30 11:15:00,217.54997
2018-01-30 11:30:00,214.32
2018-01-30 11:45:00,215.9
2018-01-30 12:00:00,215.31
2018-01-30 12:15:00,202.16
2018-01-30 12:30:00,198.54999
2018-01-30 12:45:00,204.25
2018-01-30 13:00:00,201.25
2018-01-30 13:15:00,210.01
2018-01-30 13:30:00,220.88
2018-01-30 13:45:00,223.06
2018-01-30 14:00:00,224.56
2018-01-30 14:15:00,224.45999
2018-01-30 14:30:00,223.69
2018-01-30 14:45:00,222.71
2018-01-30 15:00:00,216.95999
2018-01-30 15:15:00,215.32999
2018-01-30 15:30:00,213.18999
2018-01-30 15:45:00,214.62
2018-01-30 16:00:00,210.07
2018-01-30 16:15:00,209.04001
2018-01-30 16:30:00,205.01
2018-01-30 16:45:00,198.15
2018-01-30 17:00:00,193.51999
2018-01-30 17:15:00,201.29999
2018-01-30 17:30:00,194.38
2018-01-30 17:45:00,192.33
2018-01-30 18:00:00,189.8
2018-01-30 18:15:00,169.13
2018-01-30 18:30:00,155.98
2018-01-30 18:45:00,151.43
2018-01-30 19:00:00,137.93
2018-01-30 19:15:00,137.34
2018-01-30 19:30:00,150.29999
2018-01-30 19:45:00,156.33
2018-01-30 20:00:00,164.17
2018-01-30 20:15:00,174.33
2018-01-30 20:30:00,175.81
2018-01-30 20:45:00,187.01999
2018-01-30 21:00:00,195.73001
2018-01-30 21:15:00,200.74998
2018-01-30 21:30:00,203.44
2018-01-30 21:45:00,208.9
2018-01-30 22:00:00,202.72
2018-01-30 22:15:00,207.29999
2018-01-30 22:30:00,207.95999
2018-01-30 22:45:00,210.36
2018-01-30 23:00:00,195.19
2018-01-30 23:15:00,179.5
2018-01-30 23:30:00,170.26001
2018-01-30 23:45:00,161.38
2018-01-31 00:00:00,140.95
2018-01-31 00:15:00,170.20999
2018-01-31 00:30:00,199.43
2018-01-31 00:45:00,214.66
2018-01-31 01:00:00,218.75
2018-01-31 01:15:00,219.63
2018-01-31 01:30:00,223.53
2018-01-31 01:45:00,224.15
2018-01-31 02:00:00,223.88
2018-01-31 02:15:00,225.5
2018-01-31 02:30:00,227.19
2018-01-31 02:45:00,225.56
2018-01-31 03:00:00,227.02998
2018-01-31 03:15:00,227.10999
2018-01-31 03:30:00,227.10999
2018-01-31 03:45:00,227.03
2018-01-31 04:00:00,227.26999
2018-01-31 04:15:00,226.91
2018-01-31 04:30:00,227.1
2018-01-31 04:45:00,227.04999
2018-01-31 05:00:00,227.28
2018-01-31 05:15:00,227.28
2018-01-31 05:30:00,227.10999
2018-01-31 05:45:00,227.20001
2018-01-31 06:00:00,227.23999
2018-01-31 06:15:00,227.11
2018-01-31 06:30:00,226.12
2018-01-31 06:45:00,227.1
2018-01-31 07:00:00,226.97
2018-01-31 07:15:00,225.58
2018-01-31 07:30:00,224.91
2018-01-31 07:45:00,224.43
2018-01-31 08:00:00,222.67
2018-01-31 08:15:00,222.45
2018-01-31 08:30:00,224.22998
2018-01-31 08:45:00,224.31
2018-01-31 09:00:00,224.11
2018-01-31 09:15:00,224.15
2018-01-31 09:30:00,223.12
2018-01-31 09:45:00,224.22
2018-01-31 10:00:00,220.11
2018-01-31 10:15:00,222.16
2018-01-31 10:30:00,222.35999
2018-01-31 10:45:00,223.18999
2018-01-31 11:00:00,222.31998
2018-01-31 11:15:00,221.59
2018-01-31 11:30:00,223.32999
2018-01-31 11:45:00,224.35
2018-01-31 12:00:00,223.54999
2018-01-31 12:15:00,226.62
2018-01-31 12:30:00,223.54999
2018-01-31 12:45:00,217.63
2018-01-31 13:00:00,223.95999
2018-01-31 13:15:00,223.57
2018-01-31 13:30:00,225.0
2018-01-31 13:45:00,223.45999
2018-01-31 14:00:00,213.0
2018-01-31 14:15:00,207.94
2018-01-31 14:30:00,212.87997
2018-01-31 14:45:00,210.23999
2018-01-31 15:00:00,208.45001
2018-01-31 15:15:00,207.98999
2018-01-31 15:30:00,200.31
2018-01-31 15:45:00,187.88998
2018-01-31 16:00:00,180.12
2018-01-31 16:15:00,167.20999
2018-01-31 16:30:00,155.48
2018-01-31 16:45:00,166.81
2018-01-31 17:00:00,166.79001
2018-01-31 17:15:00,148.26999
2018-01-31 17:30:00,151.26001
2018-01-31 17:45:00,122.44
2018-01-31 18:00:00,111.71
2018-01-31 18:15:00,149.47
2018-01-31 18:30:00,175.68
2018-01-31 18:45:00,189.11
2018-01-31 19:00:00,184.9
2018-01-31 19:15:00,187.72998
2018-01-31 19:30:00,196.38998
2018-01-31 19:45:00,194.45
2018-01-31 20:00:00,210.13
2018-01-31 20:15:00,218.14
2018-01-31 20:30:00,216.93
2018-01-31 20:45:00,214.62
2018-01-31 21:00:00,198.06
2018-01-31 21:15:00,190.81
2018-01-31 21:30:00,179.97
2018-01-31 21:45:00,149.16
2018-01-31 22:00:00,145.75
2018-01-31 22:15:00,155.54001
2018-01-31 22:30:00,154.02
2018-01-31 22:45:00,144.82
2018-01-31 23:00:00,131.4
2018-01-31 23:15:00,132.69
2018-01-31 23:30:00,117.61
2018-01-31 23:45:00,131.87
2018-02-01 00:00:00,108.17
2018-02-01 00:15:00,110.22
2018-02-01 00:30:00,109.76
2018-02-01 00:45:00,133.56
2018-02-01 01:00:00,159.75
2018-02-01 01:15:00,169.56
2018-02-01 01:30:00,172.75
2018-02-01 01:45:00,186.75
2018-02-01 02:00:00,194.26997
2018-02-01 02:15:00,196.32
2018-02-01 02:30:00,204.48
2018-02-01 02:45:00,203.63
2018-02-01 03:00:00,197.58997
2018-02-01 03:15:00,205.95999
2018-02-01 03:30:00,197.76999
2018-02-01 03:45:00,202.01001
2018-02-01 04:00:00,211.88
2018-02-01 04:15:00,215.07999
2018-02-01 04:30:00,215.72
2018-02-01 04:45:00,217.81998
2018-02-01 05:00:00,220.20999
2018-02-01 05:15:00,220.95
2018-02-01 05:30:00,221.72
2018-02-01 05:45:00,221.95999
2018-02-01 06:01:00,221.76999
2018-02-01 06:15:00,223.47
2018-02-01 06:30:00,223.76001
2018-02-01 06:45:00,222.44
2018-02-01 07:00:00,221.31
2018-02-01 07:15:00,207.77998
2018-02-01 07:30:00,205.37
2018-02-01 07:45:00,188.89
2018-02-01 08:00:00,160.43
2018-02-01 08:15:00,157.5
2018-02-01 08:30:00,154.07999
2018-02-01 08:45:00,137.76999
2018-02-01 09:00:00,148.54001
2018-02-01 09:15:00,165.42
2018-02-01 09:30:00,167.07999
2018-02-01 09:45:00,161.00998
2018-02-01 10:00:00,124.72
2018-02-01 10:15:00,69.32
2018-02-01 10:30:00,39.04
2018-02-01 10:45:00,2.12
2018-02-01 11:00:00,7.31
2018-02-01 11:15:00,15.879999
2018-02-01 11:30:00,32.09
2018-02-01 11:45:00,39.41
2018-02-01 12:00:00,51.37
2018-02-01 12:15:00,55.22
2018-02-01 12:30:00,68.34
2018-02-01 12:45:00,92.350006
2018-02-01 13:00:00,106.11
2018-02-01 13:15:00,122.01
2018-02-01 13:30:00,126.479996
2018-02-01 13:45:00,127.04
2018-02-01 14:00:00,143.59
2018-02-01 14:15:00,143.64
2018-02-01 14:30:00,155.83
2018-02-01 14:45:00,154.15999
2018-02-01 15:00:00,163.41
2018-02-01 15:15:00,199.0
2018-02-01 15:30:00,200.15
2018-02-01 15:45:00,201.21
2018-02-01 16:00:00,195.07
2018-02-01 16:15:00,186.77
2018-02-01 16:30:00,183.91
2018-02-01 16:45:00,179.91
2018-02-01 17:00:00,174.95999
2018-02-01 17:15:00,186.20001
2018-02-01 17:30:00,186.16
2018-02-01 17:45:00,195.13998
2018-02-01 18:00:00,195.06
2018-02-01 18:15:00,195.52
2018-02-01 18:30:00,186.18
2018-02-01 18:45:00,178.91998
2018-02-01 19:00:00,173.78998
2018-02-01 19:15:00,175.05
2018-02-01 19:30:00,173.54001
2018-02-01 19:45:00,164.06998
2018-02-01 20:00:00,164.70999
2018-02-01 20:15:00,172.72
2018-02-01 20:30:00,168.87
2018-02-01 20:45:00,166.04001
2018-02-01 21:00:00,159.9
2018-02-01 21:15:00,157.98999
2018-02-01 21:30:00,171.41
2018-02-01 21:45:00,165.18
2018-02-01 22:00:00,156.81
2018-02-01 22:15:00,147.63
2018-02-01 22:30:00,144.23999
2018-02-01 22:45:00,140.51001
2018-02-01 23:00:00,131.97
2018-02-01 23:15:00,124.42
2018-02-01 23:30:00,112.53
2018-02-01 23:45:00,89.36
2018-02-02 00:00:00,92.33
2018-02-02 00:15:00,118.11
2018-02-02 00:30:00,110.59
2018-02-02 00:45:00,115.0
2018-02-02 01:00:00,110.130005
2018-02-02 01:15:00,107.47
2018-02-02 01:30:00,100.11
2018-02-02 01:45:00,109.82
2018-02-02 02:00:00,114.84
2018-02-02 02:15:00,112.619995
2018-02-02 02:30:00,116.14
2018-02-02 02:45:00,125.53
2018-02-02 03:00:00,113.14
2018-02-02 03:15:00,118.79
2018-02-02 03:30:00,120.12
2018-02-02 03:45:00,108.11
2018-02-02 04:00:00,118.22
2018-02-02 04:15:00,116.09
2018-02-02 04:30:00,114.66
2018-02-02 04:45:00,129.95001
2018-02-02 05:00:00,131.37
2018-02-02 05:15:00,130.61
2018-02-02 05:30:00,150.11
2018-02-02 05:45:00,143.41
2018-02-02 06:00:00,125.35
2018-02-02 06:15:00,96.91
2018-02-02 06:30:00,97.71
2018-02-02 06:45:00,130.3
2018-02-02 07:00:00,123.2
2018-02-02 07:15:00,140.65
2018-02-02 07:30:00,110.46
2018-02-02 07:45:00,94.26
2018-02-02 08:00:00,95.91
2018-02-02 08:15:00,99.86
2018-02-02 08:30:00,110.27
2018-02-02 08:45:00,113.16
2018-02-02 09:00:00,122.27
2018-02-02 09:15:00,128.89
2018-02-02 09:30:00,147.85
2018-02-02 09:45:00,144.76
2018-02-02 10:00:00,125.96
2018-02-02 10:15:00,106.94
2018-02-02 10:30:00,107.66
2018-02-02 10:45:00,91.5
2018-02-02 11:00:00,70.71
2018-02-02 11:15:00,65.68
2018-02-02 11:30:00,59.83
2018-02-02 11:45:00,44.81
2018-02-02 12:00:00,47.019997
2018-02-02 12:15:00,48.18
2018-02-02 12:30:00,43.97
2018-02-02 12:45:00,38.46
2018-02-02 13:00:00,34.65
2018-02-02 13:15:00,27.31
2018-02-02 13:30:00,14.559999
2018-02-02 13:45:00,6.88
2018-02-02 14:00:00,1.03
2018-02-02 14:15:00,0.85
2018-02-02 14:30:00,0.26
2018-02-02 14:45:00,0.63
2018-02-02 15:00:00,1.61
2018-02-02 15:15:00,3.75
2018-02-02 15:30:00,10.54
2018-02-02 15:45:00,9.37
2018-02-02 16:00:00,2.94
2018-02-02 16:15:00,3.54
2018-02-02 16:30:00,6.59
2018-02-02 16:45:00,15.389999
2018-02-02 17:00:00,2.26
2018-02-02 17:15:00,1.06
2018-02-02 17:30:00,1.36
2018-02-02 17:45:00,0.59000003
2018-02-02 18:00:00,1.4499999
2018-02-02 18:15:00,4.5
2018-02-02 18:30:00,8.17
2018-02-02 18:45:00,10.530001
2018-02-02 19:00:00,13.71
2018-02-02 19:15:00,14.83
2018-02-02 19:30:00,17.0
2018-02-02 19:45:00,19.990002
2018-02-02 20:00:00,18.869999
2018-02-02 20:15:00,18.34
2018-02-02 20:30:00,18.4
2018-02-02 20:45:00,21.380001
2018-02-02 21:00:00,21.83
2018-02-02 21:15:00,29.05
2018-02-02 21:30:00,36.04
2018-02-02 21:45:00,44.59
2018-02-02 22:00:00,52.31
2018-02-02 22:15:00,53.21
2018-02-02 22:30:00,61.36
2018-02-02 22:45:00,60.07
2018-02-02 23:00:00,54.510002
2018-02-02 23:15:00,56.85
2018-02-02 23:30:00,44.2
2018-02-02 23:45:00,32.52
2018-02-03 00:00:00,23.82
2018-02-03 00:15:00,29.66
2018-02-03 00:30:00,32.989998
2018-02-03 00:45:00,44.1
2018-02-03 01:00:00,41.059998
2018-02-03 01:15:00,36.4
2018-02-03 01:30:00,31.5
2018-02-03 01:45:00,37.92
2018-02-03 02:00:00,33.17
2018-02-03 02:15:00,39.04
2018-02-03 02:30:00,46.4
2018-02-03 02:45:00,75.81
2018-02-03 03:00:00,87.81
2018-02-03 03:15:00,70.46
2018-02-03 03:30:00,83.259995
2018-02-03 03:45:00,110.0
2018-02-03 04:00:00,130.49
2018-02-03 04:15:00,154.85
2018-02-03 04:30:00,162.93
2018-02-03 04:45:00,182.03
2018-02-03 05:00:00,183.19
2018-02-03 05:15:00,195.75
2018-02-03 05:30:00,188.41
2018-02-03 05:45:00,174.17
2018-02-03 06:00:00,160.82999
2018-02-03 06:15:00,180.82
2018-02-03 06:30:00,194.97998
2018-02-03 06:45:00,202.44998
2018-02-03 07:00:00,205.00998
2018-02-03 07:15:00,210.73
2018-02-03 07:30:00,205.32
2018-02-03 07:45:00,201.95999
2018-02-03 08:00:00,207.70999
2018-02-03 08:15:00,205.13998
2018-02-03 08:30:00,212.95
2018-02-03 08:45:00,214.32999
2018-02-03 09:00:00,215.7
2018-02-03 09:15:00,216.58
2018-02-03 09:30:00,216.82999
2018-02-03 09:45:00,216.93
2018-02-03 10:00:00,216.4
2018-02-03 10:15:00,215.53
2018-02-03 10:30:00,216.28
2018-02-03 10:45:00,214.52998
2018-02-03 11:00:00,213.88
2018-02-03 11:15:00,213.51999
2018-02-03 11:30:00,214.13
2018-02-03 11:45:00,215.31
2018-02-03 12:00:00,214.98999
2018-02-03 12:15:00,214.64
2018-02-03 12:30:00,216.81998
2018-02-03 12:45:00,215.29999
2018-02-03 13:00:00,214.76001
2018-02-03 13:15:00,214.25998
2018-02-03 13:30:00,214.83
2018-02-03 13:45:00,213.88
2018-02-03 14:00:00,215.16998
2018-02-03 14:15:00,213.68
2018-02-03 14:30:00,214.23999
2018-02-03 14:45:00,215.22
2018-02-03 15:00:00,214.06998
2018-02-03 15:15:00,215.27998
2018-02-03 15:30:00,214.12
2018-02-03 15:45:00,212.20999
2018-02-03 16:00:00,210.68
2018-02-03 16:15:00,209.47
2018-02-03 16:30:00,211.82999
2018-02-03 16:45:00,212.28
2018-02-03 17:00:00,210.32
2018-02-03 17:15:00,208.01001
2018-02-03 17:30:00,210.03998
2018-02-03 17:45:00,210.28
2018-02-03 18:00:00,201.43
2018-02-03 18:15:00,182.35
2018-02-03 18:30:00,163.07999
2018-02-03 18:45:00,154.65
2018-02-03 19:00:00,164.34
2018-02-03 19:15:00,165.18
2018-02-03 19:30:00,144.15
2018-02-03 19:45:00,153.01999
2018-02-03 20:00:00,162.44
2018-02-03 20:15:00,135.97
2018-02-03 20:30:00,131.18
2018-02-03 20:45:00,122.53
2018-02-03 21:00:00,128.79
2018-02-03 21:15:00,131.48001
2018-02-03 21:30:00,137.14
2018-02-03 21:45:00,146.54999
2018-02-03 22:00:00,135.76001
2018-02-03 22:15:00,122.28
2018-02-03 22:30:00,128.82
2018-02-03 22:45:00,126.24
2018-02-03 23:00:00,108.25
2018-02-03 23:15:00,98.81
2018-02-03 23:30:00,76.380005
2018-02-03 23:45:00,63.519997
2018-02-04 00:00:00,62.879997
2018-02-04 00:15:00,66.68
2018-02-04 00:30:00,102.2
2018-02-04 00:45:00,83.11
2018-02-04 01:00:00,74.17
2018-02-04 01:15:00,59.04
2018-02-04 01:30:00,52.32
2018-02-04 01:45:00,52.59
2018-02-04 02:00:00,89.09
2018-02-04 02:15:00,104.8
2018-02-04 02:30:00,111.99
2018-02-04 02:45:00,108.34
2018-02-04 03:00:00,91.46
2018-02-04 03:15:00,77.47
2018-02-04 03:30:00,59.92
2018-02-04 03:45:00,60.28
2018-02-04 04:00:00,42.97
2018-02-04 04:15:00,27.66
2018-02-04 04:30:00,10.559999
2018-02-04 04:45:00,14.82
2018-02-04 05:00:00,21.48
2018-02-04 05:15:00,10.12
2018-02-04 05:30:00,0.41
2018-02-04 05:45:00,0.0
2018-02-04 06:00:00,0.0
2018-02-04 06:15:00,0.0
2018-02-04 06:30:00,0.0
2018-02-04 06:45:00,0.0
2018-02-04 07:00:00,5.44
2018-02-04 07:15:00,17.5
2018-02-04 07:30:00,11.610001
2018-02-04 07:45:00,12.849999
2018-02-04 08:00:00,51.050003
2018-02-04 08:15:00,41.93
2018-02-04 08:30:00,25.01
2018-02-04 08:45:00,17.69
2018-02-04 09:00:00,8.04
2018-02-04 09:15:00,7.42
2018-02-04 09:30:00,14.610001
2018-02-04 09:45:00,72.909996
2018-02-04 10:00:00,67.86
2018-02-04 10:15:00,39.61
2018-02-04 10:30:00,39.949997
2018-02-04 10:45:00,46.26
2018-02-04 11:00:00,46.39
2018-02-04 11:15:00,33.55
2018-02-04 11:30:00,40.93
2018-02-04 11:45:00,48.760002
2018-02-04 12:00:00,54.96
2018-02-04 12:15:00,60.31
2018-02-04 12:30:00,52.07
2018-02-04 12:45:00,56.9
2018-02-04 13:00:00,54.5
2018-02-04 13:15:00,48.28
2018-02-04 13:30:00,48.53
2018-02-04 13:45:00,38.16
2018-02-04 14:00:00,46.74
2018-02-04 14:15:00,53.74
2018-02-04 14:30:00,57.78
2018-02-04 14:45:00,42.15
2018-02-04 15:00:00,24.59
2018-02-04 15:15:00,23.82
2018-02-04 15:30:00,29.71
2018-02-04 15:45:00,40.0
2018-02-04 16:00:00,41.28
2018-02-04 16:15:00,40.949997
2018-02-04 16:30:00,40.65
2018-02-04 16:45:00,37.34
2018-02-04 17:00:00,45.81
2018-02-04 17:15:00,47.33
2018-02-04 17:30:00,37.31
2018-02-04 17:45:00,38.989998
2018-02-04 18:00:00,28.64
2018-02-04 18:15:00,16.75
2018-02-04 18:30:00,23.05
2018-02-04 18:45:00,32.99
2018-02-04 19:00:00,24.27
2018-02-04 19:15:00,18.59
2018-02-04 19:30:00,21.51
2018-02-04 19:45:00,23.71
2018-02-04 20:00:00,27.57
2018-02-04 20:15:00,42.58
2018-02-04 20:30:00,52.800003
2018-02-04 20:45:00,71.979996
2018-02-04 21:00:00,83.85
2018-02-04 21:15:00,119.7
2018-02-04 21:30:00,114.83
2018-02-04 21:45:00,125.729996
2018-02-04 22:00:00,140.73999
2018-02-04 22:15:00,169.69
2018-02-04 22:30:00,216.23999
2018-02-04 22:45:00,221.0
2018-02-04 23:00:00,221.62
2018-02-04 23:15:00,220.47
2018-02-04 23:30:00,217.88
2018-02-04 23:45:00,215.35
2018-02-05 00:00:00,212.07999
2018-02-05 00:15:00,212.0
2018-02-05 00:30:00,217.27998
2018-02-05 00:45:00,211.83
2018-02-05 01:00:00,211.38
2018-02-05 01:15:00,196.32
2018-02-05 01:30:00,203.92
2018-02-05 01:45:00,186.91
2018-02-05 02:00:00,198.79999
2018-02-05 02:15:00,193.02
2018-02-05 02:30:00,179.95
2018-02-05 02:45:00,165.88
2018-02-05 03:00:00,182.36
2018-02-05 03:15:00,176.62999
2018-02-05 03:30:00,157.84
2018-02-05 03:45:00,163.4
2018-02-05 04:00:00,179.14
2018-02-05 04:15:00,187.70999
2018-02-05 04:30:00,184.93
2018-02-05 04:45:00,181.25
2018-02-05 05:00:00,165.29
2018-02-05 05:15:00,145.03998
2018-02-05 05:30:00,142.44
2018-02-05 05:45:00,113.83
2018-02-05 06:00:00,93.92
2018-02-05 06:15:00,94.21001
2018-02-05 06:30:00,83.17
2018-02-05 06:45:00,66.2
2018-02-05 07:00:00,67.07001
2018-02-05 07:15:00,43.6
2018-02-05 07:30:00,38.4
2018-02-05 07:45:00,29.83
2018-02-05 08:00:00,20.599998
2018-02-05 08:15:00,19.96
2018-02-05 08:30:00,13.46
2018-02-05 08:45:00,10.3
2018-02-05 09:00:00,5.45
2018-02-05 09:15:00,7.45
2018-02-05 09:30:00,2.56
2018-02-05 09:45:00,4.75
2018-02-05 10:00:00,1.79
2018-02-05 10:15:00,8.49
2018-02-05 10:30:00,0.72
2018-02-05 10:45:00,0.0
2018-02-05 11:00:00,0.0
2018-02-05 11:15:00,0.0
2018-02-05 11:30:00,0.0
2018-02-05 11:45:00,0.0
2018-02-05 12:00:00,0.0
2018-02-05 12:15:00,0.0
2018-02-05 12:30:00,0.0
2018-02-05 12:45:00,0.0
2018-02-05 13:00:00,0.0
2018-02-05 13:15:00,0.0
2018-02-05 13:30:00,0.0
2018-02-05 13:45:00,0.0
2018-02-05 14:00:00,0.0
2018-02-05 14:15:00,0.0
2018-02-05 14:30:00,0.0
2018-02-05 14:45:00,0.42000002
2018-02-05 15:00:00,9.379999
2018-02-05 15:15:00,65.46
2018-02-05 15:30:00,57.449997
2018-02-05 15:45:00,63.5
2018-02-05 16:00:00,68.130005
2018-02-05 16:15:00,46.43
2018-02-05 16:30:00,44.489998
2018-02-05 16:45:00,60.79
2018-02-05 17:00:00,58.010002
2018-02-05 17:15:00,61.97
2018-02-05 17:30:00,85.130005
2018-02-05 17:45:00,78.14
2018-02-05 18:00:00,99.03
2018-02-05 18:15:00,75.99
2018-02-05 18:30:00,62.05
2018-02-05 18:45:00,77.369995
2018-02-05 19:00:00,135.73
2018-02-05 19:15:00,154.1
2018-02-05 19:30:00,150.69
2018-02-05 19:45:00,126.89
2018-02-05 20:00:00,129.61
2018-02-05 20:15:00,137.25
2018-02-05 20:30:00,148.8
2018-02-05 20:45:00,152.42
2018-02-05 21:00:00,149.33
2018-02-05 21:15:00,112.0
2018-02-05 21:30:00,101.99
2018-02-05 21:45:00,79.2
2018-02-05 22:00:00,102.33
2018-02-05 22:15:00,97.12
2018-02-05 22:30:00,85.95
2018-02-05 22:45:00,74.29
2018-02-05 23:00:00,86.05
2018-02-05 23:15:00,80.9
2018-02-05 23:30:00,65.69
2018-02-05 23:45:00,59.269997
2018-02-06 00:00:00,55.94
2018-02-06 00:15:00,50.84
2018-02-06 00:30:00,56.14
2018-02-06 00:45:00,59.13
2018-02-06 01:00:00,70.05
2018-02-06 01:15:00,75.2
2018-02-06 01:30:00,40.71
2018-02-06 01:45:00,4.4700003
2018-02-06 02:00:00,2.65
2018-02-06 02:15:00,5.3599997
2018-02-06 02:30:00,6.08
2018-02-06 02:45:00,8.77
2018-02-06 03:00:00,19.93
2018-02-06 03:15:00,29.02
2018-02-06 03:30:00,34.95
2018-02-06 03:45:00,30.7
2018-02-06 04:00:00,26.9
2018-02-06 04:15:00,15.24
2018-02-06 04:30:00,11.74
2018-02-06 04:45:00,9.379999
2018-02-06 05:00:00,15.33
2018-02-06 05:15:00,17.720001
2018-02-06 05:30:00,17.630001
2018-02-06 05:45:00,12.73
2018-02-06 06:00:00,6.08
2018-02-06 06:15:00,0.38
2018-02-06 06:30:00,1.13
2018-02-06 06:45:00,3.98
2018-02-06 07:00:00,8.02
2018-02-06 07:15:00,24.41
2018-02-06 07:30:00,18.46
2018-02-06 07:45:00,26.65
2018-02-06 08:00:00,17.71
2018-02-06 08:15:00,21.03
2018-02-06 08:30:00,34.64
2018-02-06 08:45:00,40.94
2018-02-06 09:00:00,47.83
2018-02-06 09:15:00,60.92
2018-02-06 09:30:00,59.1
2018-02-06 09:45:00,73.41
2018-02-06 10:00:00,76.36
2018-02-06 10:15:00,102.45
2018-02-06 10:30:00,107.98
2018-02-06 10:45:00,127.04001
2018-02-06 11:00:00,143.70999
2018-02-06 11:15:00,168.63
2018-02-06 11:30:00,186.73
2018-02-06 11:45:00,193.9
2018-02-06 12:00:00,190.45
2018-02-06 12:15:00,185.78
2018-02-06 12:30:00,175.25
2018-02-06 12:45:00,156.25
2018-02-06 13:00:00,150.10999
2018-02-06 13:15:00,149.78998
2018-02-06 13:30:00,150.29001
2018-02-06 13:45:00,137.17
2018-02-06 14:00:00,119.5
2018-02-06 14:15:00,104.56
2018-02-06 14:30:00,101.59
2018-02-06 14:45:00,113.229996
2018-02-06 15:00:00,108.95
2018-02-06 15:15:00,95.47
2018-02-06 15:30:00,78.45
2018-02-06 15:45:00,74.71
2018-02-06 16:00:00,62.29
2018-02-06 16:15:00,59.03
2018-02-06 16:30:00,47.32
2018-02-06 16:45:00,36.57
2018-02-06 17:00:00,37.739998
2018-02-06 17:15:00,36.93
2018-02-06 17:30:00,36.010002
2018-02-06 17:45:00,33.12
2018-02-06 18:00:00,30.240002
2018-02-06 18:15:00,21.849998
2018-02-06 18:30:00,19.94
2018-02-06 18:45:00,22.7
2018-02-06 19:00:00,18.64
2018-02-06 19:15:00,15.540001
2018-02-06 19:30:00,19.57
2018-02-06 19:45:00,21.36
2018-02-06 20:00:00,20.74
2018-02-06 20:15:00,15.58
2018-02-06 20:30:00,14.08
2018-02-06 20:45:00,13.639999
2018-02-06 21:00:00,10.82
2018-02-06 21:15:00,8.889999
2018-02-06 21:30:00,11.17
2018-02-06 21:45:00,7.43
2018-02-06 22:00:00,9.25
2018-02-06 22:15:00,7.59
2018-02-06 22:30:00,3.67
2018-02-06 22:45:00,5.05
2018-02-06 23:00:00,8.92
2018-02-06 23:15:00,7.15
2018-02-06 23:30:00,8.16
2018-02-06 23:45:00,5.4
2018-02-07 00:00:00,1.71
2018-02-07 00:15:00,2.89
2018-02-07 00:30:00,5.13
2018-02-07 00:45:00,5.05
2018-02-07 01:00:00,6.49
2018-02-07 01:15:00,7.04
2018-02-07 01:30:00,12.219999
2018-02-07 01:45:00,23.86
2018-02-07 02:00:00,34.59
2018-02-07 02:15:00,35.940002
2018-02-07 02:30:00,59.86
2018-02-07 02:45:00,70.68
2018-02-07 03:00:00,71.2
2018-02-07 03:15:00,75.36
2018-02-07 03:30:00,72.31
2018-02-07 03:45:00,74.43
2018-02-07 04:00:00,78.81
2018-02-07 04:15:00,97.5
2018-02-07 04:30:00,98.66
2018-02-07 04:45:00,91.82
2018-02-07 05:00:00,92.83
2018-02-07 05:15:00,76.54
2018-02-07 05:30:00,53.55
2018-02-07 05:45:00,35.64
2018-02-07 06:00:00,30.6
2018-02-07 06:15:00,37.25
2018-02-07 06:30:00,52.32
2018-02-07 06:45:00,43.41
2018-02-07 07:00:00,44.75
2018-02-07 07:15:00,60.15
2018-02-07 07:30:00,55.41
2018-02-07 07:45:00,13.039999
2018-02-07 08:00:00,76.39
2018-02-07 08:15:00,103.9
2018-02-07 08:30:00,41.010002
2018-02-07 08:45:00,66.11
2018-02-07 09:00:00,100.81
2018-02-07 09:15:00,25.16
2018-02-07 09:30:00,70.19
2018-02-07 09:45:00,98.85
2018-02-07 10:00:00,135.59
2018-02-07 10:15:00,143.87
2018-02-07 10:30:00,177.36
2018-02-07 10:45:00,174.98999
2018-02-07 11:00:00,160.85
2018-02-07 11:15:00,163.21
2018-02-07 11:30:00,148.31
2018-02-07 11:45:00,127.85
2018-02-07 12:00:00,128.1
2018-02-07 12:15:00,123.21
2018-02-07 12:30:00,118.869995
2018-02-07 12:45:00,93.41
2018-02-07 13:00:00,66.369995
2018-02-07 13:15:00,42.46
2018-02-07 13:30:00,56.719997
2018-02-07 13:45:00,58.989998
2018-02-07 14:00:00,87.17
2018-02-07 14:15:00,101.71
2018-02-07 14:30:00,119.729996
2018-02-07 14:45:00,107.01
2018-02-07 15:00:00,149.68
2018-02-07 15:15:00,174.34
2018-02-07 15:30:00,179.09
2018-02-07 15:45:00,154.57
2018-02-07 16:00:00,117.41
2018-02-07 16:15:00,108.34
2018-02-07 16:30:00,89.95
2018-02-07 16:45:00,94.48
2018-02-07 17:00:00,82.94
2018-02-07 17:15:00,72.07
2018-02-07 17:30:00,77.96001
2018-02-07 17:45:00,76.6
2018-02-07 18:00:00,52.63
2018-02-07 18:15:00,36.33
2018-02-07 18:30:00,41.129997
2018-02-07 18:45:00,42.54
2018-02-07 19:00:00,47.96
2018-02-07 19:15:00,39.629997
2018-02-07 19:30:00,45.63
2018-02-07 19:45:00,41.11
2018-02-07 20:00:00,26.99
2018-02-07 20:15:00,20.46
2018-02-07 20:30:00,13.280001
2018-02-07 20:45:00,12.09
2018-02-07 21:00:00,7.94
2018-02-07 21:15:00,6.62
2018-02-07 21:30:00,5.74
2018-02-07 21:45:00,4.0
2018-02-07 22:00:00,0.8
2018-02-07 22:15:00,0.25
2018-02-07 22:30:00,0.0
2018-02-07 22:45:00,0.0
2018-02-07 23:00:00,0.0
2018-02-07 23:15:00,0.0
2018-02-07 23:30:00,0.0
2018-02-07 23:45:00,0.0
2018-02-08 00:00:00,0.0
2018-02-08 00:15:00,0.0
2018-02-08 00:30:00,0.26
2018-02-08 00:45:00,0.0
2018-02-08 01:00:00,0.0
2018-02-08 01:15:00,8.22
2018-02-08 01:30:00,0.0
2018-02-08 01:45:00,14.77
2018-02-08 02:00:00,0.0
2018-02-08 02:15:00,0.0
2018-02-08 02:30:00,0.0
2018-02-08 02:45:00,0.0
2018-02-08 03:00:00,0.0
2018-02-08 03:15:00,0.0
2018-02-08 03:30:00,0.0
2018-02-08 03:45:00,0.0
2018-02-08 04:00:00,0.0
2018-02-08 04:15:00,0.0
2018-02-08 04:30:00,0.0
2018-02-08 04:45:00,0.0
2018-02-08 05:00:00,0.0
2018-02-08 05:15:00,0.1
2018-02-08 05:30:00,0.43
2018-02-08 05:45:00,2.23
2018-02-08 06:00:00,2.07
2018-02-08 06:15:00,3.11
2018-02-08 06:30:00,2.81
2018-02-08 06:45:00,5.79
2018-02-08 07:00:00,2.07
2018-02-08 07:15:00,7.59
2018-02-08 07:30:00,0.59
2018-02-08 07:45:00,0.44
2018-02-08 08:00:00,0.0
2018-02-08 08:15:00,0.42000002
2018-02-08 08:30:00,0.3
2018-02-08 08:45:00,9.78
2018-02-08 09:00:00,0.47
2018-02-08 09:15:00,0.0
2018-02-08 09:30:00,0.77
2018-02-08 09:45:00,0.63
2018-02-08 10:00:00,0.43
2018-02-08 10:15:00,0.0
2018-02-08 10:30:00,0.0
2018-02-08 10:45:00,0.0
2018-02-08 11:00:00,0.0
2018-02-08 11:15:00,5.4
2018-02-08 11:30:00,0.33
2018-02-08 11:45:00,1.83
2018-02-08 12:00:00,2.96
2018-02-08 12:15:00,2.9099998
2018-02-08 12:30:00,2.53
2018-02-08 12:45:00,2.78
2018-02-08 13:00:00,2.29
2018-02-08 13:15:00,1.6700001
2018-02-08 13:30:00,3.05
2018-02-08 13:45:00,5.0
2018-02-08 14:00:00,29.51
2018-02-08 14:15:00,40.879997
2018-02-08 14:30:00,39.48
2018-02-08 14:45:00,24.71
2018-02-08 15:00:00,14.93
2018-02-08 15:15:00,21.18
2018-02-08 15:30:00,23.51
2018-02-08 15:45:00,32.34
2018-02-08 16:00:00,21.77
2018-02-08 16:15:00,13.54
2018-02-08 16:30:00,15.37
2018-02-08 16:45:00,13.43
2018-02-08 17:00:00,9.639999
2018-02-08 17:15:00,6.65
2018-02-08 17:30:00,5.99
2018-02-08 17:45:00,7.27
2018-02-08 18:00:00,4.38
2018-02-08 18:15:00,7.06
2018-02-08 18:30:00,5.7200003
2018-02-08 18:45:00,2.23
2018-02-08 19:00:00,0.8
2018-02-08 19:15:00,1.13
2018-02-08 19:30:00,7.86
2018-02-08 19:45:00,15.53
2018-02-08 20:00:00,21.26
2018-02-08 20:15:00,25.759998
2018-02-08 20:30:00,30.829998
2018-02-08 20:45:00,38.559998
2018-02-08 21:00:00,34.879997
2018-02-08 21:15:00,34.739998
2018-02-08 21:30:00,32.67
2018-02-08 21:45:00,36.85
2018-02-08 22:00:00,40.550003
2018-02-08 22:15:00,42.050003
2018-02-08 22:30:00,30.91
2018-02-08 22:45:00,38.04
2018-02-08 23:00:00,43.42
2018-02-08 23:15:00,53.39
2018-02-08 23:30:00,59.67
2018-02-08 23:45:00,47.41
2018-02-09 00:00:00,39.23
2018-02-09 00:15:00,41.08
2018-02-09 00:30:00,42.97
2018-02-09 00:45:00,54.239998
2018-02-09 01:00:00,72.53
2018-02-09 01:15:00,58.01
2018-02-09 01:30:00,81.63
2018-02-09 01:45:00,94.5
2018-02-09 02:00:00,96.05
2018-02-09 02:15:00,113.47
2018-02-09 02:30:00,149.59
2018-02-09 02:45:00,178.79999
2018-02-09 03:00:00,193.78
2018-02-09 03:15:00,208.73999
2018-02-09 03:30:00,223.12997
2018-02-09 03:45:00,222.17
2018-02-09 04:00:00,212.18
2018-02-09 04:15:00,215.99
2018-02-09 04:30:00,223.05
2018-02-09 04:45:00,224.37
2018-02-09 05:00:00,223.58997
2018-02-09 05:15:00,223.68
2018-02-09 05:30:00,222.01001
2018-02-09 05:45:00,221.88
2018-02-09 06:00:00,219.22
2018-02-09 06:15:00,222.95999
2018-02-09 06:30:00,223.00998
2018-02-09 06:45:00,222.97998
2018-02-09 07:00:00,216.82
2018-02-09 07:15:00,211.06998
2018-02-09 07:30:00,207.47
2018-02-09 07:45:00,209.36
2018-02-09 08:00:00,196.87
2018-02-09 08:15:00,200.85999
2018-02-09 08:30:00,202.52
2018-02-09 08:45:00,205.00998
2018-02-09 09:00:00,212.98001
2018-02-09 09:15:00,213.77
2018-02-09 09:30:00,209.31
2018-02-09 09:45:00,194.37
2018-02-09 10:00:00,206.04999
2018-02-09 10:15:00,215.97
2018-02-09 10:30:00,222.16
2018-02-09 10:45:00,221.56998
2018-02-09 11:00:00,216.98001
2018-02-09 11:15:00,218.53
2018-02-09 11:30:00,205.47
2018-02-09 11:45:00,209.93
2018-02-09 12:00:00,210.82
2018-02-09 12:15:00,208.39
2018-02-09 12:30:00,212.93
2018-02-09 12:45:00,217.9
2018-02-09 13:00:00,216.54001
2018-02-09 13:15:00,206.70999
2018-02-09 13:30:00,194.6
2018-02-09 13:45:00,180.04999
2018-02-09 14:00:00,175.70999
2018-02-09 14:15:00,180.34999
2018-02-09 14:30:00,174.06998
2018-02-09 14:45:00,171.82
2018-02-09 15:00:00,162.89
2018-02-09 15:15:00,163.26999
2018-02-09 15:30:00,147.21
2018-02-09 15:45:00,132.94
2018-02-09 16:00:00,131.51001
2018-02-09 16:15:00,111.5
2018-02-09 16:30:00,100.350006
2018-02-09 16:45:00,90.34
2018-02-09 17:00:00,88.11
2018-02-09 17:15:00,86.56
2018-02-09 17:30:00,101.86
2018-02-09 17:45:00,106.95
2018-02-09 18:00:00,103.36
2018-02-09 18:15:00,102.84
2018-02-09 18:30:00,100.94
2018-02-09 18:45:00,94.55
2018-02-09 19:00:00,93.8
2018-02-09 19:15:00,74.369995
2018-02-09 19:30:00,78.6
2018-02-09 19:45:00,81.18
2018-02-09 20:00:00,76.600006
2018-02-09 20:15:00,61.92
2018-02-09 20:30:00,68.240005
2018-02-09 20:45:00,55.08
2018-02-09 21:00:00,40.55
2018-02-09 21:15:00,38.480003
2018-02-09 21:30:00,44.38
2018-02-09 21:45:00,36.17
2018-02-09 22:00:00,44.6
2018-02-09 22:15:00,52.23
2018-02-09 22:30:00,56.559998
2018-02-09 22:45:00,61.01
2018-02-09 23:00:00,49.77
2018-02-09 23:15:00,45.84
2018-02-09 23:30:00,30.14
2018-02-09 23:45:00,24.439999
2018-02-10 00:00:00,23.619999
2018-02-10 00:15:00,23.8
2018-02-10 00:30:00,37.4
2018-02-10 00:45:00,63.840004
2018-02-10 01:00:00,78.67
2018-02-10 01:15:00,75.54
2018-02-10 01:30:00,121.2
2018-02-10 01:45:00,133.03
2018-02-10 02:00:00,119.81
2018-02-10 02:15:00,137.52
2018-02-10 02:30:00,117.42
2018-02-10 02:45:00,115.49
2018-02-10 03:00:00,147.42
2018-02-10 03:15:00,181.19
2018-02-10 03:30:00,152.44
2018-02-10 03:45:00,112.42
2018-02-10 04:00:00,119.26
2018-02-10 04:15:00,137.49
2018-02-10 04:30:00,162.92
2018-02-10 04:45:00,141.73999
2018-02-10 05:00:00,130.95999
2018-02-10 05:15:00,96.04
2018-02-10 05:30:00,10.1
2018-02-10 05:45:00,0.0
2018-02-10 06:00:00,0.0
2018-02-10 06:15:00,0.0
2018-02-10 06:30:00,0.0
2018-02-10 06:45:00,0.0
2018-02-10 07:00:00,0.0
2018-02-10 07:15:00,0.0
2018-02-10 07:30:00,0.0
2018-02-10 07:45:00,4.13
2018-02-10 08:00:00,13.91
2018-02-10 08:15:00,27.03
2018-02-10 08:30:00,37.36
2018-02-10 08:45:00,43.6
2018-02-10 09:00:00,63.07
2018-02-10 09:15:00,67.25
2018-02-10 09:30:00,77.78999
2018-02-10 09:45:00,72.03
2018-02-10 10:00:00,91.3
2018-02-10 10:15:00,103.14
2018-02-10 10:30:00,113.81
2018-02-10 10:45:00,152.68
2018-02-10 11:00:00,133.89
2018-02-10 11:15:00,110.32
2018-02-10 11:30:00,104.23
2018-02-10 11:45:00,119.63
2018-02-10 12:00:00,138.16
2018-02-10 12:15:00,139.11
2018-02-10 12:30:00,127.55
2018-02-10 12:45:00,128.41998
2018-02-10 13:00:00,130.15
2018-02-10 13:15:00,115.29
2018-02-10 13:30:00,107.76
2018-02-10 13:45:00,89.14
2018-02-10 14:00:00,115.16
2018-02-10 14:15:00,95.020004
2018-02-10 14:30:00,92.4
2018-02-10 14:45:00,83.96001
2018-02-10 15:00:00,76.34
2018-02-10 15:15:00,72.1
2018-02-10 15:30:00,66.22
2018-02-10 15:45:00,60.92
2018-02-10 16:00:00,54.79
2018-02-10 16:15:00,59.29
2018-02-10 16:30:00,65.03
2018-02-10 16:45:00,63.270004
2018-02-10 17:00:00,65.33
2018-02-10 17:15:00,66.87
2018-02-10 17:30:00,58.58
2018-02-10 17:45:00,58.17
2018-02-10 18:00:00,51.44
2018-02-10 18:15:00,43.64
2018-02-10 18:30:00,39.120003
2018-02-10 18:45:00,34.28
2018-02-10 19:00:00,26.75
2018-02-10 19:15:00,24.130001
2018-02-10 19:30:00,16.14
2018-02-10 19:45:00,14.43
2018-02-10 20:00:00,6.5
2018-02-10 20:15:00,9.61
2018-02-10 20:30:00,9.92
2018-02-10 20:45:00,9.6
2018-02-10 21:00:00,7.2799997
2018-02-10 21:15:00,4.28
2018-02-10 21:30:00,1.62
2018-02-10 21:45:00,0.9
2018-02-10 22:00:00,0.0
2018-02-10 22:15:00,0.0
2018-02-10 22:30:00,0.0
2018-02-10 22:45:00,0.0
2018-02-10 23:00:00,0.0
2018-02-10 23:15:00,0.0
2018-02-10 23:30:00,0.0
2018-02-10 23:45:00,0.0
2018-02-11 00:00:00,0.0
2018-02-11 00:15:00,9.559999
2018-02-11 00:30:00,0.86
2018-02-11 00:45:00,4.47
2018-02-11 01:00:00,1.6700001
2018-02-11 01:15:00,1.84
2018-02-11 01:30:00,2.58
2018-02-11 01:45:00,3.52
2018-02-11 02:00:00,6.2799997
2018-02-11 02:15:00,16.1
2018-02-11 02:30:00,9.84
2018-02-11 02:45:00,17.26
2018-02-11 03:00:00,26.83
2018-02-11 03:15:00,39.87
2018-02-11 03:30:00,116.36
2018-02-11 03:45:00,84.95
2018-02-11 04:00:00,57.89
2018-02-11 04:15:00,49.47
2018-02-11 04:30:00,116.11
2018-02-11 04:45:00,152.98999
2018-02-11 05:00:00,150.29001
2018-02-11 05:15:00,160.9
2018-02-11 05:30:00,160.29999
2018-02-11 05:45:00,145.66
2018-02-11 06:00:00,154.32
2018-02-11 06:15:00,162.0
2018-02-11 06:30:00,166.12
2018-02-11 06:45:00,150.26001
2018-02-11 07:00:00,178.06998
2018-02-11 07:15:00,205.37
2018-02-11 07:30:00,207.9
2018-02-11 07:45:00,177.18
2018-02-11 08:00:00,112.09
2018-02-11 08:15:00,94.03
2018-02-11 08:30:00,92.729996
2018-02-11 08:45:00,109.16
2018-02-11 09:00:00,135.23
2018-02-11 09:15:00,130.01
2018-02-11 09:30:00,143.3
2018-02-11 09:45:00,119.03
2018-02-11 10:00:00,133.38
2018-02-11 10:15:00,137.03
2018-02-11 10:30:00,154.47998
2018-02-11 10:45:00,161.51999
2018-02-11 11:00:00,142.72
2018-02-11 11:15:00,151.31
2018-02-11 11:30:00,124.770004
2018-02-11 11:45:00,123.66
2018-02-11 12:00:00,97.89
2018-02-11 12:15:00,117.32
2018-02-11 12:30:00,128.56
2018-02-11 12:45:00,122.990005
2018-02-11 13:00:00,127.06
2018-02-11 13:15:00,116.92
2018-02-11 13:30:00,111.35
2018-02-11 13:45:00,113.64
2018-02-11 14:00:00,99.7
2018-02-11 14:15:00,116.350006
2018-02-11 14:30:00,127.88
2018-02-11 14:45:00,126.17
2018-02-11 15:00:00,127.72
2018-02-11 15:15:00,130.98
2018-02-11 15:30:00,130.83
2018-02-11 15:45:00,128.23999
2018-02-11 16:00:00,111.369995
2018-02-11 16:15:00,105.14
2018-02-11 16:30:00,91.630005
2018-02-11 16:45:00,82.7
2018-02-11 17:00:00,76.84
2018-02-11 17:15:00,75.03
2018-02-11 17:30:00,57.760002
2018-02-11 17:45:00,50.4
2018-02-11 18:00:00,44.44
2018-02-11 18:15:00,47.62
2018-02-11 18:30:00,54.05
2018-02-11 18:45:00,59.66
2018-02-11 19:00:00,59.489998
2018-02-11 19:15:00,54.61
2018-02-11 19:30:00,51.46
2018-02-11 19:45:00,43.39
2018-02-11 20:00:00,44.32
2018-02-11 20:15:00,44.12
2018-02-11 20:30:00,36.79
2018-02-11 20:45:00,29.58
2018-02-11 21:00:00,31.420002
2018-02-11 21:15:00,29.460001
2018-02-11 21:30:00,30.49
2018-02-11 21:45:00,26.529999
2018-02-11 22:00:00,25.619999
2018-02-11 22:15:00,34.15
2018-02-11 22:30:00,28.05
2018-02-11 22:45:00,19.16
2018-02-11 23:00:00,16.7
2018-02-11 23:15:00,16.86
2018-02-11 23:30:00,11.809999
2018-02-11 23:45:00,8.51
2018-02-12 00:00:00,6.05
2018-02-12 00:15:00,6.9900002
2018-02-12 00:30:00,6.8100004
2018-02-12 00:45:00,3.92
2018-02-12 01:00:00,4.03
2018-02-12 01:15:00,4.96
2018-02-12 01:30:00,6.97
2018-02-12 01:45:00,7.4300003
2018-02-12 02:00:00,5.19
2018-02-12 02:15:00,2.68
2018-02-12 02:30:00,8.77
2018-02-12 02:45:00,14.3
2018-02-12 03:00:00,13.040001
2018-02-12 03:15:00,12.14
2018-02-12 03:30:00,13.23
2018-02-12 03:45:00,14.74
2018-02-12 04:00:00,24.05
2018-02-12 04:15:00,20.75
2018-02-12 04:30:00,11.71
2018-02-12 04:45:00,13.15
2018-02-12 05:00:00,17.51
2018-02-12 05:15:00,21.17
2018-02-12 05:30:00,29.1
2018-02-12 05:45:00,23.8
2018-02-12 06:00:00,7.46
2018-02-12 06:15:00,8.93
2018-02-12 06:30:00,5.21
2018-02-12 06:45:00,5.16
2018-02-12 07:00:00,4.1099997
2018-02-12 07:15:00,1.79
2018-02-12 07:30:00,1.24
2018-02-12 07:45:00,6.8799996
2018-02-12 08:00:00,3.33
2018-02-12 08:15:00,1.1
2018-02-12 08:30:00,0.53
2018-02-12 08:45:00,1.8399999
2018-02-12 09:00:00,2.6100001
2018-02-12 09:15:00,1.92
2018-02-12 09:30:00,0.35
2018-02-12 09:45:00,0.16
2018-02-12 10:00:00,0.64
2018-02-12 10:15:00,3.24
2018-02-12 10:30:00,3.5
2018-02-12 10:45:00,2.9699998
2018-02-12 11:00:00,3.45
2018-02-12 11:15:00,4.66
2018-02-12 11:30:00,1.21
2018-02-12 11:45:00,3.96
2018-02-12 12:00:00,0.17
2018-02-12 12:15:00,4.87
2018-02-12 12:30:00,3.3700001
2018-02-12 12:45:00,0.95
2018-02-12 13:00:00,0.12
2018-02-12 13:15:00,2.45
2018-02-12 13:30:00,7.33
2018-02-12 13:45:00,13.860001
2018-02-12 14:00:00,23.65
2018-02-12 14:15:00,19.05
2018-02-12 14:30:00,5.26
2018-02-12 14:45:00,13.21
2018-02-12 15:00:00,19.54
2018-02-12 15:15:00,14.35
2018-02-12 15:30:00,11.16
2018-02-12 15:45:00,13.559999
2018-02-12 16:00:00,11.48
2018-02-12 16:15:00,12.690001
2018-02-12 16:30:00,11.440001
2018-02-12 16:45:00,6.36
2018-02-12 17:00:00,1.93
2018-02-12 17:15:00,1.74
2018-02-12 17:30:00,0.58
2018-02-12 17:45:00,2.8500001
2018-02-12 18:00:00,3.91
2018-02-12 18:15:00,5.77
2018-02-12 18:30:00,3.4
2018-02-12 18:45:00,5.6000004
2018-02-12 19:00:00,8.09
2018-02-12 19:15:00,9.52
2018-02-12 19:30:00,9.22
2018-02-12 19:45:00,10.73
2018-02-12 20:00:00,10.84
2018-02-12 20:15:00,16.630001
2018-02-12 20:30:00,19.880001
2018-02-12 20:45:00,19.27
2018-02-12 21:00:00,16.94
2018-02-12 21:15:00,19.990002
2018-02-12 21:30:00,25.05
2018-02-12 21:45:00,28.21
2018-02-12 22:00:00,29.99
2018-02-12 22:15:00,29.060001
2018-02-12 22:30:00,33.58
2018-02-12 22:45:00,34.62
2018-02-12 23:00:00,28.07
2018-02-12 23:15:00,31.939999
2018-02-12 23:30:00,23.32
2018-02-12 23:45:00,26.490002
2018-02-13 00:00:00,29.490002
2018-02-13 00:15:00,27.07
2018-02-13 00:30:00,27.48
2018-02-13 00:45:00,24.6
2018-02-13 01:00:00,30.89
2018-02-13 01:15:00,28.16
2018-02-13 01:30:00,23.15
2018-02-13 01:45:00,23.92
2018-02-13 02:00:00,23.86
2018-02-13 02:15:00,26.69
2018-02-13 02:30:00,30.18
2018-02-13 02:45:00,37.93
2018-02-13 03:00:00,46.870003
2018-02-13 03:15:00,50.39
2018-02-13 03:30:00,49.910004
2018-02-13 03:45:00,40.66
2018-02-13 04:00:00,38.83
2018-02-13 04:15:00,34.23
2018-02-13 04:30:00,37.59
2018-02-13 04:45:00,39.86
2018-02-13 05:00:00,31.510002
2018-02-13 05:15:00,30.11
2018-02-13 05:30:00,23.59
2018-02-13 05:45:00,25.45
2018-02-13 06:00:00,21.53
2018-02-13 06:15:00,18.01
2018-02-13 06:30:00,19.92
2018-02-13 06:45:00,28.16
2018-02-13 07:00:00,25.75
2018-02-13 07:15:00,22.51
2018-02-13 07:30:00,18.74
2018-02-13 07:45:00,8.16
2018-02-13 08:00:00,4.33
2018-02-13 08:15:00,9.74
2018-02-13 08:30:00,19.04
2018-02-13 08:45:00,42.309998
2018-02-13 09:00:00,68.13
2018-02-13 09:15:00,72.53
2018-02-13 09:30:00,73.05
2018-02-13 09:45:00,59.370003
2018-02-13 10:00:00,47.91
2018-02-13 10:15:00,42.629997
2018-02-13 10:30:00,34.92
2018-02-13 10:45:00,41.78
2018-02-13 11:00:00,46.5
2018-02-13 11:15:00,37.29
2018-02-13 11:30:00,19.64
2018-02-13 11:45:00,14.120001
2018-02-13 12:00:00,13.68
2018-02-13 12:15:00,16.21
2018-02-13 12:30:00,6.88
2018-02-13 12:45:00,5.06
2018-02-13 13:00:00,7.21
2018-02-13 13:15:00,0.0
2018-02-13 13:30:00,0.0
2018-02-13 13:45:00,0.0
2018-02-13 14:00:00,8.03
2018-02-13 14:15:00,5.24
2018-02-13 14:30:00,3.0100002
2018-02-13 14:45:00,3.24
2018-02-13 15:00:00,0.38
2018-02-13 15:15:00,0.0
2018-02-13 15:30:00,0.0
2018-02-13 15:45:00,0.0
2018-02-13 16:00:00,0.0
2018-02-13 16:15:00,0.0
2018-02-13 16:30:00,3.01
2018-02-13 16:45:00,0.26
2018-02-13 17:00:00,0.24
2018-02-13 17:15:00,8.41
2018-02-13 17:30:00,23.41
2018-02-13 17:45:00,27.029999
2018-02-13 18:00:00,34.12
2018-02-13 18:15:00,49.6
2018-02-13 18:30:00,51.44
2018-02-13 18:45:00,41.66
2018-02-13 19:00:00,53.13
2018-02-13 19:15:00,47.55
2018-02-13 19:30:00,57.979996
2018-02-13 19:45:00,59.62
2018-02-13 20:00:00,61.699997
2018-02-13 20:15:00,74.68
2018-02-13 20:30:00,69.03999
2018-02-13 20:45:00,63.39
2018-02-13 21:00:00,60.010002
2018-02-13 21:15:00,55.480003
2018-02-13 21:30:00,59.71
2018-02-13 21:45:00,60.31
2018-02-13 22:00:00,49.66
2018-02-13 22:15:00,41.690002
2018-02-13 22:30:00,40.64
2018-02-13 22:45:00,54.269997
2018-02-13 23:00:00,67.25
2018-02-13 23:15:00,66.69
2018-02-13 23:30:00,52.14
2018-02-13 23:45:00,30.5
2018-02-14 00:00:00,22.91
2018-02-14 00:15:00,27.240002
2018-02-14 00:30:00,23.98
2018-02-14 00:45:00,30.579998
2018-02-14 01:00:00,42.32
2018-02-14 01:15:00,57.32
2018-02-14 01:30:00,72.649994
2018-02-14 01:45:00,75.380005
2018-02-14 02:00:00,70.229996
2018-02-14 02:15:00,49.78
2018-02-14 02:30:00,47.440002
2018-02-14 02:45:00,54.0
2018-02-14 03:00:00,81.08
2018-02-14 03:15:00,108.25
2018-02-14 03:30:00,129.41
2018-02-14 03:45:00,141.59
2018-02-14 04:00:00,146.04001
2018-02-14 04:15:00,178.44
2018-02-14 04:30:00,176.56
2018-02-14 04:45:00,151.13
2018-02-14 05:00:00,133.73001
2018-02-14 05:15:00,133.09
2018-02-14 05:30:00,144.73
2018-02-14 05:45:00,129.51001
2018-02-14 06:01:00,115.97
2018-02-14 06:15:00,109.93
2018-02-14 06:30:00,115.619995
2018-02-14 06:45:00,142.70999
2018-02-14 07:00:00,137.59
2018-02-14 07:15:00,134.08
2018-02-14 07:30:00,129.25
2018-02-14 07:45:00,137.89
2018-02-14 08:00:00,122.85
2018-02-14 08:15:00,122.350006
2018-02-14 08:30:00,126.869995
2018-02-14 08:45:00,116.399994
2018-02-14 09:00:00,107.79
2018-02-14 09:15:00,110.9
2018-02-14 09:30:00,91.770004
2018-02-14 09:45:00,82.64
2018-02-14 10:00:00,77.42
2018-02-14 10:15:00,113.119995
2018-02-14 10:30:00,112.6
2018-02-14 10:45:00,129.93
2018-02-14 11:00:00,105.42
2018-02-14 11:15:00,96.850006
2018-02-14 11:30:00,91.29
2018-02-14 11:45:00,72.84
2018-02-14 12:00:00,76.880005
2018-02-14 12:15:00,87.81
2018-02-14 12:30:00,76.31
2018-02-14 12:45:00,65.14
2018-02-14 13:00:00,78.78999
2018-02-14 13:15:00,85.729996
2018-02-14 13:30:00,100.92
2018-02-14 13:45:00,137.82
2018-02-14 14:00:00,129.36
2018-02-14 14:15:00,124.44
2018-02-14 14:30:00,124.119995
2018-02-14 14:45:00,99.54
2018-02-14 15:00:00,93.94
2018-02-14 15:15:00,87.32
2018-02-14 15:30:00,111.479996
2018-02-14 15:45:00,102.45
2018-02-14 16:00:00,76.29
2018-02-14 16:15:00,65.53
2018-02-14 16:30:00,74.979996
2018-02-14 16:45:00,68.31
2018-02-14 17:00:00,81.61
2018-02-14 17:15:00,78.34
2018-02-14 17:30:00,81.869995
2018-02-14 17:45:00,67.26
2018-02-14 18:00:00,82.42
2018-02-14 18:15:00,83.13
2018-02-14 18:30:00,90.56
2018-02-14 18:45:00,111.630005
2018-02-14 19:00:00,94.770004
2018-02-14 19:15:00,84.45
2018-02-14 19:30:00,93.479996
2018-02-14 19:45:00,98.69
2018-02-14 20:00:00,115.68
2018-02-14 20:15:00,121.11
2018-02-14 20:30:00,102.270004
2018-02-14 20:45:00,119.26
2018-02-14 21:00:00,115.55
2018-02-14 21:15:00,131.23
2018-02-14 21:30:00,149.81
2018-02-14 21:45:00,166.48999
2018-02-14 22:00:00,155.57
2018-02-14 22:15:00,147.56
2018-02-14 22:30:00,128.75
2018-02-14 22:45:00,126.119995
2018-02-14 23:00:00,136.0
2018-02-14 23:15:00,133.9
2018-02-14 23:30:00,139.5
2018-02-14 23:45:00,117.01
2018-02-15 00:00:00,102.78
2018-02-15 00:15:00,97.59
2018-02-15 00:30:00,109.65
2018-02-15 00:45:00,120.9
2018-02-15 01:00:00,122.27
2018-02-15 01:15:00,150.46999
2018-02-15 01:30:00,185.76999
2018-02-15 01:45:00,199.61
2018-02-15 02:00:00,194.59
2018-02-15 02:15:00,194.88998
2018-02-15 02:30:00,200.31998
2018-02-15 02:45:00,214.81998
2018-02-15 03:00:00,219.42
2018-02-15 03:15:00,221.6
2018-02-15 03:30:00,218.37
2018-02-15 03:45:00,217.25
2018-02-15 04:00:00,220.99998
2018-02-15 04:15:00,220.05
2018-02-15 04:30:00,224.21
2018-02-15 04:45:00,224.57
2018-02-15 05:00:00,220.41998
2018-02-15 05:15:00,218.18
2018-02-15 05:30:00,215.14001
2018-02-15 05:45:00,217.32999
2018-02-15 06:00:00,221.44998
2018-02-15 06:15:00,218.37999
2018-02-15 06:30:00,209.84
2018-02-15 06:45:00,202.07
2018-02-15 07:00:00,189.2
2018-02-15 07:15:00,199.43
2018-02-15 07:30:00,201.76999
2018-02-15 07:45:00,37.760002
2018-02-15 08:00:00,0.0
2018-02-15 08:15:00,0.0
2018-02-15 08:30:00,0.0
2018-02-15 08:45:00,0.0
2018-02-15 09:00:00,0.0
2018-02-15 09:15:00,0.0
2018-02-15 09:30:00,71.79
2018-02-15 09:45:00,0.0
2018-02-15 10:00:00,182.38
2018-02-15 10:15:00,221.27
2018-02-15 10:30:00,218.93
2018-02-15 10:45:00,212.16
2018-02-15 11:00:00,203.37
2018-02-15 11:15:00,214.39
2018-02-15 11:30:00,212.23
2018-02-15 11:45:00,208.14
2018-02-15 12:00:00,189.69
2018-02-15 12:15:00,188.22
2018-02-15 12:30:00,170.36
2018-02-15 12:45:00,152.81
2018-02-15 13:00:00,154.43
2018-02-15 13:15:00,165.54001
2018-02-15 13:30:00,179.79001
2018-02-15 13:45:00,200.15
2018-02-15 14:00:00,203.23001
2018-02-15 14:15:00,193.90999
2018-02-15 14:30:00,196.24
2018-02-15 14:45:00,190.03
2018-02-15 15:00:00,204.73999
2018-02-15 15:15:00,199.33
2018-02-15 15:30:00,198.95999
2018-02-15 15:45:00,192.77998
2018-02-15 16:00:00,178.56
2018-02-15 16:15:00,181.17
2018-02-15 16:30:00,174.63
2018-02-15 16:45:00,168.66
2018-02-15 17:00:00,169.16998
2018-02-15 17:15:00,150.01999
2018-02-15 17:30:00,150.62
2018-02-15 17:45:00,142.36
2018-02-15 18:00:00,132.37
2018-02-15 18:15:00,142.92
2018-02-15 18:30:00,130.39
2018-02-15 18:45:00,124.28
2018-02-15 19:00:00,126.26
2018-02-15 19:15:00,116.62
2018-02-15 19:30:00,108.95
2018-02-15 19:45:00,118.45
2018-02-15 20:00:00,115.14
2018-02-15 20:15:00,119.16
2018-02-15 20:30:00,113.71
2018-02-15 20:45:00,110.18
2018-02-15 21:00:00,115.94
2018-02-15 21:15:00,125.71001
2018-02-15 21:30:00,123.759995
2018-02-15 21:45:00,127.880005
2018-02-15 22:00:00,161.82
2018-02-15 22:15:00,125.270004
2018-02-15 22:30:00,108.0
2018-02-15 22:45:00,79.520004
2018-02-15 23:00:00,84.03
2018-02-15 23:15:00,93.34
2018-02-15 23:30:00,86.91
2018-02-15 23:45:00,93.14
2018-02-16 00:00:00,82.08
2018-02-16 00:15:00,61.04
2018-02-16 00:30:00,56.39
2018-02-16 00:45:00,50.55
2018-02-16 01:00:00,49.09
2018-02-16 01:15:00,59.809998
2018-02-16 01:30:00,75.759995
2018-02-16 01:45:00,95.68
2018-02-16 02:00:00,111.740005
2018-02-16 02:15:00,101.01
2018-02-16 02:30:00,90.95
2018-02-16 02:45:00,92.58
2018-02-16 03:00:00,105.5
2018-02-16 03:15:00,134.83
2018-02-16 03:30:00,120.05
2018-02-16 03:45:00,102.78
2018-02-16 04:00:00,98.33
2018-02-16 04:15:00,94.5
2018-02-16 04:30:00,86.49
2018-02-16 04:45:00,95.01
2018-02-16 05:00:00,101.08
2018-02-16 05:15:00,105.49
2018-02-16 05:30:00,90.899994
2018-02-16 05:45:00,84.78
2018-02-16 06:00:00,65.07
2018-02-16 06:15:00,55.53
2018-02-16 06:30:00,46.0
2018-02-16 06:45:00,37.16
2018-02-16 07:00:00,35.6
2018-02-16 07:15:00,34.65
2018-02-16 07:30:00,45.22
2018-02-16 07:45:00,46.309998
2018-02-16 08:00:00,40.66
2018-02-16 08:15:00,30.0
2018-02-16 08:30:00,21.29
2018-02-16 08:45:00,13.95
2018-02-16 09:00:00,12.57
2018-02-16 09:15:00,18.380001
2018-02-16 09:30:00,20.82
2018-02-16 09:45:00,25.61
2018-02-16 10:00:00,20.14
2018-02-16 10:15:00,20.07
2018-02-16 10:30:00,31.939999
2018-02-16 10:45:00,63.629997
2018-02-16 11:00:00,99.89
2018-02-16 11:15:00,207.81
2018-02-16 11:30:00,196.59998
2018-02-16 11:45:00,200.47
2018-02-16 12:00:00,204.91998
2018-02-16 12:15:00,169.93
2018-02-16 12:30:00,149.04001
2018-02-16 12:45:00,150.63998
2018-02-16 13:00:00,160.8
2018-02-16 13:15:00,176.22
2018-02-16 13:30:00,206.26999
2018-02-16 13:45:00,211.09998
2018-02-16 14:00:00,191.69
2018-02-16 14:15:00,214.82
2018-02-16 14:30:00,217.32999
2018-02-16 14:45:00,210.28998
2018-02-16 15:00:00,205.18
2018-02-16 15:15:00,219.56998
2018-02-16 15:30:00,215.45999
2018-02-16 15:45:00,221.32
2018-02-16 16:00:00,217.72
2018-02-16 16:15:00,217.45
2018-02-16 16:30:00,220.25
2018-02-16 16:45:00,219.88998
2018-02-16 17:00:00,217.23
2018-02-16 17:15:00,214.46999
2018-02-16 17:30:00,213.87999
2018-02-16 17:45:00,200.47
2018-02-16 18:00:00,208.53998
2018-02-16 18:15:00,198.62
2018-02-16 18:30:00,196.59999
2018-02-16 18:45:00,177.93
2018-02-16 19:00:00,162.71999
2018-02-16 19:15:00,157.65999
2018-02-16 19:30:00,148.73999
2018-02-16 19:45:00,133.95999
2018-02-16 20:00:00,111.74
2018-02-16 20:15:00,107.43
2018-02-16 20:30:00,110.65
2018-02-16 20:45:00,98.22
2018-02-16 21:00:00,91.95
2018-02-16 21:15:00,80.03
2018-02-16 21:30:00,82.25
2018-02-16 21:45:00,75.31
2018-02-16 22:00:00,70.39
2018-02-16 22:15:00,75.35
2018-02-16 22:30:00,61.050003
2018-02-16 22:45:00,57.8
2018-02-16 23:00:00,47.010002
2018-02-16 23:15:00,41.32
2018-02-16 23:30:00,38.730003
2018-02-16 23:45:00,32.43
2018-02-17 00:00:00,28.14
2018-02-17 00:15:00,23.39
2018-02-17 00:30:00,20.91
2018-02-17 00:45:00,17.29
2018-02-17 01:00:00,19.64
2018-02-17 01:15:00,19.82
2018-02-17 01:30:00,17.38
2018-02-17 01:45:00,7.6499996
2018-02-17 02:00:00,1.61
2018-02-17 02:15:00,0.71
2018-02-17 02:30:00,0.31
2018-02-17 02:45:00,0.14
2018-02-17 03:00:00,1.43
2018-02-17 03:15:00,1.1
2018-02-17 03:30:00,2.79
2018-02-17 03:45:00,2.83
2018-02-17 04:00:00,7.08
2018-02-17 04:15:00,1.69
2018-02-17 04:30:00,0.84000003
2018-02-17 04:45:00,2.92
2018-02-17 05:00:00,2.4299998
2018-02-17 05:15:00,0.0
2018-02-17 05:30:00,0.0
2018-02-17 05:45:00,0.0
2018-02-17 06:00:00,0.0
2018-02-17 06:15:00,0.0
2018-02-17 06:30:00,0.0
2018-02-17 06:45:00,0.1
2018-02-17 07:00:00,145.78
2018-02-17 07:15:00,116.729996
2018-02-17 07:30:00,93.83
2018-02-17 07:45:00,64.68
2018-02-17 08:00:00,18.26
2018-02-17 08:15:00,7.7799997
2018-02-17 08:30:00,2.1100001
2018-02-17 08:45:00,0.0
2018-02-17 09:00:00,0.0
2018-02-17 09:15:00,0.92999995
2018-02-17 09:30:00,7.42
2018-02-17 09:45:00,6.24
2018-02-17 10:00:00,7.1900005
2018-02-17 10:15:00,66.58
2018-02-17 10:30:00,124.12
2018-02-17 10:45:00,79.990005
2018-02-17 11:00:00,60.93
2018-02-17 11:15:00,39.800003
2018-02-17 11:30:00,39.800003
2018-02-17 11:45:00,94.0
2018-02-17 12:00:00,112.0
2018-02-17 12:15:00,130.0
2018-02-17 12:30:00,159.0
2018-02-17 12:45:00,131.0
2018-02-17 13:00:00,95.2
2018-02-17 13:15:00,109.66
2018-02-17 13:30:00,90.77
2018-02-17 13:45:00,107.26
2018-02-17 14:00:00,100.35
2018-02-17 14:15:00,89.72
2018-02-17 14:30:00,89.72
2018-02-17 14:45:00,86.3
2018-02-17 15:00:00,63.0
2018-02-17 15:15:00,66.25
2018-02-17 15:30:00,57.22
2018-02-17 15:45:00,57.989998
2018-02-17 16:00:00,56.08
2018-02-17 16:15:00,42.379997
2018-02-17 16:30:00,57.129997
2018-02-17 16:45:00,46.989998
2018-02-17 17:00:00,43.260002
2018-02-17 17:15:00,52.2
2018-02-17 17:30:00,59.21
2018-02-17 17:45:00,70.15
2018-02-17 18:00:00,95.8
2018-02-17 18:15:00,125.71
2018-02-17 18:30:00,128.23
2018-02-17 18:45:00,91.96
2018-02-17 19:00:00,67.729996
2018-02-17 19:15:00,54.05
2018-02-17 19:30:00,42.77
2018-02-17 19:45:00,46.45
2018-02-17 20:00:00,41.65
2018-02-17 20:15:00,44.34
2018-02-17 20:30:00,39.53
2018-02-17 20:45:00,35.11
2018-02-17 21:00:00,31.51
2018-02-17 21:15:00,26.349998
2018-02-17 21:30:00,28.98
2018-02-17 21:45:00,27.41
2018-02-17 22:00:00,32.59
2018-02-17 22:15:00,48.69
2018-02-17 22:30:00,72.88
2018-02-17 22:45:00,60.53
2018-02-17 23:00:00,73.14
2018-02-17 23:15:00,91.509995
2018-02-17 23:30:00,75.270004
2018-02-17 23:45:00,74.729996
2018-02-18 00:00:00,68.93
2018-02-18 00:15:00,48.620003
2018-02-18 00:30:00,59.200005
2018-02-18 00:45:00,68.79
2018-02-18 01:00:00,57.83
2018-02-18 01:15:00,43.239998
2018-02-18 01:30:00,41.489998
2018-02-18 01:45:00,41.489998
2018-02-18 02:00:00,45.0
2018-02-18 02:15:00,45.7
2018-02-18 02:30:00,45.7
2018-02-18 02:45:00,41.0
2018-02-18 03:00:00,44.96
2018-02-18 03:15:00,44.08
2018-02-18 03:30:00,57.739998
2018-02-18 03:45:00,46.699997
2018-02-18 04:00:00,46.35
2018-02-18 04:15:00,35.010002
2018-02-18 04:30:00,29.39
2018-02-18 04:45:00,22.82
2018-02-18 05:00:00,18.38
2018-02-18 05:15:00,18.310001
2018-02-18 05:30:00,18.0
2018-02-18 05:45:00,31.31
2018-02-18 06:00:00,27.76
2018-02-18 06:15:00,35.65
2018-02-18 06:30:00,39.64
2018-02-18 06:45:00,37.760002
2018-02-18 07:00:00,39.010002
2018-02-18 07:15:00,45.21
2018-02-18 07:30:00,43.629997
2018-02-18 07:45:00,41.14
2018-02-18 08:00:00,30.0
2018-02-18 08:15:00,29.04
2018-02-18 08:30:00,36.309998
2018-02-18 08:45:00,55.45
2018-02-18 09:00:00,52.239998
2018-02-18 09:15:00,44.059998
2018-02-18 09:30:00,51.27
2018-02-18 09:45:00,68.6
2018-02-18 10:00:00,89.03
2018-02-18 10:15:00,90.28999
2018-02-18 10:30:00,109.55
2018-02-18 10:45:00,125.100006
2018-02-18 11:00:00,138.71999
2018-02-18 11:15:00,147.95
2018-02-18 11:30:00,148.31
2018-02-18 11:45:00,162.03
2018-02-18 12:00:00,182.6
2018-02-18 12:15:00,117.36
2018-02-18 12:30:00,85.05
2018-02-18 12:45:00,115.119995
2018-02-18 13:00:00,105.600006
2018-02-18 13:15:00,88.630005
2018-02-18 13:30:00,90.07
2018-02-18 13:45:00,158.55
2018-02-18 14:00:00,206.60999
2018-02-18 14:15:00,226.85999
2018-02-18 14:30:00,228.61
2018-02-18 14:45:00,227.0
2018-02-18 15:00:00,227.78
2018-02-18 15:15:00,227.12
2018-02-18 15:30:00,214.34
2018-02-18 15:45:00,180.82
2018-02-18 16:00:00,151.44
2018-02-18 16:15:00,155.70999
2018-02-18 16:30:00,168.58
2018-02-18 16:45:00,174.89
2018-02-18 17:00:00,161.91
2018-02-18 17:15:00,157.21999
2018-02-18 17:30:00,145.20999
2018-02-18 17:45:00,145.41
2018-02-18 18:00:00,154.35
2018-02-18 18:15:00,129.15
2018-02-18 18:30:00,138.45999
2018-02-18 18:45:00,184.56
2018-02-18 19:00:00,202.98999
2018-02-18 19:15:00,199.59
2018-02-18 19:30:00,180.09
2018-02-18 19:45:00,153.25998
2018-02-18 20:00:00,118.46
2018-02-18 20:15:00,152.56
2018-02-18 20:30:00,153.77998
2018-02-18 20:45:00,128.71
2018-02-18 21:00:00,135.17
2018-02-18 21:15:00,117.09
2018-02-18 21:30:00,114.91
2018-02-18 21:45:00,157.4
2018-02-18 22:00:00,186.81
2018-02-18 22:15:00,184.14
2018-02-18 22:30:00,171.34999
2018-02-18 22:45:00,165.7
2018-02-18 23:00:00,217.43
2018-02-18 23:15:00,221.83
2018-02-18 23:30:00,220.7
2018-02-18 23:45:00,219.70999
2018-02-19 00:00:00,204.42001
2018-02-19 00:15:00,198.42
2018-02-19 00:30:00,203.09998
2018-02-19 00:45:00,211.70999
2018-02-19 01:00:00,217.36
2018-02-19 01:15:00,218.43
2018-02-19 01:30:00,203.33
2018-02-19 01:45:00,199.26
2018-02-19 02:00:00,190.98999
2018-02-19 02:15:00,185.73999
2018-02-19 02:30:00,170.22
2018-02-19 02:45:00,167.11
2018-02-19 03:00:00,159.44
2018-02-19 03:15:00,139.32999
2018-02-19 03:30:00,126.96001
2018-02-19 03:45:00,141.73999
2018-02-19 04:00:00,151.87
2018-02-19 04:15:00,142.51999
2018-02-19 04:30:00,124.490005
2018-02-19 04:45:00,130.0
2018-02-19 05:00:00,127.8
2018-02-19 05:15:00,130.83
2018-02-19 05:30:00,132.38
2018-02-19 05:45:00,138.75
2018-02-19 06:00:00,143.18
2018-02-19 06:15:00,155.13
2018-02-19 06:30:00,171.54001
2018-02-19 06:45:00,164.20999
2018-02-19 07:00:00,151.26
2018-02-19 07:15:00,159.89
2018-02-19 07:30:00,163.21999
2018-02-19 07:45:00,173.82
2018-02-19 08:00:00,193.01999
2018-02-19 08:15:00,192.95
2018-02-19 08:30:00,194.98001
2018-02-19 08:45:00,198.94
2018-02-19 09:00:00,201.4
2018-02-19 09:15:00,193.01
2018-02-19 09:30:00,186.25998
2018-02-19 09:45:00,175.56
2018-02-19 10:00:00,72.55
2018-02-19 10:15:00,151.32
2018-02-19 10:30:00,139.24
2018-02-19 10:45:00,143.85
2018-02-19 11:00:00,126.28
2018-02-19 11:15:00,133.12
2018-02-19 11:30:00,141.41
2018-02-19 11:45:00,136.67
2018-02-19 12:00:00,150.08
2018-02-19 12:15:00,171.55
2018-02-19 12:30:00,179.29999
2018-02-19 12:45:00,134.85
2018-02-19 13:00:00,113.100006
2018-02-19 13:15:00,106.92
2018-02-19 13:30:00,112.83
2018-02-19 13:45:00,104.34
2018-02-19 14:00:00,91.15
2018-02-19 14:15:00,82.45
2018-02-19 14:30:00,76.82
2018-02-19 14:45:00,90.09
2018-02-19 15:00:00,125.32001
2018-02-19 15:15:00,172.58
2018-02-19 15:30:00,155.61
2018-02-19 15:45:00,172.24998
2018-02-19 16:00:00,194.75
2018-02-19 16:15:00,190.54999
2018-02-19 16:30:00,186.78
2018-02-19 16:45:00,190.32
2018-02-19 17:00:00,168.19
2018-02-19 17:15:00,153.73999
2018-02-19 17:30:00,145.42
2018-02-19 17:45:00,138.54001
2018-02-19 18:00:00,156.20001
2018-02-19 18:15:00,141.22998
2018-02-19 18:30:00,147.36
2018-02-19 18:45:00,148.36
2018-02-19 19:00:00,139.20999
2018-02-19 19:15:00,167.16
2018-02-19 19:30:00,163.28
2018-02-19 19:45:00,141.38
2018-02-19 20:00:00,171.48999
2018-02-19 20:15:00,173.0
2018-02-19 20:30:00,169.04999
2018-02-19 20:45:00,156.01001
2018-02-19 21:00:00,155.37
2018-02-19 21:15:00,147.07
2018-02-19 21:30:00,149.69
2018-02-19 21:45:00,165.13
2018-02-19 22:00:00,159.69
2018-02-19 22:15:00,157.79001
2018-02-19 22:30:00,179.34
2018-02-19 22:45:00,163.07
2018-02-19 23:00:00,173.24998
2018-02-19 23:15:00,130.45
2018-02-19 23:30:00,113.57
2018-02-19 23:45:00,104.020004
2018-02-20 00:00:00,112.31
2018-02-20 00:15:00,108.56
2018-02-20 00:30:00,94.55
2018-02-20 00:45:00,87.62
2018-02-20 01:00:00,76.92
2018-02-20 01:15:00,126.01
2018-02-20 01:30:00,103.520004
2018-02-20 01:45:00,102.64
2018-02-20 02:00:00,108.4
2018-02-20 02:15:00,178.23999
2018-02-20 02:30:00,162.14
2018-02-20 02:45:00,165.82
2018-02-20 03:00:00,183.57
2018-02-20 03:15:00,219.31
2018-02-20 03:30:00,224.07
2018-02-20 03:45:00,228.42
2018-02-20 04:00:00,226.2
2018-02-20 04:15:00,214.45
2018-02-20 04:30:00,214.68
2018-02-20 04:45:00,214.00998
2018-02-20 05:00:00,222.01999
2018-02-20 05:15:00,220.4
2018-02-20 05:30:00,218.25
2018-02-20 05:45:00,211.83
2018-02-20 06:00:00,214.68
2018-02-20 06:15:00,201.5
2018-02-20 06:30:00,185.65
2018-02-20 06:45:00,192.18999
2018-02-20 07:00:00,183.56
2018-02-20 07:15:00,173.33
2018-02-20 07:30:00,165.17
2018-02-20 07:45:00,166.87
2018-02-20 08:00:00,176.06
2018-02-20 08:15:00,176.86
2018-02-20 08:30:00,180.73
2018-02-20 08:45:00,167.47
2018-02-20 09:00:00,178.07
2018-02-20 09:15:00,192.72
2018-02-20 09:30:00,213.34998
2018-02-20 09:45:00,220.87
2018-02-20 10:00:00,224.43
2018-02-20 10:15:00,225.4
2018-02-20 10:30:00,224.02998
2018-02-20 10:45:00,212.98999
2018-02-20 11:00:00,209.04001
2018-02-20 11:15:00,202.65
2018-02-20 11:30:00,200.63
2018-02-20 11:45:00,196.00998
2018-02-20 12:00:00,181.29
2018-02-20 12:15:00,161.42
2018-02-20 12:30:00,165.34
2018-02-20 12:45:00,163.42
2018-02-20 13:00:00,150.15
2018-02-20 13:15:00,127.95
2018-02-20 13:30:00,106.98
2018-02-20 13:45:00,106.99
2018-02-20 14:00:00,111.28
2018-02-20 14:15:00,113.479996
2018-02-20 14:30:00,119.82
2018-02-20 14:45:00,133.69
2018-02-20 15:00:00,101.8
2018-02-20 15:15:00,113.42
2018-02-20 15:30:00,110.39
2018-02-20 15:45:00,100.71
2018-02-20 16:00:00,98.850006
2018-02-20 16:15:00,115.479996
2018-02-20 16:30:00,122.86
2018-02-20 16:45:00,123.1
2018-02-20 17:00:00,99.32
2018-02-20 17:15:00,66.35
2018-02-20 17:30:00,53.89
2018-02-20 17:45:00,41.0
2018-02-20 18:00:00,50.99
2018-02-20 18:15:00,69.42
2018-02-20 18:30:00,48.4
2018-02-20 18:45:00,31.970001
2018-02-20 19:00:00,39.12
2018-02-20 19:15:00,30.56
2018-02-20 19:30:00,26.259998
2018-02-20 19:45:00,23.529999
2018-02-20 20:00:00,12.190001
2018-02-20 20:15:00,153.31998
2018-02-20 20:30:00,202.53
2018-02-20 20:45:00,176.89
2018-02-20 21:00:00,192.66998
2018-02-20 21:15:00,207.40997
2018-02-20 21:30:00,213.7
2018-02-20 21:45:00,201.93
2018-02-20 22:00:00,193.88
2018-02-20 22:15:00,186.82
2018-02-20 22:30:00,156.11
2018-02-20 22:45:00,165.45999
2018-02-20 23:00:00,149.76999
2018-02-20 23:15:00,149.41
2018-02-20 23:30:00,144.88
2018-02-20 23:45:00,115.66
2018-02-21 00:00:00,136.16
2018-02-21 00:15:00,138.26
2018-02-21 00:30:00,147.13
2018-02-21 00:45:00,143.65
2018-02-21 01:00:00,140.69
2018-02-21 01:15:00,141.78
2018-02-21 01:30:00,145.17
2018-02-21 01:45:00,147.01999
2018-02-21 02:00:00,167.66
2018-02-21 02:15:00,172.79001
2018-02-21 02:30:00,169.53
2018-02-21 02:45:00,181.57999
2018-02-21 03:00:00,181.69
2018-02-21 03:15:00,192.85
2018-02-21 03:30:00,168.36
2018-02-21 03:45:00,151.08
2018-02-21 04:00:00,156.72
2018-02-21 04:15:00,158.29999
2018-02-21 04:30:00,159.54001
2018-02-21 04:45:00,148.47998
2018-02-21 05:00:00,147.35999
2018-02-21 05:15:00,170.47
2018-02-21 05:30:00,166.48999
2018-02-21 05:45:00,140.25
2018-02-21 06:00:00,154.13
2018-02-21 06:15:00,188.65
2018-02-21 06:30:00,164.86
2018-02-21 06:45:00,152.39
2018-02-21 07:00:00,154.92
2018-02-21 07:15:00,162.39001
2018-02-21 07:30:00,162.1
2018-02-21 07:45:00,188.01001
2018-02-21 08:00:00,119.43
2018-02-21 08:15:00,175.56
2018-02-21 08:30:00,145.38
2018-02-21 08:45:00,150.42001
2018-02-21 09:00:00,126.340004
2018-02-21 09:15:00,145.5
2018-02-21 09:30:00,130.88
2018-02-21 09:45:00,123.43
2018-02-21 10:00:00,119.92999
2018-02-21 10:15:00,92.31
2018-02-21 10:30:00,109.91
2018-02-21 10:45:00,115.08
2018-02-21 11:00:00,105.68
2018-02-21 11:15:00,117.07
2018-02-21 11:30:00,95.020004
2018-02-21 11:45:00,72.51
2018-02-21 12:00:00,128.82
2018-02-21 12:15:00,122.61
2018-02-21 12:30:00,88.31
2018-02-21 12:45:00,77.630005
2018-02-21 13:00:00,77.83
2018-02-21 13:15:00,30.68
2018-02-21 13:30:00,25.07
2018-02-21 13:45:00,57.03
2018-02-21 14:00:00,82.46001
2018-02-21 14:15:00,115.28
2018-02-21 14:30:00,76.899994
2018-02-21 14:45:00,65.23
2018-02-21 15:00:00,100.22
2018-02-21 15:15:00,67.39
2018-02-21 15:30:00,63.14
2018-02-21 15:45:00,85.899994
2018-02-21 16:00:00,52.690002
2018-02-21 16:15:00,74.869995
2018-02-21 16:30:00,57.14
2018-02-21 16:45:00,60.440002
2018-02-21 17:00:00,75.04
2018-02-21 17:15:00,70.229996
2018-02-21 17:30:00,48.11
2018-02-21 17:45:00,42.6
2018-02-21 18:00:00,54.02
2018-02-21 18:15:00,43.47
2018-02-21 18:30:00,52.32
2018-02-21 18:45:00,37.4
2018-02-21 19:00:00,45.89
2018-02-21 19:15:00,46.81
2018-02-21 19:30:00,47.28
2018-02-21 19:45:00,43.47
2018-02-21 20:00:00,31.51
2018-02-21 20:15:00,34.23
2018-02-21 20:30:00,29.99
2018-02-21 20:45:00,35.17
2018-02-21 21:00:00,28.37
2018-02-21 21:15:00,27.64
2018-02-21 21:30:00,25.5
2018-02-21 21:45:00,24.65
2018-02-21 22:00:00,18.98
2018-02-21 22:15:00,12.87
2018-02-21 22:30:00,10.23
2018-02-21 22:45:00,5.57
2018-02-21 23:00:00,4.81
2018-02-21 23:15:00,3.54
2018-02-21 23:30:00,2.79
2018-02-21 23:45:00,1.66
2018-02-22 00:00:00,2.0
2018-02-22 00:15:00,0.78
2018-02-22 00:30:00,0.32999998
2018-02-22 00:45:00,0.59000003
2018-02-22 01:00:00,6.4500003
2018-02-22 01:15:00,0.22
2018-02-22 01:30:00,0.0
2018-02-22 01:45:00,0.0
2018-02-22 02:00:00,0.0
2018-02-22 02:15:00,0.0
2018-02-22 02:30:00,0.0
2018-02-22 02:45:00,0.0
2018-02-22 03:00:00,0.0
2018-02-22 03:15:00,0.0
2018-02-22 03:30:00,0.0
2018-02-22 03:45:00,0.0
2018-02-22 04:00:00,0.0
2018-02-22 04:15:00,0.0
2018-02-22 04:30:00,0.0
2018-02-22 04:45:00,0.0
2018-02-22 05:00:00,0.0
2018-02-22 05:15:00,0.0
2018-02-22 05:30:00,0.0
2018-02-22 05:45:00,0.0
2018-02-22 06:00:00,0.0
2018-02-22 06:15:00,0.0
2018-02-22 06:30:00,0.0
2018-02-22 06:45:00,0.0
2018-02-22 07:00:00,0.0
2018-02-22 07:15:00,0.0
2018-02-22 07:30:00,0.0
2018-02-22 07:45:00,0.0
2018-02-22 08:00:00,0.0
2018-02-22 08:15:00,0.0
2018-02-22 08:30:00,0.0
2018-02-22 08:45:00,0.0
2018-02-22 09:00:00,0.0
2018-02-22 09:15:00,0.0
2018-02-22 09:30:00,0.0
2018-02-22 09:45:00,0.0
2018-02-22 10:00:00,0.0
2018-02-22 10:15:00,0.0
2018-02-22 10:30:00,0.0
2018-02-22 10:45:00,0.0
2018-02-22 11:00:00,0.0
2018-02-22 11:15:00,0.0
2018-02-22 11:30:00,0.0
2018-02-22 11:45:00,0.0
2018-02-22 12:00:00,0.0
2018-02-22 12:15:00,0.0
2018-02-22 12:30:00,0.0
2018-02-22 12:45:00,0.0
2018-02-22 13:00:00,0.0
2018-02-22 13:15:00,0.0
2018-02-22 13:30:00,0.0
2018-02-22 13:45:00,0.0
2018-02-22 14:00:00,0.0
2018-02-22 14:15:00,0.0
2018-02-22 14:30:00,0.0
2018-02-22 14:45:00,0.0
2018-02-22 15:00:00,0.0
2018-02-22 15:15:00,0.0
2018-02-22 15:30:00,0.0
2018-02-22 15:45:00,0.0
2018-02-22 16:00:00,0.0
2018-02-22 16:15:00,0.0
2018-02-22 16:30:00,0.0
2018-02-22 16:45:00,0.0
2018-02-22 17:00:00,0.0
2018-02-22 17:15:00,0.0
2018-02-22 17:30:00,0.0
2018-02-22 17:45:00,0.0
2018-02-22 18:00:00,0.0
2018-02-22 18:15:00,0.0
2018-02-22 18:30:00,0.0
2018-02-22 18:45:00,0.0
2018-02-22 19:00:00,0.0
2018-02-22 19:15:00,0.0
2018-02-22 19:30:00,0.0
2018-02-22 19:45:00,0.0
2018-02-22 20:00:00,0.0
2018-02-22 20:15:00,0.0
2018-02-22 20:30:00,0.0
2018-02-22 20:45:00,0.0
2018-02-22 21:00:00,0.0
2018-02-22 21:15:00,0.0
2018-02-22 21:30:00,0.0
2018-02-22 21:45:00,0.0
2018-02-22 22:00:00,0.0
2018-02-22 22:15:00,0.0
2018-02-22 22:30:00,0.0
2018-02-22 22:45:00,0.0
2018-02-22 23:00:00,0.0
2018-02-22 23:15:00,0.0
2018-02-22 23:30:00,0.0
2018-02-22 23:45:00,0.0
2018-02-23 00:00:00,0.0
2018-02-23 00:15:00,0.0
2018-02-23 00:30:00,0.0
2018-02-23 00:45:00,0.0
2018-02-23 01:00:00,0.0
2018-02-23 01:15:00,0.0
2018-02-23 01:30:00,0.0
2018-02-23 01:45:00,0.0
2018-02-23 02:00:00,0.0
2018-02-23 02:15:00,0.0
2018-02-23 02:30:00,0.86
2018-02-23 02:45:00,0.75
2018-02-23 03:00:00,0.0
2018-02-23 03:15:00,19.439999
2018-02-23 03:30:00,24.900002
2018-02-23 03:45:00,24.5
2018-02-23 04:00:00,16.2
2018-02-23 04:15:00,23.990002
2018-02-23 04:30:00,30.75
2018-02-23 04:45:00,37.059998
2018-02-23 05:00:00,37.72
2018-02-23 05:15:00,39.29
2018-02-23 05:30:00,31.41
2018-02-23 05:45:00,30.29
2018-02-23 06:00:00,24.76
2018-02-23 06:15:00,34.09
2018-02-23 06:30:00,39.1
2018-02-23 06:45:00,39.129997
2018-02-23 07:00:00,42.02
2018-02-23 07:15:00,62.14
2018-02-23 07:30:00,74.01
2018-02-23 07:45:00,52.48
2018-02-23 08:00:00,45.370003
2018-02-23 08:15:00,24.529999
2018-02-23 08:30:00,5.3599997
2018-02-23 08:45:00,5.15
2018-02-23 09:00:00,4.36
2018-02-23 09:15:00,0.0
2018-02-23 09:30:00,0.0
2018-02-23 09:45:00,0.0
2018-02-23 10:00:00,0.0
2018-02-23 10:15:00,0.0
2018-02-23 10:30:00,0.0
2018-02-23 10:45:00,0.0
2018-02-23 11:00:00,0.0
2018-02-23 11:15:00,0.0
2018-02-23 11:30:00,0.0
2018-02-23 11:45:00,0.0
2018-02-23 12:00:00,0.0
2018-02-23 12:15:00,0.0
2018-02-23 12:30:00,0.0
2018-02-23 12:45:00,0.0
2018-02-23 13:00:00,0.0
2018-02-23 13:15:00,0.0
2018-02-23 13:30:00,0.0
2018-02-23 13:45:00,0.18
2018-02-23 14:00:00,0.0
2018-02-23 14:15:00,0.0
2018-02-23 14:30:00,4.96
2018-02-23 14:45:00,0.0
2018-02-23 15:00:00,0.0
2018-02-23 15:15:00,0.0
2018-02-23 15:30:00,0.0
2018-02-23 15:45:00,0.0
2018-02-23 16:00:00,0.0
2018-02-23 16:15:00,0.0
2018-02-23 16:30:00,0.0
2018-02-23 16:45:00,0.0
2018-02-23 17:00:00,0.0
2018-02-23 17:15:00,0.0
2018-02-23 17:30:00,0.0
2018-02-23 17:45:00,0.0
2018-02-23 18:00:00,0.0
2018-02-23 18:15:00,0.0
2018-02-23 18:30:00,0.0
2018-02-23 18:45:00,0.0
2018-02-23 19:00:00,0.0
2018-02-23 19:15:00,0.0
2018-02-23 19:30:00,0.0
2018-02-23 19:45:00,0.0
2018-02-23 20:00:00,0.0
2018-02-23 20:15:00,0.0
2018-02-23 20:30:00,0.0
2018-02-23 20:45:00,0.0
2018-02-23 21:00:00,0.0
2018-02-23 21:15:00,0.0
2018-02-23 21:30:00,0.0
2018-02-23 21:45:00,0.0
2018-02-23 22:00:00,0.0
2018-02-23 22:15:00,0.0
2018-02-23 22:30:00,0.0
2018-02-23 22:45:00,0.0
2018-02-23 23:00:00,0.0
2018-02-23 23:15:00,0.0
2018-02-23 23:30:00,0.0
2018-02-23 23:45:00,0.0
2018-02-24 00:00:00,0.0
2018-02-24 00:15:00,0.0
2018-02-24 00:30:00,0.0
2018-02-24 00:45:00,0.0
2018-02-24 01:00:00,0.0
2018-02-24 01:15:00,0.0
2018-02-24 01:30:00,0.0
2018-02-24 01:45:00,0.0
2018-02-24 02:00:00,0.16
2018-02-24 02:15:00,10.3
2018-02-24 02:30:00,4.69
2018-02-24 02:45:00,5.06
2018-02-24 03:00:00,4.35
2018-02-24 03:15:00,2.33
2018-02-24 03:30:00,1.18
2018-02-24 03:45:00,1.6899999
2018-02-24 04:00:00,1.32
2018-02-24 04:15:00,2.44
2018-02-24 04:30:00,6.04
2018-02-24 04:45:00,0.25
2018-02-24 05:00:00,10.539999
2018-02-24 05:15:00,2.54
2018-02-24 05:30:00,13.879999
2018-02-24 05:45:00,12.23
2018-02-24 06:00:00,18.02
2018-02-24 06:15:00,26.07
2018-02-24 06:30:00,55.77
2018-02-24 06:45:00,57.28
2018-02-24 07:00:00,58.69
2018-02-24 07:15:00,62.13
2018-02-24 07:30:00,46.36
2018-02-24 07:45:00,41.79
2018-02-24 08:00:00,42.78
2018-02-24 08:15:00,40.559998
2018-02-24 08:30:00,39.77
2018-02-24 08:45:00,26.0
2018-02-24 09:00:00,27.279999
2018-02-24 09:15:00,28.560001
2018-02-24 09:30:00,37.86
2018-02-24 09:45:00,38.33
2018-02-24 10:00:00,37.55
2018-02-24 10:15:00,28.390001
2018-02-24 10:30:00,10.93
2018-02-24 10:45:00,4.05
2018-02-24 11:00:00,3.7
2018-02-24 11:15:00,0.22
2018-02-24 11:30:00,4.19
2018-02-24 11:45:00,6.75
2018-02-24 12:00:00,23.36
2018-02-24 12:15:00,36.510002
2018-02-24 12:30:00,11.45
2018-02-24 12:45:00,1.22
2018-02-24 13:00:00,0.0
2018-02-24 13:15:00,8.37
2018-02-24 13:30:00,0.48999998
2018-02-24 13:45:00,0.81
2018-02-24 14:00:00,12.05
2018-02-24 14:15:00,32.739998
2018-02-24 14:30:00,39.440002
2018-02-24 14:45:00,52.989998
2018-02-24 15:00:00,71.869995
2018-02-24 15:15:00,67.8
2018-02-24 15:30:00,59.089996
2018-02-24 15:45:00,68.100006
2018-02-24 16:00:00,53.29
2018-02-24 16:15:00,54.59
2018-02-24 16:30:00,58.33
2018-02-24 16:45:00,141.25998
2018-02-24 17:00:00,167.75
2018-02-24 17:15:00,177.85999
2018-02-24 17:30:00,152.89
2018-02-24 17:45:00,108.03
2018-02-24 18:00:00,90.979996
2018-02-24 18:15:00,70.82001
2018-02-24 18:30:00,45.28
2018-02-24 18:45:00,41.1
2018-02-24 19:00:00,54.03
2018-02-24 19:15:00,70.16
2018-02-24 19:30:00,99.259995
2018-02-24 19:45:00,99.54
2018-02-24 20:00:00,83.3
2018-02-24 20:15:00,76.630005
2018-02-24 20:30:00,71.92
2018-02-24 20:45:00,82.67
2018-02-24 21:00:00,90.67
2018-02-24 21:15:00,96.16
2018-02-24 21:30:00,97.59
2018-02-24 21:45:00,87.619995
2018-02-24 22:00:00,82.84
2018-02-24 22:15:00,74.25
2018-02-24 22:30:00,66.03
2018-02-24 22:45:00,61.34
2018-02-24 23:00:00,38.71
2018-02-24 23:15:00,41.809998
2018-02-24 23:30:00,65.68
2018-02-24 23:45:00,60.66
2018-02-25 00:00:00,49.73
2018-02-25 00:15:00,39.18
2018-02-25 00:30:00,36.629997
2018-02-25 00:45:00,33.670002
2018-02-25 01:00:00,17.15
2018-02-25 01:15:00,10.0
2018-02-25 01:30:00,7.6299996
2018-02-25 01:45:00,7.66
2018-02-25 02:00:00,10.54
2018-02-25 02:15:00,8.03
2018-02-25 02:30:00,10.07
2018-02-25 02:45:00,10.07
2018-02-25 03:00:00,7.4399996
2018-02-25 03:15:00,6.7799997
2018-02-25 03:30:00,7.33
2018-02-25 03:45:00,8.47
2018-02-25 04:00:00,12.2699995
2018-02-25 04:15:00,18.23
2018-02-25 04:30:00,29.49
2018-02-25 04:45:00,28.829998
2018-02-25 05:00:00,23.52
2018-02-25 05:15:00,15.9
2018-02-25 05:30:00,8.639999
2018-02-25 05:45:00,4.09
2018-02-25 06:00:00,0.78
2018-02-25 06:15:00,0.0
2018-02-25 06:30:00,0.0
2018-02-25 06:45:00,0.0
2018-02-25 07:00:00,0.0
2018-02-25 07:15:00,0.0
2018-02-25 07:30:00,0.0
2018-02-25 07:45:00,0.0
2018-02-25 08:00:00,0.0
2018-02-25 08:15:00,0.0
2018-02-25 08:30:00,0.0
2018-02-25 08:45:00,0.0
2018-02-25 09:00:00,0.0
2018-02-25 09:15:00,0.0
2018-02-25 09:30:00,0.0
2018-02-25 09:45:00,0.0
2018-02-25 10:00:00,0.0
2018-02-25 10:15:00,0.0
2018-02-25 10:30:00,0.0
2018-02-25 10:45:00,0.0
2018-02-25 11:00:00,0.0
2018-02-25 11:15:00,0.0
2018-02-25 11:30:00,4.57
2018-02-25 11:45:00,11.9800005
2018-02-25 12:00:00,6.2
2018-02-25 12:15:00,2.78
2018-02-25 12:30:00,3.88
2018-02-25 12:45:00,5.73
2018-02-25 13:00:00,6.17
2018-02-25 13:15:00,8.38
2018-02-25 13:30:00,15.940001
2018-02-25 13:45:00,15.8
2018-02-25 14:00:00,15.68
2018-02-25 14:15:00,17.630001
2018-02-25 14:30:00,15.879999
2018-02-25 14:45:00,17.66
2018-02-25 15:00:00,12.72
2018-02-25 15:15:00,9.690001
2018-02-25 15:30:00,8.32
2018-02-25 15:45:00,15.63
2018-02-25 16:00:00,21.36
2018-02-25 16:15:00,21.46
2018-02-25 16:30:00,25.0
2018-02-25 16:45:00,31.03
2018-02-25 17:00:00,32.69
2018-02-25 17:15:00,30.55
2018-02-25 17:30:00,33.28
2018-02-25 17:45:00,46.48
2018-02-25 18:00:00,38.41
2018-02-25 18:15:00,43.39
2018-02-25 18:30:00,48.46
2018-02-25 18:45:00,80.08
2018-02-25 19:00:00,91.479996
2018-02-25 19:15:00,86.259995
2018-02-25 19:30:00,72.57
2018-02-25 19:45:00,120.09
2018-02-25 20:00:00,104.91
2018-02-25 20:15:00,110.08
2018-02-25 20:30:00,113.16
2018-02-25 20:45:00,122.47
2018-02-25 21:00:00,137.07999
2018-02-25 21:15:00,117.490005
2018-02-25 21:30:00,95.3
2018-02-25 21:45:00,88.05
2018-02-25 22:00:00,87.34
2018-02-25 22:15:00,102.82
2018-02-25 22:30:00,83.11
2018-02-25 22:45:00,56.809998
2018-02-25 23:00:00,56.730003
2018-02-25 23:15:00,48.44
2018-02-25 23:30:00,53.18
2018-02-25 23:45:00,30.33
2018-02-26 00:00:00,36.77
2018-02-26 00:15:00,25.4
2018-02-26 00:30:00,20.57
2018-02-26 00:45:00,22.76
2018-02-26 01:00:00,39.48
2018-02-26 01:15:00,91.82
2018-02-26 01:30:00,82.65
2018-02-26 01:45:00,80.94
2018-02-26 02:00:00,86.45
2018-02-26 02:15:00,88.3
2018-02-26 02:30:00,117.75
2018-02-26 02:45:00,144.26999
2018-02-26 03:00:00,111.240005
2018-02-26 03:15:00,101.64
2018-02-26 03:30:00,102.34
2018-02-26 03:45:00,96.82
2018-02-26 04:00:00,94.16
2018-02-26 04:15:00,82.83
2018-02-26 04:30:00,79.619995
2018-02-26 04:45:00,71.9
2018-02-26 05:00:00,59.78
2018-02-26 05:15:00,54.29
2018-02-26 05:30:00,49.39
2018-02-26 05:45:00,56.019997
2018-02-26 06:00:00,65.770004
2018-02-26 06:15:00,100.45
2018-02-26 06:30:00,74.79
2018-02-26 06:45:00,52.11
2018-02-26 07:00:00,44.85
2018-02-26 07:15:00,53.879997
2018-02-26 07:30:00,56.72
2018-02-26 07:45:00,62.17
2018-02-26 08:00:00,67.46001
2018-02-26 08:15:00,79.619995
2018-02-26 08:30:00,84.3
2018-02-26 08:45:00,87.64
2018-02-26 09:00:00,85.78
2018-02-26 09:15:00,93.28999
2018-02-26 09:30:00,83.1
2018-02-26 09:45:00,71.44
2018-02-26 10:00:00,59.33
2018-02-26 10:15:00,68.41
2018-02-26 10:30:00,52.5
2018-02-26 10:45:00,56.46
2018-02-26 11:00:00,50.09
2018-02-26 11:15:00,38.9
2018-02-26 11:30:00,36.550003
2018-02-26 11:45:00,37.93
2018-02-26 12:00:00,37.71
2018-02-26 12:15:00,25.91
2018-02-26 12:30:00,12.93
2018-02-26 12:45:00,5.66
2018-02-26 13:00:00,5.2200003
2018-02-26 13:15:00,4.4700003
2018-02-26 13:30:00,6.59
2018-02-26 13:45:00,5.54
2018-02-26 14:00:00,6.21
2018-02-26 14:15:00,5.41
2018-02-26 14:30:00,2.9899998
2018-02-26 14:45:00,2.58
2018-02-26 15:00:00,0.0
2018-02-26 15:15:00,0.34
2018-02-26 15:30:00,1.5799999
2018-02-26 15:45:00,5.5299997
2018-02-26 16:00:00,11.0199995
2018-02-26 16:15:00,16.6
2018-02-26 16:30:00,18.28
2018-02-26 16:45:00,13.24
2018-02-26 17:00:00,12.36
2018-02-26 17:15:00,6.81
2018-02-26 17:30:00,5.05
2018-02-26 17:45:00,5.37
2018-02-26 18:00:00,6.77
2018-02-26 18:15:00,2.29
2018-02-26 18:30:00,12.34
2018-02-26 18:45:00,2.09
2018-02-26 19:00:00,2.5500002
2018-02-26 19:15:00,0.75
2018-02-26 19:30:00,0.52
2018-02-26 19:45:00,18.029999
2018-02-26 20:00:00,1.71
2018-02-26 20:15:00,9.17
2018-02-26 20:30:00,15.99
2018-02-26 20:45:00,15.549999
2018-02-26 21:00:00,9.4
2018-02-26 21:15:00,2.6399999
2018-02-26 21:30:00,1.1400001
2018-02-26 21:45:00,1.29
2018-02-26 22:00:00,1.79
2018-02-26 22:15:00,4.2200003
2018-02-26 22:30:00,13.44
2018-02-26 22:45:00,22.69
2018-02-26 23:00:00,29.009998
2018-02-26 23:15:00,32.66
2018-02-26 23:30:00,26.91
2018-02-26 23:45:00,22.51
2018-02-27 00:00:00,21.39
2018-02-27 00:15:00,20.92
2018-02-27 00:30:00,15.42
2018-02-27 00:45:00,13.52
2018-02-27 01:00:00,16.6
2018-02-27 01:15:00,15.67
2018-02-27 01:30:00,21.650002
2018-02-27 01:45:00,33.94
2018-02-27 02:00:00,42.690002
2018-02-27 02:15:00,56.769997
2018-02-27 02:30:00,96.08
2018-02-27 02:45:00,122.44
2018-02-27 03:00:00,158.41998
2018-02-27 03:15:00,177.81
2018-02-27 03:30:00,189.35
2018-02-27 03:45:00,208.84
2018-02-27 04:00:00,211.06
2018-02-27 04:15:00,208.99998
2018-02-27 04:30:00,214.13
2018-02-27 04:45:00,211.99998
2018-02-27 05:00:00,211.5
2018-02-27 05:15:00,212.13
2018-02-27 05:30:00,212.37999
2018-02-27 05:45:00,211.93
2018-02-27 06:00:00,212.09
2018-02-27 06:15:00,212.34998
2018-02-27 06:30:00,212.07999
2018-02-27 06:45:00,211.68
2018-02-27 07:00:00,210.71999
2018-02-27 07:15:00,211.9
2018-02-27 07:30:00,210.61
2018-02-27 07:45:00,208.54001
2018-02-27 08:00:00,209.38998
2018-02-27 08:15:00,210.43
2018-02-27 08:30:00,209.16
2018-02-27 08:45:00,207.01001
2018-02-27 09:00:00,208.90999
2018-02-27 09:15:00,208.45999
2018-02-27 09:30:00,209.01997
2018-02-27 09:45:00,207.48999
2018-02-27 10:00:00,209.01997
2018-02-27 10:15:00,208.92
2018-02-27 10:30:00,208.70999
2018-02-27 10:45:00,208.6
2018-02-27 11:00:00,205.0
2018-02-27 11:15:00,207.75
2018-02-27 11:30:00,209.29
2018-02-27 11:45:00,207.1
2018-02-27 12:00:00,205.64
2018-02-27 12:15:00,203.27998
2018-02-27 12:30:00,207.70999
2018-02-27 12:45:00,208.62
2018-02-27 13:00:00,210.43
2018-02-27 13:15:00,207.17
2018-02-27 13:30:00,202.79999
2018-02-27 13:45:00,203.62
2018-02-27 14:00:00,193.84998
2018-02-27 14:15:00,177.74998
2018-02-27 14:30:00,159.72
2018-02-27 14:45:00,137.23999
2018-02-27 15:00:00,131.5
2018-02-27 15:15:00,130.36
2018-02-27 15:30:00,134.70999
2018-02-27 15:45:00,136.75
2018-02-27 16:00:00,133.23001
2018-02-27 16:15:00,125.65
2018-02-27 16:30:00,119.83
2018-02-27 16:45:00,118.22
2018-02-27 17:00:00,104.240005
2018-02-27 17:15:00,87.75
2018-02-27 17:30:00,97.86
2018-02-27 17:45:00,96.59
2018-02-27 18:00:00,73.770004
2018-02-27 18:15:00,73.14
2018-02-27 18:30:00,71.21
2018-02-27 18:45:00,63.09
2018-02-27 19:00:00,62.550003
2018-02-27 19:15:00,52.0
2018-02-27 19:30:00,44.11
2018-02-27 19:45:00,51.89
2018-02-27 20:00:00,70.76
2018-02-27 20:15:00,69.89
2018-02-27 20:30:00,73.44
2018-02-27 20:45:00,43.97
2018-02-27 21:00:00,55.379997
2018-02-27 21:15:00,50.33
2018-02-27 21:30:00,54.059998
2018-02-27 21:45:00,69.49
2018-02-27 22:00:00,44.980003
2018-02-27 22:15:00,43.989998
2018-02-27 22:30:00,42.38
2018-02-27 22:45:00,57.86
2018-02-27 23:00:00,59.449997
2018-02-27 23:15:00,29.71
2018-02-27 23:30:00,21.880001
2018-02-27 23:45:00,26.32
2018-02-28 00:00:00,34.72
2018-02-28 00:15:00,32.9
2018-02-28 00:30:00,37.5
2018-02-28 00:45:00,55.28
2018-02-28 01:00:00,56.16
2018-02-28 01:15:00,56.489998
2018-02-28 01:30:00,55.3
2018-02-28 01:45:00,63.22
2018-02-28 02:00:00,58.66
2018-02-28 02:15:00,64.37
2018-02-28 02:30:00,63.94
2018-02-28 02:45:00,63.25
2018-02-28 03:00:00,74.45
2018-02-28 03:15:00,74.61
2018-02-28 03:30:00,66.66
2018-02-28 03:45:00,64.71
2018-02-28 04:00:00,84.240005
2018-02-28 04:15:00,98.05
2018-02-28 04:30:00,117.68
2018-02-28 04:45:00,113.61
2018-02-28 05:00:00,127.81
2018-02-28 05:15:00,121.369995
2018-02-28 05:30:00,128.33
2018-02-28 05:45:00,109.130005
2018-02-28 06:00:00,87.37
2018-02-28 06:15:00,88.64
2018-02-28 06:30:00,94.490005
2018-02-28 06:45:00,97.6
2018-02-28 07:00:00,88.19
2018-02-28 07:15:00,71.91
2018-02-28 07:30:00,47.58
2018-02-28 07:45:00,55.53
2018-02-28 08:00:00,33.64
2018-02-28 08:15:00,58.54
2018-02-28 08:30:00,73.7
2018-02-28 08:45:00,61.22
2018-02-28 09:00:00,72.850006
2018-02-28 09:15:00,67.33
2018-02-28 09:30:00,56.46
2018-02-28 09:45:00,47.61
2018-02-28 10:00:00,64.08
2018-02-28 10:15:00,58.559998
2018-02-28 10:30:00,53.41
2018-02-28 10:45:00,52.22
2018-02-28 11:00:00,36.16
2018-02-28 11:15:00,41.52
2018-02-28 11:30:00,35.49
2018-02-28 11:45:00,24.77
2018-02-28 12:00:00,28.36
2018-02-28 12:15:00,24.369999
2018-02-28 12:30:00,23.759998
2018-02-28 12:45:00,29.81
2018-02-28 13:00:00,29.32
2018-02-28 13:15:00,16.23
2018-02-28 13:30:00,13.139999
2018-02-28 13:45:00,27.68
2018-02-28 14:00:00,31.78
2018-02-28 14:15:00,12.14
2018-02-28 14:30:00,16.3
2018-02-28 14:45:00,15.889999
2018-02-28 15:00:00,34.94
2018-02-28 15:15:00,24.98
2018-02-28 15:30:00,27.169998
2018-02-28 15:45:00,23.36
2018-02-28 16:00:00,35.65
2018-02-28 16:15:00,42.78
2018-02-28 16:30:00,32.39
2018-02-28 16:45:00,26.02
2018-02-28 17:00:00,24.31
2018-02-28 17:15:00,24.7
2018-02-28 17:30:00,19.92
2018-02-28 17:45:00,23.92
2018-02-28 18:00:00,24.61
2018-02-28 18:15:00,29.53
2018-02-28 18:30:00,20.41
2018-02-28 18:45:00,9.9
2018-02-28 19:00:00,38.92
2018-02-28 19:15:00,32.239998
2018-02-28 19:30:00,17.77
2018-02-28 19:45:00,33.0
2018-02-28 20:00:00,13.91
2018-02-28 20:15:00,11.73
2018-02-28 20:30:00,24.5
2018-02-28 20:45:00,6.5600004
2018-02-28 21:00:00,1.79
2018-02-28 21:15:00,0.74
2018-02-28 21:30:00,0.0
2018-02-28 21:45:00,0.0
2018-02-28 22:00:00,0.0
2018-02-28 22:15:00,0.0
2018-02-28 22:30:00,0.0
2018-02-28 22:45:00,0.0
2018-02-28 23:00:00,0.70000005
2018-02-28 23:15:00,3.11
2018-02-28 23:30:00,2.3
2018-02-28 23:45:00,0.0
2018-03-01 00:00:00,1.03
2018-03-01 00:15:00,1.1
2018-03-01 00:30:00,2.26
2018-03-01 00:45:00,3.65
2018-03-01 01:00:00,2.87
2018-03-01 01:15:00,4.66
2018-03-01 01:30:00,0.98
2018-03-01 01:45:00,13.99
2018-03-01 02:00:00,45.190002
2018-03-01 02:15:00,67.63
2018-03-01 02:30:00,136.31
2018-03-01 02:45:00,143.1
2018-03-01 03:00:00,146.73999
2018-03-01 03:15:00,155.45
2018-03-01 03:30:00,159.29001
2018-03-01 03:45:00,95.78
2018-03-01 04:00:00,80.53
2018-03-01 04:15:00,120.69
2018-03-01 04:30:00,107.5
2018-03-01 04:45:00,102.729996
2018-03-01 05:00:00,90.91
2018-03-01 05:15:00,49.39
2018-03-01 05:30:00,50.84
2018-03-01 05:45:00,38.03
2018-03-01 06:01:00,66.020004
2018-03-01 06:15:00,133.78
2018-03-01 06:30:00,187.74998
2018-03-01 06:45:00,158.61
2018-03-01 07:00:00,89.46
2018-03-01 07:15:00,144.5
2018-03-01 07:30:00,152.28
2018-03-01 07:45:00,134.04
2018-03-01 08:00:00,142.47
2018-03-01 08:15:00,135.13
2018-03-01 08:30:00,113.01
2018-03-01 08:45:00,119.33
2018-03-01 09:00:00,114.29
2018-03-01 09:15:00,145.28
2018-03-01 09:30:00,129.13
2018-03-01 09:45:00,98.990005
2018-03-01 10:00:00,59.28
2018-03-01 10:15:00,62.57
2018-03-01 10:30:00,51.83
2018-03-01 10:45:00,75.18
2018-03-01 11:00:00,110.01
2018-03-01 11:15:00,129.27
2018-03-01 11:30:00,106.16
2018-03-01 11:45:00,104.07
2018-03-01 12:00:00,110.56
2018-03-01 12:15:00,123.88
2018-03-01 12:30:00,121.5
2018-03-01 12:45:00,138.01001
2018-03-01 13:00:00,99.25
2018-03-01 13:15:00,114.96
2018-03-01 13:30:00,113.11
2018-03-01 13:45:00,113.95999
2018-03-01 14:00:00,110.04
2018-03-01 14:15:00,89.49
2018-03-01 14:30:00,125.94
2018-03-01 14:45:00,142.39
2018-03-01 15:00:00,166.76001
2018-03-01 15:15:00,145.84
2018-03-01 15:30:00,132.83
2018-03-01 15:45:00,135.31
2018-03-01 16:00:00,99.79
2018-03-01 16:15:00,75.69
2018-03-01 16:30:00,78.46
2018-03-01 16:45:00,87.53
2018-03-01 17:00:00,93.270004
2018-03-01 17:15:00,96.78
2018-03-01 17:30:00,81.94
2018-03-01 17:45:00,88.67
2018-03-01 18:00:00,57.77
2018-03-01 18:15:00,74.36
2018-03-01 18:30:00,73.369995
2018-03-01 18:45:00,86.729996
2018-03-01 19:00:00,92.61
2018-03-01 19:15:00,101.79
2018-03-01 19:30:00,87.67
2018-03-01 19:45:00,90.95
2018-03-01 20:00:00,72.770004
2018-03-01 20:15:00,78.21001
2018-03-01 20:30:00,63.03
2018-03-01 20:45:00,61.260002
2018-03-01 21:00:00,70.66
2018-03-01 21:15:00,76.740005
2018-03-01 21:30:00,63.969997
2018-03-01 21:45:00,66.89
2018-03-01 22:00:00,61.14
2018-03-01 22:15:00,58.62
2018-03-01 22:30:00,51.879997
2018-03-01 22:45:00,37.260002
2018-03-01 23:00:00,30.15
2018-03-01 23:15:00,27.8
2018-03-01 23:30:00,28.720001
2018-03-01 23:45:00,26.720001
2018-03-02 00:00:00,19.759998
2018-03-02 00:15:00,11.8
2018-03-02 00:30:00,9.690001
2018-03-02 00:45:00,9.62
2018-03-02 01:00:00,13.01
2018-03-02 01:15:00,10.91
2018-03-02 01:30:00,19.43
2018-03-02 01:45:00,17.86
2018-03-02 02:00:00,19.23
2018-03-02 02:15:00,15.1
2018-03-02 02:30:00,12.71
2018-03-02 02:45:00,12.2
2018-03-02 03:00:00,15.190001
2018-03-02 03:15:00,9.98
2018-03-02 03:30:00,12.93
2018-03-02 03:45:00,13.2
2018-03-02 04:00:00,14.77
2018-03-02 04:15:00,13.26
2018-03-02 04:30:00,10.55
2018-03-02 04:45:00,4.64
2018-03-02 05:00:00,3.9699998
2018-03-02 05:15:00,4.34
2018-03-02 05:30:00,3.98
2018-03-02 05:45:00,8.32
2018-03-02 06:00:00,12.63
2018-03-02 06:15:00,15.29
2018-03-02 06:30:00,13.49
2018-03-02 06:45:00,13.869999
2018-03-02 07:00:00,18.0
2018-03-02 07:15:00,21.27
2018-03-02 07:30:00,18.869999
2018-03-02 07:45:00,25.119999
2018-03-02 08:00:00,26.67
2018-03-02 08:15:00,31.949999
2018-03-02 08:30:00,28.13
2018-03-02 08:45:00,21.61
2018-03-02 09:00:00,17.42
2018-03-02 09:15:00,15.299999
2018-03-02 09:30:00,13.799999
2018-03-02 09:45:00,14.379999
2018-03-02 10:00:00,12.79
2018-03-02 10:15:00,15.42
2018-03-02 10:30:00,15.030001
2018-03-02 10:45:00,13.440001
2018-03-02 11:00:00,17.619999
2018-03-02 11:15:00,13.690001
2018-03-02 11:30:00,13.040001
2018-03-02 11:45:00,19.31
2018-03-02 12:00:00,18.86
2018-03-02 12:15:00,13.2699995
2018-03-02 12:30:00,13.719999
2018-03-02 12:45:00,16.55
2018-03-02 13:00:00,18.22
2018-03-02 13:15:00,19.07
2018-03-02 13:30:00,20.73
2018-03-02 13:45:00,26.32
2018-03-02 14:00:00,29.73
2018-03-02 14:15:00,26.4
2018-03-02 14:30:00,20.45
2018-03-02 14:45:00,24.11
2018-03-02 15:00:00,34.95
2018-03-02 15:15:00,40.25
2018-03-02 15:30:00,48.12
2018-03-02 15:45:00,54.53
2018-03-02 16:00:00,65.86
2018-03-02 16:15:00,61.699997
2018-03-02 16:30:00,62.88
2018-03-02 16:45:00,66.33
2018-03-02 17:00:00,81.31
2018-03-02 17:15:00,71.14
2018-03-02 17:30:00,66.03
2018-03-02 17:45:00,64.54
2018-03-02 18:00:00,65.93
2018-03-02 18:15:00,59.15
2018-03-02 18:30:00,52.25
2018-03-02 18:45:00,47.82
2018-03-02 19:00:00,50.120003
2018-03-02 19:15:00,42.43
2018-03-02 19:30:00,47.83
2018-03-02 19:45:00,35.5
2018-03-02 20:00:00,23.369999
2018-03-02 20:15:00,23.27
2018-03-02 20:30:00,27.220001
2018-03-02 20:45:00,26.94
2018-03-02 21:00:00,26.02
2018-03-02 21:15:00,31.26
2018-03-02 21:30:00,28.8
2018-03-02 21:45:00,36.21
2018-03-02 22:00:00,25.03
2018-03-02 22:15:00,31.76
2018-03-02 22:30:00,30.44
2018-03-02 22:45:00,25.02
2018-03-02 23:00:00,23.55
2018-03-02 23:15:00,19.69
2018-03-02 23:30:00,20.68
2018-03-02 23:45:00,21.92
2018-03-03 00:00:00,24.51
2018-03-03 00:15:00,18.3
2018-03-03 00:30:00,7.59
2018-03-03 00:45:00,5.91
2018-03-03 01:00:00,5.94
2018-03-03 01:15:00,10.32
2018-03-03 01:30:00,25.689999
2018-03-03 01:45:00,48.83
2018-03-03 02:00:00,50.510002
2018-03-03 02:15:00,57.5
2018-03-03 02:30:00,61.23
2018-03-03 02:45:00,54.59
2018-03-03 03:00:00,64.56
2018-03-03 03:15:00,67.200005
2018-03-03 03:30:00,77.979996
2018-03-03 03:45:00,90.850006
2018-03-03 04:00:00,101.42
2018-03-03 04:15:00,124.36
2018-03-03 04:30:00,157.32999
2018-03-03 04:45:00,174.68
2018-03-03 05:00:00,185.50998
2018-03-03 05:15:00,202.34998
2018-03-03 05:30:00,218.26
2018-03-03 05:45:00,217.58
2018-03-03 06:00:00,220.23
2018-03-03 06:15:00,221.51001
2018-03-03 06:30:00,220.64
2018-03-03 06:45:00,221.29001
2018-03-03 07:00:00,219.97
2018-03-03 07:15:00,221.63
2018-03-03 07:30:00,222.57
2018-03-03 07:45:00,224.01001
2018-03-03 08:00:00,223.95999
2018-03-03 08:15:00,224.33
2018-03-03 08:30:00,223.06
2018-03-03 08:45:00,224.04999
2018-03-03 09:00:00,223.70001
2018-03-03 09:15:00,224.51001
2018-03-03 09:30:00,223.22998
2018-03-03 09:45:00,223.05
2018-03-03 10:00:00,221.76001
2018-03-03 10:15:00,220.96999
2018-03-03 10:30:00,219.45999
2018-03-03 10:45:00,219.5
2018-03-03 11:00:00,218.95999
2018-03-03 11:15:00,217.82
2018-03-03 11:30:00,219.19
2018-03-03 11:45:00,219.17
2018-03-03 12:00:00,219.75998
2018-03-03 12:15:00,220.09
2018-03-03 12:30:00,220.86
2018-03-03 12:45:00,214.98999
2018-03-03 13:00:00,210.28
2018-03-03 13:15:00,203.07999
2018-03-03 13:30:00,202.17
2018-03-03 13:45:00,191.17001
2018-03-03 14:00:00,191.1
2018-03-03 14:15:00,189.81998
2018-03-03 14:30:00,200.85
2018-03-03 14:45:00,206.99998
2018-03-03 15:00:00,211.60999
2018-03-03 15:15:00,199.10999
2018-03-03 15:30:00,180.99
2018-03-03 15:45:00,168.26001
2018-03-03 16:00:00,148.31
2018-03-03 16:15:00,138.07
2018-03-03 16:30:00,130.7
2018-03-03 16:45:00,126.17
2018-03-03 17:00:00,118.41
2018-03-03 17:15:00,112.31
2018-03-03 17:30:00,116.43
2018-03-03 17:45:00,111.95
2018-03-03 18:00:00,148.15
2018-03-03 18:15:00,176.93999
2018-03-03 18:30:00,176.0
2018-03-03 18:45:00,162.0
2018-03-03 19:00:00,172.35
2018-03-03 19:15:00,191.45
2018-03-03 19:30:00,188.29999
2018-03-03 19:45:00,177.06
2018-03-03 20:00:00,166.25998
2018-03-03 20:15:00,167.88
2018-03-03 20:30:00,152.98999
2018-03-03 20:45:00,162.93
2018-03-03 21:00:00,166.96999
2018-03-03 21:15:00,124.49
2018-03-03 21:30:00,130.1
2018-03-03 21:45:00,128.90999
2018-03-03 22:00:00,144.25
2018-03-03 22:15:00,144.11
2018-03-03 22:30:00,144.51
2018-03-03 22:45:00,147.7
2018-03-03 23:00:00,148.76001
2018-03-03 23:15:00,151.67
2018-03-03 23:30:00,141.95001
2018-03-03 23:45:00,103.6
2018-03-04 00:00:00,157.82
2018-03-04 00:15:00,151.1
2018-03-04 00:30:00,168.76
2018-03-04 00:45:00,167.69
2018-03-04 01:00:00,217.86
2018-03-04 01:15:00,224.11
2018-03-04 01:30:00,224.4
2018-03-04 01:45:00,214.0
2018-03-04 02:00:00,187.61
2018-03-04 02:15:00,143.13
2018-03-04 02:30:00,51.77
2018-03-04 02:45:00,42.77
2018-03-04 03:00:00,71.7
2018-03-04 03:15:00,102.76
2018-03-04 03:30:00,137.92
2018-03-04 03:45:00,151.28
2018-03-04 04:00:00,166.26999
2018-03-04 04:15:00,190.26
2018-03-04 04:30:00,209.08
2018-03-04 04:45:00,216.26999
2018-03-04 05:00:00,219.59
2018-03-04 05:15:00,223.23999
2018-03-04 05:30:00,220.5
2018-03-04 05:45:00,218.95
2018-03-04 06:00:00,216.43
2018-03-04 06:15:00,216.45999
2018-03-04 06:30:00,208.98001
2018-03-04 06:45:00,204.41
2018-03-04 07:00:00,209.01001
2018-03-04 07:15:00,208.0
2018-03-04 07:30:00,213.47998
2018-03-04 07:45:00,216.21999
2018-03-04 08:00:00,217.82
2018-03-04 08:15:00,221.56
2018-03-04 08:30:00,221.07999
2018-03-04 08:45:00,214.29001
2018-03-04 09:00:00,208.12
2018-03-04 09:15:00,207.25998
2018-03-04 09:30:00,219.07999
2018-03-04 09:45:00,208.81
2018-03-04 10:00:00,181.83
2018-03-04 10:15:00,156.68
2018-03-04 10:30:00,173.51999
2018-03-04 10:45:00,168.48999
2018-03-04 11:00:00,182.43
2018-03-04 11:15:00,173.97998
2018-03-04 11:30:00,164.38
2018-03-04 11:45:00,156.29001
2018-03-04 12:00:00,115.39
2018-03-04 12:15:00,76.130005
2018-03-04 12:30:00,63.07
2018-03-04 12:45:00,58.29
2018-03-04 13:00:00,50.29
2018-03-04 13:15:00,58.120003
2018-03-04 13:30:00,68.97
2018-03-04 13:45:00,69.57
2018-03-04 14:00:00,67.619995
2018-03-04 14:15:00,73.259995
2018-03-04 14:30:00,90.32
2018-03-04 14:45:00,107.630005
2018-03-04 15:00:00,111.33
2018-03-04 15:15:00,124.39
2018-03-04 15:30:00,141.35
2018-03-04 15:45:00,141.85
2018-03-04 16:00:00,146.55
2018-03-04 16:15:00,148.11
2018-03-04 16:30:00,158.12
2018-03-04 16:45:00,174.74998
2018-03-04 17:00:00,179.18
2018-03-04 17:15:00,159.72
2018-03-04 17:30:00,159.38998
2018-03-04 17:45:00,154.84
2018-03-04 18:00:00,143.31
2018-03-04 18:15:00,153.51001
2018-03-04 18:30:00,134.23
2018-03-04 18:45:00,137.81
2018-03-04 19:00:00,119.49
2018-03-04 19:15:00,116.59
2018-03-04 19:30:00,107.29
2018-03-04 19:45:00,105.630005
2018-03-04 20:00:00,106.41
2018-03-04 20:15:00,92.19
2018-03-04 20:30:00,112.49
2018-03-04 20:45:00,122.130005
2018-03-04 21:00:00,153.68
2018-03-04 21:15:00,153.91
2018-03-04 21:30:00,178.34
2018-03-04 21:45:00,182.92001
2018-03-04 22:00:00,168.36
2018-03-04 22:15:00,171.57
2018-03-04 22:30:00,185.7
2018-03-04 22:45:00,175.56
2018-03-04 23:00:00,135.08
2018-03-04 23:15:00,148.93
2018-03-04 23:30:00,139.13
2018-03-04 23:45:00,143.95
2018-03-05 00:00:00,149.32
2018-03-05 00:15:00,122.12
2018-03-05 00:30:00,133.48999
2018-03-05 00:45:00,106.71
2018-03-05 01:00:00,107.53
2018-03-05 01:15:00,139.76001
2018-03-05 01:30:00,147.61
2018-03-05 01:45:00,128.24
2018-03-05 02:00:00,142.84
2018-03-05 02:15:00,155.67
2018-03-05 02:30:00,156.19998
2018-03-05 02:45:00,145.07
2018-03-05 03:00:00,134.09
2018-03-05 03:15:00,135.92
2018-03-05 03:30:00,155.26999
2018-03-05 03:45:00,148.73
2018-03-05 04:00:00,134.19
2018-03-05 04:15:00,133.78
2018-03-05 04:30:00,137.97
2018-03-05 04:45:00,152.53
2018-03-05 05:00:00,164.7
2018-03-05 05:15:00,161.1
2018-03-05 05:30:00,157.63
2018-03-05 05:45:00,156.72
2018-03-05 06:00:00,160.91
2018-03-05 06:15:00,172.93999
2018-03-05 06:30:00,179.55
2018-03-05 06:45:00,185.62
2018-03-05 07:00:00,174.82
2018-03-05 07:15:00,171.69998
2018-03-05 07:30:00,176.43999
2018-03-05 07:45:00,170.72
2018-03-05 08:00:00,189.53
2018-03-05 08:15:00,192.5
2018-03-05 08:30:00,193.21999
2018-03-05 08:45:00,186.51999
2018-03-05 09:00:00,197.88
2018-03-05 09:15:00,187.12
2018-03-05 09:30:00,202.72
2018-03-05 09:45:00,202.14
2018-03-05 10:00:00,193.70999
2018-03-05 10:15:00,161.26999
2018-03-05 10:30:00,139.38
2018-03-05 10:45:00,101.61
2018-03-05 11:00:00,101.2
2018-03-05 11:15:00,79.149994
2018-03-05 11:30:00,74.05
2018-03-05 11:45:00,65.56
2018-03-05 12:00:00,43.84
2018-03-05 12:15:00,168.95999
2018-03-05 12:30:00,201.68
2018-03-05 12:45:00,150.89001
2018-03-05 13:00:00,110.649994
2018-03-05 13:15:00,83.94
2018-03-05 13:30:00,91.369995
2018-03-05 13:45:00,77.630005
2018-03-05 14:00:00,78.63
2018-03-05 14:15:00,76.26
2018-03-05 14:30:00,83.62
2018-03-05 14:45:00,92.490005
2018-03-05 15:00:00,94.71
2018-03-05 15:15:00,134.4
2018-03-05 15:30:00,173.45999
2018-03-05 15:45:00,167.41
2018-03-05 16:00:00,161.91
2018-03-05 16:15:00,152.62997
2018-03-05 16:30:00,172.72
2018-03-05 16:45:00,182.03998
2018-03-05 17:00:00,192.15
2018-03-05 17:15:00,186.88
2018-03-05 17:30:00,182.75
2018-03-05 17:45:00,172.99
2018-03-05 18:00:00,181.39
2018-03-05 18:15:00,163.18999
2018-03-05 18:30:00,170.06
2018-03-05 18:45:00,142.01001
2018-03-05 19:00:00,135.08
2018-03-05 19:15:00,120.729996
2018-03-05 19:30:00,93.28
2018-03-05 19:45:00,98.21
2018-03-05 20:00:00,79.33
2018-03-05 20:15:00,70.79
2018-03-05 20:30:00,59.47
2018-03-05 20:45:00,48.22
2018-03-05 21:00:00,36.07
2018-03-05 21:15:00,37.28
2018-03-05 21:30:00,20.67
2018-03-05 21:45:00,20.79
2018-03-05 22:00:00,20.49
2018-03-05 22:15:00,17.47
2018-03-05 22:30:00,26.77
2018-03-05 22:45:00,24.68
2018-03-05 23:00:00,25.58
2018-03-05 23:15:00,37.73
2018-03-05 23:30:00,28.68
2018-03-05 23:45:00,24.05
2018-03-06 00:00:00,15.72
2018-03-06 00:15:00,23.85
2018-03-06 00:30:00,37.379997
2018-03-06 00:45:00,27.560001
2018-03-06 01:00:00,6.67
2018-03-06 01:15:00,1.5899999
2018-03-06 01:30:00,0.95
2018-03-06 01:45:00,2.88
2018-03-06 02:00:00,2.02
2018-03-06 02:15:00,2.72
2018-03-06 02:30:00,2.94
2018-03-06 02:45:00,5.09
2018-03-06 03:00:00,10.57
2018-03-06 03:15:00,12.55
2018-03-06 03:30:00,12.360001
2018-03-06 03:45:00,8.73
2018-03-06 04:00:00,7.1400003
2018-03-06 04:15:00,6.5
2018-03-06 04:30:00,1.77
2018-03-06 04:45:00,8.09
2018-03-06 05:00:00,6.64
2018-03-06 05:15:00,5.0
2018-03-06 05:30:00,2.66
2018-03-06 05:45:00,4.37
2018-03-06 06:00:00,6.09
2018-03-06 06:15:00,5.3900003
2018-03-06 06:30:00,4.81
2018-03-06 06:45:00,6.14
2018-03-06 07:00:00,5.7
2018-03-06 07:15:00,10.49
2018-03-06 07:30:00,9.940001
2018-03-06 07:45:00,12.04
2018-03-06 08:00:00,10.84
2018-03-06 08:15:00,11.65
2018-03-06 08:30:00,14.16
2018-03-06 08:45:00,10.059999
2018-03-06 09:00:00,8.88
2018-03-06 09:15:00,9.77
2018-03-06 09:30:00,9.24
2018-03-06 09:45:00,10.53
2018-03-06 10:00:00,9.97
2018-03-06 10:15:00,10.16
2018-03-06 10:30:00,9.29
2018-03-06 10:45:00,11.110001
2018-03-06 11:00:00,11.030001
2018-03-06 11:15:00,11.1
2018-03-06 11:30:00,10.93
2018-03-06 11:45:00,6.02
2018-03-06 12:00:00,8.68
2018-03-06 12:15:00,6.7200003
2018-03-06 12:30:00,4.74
2018-03-06 12:45:00,3.46
2018-03-06 13:00:00,0.24
2018-03-06 13:15:00,0.0
2018-03-06 13:30:00,0.0
2018-03-06 13:45:00,0.0
2018-03-06 14:00:00,0.0
2018-03-06 14:15:00,0.0
2018-03-06 14:30:00,2.1
2018-03-06 14:45:00,23.11
2018-03-06 15:00:00,32.629997
2018-03-06 15:15:00,23.36
2018-03-06 15:30:00,29.59
2018-03-06 15:45:00,45.15
2018-03-06 16:00:00,52.32
2018-03-06 16:15:00,63.82
2018-03-06 16:30:00,70.899994
2018-03-06 16:45:00,74.82
2018-03-06 17:00:00,59.09
2018-03-06 17:15:00,48.5
2018-03-06 17:30:00,37.64
2018-03-06 17:45:00,33.260002
2018-03-06 18:00:00,32.949997
2018-03-06 18:15:00,25.43
2018-03-06 18:30:00,26.42
2018-03-06 18:45:00,26.029999
2018-03-06 19:00:00,26.509998
2018-03-06 19:15:00,26.24
2018-03-06 19:30:00,37.4
2018-03-06 19:45:00,35.48
2018-03-06 20:00:00,32.42
2018-03-06 20:15:00,40.97
2018-03-06 20:30:00,36.980003
2018-03-06 20:45:00,33.61
2018-03-06 21:00:00,43.559998
2018-03-06 21:15:00,38.98
2018-03-06 21:30:00,35.62
2018-03-06 21:45:00,35.21
2018-03-06 22:00:00,35.21
2018-03-06 22:15:00,38.45
2018-03-06 22:30:00,37.48
2018-03-06 22:45:00,39.04
2018-03-06 23:00:00,44.260002
2018-03-06 23:15:00,35.6
2018-03-06 23:30:00,36.46
2018-03-06 23:45:00,31.59
2018-03-07 00:00:00,34.67
2018-03-07 00:15:00,19.73
2018-03-07 00:30:00,13.93
2018-03-07 00:45:00,14.78
2018-03-07 01:00:00,14.1
2018-03-07 01:15:00,12.45
2018-03-07 01:30:00,10.67
2018-03-07 01:45:00,11.26
2018-03-07 02:00:00,5.35
2018-03-07 02:15:00,6.66
2018-03-07 02:30:00,8.969999
2018-03-07 02:45:00,8.16
2018-03-07 03:00:00,9.099999
2018-03-07 03:15:00,7.6600003
2018-03-07 03:30:00,4.8
2018-03-07 03:45:00,9.72
2018-03-07 04:00:00,15.6
2018-03-07 04:15:00,24.16
2018-03-07 04:30:00,32.22
2018-03-07 04:45:00,40.39
2018-03-07 05:00:00,42.8
2018-03-07 05:15:00,50.48
2018-03-07 05:30:00,35.62
2018-03-07 05:45:00,36.050003
2018-03-07 06:00:00,35.31
2018-03-07 06:15:00,34.02
2018-03-07 06:30:00,46.6
2018-03-07 06:45:00,73.0
2018-03-07 07:00:00,80.67
2018-03-07 07:15:00,98.369995
2018-03-07 07:30:00,71.32
2018-03-07 07:45:00,88.5
2018-03-07 08:00:00,68.53
2018-03-07 08:15:00,67.5
2018-03-07 08:30:00,55.489998
2018-03-07 08:45:00,39.85
2018-03-07 09:00:00,34.78
2018-03-07 09:15:00,34.739998
2018-03-07 09:30:00,27.89
2018-03-07 09:45:00,31.57
2018-03-07 10:00:00,36.12
2018-03-07 10:15:00,40.6
2018-03-07 10:30:00,54.6
2018-03-07 10:45:00,50.04
2018-03-07 11:00:00,54.47
2018-03-07 11:15:00,61.11
2018-03-07 11:30:00,71.06
2018-03-07 11:45:00,73.67
2018-03-07 12:00:00,59.010002
2018-03-07 12:15:00,45.22
2018-03-07 12:30:00,50.43
2018-03-07 12:45:00,44.19
2018-03-07 13:00:00,44.809998
2018-03-07 13:15:00,49.65
2018-03-07 13:30:00,39.199997
2018-03-07 13:45:00,25.400002
2018-03-07 14:00:00,2.6399999
2018-03-07 14:15:00,0.0
2018-03-07 14:30:00,0.0
2018-03-07 14:45:00,0.0
2018-03-07 15:00:00,0.0
2018-03-07 15:15:00,0.0
2018-03-07 15:30:00,9.5199995
2018-03-07 15:45:00,0.15
2018-03-07 16:00:00,0.0
2018-03-07 16:15:00,0.0
2018-03-07 16:30:00,0.0
2018-03-07 16:45:00,0.0
2018-03-07 17:00:00,0.0
2018-03-07 17:15:00,0.0
2018-03-07 17:30:00,0.0
2018-03-07 17:45:00,0.0
2018-03-07 18:00:00,0.0
2018-03-07 18:15:00,0.0
2018-03-07 18:30:00,0.0
2018-03-07 18:45:00,0.0
2018-03-07 19:00:00,0.0
2018-03-07 19:15:00,0.0
2018-03-07 19:30:00,0.0
2018-03-07 19:45:00,0.0
2018-03-07 20:00:00,0.0
2018-03-07 20:15:00,0.0
2018-03-07 20:30:00,0.0
2018-03-07 20:45:00,0.0
2018-03-07 21:00:00,0.0
2018-03-07 21:15:00,6.2799997
2018-03-07 21:30:00,0.22
2018-03-07 21:45:00,1.06
2018-03-07 22:00:00,6.09
2018-03-07 22:15:00,4.24
2018-03-07 22:30:00,4.24
2018-03-07 22:45:00,4.24
2018-03-07 23:00:00,4.24
2018-03-07 23:15:00,4.24
2018-03-07 23:30:00,4.24
2018-03-07 23:45:00,4.24
2018-03-08 00:00:00,4.24
2018-03-08 00:15:00,4.24
2018-03-08 00:30:00,4.24
2018-03-08 00:45:00,4.24
2018-03-08 01:00:00,3.54
2018-03-08 01:15:00,10.26
2018-03-08 01:30:00,9.85
2018-03-08 01:45:00,0.0
2018-03-08 02:00:00,0.0
2018-03-08 02:15:00,10.82
2018-03-08 02:30:00,1.46
2018-03-08 02:45:00,1.5699999
2018-03-08 03:00:00,2.0500002
2018-03-08 03:15:00,10.04
2018-03-08 03:30:00,26.279999
2018-03-08 03:45:00,38.059998
2018-03-08 04:00:00,40.64
2018-03-08 04:15:00,34.760002
2018-03-08 04:30:00,34.46
2018-03-08 04:45:00,29.0
2018-03-08 05:00:00,26.42
2018-03-08 05:15:00,32.42
2018-03-08 05:30:00,50.58
2018-03-08 05:45:00,56.82
2018-03-08 06:00:00,40.9
2018-03-08 06:15:00,32.309998
2018-03-08 06:30:00,27.68
2018-03-08 06:45:00,31.169998
2018-03-08 07:00:00,26.55
2018-03-08 07:15:00,29.32
2018-03-08 07:30:00,33.63
2018-03-08 07:45:00,45.190002
2018-03-08 08:00:00,52.690002
2018-03-08 08:15:00,49.16
2018-03-08 08:30:00,51.96
2018-03-08 08:45:00,52.94
2018-03-08 09:00:00,53.42
2018-03-08 09:15:00,61.21
2018-03-08 09:30:00,66.54
2018-03-08 09:45:00,76.14
2018-03-08 10:00:00,85.84
2018-03-08 10:15:00,97.14
2018-03-08 10:30:00,114.41
2018-03-08 10:45:00,128.64
2018-03-08 11:00:00,128.33
2018-03-08 11:15:00,114.91
2018-03-08 11:30:00,117.67
2018-03-08 11:45:00,128.15999
2018-03-08 12:00:00,138.48999
2018-03-08 12:15:00,117.11
2018-03-08 12:30:00,108.69
2018-03-08 12:45:00,117.45
2018-03-08 13:00:00,141.90999
2018-03-08 13:15:00,155.94
2018-03-08 13:30:00,148.53
2018-03-08 13:45:00,152.38998
2018-03-08 14:00:00,160.11
2018-03-08 14:15:00,157.18
2018-03-08 14:30:00,143.96999
2018-03-08 14:45:00,126.56
2018-03-08 15:00:00,131.89001
2018-03-08 15:15:00,113.64
2018-03-08 15:30:00,123.05
2018-03-08 15:45:00,81.44
2018-03-08 16:00:00,75.08
2018-03-08 16:15:00,70.18
2018-03-08 16:30:00,73.65
2018-03-08 16:45:00,81.82
2018-03-08 17:00:00,92.34
2018-03-08 17:15:00,100.64
2018-03-08 17:30:00,116.04
2018-03-08 17:45:00,121.25
2018-03-08 18:00:00,95.979996
2018-03-08 18:15:00,100.619995
2018-03-08 18:30:00,114.68
2018-03-08 18:45:00,119.119995
2018-03-08 19:00:00,125.53
2018-03-08 19:15:00,129.13
2018-03-08 19:30:00,144.84
2018-03-08 19:45:00,155.67
2018-03-08 20:00:00,139.55
2018-03-08 20:15:00,161.37
2018-03-08 20:30:00,165.18
2018-03-08 20:45:00,170.73
2018-03-08 21:00:00,164.42
2018-03-08 21:15:00,166.15
2018-03-08 21:30:00,174.09999
2018-03-08 21:45:00,191.79001
2018-03-08 22:00:00,179.69
2018-03-08 22:15:00,182.85999
2018-03-08 22:30:00,164.85
2018-03-08 22:45:00,174.4
2018-03-08 23:00:00,185.47
2018-03-08 23:15:00,188.37
2018-03-08 23:30:00,168.41
2018-03-08 23:45:00,168.13998
2018-03-09 00:00:00,192.4
2018-03-09 00:15:00,199.26999
2018-03-09 00:30:00,195.56
2018-03-09 00:45:00,185.2
2018-03-09 01:00:00,192.48999
2018-03-09 01:15:00,176.66
2018-03-09 01:30:00,181.18
2018-03-09 01:45:00,196.57
2018-03-09 02:00:00,209.86
2018-03-09 02:15:00,212.79001
2018-03-09 02:30:00,221.05
2018-03-09 02:45:00,222.45
2018-03-09 03:00:00,219.82
2018-03-09 03:15:00,219.79001
2018-03-09 03:30:00,220.85
2018-03-09 03:45:00,222.45001
2018-03-09 04:00:00,222.4
2018-03-09 04:15:00,223.56
2018-03-09 04:30:00,222.76001
2018-03-09 04:45:00,221.11
2018-03-09 05:00:00,221.08
2018-03-09 05:15:00,221.13
2018-03-09 05:30:00,221.57999
2018-03-09 05:45:00,224.01997
2018-03-09 06:00:00,222.95999
2018-03-09 06:15:00,222.96999
2018-03-09 06:30:00,222.26999
2018-03-09 06:45:00,223.47
2018-03-09 07:00:00,222.83
2018-03-09 07:15:00,221.98999
2018-03-09 07:30:00,224.32999
2018-03-09 07:45:00,223.15
2018-03-09 08:00:00,224.13998
2018-03-09 08:15:00,223.95
2018-03-09 08:30:00,224.1
2018-03-09 08:45:00,222.94
2018-03-09 09:00:00,222.00998
2018-03-09 09:15:00,222.31
2018-03-09 09:30:00,222.72
2018-03-09 09:45:00,222.17
2018-03-09 10:00:00,222.62
2018-03-09 10:15:00,222.93
2018-03-09 10:30:00,223.56
2018-03-09 10:45:00,222.67001
2018-03-09 11:00:00,221.5
2018-03-09 11:15:00,219.50998
2018-03-09 11:30:00,219.29999
2018-03-09 11:45:00,219.9
2018-03-09 12:00:00,217.43
2018-03-09 12:15:00,214.28
2018-03-09 12:30:00,216.92
2018-03-09 12:45:00,219.78
2018-03-09 13:00:00,221.48999
2018-03-09 13:15:00,221.0
2018-03-09 13:30:00,218.57999
2018-03-09 13:45:00,213.09
2018-03-09 14:00:00,205.85
2018-03-09 14:15:00,201.51999
2018-03-09 14:30:00,204.84
2018-03-09 14:45:00,205.58
2018-03-09 15:00:00,203.79001
2018-03-09 15:15:00,204.0
2018-03-09 15:30:00,195.19
2018-03-09 15:45:00,195.45
2018-03-09 16:00:00,191.26999
2018-03-09 16:15:00,176.31
2018-03-09 16:30:00,180.98001
2018-03-09 16:45:00,177.65
2018-03-09 17:00:00,175.82999
2018-03-09 17:15:00,165.66
2018-03-09 17:30:00,147.95001
2018-03-09 17:45:00,138.76001
2018-03-09 18:00:00,133.9
2018-03-09 18:15:00,123.09
2018-03-09 18:30:00,119.99
2018-03-09 18:45:00,108.17
2018-03-09 19:00:00,88.07
2018-03-09 19:15:00,64.83
2018-03-09 19:30:00,78.229996
2018-03-09 19:45:00,79.19
2018-03-09 20:00:00,74.56
2018-03-09 20:15:00,63.739998
2018-03-09 20:30:00,55.18
2018-03-09 20:45:00,63.63
2018-03-09 21:00:00,66.31
2018-03-09 21:15:00,60.63
2018-03-09 21:30:00,71.14
2018-03-09 21:45:00,64.41
2018-03-09 22:00:00,49.21
2018-03-09 22:15:00,26.65
2018-03-09 22:30:00,34.63
2018-03-09 22:45:00,44.9
2018-03-09 23:00:00,35.73
2018-03-09 23:15:00,34.98
2018-03-09 23:30:00,22.23
2018-03-09 23:45:00,13.29
2018-03-10 00:00:00,11.63
2018-03-10 00:15:00,14.32
2018-03-10 00:30:00,18.75
2018-03-10 00:45:00,36.510002
2018-03-10 01:00:00,50.22
2018-03-10 01:15:00,56.989998
2018-03-10 01:30:00,75.17
2018-03-10 01:45:00,85.350006
2018-03-10 02:00:00,104.9
2018-03-10 02:15:00,114.93
2018-03-10 02:30:00,136.85
2018-03-10 02:45:00,163.45999
2018-03-10 03:00:00,171.07999
2018-03-10 03:15:00,167.94
2018-03-10 03:30:00,168.39001
2018-03-10 03:45:00,175.53
2018-03-10 04:00:00,173.22998
2018-03-10 04:15:00,165.3
2018-03-10 04:30:00,163.57999
2018-03-10 04:45:00,169.35999
2018-03-10 05:00:00,167.84
2018-03-10 05:15:00,168.86
2018-03-10 05:30:00,162.77
2018-03-10 05:45:00,156.98999
2018-03-10 06:00:00,154.68
2018-03-10 06:15:00,152.96999
2018-03-10 06:30:00,141.65
2018-03-10 06:45:00,124.950005
2018-03-10 07:00:00,103.29
2018-03-10 07:15:00,118.41
2018-03-10 07:30:00,119.880005
2018-03-10 07:45:00,97.46
2018-03-10 08:00:00,83.31
2018-03-10 08:15:00,65.020004
2018-03-10 08:30:00,58.199997
2018-03-10 08:45:00,87.89
2018-03-10 09:00:00,82.45
2018-03-10 09:15:00,70.44
2018-03-10 09:30:00,55.68
2018-03-10 09:45:00,46.64
2018-03-10 10:00:00,42.39
2018-03-10 10:15:00,36.92
2018-03-10 10:30:00,36.72
2018-03-10 10:45:00,57.809998
2018-03-10 11:00:00,69.44
2018-03-10 11:15:00,62.73
2018-03-10 11:30:00,76.34
2018-03-10 11:45:00,92.38
2018-03-10 12:00:00,89.61
2018-03-10 12:15:00,98.05
2018-03-10 12:30:00,99.75
2018-03-10 12:45:00,104.3
2018-03-10 13:00:00,123.47
2018-03-10 13:15:00,121.86
2018-03-10 13:30:00,125.82
2018-03-10 13:45:00,109.36
2018-03-10 14:00:00,101.57
2018-03-10 14:15:00,108.479996
2018-03-10 14:30:00,119.03
2018-03-10 14:45:00,84.3
2018-03-10 15:00:00,84.15
2018-03-10 15:15:00,87.229996
2018-03-10 15:30:00,49.620003
2018-03-10 15:45:00,46.910004
2018-03-10 16:00:00,55.41
2018-03-10 16:15:00,74.57
2018-03-10 16:30:00,62.629997
2018-03-10 16:45:00,75.46
2018-03-10 17:00:00,52.59
2018-03-10 17:15:00,22.43
2018-03-10 17:30:00,13.17
2018-03-10 17:45:00,26.740002
2018-03-10 18:00:00,25.75
2018-03-10 18:15:00,28.75
2018-03-10 18:30:00,17.81
2018-03-10 18:45:00,13.65
2018-03-10 19:00:00,10.780001
2018-03-10 19:15:00,14.99
2018-03-10 19:30:00,15.68
2018-03-10 19:45:00,15.26
2018-03-10 20:00:00,15.860001
2018-03-10 20:15:00,12.309999
2018-03-10 20:30:00,12.18
2018-03-10 20:45:00,24.240002
2018-03-10 21:00:00,33.12
2018-03-10 21:15:00,27.48
2018-03-10 21:30:00,36.61
2018-03-10 21:45:00,31.380001
2018-03-10 22:00:00,46.95
2018-03-10 22:15:00,34.309998
2018-03-10 22:30:00,45.25
2018-03-10 22:45:00,17.63
2018-03-10 23:00:00,16.36
2018-03-10 23:15:00,17.17
2018-03-10 23:30:00,27.130001
2018-03-10 23:45:00,33.53
2018-03-11 00:00:00,36.25
2018-03-11 00:15:00,44.28
2018-03-11 00:30:00,41.980003
2018-03-11 00:45:00,42.11
2018-03-11 01:00:00,33.1
2018-03-11 01:15:00,24.43
2018-03-11 01:30:00,25.2
2018-03-11 01:45:00,25.54
2018-03-11 02:00:00,21.7
2018-03-11 02:15:00,10.59
2018-03-11 02:30:00,9.700001
2018-03-11 02:45:00,7.53
2018-03-11 03:00:00,6.66
2018-03-11 03:15:00,5.31
2018-03-11 03:30:00,7.4800005
2018-03-11 03:45:00,9.2
2018-03-11 04:00:00,8.24
2018-03-11 04:15:00,11.82
2018-03-11 04:30:00,12.530001
2018-03-11 04:45:00,17.45
2018-03-11 05:00:00,15.07
2018-03-11 05:15:00,29.0
2018-03-11 05:30:00,38.77
2018-03-11 05:45:00,45.05
2018-03-11 06:00:00,45.5
2018-03-11 06:15:00,24.920002
2018-03-11 06:30:00,35.620003
2018-03-11 06:45:00,34.42
2018-03-11 07:00:00,38.86
2018-03-11 07:15:00,22.64
2018-03-11 07:30:00,19.220001
2018-03-11 07:45:00,61.019997
2018-03-11 08:00:00,126.72999
2018-03-11 08:15:00,150.45999
2018-03-11 08:30:00,182.48999
2018-03-11 08:45:00,197.03
2018-03-11 09:00:00,192.25
2018-03-11 09:15:00,200.70001
2018-03-11 09:30:00,183.25
2018-03-11 09:45:00,212.4
2018-03-11 10:00:00,220.20999
2018-03-11 10:15:00,219.26999
2018-03-11 10:30:00,218.34
2018-03-11 10:45:00,139.07
2018-03-11 11:00:00,108.24
2018-03-11 11:15:00,180.68
2018-03-11 11:30:00,207.43
2018-03-11 11:45:00,219.56998
2018-03-11 12:00:00,218.9
2018-03-11 12:15:00,218.09998
2018-03-11 12:30:00,217.41
2018-03-11 12:45:00,214.07
2018-03-11 13:00:00,215.85999
2018-03-11 13:15:00,217.73999
2018-03-11 13:30:00,222.51
2018-03-11 13:45:00,223.28998
2018-03-11 14:00:00,223.88
2018-03-11 14:15:00,214.95999
2018-03-11 14:30:00,214.79999
2018-03-11 14:45:00,217.09
2018-03-11 15:00:00,218.19
2018-03-11 15:15:00,218.45
2018-03-11 15:30:00,169.49998
2018-03-11 15:45:00,222.01997
2018-03-11 16:00:00,193.84
2018-03-11 16:15:00,222.89
2018-03-11 16:30:00,217.31
2018-03-11 16:45:00,218.45
2018-03-11 17:00:00,209.98001
2018-03-11 17:15:00,210.47998
2018-03-11 17:30:00,172.48999
2018-03-11 17:45:00,183.47998
2018-03-11 18:00:00,196.53
2018-03-11 18:15:00,187.63
2018-03-11 18:30:00,205.44
2018-03-11 18:45:00,196.15
2018-03-11 19:00:00,167.46
2018-03-11 19:15:00,172.45999
2018-03-11 19:30:00,161.29001
2018-03-11 19:45:00,156.59
2018-03-11 20:00:00,159.11
2018-03-11 20:15:00,155.20999
2018-03-11 20:30:00,153.64
2018-03-11 20:45:00,134.85
2018-03-11 21:00:00,137.33
2018-03-11 21:15:00,143.88
2018-03-11 21:30:00,132.72
2018-03-11 21:45:00,136.85
2018-03-11 22:00:00,122.68001
2018-03-11 22:15:00,120.25
2018-03-11 22:30:00,105.17
2018-03-11 22:45:00,103.649994
2018-03-11 23:00:00,125.36
2018-03-11 23:15:00,112.759995
2018-03-11 23:30:00,118.8
2018-03-11 23:45:00,106.86
2018-03-12 00:00:00,71.92
2018-03-12 00:15:00,47.07
2018-03-12 00:30:00,28.34
2018-03-12 00:45:00,14.02
2018-03-12 01:00:00,10.139999
2018-03-12 01:15:00,16.5
2018-03-12 01:30:00,27.28
2018-03-12 01:45:00,70.87
2018-03-12 02:00:00,75.759995
2018-03-12 02:15:00,90.07
2018-03-12 02:30:00,87.44
2018-03-12 02:45:00,88.07
2018-03-12 03:00:00,86.979996
2018-03-12 03:15:00,83.69
2018-03-12 03:30:00,78.13
2018-03-12 03:45:00,77.83
2018-03-12 04:00:00,61.870003
2018-03-12 04:15:00,79.22
2018-03-12 04:30:00,67.100006
2018-03-12 04:45:00,60.55
2018-03-12 05:00:00,44.73
2018-03-12 05:15:00,40.67
2018-03-12 05:30:00,36.24
2018-03-12 05:45:00,30.76
2018-03-12 06:00:00,32.71
2018-03-12 06:15:00,31.99
2018-03-12 06:30:00,29.130001
2018-03-12 06:45:00,36.54
2018-03-12 07:00:00,44.1
2018-03-12 07:15:00,43.28
2018-03-12 07:30:00,34.56
2018-03-12 07:45:00,34.97
2018-03-12 08:00:00,33.65
2018-03-12 08:15:00,33.050003
2018-03-12 08:30:00,35.550003
2018-03-12 08:45:00,30.57
2018-03-12 09:00:00,39.97
2018-03-12 09:15:00,54.52
2018-03-12 09:30:00,60.57
2018-03-12 09:45:00,74.25
2018-03-12 10:00:00,59.17
2018-03-12 10:15:00,49.05
2018-03-12 10:30:00,49.15
2018-03-12 10:45:00,40.230003
2018-03-12 11:00:00,34.050003
2018-03-12 11:15:00,46.92
2018-03-12 11:30:00,70.21
2018-03-12 11:45:00,71.75
2018-03-12 12:00:00,46.29
2018-03-12 12:15:00,42.64
2018-03-12 12:30:00,33.96
2018-03-12 12:45:00,28.77
2018-03-12 13:00:00,25.970001
2018-03-12 13:15:00,22.4
2018-03-12 13:30:00,21.630001
2018-03-12 13:45:00,12.33
2018-03-12 14:00:00,13.190001
2018-03-12 14:15:00,12.07
2018-03-12 14:30:00,21.14
2018-03-12 14:45:00,49.760002
2018-03-12 15:00:00,41.68
2018-03-12 15:15:00,36.300003
2018-03-12 15:30:00,31.36
2018-03-12 15:45:00,26.68
2018-03-12 16:00:00,19.39
2018-03-12 16:15:00,12.17
2018-03-12 16:30:00,7.37
2018-03-12 16:45:00,4.81
2018-03-12 17:00:00,7.03
2018-03-12 17:15:00,7.08
2018-03-12 17:30:00,4.8199997
2018-03-12 17:45:00,13.49
2018-03-12 18:00:00,12.62
2018-03-12 18:15:00,9.440001
2018-03-12 18:30:00,7.26
2018-03-12 18:45:00,5.5600004
2018-03-12 19:00:00,5.12
2018-03-12 19:15:00,2.23
2018-03-12 19:30:00,0.98
2018-03-12 19:45:00,1.23
2018-03-12 20:00:00,1.89
2018-03-12 20:15:00,0.31
2018-03-12 20:30:00,8.83
2018-03-12 20:45:00,0.37
2018-03-12 21:00:00,1.16
2018-03-12 21:15:00,1.8000001
2018-03-12 21:30:00,9.1
2018-03-12 21:45:00,10.79
2018-03-12 22:00:00,0.0
2018-03-12 22:15:00,0.19
2018-03-12 22:30:00,0.0
2018-03-12 22:45:00,0.0
2018-03-12 23:00:00,0.0
2018-03-12 23:15:00,0.0
2018-03-12 23:30:00,0.0
2018-03-12 23:45:00,0.0
2018-03-13 00:00:00,0.0
2018-03-13 00:15:00,0.0
2018-03-13 00:30:00,0.0
2018-03-13 00:45:00,0.0
2018-03-13 01:00:00,0.0
2018-03-13 01:15:00,9.57
2018-03-13 01:30:00,6.42
2018-03-13 01:45:00,1.46
2018-03-13 02:00:00,1.24
2018-03-13 02:15:00,4.91
2018-03-13 02:30:00,8.72
2018-03-13 02:45:00,16.630001
2018-03-13 03:00:00,0.53999996
2018-03-13 03:15:00,2.04
2018-03-13 03:30:00,14.09
2018-03-13 03:45:00,1.53
2018-03-13 04:00:00,5.98
2018-03-13 04:15:00,2.17
2018-03-13 04:30:00,2.27
2018-03-13 04:45:00,2.41
2018-03-13 05:00:00,1.96
2018-03-13 05:15:00,1.74
2018-03-13 05:30:00,2.83
2018-03-13 05:45:00,4.51
2018-03-13 06:00:00,5.32
2018-03-13 06:15:00,5.4900002
2018-03-13 06:30:00,7.16
2018-03-13 06:45:00,7.98
2018-03-13 07:00:00,11.16
2018-03-13 07:15:00,9.84
2018-03-13 07:30:00,10.11
2018-03-13 07:45:00,10.2699995
2018-03-13 08:00:00,9.89
2018-03-13 08:15:00,10.67
2018-03-13 08:30:00,16.02
2018-03-13 08:45:00,23.11
2018-03-13 09:00:00,24.7
2018-03-13 09:15:00,31.01
2018-03-13 09:30:00,25.8
2018-03-13 09:45:00,25.84
2018-03-13 10:00:00,21.5
2018-03-13 10:15:00,20.1
2018-03-13 10:30:00,25.19
2018-03-13 10:45:00,23.86
2018-03-13 11:00:00,18.8
2018-03-13 11:15:00,18.720001
2018-03-13 11:30:00,19.43
2018-03-13 11:45:00,22.34
2018-03-13 12:00:00,15.21
2018-03-13 12:15:00,16.470001
2018-03-13 12:30:00,17.09
2018-03-13 12:45:00,12.24
2018-03-13 13:00:00,6.53
2018-03-13 13:15:00,3.7600002
2018-03-13 13:30:00,3.54
2018-03-13 13:45:00,2.62
2018-03-13 14:00:00,0.71
2018-03-13 14:15:00,6.14
2018-03-13 14:30:00,12.38
2018-03-13 14:45:00,2.94
2018-03-13 15:00:00,2.6599998
2018-03-13 15:15:00,1.96
2018-03-13 15:30:00,0.61
2018-03-13 15:45:00,0.7
2018-03-13 16:00:00,0.0
2018-03-13 16:15:00,0.0
2018-03-13 16:30:00,0.0
2018-03-13 16:45:00,0.37
2018-03-13 17:00:00,1.74
2018-03-13 17:15:00,3.65
2018-03-13 17:30:00,11.78
2018-03-13 17:45:00,15.969999
2018-03-13 18:00:00,20.08
2018-03-13 18:15:00,21.849998
2018-03-13 18:30:00,22.619999
2018-03-13 18:45:00,19.099998
2018-03-13 19:00:00,18.810001
2018-03-13 19:15:00,16.08
2018-03-13 19:30:00,17.28
2018-03-13 19:45:00,18.82
2018-03-13 20:00:00,18.83
2018-03-13 20:15:00,15.940001
2018-03-13 20:30:00,13.89
2018-03-13 20:45:00,12.33
2018-03-13 21:00:00,13.1
2018-03-13 21:15:00,15.27
2018-03-13 21:30:00,11.68
2018-03-13 21:45:00,15.650001
2018-03-13 22:00:00,18.9
2018-03-13 22:15:00,26.09
2018-03-13 22:30:00,30.79
2018-03-13 22:45:00,18.220001
2018-03-13 23:00:00,27.89
2018-03-13 23:15:00,33.43
2018-03-13 23:30:00,36.11
2018-03-13 23:45:00,48.27
2018-03-14 00:00:00,31.68
2018-03-14 00:15:00,30.04
2018-03-14 00:30:00,31.470001
2018-03-14 00:45:00,28.55
2018-03-14 01:00:00,36.730003
2018-03-14 01:15:00,41.06
2018-03-14 01:30:00,39.15
2018-03-14 01:45:00,38.66
2018-03-14 02:00:00,25.95
2018-03-14 02:15:00,32.260002
2018-03-14 02:30:00,31.98
2018-03-14 02:45:00,43.230003
2018-03-14 03:00:00,46.8
2018-03-14 03:15:00,45.41
2018-03-14 03:30:00,46.31
2018-03-14 03:45:00,52.32
2018-03-14 04:00:00,49.32
2018-03-14 04:15:00,51.66
2018-03-14 04:30:00,45.31
2018-03-14 04:45:00,43.18
2018-03-14 05:00:00,55.73
2018-03-14 05:15:00,67.990005
2018-03-14 05:30:00,49.34
2018-03-14 05:45:00,40.84
2018-03-14 06:00:00,44.260002
2018-03-14 06:15:00,40.62
2018-03-14 06:30:00,30.23
2018-03-14 06:45:00,26.96
2018-03-14 07:00:00,23.46
2018-03-14 07:15:00,21.5
2018-03-14 07:30:00,21.01
2018-03-14 07:45:00,19.74
2018-03-14 08:00:00,27.189999
2018-03-14 08:15:00,26.98
2018-03-14 08:30:00,23.23
2018-03-14 08:45:00,23.630001
2018-03-14 09:00:00,21.970001
2018-03-14 09:15:00,21.52
2018-03-14 09:30:00,24.130001
2018-03-14 09:45:00,26.64
2018-03-14 10:00:00,21.91
2018-03-14 10:15:00,22.75
2018-03-14 10:30:00,29.77
2018-03-14 10:45:00,26.89
2018-03-14 11:00:00,29.48
2018-03-14 11:15:00,28.49
2018-03-14 11:30:00,40.620003
2018-03-14 11:45:00,53.43
2018-03-14 12:00:00,72.16
2018-03-14 12:15:00,84.63
2018-03-14 12:30:00,87.15
2018-03-14 12:45:00,92.37
2018-03-14 13:00:00,87.97
2018-03-14 13:15:00,99.649994
2018-03-14 13:30:00,99.61
2018-03-14 13:45:00,87.44
2018-03-14 14:00:00,81.240005
2018-03-14 14:15:00,80.88
2018-03-14 14:30:00,72.76
2018-03-14 14:45:00,76.55
2018-03-14 15:00:00,83.2
2018-03-14 15:15:00,89.67
2018-03-14 15:30:00,85.770004
2018-03-14 15:45:00,80.25
2018-03-14 16:00:00,62.17
2018-03-14 16:15:00,57.97
2018-03-14 16:30:00,54.63
2018-03-14 16:45:00,54.09
2018-03-14 17:00:00,53.79
2018-03-14 17:15:00,64.79
2018-03-14 17:30:00,63.29
2018-03-14 17:45:00,59.04
2018-03-14 18:00:00,52.32
2018-03-14 18:15:00,48.75
2018-03-14 18:30:00,49.53
2018-03-14 18:45:00,50.66
2018-03-14 19:00:00,44.559998
2018-03-14 19:15:00,46.72
2018-03-14 19:30:00,47.7
2018-03-14 19:45:00,54.879997
2018-03-14 20:00:00,60.190002
2018-03-14 20:15:00,62.97
2018-03-14 20:30:00,54.629997
2018-03-14 20:45:00,61.39
2018-03-14 21:00:00,67.55
2018-03-14 21:15:00,78.91
2018-03-14 21:30:00,77.34
2018-03-14 21:45:00,74.83
2018-03-14 22:00:00,70.29
2018-03-14 22:15:00,71.45
2018-03-14 22:30:00,72.73
2018-03-14 22:45:00,89.83
2018-03-14 23:00:00,73.75
2018-03-14 23:15:00,74.979996
2018-03-14 23:30:00,74.259995
2018-03-14 23:45:00,78.5
2018-03-15 00:00:00,65.81
2018-03-15 00:15:00,64.48
2018-03-15 00:30:00,61.770004
2018-03-15 00:45:00,61.35
2018-03-15 01:00:00,74.85
2018-03-15 01:15:00,86.31
2018-03-15 01:30:00,95.270004
2018-03-15 01:45:00,108.25
2018-03-15 02:00:00,126.740005
2018-03-15 02:15:00,151.39
2018-03-15 02:30:00,170.17
2018-03-15 02:45:00,163.73999
2018-03-15 03:00:00,172.19
2018-03-15 03:15:00,193.07
2018-03-15 03:30:00,198.6
2018-03-15 03:45:00,202.63
2018-03-15 04:00:00,204.54001
2018-03-15 04:15:00,198.95999
2018-03-15 04:30:00,179.83
2018-03-15 04:45:00,158.28
2018-03-15 05:00:00,172.18
2018-03-15 05:15:00,202.71999
2018-03-15 05:30:00,218.54999
2018-03-15 05:45:00,225.34
2018-03-15 06:00:00,226.73001
2018-03-15 06:15:00,226.9
2018-03-15 06:30:00,227.04999
2018-03-15 06:45:00,226.78
2018-03-15 07:00:00,227.57999
2018-03-15 07:15:00,227.56
2018-03-15 07:30:00,228.38
2018-03-15 07:45:00,228.59
2018-03-15 08:00:00,227.66
2018-03-15 08:15:00,227.12
2018-03-15 08:30:00,224.78998
2018-03-15 08:45:00,217.66
2018-03-15 09:00:00,212.72
2018-03-15 09:15:00,214.02998
2018-03-15 09:30:00,218.7
2018-03-15 09:45:00,217.58
2018-03-15 10:00:00,217.1
2018-03-15 10:15:00,222.50998
2018-03-15 10:30:00,224.04001
2018-03-15 10:45:00,225.45
2018-03-15 11:00:00,221.44998
2018-03-15 11:15:00,221.08
2018-03-15 11:30:00,221.71999
2018-03-15 11:45:00,220.84
2018-03-15 12:00:00,222.06
2018-03-15 12:15:00,219.78998
2018-03-15 12:30:00,221.12999
2018-03-15 12:45:00,224.57
2018-03-15 13:00:00,225.22998
2018-03-15 13:15:00,224.68
2018-03-15 13:30:00,222.26
2018-03-15 13:45:00,224.1
2018-03-15 14:00:00,222.14
2018-03-15 14:15:00,221.36
2018-03-15 14:30:00,225.31
2018-03-15 14:45:00,226.17001
2018-03-15 15:00:00,225.29001
2018-03-15 15:15:00,225.16
2018-03-15 15:30:00,224.39
2018-03-15 15:45:00,220.76999
2018-03-15 16:00:00,223.19
2018-03-15 16:15:00,225.24998
2018-03-15 16:30:00,222.88
2018-03-15 16:45:00,222.57
2018-03-15 17:00:00,222.81
2018-03-15 17:15:00,224.98001
2018-03-15 17:30:00,222.60999
2018-03-15 17:45:00,222.5
2018-03-15 18:00:00,213.6
2018-03-15 18:15:00,218.9
2018-03-15 18:30:00,212.58
2018-03-15 18:45:00,206.34
2018-03-15 19:00:00,206.86
2018-03-15 19:15:00,205.95
2018-03-15 19:30:00,203.70001
2018-03-15 19:45:00,194.13998
2018-03-15 20:00:00,180.50998
2018-03-15 20:15:00,197.84998
2018-03-15 20:30:00,178.08
2018-03-15 20:45:00,177.37
2018-03-15 21:00:00,196.13
2018-03-15 21:15:00,212.89
2018-03-15 21:30:00,198.61
2018-03-15 21:45:00,202.91
2018-03-15 22:00:00,193.7
2018-03-15 22:15:00,196.18
2018-03-15 22:30:00,196.82999
2018-03-15 22:45:00,193.67
2018-03-15 23:00:00,200.94998
2018-03-15 23:15:00,209.78998
2018-03-15 23:30:00,201.91
2018-03-15 23:45:00,199.98001
2018-03-16 00:00:00,202.37997
2018-03-16 00:15:00,188.99998
2018-03-16 00:30:00,174.48999
2018-03-16 00:45:00,178.29001
2018-03-16 01:00:00,142.07
2018-03-16 01:15:00,149.5
2018-03-16 01:30:00,166.26
2018-03-16 01:45:00,187.76999
2018-03-16 02:00:00,203.69998
2018-03-16 02:15:00,212.28
2018-03-16 02:30:00,216.45999
2018-03-16 02:45:00,221.56
2018-03-16 03:00:00,220.2
2018-03-16 03:15:00,222.91998
2018-03-16 03:30:00,220.77
2018-03-16 03:45:00,219.5
2018-03-16 04:00:00,217.12
2018-03-16 04:15:00,214.12
2018-03-16 04:30:00,216.98999
2018-03-16 04:45:00,218.81998
2018-03-16 05:00:00,222.68
2018-03-16 05:15:00,221.85999
2018-03-16 05:30:00,220.15
2018-03-16 05:45:00,218.16
2018-03-16 06:00:00,201.11
2018-03-16 06:15:00,193.32999
2018-03-16 06:30:00,182.19
2018-03-16 06:45:00,188.5
2018-03-16 07:00:00,187.34999
2018-03-16 07:15:00,193.31998
2018-03-16 07:30:00,194.44998
2018-03-16 07:45:00,181.38
2018-03-16 08:00:00,169.78
2018-03-16 08:15:00,155.76999
2018-03-16 08:30:00,160.0
2018-03-16 08:45:00,156.76001
2018-03-16 09:00:00,154.53
2018-03-16 09:15:00,145.68
2018-03-16 09:30:00,138.28
2018-03-16 09:45:00,120.9
2018-03-16 10:00:00,106.14
2018-03-16 10:15:00,74.0
2018-03-16 10:30:00,53.8
2018-03-16 10:45:00,49.260002
2018-03-16 11:00:00,40.53
2018-03-16 11:15:00,32.23
2018-03-16 11:30:00,29.54
2018-03-16 11:45:00,26.8
2018-03-16 12:00:00,27.82
2018-03-16 12:15:00,32.33
2018-03-16 12:30:00,34.05
2018-03-16 12:45:00,50.75
2018-03-16 13:00:00,57.14
2018-03-16 13:15:00,52.92
2018-03-16 13:30:00,44.65
2018-03-16 13:45:00,46.8
2018-03-16 14:00:00,40.370003
2018-03-16 14:15:00,31.2
2018-03-16 14:30:00,24.05
2018-03-16 14:45:00,18.86
2018-03-16 15:00:00,28.460001
2018-03-16 15:15:00,45.1
2018-03-16 15:30:00,36.29
2018-03-16 15:45:00,39.02
2018-03-16 16:00:00,43.67
2018-03-16 16:15:00,53.449997
2018-03-16 16:30:00,49.48
2018-03-16 16:45:00,50.690002
2018-03-16 17:00:00,44.92
2018-03-16 17:15:00,49.85
2018-03-16 17:30:00,57.54
2018-03-16 17:45:00,59.46
2018-03-16 18:00:00,61.21
2018-03-16 18:15:00,68.93
2018-03-16 18:30:00,59.84
2018-03-16 18:45:00,71.32
2018-03-16 19:00:00,61.4
2018-03-16 19:15:00,58.91
2018-03-16 19:30:00,54.95
2018-03-16 19:45:00,58.129997
2018-03-16 20:00:00,60.41
2018-03-16 20:15:00,56.7
2018-03-16 20:30:00,47.69
2018-03-16 20:45:00,48.23
2018-03-16 21:00:00,42.03
2018-03-16 21:15:00,53.480003
2018-03-16 21:30:00,51.29
2018-03-16 21:45:00,43.54
2018-03-16 22:00:00,42.07
2018-03-16 22:15:00,41.690002
2018-03-16 22:30:00,32.41
2018-03-16 22:45:00,33.22
2018-03-16 23:00:00,41.15
2018-03-16 23:15:00,29.0
2018-03-16 23:30:00,33.71
2018-03-16 23:45:00,36.309998
2018-03-17 00:00:00,34.21
2018-03-17 00:15:00,41.4
2018-03-17 00:30:00,25.76
2018-03-17 00:45:00,19.91
2018-03-17 01:00:00,12.89
2018-03-17 01:15:00,11.18
2018-03-17 01:30:00,5.51
2018-03-17 01:45:00,6.49
2018-03-17 02:00:00,5.91
2018-03-17 02:15:00,8.25
2018-03-17 02:30:00,8.29
2018-03-17 02:45:00,15.040001
2018-03-17 03:00:00,21.42
2018-03-17 03:15:00,21.380001
2018-03-17 03:30:00,27.490002
2018-03-17 03:45:00,30.65
2018-03-17 04:00:00,29.61
2018-03-17 04:15:00,19.76
2018-03-17 04:30:00,21.0
2018-03-17 04:45:00,20.75
2018-03-17 05:00:00,22.05
2018-03-17 05:15:00,20.29
2018-03-17 05:30:00,16.58
2018-03-17 05:45:00,17.08
2018-03-17 06:00:00,19.01
2018-03-17 06:15:00,40.45
2018-03-17 06:30:00,43.55
2018-03-17 06:45:00,40.41
2018-03-17 07:00:00,39.78
2018-03-17 07:15:00,44.43
2018-03-17 07:30:00,43.309998
2018-03-17 07:45:00,38.64
2018-03-17 08:00:00,35.559998
2018-03-17 08:15:00,43.64
2018-03-17 08:30:00,37.2
2018-03-17 08:45:00,34.88
2018-03-17 09:00:00,36.89
2018-03-17 09:15:00,40.989998
2018-03-17 09:30:00,45.050003
2018-03-17 09:45:00,60.62
2018-03-17 10:00:00,64.21
2018-03-17 10:15:00,60.11
2018-03-17 10:30:00,59.21
2018-03-17 10:45:00,43.57
2018-03-17 11:00:00,36.52
2018-03-17 11:15:00,44.26
2018-03-17 11:30:00,46.98
2018-03-17 11:45:00,40.1
2018-03-17 12:00:00,8.23
2018-03-17 12:15:00,4.64
2018-03-17 12:30:00,0.0
2018-03-17 12:45:00,0.0
2018-03-17 13:00:00,0.0
2018-03-17 13:15:00,0.68
2018-03-17 13:30:00,5.52
2018-03-17 13:45:00,6.57
2018-03-17 14:00:00,1.28
2018-03-17 14:15:00,0.37
2018-03-17 14:30:00,0.0
2018-03-17 14:45:00,0.0
2018-03-17 15:00:00,0.0
2018-03-17 15:15:00,0.0
2018-03-17 15:30:00,0.0
2018-03-17 15:45:00,0.0
2018-03-17 16:00:00,0.0
2018-03-17 16:15:00,0.0
2018-03-17 16:30:00,0.6
2018-03-17 16:45:00,11.4
2018-03-17 17:00:00,0.71000004
2018-03-17 17:15:00,1.3199999
2018-03-17 17:30:00,1.33
2018-03-17 17:45:00,5.28
2018-03-17 18:00:00,10.29
2018-03-17 18:15:00,10.52
2018-03-17 18:30:00,15.18
2018-03-17 18:45:00,5.6400003
2018-03-17 19:00:00,13.940001
2018-03-17 19:15:00,2.85
2018-03-17 19:30:00,6.15
2018-03-17 19:45:00,10.63
2018-03-17 20:00:00,11.51
2018-03-17 20:15:00,25.51
2018-03-17 20:30:00,31.880001
2018-03-17 20:45:00,53.77
2018-03-17 21:00:00,100.53
2018-03-17 21:15:00,81.81
2018-03-17 21:30:00,45.559998
2018-03-17 21:45:00,35.0
2018-03-17 22:00:00,23.17
2018-03-17 22:15:00,16.33
2018-03-17 22:30:00,12.16
2018-03-17 22:45:00,13.190001
2018-03-17 23:00:00,23.380001
2018-03-17 23:15:00,22.7
2018-03-17 23:30:00,19.97
2018-03-17 23:45:00,29.05
2018-03-18 00:00:00,30.300001
2018-03-18 00:15:00,35.85
2018-03-18 00:30:00,52.239998
2018-03-18 00:45:00,50.379997
2018-03-18 01:00:00,54.23
2018-03-18 01:15:00,58.1
2018-03-18 01:30:00,62.96
2018-03-18 01:45:00,65.91
2018-03-18 02:00:00,70.43
2018-03-18 02:15:00,81.66
2018-03-18 02:30:00,77.21001
2018-03-18 02:45:00,74.95
2018-03-18 03:00:00,72.14
2018-03-18 03:15:00,62.83
2018-03-18 03:30:00,66.619995
2018-03-18 03:45:00,59.77
2018-03-18 04:00:00,57.66
2018-03-18 04:15:00,55.9
2018-03-18 04:30:00,54.34
2018-03-18 04:45:00,58.260002
2018-03-18 05:00:00,53.27
2018-03-18 05:15:00,42.23
2018-03-18 05:30:00,29.41
2018-03-18 05:45:00,31.93
2018-03-18 06:00:00,36.899998
2018-03-18 06:15:00,40.92
2018-03-18 06:30:00,59.51
2018-03-18 06:45:00,60.46
2018-03-18 07:00:00,55.160004
2018-03-18 07:15:00,41.41
2018-03-18 07:30:00,44.82
2018-03-18 07:45:00,49.36
2018-03-18 08:00:00,37.76
2018-03-18 08:15:00,28.07
2018-03-18 08:30:00,25.130001
2018-03-18 08:45:00,22.21
2018-03-18 09:00:00,24.57
2018-03-18 09:15:00,25.119999
2018-03-18 09:30:00,71.04
2018-03-18 09:45:00,40.35
2018-03-18 10:00:00,44.97
2018-03-18 10:15:00,44.91
2018-03-18 10:30:00,49.89
2018-03-18 10:45:00,53.45
2018-03-18 11:00:00,53.36
2018-03-18 11:15:00,62.89
2018-03-18 11:30:00,84.7
2018-03-18 11:45:00,90.57
2018-03-18 12:00:00,85.46
2018-03-18 12:15:00,90.45
2018-03-18 12:30:00,65.36
2018-03-18 12:45:00,71.36
2018-03-18 13:00:00,59.66
2018-03-18 13:15:00,50.04
2018-03-18 13:30:00,77.59
2018-03-18 13:45:00,56.9
2018-03-18 14:00:00,47.57
2018-03-18 14:15:00,49.1
2018-03-18 14:30:00,37.809998
2018-03-18 14:45:00,60.58
2018-03-18 15:00:00,38.1
2018-03-18 15:15:00,15.889999
2018-03-18 15:30:00,19.9
2018-03-18 15:45:00,35.309998
2018-03-18 16:00:00,40.92
2018-03-18 16:15:00,62.62
2018-03-18 16:30:00,66.869995
2018-03-18 16:45:00,61.03
2018-03-18 17:00:00,28.349998
2018-03-18 17:15:00,28.5
2018-03-18 17:30:00,49.1
2018-03-18 17:45:00,61.739998
2018-03-18 18:00:00,70.87
2018-03-18 18:15:00,73.34
2018-03-18 18:30:00,80.84
2018-03-18 18:45:00,74.68
2018-03-18 19:00:00,68.48
2018-03-18 19:15:00,85.28
2018-03-18 19:30:00,107.56
2018-03-18 19:45:00,107.75
2018-03-18 20:00:00,116.64
2018-03-18 20:15:00,146.38
2018-03-18 20:30:00,133.79001
2018-03-18 20:45:00,167.32
2018-03-18 21:00:00,173.45999
2018-03-18 21:15:00,182.45999
2018-03-18 21:30:00,142.37
2018-03-18 21:45:00,156.79001
2018-03-18 22:00:00,150.01001
2018-03-18 22:15:00,191.17
2018-03-18 22:30:00,196.36
2018-03-18 22:45:00,169.44
2018-03-18 23:00:00,185.17
2018-03-18 23:15:00,198.73999
2018-03-18 23:30:00,196.56
2018-03-18 23:45:00,182.75
2018-03-19 00:00:00,178.88998
2018-03-19 00:15:00,124.729996
2018-03-19 00:30:00,103.43
2018-03-19 00:45:00,79.130005
2018-03-19 01:00:00,88.46
2018-03-19 01:15:00,84.03
2018-03-19 01:30:00,76.74
2018-03-19 01:45:00,85.16
2018-03-19 02:00:00,112.89
2018-03-19 02:15:00,106.19
2018-03-19 02:30:00,115.4
2018-03-19 02:45:00,117.630005
2018-03-19 03:00:00,112.84
2018-03-19 03:15:00,105.759995
2018-03-19 03:30:00,116.729996
2018-03-19 03:45:00,151.95
2018-03-19 04:00:00,160.97
2018-03-19 04:15:00,168.58
2018-03-19 04:30:00,196.12
2018-03-19 04:45:00,205.04001
2018-03-19 05:00:00,129.58
2018-03-19 05:15:00,96.25
2018-03-19 05:30:00,88.350006
2018-03-19 05:45:00,75.770004
2018-03-19 06:00:00,103.39
2018-03-19 06:15:00,161.01999
2018-03-19 06:30:00,182.10999
2018-03-19 06:45:00,167.47
2018-03-19 07:00:00,173.68999
2018-03-19 07:15:00,190.08
2018-03-19 07:30:00,189.78
2018-03-19 07:45:00,208.15
2018-03-19 08:00:00,205.79999
2018-03-19 08:15:00,196.25
2018-03-19 08:30:00,190.61
2018-03-19 08:45:00,200.61
2018-03-19 09:00:00,204.44
2018-03-19 09:15:00,185.98999
2018-03-19 09:30:00,170.47
2018-03-19 09:45:00,178.29001
2018-03-19 10:00:00,197.91
2018-03-19 10:15:00,211.19998
2018-03-19 10:30:00,219.43999
2018-03-19 10:45:00,215.79999
2018-03-19 11:00:00,221.94
2018-03-19 11:15:00,219.82
2018-03-19 11:30:00,216.06
2018-03-19 11:45:00,219.47
2018-03-19 12:00:00,220.91
2018-03-19 12:15:00,213.63
2018-03-19 12:30:00,181.08
2018-03-19 12:45:00,168.45999
2018-03-19 13:00:00,158.97
2018-03-19 13:15:00,150.1
2018-03-19 13:30:00,148.51001
2018-03-19 13:45:00,153.14
2018-03-19 14:00:00,168.46
2018-03-19 14:15:00,182.57
2018-03-19 14:30:00,185.57
2018-03-19 14:45:00,200.18
2018-03-19 15:00:00,203.73001
2018-03-19 15:15:00,215.28998
2018-03-19 15:30:00,212.01
2018-03-19 15:45:00,215.66
2018-03-19 16:00:00,210.09
2018-03-19 16:15:00,203.24998
2018-03-19 16:30:00,196.72998
2018-03-19 16:45:00,188.66
2018-03-19 17:00:00,193.59
2018-03-19 17:15:00,191.70999
2018-03-19 17:30:00,183.97998
2018-03-19 17:45:00,184.39
2018-03-19 18:00:00,165.79001
2018-03-19 18:15:00,158.41
2018-03-19 18:30:00,144.84
2018-03-19 18:45:00,158.52
2018-03-19 19:00:00,143.11
2018-03-19 19:15:00,102.58
2018-03-19 19:30:00,128.67
2018-03-19 19:45:00,107.89
2018-03-19 20:00:00,111.770004
2018-03-19 20:15:00,72.33
2018-03-19 20:30:00,77.42999
2018-03-19 20:45:00,88.18
2018-03-19 21:00:00,83.979996
2018-03-19 21:15:00,77.1
2018-03-19 21:30:00,78.17
2018-03-19 21:45:00,63.730003
2018-03-19 22:00:00,72.17999
2018-03-19 22:15:00,66.42
2018-03-19 22:30:00,51.65
2018-03-19 22:45:00,64.6
2018-03-19 23:00:00,57.44
2018-03-19 23:15:00,72.68
2018-03-19 23:30:00,74.130005
2018-03-19 23:45:00,74.86
2018-03-20 00:00:00,56.57
2018-03-20 00:15:00,71.42
2018-03-20 00:30:00,53.46
2018-03-20 00:45:00,47.43
2018-03-20 01:00:00,47.04
2018-03-20 01:15:00,50.22
2018-03-20 01:30:00,61.690002
2018-03-20 01:45:00,80.33
2018-03-20 02:00:00,128.79999
2018-03-20 02:15:00,136.05
2018-03-20 02:30:00,130.89
2018-03-20 02:45:00,118.880005
2018-03-20 03:00:00,116.28
2018-03-20 03:15:00,99.64
2018-03-20 03:30:00,90.25
2018-03-20 03:45:00,84.57
2018-03-20 04:00:00,77.100006
2018-03-20 04:15:00,77.55
2018-03-20 04:30:00,90.91
2018-03-20 04:45:00,91.06
2018-03-20 05:00:00,94.759995
2018-03-20 05:15:00,101.68
2018-03-20 05:30:00,86.22
2018-03-20 05:45:00,65.36
2018-03-20 06:00:00,61.89
2018-03-20 06:15:00,75.509995
2018-03-20 06:30:00,80.12
2018-03-20 06:45:00,91.61
2018-03-20 07:00:00,98.17
2018-03-20 07:15:00,94.71
2018-03-20 07:30:00,93.09
2018-03-20 07:45:00,105.9
2018-03-20 08:00:00,108.89
2018-03-20 08:15:00,93.28
2018-03-20 08:30:00,90.92
2018-03-20 08:45:00,85.899994
2018-03-20 09:00:00,92.07
2018-03-20 09:15:00,82.06
2018-03-20 09:30:00,83.4
2018-03-20 09:45:00,90.56
2018-03-20 10:00:00,81.8
2018-03-20 10:15:00,80.06
2018-03-20 10:30:00,60.449997
2018-03-20 10:45:00,49.04
2018-03-20 11:00:00,42.32
2018-03-20 11:15:00,41.98
2018-03-20 11:30:00,52.9
2018-03-20 11:45:00,49.42
2018-03-20 12:00:00,50.59
2018-03-20 12:15:00,58.8
2018-03-20 12:30:00,79.7
2018-03-20 12:45:00,89.880005
2018-03-20 13:00:00,54.2
2018-03-20 13:15:00,44.58
2018-03-20 13:30:00,34.190002
2018-03-20 13:45:00,21.349998
2018-03-20 14:00:00,18.470001
2018-03-20 14:15:00,29.310001
2018-03-20 14:30:00,33.34
2018-03-20 14:45:00,16.65
2018-03-20 15:00:00,11.82
2018-03-20 15:15:00,5.2799997
2018-03-20 15:30:00,10.860001
2018-03-20 15:45:00,8.120001
2018-03-20 16:00:00,5.66
2018-03-20 16:15:00,4.33
2018-03-20 16:30:00,2.09
2018-03-20 16:45:00,2.6
2018-03-20 17:00:00,0.83000004
2018-03-20 17:15:00,0.0
2018-03-20 17:30:00,0.0
2018-03-20 17:45:00,0.0
2018-03-20 18:00:00,0.0
2018-03-20 18:15:00,0.0
2018-03-20 18:30:00,0.0
2018-03-20 18:45:00,0.0
2018-03-20 19:00:00,0.0
2018-03-20 19:15:00,0.0
2018-03-20 19:30:00,0.0
2018-03-20 19:45:00,0.0
2018-03-20 20:00:00,0.0
2018-03-20 20:15:00,0.0
2018-03-20 20:30:00,0.0
2018-03-20 20:45:00,0.0
2018-03-20 21:00:00,0.0
2018-03-20 21:15:00,0.0
2018-03-20 21:30:00,0.0
2018-03-20 21:45:00,0.0
2018-03-20 22:00:00,0.0
2018-03-20 22:15:00,0.0
2018-03-20 22:30:00,0.0
2018-03-20 22:45:00,0.0
2018-03-20 23:00:00,0.0
2018-03-20 23:15:00,0.0
2018-03-20 23:30:00,0.0
2018-03-20 23:45:00,0.0
2018-03-21 00:00:00,0.0
2018-03-21 00:15:00,0.0
2018-03-21 00:30:00,0.0
2018-03-21 00:45:00,0.0
2018-03-21 01:00:00,0.0
2018-03-21 01:15:00,0.0
2018-03-21 01:30:00,4.04
2018-03-21 01:45:00,8.360001
2018-03-21 02:00:00,10.110001
2018-03-21 02:15:00,17.51
2018-03-21 02:30:00,15.73
2018-03-21 02:45:00,12.049999
2018-03-21 03:00:00,14.9
2018-03-21 03:15:00,15.450001
2018-03-21 03:30:00,20.26
2018-03-21 03:45:00,21.66
2018-03-21 04:00:00,24.47
2018-03-21 04:15:00,24.16
2018-03-21 04:30:00,30.380001
2018-03-21 04:45:00,25.79
2018-03-21 05:00:00,31.21
2018-03-21 05:15:00,34.699997
2018-03-21 05:30:00,38.41
2018-03-21 05:45:00,49.48
2018-03-21 06:00:00,58.45
2018-03-21 06:15:00,83.94
2018-03-21 06:30:00,88.47
2018-03-21 06:45:00,69.409996
2018-03-21 07:00:00,72.24
2018-03-21 07:15:00,98.0
2018-03-21 07:30:00,98.19
2018-03-21 07:45:00,98.89
2018-03-21 08:00:00,108.55
2018-03-21 08:15:00,101.600006
2018-03-21 08:30:00,123.07
2018-03-21 08:45:00,158.35999
2018-03-21 09:00:00,162.1
2018-03-21 09:15:00,192.31998
2018-03-21 09:30:00,191.64
2018-03-21 09:45:00,205.1
2018-03-21 10:00:00,208.73999
2018-03-21 10:15:00,207.04001
2018-03-21 10:30:00,206.89
2018-03-21 10:45:00,214.44
2018-03-21 11:00:00,219.33
2018-03-21 11:15:00,217.23001
2018-03-21 11:30:00,217.91
2018-03-21 11:45:00,216.35999
2018-03-21 12:00:00,213.49998
2018-03-21 12:15:00,206.54997
2018-03-21 12:30:00,203.22998
2018-03-21 12:45:00,206.64
2018-03-21 13:00:00,202.95001
2018-03-21 13:15:00,199.45999
2018-03-21 13:30:00,190.06
2018-03-21 13:45:00,192.95001
2018-03-21 14:00:00,186.57999
2018-03-21 14:15:00,187.32999
2018-03-21 14:30:00,195.67
2018-03-21 14:45:00,202.81
2018-03-21 15:00:00,199.39
2018-03-21 15:15:00,201.87
2018-03-21 15:30:00,206.54999
2018-03-21 15:45:00,206.12999
2018-03-21 16:00:00,207.67
2018-03-21 16:15:00,201.94
2018-03-21 16:30:00,201.89
2018-03-21 16:45:00,193.17
2018-03-21 17:00:00,178.70999
2018-03-21 17:15:00,167.39
2018-03-21 17:30:00,161.83
2018-03-21 17:45:00,144.68
2018-03-21 18:00:00,120.889984
2018-03-21 18:15:00,100.31
2018-03-21 18:30:00,106.130005
2018-03-21 18:45:00,100.649994
2018-03-21 19:00:00,105.92
2018-03-21 19:15:00,125.19
2018-03-21 19:30:00,109.36
2018-03-21 19:45:00,118.91
2018-03-21 20:00:00,107.58
2018-03-21 20:15:00,105.33
2018-03-21 20:30:00,103.93
2018-03-21 20:45:00,101.58
2018-03-21 21:00:00,98.55
2018-03-21 21:15:00,120.92
2018-03-21 21:30:00,112.6
2018-03-21 21:45:00,108.15
2018-03-21 22:00:00,108.59
2018-03-21 22:15:00,114.42
2018-03-21 22:30:00,88.92
2018-03-21 22:45:00,82.630005
2018-03-21 23:00:00,96.21
2018-03-21 23:15:00,108.55
2018-03-21 23:30:00,107.490005
2018-03-21 23:45:00,103.88
2018-03-22 00:00:00,103.04
2018-03-22 00:15:00,83.39
2018-03-22 00:30:00,82.7
2018-03-22 00:45:00,61.67
2018-03-22 01:00:00,67.93
2018-03-22 01:15:00,93.56
2018-03-22 01:30:00,100.44
2018-03-22 01:45:00,114.869995
2018-03-22 02:00:00,102.97
2018-03-22 02:15:00,115.58
2018-03-22 02:30:00,119.979996
2018-03-22 02:45:00,131.92
2018-03-22 03:00:00,170.0
2018-03-22 03:15:00,198.35
2018-03-22 03:30:00,215.79999
2018-03-22 03:45:00,214.34
2018-03-22 04:00:00,216.43
2018-03-22 04:15:00,219.77
2018-03-22 04:30:00,225.9
2018-03-22 04:45:00,226.87
2018-03-22 05:00:00,227.57
2018-03-22 05:15:00,226.4
2018-03-22 05:30:00,226.98999
2018-03-22 05:45:00,227.5
2018-03-22 06:00:00,227.41
2018-03-22 06:15:00,227.22998
2018-03-22 06:30:00,227.68
2018-03-22 06:45:00,227.45999
2018-03-22 07:00:00,227.41
2018-03-22 07:15:00,227.61
2018-03-22 07:30:00,225.19
2018-03-22 07:45:00,227.53
2018-03-22 08:00:00,194.87
2018-03-22 08:15:00,227.65
2018-03-22 08:30:00,227.31
2018-03-22 08:45:00,227.3
2018-03-22 09:00:00,225.79001
2018-03-22 09:15:00,224.07999
2018-03-22 09:30:00,224.38
2018-03-22 09:45:00,224.41998
2018-03-22 10:00:00,224.24998
2018-03-22 10:15:00,223.55
2018-03-22 10:30:00,224.03
2018-03-22 10:45:00,224.48999
2018-03-22 11:00:00,222.57
2018-03-22 11:15:00,222.45999
2018-03-22 11:30:00,224.28998
2018-03-22 11:45:00,225.75
2018-03-22 12:00:00,225.57
2018-03-22 12:15:00,225.79001
2018-03-22 12:30:00,224.62
2018-03-22 12:45:00,223.18
2018-03-22 13:00:00,225.51001
2018-03-22 13:15:00,225.41998
2018-03-22 13:30:00,224.9
2018-03-22 13:45:00,223.21999
2018-03-22 14:00:00,217.47998
2018-03-22 14:15:00,214.87
2018-03-22 14:30:00,214.11
2018-03-22 14:45:00,217.23999
2018-03-22 15:00:00,215.75
2018-03-22 15:15:00,219.52
2018-03-22 15:30:00,216.93999
2018-03-22 15:45:00,217.51999
2018-03-22 16:00:00,219.32999
2018-03-22 16:15:00,217.76999
2018-03-22 16:30:00,217.51999
2018-03-22 16:45:00,213.91
2018-03-22 17:00:00,206.20999
2018-03-22 17:15:00,208.15
2018-03-22 17:30:00,212.5
2018-03-22 17:45:00,205.27
2018-03-22 18:00:00,194.37
2018-03-22 18:15:00,190.79999
2018-03-22 18:30:00,180.48999
2018-03-22 18:45:00,173.6
2018-03-22 19:00:00,163.88998
2018-03-22 19:15:00,166.15
2018-03-22 19:30:00,169.75
2018-03-22 19:45:00,147.82
2018-03-22 20:00:00,154.94
2018-03-22 20:15:00,161.63
2018-03-22 20:30:00,160.94
2018-03-22 20:45:00,163.65
2018-03-22 21:00:00,161.76999
2018-03-22 21:15:00,166.28
2018-03-22 21:30:00,161.69
2018-03-22 21:45:00,163.95001
2018-03-22 22:00:00,161.22
2018-03-22 22:15:00,161.57999
2018-03-22 22:30:00,165.20001
2018-03-22 22:45:00,160.23
2018-03-22 23:00:00,154.63
2018-03-22 23:15:00,167.42
2018-03-22 23:30:00,181.8
2018-03-22 23:45:00,177.78
2018-03-23 00:00:00,182.32
2018-03-23 00:15:00,178.45
2018-03-23 00:30:00,163.98
2018-03-23 00:45:00,178.88
2018-03-23 01:00:00,196.38998
2018-03-23 01:15:00,182.70999
2018-03-23 01:30:00,188.73001
2018-03-23 01:45:00,208.6
2018-03-23 02:00:00,211.79999
2018-03-23 02:15:00,219.0
2018-03-23 02:30:00,220.04
2018-03-23 02:45:00,221.63
2018-03-23 03:00:00,221.78998
2018-03-23 03:15:00,221.66
2018-03-23 03:30:00,222.47
2018-03-23 03:45:00,228.51001
2018-03-23 04:00:00,226.52998
2018-03-23 04:15:00,224.13
2018-03-23 04:30:00,224.40999
2018-03-23 04:45:00,224.94
2018-03-23 05:00:00,227.76997
2018-03-23 05:15:00,227.09
2018-03-23 05:30:00,226.08
2018-03-23 05:45:00,226.45999
2018-03-23 06:00:00,223.36
2018-03-23 06:15:00,227.01999
2018-03-23 06:30:00,224.82999
2018-03-23 06:45:00,224.64
2018-03-23 07:00:00,225.85999
2018-03-23 07:15:00,226.66
2018-03-23 07:30:00,225.93
2018-03-23 07:45:00,225.87997
2018-03-23 08:00:00,219.45999
2018-03-23 08:15:00,226.93999
2018-03-23 08:30:00,227.25
2018-03-23 08:45:00,225.28
2018-03-23 09:00:00,227.51001
2018-03-23 09:15:00,225.76997
2018-03-23 09:30:00,225.62
2018-03-23 09:45:00,227.29999
2018-03-23 10:00:00,227.5
2018-03-23 10:15:00,227.4
2018-03-23 10:30:00,227.15
2018-03-23 10:45:00,226.25
2018-03-23 11:00:00,226.36
2018-03-23 11:15:00,225.56998
2018-03-23 11:30:00,224.98999
2018-03-23 11:45:00,222.21999
2018-03-23 12:00:00,223.82
2018-03-23 12:15:00,221.15
2018-03-23 12:30:00,222.44
2018-03-23 12:45:00,221.88
2018-03-23 13:00:00,220.53
2018-03-23 13:15:00,220.16
2018-03-23 13:30:00,218.35
2018-03-23 13:45:00,221.42
2018-03-23 14:00:00,220.26001
2018-03-23 14:15:00,222.73001
2018-03-23 14:30:00,222.17001
2018-03-23 14:45:00,220.00998
2018-03-23 15:00:00,225.59999
2018-03-23 15:15:00,223.87
2018-03-23 15:30:00,222.43999
2018-03-23 15:45:00,221.15
2018-03-23 16:00:00,220.94
2018-03-23 16:15:00,223.70999
2018-03-23 16:30:00,217.98999
2018-03-23 16:45:00,218.07
2018-03-23 17:00:00,220.04001
2018-03-23 17:15:00,219.5
2018-03-23 17:30:00,219.14
2018-03-23 17:45:00,220.07
2018-03-23 18:00:00,219.42001
2018-03-23 18:15:00,214.9
2018-03-23 18:30:00,202.29001
2018-03-23 18:45:00,192.48
2018-03-23 19:00:00,196.22998
2018-03-23 19:15:00,188.47998
2018-03-23 19:30:00,186.37
2018-03-23 19:45:00,191.91998
2018-03-23 20:00:00,196.43
2018-03-23 20:15:00,192.92
2018-03-23 20:30:00,202.72
2018-03-23 20:45:00,194.09998
2018-03-23 21:00:00,167.73999
2018-03-23 21:15:00,175.06
2018-03-23 21:30:00,174.68
2018-03-23 21:45:00,183.15
2018-03-23 22:00:00,197.26999
2018-03-23 22:15:00,76.270004
2018-03-23 22:30:00,117.350006
2018-03-23 22:45:00,0.0
2018-03-23 23:00:00,0.0
2018-03-23 23:15:00,177.9
2018-03-23 23:30:00,159.65
2018-03-23 23:45:00,184.09
2018-03-24 00:00:00,161.73999
2018-03-24 00:15:00,168.29001
2018-03-24 00:30:00,161.68
2018-03-24 00:45:00,167.51999
2018-03-24 01:00:00,81.44
2018-03-24 01:15:00,172.12999
2018-03-24 01:30:00,174.16
2018-03-24 01:45:00,189.23999
2018-03-24 02:00:00,202.35999
2018-03-24 02:15:00,216.3
2018-03-24 02:30:00,215.37
2018-03-24 02:45:00,217.17
2018-03-24 03:00:00,219.63
2018-03-24 03:15:00,224.02
2018-03-24 03:30:00,226.17
2018-03-24 03:45:00,222.35
2018-03-24 04:00:00,223.57999
2018-03-24 04:15:00,218.32999
2018-03-24 04:30:00,212.81998
2018-03-24 04:45:00,213.34998
2018-03-24 05:00:00,214.97998
2018-03-24 05:15:00,217.36
2018-03-24 05:30:00,213.69998
2018-03-24 05:45:00,214.21999
2018-03-24 06:00:00,207.97
2018-03-24 06:15:00,196.12
2018-03-24 06:30:00,188.4
2018-03-24 06:45:00,186.32
2018-03-24 07:00:00,189.00998
2018-03-24 07:15:00,191.32
2018-03-24 07:30:00,182.35
2018-03-24 07:45:00,181.05
2018-03-24 08:00:00,182.40999
2018-03-24 08:15:00,169.78
2018-03-24 08:30:00,173.48999
2018-03-24 08:45:00,161.01001
2018-03-24 09:00:00,142.14
2018-03-24 09:15:00,102.979996
2018-03-24 09:30:00,78.87
2018-03-24 09:45:00,59.47
2018-03-24 10:00:00,61.230003
2018-03-24 10:15:00,65.520004
2018-03-24 10:30:00,83.119995
2018-03-24 10:45:00,69.4
2018-03-24 11:00:00,49.62
2018-03-24 11:15:00,41.67
2018-03-24 11:30:00,38.9
2018-03-24 11:45:00,50.33
2018-03-24 12:00:00,50.019997
2018-03-24 12:15:00,50.65
2018-03-24 12:30:00,47.12
2018-03-24 12:45:00,34.45
2018-03-24 13:00:00,23.009998
2018-03-24 13:15:00,24.37
2018-03-24 13:30:00,20.099998
2018-03-24 13:45:00,24.869999
2018-03-24 14:00:00,35.62
2018-03-24 14:15:00,51.43
2018-03-24 14:30:00,28.18
2018-03-24 14:45:00,41.95
2018-03-24 15:00:00,44.43
2018-03-24 15:15:00,40.28
2018-03-24 15:30:00,37.449997
2018-03-24 15:45:00,46.57
2018-03-24 16:00:00,49.75
2018-03-24 16:15:00,49.18
2018-03-24 16:30:00,43.120003
2018-03-24 16:45:00,40.440002
2018-03-24 17:00:00,42.39
2018-03-24 17:15:00,47.92
2018-03-24 17:30:00,34.45
2018-03-24 17:45:00,32.11
2018-03-24 18:00:00,32.739998
2018-03-24 18:15:00,32.61
2018-03-24 18:30:00,32.6
2018-03-24 18:45:00,20.150002
2018-03-24 19:00:00,14.42
2018-03-24 19:15:00,7.8
2018-03-24 19:30:00,4.05
2018-03-24 19:45:00,2.6399999
2018-03-24 20:00:00,0.96999997
2018-03-24 20:15:00,1.0
2018-03-24 20:30:00,0.26
2018-03-24 20:45:00,0.42
2018-03-24 21:00:00,0.0
2018-03-24 21:15:00,0.0
2018-03-24 21:30:00,0.0
2018-03-24 21:45:00,0.0
2018-03-24 22:00:00,0.0
2018-03-24 22:15:00,0.0
2018-03-24 22:30:00,0.0
2018-03-24 22:45:00,0.0
2018-03-24 23:00:00,0.0
2018-03-24 23:15:00,0.0
2018-03-24 23:30:00,0.0
2018-03-24 23:45:00,0.0
2018-03-25 00:00:00,0.22999999
2018-03-25 00:15:00,1.02
2018-03-25 00:30:00,6.1
2018-03-25 00:45:00,15.08
2018-03-25 01:00:00,18.52
2018-03-25 01:15:00,17.369999
2018-03-25 01:30:00,18.85
2018-03-25 01:45:00,29.619999
2018-03-25 02:00:00,42.5
2018-03-25 02:15:00,37.08
2018-03-25 02:30:00,43.260002
2018-03-25 02:45:00,51.04
2018-03-25 03:00:00,49.52
2018-03-25 03:15:00,54.059998
2018-03-25 03:30:00,61.550003
2018-03-25 03:45:00,48.5
2018-03-25 04:00:00,54.18
2018-03-25 04:15:00,46.34
2018-03-25 04:30:00,46.72
2018-03-25 04:45:00,49.41
2018-03-25 05:00:00,65.22
2018-03-25 05:15:00,79.59
2018-03-25 05:30:00,102.86
2018-03-25 05:45:00,104.520004
2018-03-25 06:00:00,99.259995
2018-03-25 06:15:00,58.33
2018-03-25 06:30:00,36.85
2018-03-25 06:45:00,58.62
2018-03-25 07:00:00,93.880005
2018-03-25 07:15:00,123.04
2018-03-25 07:30:00,104.69
2018-03-25 07:45:00,138.48999
2018-03-25 08:00:00,147.51
2018-03-25 08:15:00,139.5
2018-03-25 08:30:00,140.95999
2018-03-25 08:45:00,149.72
2018-03-25 09:00:00,137.22
2018-03-25 09:15:00,120.31
2018-03-25 09:30:00,87.82
2018-03-25 09:45:00,82.57
2018-03-25 10:00:00,81.490005
2018-03-25 10:15:00,72.41
2018-03-25 10:30:00,70.380005
2018-03-25 10:45:00,61.43
2018-03-25 11:00:00,63.940002
2018-03-25 11:15:00,60.93
2018-03-25 11:30:00,46.989998
2018-03-25 11:45:00,58.76
2018-03-25 12:00:00,64.16
2018-03-25 12:15:00,64.86
2018-03-25 12:30:00,65.81
2018-03-25 12:45:00,61.28
2018-03-25 13:00:00,65.33
2018-03-25 13:15:00,66.79
2018-03-25 13:30:00,68.71
2018-03-25 13:45:00,66.67
2018-03-25 14:00:00,63.270004
2018-03-25 14:15:00,46.04
2018-03-25 14:30:00,41.28
2018-03-25 14:45:00,32.42
2018-03-25 15:00:00,25.7
2018-03-25 15:15:00,23.33
2018-03-25 15:30:00,19.8
2018-03-25 15:45:00,16.19
2018-03-25 16:00:00,15.75
2018-03-25 16:15:00,12.37
2018-03-25 16:30:00,13.63
2018-03-25 16:45:00,9.91
2018-03-25 17:00:00,11.99
2018-03-25 17:15:00,28.34
2018-03-25 17:30:00,27.11
2018-03-25 17:45:00,36.559998
2018-03-25 18:00:00,24.99
2018-03-25 18:15:00,23.529999
2018-03-25 18:30:00,16.87
2018-03-25 18:45:00,18.74
2018-03-25 19:00:00,21.689999
2018-03-25 19:15:00,24.28
2018-03-25 19:30:00,26.220001
2018-03-25 19:45:00,24.95
2018-03-25 20:00:00,25.89
2018-03-25 20:15:00,22.92
2018-03-25 20:30:00,24.11
2018-03-25 20:45:00,23.43
2018-03-25 21:00:00,30.119999
2018-03-25 21:15:00,41.98
2018-03-25 21:30:00,40.17
2018-03-25 21:45:00,33.1
2018-03-25 22:00:00,22.279999
2018-03-25 22:15:00,29.32
2018-03-25 22:30:00,55.76
2018-03-25 22:45:00,40.31
2018-03-25 23:00:00,44.08
2018-03-25 23:15:00,29.199999
2018-03-25 23:30:00,20.400002
2018-03-25 23:45:00,14.860001
2018-03-26 00:00:00,10.809999
2018-03-26 00:15:00,6.71
2018-03-26 00:30:00,3.28
2018-03-26 00:45:00,0.97
2018-03-26 01:00:00,2.8600001
2018-03-26 01:15:00,3.3000002
2018-03-26 01:30:00,4.16
2018-03-26 01:45:00,8.17
2018-03-26 02:00:00,6.99
2018-03-26 02:15:00,8.18
2018-03-26 02:30:00,11.24
2018-03-26 02:45:00,55.760002
2018-03-26 03:00:00,118.41
2018-03-26 03:15:00,147.57
2018-03-26 03:30:00,153.74998
2018-03-26 03:45:00,162.84
2018-03-26 04:00:00,160.51999
2018-03-26 04:15:00,153.12997
2018-03-26 04:30:00,159.71
2018-03-26 04:45:00,180.21999
2018-03-26 05:00:00,185.06
2018-03-26 05:15:00,198.09
2018-03-26 05:30:00,218.18
2018-03-26 05:45:00,197.08
2018-03-26 06:00:00,177.18
2018-03-26 06:15:00,157.01999
2018-03-26 06:30:00,136.44
2018-03-26 06:45:00,130.61
2018-03-26 07:00:00,129.47
2018-03-26 07:15:00,128.22
2018-03-26 07:30:00,123.55
2018-03-26 07:45:00,123.22
2018-03-26 08:00:00,140.72
2018-03-26 08:15:00,161.23
2018-03-26 08:30:00,136.08
2018-03-26 08:45:00,144.31998
2018-03-26 09:00:00,172.92
2018-03-26 09:15:00,159.15
2018-03-26 09:30:00,163.62
2018-03-26 09:45:00,155.08
2018-03-26 10:00:00,148.92001
2018-03-26 10:15:00,136.25
2018-03-26 10:30:00,135.73999
2018-03-26 10:45:00,140.01999
2018-03-26 11:00:00,143.98
2018-03-26 11:15:00,143.53
2018-03-26 11:30:00,129.33
2018-03-26 11:45:00,115.54
2018-03-26 12:00:00,114.380005
2018-03-26 12:15:00,103.130005
2018-03-26 12:30:00,101.2
2018-03-26 12:45:00,106.31
2018-03-26 13:00:00,113.009995
2018-03-26 13:15:00,104.69
2018-03-26 13:30:00,109.6
2018-03-26 13:45:00,101.07
2018-03-26 14:00:00,90.87
2018-03-26 14:15:00,81.89
2018-03-26 14:30:00,72.46
2018-03-26 14:45:00,62.0
2018-03-26 15:00:00,60.57
2018-03-26 15:15:00,71.119995
2018-03-26 15:30:00,72.16
2018-03-26 15:45:00,87.94
2018-03-26 16:00:00,77.9
2018-03-26 16:15:00,57.489998
2018-03-26 16:30:00,52.52
2018-03-26 16:45:00,53.89
2018-03-26 17:00:00,55.03
2018-03-26 17:15:00,30.75
2018-03-26 17:30:00,22.720001
2018-03-26 17:45:00,18.7
2018-03-26 18:00:00,17.64
2018-03-26 18:15:00,13.610001
2018-03-26 18:30:00,22.92
2018-03-26 18:45:00,24.51
2018-03-26 19:00:00,15.76
2018-03-26 19:15:00,35.690002
2018-03-26 19:30:00,21.599998
2018-03-26 19:45:00,28.16
2018-03-26 20:00:00,40.39
2018-03-26 20:15:00,29.009998
2018-03-26 20:30:00,27.239998
2018-03-26 20:45:00,15.5
2018-03-26 21:00:00,7.9900002
2018-03-26 21:15:00,1.69
2018-03-26 21:30:00,0.0
2018-03-26 21:45:00,0.0
2018-03-26 22:00:00,0.0
2018-03-26 22:15:00,0.0
2018-03-26 22:30:00,0.0
2018-03-26 22:45:00,0.0
2018-03-26 23:00:00,0.0
2018-03-26 23:15:00,0.0
2018-03-26 23:30:00,0.0
2018-03-26 23:45:00,0.0
2018-03-27 00:00:00,0.0
2018-03-27 00:15:00,4.96
2018-03-27 00:30:00,88.91
2018-03-27 00:45:00,1.51
2018-03-27 01:00:00,0.0
2018-03-27 01:15:00,0.0
2018-03-27 01:30:00,1.41
2018-03-27 01:45:00,0.0
2018-03-27 02:00:00,4.56
2018-03-27 02:15:00,4.66
2018-03-27 02:30:00,6.92
2018-03-27 02:45:00,11.940001
2018-03-27 03:00:00,7.76
2018-03-27 03:15:00,6.42
2018-03-27 03:30:00,17.2
2018-03-27 03:45:00,19.4
2018-03-27 04:00:00,31.49
2018-03-27 04:15:00,21.58
2018-03-27 04:30:00,24.89
2018-03-27 04:45:00,0.84
2018-03-27 05:00:00,0.0
2018-03-27 05:15:00,31.95
2018-03-27 05:30:00,7.38
2018-03-27 05:45:00,0.0
2018-03-27 06:00:00,3.94
2018-03-27 06:15:00,4.21
2018-03-27 06:30:00,0.0
2018-03-27 06:45:00,0.0
2018-03-27 07:00:00,0.0
2018-03-27 07:15:00,0.0
2018-03-27 07:30:00,4.5
2018-03-27 07:45:00,0.0
2018-03-27 08:00:00,0.0
2018-03-27 08:15:00,21.119999
2018-03-27 08:30:00,3.06
2018-03-27 08:45:00,2.28
2018-03-27 09:00:00,0.0
2018-03-27 09:15:00,14.690001
2018-03-27 09:30:00,62.510002
2018-03-27 09:45:00,61.089996
2018-03-27 10:00:00,43.58
2018-03-27 10:15:00,22.150002
2018-03-27 10:30:00,32.41
2018-03-27 10:45:00,1.27
2018-03-27 11:00:00,0.27
2018-03-27 11:15:00,1.57
2018-03-27 11:30:00,16.64
2018-03-27 11:45:00,49.23
2018-03-27 12:00:00,49.550003
2018-03-27 12:15:00,55.3
2018-03-27 12:30:00,75.68
2018-03-27 12:45:00,79.630005
2018-03-27 13:00:00,68.3
2018-03-27 13:15:00,40.57
2018-03-27 13:30:00,40.879997
2018-03-27 13:45:00,42.019997
2018-03-27 14:00:00,15.16
2018-03-27 14:15:00,22.27
2018-03-27 14:30:00,25.09
2018-03-27 14:45:00,22.84
2018-03-27 15:00:00,20.689999
2018-03-27 15:15:00,16.5
2018-03-27 15:30:00,3.39
2018-03-27 15:45:00,5.2
2018-03-27 16:00:00,4.1400003
2018-03-27 16:15:00,7.42
2018-03-27 16:30:00,3.34
2018-03-27 16:45:00,0.0
2018-03-27 17:00:00,0.0
2018-03-27 17:15:00,0.0
2018-03-27 17:30:00,0.0
2018-03-27 17:45:00,3.05
2018-03-27 18:00:00,8.3
2018-03-27 18:15:00,6.86
2018-03-27 18:30:00,7.0099998
2018-03-27 18:45:00,50.690002
2018-03-27 19:00:00,56.78
2018-03-27 19:15:00,70.22
2018-03-27 19:30:00,49.2
2018-03-27 19:45:00,33.15
2018-03-27 20:00:00,45.47
2018-03-27 20:15:00,85.43
2018-03-27 20:30:00,59.85
2018-03-27 20:45:00,25.16
2018-03-27 21:00:00,39.46
2018-03-27 21:15:00,41.699997
2018-03-27 21:30:00,80.990005
2018-03-27 21:45:00,125.59
2018-03-27 22:00:00,80.649994
2018-03-27 22:15:00,82.32
2018-03-27 22:30:00,58.15
2018-03-27 22:45:00,41.16
2018-03-27 23:00:00,118.3
2018-03-27 23:15:00,76.700005
2018-03-27 23:30:00,58.280003
2018-03-27 23:45:00,10.849999
2018-03-28 00:00:00,0.16
2018-03-28 00:15:00,0.0
2018-03-28 00:30:00,0.0
2018-03-28 00:45:00,0.0
2018-03-28 01:00:00,0.0
2018-03-28 01:15:00,4.44
2018-03-28 01:30:00,13.17
2018-03-28 01:45:00,2.89
2018-03-28 02:00:00,18.78
2018-03-28 02:15:00,37.949997
2018-03-28 02:30:00,36.36
2018-03-28 02:45:00,31.54
2018-03-28 03:00:00,55.300003
2018-03-28 03:15:00,61.15
2018-03-28 03:30:00,49.02
2018-03-28 03:45:00,39.54
2018-03-28 04:00:00,40.15
2018-03-28 04:15:00,64.96
2018-03-28 04:30:00,48.940002
2018-03-28 04:45:00,67.33
2018-03-28 05:00:00,95.6
2018-03-28 05:15:00,72.740005
2018-03-28 05:30:00,97.47
2018-03-28 05:45:00,118.32
2018-03-28 06:00:00,107.34
2018-03-28 06:15:00,96.2
2018-03-28 06:30:00,64.32
2018-03-28 06:45:00,62.6
2018-03-28 07:00:00,55.949997
2018-03-28 07:15:00,40.059998
2018-03-28 07:30:00,54.370003
2018-03-28 07:45:00,44.48
2018-03-28 08:00:00,47.84
2018-03-28 08:15:00,65.490005
2018-03-28 08:30:00,45.1
2018-03-28 08:45:00,43.54
2018-03-28 09:00:00,44.83
2018-03-28 09:15:00,41.58
2018-03-28 09:30:00,27.45
2018-03-28 09:45:00,19.02
2018-03-28 10:00:00,18.86
2018-03-28 10:15:00,16.63
2018-03-28 10:30:00,23.84
2018-03-28 10:45:00,27.54
2018-03-28 11:00:00,34.57
2018-03-28 11:15:00,32.82
2018-03-28 11:30:00,39.870003
2018-03-28 11:45:00,37.62
2018-03-28 12:00:00,47.03
2018-03-28 12:15:00,33.11
2018-03-28 12:30:00,48.120003
2018-03-28 12:45:00,40.870003
2018-03-28 13:00:00,55.879997
2018-03-28 13:15:00,58.0
2018-03-28 13:30:00,51.63
2018-03-28 13:45:00,38.08
2018-03-28 14:00:00,20.4
2018-03-28 14:15:00,7.9
2018-03-28 14:30:00,1.02
2018-03-28 14:45:00,1.47
2018-03-28 15:00:00,0.55
2018-03-28 15:15:00,2.11
2018-03-28 15:30:00,1.62
2018-03-28 15:45:00,1.16
2018-03-28 16:00:00,2.0500002
2018-03-28 16:15:00,3.83
2018-03-28 16:30:00,7.39
2018-03-28 16:45:00,4.29
2018-03-28 17:00:00,3.81
2018-03-28 17:15:00,4.09
2018-03-28 17:30:00,7.31
2018-03-28 17:45:00,6.51
2018-03-28 18:00:00,1.98
2018-03-28 18:15:00,1.1
2018-03-28 18:30:00,0.74
2018-03-28 18:45:00,1.5899999
2018-03-28 19:00:00,0.23
2018-03-28 19:15:00,0.57
2018-03-28 19:30:00,0.82
2018-03-28 19:45:00,0.0
2018-03-28 20:00:00,0.0
2018-03-28 20:15:00,0.19
2018-03-28 20:30:00,16.95
2018-03-28 20:45:00,0.0
2018-03-28 21:00:00,2.45
2018-03-28 21:15:00,2.32
2018-03-28 21:30:00,0.98
2018-03-28 21:45:00,3.11
2018-03-28 22:00:00,2.69
2018-03-28 22:15:00,3.7199998
2018-03-28 22:30:00,4.47
2018-03-28 22:45:00,8.59
2018-03-28 23:00:00,0.81
2018-03-28 23:15:00,7.84
2018-03-28 23:30:00,1.88
2018-03-28 23:45:00,0.0
2018-03-29 00:00:00,0.0
2018-03-29 00:15:00,0.0
2018-03-29 00:30:00,0.0
2018-03-29 00:45:00,0.0
2018-03-29 01:00:00,11.73
2018-03-29 01:15:00,3.45
2018-03-29 01:30:00,10.71
2018-03-29 01:45:00,15.81
2018-03-29 02:00:00,18.91
2018-03-29 02:15:00,31.23
2018-03-29 02:30:00,41.59
2018-03-29 02:45:00,44.52
2018-03-29 03:00:00,40.63
2018-03-29 03:15:00,36.23
2018-03-29 03:30:00,43.15
2018-03-29 03:45:00,57.8
2018-03-29 04:00:00,58.190002
2018-03-29 04:15:00,63.239998
2018-03-29 04:30:00,66.369995
2018-03-29 04:45:00,55.91
2018-03-29 05:00:00,57.0
2018-03-29 05:15:00,77.16
2018-03-29 05:30:00,94.509995
2018-03-29 05:45:00,82.619995
2018-03-29 06:00:00,71.16
2018-03-29 06:15:00,63.059998
2018-03-29 06:30:00,73.68
2018-03-29 06:45:00,62.03
2018-03-29 07:00:00,74.28
2018-03-29 07:15:00,88.32
2018-03-29 07:30:00,92.28
2018-03-29 07:45:00,111.34
2018-03-29 08:00:00,112.58
2018-03-29 08:15:00,106.84
2018-03-29 08:30:00,113.92
2018-03-29 08:45:00,129.36
2018-03-29 09:00:00,98.31
2018-03-29 09:15:00,82.46
2018-03-29 09:30:00,68.29
2018-03-29 09:45:00,63.9
2018-03-29 10:00:00,65.22
2018-03-29 10:15:00,67.0
2018-03-29 10:30:00,60.5
2018-03-29 10:45:00,57.03
2018-03-29 11:00:00,53.120003
2018-03-29 11:15:00,45.3
2018-03-29 11:30:00,47.61
2018-03-29 11:45:00,52.2
2018-03-29 12:00:00,64.17
2018-03-29 12:15:00,56.690002
2018-03-29 12:30:00,70.03
2018-03-29 12:45:00,73.7
2018-03-29 13:00:00,66.41
2018-03-29 13:15:00,87.24
2018-03-29 13:30:00,120.05
2018-03-29 13:45:00,96.33
2018-03-29 14:00:00,69.479996
2018-03-29 14:15:00,117.18
2018-03-29 14:30:00,92.97
2018-03-29 14:45:00,69.87
2018-03-29 15:00:00,67.159996
2018-03-29 15:15:00,75.020004
2018-03-29 15:30:00,77.7
2018-03-29 15:45:00,77.78
2018-03-29 16:00:00,55.32
2018-03-29 16:15:00,65.72
2018-03-29 16:30:00,97.399994
2018-03-29 16:45:00,93.740005
2018-03-29 17:00:00,85.31
2018-03-29 17:15:00,86.729996
2018-03-29 17:30:00,69.64
2018-03-29 17:45:00,63.949997
2018-03-29 18:00:00,66.91
2018-03-29 18:15:00,69.46
2018-03-29 18:30:00,65.95
2018-03-29 18:45:00,65.18
2018-03-29 19:00:00,68.21
2018-03-29 19:15:00,68.21
2018-03-29 19:30:00,64.44
2018-03-29 19:45:00,61.67
2018-03-29 20:00:00,53.95
2018-03-29 20:15:00,53.47
2018-03-29 20:30:00,52.15
2018-03-29 20:45:00,46.82
2018-03-29 21:00:00,41.56
2018-03-29 21:15:00,32.11
2018-03-29 21:30:00,29.010002
2018-03-29 21:45:00,19.98
2018-03-29 22:00:00,33.97
2018-03-29 22:15:00,30.05
2018-03-29 22:30:00,40.989998
2018-03-29 22:45:00,37.85
2018-03-29 23:00:00,35.190002
2018-03-29 23:15:00,30.2
2018-03-29 23:30:00,26.73
2018-03-29 23:45:00,22.02
2018-03-30 00:00:00,25.279999
2018-03-30 00:15:00,24.67
2018-03-30 00:30:00,16.12
2018-03-30 00:45:00,12.030001
2018-03-30 01:00:00,16.58
2018-03-30 01:15:00,20.369999
2018-03-30 01:30:00,21.11
2018-03-30 01:45:00,26.29
2018-03-30 02:00:00,30.14
2018-03-30 02:15:00,36.4
2018-03-30 02:30:00,36.55
2018-03-30 02:45:00,43.02
2018-03-30 03:00:00,53.230003
2018-03-30 03:15:00,58.760002
2018-03-30 03:30:00,63.440002
2018-03-30 03:45:00,65.5
2018-03-30 04:00:00,53.42
2018-03-30 04:15:00,51.79
2018-03-30 04:30:00,45.41
2018-03-30 04:45:00,49.379997
2018-03-30 05:00:00,36.52
2018-03-30 05:15:00,36.75
2018-03-30 05:30:00,42.36
2018-03-30 05:45:00,42.09
2018-03-30 06:00:00,38.579998
2018-03-30 06:15:00,42.64
2018-03-30 06:30:00,43.21
2018-03-30 06:45:00,28.68
2018-03-30 07:00:00,20.39
2018-03-30 07:15:00,22.99
2018-03-30 07:30:00,29.58
2018-03-30 07:45:00,38.489998
2018-03-30 08:00:00,38.79
2018-03-30 08:15:00,38.54
2018-03-30 08:30:00,41.050003
2018-03-30 08:45:00,29.760002
2018-03-30 09:00:00,21.95
2018-03-30 09:15:00,25.36
2018-03-30 09:30:00,31.91
2018-03-30 09:45:00,46.050003
2018-03-30 10:00:00,33.37
2018-03-30 10:15:00,28.619999
2018-03-30 10:30:00,21.39
2018-03-30 10:45:00,19.25
2018-03-30 11:00:00,11.67
2018-03-30 11:15:00,13.07
2018-03-30 11:30:00,10.309999
2018-03-30 11:45:00,11.6
2018-03-30 12:00:00,12.530001
2018-03-30 12:15:00,17.48
2018-03-30 12:30:00,23.74
2018-03-30 12:45:00,15.65
2018-03-30 13:00:00,13.48
2018-03-30 13:15:00,15.25
2018-03-30 13:30:00,15.52
2018-03-30 13:45:00,14.28
2018-03-30 14:00:00,6.66
2018-03-30 14:15:00,4.08
2018-03-30 14:30:00,3.81
2018-03-30 14:45:00,4.5299997
2018-03-30 15:00:00,11.23
2018-03-30 15:15:00,9.889999
2018-03-30 15:30:00,16.32
2018-03-30 15:45:00,18.14
2018-03-30 16:00:00,25.07
2018-03-30 16:15:00,31.53
2018-03-30 16:30:00,39.82
2018-03-30 16:45:00,62.33
2018-03-30 17:00:00,56.2
2018-03-30 17:15:00,52.68
2018-03-30 17:30:00,41.190002
2018-03-30 17:45:00,39.87
2018-03-30 18:00:00,40.29
2018-03-30 18:15:00,37.75
2018-03-30 18:30:00,41.98
2018-03-30 18:45:00,41.550003
2018-03-30 19:00:00,43.41
2018-03-30 19:15:00,40.86
2018-03-30 19:30:00,40.120003
2018-03-30 19:45:00,40.29
2018-03-30 20:00:00,31.77
2018-03-30 20:15:00,33.45
2018-03-30 20:30:00,31.43
2018-03-30 20:45:00,34.7
2018-03-30 21:00:00,37.96
2018-03-30 21:15:00,42.41
2018-03-30 21:30:00,40.33
2018-03-30 21:45:00,39.260002
2018-03-30 22:00:00,45.800003
2018-03-30 22:15:00,44.25
2018-03-30 22:30:00,47.57
2018-03-30 22:45:00,55.89
2018-03-30 23:00:00,48.559998
2018-03-30 23:15:00,49.35
2018-03-30 23:30:00,41.99
2018-03-30 23:45:00,56.06
2018-03-31 00:00:00,58.53
2018-03-31 00:15:00,50.489998
2018-03-31 00:30:00,41.79
2018-03-31 00:45:00,37.059998
2018-03-31 01:00:00,39.17
2018-03-31 01:15:00,36.75
2018-03-31 01:30:00,49.64
2018-03-31 01:45:00,56.06
2018-03-31 02:00:00,69.05
2018-03-31 02:15:00,74.67
2018-03-31 02:30:00,97.04
2018-03-31 02:45:00,113.7
2018-03-31 03:00:00,130.01001
2018-03-31 03:15:00,153.37
2018-03-31 03:30:00,185.62
2018-03-31 03:45:00,206.52
2018-03-31 04:00:00,215.87999
2018-03-31 04:15:00,218.38
2018-03-31 04:30:00,219.23001
2018-03-31 04:45:00,220.33997
2018-03-31 05:00:00,219.91
2018-03-31 05:15:00,219.37
2018-03-31 05:30:00,189.61
2018-03-31 05:45:00,4.42
2018-03-31 06:00:00,0.0
2018-03-31 06:15:00,0.0
2018-03-31 06:30:00,0.0
2018-03-31 06:45:00,0.0
2018-03-31 07:00:00,0.0
2018-03-31 07:15:00,0.0
2018-03-31 07:30:00,0.0
2018-03-31 07:45:00,0.0
2018-03-31 08:00:00,0.0
2018-03-31 08:15:00,0.0
2018-03-31 08:30:00,0.0
2018-03-31 08:45:00,0.0
2018-03-31 09:00:00,0.0
2018-03-31 09:15:00,0.0
2018-03-31 09:30:00,0.0
2018-03-31 09:45:00,0.0
2018-03-31 10:00:00,0.0
2018-03-31 10:15:00,0.0
2018-03-31 10:30:00,0.0
2018-03-31 10:45:00,0.0
2018-03-31 11:00:00,0.0
2018-03-31 11:15:00,0.0
2018-03-31 11:30:00,54.89
2018-03-31 11:45:00,194.5
2018-03-31 12:00:00,215.15997
2018-03-31 12:15:00,217.94
2018-03-31 12:30:00,216.64001
2018-03-31 12:45:00,215.89
2018-03-31 13:00:00,213.18
2018-03-31 13:15:00,209.66
2018-03-31 13:30:00,208.62
2018-03-31 13:45:00,201.38
2018-03-31 14:00:00,198.01999
2018-03-31 14:15:00,199.99998
2018-03-31 14:30:00,208.60999
2018-03-31 14:45:00,209.52
2018-03-31 15:00:00,210.1
2018-03-31 15:15:00,212.83
2018-03-31 15:30:00,216.87999
2018-03-31 15:45:00,216.56998
2018-03-31 16:00:00,213.45001
2018-03-31 16:15:00,213.93
2018-03-31 16:30:00,213.69998
2018-03-31 16:45:00,212.63
2018-03-31 17:00:00,212.09
2018-03-31 17:15:00,202.07
2018-03-31 17:30:00,195.07999
2018-03-31 17:45:00,182.62
2018-03-31 18:00:00,186.84
2018-03-31 18:15:00,188.13
2018-03-31 18:30:00,177.51999
2018-03-31 18:45:00,186.33
2018-03-31 19:00:00,161.06
2018-03-31 19:15:00,147.28
2018-03-31 19:30:00,148.93
2018-03-31 19:45:00,131.94
2018-03-31 20:00:00,114.72
2018-03-31 20:15:00,97.130005
2018-03-31 20:30:00,89.869995
2018-03-31 20:45:00,89.899994
2018-03-31 21:00:00,87.020004
2018-03-31 21:15:00,52.93
2018-03-31 21:30:00,53.56
2018-03-31 21:45:00,75.06
2018-03-31 22:00:00,88.09
2018-03-31 22:15:00,88.99
2018-03-31 22:30:00,81.61
2018-03-31 22:45:00,71.100006
2018-03-31 23:00:00,62.54
2018-03-31 23:15:00,48.33
2018-03-31 23:30:00,39.629997
2018-03-31 23:45:00,27.970001
2018-04-01 00:00:00,28.74
2018-04-01 00:15:00,34.730003
2018-04-01 00:30:00,30.279999
2018-04-01 00:45:00,26.43
2018-04-01 01:00:00,22.240002
2018-04-01 01:15:00,26.41
2018-04-01 01:30:00,34.449997
2018-04-01 01:45:00,31.949999
2018-04-01 02:00:00,47.26
2018-04-01 02:15:00,42.91
2018-04-01 02:30:00,39.16
2018-04-01 02:45:00,49.29
2018-04-01 03:00:00,66.68
2018-04-01 03:15:00,88.22
2018-04-01 03:30:00,112.100006
2018-04-01 03:45:00,50.66
2018-04-01 04:00:00,34.12
2018-04-01 04:15:00,16.56
2018-04-01 04:30:00,2.73
2018-04-01 04:45:00,1.01
2018-04-01 05:00:00,0.3
2018-04-01 05:15:00,0.0
2018-04-01 05:30:00,0.0
2018-04-01 05:45:00,0.0
2018-04-01 06:00:00,0.0
2018-04-01 06:15:00,0.0
2018-04-01 06:30:00,0.0
2018-04-01 06:45:00,0.0
2018-04-01 07:00:00,0.0
2018-04-01 07:15:00,0.0
2018-04-01 07:30:00,0.0
2018-04-01 07:45:00,0.0
2018-04-01 08:00:00,0.0
2018-04-01 08:15:00,0.0
2018-04-01 08:30:00,0.0
2018-04-01 08:45:00,0.0
2018-04-01 09:00:00,0.0
2018-04-01 09:15:00,0.0
2018-04-01 09:30:00,0.37
2018-04-01 09:45:00,2.45
2018-04-01 10:00:00,1.54
2018-04-01 10:15:00,2.07
2018-04-01 10:30:00,2.31
2018-04-01 10:45:00,4.09
2018-04-01 11:00:00,3.36
2018-04-01 11:15:00,2.03
2018-04-01 11:30:00,1.8599999
2018-04-01 11:45:00,2.78
2018-04-01 12:00:00,2.0
2018-04-01 12:15:00,3.42
2018-04-01 12:30:00,15.15
2018-04-01 12:45:00,17.94
2018-04-01 13:00:00,22.4
2018-04-01 13:15:00,25.66
2018-04-01 13:30:00,28.28
2018-04-01 13:45:00,32.129997
2018-04-01 14:00:00,26.25
2018-04-01 14:15:00,26.1
2018-04-01 14:30:00,32.73
2018-04-01 14:45:00,42.550003
2018-04-01 15:00:00,43.57
2018-04-01 15:15:00,29.83
2018-04-01 15:30:00,30.15
2018-04-01 15:45:00,33.62
2018-04-01 16:00:00,28.619999
2018-04-01 16:15:00,30.32
2018-04-01 16:30:00,31.64
2018-04-01 16:45:00,30.580002
2018-04-01 17:00:00,24.55
2018-04-01 17:15:00,24.11
2018-04-01 17:30:00,23.46
2018-04-01 17:45:00,21.43
2018-04-01 18:00:00,20.45
2018-04-01 18:15:00,25.98
2018-04-01 18:30:00,23.66
2018-04-01 18:45:00,19.23
2018-04-01 19:00:00,19.07
2018-04-01 19:15:00,17.7
2018-04-01 19:30:00,10.200001
2018-04-01 19:45:00,16.779999
2018-04-01 20:00:00,21.9
2018-04-01 20:15:00,23.48
2018-04-01 20:30:00,25.83
2018-04-01 20:45:00,33.61
2018-04-01 21:00:00,40.18
2018-04-01 21:15:00,40.239998
2018-04-01 21:30:00,40.55
2018-04-01 21:45:00,49.6
2018-04-01 22:00:00,48.25
2018-04-01 22:15:00,64.4
2018-04-01 22:30:00,73.32
2018-04-01 22:45:00,76.08
2018-04-01 23:00:00,88.86
2018-04-01 23:15:00,97.740005
2018-04-01 23:30:00,101.990005
2018-04-01 23:45:00,109.09
2018-04-02 00:00:00,113.79
2018-04-02 00:15:00,123.43
2018-04-02 00:30:00,119.67
2018-04-02 00:45:00,115.9
2018-04-02 01:00:00,110.36
2018-04-02 01:15:00,113.85
2018-04-02 01:30:00,97.42
2018-04-02 01:45:00,103.07
2018-04-02 02:00:00,93.45
2018-04-02 02:15:00,91.67
2018-04-02 02:30:00,96.46
2018-04-02 02:45:00,97.55
2018-04-02 03:00:00,111.22
2018-04-02 03:15:00,115.83
2018-04-02 03:30:00,94.04
2018-04-02 03:45:00,86.89
2018-04-02 04:00:00,99.09
2018-04-02 04:15:00,71.82
2018-04-02 04:30:00,78.350006
2018-04-02 04:45:00,64.26
2018-04-02 05:00:00,57.42
2018-04-02 05:15:00,41.49
2018-04-02 05:30:00,40.440002
2018-04-02 05:45:00,30.07
2018-04-02 06:00:00,41.9
2018-04-02 06:15:00,25.86
2018-04-02 06:30:00,18.04
2018-04-02 06:45:00,18.14
2018-04-02 07:00:00,13.950001
2018-04-02 07:15:00,14.9
2018-04-02 07:30:00,12.04
2018-04-02 07:45:00,12.719999
2018-04-02 08:00:00,9.110001
2018-04-02 08:15:00,32.02
2018-04-02 08:30:00,10.96
2018-04-02 08:45:00,17.68
2018-04-02 09:00:00,6.09
2018-04-02 09:15:00,2.68
2018-04-02 09:30:00,1.12
2018-04-02 09:45:00,3.08
2018-04-02 10:00:00,8.53
2018-04-02 10:15:00,3.3200002
2018-04-02 10:30:00,3.2800002
2018-04-02 10:45:00,7.49
2018-04-02 11:00:00,2.25
2018-04-02 11:15:00,6.0699997
2018-04-02 11:30:00,3.92
2018-04-02 11:45:00,3.93
2018-04-02 12:00:00,0.85
2018-04-02 12:15:00,1.51
2018-04-02 12:30:00,1.39
2018-04-02 12:45:00,1.0
2018-04-02 13:00:00,0.65
2018-04-02 13:15:00,0.29
2018-04-02 13:30:00,4.87
2018-04-02 13:45:00,0.0
2018-04-02 14:00:00,0.0
2018-04-02 14:15:00,0.0
2018-04-02 14:30:00,0.0
2018-04-02 14:45:00,0.0
2018-04-02 15:00:00,0.0
2018-04-02 15:15:00,0.0
2018-04-02 15:30:00,0.0
2018-04-02 15:45:00,0.0
2018-04-02 16:00:00,0.0
2018-04-02 16:15:00,0.0
2018-04-02 16:30:00,0.0
2018-04-02 16:45:00,0.0
2018-04-02 17:00:00,1.92
2018-04-02 17:15:00,6.83
2018-04-02 17:30:00,30.53
2018-04-02 17:45:00,39.33
2018-04-02 18:00:00,41.41
2018-04-02 18:15:00,53.68
2018-04-02 18:30:00,16.7
2018-04-02 18:45:00,24.689999
2018-04-02 19:00:00,41.07
2018-04-02 19:15:00,48.83
2018-04-02 19:30:00,43.739998
2018-04-02 19:45:00,29.86
2018-04-02 20:00:00,55.75
2018-04-02 20:15:00,39.71
2018-04-02 20:30:00,68.21
2018-04-02 20:45:00,72.07
2018-04-02 21:00:00,48.5
2018-04-02 21:15:00,82.84
2018-04-02 21:30:00,109.39
2018-04-02 21:45:00,102.399994
2018-04-02 22:00:00,112.64
2018-04-02 22:15:00,131.95999
2018-04-02 22:30:00,114.22
2018-04-02 22:45:00,118.14
2018-04-02 23:00:00,127.509995
2018-04-02 23:15:00,130.26001
2018-04-02 23:30:00,128.5
2018-04-02 23:45:00,127.59
2018-04-03 00:00:00,127.44
2018-04-03 00:15:00,118.68
2018-04-03 00:30:00,120.82001
2018-04-03 00:45:00,135.34999
2018-04-03 01:00:00,124.57
2018-04-03 01:15:00,122.81
2018-04-03 01:30:00,164.26999
2018-04-03 01:45:00,184.11
2018-04-03 02:00:00,199.82
2018-04-03 02:15:00,213.56
2018-04-03 02:30:00,217.23
2018-04-03 02:45:00,220.39
2018-04-03 03:00:00,217.93
2018-04-03 03:15:00,222.93
2018-04-03 03:30:00,223.50998
2018-04-03 03:45:00,223.98001
2018-04-03 04:00:00,224.07999
2018-04-03 04:15:00,223.79999
2018-04-03 04:30:00,224.52
2018-04-03 04:45:00,222.27998
2018-04-03 05:00:00,221.95999
2018-04-03 05:15:00,217.5
2018-04-03 05:30:00,215.73001
2018-04-03 05:45:00,216.82999
2018-04-03 06:00:00,215.18
2018-04-03 06:15:00,221.28
2018-04-03 06:30:00,221.12
2018-04-03 06:45:00,216.32
2018-04-03 07:00:00,216.29997
2018-04-03 07:15:00,218.8
2018-04-03 07:30:00,217.35
2018-04-03 07:45:00,213.63
2018-04-03 08:00:00,211.97
2018-04-03 08:15:00,209.44
2018-04-03 08:30:00,210.10999
2018-04-03 08:45:00,216.6
2018-04-03 09:00:00,211.36
2018-04-03 09:15:00,205.03
2018-04-03 09:30:00,206.77
2018-04-03 09:45:00,191.19998
2018-04-03 10:00:00,173.56
2018-04-03 10:15:00,163.20999
2018-04-03 10:30:00,169.63
2018-04-03 10:45:00,158.24998
2018-04-03 11:00:00,158.88
2018-04-03 11:15:00,156.92
2018-04-03 11:30:00,162.23999
2018-04-03 11:45:00,150.70001
2018-04-03 12:00:00,151.43
2018-04-03 12:15:00,148.73001
2018-04-03 12:30:00,151.0
2018-04-03 12:45:00,146.51001
2018-04-03 13:00:00,146.16
2018-04-03 13:15:00,137.17
2018-04-03 13:30:00,129.78
2018-04-03 13:45:00,104.33
2018-04-03 14:00:00,108.71
2018-04-03 14:15:00,102.61
2018-04-03 14:30:00,90.729996
2018-04-03 14:45:00,93.509995
2018-04-03 15:00:00,80.380005
2018-04-03 15:15:00,78.57
2018-04-03 15:30:00,57.46
2018-04-03 15:45:00,41.6
2018-04-03 16:00:00,64.2
2018-04-03 16:15:00,74.95
2018-04-03 16:30:00,100.83
2018-04-03 16:45:00,174.34998
2018-04-03 17:00:00,192.23999
2018-04-03 17:15:00,207.82
2018-04-03 17:30:00,218.20999
2018-04-03 17:45:00,220.57
2018-04-03 18:00:00,218.19
2018-04-03 18:15:00,217.22
2018-04-03 18:30:00,217.82999
2018-04-03 18:45:00,218.8
2018-04-03 19:00:00,219.62999
2018-04-03 19:15:00,216.68999
2018-04-03 19:30:00,214.23999
2018-04-03 19:45:00,215.82999
2018-04-03 20:00:00,217.1
2018-04-03 20:15:00,216.38
2018-04-03 20:30:00,221.26999
2018-04-03 20:45:00,223.41
2018-04-03 21:00:00,219.46999
2018-04-03 21:15:00,222.57999
2018-04-03 21:30:00,223.29
2018-04-03 21:45:00,224.26001
2018-04-03 22:00:00,224.82999
2018-04-03 22:15:00,222.56
2018-04-03 22:30:00,222.76999
2018-04-03 22:45:00,172.84
2018-04-03 23:00:00,7.64
2018-04-03 23:15:00,174.34
2018-04-03 23:30:00,222.79999
2018-04-03 23:45:00,222.53
2018-04-04 00:00:00,221.43
2018-04-04 00:15:00,221.65
2018-04-04 00:30:00,223.44
2018-04-04 00:45:00,223.37999
2018-04-04 01:00:00,222.12
2018-04-04 01:15:00,223.15
2018-04-04 01:30:00,223.41998
2018-04-04 01:45:00,223.44
2018-04-04 02:00:00,222.93
2018-04-04 02:15:00,220.74998
2018-04-04 02:30:00,217.91
2018-04-04 02:45:00,212.64
2018-04-04 03:00:00,201.81
2018-04-04 03:15:00,210.11
2018-04-04 03:30:00,208.20001
2018-04-04 03:45:00,208.76999
2018-04-04 04:00:00,197.86
2018-04-04 04:15:00,207.54001
2018-04-04 04:30:00,200.85999
2018-04-04 04:45:00,183.20999
2018-04-04 05:00:00,174.12
2018-04-04 05:15:00,159.52
2018-04-04 05:30:00,151.66
2018-04-04 05:45:00,151.19
2018-04-04 06:00:00,129.61
2018-04-04 06:15:00,117.07
2018-04-04 06:30:00,107.53999
2018-04-04 06:45:00,120.42999
2018-04-04 07:00:00,120.85
2018-04-04 07:15:00,139.76999
2018-04-04 07:30:00,130.18001
2018-04-04 07:45:00,141.03
2018-04-04 08:00:00,141.84
2018-04-04 08:15:00,144.70999
2018-04-04 08:30:00,152.83
2018-04-04 08:45:00,160.16998
2018-04-04 09:00:00,170.13998
2018-04-04 09:15:00,174.70999
2018-04-04 09:30:00,176.19
2018-04-04 09:45:00,156.37
2018-04-04 10:00:00,124.700005
2018-04-04 10:15:00,125.350006
2018-04-04 10:30:00,111.59
2018-04-04 10:45:00,97.55
2018-04-04 11:00:00,127.92
2018-04-04 11:15:00,154.93
2018-04-04 11:30:00,161.72998
2018-04-04 11:45:00,147.70999
2018-04-04 12:00:00,130.82
2018-04-04 12:15:00,115.41
2018-04-04 12:30:00,113.55
2018-04-04 12:45:00,105.83
2018-04-04 13:00:00,87.48
2018-04-04 13:15:00,63.22
2018-04-04 13:30:00,55.25
2018-04-04 13:45:00,55.46
2018-04-04 14:00:00,63.0
2018-04-04 14:15:00,58.17
2018-04-04 14:30:00,49.25
2018-04-04 14:45:00,39.15
2018-04-04 15:00:00,52.17
2018-04-04 15:15:00,51.09
2018-04-04 15:30:00,39.760002
2018-04-04 15:45:00,40.72
2018-04-04 16:00:00,33.93
2018-04-04 16:15:00,31.560001
2018-04-04 16:30:00,38.68
2018-04-04 16:45:00,41.129997
2018-04-04 17:00:00,57.839996
2018-04-04 17:15:00,56.79
2018-04-04 17:30:00,40.0
2018-04-04 17:45:00,45.53
2018-04-04 18:00:00,56.82
2018-04-04 18:15:00,51.47
2018-04-04 18:30:00,46.72
2018-04-04 18:45:00,45.28
2018-04-04 19:00:00,42.97
2018-04-04 19:15:00,44.61
2018-04-04 19:30:00,43.28
2018-04-04 19:45:00,41.47
2018-04-04 20:00:00,44.04
2018-04-04 20:15:00,45.13
2018-04-04 20:30:00,40.7
2018-04-04 20:45:00,48.11
2018-04-04 21:00:00,49.58
2018-04-04 21:15:00,64.2
2018-04-04 21:33:00,51.77
2018-04-04 21:45:00,55.86
2018-04-04 22:00:00,54.71
2018-04-04 22:15:00,59.17
2018-04-04 22:30:00,53.93
2018-04-04 22:45:00,63.78
2018-04-04 23:00:00,59.5
2018-04-04 23:15:00,61.22
2018-04-04 23:30:00,69.29
2018-04-04 23:45:00,61.61
2018-04-05 00:00:00,63.75
2018-04-05 00:15:00,61.21
2018-04-05 00:30:00,66.14
2018-04-05 00:45:00,43.940002
2018-04-05 01:00:00,37.73
2018-04-05 01:15:00,29.199999
2018-04-05 01:30:00,32.97
2018-04-05 01:45:00,47.97
2018-04-05 02:00:00,77.92
2018-04-05 02:15:00,89.68
2018-04-05 02:30:00,99.229996
2018-04-05 02:45:00,126.05
2018-04-05 03:00:00,148.32
2018-04-05 03:15:00,141.93
2018-04-05 03:30:00,147.23
2018-04-05 03:45:00,149.75
2018-04-05 04:00:00,151.61
2018-04-05 04:15:00,156.04999
2018-04-05 04:30:00,156.25
2018-04-05 04:45:00,178.76
2018-04-05 05:00:00,142.79
2018-04-05 05:15:00,217.45999
2018-04-05 05:30:00,221.90997
2018-04-05 05:45:00,221.14
2018-04-05 06:00:00,221.29999
2018-04-05 06:15:00,222.65
2018-04-05 06:30:00,222.92001
2018-04-05 06:45:00,223.02998
2018-04-05 07:00:00,222.97
2018-04-05 07:15:00,220.36
2018-04-05 07:30:00,223.34
2018-04-05 07:45:00,223.17
2018-04-05 08:00:00,223.09
2018-04-05 08:15:00,222.10999
2018-04-05 08:30:00,221.84998
2018-04-05 08:45:00,222.19
2018-04-05 09:00:00,220.94
2018-04-05 09:15:00,220.70999
2018-04-05 09:30:00,217.87
2018-04-05 09:45:00,221.12
2018-04-05 10:00:00,219.32999
2018-04-05 10:15:00,218.76999
2018-04-05 10:30:00,221.03
2018-04-05 10:45:00,221.00998
2018-04-05 11:00:00,221.01001
2018-04-05 11:15:00,220.36
2018-04-05 11:30:00,219.29001
2018-04-05 11:45:00,221.62
2018-04-05 12:00:00,222.56
2018-04-05 12:15:00,220.47
2018-04-05 12:30:00,221.04001
2018-04-05 12:45:00,217.4
2018-04-05 13:00:00,218.79999
2018-04-05 13:15:00,220.7
2018-04-05 13:30:00,220.25998
2018-04-05 13:45:00,217.95999
2018-04-05 14:00:00,215.82999
2018-04-05 14:15:00,210.95999
2018-04-05 14:30:00,202.57999
2018-04-05 14:45:00,201.98
2018-04-05 15:00:00,200.55
2018-04-05 15:15:00,197.77
2018-04-05 15:30:00,193.18999
2018-04-05 15:45:00,202.41
2018-04-05 16:00:00,210.93
2018-04-05 16:15:00,210.66
2018-04-05 16:30:00,214.29001
2018-04-05 16:45:00,210.99998
2018-04-05 17:00:00,202.5
2018-04-05 17:15:00,190.87
2018-04-05 17:30:00,173.23
2018-04-05 17:45:00,158.29
2018-04-05 18:00:00,150.51999
2018-04-05 18:15:00,149.87
2018-04-05 18:30:00,128.21999
2018-04-05 18:45:00,127.14
2018-04-05 19:00:00,114.94
2018-04-05 19:15:00,101.5
2018-04-05 19:30:00,100.05
2018-04-05 19:45:00,75.85
2018-04-05 20:00:00,77.91
2018-04-05 20:15:00,61.559998
2018-04-05 20:30:00,53.059998
2018-04-05 20:45:00,52.989998
2018-04-05 21:00:00,36.17
2018-04-05 21:15:00,48.379997
2018-04-05 21:30:00,46.6
2018-04-05 21:45:00,42.17
2018-04-05 22:00:00,50.46
2018-04-05 22:15:00,46.29
2018-04-05 22:30:00,44.08
2018-04-05 22:45:00,56.97
2018-04-05 23:00:00,60.72
2018-04-05 23:15:00,61.84
2018-04-05 23:30:00,62.309998
2018-04-05 23:45:00,54.54
2018-04-06 00:00:00,56.59
2018-04-06 00:15:00,63.4
2018-04-06 00:30:00,72.82
2018-04-06 00:45:00,78.67
2018-04-06 01:00:00,79.729996
2018-04-06 01:15:00,87.240005
2018-04-06 01:30:00,92.79
2018-04-06 01:45:00,102.73
2018-04-06 02:00:00,134.66
2018-04-06 02:15:00,126.229996
2018-04-06 02:30:00,119.18
2018-04-06 02:45:00,126.88
2018-04-06 03:00:00,174.98999
2018-04-06 03:15:00,185.56
2018-04-06 03:30:00,207.53998
2018-04-06 03:45:00,213.81
2018-04-06 04:00:00,212.96999
2018-04-06 04:15:00,216.1
2018-04-06 04:30:00,215.19
2018-04-06 04:45:00,217.84
2018-04-06 05:00:00,217.4
2018-04-06 05:15:00,221.29001
2018-04-06 05:30:00,218.81
2018-04-06 05:45:00,216.97
2018-04-06 06:00:00,213.85999
2018-04-06 06:15:00,202.34998
2018-04-06 06:30:00,198.68
2018-04-06 06:45:00,202.51997
2018-04-06 07:00:00,206.14
2018-04-06 07:15:00,209.7
2018-04-06 07:30:00,211.88998
2018-04-06 07:45:00,205.95999
2018-04-06 08:00:00,195.54999
2018-04-06 08:15:00,197.13
2018-04-06 08:30:00,193.04001
2018-04-06 08:45:00,193.61
2018-04-06 09:00:00,191.69998
2018-04-06 09:15:00,192.48001
2018-04-06 09:30:00,195.98999
2018-04-06 09:45:00,197.57
2018-04-06 10:00:00,199.08
2018-04-06 10:15:00,200.01999
2018-04-06 10:30:00,200.20999
2018-04-06 10:45:00,207.6
2018-04-06 11:00:00,198.43
2018-04-06 11:15:00,196.24998
2018-04-06 11:30:00,193.76999
2018-04-06 11:45:00,201.82999
2018-04-06 12:00:00,197.09998
2018-04-06 12:15:00,202.62999
2018-04-06 12:30:00,199.31
2018-04-06 12:45:00,183.23999
2018-04-06 13:00:00,180.64
2018-04-06 13:15:00,174.26999
2018-04-06 13:30:00,169.6
2018-04-06 13:45:00,156.12997
2018-04-06 14:00:00,152.82
2018-04-06 14:15:00,162.83
2018-04-06 14:30:00,159.54001
2018-04-06 14:45:00,159.8
2018-04-06 15:00:00,153.16
2018-04-06 15:15:00,152.33
2018-04-06 15:30:00,130.15
2018-04-06 15:45:00,119.27
2018-04-06 16:00:00,116.89
2018-04-06 16:15:00,109.03999
2018-04-06 16:30:00,101.37
2018-04-06 16:45:00,91.619995
2018-04-06 17:00:00,65.86
2018-04-06 17:15:00,62.739998
2018-04-06 17:30:00,49.81
2018-04-06 17:45:00,36.44
2018-04-06 18:00:00,38.82
2018-04-06 18:15:00,33.56
2018-04-06 18:30:00,27.32
2018-04-06 18:45:00,12.54
2018-04-06 19:00:00,5.91
2018-04-06 19:15:00,3.43
2018-04-06 19:30:00,0.76
2018-04-06 19:45:00,1.42
2018-04-06 20:00:00,0.14
2018-04-06 20:15:00,7.74
2018-04-06 20:30:00,0.0
2018-04-06 20:45:00,0.0
2018-04-06 21:00:00,0.0
2018-04-06 21:15:00,0.0
2018-04-06 21:30:00,0.0
2018-04-06 21:45:00,0.55
2018-04-06 22:00:00,88.270004
2018-04-06 22:15:00,155.45
2018-04-06 22:30:00,204.41
2018-04-06 22:45:00,197.97
2018-04-06 23:00:00,185.76001
2018-04-06 23:15:00,223.23001
2018-04-06 23:30:00,216.76997
2018-04-06 23:45:00,203.22998
2018-04-07 00:00:00,214.6
2018-04-07 00:15:00,220.9
2018-04-07 00:30:00,221.88998
2018-04-07 00:45:00,218.07999
2018-04-07 01:00:00,223.74998
2018-04-07 01:15:00,225.28
2018-04-07 01:30:00,226.68
2018-04-07 01:45:00,226.47
2018-04-07 02:00:00,223.93
2018-04-07 02:15:00,227.42
2018-04-07 02:30:00,226.48999
2018-04-07 02:45:00,222.78998
2018-04-07 03:00:00,227.31
2018-04-07 03:15:00,228.21999
2018-04-07 03:30:00,227.48
2018-04-07 03:45:00,228.19
2018-04-07 04:00:00,224.0
2018-04-07 04:15:00,226.76999
2018-04-07 04:30:00,227.14
2018-04-07 04:45:00,223.20999
2018-04-07 05:00:00,223.01999
2018-04-07 05:15:00,221.12
2018-04-07 05:30:00,221.99998
2018-04-07 05:45:00,216.32999
2018-04-07 06:00:00,214.71
2018-04-07 06:15:00,220.35
2018-04-07 06:30:00,223.66998
2018-04-07 06:45:00,224.34
2018-04-07 07:00:00,214.97
2018-04-07 07:15:00,222.32
2018-04-07 07:30:00,212.47998
2018-04-07 07:45:00,221.25
2018-04-07 08:00:00,218.98001
2018-04-07 08:15:00,209.87
2018-04-07 08:30:00,192.48
2018-04-07 08:45:00,184.07999
2018-04-07 09:00:00,180.41
2018-04-07 09:15:00,179.32999
2018-04-07 09:30:00,179.68
2018-04-07 09:45:00,184.51999
2018-04-07 10:00:00,177.48999
2018-04-07 10:15:00,180.43
2018-04-07 10:30:00,185.59
2018-04-07 10:45:00,174.47
2018-04-07 11:00:00,189.03
2018-04-07 11:15:00,179.3
2018-04-07 11:30:00,177.92
2018-04-07 11:45:00,192.17
2018-04-07 12:00:00,182.64
2018-04-07 12:15:00,145.39
2018-04-07 12:30:00,158.29
2018-04-07 12:45:00,144.96
2018-04-07 13:00:00,140.55
2018-04-07 13:15:00,155.09
2018-04-07 13:30:00,153.56
2018-04-07 13:45:00,169.94
2018-04-07 14:00:00,172.38
2018-04-07 14:15:00,169.69
2018-04-07 14:30:00,171.79999
2018-04-07 14:45:00,168.34
2018-04-07 15:00:00,161.87
2018-04-07 15:15:00,176.18
2018-04-07 15:30:00,153.43
2018-04-07 15:45:00,158.23
2018-04-07 16:00:00,148.94
2018-04-07 16:15:00,147.57
2018-04-07 16:30:00,142.26999
2018-04-07 16:45:00,131.88
2018-04-07 17:00:00,131.91
2018-04-07 17:15:00,125.62
2018-04-07 17:30:00,118.09
2018-04-07 17:45:00,87.92
2018-04-07 18:00:00,91.100006
2018-04-07 18:15:00,85.08
2018-04-07 18:30:00,76.41
2018-04-07 18:45:00,75.08
2018-04-07 19:00:00,79.57
2018-04-07 19:15:00,75.520004
2018-04-07 19:30:00,70.2
2018-04-07 19:45:00,61.300003
2018-04-07 20:00:00,52.309998
2018-04-07 20:15:00,60.07
2018-04-07 20:30:00,55.19
2018-04-07 20:45:00,45.71
2018-04-07 21:00:00,49.29
2018-04-07 21:15:00,45.46
2018-04-07 21:30:00,46.64
2018-04-07 21:45:00,41.03
2018-04-07 22:00:00,34.94
2018-04-07 22:15:00,31.62
2018-04-07 22:30:00,38.27
2018-04-07 22:45:00,31.439999
2018-04-07 23:00:00,27.03
2018-04-07 23:15:00,31.18
2018-04-07 23:30:00,25.619999
2018-04-07 23:45:00,21.76
2018-04-08 00:00:00,22.65
2018-04-08 00:15:00,22.380001
2018-04-08 00:30:00,22.73
2018-04-08 00:45:00,17.7
2018-04-08 01:00:00,11.78
2018-04-08 01:15:00,11.309999
2018-04-08 01:30:00,12.04
2018-04-08 01:45:00,13.02
2018-04-08 02:00:00,12.51
2018-04-08 02:15:00,15.11
2018-04-08 02:30:00,10.62
2018-04-08 02:45:00,8.719999
2018-04-08 03:00:00,7.88
2018-04-08 03:15:00,7.54
2018-04-08 03:30:00,5.26
2018-04-08 03:45:00,3.5900002
2018-04-08 04:00:00,2.69
2018-04-08 04:15:00,1.9399999
2018-04-08 04:30:00,0.77
2018-04-08 04:45:00,7.0299997
2018-04-08 05:00:00,0.86
2018-04-08 05:15:00,9.29
2018-04-08 05:30:00,15.059999
2018-04-08 05:45:00,9.77
2018-04-08 06:00:00,3.43
2018-04-08 06:15:00,4.63
2018-04-08 06:30:00,1.32
2018-04-08 06:45:00,0.0
2018-04-08 07:00:00,0.12
2018-04-08 07:15:00,0.55
2018-04-08 07:30:00,5.0299997
2018-04-08 07:45:00,3.8400002
2018-04-08 08:00:00,12.059999
2018-04-08 08:15:00,11.530001
2018-04-08 08:30:00,10.3
2018-04-08 08:45:00,17.73
2018-04-08 09:00:00,20.41
2018-04-08 09:15:00,7.0
2018-04-08 09:30:00,7.1499996
2018-04-08 09:45:00,11.360001
2018-04-08 10:00:00,6.4399996
2018-04-08 10:15:00,5.95
2018-04-08 10:30:00,10.29
2018-04-08 10:45:00,22.38
2018-04-08 11:00:00,22.58
2018-04-08 11:15:00,18.93
2018-04-08 11:30:00,8.25
2018-04-08 11:45:00,10.84
2018-04-08 12:00:00,15.34
2018-04-08 12:15:00,10.66
2018-04-08 12:30:00,8.64
2018-04-08 12:45:00,11.66
2018-04-08 13:00:00,17.19
2018-04-08 13:15:00,8.3
2018-04-08 13:30:00,30.91
2018-04-08 13:45:00,13.92
2018-04-08 14:00:00,46.85
2018-04-08 14:15:00,74.53
2018-04-08 14:30:00,67.66
2018-04-08 14:45:00,72.31
2018-04-08 15:00:00,74.57
2018-04-08 15:15:00,78.770004
2018-04-08 15:30:00,71.009995
2018-04-08 15:45:00,60.1
2018-04-08 16:00:00,44.38
2018-04-08 16:15:00,53.120003
2018-04-08 16:30:00,52.52
2018-04-08 16:45:00,51.550003
2018-04-08 17:00:00,48.29
2018-04-08 17:15:00,39.04
2018-04-08 17:30:00,37.15
2018-04-08 17:45:00,33.059998
2018-04-08 18:00:00,19.689999
2018-04-08 18:15:00,31.14
2018-04-08 18:30:00,38.760002
2018-04-08 18:45:00,41.589996
2018-04-08 19:00:00,39.440002
2018-04-08 19:15:00,33.510002
2018-04-08 19:30:00,29.68
2018-04-08 19:45:00,25.7
2018-04-08 20:00:00,29.21
2018-04-08 20:15:00,22.93
2018-04-08 20:30:00,31.34
2018-04-08 20:45:00,31.68
2018-04-08 21:00:00,26.21
2018-04-08 21:15:00,26.83
2018-04-08 21:30:00,32.57
2018-04-08 21:45:00,45.629997
2018-04-08 22:00:00,21.14
2018-04-08 22:15:00,19.2
2018-04-08 22:30:00,19.01
2018-04-08 22:45:00,24.869999
2018-04-08 23:00:00,39.48
2018-04-08 23:15:00,52.46
2018-04-08 23:30:00,52.54
2018-04-08 23:45:00,48.620003
2018-04-09 00:00:00,51.4
2018-04-09 00:15:00,59.01
2018-04-09 00:30:00,63.18
2018-04-09 00:45:00,70.06
2018-04-09 01:00:00,109.399994
2018-04-09 01:15:00,108.81
2018-04-09 01:30:00,94.69
2018-04-09 01:45:00,60.479996
2018-04-09 02:00:00,160.18
2018-04-09 02:15:00,154.92001
2018-04-09 02:30:00,197.97
2018-04-09 02:45:00,196.78
2018-04-09 03:00:00,208.25
2018-04-09 03:15:00,203.41
2018-04-09 03:30:00,201.29999
2018-04-09 03:45:00,188.38998
2018-04-09 04:00:00,184.92
2018-04-09 04:15:00,160.62
2018-04-09 04:30:00,151.83
2018-04-09 04:45:00,145.87
2018-04-09 05:00:00,124.67999
2018-04-09 05:15:00,97.770004
2018-04-09 05:30:00,88.33
2018-04-09 05:45:00,70.65
2018-04-09 06:00:00,60.39
2018-04-09 06:15:00,61.75
2018-04-09 06:30:00,62.62
2018-04-09 06:45:00,62.15
2018-04-09 07:00:00,35.46
2018-04-09 07:15:00,29.34
2018-04-09 07:30:00,32.2
2018-04-09 07:45:00,40.199997
2018-04-09 08:00:00,33.68
2018-04-09 08:15:00,34.28
2018-04-09 08:30:00,32.08
2018-04-09 08:45:00,22.17
2018-04-09 09:00:00,21.68
2018-04-09 09:15:00,24.33
2018-04-09 09:30:00,24.64
2018-04-09 09:45:00,23.05
2018-04-09 10:00:00,17.78
2018-04-09 10:15:00,9.780001
2018-04-09 10:30:00,4.21
2018-04-09 10:45:00,4.5699997
2018-04-09 11:00:00,7.88
2018-04-09 11:15:00,7.63
2018-04-09 11:30:00,3.79
2018-04-09 11:45:00,0.7
2018-04-09 12:00:00,0.0
2018-04-09 12:15:00,0.0
2018-04-09 12:30:00,0.0
2018-04-09 12:45:00,0.0
2018-04-09 13:00:00,0.49
2018-04-09 13:15:00,1.15
2018-04-09 13:30:00,0.65
2018-04-09 13:45:00,0.11
2018-04-09 14:00:00,0.37
2018-04-09 14:15:00,1.25
2018-04-09 14:30:00,0.63
2018-04-09 14:45:00,0.98
2018-04-09 15:00:00,10.58
2018-04-09 15:15:00,9.46
2018-04-09 15:30:00,1.52
2018-04-09 15:45:00,3.0900002
2018-04-09 16:00:00,3.35
2018-04-09 16:15:00,4.96
2018-04-09 16:30:00,9.31
2018-04-09 16:45:00,13.48
2018-04-09 17:00:00,12.059999
2018-04-09 17:15:00,12.5
2018-04-09 17:30:00,15.550001
2018-04-09 17:45:00,10.16
2018-04-09 18:00:00,12.79
2018-04-09 18:15:00,12.33
2018-04-09 18:30:00,12.03
2018-04-09 18:45:00,11.969999
2018-04-09 19:00:00,9.33
2018-04-09 19:15:00,9.17
2018-04-09 19:30:00,5.46
2018-04-09 19:45:00,5.2200003
2018-04-09 20:00:00,7.2799997
2018-04-09 20:15:00,12.55
2018-04-09 20:30:00,12.18
2018-04-09 20:45:00,14.43
2018-04-09 21:00:00,22.66
2018-04-09 21:15:00,27.5
2018-04-09 21:30:00,25.89
2018-04-09 21:45:00,29.88
2018-04-09 22:00:00,24.7
2018-04-09 22:15:00,25.15
2018-04-09 22:30:00,28.64
2018-04-09 22:45:00,28.66
2018-04-09 23:00:00,20.91
2018-04-09 23:15:00,18.45
2018-04-09 23:30:00,14.530001
2018-04-09 23:45:00,7.8199997
2018-04-10 00:00:00,4.1
2018-04-10 00:15:00,2.19
2018-04-10 00:30:00,0.43
2018-04-10 00:45:00,2.81
2018-04-10 01:00:00,18.41
2018-04-10 01:15:00,54.43
2018-04-10 01:30:00,96.07
2018-04-10 01:45:00,116.479996
2018-04-10 02:00:00,110.33
2018-04-10 02:15:00,105.32
2018-04-10 02:30:00,112.5
2018-04-10 02:45:00,117.85
2018-04-10 03:00:00,99.58
2018-04-10 03:15:00,91.93
2018-04-10 03:30:00,83.65
2018-04-10 03:45:00,69.61
2018-04-10 04:00:00,58.48
2018-04-10 04:15:00,47.269997
2018-04-10 04:30:00,52.510002
2018-04-10 04:45:00,57.230003
2018-04-10 05:00:00,61.89
2018-04-10 05:15:00,81.18
2018-04-10 05:30:00,93.8
2018-04-10 05:45:00,87.51
2018-04-10 06:00:00,116.0
2018-04-10 06:15:00,133.96999
2018-04-10 06:30:00,117.31
2018-04-10 06:45:00,102.28
2018-04-10 07:00:00,95.86
2018-04-10 07:15:00,84.020004
2018-04-10 07:30:00,84.84
2018-04-10 07:45:00,71.9
2018-04-10 08:00:00,57.95
2018-04-10 08:15:00,46.010002
2018-04-10 08:30:00,32.05
2018-04-10 08:45:00,20.45
2018-04-10 09:00:00,11.76
2018-04-10 09:15:00,3.5300002
2018-04-10 09:30:00,1.63
2018-04-10 09:45:00,1.26
2018-04-10 10:00:00,1.7
2018-04-10 10:15:00,2.32
2018-04-10 10:30:00,1.37
2018-04-10 10:45:00,2.17
2018-04-10 11:00:00,2.02
2018-04-10 11:15:00,1.55
2018-04-10 11:30:00,1.05
2018-04-10 11:45:00,1.6400001
2018-04-10 12:00:00,1.85
2018-04-10 12:15:00,0.88
2018-04-10 12:30:00,0.6
2018-04-10 12:45:00,0.12
2018-04-10 13:00:00,0.0
2018-04-10 13:15:00,0.0
2018-04-10 13:30:00,0.0
2018-04-10 13:45:00,0.0
2018-04-10 14:00:00,0.0
2018-04-10 14:15:00,0.0
2018-04-10 14:30:00,0.0
2018-04-10 14:45:00,0.0
2018-04-10 15:00:00,0.0
2018-04-10 15:15:00,0.0
2018-04-10 15:30:00,0.0
2018-04-10 15:45:00,0.0
2018-04-10 16:00:00,0.0
2018-04-10 16:15:00,0.0
2018-04-10 16:30:00,0.0
2018-04-10 16:45:00,0.0
2018-04-10 17:00:00,0.0
2018-04-10 17:15:00,0.0
2018-04-10 17:30:00,0.0
2018-04-10 17:45:00,0.0
2018-04-10 18:00:00,0.0
2018-04-10 18:15:00,0.0
2018-04-10 18:30:00,0.0
2018-04-10 18:45:00,0.0
2018-04-10 19:00:00,0.0
2018-04-10 19:15:00,0.0
2018-04-10 19:30:00,3.6799998
2018-04-10 19:45:00,0.51
2018-04-10 20:00:00,0.14
2018-04-10 20:15:00,3.75
2018-04-10 20:30:00,1.11
2018-04-10 20:45:00,4.48
2018-04-10 21:00:00,8.32
2018-04-10 21:15:00,5.05
2018-04-10 21:30:00,7.8199997
2018-04-10 21:45:00,21.27
2018-04-10 22:00:00,14.33
2018-04-10 22:15:00,15.72
2018-04-10 22:30:00,18.26
2018-04-10 22:45:00,13.91
2018-04-10 23:00:00,12.65
2018-04-10 23:15:00,15.15
2018-04-10 23:30:00,16.46
2018-04-10 23:45:00,25.6
2018-04-11 00:00:00,23.65
2018-04-11 00:15:00,30.939999
2018-04-11 00:30:00,23.32
2018-04-11 00:45:00,24.08
2018-04-11 01:00:00,16.09
2018-04-11 01:15:00,10.54
2018-04-11 01:30:00,13.37
2018-04-11 01:45:00,12.46
2018-04-11 02:00:00,10.95
2018-04-11 02:15:00,13.96
2018-04-11 02:30:00,16.34
2018-04-11 02:45:00,19.08
2018-04-11 03:00:00,26.81
2018-04-11 03:15:00,33.300003
2018-04-11 03:30:00,49.309998
2018-04-11 03:45:00,53.48
2018-04-11 04:00:00,60.019997
2018-04-11 04:15:00,69.020004
2018-04-11 04:30:00,53.489998
2018-04-11 04:45:00,0.0
2018-04-11 05:01:00,0.0
2018-04-11 05:15:00,0.0
2018-04-11 05:30:00,0.0
2018-04-11 05:45:00,0.0
2018-04-11 06:00:00,0.0
2018-04-11 06:15:00,0.0
2018-04-11 06:30:00,0.0
2018-04-11 06:45:00,0.0
2018-04-11 07:00:00,0.0
2018-04-11 07:15:00,0.0
2018-04-11 07:30:00,0.0
2018-04-11 07:45:00,0.0
2018-04-11 08:00:00,0.0
2018-04-11 08:15:00,0.0
2018-04-11 08:30:00,0.0
2018-04-11 08:45:00,0.0
2018-04-11 09:00:00,0.0
2018-04-11 09:15:00,0.0
2018-04-11 09:30:00,0.0
2018-04-11 09:45:00,0.0
2018-04-11 10:00:00,0.0
2018-04-11 10:15:00,0.0
2018-04-11 10:30:00,0.0
2018-04-11 10:45:00,0.0
2018-04-11 11:00:00,0.0
2018-04-11 11:15:00,122.19
2018-04-11 11:30:00,221.14001
2018-04-11 11:45:00,219.95999
2018-04-11 12:00:00,220.70999
2018-04-11 12:15:00,219.0
2018-04-11 12:30:00,217.12
2018-04-11 12:45:00,213.54999
2018-04-11 13:00:00,210.69
2018-04-11 13:15:00,207.33
2018-04-11 13:30:00,207.7
2018-04-11 13:45:00,201.45
2018-04-11 14:00:00,186.47998
2018-04-11 14:15:00,179.67
2018-04-11 14:30:00,176.01001
2018-04-11 14:45:00,179.77998
2018-04-11 15:00:00,203.62
2018-04-11 15:15:00,211.34
2018-04-11 15:30:00,204.3
2018-04-11 15:45:00,159.31
2018-04-11 16:00:00,55.5
2018-04-11 16:15:00,5.63
2018-04-11 16:30:00,0.0
2018-04-11 16:45:00,87.42
2018-04-11 17:00:00,83.270004
2018-04-11 17:15:00,160.27
2018-04-11 17:30:00,187.19
2018-04-11 17:45:00,176.57
2018-04-11 18:00:00,171.73
2018-04-11 18:15:00,6.42
2018-04-11 18:30:00,0.0
2018-04-11 18:45:00,0.0
2018-04-11 19:00:00,0.68
2018-04-11 19:15:00,0.0
2018-04-11 19:30:00,0.0
2018-04-11 19:45:00,0.0
2018-04-11 20:00:00,0.0
2018-04-11 20:15:00,0.0
2018-04-11 20:30:00,0.0
2018-04-11 20:45:00,159.19998
2018-04-11 21:00:00,181.70999
2018-04-11 21:15:00,188.06
2018-04-11 21:30:00,197.12
2018-04-11 21:45:00,185.29999
2018-04-11 22:00:00,180.04
2018-04-11 22:15:00,182.41
2018-04-11 22:30:00,189.11
2018-04-11 22:45:00,182.2
2018-04-11 23:00:00,171.83
2018-04-11 23:15:00,170.20999
2018-04-11 23:30:00,164.25
2018-04-11 23:45:00,176.77
2018-04-12 00:00:00,165.14
2018-04-12 00:15:00,149.35999
2018-04-12 00:30:00,159.94
2018-04-12 00:45:00,168.2
2018-04-12 01:00:00,198.88
2018-04-12 01:15:00,202.70999
2018-04-12 01:30:00,206.73999
2018-04-12 01:45:00,215.57
2018-04-12 02:00:00,226.28
2018-04-12 02:15:00,228.26997
2018-04-12 02:30:00,228.21999
2018-04-12 02:45:00,227.0
2018-04-12 03:00:00,226.58
2018-04-12 03:15:00,226.95001
2018-04-12 03:30:00,228.3
2018-04-12 03:45:00,229.9
2018-04-12 04:00:00,229.84
2018-04-12 04:15:00,229.87999
2018-04-12 04:30:00,60.28
2018-04-12 04:45:00,7.07
2018-04-12 05:00:00,0.0
2018-04-12 05:15:00,0.0
2018-04-12 05:30:00,0.0
2018-04-12 05:45:00,0.0
2018-04-12 06:00:00,0.0
2018-04-12 06:15:00,0.0
2018-04-12 06:30:00,0.0
2018-04-12 06:45:00,0.0
2018-04-12 07:00:00,0.0
2018-04-12 07:15:00,0.0
2018-04-12 07:30:00,0.0
2018-04-12 07:45:00,0.0
2018-04-12 08:00:00,0.0
2018-04-12 08:15:00,0.0
2018-04-12 08:30:00,0.0
2018-04-12 08:45:00,0.0
2018-04-12 09:00:00,0.0
2018-04-12 09:15:00,0.0
2018-04-12 09:30:00,0.0
2018-04-12 09:45:00,0.0
2018-04-12 10:00:00,0.0
2018-04-12 10:15:00,0.0
2018-04-12 10:30:00,58.39
2018-04-12 10:45:00,86.69
2018-04-12 11:00:00,47.52
2018-04-12 11:15:00,144.22
2018-04-12 11:30:00,54.6
2018-04-12 11:45:00,220.78
2018-04-12 12:00:00,129.92
2018-04-12 12:15:00,218.26001
2018-04-12 12:30:00,223.26997
2018-04-12 12:45:00,217.56
2018-04-12 13:00:00,213.32
2018-04-12 13:15:00,217.60999
2018-04-12 13:30:00,211.66
2018-04-12 13:45:00,203.85
2018-04-12 14:00:00,209.9
2018-04-12 14:15:00,209.76999
2018-04-12 14:30:00,213.18999
2018-04-12 14:45:00,209.4
2018-04-12 15:00:00,200.34999
2018-04-12 15:15:00,192.12
2018-04-12 15:30:00,194.95
2018-04-12 15:45:00,195.46999
2018-04-12 16:00:00,168.42
2018-04-12 16:15:00,163.23001
2018-04-12 16:30:00,149.26001
2018-04-12 16:45:00,146.23001
2018-04-12 17:00:00,138.53
2018-04-12 17:15:00,128.48
2018-04-12 17:30:00,119.96
2018-04-12 17:45:00,93.14
2018-04-12 18:00:00,81.67
2018-04-12 18:15:00,88.92
2018-04-12 18:30:00,81.71
2018-04-12 18:45:00,95.55
2018-04-12 19:00:00,77.7
2018-04-12 19:15:00,75.59
2018-04-12 19:30:00,91.32
2018-04-12 19:45:00,92.97
2018-04-12 20:00:00,101.55
2018-04-12 20:15:00,93.96
2018-04-12 20:30:00,102.64
2018-04-12 20:45:00,96.41
2018-04-12 21:00:00,107.899994
2018-04-12 21:15:00,120.61
2018-04-12 21:30:00,118.130005
2018-04-12 21:45:00,100.39
2018-04-12 22:00:00,117.41
2018-04-12 22:15:00,137.70999
2018-04-12 22:30:00,130.78
2018-04-12 22:45:00,136.35
2018-04-12 23:00:00,136.4
2018-04-12 23:15:00,105.17
2018-04-12 23:30:00,97.1
2018-04-12 23:45:00,79.270004
2018-04-13 00:00:00,123.07999
2018-04-13 00:15:00,148.35
2018-04-13 00:30:00,134.81
2018-04-13 00:45:00,134.15
2018-04-13 01:00:00,158.1
2018-04-13 01:15:00,185.01
2018-04-13 01:30:00,195.54
2018-04-13 01:45:00,189.52998
2018-04-13 02:00:00,186.93999
2018-04-13 02:15:00,190.55
2018-04-13 02:30:00,181.20999
2018-04-13 02:45:00,186.09
2018-04-13 03:00:00,204.44998
2018-04-13 03:15:00,214.77
2018-04-13 03:30:00,219.88
2018-04-13 03:45:00,225.58
2018-04-13 04:00:00,224.06
2018-04-13 04:15:00,221.91998
2018-04-13 04:30:00,220.06
2018-04-13 04:45:00,214.01
2018-04-13 05:00:00,219.91
2018-04-13 05:15:00,218.23999
2018-04-13 05:30:00,127.97
2018-04-13 05:45:00,87.39
2018-04-13 06:00:00,133.04001
2018-04-13 06:15:00,112.25
2018-04-13 06:30:00,109.18
2018-04-13 06:45:00,133.98001
2018-04-13 07:00:00,187.79999
2018-04-13 07:15:00,213.0
2018-04-13 07:30:00,211.69
2018-04-13 07:45:00,197.75
2018-04-13 08:00:00,177.16
2018-04-13 08:15:00,172.42001
2018-04-13 08:30:00,168.03
2018-04-13 08:45:00,165.53
2018-04-13 09:00:00,146.69
2018-04-13 09:15:00,133.96
2018-04-13 09:30:00,137.72
2018-04-13 09:45:00,135.34
2018-04-13 10:00:00,128.27
2018-04-13 10:15:00,134.94
2018-04-13 10:30:00,140.95
2018-04-13 10:45:00,141.1
2018-04-13 11:00:00,139.13
2018-04-13 11:15:00,141.5
2018-04-13 11:30:00,142.68
2018-04-13 11:45:00,142.05
2018-04-13 12:00:00,150.69
2018-04-13 12:15:00,135.87
2018-04-13 12:30:00,130.7
2018-04-13 12:45:00,129.24
2018-04-13 13:00:00,117.29
2018-04-13 13:15:00,128.61
2018-04-13 13:30:00,133.85
2018-04-13 13:45:00,137.41
2018-04-13 14:00:00,142.23999
2018-04-13 14:15:00,130.26001
2018-04-13 14:30:00,122.53999
2018-04-13 14:45:00,147.39
2018-04-13 15:00:00,179.89
2018-04-13 15:15:00,171.05
2018-04-13 15:30:00,206.98999
2018-04-13 15:45:00,175.06
2018-04-13 16:00:00,212.64
2018-04-13 16:15:00,205.26
2018-04-13 16:30:00,147.04999
2018-04-13 16:45:00,198.82
2018-04-13 17:00:00,183.97
2018-04-13 17:15:00,191.66
2018-04-13 17:30:00,192.74998
2018-04-13 17:45:00,197.63998
2018-04-13 18:00:00,194.85999
2018-04-13 18:15:00,199.81
2018-04-13 18:30:00,178.46999
2018-04-13 18:45:00,200.54999
2018-04-13 19:00:00,204.16
2018-04-13 19:15:00,207.50998
2018-04-13 19:30:00,96.2
2018-04-13 19:45:00,7.84
2018-04-13 20:00:00,50.37
2018-04-13 20:15:00,0.0
2018-04-13 20:30:00,0.0
2018-04-13 20:45:00,0.0
2018-04-13 21:00:00,209.81
2018-04-13 21:15:00,124.22
2018-04-13 21:30:00,203.94
2018-04-13 21:45:00,122.32
2018-04-13 22:00:00,2.49
2018-04-13 22:15:00,0.0
2018-04-13 22:30:00,103.72
2018-04-13 22:45:00,210.58
2018-04-13 23:00:00,173.32999
2018-04-13 23:15:00,220.70001
2018-04-13 23:30:00,220.01001
2018-04-13 23:45:00,219.94998
2018-04-14 00:00:00,221.29999
2018-04-14 00:15:00,218.61
2018-04-14 00:30:00,218.54999
2018-04-14 00:45:00,220.70999
2018-04-14 01:00:00,219.91
2018-04-14 01:15:00,221.66998
2018-04-14 01:30:00,221.52
2018-04-14 01:45:00,218.19
2018-04-14 02:00:00,211.3
2018-04-14 02:15:00,220.65997
2018-04-14 02:30:00,221.93
2018-04-14 02:45:00,214.32
2018-04-14 03:00:00,221.04999
2018-04-14 03:15:00,212.31
2018-04-14 03:30:00,199.38
2018-04-14 03:45:00,146.26001
2018-04-14 04:00:00,135.17
2018-04-14 04:15:00,116.05
2018-04-14 04:30:00,217.08
2018-04-14 04:45:00,220.85999
2018-04-14 05:00:00,220.57999
2018-04-14 05:15:00,0.0
2018-04-14 05:30:00,0.0
2018-04-14 05:45:00,0.0
2018-04-14 06:00:00,0.0
2018-04-14 06:15:00,220.0
2018-04-14 06:30:00,214.0
2018-04-14 06:45:00,215.0
2018-04-14 07:00:00,215.0
2018-04-14 07:15:00,209.0
2018-04-14 07:30:00,209.0
2018-04-14 07:45:00,184.88
2018-04-14 08:00:00,144.27
2018-04-14 08:15:00,124.72
2018-04-14 08:30:00,101.83
2018-04-14 08:45:00,70.48
2018-04-14 09:00:00,46.67
2018-04-14 09:15:00,133.22
2018-04-14 09:30:00,52.61
2018-04-14 09:45:00,0.0
2018-04-14 10:00:00,101.740005
2018-04-14 10:15:00,103.19
2018-04-14 10:30:00,72.36
2018-04-14 10:45:00,52.41
2018-04-14 11:00:00,138.87
2018-04-14 11:15:00,95.2
2018-04-14 11:30:00,45.9
2018-04-14 11:45:00,45.04
2018-04-14 12:00:00,78.82
2018-04-14 12:15:00,57.4
2018-04-14 12:30:00,55.800003
2018-04-14 12:45:00,36.940002
2018-04-14 13:00:00,44.53
2018-04-14 13:15:00,54.260002
2018-04-14 13:30:00,108.520004
2018-04-14 13:45:00,121.44
2018-04-14 14:00:00,119.759995
2018-04-14 14:15:00,146.13998
2018-04-14 14:30:00,180.83997
2018-04-14 14:45:00,188.45999
2018-04-14 15:00:00,195.97
2018-04-14 15:15:00,198.06
2018-04-14 15:30:00,200.13
2018-04-14 15:45:00,118.28999
2018-04-14 16:00:00,96.369995
2018-04-14 16:15:00,25.94
2018-04-14 16:30:00,10.34
2018-04-14 16:45:00,67.7
2018-04-14 17:00:00,6.33
2018-04-14 17:15:00,97.22
2018-04-14 17:30:00,147.34
2018-04-14 17:45:00,192.16
2018-04-14 18:00:00,188.41
2018-04-14 18:15:00,188.43
2018-04-14 18:30:00,204.42
2018-04-14 18:45:00,198.07999
2018-04-14 19:00:00,189.12
2018-04-14 19:15:00,211.32
2018-04-14 19:30:00,210.13
2018-04-14 19:45:00,215.20999
2018-04-14 20:00:00,216.77
2018-04-14 20:15:00,213.8
2018-04-14 20:30:00,213.27998
2018-04-14 20:45:00,215.7
2018-04-14 21:00:00,218.52
2018-04-14 21:15:00,212.62
2018-04-14 21:30:00,216.54
2018-04-14 21:45:00,214.96999
2018-04-14 22:00:00,0.0
2018-04-14 22:15:00,0.0
2018-04-14 22:30:00,211.0
2018-04-14 22:45:00,216.29999
2018-04-14 23:00:00,215.26999
2018-04-14 23:15:00,40.480003
2018-04-14 23:30:00,25.89
2018-04-14 23:45:00,0.0
2018-04-15 00:00:00,0.0
2018-04-15 00:15:00,198.81998
2018-04-15 00:30:00,183.73999
2018-04-15 00:45:00,153.82
2018-04-15 01:00:00,129.33
2018-04-15 01:15:00,100.240005
2018-04-15 01:30:00,77.31
2018-04-15 01:45:00,65.88
2018-04-15 02:00:00,54.65
2018-04-15 02:15:00,47.36
2018-04-15 02:30:00,54.370003
2018-04-15 02:45:00,45.120003
2018-04-15 03:00:00,33.18
2018-04-15 03:15:00,57.02
2018-04-15 03:30:00,62.059998
2018-04-15 03:45:00,54.940002
2018-04-15 04:00:00,74.22
2018-04-15 04:15:00,88.86
2018-04-15 04:30:00,66.14
2018-04-15 04:45:00,53.05
2018-04-15 05:00:00,44.44
2018-04-15 05:15:00,34.92
2018-04-15 05:30:00,28.06
2018-04-15 05:45:00,27.349998
2018-04-15 06:00:00,26.8
2018-04-15 06:15:00,28.45
2018-04-15 06:30:00,27.279999
2018-04-15 06:45:00,26.89
2018-04-15 07:00:00,23.89
2018-04-15 07:15:00,28.23
2018-04-15 07:30:00,29.27
2018-04-15 07:45:00,21.66
2018-04-15 08:00:00,23.24
2018-04-15 08:15:00,26.98
2018-04-15 08:30:00,27.29
2018-04-15 08:45:00,26.84
2018-04-15 09:00:00,27.23
2018-04-15 09:15:00,21.21
2018-04-15 09:30:00,21.8
2018-04-15 09:45:00,24.23
2018-04-15 10:00:00,14.059999
2018-04-15 10:15:00,14.67
2018-04-15 10:30:00,12.639999
2018-04-15 10:45:00,11.29
2018-04-15 11:00:00,6.87
2018-04-15 11:15:00,10.620001
2018-04-15 11:30:00,19.42
2018-04-15 11:45:00,15.639999
2018-04-15 12:00:00,13.790001
2018-04-15 12:15:00,18.51
2018-04-15 12:30:00,21.029999
2018-04-15 12:45:00,19.310001
2018-04-15 13:00:00,16.67
2018-04-15 13:15:00,13.14
2018-04-15 13:30:00,11.44
2018-04-15 13:45:00,8.5
2018-04-15 14:00:00,15.29
2018-04-15 14:15:00,26.240002
2018-04-15 14:30:00,29.15
2018-04-15 14:45:00,29.0
2018-04-15 15:00:00,20.880001
2018-04-15 15:15:00,14.450001
2018-04-15 15:30:00,7.9
2018-04-15 15:45:00,17.47
2018-04-15 16:00:00,18.560001
2018-04-15 16:15:00,11.75
2018-04-15 16:30:00,7.23
2018-04-15 16:45:00,7.6400003
2018-04-15 17:00:00,5.3599997
2018-04-15 17:15:00,1.27
2018-04-15 17:30:00,3.54
2018-04-15 17:45:00,0.23
2018-04-15 18:00:00,0.78
2018-04-15 18:15:00,9.94
2018-04-15 18:30:00,0.11
2018-04-15 18:45:00,0.58000004
2018-04-15 19:00:00,0.0
2018-04-15 19:15:00,0.0
2018-04-15 19:30:00,0.0
2018-04-15 19:45:00,0.0
2018-04-15 20:00:00,0.0
2018-04-15 20:15:00,0.0
2018-04-15 20:30:00,0.0
2018-04-15 20:45:00,0.0
2018-04-15 21:00:00,0.0
2018-04-15 21:15:00,0.0
2018-04-15 21:30:00,0.0
2018-04-15 21:45:00,0.0
2018-04-15 22:00:00,0.0
2018-04-15 22:15:00,0.0
2018-04-15 22:30:00,0.0
2018-04-15 22:45:00,0.0
2018-04-15 23:00:00,0.0
2018-04-15 23:15:00,0.0
2018-04-15 23:30:00,0.0
2018-04-15 23:45:00,0.0
2018-04-16 00:00:00,0.0
2018-04-16 00:15:00,0.0
2018-04-16 00:30:00,0.0
2018-04-16 00:45:00,0.0
2018-04-16 01:00:00,0.0
2018-04-16 01:15:00,0.90999997
2018-04-16 01:30:00,7.78
2018-04-16 01:45:00,18.76
2018-04-16 02:00:00,15.13
2018-04-16 02:15:00,16.41
2018-04-16 02:30:00,14.28
2018-04-16 02:45:00,13.800001
2018-04-16 03:00:00,11.34
2018-04-16 03:15:00,14.36
2018-04-16 03:30:00,10.960001
2018-04-16 03:45:00,9.07
2018-04-16 04:00:00,10.309999
2018-04-16 04:15:00,15.16
2018-04-16 04:30:00,23.400002
2018-04-16 04:45:00,26.880001
2018-04-16 05:00:00,40.72
2018-04-16 05:15:00,53.39
2018-04-16 05:30:00,59.27
2018-04-16 05:45:00,74.18
2018-04-16 06:00:00,98.95
2018-04-16 06:15:00,96.47
2018-04-16 06:30:00,109.729996
2018-04-16 06:45:00,135.91
2018-04-16 07:00:00,136.39
2018-04-16 07:15:00,129.72
2018-04-16 07:30:00,136.70999
2018-04-16 07:45:00,94.28
2018-04-16 08:00:00,0.0
2018-04-16 08:15:00,0.0
2018-04-16 08:30:00,0.0
2018-04-16 08:45:00,0.0
2018-04-16 09:00:00,65.97
2018-04-16 09:15:00,216.1
2018-04-16 09:30:00,215.44
2018-04-16 09:45:00,216.44
2018-04-16 10:00:00,207.73999
2018-04-16 10:15:00,216.04001
2018-04-16 10:30:00,216.42
2018-04-16 10:45:00,217.73
2018-04-16 11:00:00,218.02
2018-04-16 11:15:00,222.23999
2018-04-16 11:30:00,224.26997
2018-04-16 11:45:00,221.62
2018-04-16 12:00:00,218.57
2018-04-16 12:15:00,211.20999
2018-04-16 12:30:00,206.46
2018-04-16 12:45:00,206.68
2018-04-16 13:00:00,208.22
2018-04-16 13:15:00,206.67
2018-04-16 13:30:00,213.2
2018-04-16 13:45:00,211.53
2018-04-16 14:00:00,212.73
2018-04-16 14:15:00,209.76001
2018-04-16 14:30:00,207.70999
2018-04-16 14:45:00,208.93999
2018-04-16 15:00:00,208.76999
2018-04-16 15:15:00,210.71999
2018-04-16 15:30:00,213.98
2018-04-16 15:45:00,214.88
2018-04-16 16:00:00,0.31
2018-04-16 16:15:00,73.490005
2018-04-16 16:30:00,218.81
2018-04-16 16:45:00,148.72998
2018-04-16 17:00:00,141.93
2018-04-16 17:15:00,218.97
2018-04-16 17:30:00,216.34
2018-04-16 17:45:00,213.65
2018-04-16 18:00:00,210.19
2018-04-16 18:15:00,196.62
2018-04-16 18:30:00,198.67
2018-04-16 18:45:00,188.18
2018-04-16 19:00:00,193.93
2018-04-16 19:15:00,197.05
2018-04-16 19:30:00,193.01
2018-04-16 19:45:00,189.14001
2018-04-16 20:00:00,186.43
2018-04-16 20:15:00,189.56
2018-04-16 20:30:00,201.65
2018-04-16 20:45:00,197.87
2018-04-16 21:00:00,198.41
2018-04-16 21:15:00,187.09
2018-04-16 21:30:00,186.84
2018-04-16 21:45:00,180.23001
2018-04-16 22:00:00,127.21
2018-04-16 22:15:00,180.66
2018-04-16 22:30:00,173.29001
2018-04-16 22:45:00,162.95999
2018-04-16 23:00:00,174.39
2018-04-16 23:15:00,172.53
2018-04-16 23:30:00,157.51
2018-04-16 23:45:00,167.2
2018-04-17 00:00:00,166.46999
2018-04-17 00:15:00,174.45999
2018-04-17 00:30:00,159.81998
2018-04-17 00:45:00,162.2
2018-04-17 01:00:00,151.86
2018-04-17 01:15:00,138.15
2018-04-17 01:30:00,154.31
2018-04-17 01:45:00,186.81
2018-04-17 02:00:00,210.4
2018-04-17 02:15:00,221.89
2018-04-17 02:30:00,222.00998
2018-04-17 02:45:00,220.87
2018-04-17 03:00:00,222.41998
2018-04-17 03:15:00,225.41
2018-04-17 03:30:00,225.36
2018-04-17 03:45:00,225.99998
2018-04-17 04:00:00,225.54999
2018-04-17 04:15:00,225.1
2018-04-17 04:30:00,225.16
2018-04-17 04:45:00,225.93
2018-04-17 05:00:00,225.65
2018-04-17 05:15:00,223.76999
2018-04-17 05:30:00,225.87
2018-04-17 05:45:00,225.48
2018-04-17 06:00:00,221.18
2018-04-17 06:15:00,185.5
2018-04-17 06:30:00,135.01999
2018-04-17 06:45:00,7.26
2018-04-17 07:00:00,0.0
2018-04-17 07:15:00,0.0
2018-04-17 07:30:00,0.0
2018-04-17 07:45:00,0.0
2018-04-17 08:00:00,0.0
2018-04-17 08:15:00,0.0
2018-04-17 08:30:00,0.0
2018-04-17 08:45:00,0.0
2018-04-17 09:00:00,0.0
2018-04-17 09:15:00,0.0
2018-04-17 09:30:00,73.36
2018-04-17 09:45:00,83.09
2018-04-17 10:00:00,0.0
2018-04-17 10:15:00,0.0
2018-04-17 10:30:00,0.0
2018-04-17 10:45:00,160.34
2018-04-17 11:00:00,220.73001
2018-04-17 11:15:00,221.78
2018-04-17 11:30:00,216.29001
2018-04-17 11:45:00,211.76001
2018-04-17 12:00:00,211.85999
2018-04-17 12:15:00,215.04999
2018-04-17 12:30:00,210.26999
2018-04-17 12:45:00,206.0
2018-04-17 13:00:00,205.51999
2018-04-17 13:15:00,207.63
2018-04-17 13:30:00,198.23001
2018-04-17 13:45:00,177.28
2018-04-17 14:00:00,163.12
2018-04-17 14:15:00,171.06
2018-04-17 14:30:00,154.69
2018-04-17 14:45:00,152.03
2018-04-17 15:00:00,160.86
2018-04-17 15:15:00,150.44
2018-04-17 15:30:00,143.98999
2018-04-17 15:45:00,133.88
2018-04-17 16:00:00,104.44
2018-04-17 16:21:00,119.05
2018-04-17 16:30:00,103.92
2018-04-17 16:45:00,101.53999
2018-04-17 17:00:00,95.15
2018-04-17 17:15:00,76.06
2018-04-17 17:30:00,73.44
2018-04-17 17:45:00,78.490005
2018-04-17 18:00:00,91.42
2018-04-17 18:15:00,83.28999
2018-04-17 18:30:00,97.95
2018-04-17 18:45:00,104.49
2018-04-17 19:00:00,104.46
2018-04-17 19:15:00,131.13
2018-04-17 19:30:00,105.72
2018-04-17 19:45:00,107.32001
2018-04-17 20:00:00,102.100006
2018-04-17 20:15:00,107.26
2018-04-17 20:30:00,91.84
2018-04-17 20:45:00,130.36
2018-04-17 21:00:00,134.05
2018-04-17 21:15:00,148.62
2018-04-17 21:30:00,126.729996
2018-04-17 21:45:00,147.34
2018-04-17 22:00:00,168.38
2018-04-17 22:15:00,161.2
2018-04-17 22:30:00,123.16
2018-04-17 22:45:00,126.81
2018-04-17 23:00:00,123.34
2018-04-17 23:15:00,97.869995
2018-04-17 23:30:00,54.760002
2018-04-17 23:45:00,38.18
2018-04-18 00:00:00,22.22
2018-04-18 00:15:00,14.17
2018-04-18 00:30:00,13.530001
2018-04-18 00:45:00,13.37
2018-04-18 01:00:00,22.990002
2018-04-18 01:15:00,50.59
2018-04-18 01:30:00,54.87
2018-04-18 01:45:00,66.26
2018-04-18 02:00:00,87.490005
2018-04-18 02:15:00,104.479996
2018-04-18 02:30:00,129.94
2018-04-18 02:45:00,146.69
2018-04-18 03:00:00,165.15999
2018-04-18 03:15:00,171.51999
2018-04-18 03:30:00,198.73999
2018-04-18 03:45:00,215.97998
2018-04-18 04:00:00,206.19
2018-04-18 04:15:00,198.24998
2018-04-18 04:30:00,209.79999
2018-04-18 04:45:00,212.94
2018-04-18 05:01:00,206.57999
2018-04-18 05:15:00,212.37999
2018-04-18 05:30:00,215.35999
2018-04-18 05:45:00,208.82999
2018-04-18 06:00:00,210.18
2018-04-18 06:15:00,200.46
2018-04-18 06:30:00,188.59998
2018-04-18 06:45:00,190.63
2018-04-18 07:00:00,150.76
2018-04-18 07:15:00,114.01
2018-04-18 07:30:00,111.759995
2018-04-18 07:45:00,152.17
2018-04-18 08:00:00,178.90999
2018-04-18 08:15:00,156.23001
2018-04-18 08:30:00,159.78
2018-04-18 08:45:00,83.15
2018-04-18 09:00:00,63.2
2018-04-18 09:15:00,132.06
2018-04-18 09:30:00,164.45999
2018-04-18 09:45:00,142.74998
2018-04-18 10:00:00,139.7
2018-04-18 10:15:00,190.59
2018-04-18 10:30:00,171.18
2018-04-18 10:45:00,178.04999
2018-04-18 11:00:00,168.47
2018-04-18 11:15:00,180.54001
2018-04-18 11:30:00,191.38
2018-04-18 11:45:00,170.72
2018-04-18 12:00:00,193.12
2018-04-18 12:15:00,177.73001
2018-04-18 12:30:00,155.31
2018-04-18 12:45:00,162.73999
2018-04-18 13:00:00,170.70999
2018-04-18 13:15:00,179.76999
2018-04-18 13:30:00,198.93
2018-04-18 13:45:00,198.31998
2018-04-18 14:00:00,0.63
2018-04-18 14:15:00,0.0
2018-04-18 14:30:00,0.0
2018-04-18 14:45:00,0.0
2018-04-18 15:00:00,0.0
2018-04-18 15:15:00,0.0
2018-04-18 15:30:00,0.0
2018-04-18 15:45:00,0.0
2018-04-18 16:00:00,0.0
2018-04-18 16:15:00,0.0
2018-04-18 16:30:00,0.0
2018-04-18 16:45:00,0.0
2018-04-18 17:00:00,0.0
2018-04-18 17:15:00,0.0
2018-04-18 17:30:00,0.0
2018-04-18 17:45:00,0.0
2018-04-18 18:00:00,0.0
2018-04-18 18:15:00,0.0
2018-04-18 18:30:00,59.129997
2018-04-18 18:45:00,154.58
2018-04-18 19:00:00,147.48999
2018-04-18 19:15:00,154.97
2018-04-18 19:30:00,141.35999
2018-04-18 19:45:00,148.57
2018-04-18 20:00:00,131.47
2018-04-18 20:15:00,117.5
2018-04-18 20:30:00,106.53999
2018-04-18 20:45:00,106.38
2018-04-18 21:00:00,97.83
2018-04-18 21:15:00,96.82
2018-04-18 21:30:00,75.82
2018-04-18 21:45:00,79.34
2018-04-18 22:00:00,62.420002
2018-04-18 22:15:00,53.12
2018-04-18 22:30:00,49.59
2018-04-18 22:45:00,51.75
2018-04-18 23:00:00,62.67
2018-04-18 23:15:00,42.88
2018-04-18 23:30:00,49.7
2018-04-18 23:45:00,52.91
2018-04-19 00:00:00,47.08
2018-04-19 00:15:00,40.84
2018-04-19 00:30:00,40.730003
2018-04-19 00:45:00,30.029999
2018-04-19 01:00:00,25.759998
2018-04-19 01:15:00,30.48
2018-04-19 01:30:00,29.33
2018-04-19 01:45:00,25.259998
2018-04-19 02:00:00,23.5
2018-04-19 02:15:00,20.16
2018-04-19 02:30:00,16.75
2018-04-19 02:45:00,15.08
2018-04-19 03:00:00,12.110001
2018-04-19 03:15:00,7.5699997
2018-04-19 03:30:00,3.69
2018-04-19 03:45:00,6.73
2018-04-19 04:00:00,5.9799995
2018-04-19 04:15:00,5.63
2018-04-19 04:30:00,5.05
2018-04-19 04:45:00,4.76
2018-04-19 05:00:00,5.87
2018-04-19 05:15:00,4.9
2018-04-19 05:30:00,5.1099997
2018-04-19 05:45:00,6.21
2018-04-19 06:00:00,4.12
2018-04-19 06:15:00,1.48
2018-04-19 06:30:00,1.69
2018-04-19 06:45:00,0.58000004
2018-04-19 07:00:00,2.22
2018-04-19 07:15:00,4.48
2018-04-19 07:30:00,4.0699997
2018-04-19 07:45:00,3.8000002
2018-04-19 08:00:00,2.0
2018-04-19 08:15:00,3.17
2018-04-19 08:30:00,3.17
2018-04-19 08:45:00,4.7
2018-04-19 09:00:00,7.3
2018-04-19 09:15:00,6.67
2018-04-19 09:30:00,15.469999
2018-04-19 09:45:00,18.64
2018-04-19 10:00:00,19.29
2018-04-19 10:15:00,16.07
2018-04-19 10:30:00,56.53
2018-04-19 10:45:00,36.16
2018-04-19 11:00:00,38.2
2018-04-19 11:15:00,35.0
2018-04-19 11:30:00,33.14
2018-04-19 11:45:00,40.42
2018-04-19 12:00:00,40.42
2018-04-19 12:15:00,53.85
2018-04-19 12:30:00,53.02
2018-04-19 12:45:00,49.28
2018-04-19 13:00:00,58.620003
2018-04-19 13:15:00,49.92
2018-04-19 13:30:00,38.21
2018-04-19 13:45:00,45.29
2018-04-19 14:00:00,42.36
2018-04-19 14:15:00,55.72
2018-04-19 14:30:00,54.28
2018-04-19 14:45:00,52.09
2018-04-19 15:00:00,58.93
2018-04-19 15:15:00,55.47
2018-04-19 15:30:00,46.11
2018-04-19 15:45:00,48.1
2018-04-19 16:00:00,33.82
2018-04-19 16:15:00,39.12
2018-04-19 16:30:00,32.9
2018-04-19 16:45:00,21.54
2018-04-19 17:00:00,37.59
2018-04-19 17:15:00,39.09
2018-04-19 17:30:00,41.5
2018-04-19 17:45:00,31.970001
2018-04-19 18:00:00,42.36
2018-04-19 18:15:00,30.630001
2018-04-19 18:30:00,29.65
2018-04-19 18:45:00,21.08
2018-04-19 19:00:00,26.68
2018-04-19 19:15:00,35.5
2018-04-19 19:30:00,34.89
2018-04-19 19:45:00,35.72
2018-04-19 20:00:00,46.21
2018-04-19 20:15:00,40.230003
2018-04-19 20:30:00,37.31
2018-04-19 20:45:00,52.010002
2018-04-19 21:00:00,51.42
2018-04-19 21:15:00,49.59
2018-04-19 21:30:00,58.010002
2018-04-19 21:45:00,61.5
2018-04-19 22:00:00,46.91
2018-04-19 22:15:00,53.3
2018-04-19 22:30:00,49.33
2018-04-19 22:45:00,58.1
2018-04-19 23:00:00,55.81
2018-04-19 23:15:00,71.020004
2018-04-19 23:30:00,65.31
2018-04-19 23:45:00,64.81
2018-04-20 00:00:00,72.72
2018-04-20 00:15:00,84.81
2018-04-20 00:30:00,89.240005
2018-04-20 00:45:00,86.79
2018-04-20 01:00:00,76.64
2018-04-20 01:15:00,61.61
2018-04-20 01:30:00,72.05
2018-04-20 01:45:00,64.14
2018-04-20 02:00:00,68.82
2018-04-20 02:15:00,62.89
2018-04-20 02:30:00,53.85
2018-04-20 02:45:00,57.35
2018-04-20 03:00:00,69.770004
2018-04-20 03:15:00,65.0
2018-04-20 03:30:00,63.409996
2018-04-20 03:45:00,71.17
2018-04-20 04:00:00,83.89
2018-04-20 04:15:00,93.51
2018-04-20 04:30:00,90.770004
2018-04-20 04:45:00,86.03
2018-04-20 05:00:00,84.91
2018-04-20 05:15:00,82.55
2018-04-20 05:30:00,100.95
2018-04-20 05:45:00,106.78
2018-04-20 06:00:00,99.71
2018-04-20 06:15:00,96.62
2018-04-20 06:30:00,106.8
2018-04-20 06:45:00,95.51
2018-04-20 07:00:00,81.4
2018-04-20 07:15:00,65.32001
2018-04-20 07:30:00,54.46
2018-04-20 07:45:00,73.869995
2018-04-20 08:00:00,72.119995
2018-04-20 08:15:00,107.67
2018-04-20 08:30:00,112.87
2018-04-20 08:45:00,87.4
2018-04-20 09:00:00,70.68
2018-04-20 09:15:00,60.1
2018-04-20 09:30:00,68.44
2018-04-20 09:45:00,81.15
2018-04-20 10:00:00,102.14
2018-04-20 10:15:00,117.770004
2018-04-20 10:30:00,106.369995
2018-04-20 10:45:00,111.619995
2018-04-20 11:00:00,131.52
2018-04-20 11:15:00,148.2
2018-04-20 11:30:00,125.020004
2018-04-20 11:45:00,110.65
2018-04-20 12:00:00,124.56999
2018-04-20 12:15:00,115.270004
2018-04-20 12:30:00,123.53
2018-04-20 12:45:00,106.94
2018-04-20 13:00:00,107.21
2018-04-20 13:15:00,152.26
2018-04-20 13:30:00,132.65
2018-04-20 13:45:00,137.62
2018-04-20 14:00:00,123.49
2018-04-20 14:15:00,162.76001
2018-04-20 14:30:00,192.37
2018-04-20 14:45:00,190.09
2018-04-20 15:00:00,189.5
2018-04-20 15:15:00,187.95999
2018-04-20 15:30:00,182.33
2018-04-20 15:45:00,188.04001
2018-04-20 16:00:00,199.45999
2018-04-20 16:15:00,202.31
2018-04-20 16:30:00,214.37
2018-04-20 16:45:00,206.69998
2018-04-20 17:00:00,205.56998
2018-04-20 17:15:00,208.79001
2018-04-20 17:30:00,212.73999
2018-04-20 17:45:00,210.1
2018-04-20 18:00:00,206.98
2018-04-20 18:15:00,195.02
2018-04-20 18:30:00,201.28998
2018-04-20 18:45:00,200.37
2018-04-20 19:00:00,203.18
2018-04-20 19:15:00,203.91
2018-04-20 19:30:00,207.98999
2018-04-20 19:45:00,224.45999
2018-04-20 20:00:00,224.73999
2018-04-20 20:15:00,211.45
2018-04-20 20:30:00,201.45999
2018-04-20 20:45:00,203.85
2018-04-20 21:00:00,205.17
2018-04-20 21:15:00,216.83
2018-04-20 21:30:00,217.16998
2018-04-20 21:45:00,217.85999
2018-04-20 22:00:00,222.31
2018-04-20 22:15:00,219.48999
2018-04-20 22:30:00,217.16
2018-04-20 22:45:00,219.7
2018-04-20 23:00:00,140.04001
2018-04-20 23:15:00,217.97
2018-04-20 23:30:00,222.0
2018-04-20 23:45:00,224.64
2018-04-21 00:00:00,223.26
2018-04-21 00:15:00,214.0
2018-04-21 00:30:00,220.08
2018-04-21 00:45:00,212.7
2018-04-21 01:00:00,217.91998
2018-04-21 01:15:00,217.9
2018-04-21 01:30:00,221.03
2018-04-21 01:45:00,221.81998
2018-04-21 02:00:00,219.37
2018-04-21 02:15:00,218.68
2018-04-21 02:30:00,220.85999
2018-04-21 02:45:00,219.97
2018-04-21 03:00:00,219.37
2018-04-21 03:15:00,223.07999
2018-04-21 03:30:00,227.18
2018-04-21 03:45:00,223.28
2018-04-21 04:00:00,221.58
2018-04-21 04:15:00,189.11
2018-04-21 04:30:00,158.39
2018-04-21 04:45:00,144.86
2018-04-21 05:00:00,150.1
2018-04-21 05:15:00,176.65
2018-04-21 05:30:00,162.44
2018-04-21 05:45:00,152.98999
2018-04-21 06:00:00,146.89
2018-04-21 06:15:00,111.32
2018-04-21 06:30:00,62.230003
2018-04-21 06:45:00,57.47
2018-04-21 07:00:00,44.83
2018-04-21 07:15:00,43.260002
2018-04-21 07:30:00,82.45
2018-04-21 07:45:00,178.0
2018-04-21 08:00:00,202.45999
2018-04-21 08:15:00,203.76999
2018-04-21 08:30:00,206.07999
2018-04-21 08:45:00,199.28
2018-04-21 09:00:00,211.19
2018-04-21 09:15:00,214.87
2018-04-21 09:30:00,215.19998
2018-04-21 09:45:00,217.59999
2018-04-21 10:00:00,214.25
2018-04-21 10:15:00,211.72998
2018-04-21 10:30:00,212.12999
2018-04-21 10:45:00,211.18
2018-04-21 11:00:00,204.85
2018-04-21 11:15:00,179.08
2018-04-21 11:30:00,167.57999
2018-04-21 11:45:00,156.59
2018-04-21 12:00:00,133.7
2018-04-21 12:15:00,108.91
2018-04-21 12:30:00,86.600006
2018-04-21 12:45:00,116.41
2018-04-21 13:00:00,92.97
2018-04-21 13:15:00,63.15
2018-04-21 13:30:00,98.91
2018-04-21 13:45:00,91.68
2018-04-21 14:00:00,84.45
2018-04-21 14:15:00,68.53
2018-04-21 14:30:00,68.15
2018-04-21 14:45:00,119.08
2018-04-21 15:00:00,145.56
2018-04-21 15:15:00,115.02
2018-04-21 15:30:00,120.53999
2018-04-21 15:45:00,107.17
2018-04-21 16:00:00,98.06
2018-04-21 16:15:00,136.04999
2018-04-21 16:30:00,145.76
2018-04-21 16:45:00,162.26001
2018-04-21 17:00:00,146.92
2018-04-21 17:15:00,140.07
2018-04-21 17:30:00,149.57
2018-04-21 17:45:00,153.95
2018-04-21 18:00:00,170.54999
2018-04-21 18:15:00,140.51001
2018-04-21 18:30:00,171.63998
2018-04-21 18:45:00,168.51001
2018-04-21 19:00:00,168.02998
2018-04-21 19:15:00,168.76999
2018-04-21 19:30:00,157.04001
2018-04-21 19:45:00,150.63998
2018-04-21 20:00:00,129.00998
2018-04-21 20:15:00,127.770004
2018-04-21 20:30:00,129.86
2018-04-21 20:45:00,130.73999
2018-04-21 21:00:00,114.3
2018-04-21 21:15:00,55.64
2018-04-21 21:30:00,148.79001
2018-04-21 21:45:00,215.42
2018-04-21 22:00:00,204.9
2018-04-21 22:15:00,172.41
2018-04-21 22:30:00,124.5
2018-04-21 22:45:00,114.729996
2018-04-21 23:00:00,96.8
2018-04-21 23:15:00,104.65
2018-04-21 23:30:00,124.40001
2018-04-21 23:45:00,112.520004
2018-04-22 00:00:00,124.2
2018-04-22 00:15:00,131.98
2018-04-22 00:30:00,114.92
2018-04-22 00:45:00,140.9
2018-04-22 01:00:00,136.73001
2018-04-22 01:15:00,82.47
2018-04-22 01:30:00,62.76
2018-04-22 01:45:00,54.87
2018-04-22 02:00:00,63.97
2018-04-22 02:15:00,79.020004
2018-04-22 02:30:00,85.229996
2018-04-22 02:45:00,69.119995
2018-04-22 03:00:00,51.870003
2018-04-22 03:15:00,53.59
2018-04-22 03:30:00,91.369995
2018-04-22 03:45:00,139.37
2018-04-22 04:00:00,105.65
2018-04-22 04:15:00,102.16
2018-04-22 04:30:00,79.95
2018-04-22 04:45:00,62.449997
2018-04-22 05:00:00,51.91
2018-04-22 05:15:00,49.809998
2018-04-22 05:30:00,59.69
2018-04-22 05:45:00,74.86
2018-04-22 06:00:00,71.79
2018-04-22 06:15:00,66.31
2018-04-22 06:30:00,75.14
2018-04-22 06:45:00,69.57001
2018-04-22 07:00:00,54.34
2018-04-22 07:15:00,37.09
2018-04-22 07:30:00,35.23
2018-04-22 07:45:00,22.15
2018-04-22 08:00:00,18.27
2018-04-22 08:15:00,9.02
2018-04-22 08:30:00,5.05
2018-04-22 08:45:00,9.13
2018-04-22 09:00:00,17.119999
2018-04-22 09:15:00,36.199997
2018-04-22 09:30:00,58.68
2018-04-22 09:45:00,75.509995
2018-04-22 10:00:00,72.53
2018-04-22 10:15:00,65.85
2018-04-22 10:30:00,51.199997
2018-04-22 10:45:00,52.71
2018-04-22 11:00:00,47.21
2018-04-22 11:15:00,21.17
2018-04-22 11:30:00,36.97
2018-04-22 11:45:00,59.4
2018-04-22 12:00:00,94.01
2018-04-22 12:15:00,80.53999
2018-04-22 12:30:00,84.270004
2018-04-22 12:45:00,66.81
2018-04-22 13:00:00,65.24
2018-04-22 13:15:00,63.559998
2018-04-22 13:30:00,61.16
2018-04-22 13:45:00,71.56
2018-04-22 14:00:00,78.729996
2018-04-22 14:15:00,83.020004
2018-04-22 14:30:00,82.67
2018-04-22 14:45:00,72.32
2018-04-22 15:00:00,55.25
2018-04-22 15:15:00,32.6
2018-04-22 15:30:00,27.560001
2018-04-22 15:45:00,18.39
2018-04-22 16:00:00,16.64
2018-04-22 16:15:00,15.58
2018-04-22 16:30:00,30.259998
2018-04-22 16:45:00,37.940002
2018-04-22 17:00:00,37.6
2018-04-22 17:15:00,37.35
2018-04-22 17:30:00,42.78
2018-04-22 17:45:00,34.55
2018-04-22 18:00:00,31.92
2018-04-22 18:15:00,31.04
2018-04-22 18:30:00,30.59
2018-04-22 18:45:00,38.52
2018-04-22 19:00:00,39.08
2018-04-22 19:15:00,45.35
2018-04-22 19:30:00,40.66
2018-04-22 19:45:00,26.33
2018-04-22 20:00:00,26.7
2018-04-22 20:15:00,24.15
2018-04-22 20:30:00,28.72
2018-04-22 20:45:00,30.380001
2018-04-22 21:00:00,27.27
2018-04-22 21:15:00,24.39
2018-04-22 21:30:00,20.349998
2018-04-22 21:45:00,33.05
2018-04-22 22:00:00,28.630001
2018-04-22 22:15:00,29.59
2018-04-22 22:30:00,25.89
2018-04-22 22:45:00,29.619999
2018-04-22 23:00:00,24.400002
2018-04-22 23:15:00,31.1
2018-04-22 23:30:00,32.0
2018-04-22 23:45:00,31.64
2018-04-23 00:00:00,30.99
2018-04-23 00:15:00,27.53
2018-04-23 00:30:00,29.490002
2018-04-23 00:45:00,34.79
2018-04-23 01:00:00,31.619999
2018-04-23 01:15:00,17.66
2018-04-23 01:30:00,18.41
2018-04-23 01:45:00,17.67
2018-04-23 02:00:00,15.41
2018-04-23 02:15:00,16.439999
2018-04-23 02:30:00,14.39
2018-04-23 02:45:00,19.95
2018-04-23 03:00:00,15.57
2018-04-23 03:15:00,10.33
2018-04-23 03:30:00,11.43
2018-04-23 03:45:00,11.87
2018-04-23 04:00:00,19.29
2018-04-23 04:15:00,17.65
2018-04-23 04:30:00,14.51
2018-04-23 04:45:00,11.35
2018-04-23 05:00:00,6.7000003
2018-04-23 05:15:00,6.24
2018-04-23 05:30:00,9.389999
2018-04-23 05:45:00,8.0
2018-04-23 06:00:00,6.5699997
2018-04-23 06:15:00,9.059999
2018-04-23 06:30:00,12.800001
2018-04-23 06:45:00,25.099998
2018-04-23 07:00:00,29.26
2018-04-23 07:15:00,24.689999
2018-04-23 07:30:00,15.950001
2018-04-23 07:45:00,8.559999
2018-04-23 08:00:00,3.37
2018-04-23 08:15:00,6.1
2018-04-23 08:30:00,0.9
2018-04-23 08:45:00,0.59
2018-04-23 09:00:00,0.56
2018-04-23 09:15:00,2.17
2018-04-23 09:30:00,1.78
2018-04-23 09:45:00,0.0
2018-04-23 10:00:00,6.27
2018-04-23 10:15:00,3.81
2018-04-23 10:30:00,0.95000005
2018-04-23 10:45:00,0.6
2018-04-23 11:00:00,2.09
2018-04-23 11:15:00,2.52
2018-04-23 11:30:00,3.1399999
2018-04-23 11:45:00,11.14
2018-04-23 12:00:00,15.78
2018-04-23 12:15:00,14.370001
2018-04-23 12:30:00,8.59
2018-04-23 12:45:00,9.469999
2018-04-23 13:00:00,4.09
2018-04-23 13:15:00,0.49
2018-04-23 13:30:00,0.0
2018-04-23 13:45:00,0.0
2018-04-23 14:00:00,0.0
2018-04-23 14:15:00,4.52
2018-04-23 14:30:00,0.0
2018-04-23 14:45:00,0.0
2018-04-23 15:00:00,0.0
2018-04-23 15:15:00,0.0
2018-04-23 15:30:00,0.0
2018-04-23 15:45:00,1.17
2018-04-23 16:00:00,3.32
2018-04-23 16:15:00,9.059999
2018-04-23 16:30:00,9.299999
2018-04-23 16:45:00,6.9700003
2018-04-23 17:00:00,5.1
2018-04-23 17:15:00,1.5999999
2018-04-23 17:30:00,0.0
2018-04-23 17:45:00,0.0
2018-04-23 18:00:00,0.0
2018-04-23 18:15:00,0.0
2018-04-23 18:30:00,0.0
2018-04-23 18:45:00,0.0
2018-04-23 19:00:00,0.0
2018-04-23 19:15:00,0.0
2018-04-23 19:30:00,0.0
2018-04-23 19:45:00,0.0
2018-04-23 20:00:00,0.0
2018-04-23 20:15:00,0.0
2018-04-23 20:30:00,0.0
2018-04-23 20:45:00,0.0
2018-04-23 21:00:00,0.0
2018-04-23 21:15:00,0.0
2018-04-23 21:30:00,0.0
2018-04-23 21:45:00,0.0
2018-04-23 22:00:00,0.0
2018-04-23 22:15:00,0.0
2018-04-23 22:30:00,8.35
2018-04-23 22:45:00,0.0
2018-04-23 23:00:00,0.0
2018-04-23 23:15:00,0.0
2018-04-23 23:30:00,0.0
2018-04-23 23:45:00,0.0
2018-04-24 00:00:00,0.0
2018-04-24 00:15:00,6.4
2018-04-24 00:30:00,1.13
2018-04-24 00:45:00,1.51
2018-04-24 01:00:00,3.52
2018-04-24 01:15:00,14.88
2018-04-24 01:30:00,19.25
2018-04-24 01:45:00,19.02
2018-04-24 02:00:00,18.130001
2018-04-24 02:15:00,19.58
2018-04-24 02:30:00,24.67
2018-04-24 02:45:00,34.47
2018-04-24 03:00:00,38.0
2018-04-24 03:15:00,36.45
2018-04-24 03:30:00,36.66
2018-04-24 03:45:00,38.52
2018-04-24 04:00:00,38.94
2018-04-24 04:15:00,30.7
2018-04-24 04:30:00,34.190002
2018-04-24 04:45:00,37.760002
2018-04-24 05:00:00,40.41
2018-04-24 05:15:00,49.33
2018-04-24 05:30:00,53.53
2018-04-24 05:45:00,46.3
2018-04-24 06:00:00,37.120003
2018-04-24 06:15:00,32.83
2018-04-24 06:30:00,44.449997
2018-04-24 06:45:00,77.67
2018-04-24 07:00:00,72.54
2018-04-24 07:15:00,60.38
2018-04-24 07:30:00,59.23
2018-04-24 07:45:00,66.61
2018-04-24 08:00:00,74.229996
2018-04-24 08:15:00,77.2
2018-04-24 08:30:00,84.71
2018-04-24 08:45:00,94.83
2018-04-24 09:00:00,97.850006
2018-04-24 09:15:00,105.46
2018-04-24 09:30:00,94.36
2018-04-24 09:45:00,83.83
2018-04-24 10:00:00,79.08
2018-04-24 10:15:00,79.04
2018-04-24 10:30:00,79.54
2018-04-24 10:45:00,83.880005
2018-04-24 11:00:00,72.47
2018-04-24 11:15:00,63.12
2018-04-24 11:30:00,49.379997
2018-04-24 11:45:00,17.869999
2018-04-24 12:00:00,11.52
2018-04-24 12:15:00,10.84
2018-04-24 12:30:00,18.17
2018-04-24 12:45:00,22.369999
2018-04-24 13:00:00,18.76
2018-04-24 13:15:00,22.21
2018-04-24 13:30:00,29.48
2018-04-24 13:45:00,28.57
2018-04-24 14:00:00,14.309999
2018-04-24 14:15:00,12.83
2018-04-24 14:30:00,7.74
2018-04-24 14:45:00,9.2
2018-04-24 15:00:00,20.16
2018-04-24 15:15:00,24.939999
2018-04-24 15:30:00,25.130001
2018-04-24 15:45:00,13.25
2018-04-24 16:00:00,11.65
2018-04-24 16:15:00,12.24
2018-04-24 16:30:00,9.88
2018-04-24 16:45:00,0.0
2018-04-24 17:00:00,4.83
2018-04-24 17:15:00,14.88
2018-04-24 17:30:00,0.0
2018-04-24 17:45:00,14.31
2018-04-24 18:00:00,56.91
2018-04-24 18:15:00,61.769997
2018-04-24 18:30:00,63.48
2018-04-24 18:45:00,69.76
2018-04-24 19:00:00,77.97
2018-04-24 19:15:00,79.37
2018-04-24 19:30:00,81.22
2018-04-24 19:45:00,80.46
2018-04-24 20:00:00,81.72
2018-04-24 20:15:00,93.119995
2018-04-24 20:30:00,97.82
2018-04-24 20:45:00,84.16
2018-04-24 21:00:00,80.75
2018-04-24 21:15:00,77.84
2018-04-24 21:30:00,63.91
2018-04-24 21:45:00,67.18
2018-04-24 22:00:00,69.009995
2018-04-24 22:15:00,67.67
2018-04-24 22:30:00,71.740005
2018-04-24 22:45:00,49.4
2018-04-24 23:00:00,64.39
2018-04-24 23:15:00,59.88
2018-04-24 23:30:00,32.03
2018-04-24 23:45:00,88.91
2018-04-25 00:00:00,26.02
2018-04-25 00:15:00,53.82
2018-04-25 00:30:00,101.11
2018-04-25 00:45:00,130.45999
2018-04-25 01:00:00,135.14
2018-04-25 01:15:00,119.19
2018-04-25 01:30:00,123.42
2018-04-25 01:45:00,144.12
2018-04-25 02:00:00,149.48999
2018-04-25 02:15:00,159.69
2018-04-25 02:30:00,169.95
2018-04-25 02:45:00,163.19
2018-04-25 03:00:00,158.94
2018-04-25 03:15:00,131.6
2018-04-25 03:30:00,167.93
2018-04-25 03:45:00,140.85
2018-04-25 04:00:00,135.32
2018-04-25 04:15:00,96.63
2018-04-25 04:30:00,184.35999
2018-04-25 04:45:00,177.18
2018-04-25 05:00:00,214.44
2018-04-25 05:15:00,201.54001
2018-04-25 05:30:00,197.54001
2018-04-25 05:45:00,170.18999
2018-04-25 06:00:00,81.64
2018-04-25 06:15:00,77.78
2018-04-25 06:30:00,93.15
2018-04-25 06:45:00,149.02
2018-04-25 07:00:00,99.56
2018-04-25 07:15:00,46.39
2018-04-25 07:30:00,20.25
2018-04-25 07:45:00,0.13
2018-04-25 08:00:00,4.46
2018-04-25 08:15:00,22.32
2018-04-25 08:30:00,21.43
2018-04-25 08:45:00,56.659996
2018-04-25 09:00:00,113.47
2018-04-25 09:15:00,99.45
2018-04-25 09:30:00,62.64
2018-04-25 09:45:00,49.690002
2018-04-25 10:00:00,68.71
2018-04-25 10:15:00,94.95
2018-04-25 10:30:00,85.8
2018-04-25 10:45:00,108.509995
2018-04-25 11:00:00,140.67
2018-04-25 11:15:00,135.22
2018-04-25 11:30:00,86.72
2018-04-25 11:45:00,10.190001
2018-04-25 12:00:00,0.49
2018-04-25 12:15:00,23.9
2018-04-25 12:30:00,0.0
2018-04-25 12:45:00,0.0
2018-04-25 13:00:00,0.0
2018-04-25 13:15:00,0.0
2018-04-25 13:30:00,0.0
2018-04-25 13:45:00,0.0
2018-04-25 14:00:00,0.0
2018-04-25 14:15:00,0.0
2018-04-25 14:30:00,0.0
2018-04-25 14:45:00,0.0
2018-04-25 15:00:00,0.0
2018-04-25 15:15:00,0.0
2018-04-25 15:30:00,0.0
2018-04-25 15:45:00,0.0
2018-04-25 16:00:00,0.0
2018-04-25 16:15:00,0.0
2018-04-25 16:30:00,0.0
2018-04-25 16:45:00,0.0
2018-04-25 17:00:00,0.0
2018-04-25 17:15:00,0.0
2018-04-25 17:30:00,0.0
2018-04-25 17:45:00,0.0
2018-04-25 18:00:00,0.0
2018-04-25 18:15:00,0.0
2018-04-25 18:30:00,101.45
2018-04-25 18:45:00,87.44
2018-04-25 19:00:00,79.19
2018-04-25 19:15:00,69.45
2018-04-25 19:30:00,63.89
2018-04-25 19:45:00,50.33
2018-04-25 20:00:00,27.79
2018-04-25 20:15:00,15.91
2018-04-25 20:30:00,18.91
2018-04-25 20:45:00,22.669998
2018-04-25 21:00:00,22.8
2018-04-25 21:15:00,28.86
2018-04-25 21:30:00,23.27
2018-04-25 21:45:00,23.310001
2018-04-25 22:00:00,10.54
2018-04-25 22:15:00,7.91
2018-04-25 22:30:00,5.24
2018-04-25 22:45:00,13.18
2018-04-25 23:00:00,3.23
2018-04-25 23:15:00,11.84
2018-04-25 23:30:00,3.53
2018-04-25 23:45:00,0.0
2018-04-26 00:00:00,0.0
2018-04-26 00:15:00,0.0
2018-04-26 00:30:00,0.0
2018-04-26 00:45:00,0.0
2018-04-26 01:00:00,0.0
2018-04-26 01:15:00,0.0
2018-04-26 01:30:00,0.0
2018-04-26 01:45:00,0.0
2018-04-26 02:00:00,0.0
2018-04-26 02:15:00,0.0
2018-04-26 02:30:00,0.0
2018-04-26 02:45:00,0.0
2018-04-26 03:00:00,0.0
2018-04-26 03:15:00,0.0
2018-04-26 03:30:00,0.0
2018-04-26 03:45:00,0.0
2018-04-26 04:00:00,0.77
2018-04-26 04:15:00,1.38
2018-04-26 04:30:00,3.4099998
2018-04-26 04:45:00,6.01
2018-04-26 05:00:00,14.289999
2018-04-26 05:15:00,16.05
2018-04-26 05:30:00,14.86
2018-04-26 05:45:00,15.969999
2018-04-26 06:00:00,16.310001
2018-04-26 06:15:00,17.14
2018-04-26 06:30:00,18.34
2018-04-26 06:45:00,16.21
2018-04-26 07:00:00,14.15
2018-04-26 07:15:00,12.46
2018-04-26 07:30:00,11.77
2018-04-26 07:45:00,11.629999
2018-04-26 08:00:00,14.61
2018-04-26 08:15:00,14.69
2018-04-26 08:30:00,14.83
2018-04-26 08:45:00,13.76
2018-04-26 09:00:00,15.4
2018-04-26 09:15:00,13.17
2018-04-26 09:30:00,16.98
2018-04-26 09:45:00,22.24
2018-04-26 10:00:00,27.09
2018-04-26 10:15:00,27.16
2018-04-26 10:30:00,25.400002
2018-04-26 10:45:00,37.5
2018-04-26 11:00:00,39.22
2018-04-26 11:15:00,36.83
2018-04-26 11:30:00,38.19
2018-04-26 11:45:00,28.57
2018-04-26 12:00:00,23.17
2018-04-26 12:15:00,25.54
2018-04-26 12:30:00,21.189999
2018-04-26 12:45:00,31.89
2018-04-26 13:00:00,30.220001
2018-04-26 13:15:00,23.59
2018-04-26 13:30:00,19.5
2018-04-26 13:45:00,13.5
2018-04-26 14:00:00,14.26
2018-04-26 14:15:00,21.099998
2018-04-26 14:30:00,16.49
2018-04-26 14:45:00,13.440001
2018-04-26 15:00:00,7.84
2018-04-26 15:15:00,11.139999
2018-04-26 15:30:00,3.0500002
2018-04-26 15:45:00,7.96
2018-04-26 16:00:00,5.8
2018-04-26 16:15:00,9.63
2018-04-26 16:30:00,8.1
2018-04-26 16:45:00,7.26
2018-04-26 17:00:00,3.84
2018-04-26 17:15:00,8.33
2018-04-26 17:30:00,6.54
2018-04-26 17:45:00,5.84
2018-04-26 18:00:00,5.52
2018-04-26 18:15:00,9.38
2018-04-26 18:30:00,7.71
2018-04-26 18:45:00,8.969999
2018-04-26 19:00:00,11.76
2018-04-26 19:15:00,16.67
2018-04-26 19:30:00,24.470001
2018-04-26 19:45:00,17.09
2018-04-26 20:00:00,8.33
2018-04-26 20:15:00,7.53
2018-04-26 20:30:00,4.5699997
2018-04-26 20:45:00,4.67
2018-04-26 21:00:00,9.47
2018-04-26 21:15:00,8.49
2018-04-26 21:30:00,2.54
2018-04-26 21:45:00,0.71999997
2018-04-26 22:00:00,0.59
2018-04-26 22:15:00,4.75
2018-04-26 22:30:00,6.95
2018-04-26 22:45:00,0.0
2018-04-26 23:00:00,6.34
2018-04-26 23:15:00,0.0
2018-04-26 23:30:00,0.0
2018-04-26 23:45:00,7.48
2018-04-27 00:00:00,0.47000003
2018-04-27 00:15:00,10.84
2018-04-27 00:30:00,3.52
2018-04-27 00:45:00,7.4100003
2018-04-27 01:00:00,16.66
2018-04-27 01:15:00,27.439999
2018-04-27 01:30:00,28.970001
2018-04-27 01:45:00,27.89
2018-04-27 02:00:00,22.48
2018-04-27 02:15:00,17.130001
2018-04-27 02:30:00,6.11
2018-04-27 02:45:00,7.7
2018-04-27 03:00:00,0.0
2018-04-27 03:15:00,0.0
2018-04-27 03:30:00,0.0
2018-04-27 03:45:00,4.83
2018-04-27 04:00:00,98.020004
2018-04-27 04:15:00,94.240005
2018-04-27 04:30:00,155.12
2018-04-27 04:45:00,172.45999
2018-04-27 05:00:00,124.850006
2018-04-27 05:15:00,94.34
2018-04-27 05:30:00,102.5
2018-04-27 05:45:00,101.259995
2018-04-27 06:00:00,84.0
2018-04-27 06:15:00,60.97
2018-04-27 06:30:00,101.03
2018-04-27 06:45:00,208.94
2018-04-27 07:00:00,222.43
2018-04-27 07:15:00,223.9
2018-04-27 07:30:00,197.93
2018-04-27 07:45:00,182.03
2018-04-27 08:00:00,167.32
2018-04-27 08:15:00,140.97
2018-04-27 08:30:00,99.17
2018-04-27 08:45:00,76.96
2018-04-27 09:00:00,62.420002
2018-04-27 09:15:00,50.1
2018-04-27 09:30:00,32.53
2018-04-27 09:45:00,35.65
2018-04-27 10:00:00,38.17
2018-04-27 10:15:00,29.73
2018-04-27 10:30:00,34.96
2018-04-27 10:45:00,60.35
2018-04-27 11:00:00,57.17
2018-04-27 11:15:00,38.760002
2018-04-27 11:30:00,39.230003
2018-04-27 11:45:00,24.18
2018-04-27 12:00:00,18.26
2018-04-27 12:15:00,10.05
2018-04-27 12:30:00,5.81
2018-04-27 12:45:00,6.05
2018-04-27 13:00:00,7.98
2018-04-27 13:15:00,9.41
2018-04-27 13:30:00,6.92
2018-04-27 13:45:00,1.91
2018-04-27 14:00:00,1.13
2018-04-27 14:15:00,1.61
2018-04-27 14:30:00,1.62
2018-04-27 14:45:00,1.11
2018-04-27 15:00:00,6.5
2018-04-27 15:15:00,9.0
2018-04-27 15:30:00,4.1
2018-04-27 15:45:00,7.58
2018-04-27 16:00:00,0.71
2018-04-27 16:15:00,6.15
2018-04-27 16:30:00,5.36
2018-04-27 16:45:00,0.1
2018-04-27 17:00:00,0.0
2018-04-27 17:15:00,0.0
2018-04-27 17:30:00,0.0
2018-04-27 17:45:00,10.8
2018-04-27 18:00:00,0.0
2018-04-27 18:15:00,0.0
2018-04-27 18:30:00,0.0
2018-04-27 18:45:00,0.0
2018-04-27 19:00:00,0.0
2018-04-27 19:15:00,0.0
2018-04-27 19:30:00,0.0
2018-04-27 19:45:00,0.0
2018-04-27 20:00:00,0.0
2018-04-27 20:15:00,0.0
2018-04-27 20:30:00,0.0
2018-04-27 20:45:00,0.0
2018-04-27 21:00:00,0.0
2018-04-27 21:15:00,0.0
2018-04-27 21:30:00,0.0
2018-04-27 21:45:00,0.0
2018-04-27 22:00:00,0.0
2018-04-27 22:15:00,0.0
2018-04-27 22:30:00,0.0
2018-04-27 22:45:00,0.0
2018-04-27 23:00:00,0.0
2018-04-27 23:15:00,0.0
2018-04-27 23:30:00,0.0
2018-04-27 23:45:00,0.0
2018-04-28 00:00:00,0.0
2018-04-28 00:15:00,0.0
2018-04-28 00:30:00,0.0
2018-04-28 00:45:00,0.0
2018-04-28 01:00:00,0.0
2018-04-28 01:15:00,0.0
2018-04-28 01:30:00,0.0
2018-04-28 01:45:00,0.0
2018-04-28 02:00:00,0.0
2018-04-28 02:15:00,0.0
2018-04-28 02:30:00,0.0
2018-04-28 02:45:00,0.0
2018-04-28 03:00:00,0.0
2018-04-28 03:15:00,0.0
2018-04-28 03:30:00,0.0
2018-04-28 03:45:00,3.04
2018-04-28 04:00:00,0.51
2018-04-28 04:15:00,1.73
2018-04-28 04:30:00,9.67
2018-04-28 04:45:00,17.77
2018-04-28 05:00:00,18.39
2018-04-28 05:15:00,18.23
2018-04-28 05:30:00,16.16
2018-04-28 05:45:00,15.440001
2018-04-28 06:00:00,14.17
2018-04-28 06:15:00,15.49
2018-04-28 06:30:00,16.2
2018-04-28 06:45:00,15.66
2018-04-28 07:00:00,13.33
2018-04-28 07:15:00,14.139999
2018-04-28 07:30:00,13.370001
2018-04-28 07:45:00,15.72
2018-04-28 08:00:00,15.33
2018-04-28 08:15:00,13.76
2018-04-28 08:30:00,19.8
2018-04-28 08:45:00,30.529999
2018-04-28 09:00:00,28.529999
2018-04-28 09:15:00,29.93
2018-04-28 09:30:00,28.83
2018-04-28 09:45:00,26.830002
2018-04-28 10:00:00,24.56
2018-04-28 10:15:00,41.88
2018-04-28 10:30:00,57.780003
2018-04-28 10:45:00,48.57
2018-04-28 11:00:00,41.17
2018-04-28 11:15:00,40.510002
2018-04-28 11:30:00,37.379997
2018-04-28 11:45:00,40.309998
2018-04-28 12:00:00,42.3
2018-04-28 12:15:00,40.61
2018-04-28 12:30:00,39.91
2018-04-28 12:45:00,37.1
2018-04-28 13:00:00,30.289999
2018-04-28 13:15:00,29.880001
2018-04-28 13:30:00,25.61
2018-04-28 13:45:00,22.27
2018-04-28 14:00:00,16.4
2018-04-28 14:15:00,19.66
2018-04-28 14:30:00,27.71
2018-04-28 14:45:00,38.160004
2018-04-28 15:00:00,45.800003
2018-04-28 15:15:00,46.22
2018-04-28 15:30:00,46.58
2018-04-28 15:45:00,40.05
2018-04-28 16:00:00,36.67
2018-04-28 16:15:00,32.84
2018-04-28 16:30:00,28.529999
2018-04-28 16:45:00,24.56
2018-04-28 17:00:00,20.41
2018-04-28 17:15:00,18.31
2018-04-28 17:30:00,13.33
2018-04-28 17:45:00,12.2
2018-04-28 18:00:00,11.08
2018-04-28 18:15:00,9.309999
2018-04-28 18:30:00,13.65
2018-04-28 18:45:00,15.969999
2018-04-28 19:00:00,24.0
2018-04-28 19:15:00,25.279999
2018-04-28 19:30:00,24.14
2018-04-28 19:45:00,37.23
2018-04-28 20:00:00,32.67
2018-04-28 20:15:00,37.56
2018-04-28 20:30:00,29.15
2018-04-28 20:45:00,38.06
2018-04-28 21:00:00,29.99
2018-04-28 21:15:00,33.87
2018-04-28 21:30:00,23.880001
2018-04-28 21:45:00,33.4
2018-04-28 22:00:00,22.25
2018-04-28 22:15:00,38.559998
2018-04-28 22:30:00,40.4
2018-04-28 22:45:00,39.1
2018-04-28 23:00:00,42.62
2018-04-28 23:15:00,27.33
2018-04-28 23:30:00,42.190002
2018-04-28 23:45:00,31.66
2018-04-29 00:00:00,32.79
2018-04-29 00:15:00,28.720001
2018-04-29 00:30:00,29.01
2018-04-29 00:45:00,27.880001
2018-04-29 01:00:00,28.09
2018-04-29 01:15:00,26.05
2018-04-29 01:30:00,31.39
2018-04-29 01:45:00,33.29
2018-04-29 02:00:00,32.84
2018-04-29 02:15:00,35.03
2018-04-29 02:30:00,42.35
2018-04-29 02:45:00,40.64
2018-04-29 03:00:00,45.35
2018-04-29 03:15:00,62.14
2018-04-29 03:30:00,77.53
2018-04-29 03:45:00,93.1
2018-04-29 04:00:00,99.4
2018-04-29 04:15:00,105.979996
2018-04-29 04:30:00,110.06
2018-04-29 04:45:00,118.36
2018-04-29 05:00:00,123.74
2018-04-29 05:15:00,121.740005
2018-04-29 05:30:00,127.37
2018-04-29 05:45:00,135.92
2018-04-29 06:00:00,127.729996
2018-04-29 06:15:00,135.81
2018-04-29 06:30:00,132.07
2018-04-29 06:45:00,133.3
2018-04-29 07:00:00,122.77
2018-04-29 07:15:00,124.94
2018-04-29 07:30:00,119.65
2018-04-29 07:45:00,112.130005
2018-04-29 08:00:00,95.229996
2018-04-29 08:15:00,88.5
2018-04-29 08:30:00,83.55
2018-04-29 08:45:00,84.39
2018-04-29 09:00:00,95.36
2018-04-29 09:15:00,100.369995
2018-04-29 09:30:00,128.28
2018-04-29 09:45:00,136.99
2018-04-29 10:00:00,141.79999
2018-04-29 10:15:00,133.26001
2018-04-29 10:30:00,116.58
2018-04-29 10:45:00,100.17
2018-04-29 11:00:00,96.229996
2018-04-29 11:15:00,90.119995
2018-04-29 11:30:00,87.16
2018-04-29 11:45:00,74.82
2018-04-29 12:00:00,63.19
2018-04-29 12:15:00,55.24
2018-04-29 12:30:00,48.5
2018-04-29 12:45:00,46.67
2018-04-29 13:00:00,39.83
2018-04-29 13:15:00,32.38
2018-04-29 13:30:00,25.45
2018-04-29 13:45:00,30.51
2018-04-29 14:00:00,49.14
2018-04-29 14:15:00,60.54
2018-04-29 14:30:00,59.57
2018-04-29 14:45:00,71.71
2018-04-29 15:00:00,86.520004
2018-04-29 15:15:00,107.850006
2018-04-29 15:30:00,116.880005
2018-04-29 15:45:00,138.77998
2018-04-29 16:00:00,151.08
2018-04-29 16:15:00,157.26001
2018-04-29 16:30:00,170.93
2018-04-29 16:45:00,180.5
2018-04-29 17:00:00,188.59
2018-04-29 17:15:00,177.19
2018-04-29 17:30:00,158.53
2018-04-29 17:45:00,149.58
2018-04-29 18:00:00,163.85
2018-04-29 18:15:00,162.78
2018-04-29 18:30:00,154.03
2018-04-29 18:45:00,163.1
2018-04-29 19:00:00,169.78
2018-04-29 19:15:00,169.34
2018-04-29 19:30:00,157.12
2018-04-29 19:45:00,152.20999
2018-04-29 20:00:00,136.75
2018-04-29 20:15:00,150.0
2018-04-29 20:30:00,128.1
2018-04-29 20:45:00,129.43001
2018-04-29 21:00:00,160.72
2018-04-29 21:15:00,147.57999
2018-04-29 21:30:00,151.08
2018-04-29 21:45:00,142.24
2018-04-29 22:00:00,157.95999
2018-04-29 22:15:00,173.45
2018-04-29 22:30:00,171.41
2018-04-29 22:45:00,173.97998
2018-04-29 23:00:00,175.13
2018-04-29 23:15:00,169.64
2018-04-29 23:30:00,173.54999
2018-04-29 23:45:00,171.23999
2018-04-30 00:00:00,166.37
2018-04-30 00:15:00,153.54001
2018-04-30 00:30:00,136.05
2018-04-30 00:45:00,123.5
2018-04-30 01:00:00,123.87999
2018-04-30 01:15:00,146.51999
2018-04-30 01:30:00,150.38998
2018-04-30 01:45:00,153.95
2018-04-30 02:00:00,182.23999
2018-04-30 02:15:00,193.51001
2018-04-30 02:30:00,196.29999
2018-04-30 02:45:00,209.56998
2018-04-30 03:00:00,214.62
2018-04-30 03:15:00,218.5
2018-04-30 03:30:00,208.22
2018-04-30 03:45:00,206.12
2018-04-30 04:00:00,197.54001
2018-04-30 04:15:00,202.31
2018-04-30 04:30:00,206.96999
2018-04-30 04:45:00,195.74998
2018-04-30 05:00:00,185.26999
2018-04-30 05:15:00,202.05
2018-04-30 05:30:00,213.24
2018-04-30 05:45:00,215.09
2018-04-30 06:00:00,217.86
2018-04-30 06:15:00,218.94
2018-04-30 06:30:00,220.48999
2018-04-30 06:45:00,223.01999
2018-04-30 07:00:00,223.29001
2018-04-30 07:15:00,223.56
2018-04-30 07:30:00,201.33
2018-04-30 07:45:00,35.660004
2018-04-30 08:00:00,0.0
2018-04-30 08:15:00,0.0
2018-04-30 08:30:00,0.0
2018-04-30 08:45:00,0.0
2018-04-30 09:00:00,0.0
2018-04-30 09:15:00,0.0
2018-04-30 09:30:00,0.0
2018-04-30 09:45:00,222.74998
2018-04-30 10:00:00,222.43
2018-04-30 10:15:00,221.64
2018-04-30 10:30:00,220.82999
2018-04-30 10:45:00,221.77998
2018-04-30 11:00:00,215.92
2018-04-30 11:15:00,218.44
2018-04-30 11:30:00,211.03
2018-04-30 11:45:00,214.91
2018-04-30 12:00:00,215.26999
2018-04-30 12:15:00,217.4
2018-04-30 12:30:00,219.23
2018-04-30 12:45:00,215.28
2018-04-30 13:00:00,214.77
2018-04-30 13:15:00,207.86
2018-04-30 13:30:00,202.32
2018-04-30 13:45:00,189.64
2018-04-30 14:00:00,185.09
2018-04-30 14:15:00,192.79999
2018-04-30 14:30:00,194.92
2018-04-30 14:45:00,201.14
2018-04-30 15:00:00,214.69998
2018-04-30 15:15:00,216.49998
2018-04-30 15:30:00,219.15
2018-04-30 15:45:00,222.84
2018-04-30 16:00:00,219.51999
2018-04-30 16:15:00,223.96999
2018-04-30 16:30:00,224.16
2018-04-30 16:45:00,224.76
2018-04-30 17:00:00,224.66998
2018-04-30 17:15:00,223.11
2018-04-30 17:30:00,223.38
2018-04-30 17:45:00,222.15
2018-04-30 18:00:00,222.58997
2018-04-30 18:15:00,222.48001
2018-04-30 18:30:00,218.83
2018-04-30 18:45:00,219.06
2018-04-30 19:00:00,222.83
2018-04-30 19:15:00,220.38
2018-04-30 19:30:00,223.19
2018-04-30 19:45:00,223.94
2018-04-30 20:00:00,217.06
2018-04-30 20:15:00,220.91
2018-04-30 20:30:00,224.31
2018-04-30 20:45:00,224.43
2018-04-30 21:00:00,221.65997
2018-04-30 21:15:00,222.48001
2018-04-30 21:30:00,217.82
2018-04-30 21:45:00,218.06998
2018-04-30 22:00:00,220.91
2018-04-30 22:15:00,218.77998
2018-04-30 22:30:00,207.61
2018-04-30 22:45:00,201.46
2018-04-30 23:00:00,199.18999
2018-04-30 23:15:00,191.23999
2018-04-30 23:30:00,212.67
2018-04-30 23:45:00,216.35
2018-05-01 00:00:00,214.37
2018-05-01 00:15:00,212.48999
2018-05-01 00:30:00,201.71999
2018-05-01 00:45:00,200.22998
2018-05-01 01:00:00,197.20999
2018-05-01 01:15:00,202.17
2018-05-01 01:30:00,194.45
2018-05-01 01:45:00,200.18
2018-05-01 02:00:00,210.1
2018-05-01 02:15:00,217.48999
2018-05-01 02:30:00,221.41
2018-05-01 02:45:00,219.88
2018-05-01 03:00:00,221.48001
2018-05-01 03:15:00,220.95
2018-05-01 03:30:00,222.21
2018-05-01 03:45:00,224.73999
2018-05-01 04:00:00,224.54999
2018-05-01 04:15:00,223.68999
2018-05-01 04:30:00,220.44998
2018-05-01 04:45:00,223.15
2018-05-01 05:00:00,224.42001
2018-05-01 05:15:00,225.52998
2018-05-01 05:30:00,224.25
2018-05-01 05:45:00,224.15
2018-05-01 06:00:00,222.96
2018-05-01 06:15:00,221.17
2018-05-01 06:30:00,219.6
2018-05-01 06:45:00,219.23001
2018-05-01 07:00:00,220.23999
2018-05-01 07:15:00,220.51
2018-05-01 07:30:00,220.16998
2018-05-01 07:45:00,219.28
2018-05-01 08:00:00,220.42001
2018-05-01 08:15:00,220.7
2018-05-01 08:30:00,220.81
2018-05-01 08:45:00,220.79001
2018-05-01 09:00:00,219.88
2018-05-01 09:15:00,219.23
2018-05-01 09:30:00,219.39
2018-05-01 09:45:00,219.45999
2018-05-01 10:00:00,219.2
2018-05-01 10:15:00,219.00998
2018-05-01 10:30:00,219.15997
2018-05-01 10:45:00,219.16998
2018-05-01 11:00:00,219.45999
2018-05-01 11:15:00,219.62
2018-05-01 11:30:00,219.13
2018-05-01 11:45:00,221.20999
2018-05-01 12:00:00,219.95
2018-05-01 12:15:00,220.39
2018-05-01 12:30:00,217.78
2018-05-01 12:45:00,215.65997
2018-05-01 13:00:00,211.98999
2018-05-01 13:15:00,214.31998
2018-05-01 13:30:00,216.83997
2018-05-01 13:45:00,218.86
2018-05-01 14:00:00,218.20999
2018-05-01 14:15:00,220.57
2018-05-01 14:30:00,221.18999
2018-05-01 14:45:00,223.04001
2018-05-01 15:00:00,221.54
2018-05-01 15:15:00,221.63998
2018-05-01 15:30:00,220.43
2018-05-01 15:45:00,216.92
2018-05-01 16:00:00,210.09
2018-05-01 16:15:00,215.84
2018-05-01 16:30:00,213.00998
2018-05-01 16:45:00,218.23999
2018-05-01 17:00:00,206.82
2018-05-01 17:15:00,213.26001
2018-05-01 17:30:00,211.66
2018-05-01 17:45:00,195.16
2018-05-01 18:00:00,192.93
2018-05-01 18:15:00,190.44
2018-05-01 18:30:00,176.05
2018-05-01 18:45:00,174.26
2018-05-01 19:00:00,178.00998
2018-05-01 19:15:00,164.78
2018-05-01 19:30:00,165.77998
2018-05-01 19:45:00,152.69
2018-05-01 20:00:00,132.58
2018-05-01 20:15:00,103.09
2018-05-01 20:30:00,71.33
2018-05-01 20:45:00,67.9
2018-05-01 21:00:00,55.989998
2018-05-01 21:15:00,53.83
2018-05-01 21:30:00,80.020004
2018-05-01 21:45:00,95.69
2018-05-01 22:00:00,90.12
2018-05-01 22:15:00,101.729996
2018-05-01 22:30:00,111.5
2018-05-01 22:45:00,108.130005
2018-05-01 23:00:00,91.81
2018-05-01 23:15:00,64.11
2018-05-01 23:30:00,49.29
2018-05-01 23:45:00,32.06
2018-05-02 00:00:00,44.97
2018-05-02 00:15:00,53.1
2018-05-02 00:30:00,48.86
2018-05-02 00:45:00,42.39
2018-05-02 01:00:00,42.25
2018-05-02 01:15:00,62.9
2018-05-02 01:30:00,92.38
2018-05-02 01:45:00,104.43
2018-05-02 02:00:00,128.26001
2018-05-02 02:15:00,147.19
2018-05-02 02:30:00,155.16
2018-05-02 02:45:00,183.03
2018-05-02 03:00:00,188.56
2018-05-02 03:15:00,200.51999
2018-05-02 03:30:00,210.98999
2018-05-02 03:45:00,211.26001
2018-05-02 04:00:00,219.64
2018-05-02 04:15:00,219.20999
2018-05-02 04:30:00,220.6
2018-05-02 04:45:00,221.22
2018-05-02 05:02:00,220.95999
2018-05-02 05:15:00,220.94998
2018-05-02 05:30:00,221.08
2018-05-02 05:45:00,222.78998
2018-05-02 06:00:00,221.81
2018-05-02 06:15:00,223.11
2018-05-02 06:30:00,222.45999
2018-05-02 06:45:00,223.20999
2018-05-02 07:00:00,221.45001
2018-05-02 07:15:00,221.82999
2018-05-02 07:30:00,220.15
2018-05-02 07:45:00,219.93
2018-05-02 08:00:00,218.01999
2018-05-02 08:15:00,215.17
2018-05-02 08:30:00,212.98999
2018-05-02 08:45:00,207.75998
2018-05-02 09:00:00,206.5
2018-05-02 09:15:00,211.09999
2018-05-02 09:30:00,209.55
2018-05-02 09:45:00,215.65
2018-05-02 10:00:00,218.3
2018-05-02 10:15:00,215.71999
2018-05-02 10:30:00,217.45001
2018-05-02 10:45:00,215.24
2018-05-02 11:00:00,217.14
2018-05-02 11:15:00,215.6
2018-05-02 11:30:00,217.02998
2018-05-02 11:45:00,217.15
2018-05-02 12:00:00,218.09
2018-05-02 12:15:00,218.07999
2018-05-02 12:30:00,212.09998
2018-05-02 12:45:00,208.14
2018-05-02 13:00:00,207.9
2018-05-02 13:15:00,215.12999
2018-05-02 13:30:00,216.01001
2018-05-02 13:45:00,216.12
2018-05-02 14:00:00,213.91
2018-05-02 14:15:00,211.65
2018-05-02 14:30:00,213.97
2018-05-02 14:45:00,213.63
2018-05-02 15:00:00,212.87
2018-05-02 15:15:00,216.26001
2018-05-02 15:30:00,211.26997
2018-05-02 15:45:00,209.55
2018-05-02 16:00:00,210.9
2018-05-02 16:15:00,205.86
2018-05-02 16:30:00,204.18
2018-05-02 16:45:00,212.62
2018-05-02 17:00:00,205.16
2018-05-02 17:15:00,202.26999
2018-05-02 17:30:00,184.70001
2018-05-02 17:45:00,168.04999
2018-05-02 18:00:00,169.91
2018-05-02 18:15:00,169.45999
2018-05-02 18:30:00,147.45
2018-05-02 18:45:00,135.14
2018-05-02 19:00:00,147.75998
2018-05-02 19:15:00,139.68001
2018-05-02 19:30:00,131.48
2018-05-02 19:45:00,110.05
2018-05-02 20:00:00,93.92
2018-05-02 20:15:00,103.09
2018-05-02 20:30:00,97.25
2018-05-02 20:45:00,121.68
2018-05-02 21:00:00,119.11
2018-05-02 21:15:00,113.53
2018-05-02 21:30:00,129.65
2018-05-02 21:45:00,206.95001
2018-05-02 22:00:00,203.37
2018-05-02 22:15:00,129.44
2018-05-02 22:30:00,92.83
2018-05-02 22:45:00,128.56
2018-05-02 23:00:00,194.96
2018-05-02 23:15:00,163.15
2018-05-02 23:30:00,140.09
2018-05-02 23:45:00,67.13
2018-05-03 00:00:00,85.490005
2018-05-03 00:15:00,51.21
2018-05-03 00:30:00,40.64
2018-05-03 00:45:00,52.98
2018-05-03 01:00:00,46.730003
2018-05-03 01:15:00,68.73
2018-05-03 01:30:00,49.58
2018-05-03 01:45:00,62.59
2018-05-03 02:00:00,131.33
2018-05-03 02:15:00,114.64
2018-05-03 02:30:00,133.09
2018-05-03 02:45:00,128.45999
2018-05-03 03:00:00,85.56
2018-05-03 03:15:00,48.73
2018-05-03 03:30:00,24.74
2018-05-03 03:45:00,7.63
2018-05-03 04:00:00,2.22
2018-05-03 04:15:00,22.01
2018-05-03 04:30:00,51.379997
2018-05-03 04:45:00,55.309998
2018-05-03 05:00:00,38.93
2018-05-03 05:15:00,24.130001
2018-05-03 05:30:00,17.45
2018-05-03 05:45:00,24.65
2018-05-03 06:00:00,72.22
2018-05-03 06:15:00,16.25
2018-05-03 06:30:00,0.0
2018-05-03 06:45:00,72.71
2018-05-03 07:00:00,128.73999
2018-05-03 07:15:00,113.53
2018-05-03 07:30:00,170.70001
2018-05-03 07:45:00,201.26999
2018-05-03 08:00:00,192.84
2018-05-03 08:15:00,198.66998
2018-05-03 08:30:00,192.59
2018-05-03 08:45:00,193.15
2018-05-03 09:00:00,192.93
2018-05-03 09:15:00,175.15
2018-05-03 09:30:00,151.9
2018-05-03 09:45:00,154.59
2018-05-03 10:00:00,130.89
2018-05-03 10:15:00,103.78
2018-05-03 10:30:00,77.75
2018-05-03 10:45:00,53.239998
2018-05-03 11:00:00,34.84
2018-05-03 11:15:00,19.1
2018-05-03 11:30:00,13.51
2018-05-03 11:45:00,31.13
2018-05-03 12:00:00,12.02
2018-05-03 12:15:00,21.16
2018-05-03 12:30:00,20.39
2018-05-03 12:45:00,27.52
2018-05-03 13:00:00,17.560001
2018-05-03 13:15:00,10.35
2018-05-03 13:30:00,6.17
2018-05-03 13:45:00,3.11
2018-05-03 14:00:00,3.24
2018-05-03 14:15:00,4.21
2018-05-03 14:30:00,7.25
2018-05-03 14:45:00,16.57
2018-05-03 15:00:00,40.9
2018-05-03 15:15:00,36.95
2018-05-03 15:30:00,42.43
2018-05-03 15:45:00,52.39
2018-05-03 16:00:00,34.14
2018-05-03 16:15:00,38.690002
2018-05-03 16:30:00,40.63
2018-05-03 16:45:00,27.08
2018-05-03 17:00:00,21.11
2018-05-03 17:15:00,24.1
2018-05-03 17:30:00,26.97
2018-05-03 17:45:00,35.129997
2018-05-03 18:00:00,34.050003
2018-05-03 18:15:00,35.879997
2018-05-03 18:30:00,24.029999
2018-05-03 18:45:00,27.33
2018-05-03 19:00:00,26.99
2018-05-03 19:15:00,26.099998
2018-05-03 19:30:00,39.04
2018-05-03 19:45:00,33.12
2018-05-03 20:00:00,19.92
2018-05-03 20:15:00,20.119999
2018-05-03 20:30:00,15.440001
2018-05-03 20:45:00,15.91
2018-05-03 21:00:00,22.220001
2018-05-03 21:15:00,26.84
2018-05-03 21:30:00,14.65
2018-05-03 21:45:00,37.24
2018-05-03 22:00:00,21.23
2018-05-03 22:15:00,4.93
2018-05-03 22:30:00,5.48
2018-05-03 22:45:00,4.64
2018-05-03 23:00:00,17.33
2018-05-03 23:15:00,13.17
2018-05-03 23:30:00,5.8900003
2018-05-03 23:45:00,5.4700003
2018-05-04 00:00:00,6.57
2018-05-04 00:15:00,3.04
2018-05-04 00:30:00,0.25
2018-05-04 00:45:00,0.27
2018-05-04 01:00:00,0.43
2018-05-04 01:15:00,0.61
2018-05-04 01:30:00,1.5500001
2018-05-04 01:45:00,6.71
2018-05-04 02:00:00,2.08
2018-05-04 02:15:00,0.67
2018-05-04 02:30:00,1.1800001
2018-05-04 02:45:00,7.3399997
2018-05-04 03:00:00,5.33
2018-05-04 03:15:00,1.9200001
2018-05-04 03:30:00,0.0
2018-05-04 03:45:00,0.0
2018-05-04 04:00:00,0.0
2018-05-04 04:15:00,0.0
2018-05-04 04:30:00,0.16
2018-05-04 04:45:00,1.3
2018-05-04 05:00:00,12.070001
2018-05-04 05:15:00,15.99
2018-05-04 05:30:00,12.27
2018-05-04 05:45:00,6.4800005
2018-05-04 06:00:00,13.06
2018-05-04 06:15:00,25.67
2018-05-04 06:30:00,26.630001
2018-05-04 06:45:00,27.38
2018-05-04 07:00:00,16.5
2018-05-04 07:15:00,0.0
2018-05-04 07:30:00,5.7200003
2018-05-04 07:45:00,9.889999
2018-05-04 08:00:00,3.3999999
2018-05-04 08:15:00,0.88
2018-05-04 08:30:00,0.36
2018-05-04 08:45:00,4.8399997
2018-05-04 09:00:00,16.99
2018-05-04 09:15:00,19.26
2018-05-04 09:30:00,67.35
2018-05-04 09:45:00,122.61
2018-05-04 10:00:00,74.59
2018-05-04 10:15:00,39.15
2018-05-04 10:30:00,30.449999
2018-05-04 10:45:00,33.67
2018-05-04 11:00:00,29.48
2018-05-04 11:15:00,21.8
2018-05-04 11:30:00,67.21
2018-05-04 11:45:00,73.34
2018-05-04 12:00:00,79.7
2018-05-04 12:15:00,68.35
2018-05-04 12:30:00,62.35
2018-05-04 12:45:00,46.68
2018-05-04 13:00:00,72.149994
2018-05-04 13:15:00,90.43
2018-05-04 13:30:00,140.89
2018-05-04 13:45:00,120.2
2018-05-04 14:00:00,139.38
2018-05-04 14:15:00,121.81
2018-05-04 14:30:00,132.84
2018-05-04 14:45:00,82.740005
2018-05-04 15:00:00,105.28
2018-05-04 15:15:00,99.630005
2018-05-04 15:30:00,116.36
2018-05-04 15:45:00,130.73999
2018-05-04 16:00:00,125.880005
2018-05-04 16:15:00,100.72
2018-05-04 16:30:00,76.600006
2018-05-04 16:45:00,86.93
2018-05-04 17:00:00,86.11
2018-05-04 17:15:00,121.399994
2018-05-04 17:30:00,87.149994
2018-05-04 17:45:00,91.5
2018-05-04 18:00:00,78.350006
2018-05-04 18:15:00,83.42
2018-05-04 18:30:00,66.59
2018-05-04 18:45:00,46.300003
2018-05-04 19:00:00,33.96
2018-05-04 19:15:00,26.31
2018-05-04 19:30:00,21.529999
2018-05-04 19:45:00,18.369999
2018-05-04 20:00:00,12.22
2018-05-04 20:15:00,13.71
2018-05-04 20:30:00,6.14
2018-05-04 20:45:00,4.39
2018-05-04 21:00:00,2.35
2018-05-04 21:15:00,0.49
2018-05-04 21:30:00,0.0
2018-05-04 21:45:00,0.0
2018-05-04 22:00:00,0.0
2018-05-04 22:15:00,0.0
2018-05-04 22:30:00,0.0
2018-05-04 22:45:00,0.0
2018-05-04 23:00:00,0.0
2018-05-04 23:15:00,0.22
2018-05-04 23:30:00,0.83
2018-05-04 23:45:00,13.440001
2018-05-05 00:00:00,8.01
2018-05-05 00:15:00,0.0
2018-05-05 00:30:00,0.0
2018-05-05 00:45:00,0.0
2018-05-05 01:00:00,0.0
2018-05-05 01:15:00,0.0
2018-05-05 01:30:00,0.0
2018-05-05 01:45:00,0.0
2018-05-05 02:00:00,0.0
2018-05-05 02:15:00,0.0
2018-05-05 02:30:00,0.0
2018-05-05 02:45:00,0.0
2018-05-05 03:00:00,0.0
2018-05-05 03:15:00,0.35
2018-05-05 03:30:00,3.21
2018-05-05 03:45:00,0.0
2018-05-05 04:00:00,0.0
2018-05-05 04:15:00,0.0
2018-05-05 04:30:00,0.0
2018-05-05 04:45:00,6.0
2018-05-05 05:00:00,0.0
2018-05-05 05:15:00,0.0
2018-05-05 05:30:00,0.0
2018-05-05 05:45:00,0.0
2018-05-05 06:00:00,0.0
2018-05-05 06:15:00,0.0
2018-05-05 06:30:00,0.0
2018-05-05 06:45:00,0.0
2018-05-05 07:00:00,0.0
2018-05-05 07:15:00,0.0
2018-05-05 07:30:00,0.0
2018-05-05 07:45:00,0.0
2018-05-05 08:00:00,0.0
2018-05-05 08:15:00,7.1
2018-05-05 08:30:00,0.13
2018-05-05 08:45:00,0.14
2018-05-05 09:00:00,0.01
2018-05-05 09:15:00,6.0
2018-05-05 09:30:00,7.37
2018-05-05 09:45:00,0.0
2018-05-05 10:00:00,0.0
2018-05-05 10:15:00,0.0
2018-05-05 10:30:00,0.0
2018-05-05 10:45:00,0.0
2018-05-05 11:00:00,0.0
2018-05-05 11:15:00,0.0
2018-05-05 11:30:00,0.0
2018-05-05 11:45:00,0.0
2018-05-05 12:00:00,0.0
2018-05-05 12:15:00,0.44
2018-05-05 12:30:00,0.0
2018-05-05 12:45:00,10.77
2018-05-05 13:00:00,0.29
2018-05-05 13:15:00,0.51
2018-05-05 13:30:00,0.55
2018-05-05 13:45:00,0.17
2018-05-05 14:00:00,0.0
2018-05-05 14:15:00,0.0
2018-05-05 14:30:00,0.0
2018-05-05 14:45:00,0.0
2018-05-05 15:00:00,0.0
2018-05-05 15:15:00,0.0
2018-05-05 15:30:00,0.0
2018-05-05 15:45:00,0.0
2018-05-05 16:00:00,0.0
2018-05-05 16:15:00,0.0
2018-05-05 16:30:00,0.0
2018-05-05 16:45:00,0.92
2018-05-05 17:00:00,0.35
2018-05-05 17:15:00,7.2700005
2018-05-05 17:30:00,12.549999
2018-05-05 17:45:00,17.29
2018-05-05 18:00:00,11.79
2018-05-05 18:15:00,15.120001
2018-05-05 18:30:00,9.19
2018-05-05 18:45:00,9.07
2018-05-05 19:00:00,8.86
2018-05-05 19:15:00,9.76
2018-05-05 19:30:00,8.950001
2018-05-05 19:45:00,4.43
2018-05-05 20:00:00,4.98
2018-05-05 20:15:00,9.7
2018-05-05 20:30:00,2.9
2018-05-05 20:45:00,10.26
2018-05-05 21:00:00,10.28
2018-05-05 21:15:00,17.85
2018-05-05 21:30:00,7.9900002
2018-05-05 21:45:00,6.29
2018-05-05 22:00:00,7.53
2018-05-05 22:15:00,7.43
2018-05-05 22:30:00,5.36
2018-05-05 22:45:00,0.70000005
2018-05-05 23:00:00,7.1400003
2018-05-05 23:15:00,1.55
2018-05-05 23:30:00,0.76
2018-05-05 23:45:00,0.26
2018-05-06 00:00:00,0.24
2018-05-06 00:15:00,1.29
2018-05-06 00:30:00,4.33
2018-05-06 00:45:00,7.2200003
2018-05-06 01:00:00,22.71
2018-05-06 01:15:00,26.04
2018-05-06 01:30:00,26.79
2018-05-06 01:45:00,25.619999
2018-05-06 02:00:00,19.15
2018-05-06 02:15:00,20.58
2018-05-06 02:30:00,20.92
2018-05-06 02:45:00,19.79
2018-05-06 03:00:00,26.87
2018-05-06 03:15:00,23.46
2018-05-06 03:30:00,25.61
2018-05-06 03:45:00,30.54
2018-05-06 04:00:00,28.66
2018-05-06 04:15:00,31.24
2018-05-06 04:30:00,35.55
2018-05-06 04:45:00,45.59
2018-05-06 05:00:00,43.71
2018-05-06 05:15:00,45.89
2018-05-06 05:30:00,49.120003
2018-05-06 05:45:00,43.989998
2018-05-06 06:00:00,43.18
2018-05-06 06:15:00,44.760002
2018-05-06 06:30:00,52.45
2018-05-06 06:45:00,59.96
2018-05-06 07:00:00,0.57
2018-05-06 07:15:00,0.0
2018-05-06 07:30:00,0.0
2018-05-06 07:45:00,0.0
2018-05-06 08:00:00,0.0
2018-05-06 08:15:00,0.0
2018-05-06 08:30:00,0.0
2018-05-06 08:45:00,0.0
2018-05-06 09:00:00,0.0
2018-05-06 09:15:00,0.0
2018-05-06 09:30:00,120.45
2018-05-06 09:45:00,87.53
2018-05-06 10:00:00,81.880005
2018-05-06 10:15:00,91.16
2018-05-06 10:30:00,88.72
2018-05-06 10:45:00,96.5
2018-05-06 11:00:00,88.899994
2018-05-06 11:15:00,83.97
2018-05-06 11:30:00,72.58
2018-05-06 11:45:00,81.75
2018-05-06 12:00:00,71.19
2018-05-06 12:15:00,57.57
2018-05-06 12:30:00,42.769997
2018-05-06 12:45:00,46.52
2018-05-06 13:00:00,56.53
2018-05-06 13:15:00,70.29
2018-05-06 13:30:00,61.47
2018-05-06 13:45:00,45.63
2018-05-06 14:00:00,47.68
2018-05-06 14:15:00,60.03
2018-05-06 14:30:00,58.629997
2018-05-06 14:45:00,43.050003
2018-05-06 15:00:00,39.690002
2018-05-06 15:15:00,28.98
2018-05-06 15:30:00,24.75
2018-05-06 15:45:00,19.07
2018-05-06 16:00:00,16.41
2018-05-06 16:15:00,14.040001
2018-05-06 16:30:00,10.8
2018-05-06 16:45:00,6.45
2018-05-06 17:00:00,2.28
2018-05-06 17:15:00,0.41
2018-05-06 17:30:00,0.0
2018-05-06 17:45:00,0.0
2018-05-06 18:00:00,0.0
2018-05-06 18:15:00,0.0
2018-05-06 18:30:00,0.0
2018-05-06 18:45:00,0.0
2018-05-06 19:00:00,0.0
2018-05-06 19:15:00,0.0
2018-05-06 19:30:00,0.0
2018-05-06 19:45:00,0.0
2018-05-06 20:00:00,4.8
2018-05-06 20:15:00,8.16
2018-05-06 20:30:00,1.24
2018-05-06 20:45:00,2.14
2018-05-06 21:00:00,5.94
2018-05-06 21:15:00,8.280001
2018-05-06 21:30:00,12.48
2018-05-06 21:45:00,11.16
2018-05-06 22:00:00,11.889999
2018-05-06 22:15:00,10.98
2018-05-06 22:30:00,12.96
2018-05-06 22:45:00,11.74
2018-05-06 23:00:00,15.14
2018-05-06 23:15:00,25.0
2018-05-06 23:30:00,25.82
2018-05-06 23:45:00,20.220001
2018-05-07 00:00:00,21.39
2018-05-07 00:15:00,18.150002
2018-05-07 00:30:00,14.4
2018-05-07 00:45:00,14.42
2018-05-07 01:00:00,22.95
2018-05-07 01:15:00,30.41
2018-05-07 01:30:00,36.68
2018-05-07 01:45:00,39.99
2018-05-07 02:00:00,42.800003
2018-05-07 02:15:00,35.9
2018-05-07 02:30:00,35.730003
2018-05-07 02:45:00,44.870003
2018-05-07 03:00:00,55.83
2018-05-07 03:15:00,64.07
2018-05-07 03:30:00,61.940002
2018-05-07 03:45:00,64.22
2018-05-07 04:00:00,74.83
2018-05-07 04:15:00,98.8
2018-05-07 04:30:00,116.45
2018-05-07 04:45:00,131.2
2018-05-07 05:00:00,146.53
2018-05-07 05:15:00,149.0
2018-05-07 05:30:00,163.03998
2018-05-07 05:45:00,171.04001
2018-05-07 06:00:00,159.6
2018-05-07 06:15:00,154.19
2018-05-07 06:30:00,153.66998
2018-05-07 06:45:00,32.53
2018-05-07 07:00:00,49.620003
2018-05-07 07:15:00,0.0
2018-05-07 07:30:00,0.0
2018-05-07 07:45:00,0.0
2018-05-07 08:00:00,0.0
2018-05-07 08:15:00,0.0
2018-05-07 08:30:00,3.1100001
2018-05-07 08:45:00,0.0
2018-05-07 09:00:00,0.0
2018-05-07 09:15:00,62.41
2018-05-07 09:30:00,130.52
2018-05-07 09:45:00,119.4
2018-05-07 10:00:00,74.47
2018-05-07 10:15:00,126.77998
2018-05-07 10:30:00,115.11
2018-05-07 10:45:00,106.56
2018-05-07 11:00:00,97.979996
2018-05-07 11:15:00,103.03
2018-05-07 11:30:00,119.97
2018-05-07 11:45:00,119.28
2018-05-07 12:00:00,124.130005
2018-05-07 12:15:00,124.630005
2018-05-07 12:30:00,119.94
2018-05-07 12:45:00,120.19
2018-05-07 13:00:00,120.630005
2018-05-07 13:15:00,105.619995
2018-05-07 13:30:00,96.4
2018-05-07 13:45:00,83.46
2018-05-07 14:00:00,72.33
2018-05-07 14:15:00,73.31
2018-05-07 14:30:00,62.55
2018-05-07 14:45:00,60.19
2018-05-07 15:00:00,51.769997
2018-05-07 15:15:00,47.559998
2018-05-07 15:30:00,50.739998
2018-05-07 15:45:00,52.25
2018-05-07 16:00:00,49.39
2018-05-07 16:15:00,54.11
2018-05-07 16:30:00,56.379997
2018-05-07 16:45:00,59.980003
2018-05-07 17:00:00,62.559998
2018-05-07 17:15:00,58.88
2018-05-07 17:30:00,63.5
2018-05-07 17:45:00,76.65
2018-05-07 18:00:00,91.32
2018-05-07 18:15:00,103.67
2018-05-07 18:30:00,85.04
2018-05-07 18:45:00,76.520004
2018-05-07 19:00:00,75.880005
2018-05-07 19:15:00,79.5
2018-05-07 19:30:00,80.259995
2018-05-07 19:45:00,86.66
2018-05-07 20:00:00,99.130005
2018-05-07 20:15:00,86.759995
2018-05-07 20:30:00,100.27
2018-05-07 20:45:00,99.44
2018-05-07 21:00:00,82.61
2018-05-07 21:15:00,82.42
2018-05-07 21:30:00,95.770004
2018-05-07 21:45:00,99.03
2018-05-07 22:00:00,94.93
2018-05-07 22:15:00,100.0
2018-05-07 22:30:00,80.93
2018-05-07 22:45:00,93.01
2018-05-07 23:00:00,83.23
2018-05-07 23:15:00,84.4
2018-05-07 23:30:00,82.06
2018-05-07 23:45:00,79.009995
2018-05-08 00:00:00,75.62
2018-05-08 00:15:00,77.46
2018-05-08 00:30:00,67.369995
2018-05-08 00:45:00,62.299995
2018-05-08 01:00:00,58.91
2018-05-08 01:15:00,63.67
2018-05-08 01:30:00,61.839996
2018-05-08 01:45:00,58.0
2018-05-08 02:00:00,59.47
2018-05-08 02:15:00,78.25
2018-05-08 02:30:00,8.03
2018-05-08 02:45:00,28.7
2018-05-08 03:00:00,0.0
2018-05-08 03:15:00,0.0
2018-05-08 03:30:00,0.0
2018-05-08 03:45:00,44.190002
2018-05-08 04:00:00,89.880005
2018-05-08 04:15:00,97.22
2018-05-08 04:30:00,103.46
2018-05-08 04:45:00,105.82
2018-05-08 05:00:00,123.64
2018-05-08 05:15:00,132.7
2018-05-08 05:30:00,147.39
2018-05-08 05:45:00,166.48001
2018-05-08 06:00:00,184.37999
2018-05-08 06:15:00,0.26999998
2018-05-08 06:30:00,0.0
2018-05-08 06:45:00,0.0
2018-05-08 07:00:00,0.0
2018-05-08 07:15:00,0.0
2018-05-08 07:30:00,0.0
2018-05-08 07:45:00,0.0
2018-05-08 08:00:00,0.0
2018-05-08 08:15:00,0.0
2018-05-08 08:30:00,0.0
2018-05-08 08:45:00,0.0
2018-05-08 09:00:00,0.0
2018-05-08 09:15:00,0.0
2018-05-08 09:30:00,0.0
2018-05-08 09:45:00,0.0
2018-05-08 10:00:00,0.0
2018-05-08 10:15:00,72.83
2018-05-08 10:30:00,217.93
2018-05-08 10:45:00,219.22
2018-05-08 11:00:00,219.53998
2018-05-08 11:15:00,220.43
2018-05-08 11:30:00,223.60999
2018-05-08 11:45:00,223.98999
2018-05-08 12:00:00,222.54999
2018-05-08 12:15:00,223.47998
2018-05-08 12:30:00,223.20999
2018-05-08 12:45:00,220.31
2018-05-08 13:00:00,220.23999
2018-05-08 13:15:00,218.47
2018-05-08 13:30:00,217.79999
2018-05-08 13:45:00,215.94
2018-05-08 14:00:00,215.32999
2018-05-08 14:15:00,210.5
2018-05-08 14:30:00,211.88
2018-05-08 14:45:00,212.24998
2018-05-08 15:00:00,213.32999
2018-05-08 15:15:00,212.01999
2018-05-08 15:30:00,209.25
2018-05-08 15:45:00,132.59
2018-05-08 16:00:00,95.22
2018-05-08 16:15:00,16.65
2018-05-08 16:30:00,197.57999
2018-05-08 16:45:00,205.76001
2018-05-08 17:00:00,10.469999
2018-05-08 17:15:00,0.0
2018-05-08 17:30:00,12.13
2018-05-08 17:45:00,158.65
2018-05-08 18:00:00,190.32
2018-05-08 18:15:00,209.76999
2018-05-08 18:30:00,0.48
2018-05-08 18:45:00,74.01
2018-05-08 19:00:00,200.23999
2018-05-08 19:15:00,195.14
2018-05-08 19:30:00,202.48001
2018-05-08 19:45:00,197.31
2018-05-08 20:00:00,200.09998
2018-05-08 20:15:00,207.82999
2018-05-08 20:30:00,206.83
2018-05-08 20:45:00,203.17
2018-05-08 21:00:00,200.91
2018-05-08 21:15:00,187.62
2018-05-08 21:30:00,191.28
2018-05-08 21:45:00,189.5
2018-05-08 22:00:00,175.56
2018-05-08 22:15:00,137.11
2018-05-08 22:30:00,103.119995
2018-05-08 22:45:00,86.03999
2018-05-08 23:00:00,66.65
2018-05-08 23:15:00,40.87
2018-05-08 23:30:00,54.77
2018-05-08 23:45:00,150.18
2018-05-09 00:00:00,116.34
2018-05-09 00:15:00,119.03999
2018-05-09 00:30:00,106.74
2018-05-09 00:45:00,116.240005
2018-05-09 01:00:00,129.18
2018-05-09 01:15:00,123.42
2018-05-09 01:30:00,136.26999
2018-05-09 01:45:00,107.020004
2018-05-09 02:00:00,153.93
2018-05-09 02:15:00,152.07999
2018-05-09 02:30:00,163.13
2018-05-09 02:45:00,175.81
2018-05-09 03:00:00,192.12
2018-05-09 03:15:00,206.85
2018-05-09 03:30:00,200.45001
2018-05-09 03:45:00,165.47998
2018-05-09 04:00:00,188.03
2018-05-09 04:15:00,217.82999
2018-05-09 04:30:00,218.73
2018-05-09 04:45:00,218.28
2018-05-09 05:01:00,215.89
2018-05-09 05:15:00,211.92
2018-05-09 05:30:00,207.07
2018-05-09 05:45:00,211.10999
2018-05-09 06:00:00,201.12
2018-05-09 06:15:00,177.10999
2018-05-09 06:30:00,189.65
2018-05-09 06:45:00,175.46999
2018-05-09 07:00:00,183.81
2018-05-09 07:15:00,191.34999
2018-05-09 07:30:00,188.04999
2018-05-09 07:45:00,201.65
2018-05-09 08:00:00,208.42001
2018-05-09 08:15:00,208.54001
2018-05-09 08:30:00,202.48
2018-05-09 08:45:00,209.20999
2018-05-09 09:00:00,209.57
2018-05-09 09:15:00,210.18999
2018-05-09 09:30:00,209.94
2018-05-09 09:45:00,210.15
2018-05-09 10:00:00,212.01
2018-05-09 10:15:00,210.67
2018-05-09 10:30:00,210.66
2018-05-09 10:45:00,210.25
2018-05-09 11:00:00,207.92
2018-05-09 11:15:00,202.93
2018-05-09 11:30:00,212.71999
2018-05-09 11:45:00,221.76001
2018-05-09 12:00:00,221.41
2018-05-09 12:15:00,218.66
2018-05-09 12:30:00,220.53998
2018-05-09 12:45:00,217.76999
2018-05-09 13:00:00,216.75
2018-05-09 13:15:00,213.22998
2018-05-09 13:30:00,205.54999
2018-05-09 13:45:00,167.07999
2018-05-09 14:00:00,12.070001
2018-05-09 14:15:00,13.04
2018-05-09 14:30:00,20.66
2018-05-09 14:45:00,19.49
2018-05-09 15:00:00,21.59
2018-05-09 15:15:00,29.199999
2018-05-09 15:30:00,29.51
2018-05-09 15:45:00,64.88
2018-05-09 16:00:00,58.16
2018-05-09 16:15:00,76.33
2018-05-09 16:30:00,91.990005
2018-05-09 16:45:00,94.01
2018-05-09 17:00:00,115.619995
2018-05-09 17:15:00,131.04001
2018-05-09 17:30:00,130.49
2018-05-09 17:45:00,144.72
2018-05-09 18:00:00,149.87
2018-05-09 18:15:00,151.94
2018-05-09 18:30:00,154.43
2018-05-09 18:45:00,151.2
2018-05-09 19:00:00,158.1
2018-05-09 19:15:00,156.11
2018-05-09 19:30:00,162.57
2018-05-09 19:45:00,165.86
2018-05-09 20:00:00,165.58
2018-05-09 20:15:00,157.29999
2018-05-09 20:30:00,153.03
2018-05-09 20:45:00,164.10999
2018-05-09 21:00:00,0.57000005
2018-05-09 21:15:00,88.41
2018-05-09 21:30:00,14.17
2018-05-09 21:45:00,0.0
2018-05-09 22:00:00,63.6
2018-05-09 22:15:00,186.26
2018-05-09 22:30:00,182.6
2018-05-09 22:45:00,183.01999
2018-05-09 23:00:00,181.51999
2018-05-09 23:15:00,181.69
2018-05-09 23:30:00,184.35999
2018-05-09 23:45:00,165.34
2018-05-10 00:00:00,173.44
2018-05-10 00:15:00,166.45001
2018-05-10 00:30:00,158.57
2018-05-10 00:45:00,120.009995
2018-05-10 01:00:00,110.06
2018-05-10 01:15:00,123.78
2018-05-10 01:30:00,140.73001
2018-05-10 01:45:00,161.66
2018-05-10 02:00:00,157.53
2018-05-10 02:15:00,178.68999
2018-05-10 02:30:00,191.09
2018-05-10 02:45:00,203.79999
2018-05-10 03:00:00,207.81
2018-05-10 03:15:00,211.55
2018-05-10 03:30:00,214.01
2018-05-10 03:45:00,216.72
2018-05-10 04:00:00,219.76999
2018-05-10 04:15:00,219.55
2018-05-10 04:30:00,219.02998
2018-05-10 04:45:00,221.61
2018-05-10 05:00:00,219.79001
2018-05-10 05:15:00,220.28998
2018-05-10 05:30:00,220.59
2018-05-10 05:45:00,218.85
2018-05-10 06:00:00,217.70999
2018-05-10 06:15:00,217.97
2018-05-10 06:30:00,217.75
2018-05-10 06:45:00,218.15
2018-05-10 07:00:00,138.29
2018-05-10 07:15:00,201.48999
2018-05-10 07:30:00,137.87
2018-05-10 07:45:00,199.28
2018-05-10 08:00:00,211.19
2018-05-10 08:15:00,154.72
2018-05-10 08:30:00,0.0
2018-05-10 08:45:00,6.45
2018-05-10 09:00:00,197.57
2018-05-10 09:15:00,216.70999
2018-05-10 09:30:00,216.67
2018-05-10 09:45:00,216.82
2018-05-10 10:00:00,216.56
2018-05-10 10:15:00,216.13998
2018-05-10 10:30:00,217.63
2018-05-10 10:45:00,217.87
2018-05-10 11:00:00,217.69
2018-05-10 11:15:00,217.59
2018-05-10 11:30:00,218.18
2018-05-10 11:45:00,216.09
2018-05-10 12:00:00,205.39
2018-05-10 12:15:00,199.23999
2018-05-10 12:30:00,192.93
2018-05-10 12:45:00,199.39
2018-05-10 13:00:00,200.98001
2018-05-10 13:15:00,201.98999
2018-05-10 13:30:00,204.84
2018-05-10 13:45:00,205.70999
2018-05-10 14:00:00,208.21999
2018-05-10 14:15:00,204.07
2018-05-10 14:30:00,205.08
2018-05-10 14:45:00,208.41998
2018-05-10 15:00:00,208.42
2018-05-10 15:15:00,200.03998
2018-05-10 15:30:00,194.26999
2018-05-10 15:45:00,194.31998
2018-05-10 16:00:00,176.8
2018-05-10 16:15:00,172.69
2018-05-10 16:30:00,172.24998
2018-05-10 16:45:00,175.98999
2018-05-10 17:00:00,173.06
2018-05-10 17:15:00,174.72
2018-05-10 17:30:00,176.93
2018-05-10 17:45:00,183.27998
2018-05-10 18:00:00,180.81
2018-05-10 18:15:00,174.51
2018-05-10 18:30:00,176.01
2018-05-10 18:45:00,165.01997
2018-05-10 19:00:00,156.06
2018-05-10 19:15:00,174.44
2018-05-10 19:30:00,163.95999
2018-05-10 19:45:00,161.20999
2018-05-10 20:00:00,169.95999
2018-05-10 20:15:00,179.22
2018-05-10 20:30:00,189.51001
2018-05-10 20:45:00,192.86
2018-05-10 21:00:00,193.57999
2018-05-10 21:15:00,192.15
2018-05-10 21:30:00,199.28
2018-05-10 21:45:00,203.43
2018-05-10 22:00:00,200.56
2018-05-10 22:15:00,201.93999
2018-05-10 22:30:00,203.23
2018-05-10 22:45:00,205.25
2018-05-10 23:00:00,201.17
2018-05-10 23:15:00,202.87
2018-05-10 23:30:00,205.95999
2018-05-10 23:45:00,199.95999
2018-05-11 00:00:00,205.54999
2018-05-11 00:15:00,211.05
2018-05-11 00:30:00,213.38998
2018-05-11 00:45:00,211.7
2018-05-11 01:00:00,209.45999
2018-05-11 01:15:00,211.51999
2018-05-11 01:30:00,212.50998
2018-05-11 01:45:00,213.73001
2018-05-11 02:00:00,212.16
2018-05-11 02:15:00,212.37
2018-05-11 02:30:00,214.54001
2018-05-11 02:45:00,215.73999
2018-05-11 03:00:00,215.86
2018-05-11 03:15:00,213.46999
2018-05-11 03:30:00,216.67
2018-05-11 03:45:00,216.48
2018-05-11 04:00:00,216.57
2018-05-11 04:15:00,216.59
2018-05-11 04:30:00,216.44
2018-05-11 04:45:00,215.02998
2018-05-11 05:00:00,215.33
2018-05-11 05:15:00,214.97
2018-05-11 05:30:00,215.21
2018-05-11 05:45:00,215.36
2018-05-11 06:00:00,215.45
2018-05-11 06:15:00,214.95999
2018-05-11 06:30:00,212.38
2018-05-11 06:45:00,213.91
2018-05-11 07:00:00,214.01999
2018-05-11 07:15:00,213.09
2018-05-11 07:30:00,214.10999
2018-05-11 07:45:00,211.93
2018-05-11 08:00:00,97.270004
2018-05-11 08:15:00,199.37
2018-05-11 08:30:00,215.11
2018-05-11 08:45:00,215.31
2018-05-11 09:00:00,215.48999
2018-05-11 09:15:00,215.35999
2018-05-11 09:30:00,215.15
2018-05-11 09:45:00,212.69
2018-05-11 10:00:00,215.45001
2018-05-11 10:15:00,215.35
2018-05-11 10:30:00,215.29999
2018-05-11 10:45:00,215.38
2018-05-11 11:00:00,214.54999
2018-05-11 11:15:00,207.66
2018-05-11 11:30:00,215.28
2018-05-11 11:45:00,215.04999
2018-05-11 12:00:00,216.64
2018-05-11 12:15:00,216.04999
2018-05-11 12:30:00,219.66998
2018-05-11 12:45:00,218.55
2018-05-11 13:00:00,219.33
2018-05-11 13:15:00,220.82
2018-05-11 13:30:00,221.1
2018-05-11 13:45:00,219.62
2018-05-11 14:00:00,219.38998
2018-05-11 14:15:00,215.45999
2018-05-11 14:30:00,215.34
2018-05-11 14:45:00,219.18
2018-05-11 15:00:00,217.03
2018-05-11 15:15:00,0.31
2018-05-11 15:30:00,210.45
2018-05-11 15:45:00,207.76001
2018-05-11 16:00:00,205.41998
2018-05-11 16:15:00,202.79999
2018-05-11 16:30:00,204.51999
2018-05-11 16:45:00,206.91
2018-05-11 17:00:00,207.33997
2018-05-11 17:15:00,208.59998
2018-05-11 17:30:00,212.37
2018-05-11 17:45:00,213.4
2018-05-11 18:00:00,209.22
2018-05-11 18:15:00,210.85
2018-05-11 18:30:00,210.48999
2018-05-11 18:45:00,215.45999
2018-05-11 19:00:00,216.46999
2018-05-11 19:15:00,211.73001
2018-05-11 19:30:00,213.72
2018-05-11 19:45:00,211.16
2018-05-11 20:00:00,209.34
2018-05-11 20:15:00,201.99998
2018-05-11 20:30:00,198.99998
2018-05-11 20:45:00,193.73999
2018-05-11 21:00:00,196.4
2018-05-11 21:15:00,190.88998
2018-05-11 21:30:00,187.23999
2018-05-11 21:45:00,189.06
2018-05-11 22:00:00,196.94
2018-05-11 22:15:00,200.45001
2018-05-11 22:30:00,202.01999
2018-05-11 22:45:00,201.45
2018-05-11 23:00:00,200.08
2018-05-11 23:15:00,126.23
2018-05-11 23:30:00,204.6
2018-05-11 23:45:00,209.29001
2018-05-12 00:00:00,209.12
2018-05-12 00:15:00,206.21999
2018-05-12 00:30:00,200.66
2018-05-12 00:45:00,203.85999
2018-05-12 01:00:00,184.71
2018-05-12 01:15:00,184.56998
2018-05-12 01:30:00,188.58
2018-05-12 01:45:00,192.43
2018-05-12 02:00:00,183.25
2018-05-12 02:15:00,197.52
2018-05-12 02:30:00,212.06
2018-05-12 02:45:00,214.48
2018-05-12 03:00:00,215.07
2018-05-12 03:15:00,211.84
2018-05-12 03:30:00,217.03998
2018-05-12 03:45:00,218.51001
2018-05-12 04:00:00,219.31
2018-05-12 04:15:00,220.73
2018-05-12 04:30:00,220.97
2018-05-12 04:45:00,219.45
2018-05-12 05:00:00,221.25
2018-05-12 05:15:00,221.19998
2018-05-12 05:30:00,220.87
2018-05-12 05:45:00,219.70999
2018-05-12 06:00:00,220.95999
2018-05-12 06:15:00,221.04999
2018-05-12 06:30:00,220.82999
2018-05-12 06:45:00,221.63
2018-05-12 07:00:00,221.35
2018-05-12 07:15:00,221.18
2018-05-12 07:30:00,221.2
2018-05-12 07:45:00,221.06
2018-05-12 08:00:00,221.31
2018-05-12 08:15:00,221.3
2018-05-12 08:30:00,221.13
2018-05-12 08:45:00,221.27998
2018-05-12 09:00:00,221.21999
2018-05-12 09:15:00,221.01001
2018-05-12 09:30:00,221.04001
2018-05-12 09:45:00,221.43999
2018-05-12 10:00:00,221.42
2018-05-12 10:15:00,220.89
2018-05-12 10:30:00,215.78
2018-05-12 10:45:00,217.69998
2018-05-12 11:00:00,217.59
2018-05-12 11:15:00,220.23999
2018-05-12 11:30:00,221.07
2018-05-12 11:45:00,221.38
2018-05-12 12:00:00,221.45999
2018-05-12 12:15:00,220.09
2018-05-12 12:30:00,221.29001
2018-05-12 12:45:00,220.03
2018-05-12 13:00:00,220.6
2018-05-12 13:15:00,220.59
2018-05-12 13:30:00,221.07999
2018-05-12 13:45:00,221.22
2018-05-12 14:00:00,140.89
2018-05-12 14:15:00,222.19
2018-05-12 14:30:00,221.61
2018-05-12 14:45:00,221.91
2018-05-12 15:00:00,219.73999
2018-05-12 15:15:00,216.73999
2018-05-12 15:30:00,213.35
2018-05-12 15:45:00,205.68
2018-05-12 16:00:00,199.70999
2018-05-12 16:15:00,191.82
2018-05-12 16:30:00,177.73001
2018-05-12 16:45:00,165.01001
2018-05-12 17:00:00,161.41
2018-05-12 17:15:00,141.22
2018-05-12 17:30:00,131.84
2018-05-12 17:45:00,116.42
2018-05-12 18:00:00,118.55
2018-05-12 18:15:00,100.520004
2018-05-12 18:30:00,112.19
2018-05-12 18:45:00,107.99
2018-05-12 19:00:00,88.22
2018-05-12 19:15:00,82.36
2018-05-12 19:30:00,78.39
2018-05-12 19:45:00,96.46
2018-05-12 20:00:00,78.869995
2018-05-12 20:15:00,95.22
2018-05-12 20:30:00,86.38
2018-05-12 20:45:00,89.82
2018-05-12 21:00:00,82.55
2018-05-12 21:15:00,96.7
2018-05-12 21:30:00,104.509995
2018-05-12 21:45:00,86.45
2018-05-12 22:00:00,101.83
2018-05-12 22:15:00,102.46
2018-05-12 22:30:00,91.57
2018-05-12 22:45:00,96.979996
2018-05-12 23:00:00,99.03999
2018-05-12 23:15:00,80.09
2018-05-12 23:30:00,78.57
2018-05-12 23:45:00,69.65
2018-05-13 00:00:00,54.13
2018-05-13 00:15:00,38.96
2018-05-13 00:30:00,57.96
2018-05-13 00:45:00,88.75
2018-05-13 01:00:00,87.47
2018-05-13 01:15:00,94.130005
2018-05-13 01:30:00,110.14
2018-05-13 01:45:00,144.25
2018-05-13 02:00:00,161.81
2018-05-13 02:15:00,160.41
2018-05-13 02:30:00,178.78
2018-05-13 02:45:00,189.20001
2018-05-13 03:00:00,184.49998
2018-05-13 03:15:00,183.72998
2018-05-13 03:30:00,169.48999
2018-05-13 03:45:00,177.71
2018-05-13 04:00:00,192.63
2018-05-13 04:15:00,197.45
2018-05-13 04:30:00,192.5
2018-05-13 04:45:00,193.04999
2018-05-13 05:00:00,197.12999
2018-05-13 05:15:00,197.79001
2018-05-13 05:30:00,201.73999
2018-05-13 05:45:00,204.78998
2018-05-13 06:00:00,202.63
2018-05-13 06:15:00,202.5
2018-05-13 06:30:00,204.31998
2018-05-13 06:45:00,208.85
2018-05-13 07:00:00,208.33
2018-05-13 07:15:00,210.15
2018-05-13 07:30:00,211.66
2018-05-13 07:45:00,210.43
2018-05-13 08:00:00,209.35
2018-05-13 08:15:00,210.62
2018-05-13 08:30:00,203.11
2018-05-13 08:45:00,197.38
2018-05-13 09:00:00,182.51001
2018-05-13 09:15:00,184.79999
2018-05-13 09:30:00,178.54001
2018-05-13 09:45:00,177.24998
2018-05-13 10:00:00,183.25998
2018-05-13 10:15:00,198.33
2018-05-13 10:30:00,206.01999
2018-05-13 10:45:00,204.3
2018-05-13 11:00:00,208.34
2018-05-13 11:15:00,205.03
2018-05-13 11:30:00,198.79001
2018-05-13 11:45:00,190.79001
2018-05-13 12:00:00,185.83
2018-05-13 12:15:00,172.01999
2018-05-13 12:30:00,177.93
2018-05-13 12:45:00,168.36
2018-05-13 13:00:00,142.92
2018-05-13 13:15:00,122.39
2018-05-13 13:30:00,114.20999
2018-05-13 13:45:00,116.42
2018-05-13 14:00:00,111.43
2018-05-13 14:15:00,123.850006
2018-05-13 14:30:00,149.48001
2018-05-13 14:45:00,154.36
2018-05-13 15:00:00,144.91
2018-05-13 15:15:00,136.73999
2018-05-13 15:30:00,142.44
2018-05-13 15:45:00,142.58
2018-05-13 16:00:00,138.44
2018-05-13 16:15:00,141.55
2018-05-13 16:30:00,142.5
2018-05-13 16:45:00,127.03
2018-05-13 17:00:00,121.34
2018-05-13 17:15:00,124.48
2018-05-13 17:30:00,123.74
2018-05-13 17:45:00,116.79
2018-05-13 18:00:00,100.67999
2018-05-13 18:15:00,88.72
2018-05-13 18:30:00,76.229996
2018-05-13 18:45:00,71.85
2018-05-13 19:00:00,71.14
2018-05-13 19:15:00,69.55
2018-05-13 19:30:00,82.03
2018-05-13 19:45:00,85.020004
2018-05-13 20:00:00,93.05
2018-05-13 20:15:00,81.31
2018-05-13 20:30:00,95.729996
2018-05-13 20:45:00,88.61
2018-05-13 21:00:00,80.72
2018-05-13 21:15:00,81.63
2018-05-13 21:30:00,77.119995
2018-05-13 21:45:00,74.49
2018-05-13 22:00:00,71.16
2018-05-13 22:15:00,73.729996
2018-05-13 22:30:00,71.06
2018-05-13 22:45:00,79.66
2018-05-13 23:00:00,65.74
2018-05-13 23:15:00,79.369995
2018-05-13 23:30:00,104.79
2018-05-13 23:45:00,111.369995
2018-05-14 00:00:00,99.39
2018-05-14 00:15:00,92.05
2018-05-14 00:30:00,68.03
2018-05-14 00:45:00,70.090004
2018-05-14 01:00:00,73.0
2018-05-14 01:15:00,78.74
2018-05-14 01:30:00,105.91
2018-05-14 01:45:00,133.29001
2018-05-14 02:00:00,163.81
2018-05-14 02:15:00,158.07
2018-05-14 02:30:00,133.37
2018-05-14 02:45:00,145.93
2018-05-14 03:00:00,151.24998
2018-05-14 03:15:00,143.23001
2018-05-14 03:30:00,141.28
2018-05-14 03:45:00,119.61
2018-05-14 04:00:00,109.97
2018-05-14 04:15:00,102.41
2018-05-14 04:30:00,104.399994
2018-05-14 04:45:00,103.06
2018-05-14 05:00:00,98.91
2018-05-14 05:15:00,97.020004
2018-05-14 05:30:00,89.880005
2018-05-14 05:45:00,90.36
2018-05-14 06:00:00,88.899994
2018-05-14 06:15:00,83.899994
2018-05-14 06:30:00,85.899994
2018-05-14 06:45:00,100.33
2018-05-14 07:00:00,120.03
2018-05-14 07:15:00,126.85
2018-05-14 07:30:00,138.39
2018-05-14 07:45:00,132.52
2018-05-14 08:00:00,162.63
2018-05-14 08:15:00,160.92
2018-05-14 08:30:00,162.67
2018-05-14 08:45:00,167.35
2018-05-14 09:00:00,161.95
2018-05-14 09:15:00,176.35
2018-05-14 09:30:00,177.20001
2018-05-14 09:45:00,190.14
2018-05-14 10:00:00,196.07999
2018-05-14 10:15:00,194.14
2018-05-14 10:30:00,190.90997
2018-05-14 10:45:00,185.14
2018-05-14 11:00:00,186.83
2018-05-14 11:15:00,188.25998
2018-05-14 11:30:00,181.20999
2018-05-14 11:45:00,183.15
2018-05-14 12:00:00,182.89
2018-05-14 12:15:00,169.09999
2018-05-14 12:30:00,155.94
2018-05-14 12:45:00,133.04001
2018-05-14 13:00:00,131.1
2018-05-14 13:15:00,134.51001
2018-05-14 13:30:00,127.67
2018-05-14 13:45:00,141.76999
2018-05-14 14:00:00,152.13
2018-05-14 14:15:00,154.73999
2018-05-14 14:30:00,148.72
2018-05-14 14:45:00,91.66
2018-05-14 15:00:00,62.16
2018-05-14 15:15:00,61.04
2018-05-14 15:30:00,61.64
2018-05-14 15:45:00,51.11
2018-05-14 16:00:00,36.89
2018-05-14 16:15:00,57.32
2018-05-14 16:30:00,63.67
2018-05-14 16:45:00,71.58
2018-05-14 17:00:00,69.03
2018-05-14 17:15:00,82.21
2018-05-14 17:30:00,85.96001
2018-05-14 17:45:00,81.020004
2018-05-14 18:00:00,69.76
2018-05-14 18:15:00,69.19
2018-05-14 18:30:00,72.39
2018-05-14 18:45:00,70.68
2018-05-14 19:00:00,59.95
2018-05-14 19:15:00,48.050003
2018-05-14 19:30:00,50.79
2018-05-14 19:45:00,44.57
2018-05-14 20:00:00,36.25
2018-05-14 20:15:00,27.880001
2018-05-14 20:30:00,20.880001
2018-05-14 20:45:00,40.02
2018-05-14 21:00:00,60.87
2018-05-14 21:15:00,92.09
2018-05-14 21:30:00,129.71
2018-05-14 21:45:00,152.1
2018-05-14 22:00:00,148.1
2018-05-14 22:15:00,99.57
2018-05-14 22:30:00,54.839996
2018-05-14 22:45:00,60.54
2018-05-14 23:00:00,179.42001
2018-05-14 23:15:00,190.83
2018-05-14 23:30:00,132.68001
2018-05-14 23:45:00,123.19
2018-05-15 00:00:00,74.12
2018-05-15 00:15:00,68.52
2018-05-15 00:30:00,80.51
2018-05-15 00:45:00,78.66
2018-05-15 01:00:00,59.18
2018-05-15 01:15:00,85.44
2018-05-15 01:30:00,96.740005
2018-05-15 01:45:00,82.64
2018-05-15 02:00:00,133.76
2018-05-15 02:15:00,130.75
2018-05-15 02:30:00,101.76
2018-05-15 02:45:00,85.66
2018-05-15 03:00:00,82.26
2018-05-15 03:15:00,94.3
2018-05-15 03:30:00,106.19
2018-05-15 03:45:00,137.12
2018-05-15 04:00:00,177.38
2018-05-15 04:15:00,183.49
2018-05-15 04:30:00,201.70999
2018-05-15 04:45:00,199.41998
2018-05-15 05:00:00,186.52998
2018-05-15 05:15:00,183.70001
2018-05-15 05:30:00,199.57
2018-05-15 05:45:00,198.0
2018-05-15 06:00:00,168.37
2018-05-15 06:15:00,126.869995
2018-05-15 06:30:00,151.88
2018-05-15 06:45:00,164.19
2018-05-15 07:00:00,184.18
2018-05-15 07:15:00,200.38998
2018-05-15 07:30:00,178.95999
2018-05-15 07:45:00,192.79001
2018-05-15 08:00:00,198.20999
2018-05-15 08:15:00,180.89
2018-05-15 08:30:00,153.93
2018-05-15 08:45:00,142.20999
2018-05-15 09:00:00,148.26001
2018-05-15 09:15:00,97.84
2018-05-15 09:30:00,79.57
2018-05-15 09:45:00,73.03
2018-05-15 10:00:00,114.850006
2018-05-15 10:15:00,122.3
2018-05-15 10:30:00,116.07
2018-05-15 10:45:00,89.2
2018-05-15 11:00:00,27.36
2018-05-15 11:15:00,13.030001
2018-05-15 11:30:00,10.87
2018-05-15 11:45:00,17.75
2018-05-15 12:00:00,33.18
2018-05-15 12:15:00,51.39
2018-05-15 12:30:00,68.840004
2018-05-15 12:45:00,70.03
2018-05-15 13:00:00,63.010002
2018-05-15 13:15:00,63.57
2018-05-15 13:30:00,58.73
2018-05-15 13:45:00,56.01
2018-05-15 14:00:00,44.92
2018-05-15 14:15:00,23.95
2018-05-15 14:30:00,9.700001
2018-05-15 14:45:00,0.16
2018-05-15 15:00:00,0.0
2018-05-15 15:15:00,0.0
2018-05-15 15:30:00,0.0
2018-05-15 15:45:00,5.01
2018-05-15 16:00:00,0.0
2018-05-15 16:15:00,0.0
2018-05-15 16:30:00,0.0
2018-05-15 16:45:00,0.32
2018-05-15 17:00:00,1.56
2018-05-15 17:15:00,2.19
2018-05-15 17:30:00,0.0
2018-05-15 17:45:00,0.0
2018-05-15 18:00:00,0.0
2018-05-15 18:15:00,0.0
2018-05-15 18:30:00,0.38
2018-05-15 18:45:00,1.42
2018-05-15 19:00:00,0.0
2018-05-15 19:15:00,0.0
2018-05-15 19:30:00,0.0
2018-05-15 19:45:00,2.6399999
2018-05-15 20:00:00,4.4300003
2018-05-15 20:15:00,5.58
2018-05-15 20:30:00,3.56
2018-05-15 20:45:00,7.5
2018-05-15 21:00:00,13.71
2018-05-15 21:15:00,20.49
2018-05-15 21:30:00,13.15
2018-05-15 21:45:00,7.8500004
2018-05-15 22:00:00,8.030001
2018-05-15 22:15:00,7.4800005
2018-05-15 22:30:00,27.48
2018-05-15 22:45:00,34.26
2018-05-15 23:00:00,50.84
2018-05-15 23:15:00,50.62
2018-05-15 23:30:00,49.14
2018-05-15 23:45:00,48.12
2018-05-16 00:00:00,11.93
2018-05-16 00:15:00,46.510002
2018-05-16 00:30:00,6.24
2018-05-16 00:45:00,56.67
2018-05-16 01:00:00,78.16
2018-05-16 01:15:00,113.79
2018-05-16 01:30:00,104.68
2018-05-16 01:45:00,34.989998
2018-05-16 02:00:00,79.68
2018-05-16 02:15:00,150.67
2018-05-16 02:30:00,93.34
2018-05-16 02:45:00,133.75
2018-05-16 03:00:00,152.57999
2018-05-16 03:15:00,95.53
2018-05-16 03:30:00,68.17
2018-05-16 03:45:00,65.130005
2018-05-16 04:00:00,70.56
2018-05-16 04:15:00,81.770004
2018-05-16 04:30:00,94.28
2018-05-16 04:45:00,67.03
2018-05-16 05:00:00,60.45
2018-05-16 05:15:00,47.82
2018-05-16 05:30:00,65.08
2018-05-16 05:45:00,57.96
2018-05-16 06:00:00,36.53
2018-05-16 06:15:00,27.89
2018-05-16 06:30:00,44.329998
2018-05-16 06:45:00,153.38
2018-05-16 07:00:00,204.09
2018-05-16 07:15:00,46.420002
2018-05-16 07:30:00,6.92
2018-05-16 07:45:00,4.95
2018-05-16 08:00:00,2.15
2018-05-16 08:15:00,0.0
2018-05-16 08:30:00,0.0
2018-05-16 08:45:00,12.08
2018-05-16 09:00:00,39.550003
2018-05-16 09:15:00,11.7
2018-05-16 09:30:00,48.71
2018-05-16 09:45:00,0.77
2018-05-16 10:00:00,2.93
2018-05-16 10:15:00,3.0700002
2018-05-16 10:30:00,5.5699997
2018-05-16 10:45:00,10.940001
2018-05-16 11:00:00,22.01
2018-05-16 11:15:00,36.34
2018-05-16 11:30:00,27.17
2018-05-16 11:45:00,10.58
2018-05-16 12:00:00,0.0
2018-05-16 12:15:00,0.0
2018-05-16 12:30:00,11.940001
2018-05-16 12:45:00,25.53
2018-05-16 13:00:00,80.79
2018-05-16 13:15:00,56.58
2018-05-16 13:30:00,11.9
2018-05-16 13:45:00,6.8
2018-05-16 14:00:00,45.129997
2018-05-16 14:15:00,90.5
2018-05-16 14:30:00,66.75
2018-05-16 14:45:00,77.05
2018-05-16 15:00:00,16.51
2018-05-16 15:15:00,30.93
2018-05-16 15:30:00,30.5
2018-05-16 15:45:00,11.379999
2018-05-16 16:00:00,9.620001
2018-05-16 16:15:00,0.73
2018-05-16 16:30:00,0.28
2018-05-16 16:45:00,0.88
2018-05-16 17:00:00,0.24
2018-05-16 17:15:00,0.0
2018-05-16 17:30:00,0.0
2018-05-16 17:45:00,0.0
2018-05-16 18:00:00,9.549999
2018-05-16 18:15:00,59.23
2018-05-16 18:30:00,43.629997
2018-05-16 18:45:00,43.17
2018-05-16 19:00:00,47.91
2018-05-16 19:15:00,40.41
2018-05-16 19:30:00,34.940002
2018-05-16 19:45:00,31.329998
2018-05-16 20:00:00,28.56
2018-05-16 20:15:00,18.23
2018-05-16 20:30:00,18.23
2018-05-16 20:45:00,13.42
2018-05-16 21:00:00,11.91
2018-05-16 21:15:00,8.95
2018-05-16 21:30:00,7.1099997
2018-05-16 21:45:00,3.49
2018-05-16 22:00:00,5.3900003
2018-05-16 22:15:00,5.27
2018-05-16 22:30:00,3.75
2018-05-16 22:45:00,3.62
2018-05-16 23:00:00,5.4700003
2018-05-16 23:15:00,8.23
2018-05-16 23:30:00,12.370001
2018-05-16 23:45:00,13.030001
2018-05-17 00:00:00,16.39
2018-05-17 00:15:00,22.51
2018-05-17 00:30:00,35.54
2018-05-17 00:45:00,36.59
2018-05-17 01:00:00,25.87
2018-05-17 01:15:00,21.65
2018-05-17 01:30:00,26.98
2018-05-17 01:45:00,42.58
2018-05-17 02:00:00,47.78
2018-05-17 02:15:00,51.989998
2018-05-17 02:30:00,47.85
2018-05-17 02:45:00,38.760002
2018-05-17 03:00:00,65.21
2018-05-17 03:15:00,77.66
2018-05-17 03:30:00,74.83
2018-05-17 03:45:00,55.09
2018-05-17 04:00:00,70.94
2018-05-17 04:15:00,53.83
2018-05-17 04:30:00,48.440002
2018-05-17 04:45:00,55.35
2018-05-17 05:00:00,74.3
2018-05-17 05:15:00,73.84
2018-05-17 05:30:00,79.44
2018-05-17 05:45:00,71.87
2018-05-17 06:00:00,69.95
2018-05-17 06:15:00,55.41
2018-05-17 06:30:00,46.92
2018-05-17 06:45:00,33.63
2018-05-17 07:00:00,32.239998
2018-05-17 07:15:00,42.91
2018-05-17 07:30:00,50.739998
2018-05-17 07:45:00,67.26
2018-05-17 08:00:00,48.37
2018-05-17 08:15:00,35.41
2018-05-17 08:30:00,32.77
2018-05-17 08:45:00,35.739998
2018-05-17 09:00:00,37.32
2018-05-17 09:15:00,51.269997
2018-05-17 09:30:00,51.989998
2018-05-17 09:45:00,45.34
2018-05-17 10:00:00,38.5
2018-05-17 10:15:00,32.379997
2018-05-17 10:30:00,34.55
2018-05-17 10:45:00,30.8
2018-05-17 11:00:00,24.55
2018-05-17 11:15:00,23.96
2018-05-17 11:30:00,29.15
2018-05-17 11:45:00,27.970001
2018-05-17 12:00:00,33.9
2018-05-17 12:15:00,51.86
2018-05-17 12:30:00,41.190002
2018-05-17 12:45:00,43.510002
2018-05-17 13:00:00,37.97
2018-05-17 13:15:00,26.32
2018-05-17 13:30:00,32.05
2018-05-17 13:45:00,30.73
2018-05-17 14:00:00,30.66
2018-05-17 14:15:00,35.870003
2018-05-17 14:30:00,44.16
2018-05-17 14:45:00,62.260002
2018-05-17 15:00:00,59.16
2018-05-17 15:15:00,74.759995
2018-05-17 15:30:00,78.05
2018-05-17 15:45:00,70.28
2018-05-17 16:00:00,79.17
2018-05-17 16:15:00,83.64
2018-05-17 16:30:00,84.369995
2018-05-17 16:45:00,78.71
2018-05-17 17:00:00,84.3
2018-05-17 17:15:00,89.11
2018-05-17 17:30:00,95.28999
2018-05-17 17:45:00,88.78
2018-05-17 18:00:00,106.020004
2018-05-17 18:15:00,116.15
2018-05-17 18:30:00,113.26
2018-05-17 18:45:00,124.05
2018-05-17 19:00:00,116.69
2018-05-17 19:15:00,110.36
2018-05-17 19:30:00,96.61
2018-05-17 19:45:00,106.21
2018-05-17 20:00:00,109.64
2018-05-17 20:15:00,110.3
2018-05-17 20:30:00,113.53
2018-05-17 20:45:00,103.19
2018-05-17 21:00:00,109.240005
2018-05-17 21:15:00,130.9
2018-05-17 21:30:00,116.020004
2018-05-17 21:45:00,127.47
2018-05-17 22:00:00,130.97
2018-05-17 22:15:00,141.63
2018-05-17 22:30:00,135.18
2018-05-17 22:45:00,147.81
2018-05-17 23:00:00,140.18
2018-05-17 23:15:00,140.76999
2018-05-17 23:30:00,152.15
2018-05-17 23:45:00,122.270004
2018-05-18 00:00:00,121.23
2018-05-18 00:15:00,123.58999
2018-05-18 00:30:00,149.65
2018-05-18 00:45:00,158.47
2018-05-18 01:00:00,177.82
2018-05-18 01:15:00,201.25
2018-05-18 01:30:00,183.21999
2018-05-18 01:45:00,120.56
2018-05-18 02:00:00,81.94
2018-05-18 02:15:00,17.64
2018-05-18 02:30:00,11.059999
2018-05-18 02:45:00,89.11
2018-05-18 03:00:00,17.7
2018-05-18 03:15:00,88.78
2018-05-18 03:30:00,107.8
2018-05-18 03:45:00,179.32999
2018-05-18 04:00:00,148.27
2018-05-18 04:15:00,109.71
2018-05-18 04:30:00,110.89
2018-05-18 04:45:00,86.08
2018-05-18 05:00:00,66.270004
2018-05-18 05:15:00,94.83
2018-05-18 05:30:00,120.89
2018-05-18 05:45:00,123.19
2018-05-18 06:00:00,130.97
2018-05-18 06:15:00,71.270004
2018-05-18 06:30:00,51.27
2018-05-18 06:45:00,49.29
2018-05-18 07:00:00,88.65
2018-05-18 07:15:00,40.6
2018-05-18 07:30:00,48.629997
2018-05-18 07:45:00,57.45
2018-05-18 08:00:00,48.5
2018-05-18 08:15:00,72.79
2018-05-18 08:30:00,41.269997
2018-05-18 08:45:00,58.239998
2018-05-18 09:00:00,66.6
2018-05-18 09:15:00,65.21
2018-05-18 09:30:00,69.04
2018-05-18 09:45:00,85.03
2018-05-18 10:00:00,87.47
2018-05-18 10:15:00,76.21001
2018-05-18 10:30:00,75.75
2018-05-18 10:45:00,46.129997
2018-05-18 11:00:00,31.45
2018-05-18 11:15:00,29.94
2018-05-18 11:30:00,42.71
2018-05-18 11:45:00,49.82
2018-05-18 12:00:00,63.379997
2018-05-18 12:15:00,76.4
2018-05-18 12:30:00,95.43
2018-05-18 12:45:00,100.95
2018-05-18 13:00:00,92.66
2018-05-18 13:15:00,90.29
2018-05-18 13:30:00,103.39
2018-05-18 13:45:00,107.54
2018-05-18 14:00:00,105.57
2018-05-18 14:15:00,131.55
2018-05-18 14:30:00,164.66
2018-05-18 14:45:00,164.13
2018-05-18 15:00:00,191.38
2018-05-18 15:15:00,187.37
2018-05-18 15:30:00,187.82
2018-05-18 15:45:00,181.97
2018-05-18 16:00:00,187.5
2018-05-18 16:15:00,189.2
2018-05-18 16:30:00,198.41
2018-05-18 16:45:00,201.10999
2018-05-18 17:00:00,197.56
2018-05-18 17:15:00,191.9
2018-05-18 17:30:00,175.26001
2018-05-18 17:45:00,175.57999
2018-05-18 18:00:00,189.8
2018-05-18 18:15:00,195.32999
2018-05-18 18:30:00,176.11
2018-05-18 18:45:00,202.29999
2018-05-18 19:00:00,199.86
2018-05-18 19:15:00,190.98001
2018-05-18 19:30:00,193.35
2018-05-18 19:45:00,182.36
2018-05-18 20:00:00,198.68
2018-05-18 20:15:00,191.51
2018-05-18 20:30:00,195.0
2018-05-18 20:45:00,174.0
2018-05-18 21:00:00,164.19
2018-05-18 21:15:00,180.85
2018-05-18 21:30:00,197.3
2018-05-18 21:45:00,173.07999
2018-05-18 22:00:00,115.11
2018-05-18 22:15:00,124.58
2018-05-18 22:30:00,146.23999
2018-05-18 22:45:00,103.58
2018-05-18 23:00:00,106.740005
2018-05-18 23:15:00,129.91
2018-05-18 23:30:00,116.68
2018-05-18 23:45:00,169.26999
2018-05-19 00:00:00,171.57
2018-05-19 00:15:00,139.45001
2018-05-19 00:30:00,105.16
2018-05-19 00:45:00,58.11
2018-05-19 01:00:00,67.59
2018-05-19 01:15:00,34.879997
2018-05-19 01:30:00,40.21
2018-05-19 01:45:00,49.22
2018-05-19 02:00:00,83.58
2018-05-19 02:15:00,0.07
2018-05-19 02:30:00,0.0
2018-05-19 02:45:00,114.32
2018-05-19 03:00:00,89.7
2018-05-19 03:15:00,110.5
2018-05-19 03:30:00,114.25
2018-05-19 03:45:00,127.81
2018-05-19 04:00:00,141.29999
2018-05-19 04:15:00,152.09
2018-05-19 04:30:00,180.25
2018-05-19 04:45:00,177.69
2018-05-19 05:00:00,168.54001
2018-05-19 05:15:00,190.98001
2018-05-19 05:30:00,212.57
2018-05-19 05:45:00,222.25
2018-05-19 06:00:00,221.44998
2018-05-19 06:15:00,218.43
2018-05-19 06:30:00,209.79999
2018-05-19 06:45:00,206.26
2018-05-19 07:00:00,204.73999
2018-05-19 07:15:00,203.1
2018-05-19 07:30:00,205.59
2018-05-19 07:45:00,202.11
2018-05-19 08:00:00,209.01999
2018-05-19 08:15:00,195.32999
2018-05-19 08:30:00,190.13
2018-05-19 08:45:00,194.20001
2018-05-19 09:00:00,200.06
2018-05-19 09:15:00,201.84
2018-05-19 09:30:00,195.59
2018-05-19 09:45:00,199.67
2018-05-19 10:00:00,202.31
2018-05-19 10:15:00,210.73001
2018-05-19 10:30:00,217.23999
2018-05-19 10:45:00,215.32999
2018-05-19 11:00:00,209.27998
2018-05-19 11:15:00,211.91
2018-05-19 11:30:00,208.62
2018-05-19 11:45:00,211.96999
2018-05-19 12:00:00,213.69
2018-05-19 12:15:00,213.87997
2018-05-19 12:30:00,215.32999
2018-05-19 12:45:00,209.34
2018-05-19 13:00:00,202.95999
2018-05-19 13:15:00,195.98999
2018-05-19 13:30:00,186.43999
2018-05-19 13:45:00,175.33
2018-05-19 14:00:00,176.84
2018-05-19 14:15:00,178.55
2018-05-19 14:30:00,189.73001
2018-05-19 14:45:00,201.45
2018-05-19 15:00:00,180.65
2018-05-19 15:15:00,199.53998
2018-05-19 15:30:00,170.25
2018-05-19 15:45:00,177.42
2018-05-19 16:00:00,177.03
2018-05-19 16:15:00,200.85
2018-05-19 16:30:00,217.18
2018-05-19 16:45:00,209.01001
2018-05-19 17:00:00,212.11
2018-05-19 17:15:00,210.92001
2018-05-19 17:30:00,204.67
2018-05-19 17:45:00,185.32
2018-05-19 18:00:00,178.15
2018-05-19 18:15:00,158.26999
2018-05-19 18:30:00,170.06
2018-05-19 18:45:00,175.77998
2018-05-19 19:00:00,169.66
2018-05-19 19:15:00,163.01
2018-05-19 19:30:00,123.53
2018-05-19 19:45:00,136.36
2018-05-19 20:00:00,127.47
2018-05-19 20:15:00,132.67
2018-05-19 20:30:00,118.46
2018-05-19 20:45:00,107.14
2018-05-19 21:00:00,108.850006
2018-05-19 21:15:00,106.68
2018-05-19 21:30:00,109.31
2018-05-19 21:45:00,111.28
2018-05-19 22:00:00,113.130005
2018-05-19 22:15:00,107.86
2018-05-19 22:30:00,113.27
2018-05-19 22:45:00,104.31
2018-05-19 23:00:00,114.44
2018-05-19 23:15:00,88.12
2018-05-19 23:30:00,118.06
2018-05-19 23:45:00,130.37
2018-05-20 00:00:00,126.490005
2018-05-20 00:15:00,115.16
2018-05-20 00:30:00,87.729996
2018-05-20 00:45:00,87.07
2018-05-20 01:00:00,87.4
2018-05-20 01:15:00,77.850006
2018-05-20 01:30:00,74.83
2018-05-20 01:45:00,106.22
2018-05-20 02:00:00,114.05
2018-05-20 02:15:00,88.91
2018-05-20 02:30:00,87.53
2018-05-20 02:45:00,77.990005
2018-05-20 03:00:00,86.740005
2018-05-20 03:15:00,95.1
2018-05-20 03:30:00,68.380005
2018-05-20 03:45:00,85.49
2018-05-20 04:00:00,78.78
2018-05-20 04:15:00,113.53
2018-05-20 04:30:00,89.96001
2018-05-20 04:45:00,71.6
2018-05-20 05:00:00,79.64
2018-05-20 05:15:00,33.230003
2018-05-20 05:30:00,34.809998
2018-05-20 05:45:00,46.53
2018-05-20 06:00:00,60.35
2018-05-20 06:15:00,52.98
2018-05-20 06:30:00,24.48
2018-05-20 06:45:00,0.4
2018-05-20 07:00:00,36.92
2018-05-20 07:15:00,114.770004
2018-05-20 07:30:00,185.52
2018-05-20 07:45:00,187.23
2018-05-20 08:00:00,183.62
2018-05-20 08:15:00,165.12
2018-05-20 08:30:00,135.57
2018-05-20 08:45:00,90.68
2018-05-20 09:00:00,58.9
2018-05-20 09:15:00,35.99
2018-05-20 09:30:00,65.16
2018-05-20 09:45:00,41.66
2018-05-20 10:00:00,66.34
2018-05-20 10:15:00,103.59
2018-05-20 10:30:00,64.3
2018-05-20 10:45:00,89.17
2018-05-20 11:00:00,98.32001
2018-05-20 11:15:00,83.05
2018-05-20 11:30:00,73.64
2018-05-20 11:45:00,63.64
2018-05-20 12:00:00,56.730003
2018-05-20 12:15:00,135.37
2018-05-20 12:30:00,88.25
2018-05-20 12:45:00,97.99
2018-05-20 13:00:00,50.34
2018-05-20 13:15:00,66.34
2018-05-20 13:30:00,100.55
2018-05-20 13:45:00,64.23
2018-05-20 14:00:00,45.08
2018-05-20 14:15:00,22.38
2018-05-20 14:30:00,0.0
2018-05-20 14:45:00,8.95
2018-05-20 15:00:00,61.86
2018-05-20 15:15:00,164.13
2018-05-20 15:30:00,162.82
2018-05-20 15:45:00,149.0
2018-05-20 16:00:00,147.67
2018-05-20 16:15:00,23.89
2018-05-20 16:30:00,0.0
2018-05-20 16:45:00,0.0
2018-05-20 17:00:00,0.0
2018-05-20 17:15:00,4.4700003
2018-05-20 17:30:00,5.5299997
2018-05-20 17:45:00,10.99
2018-05-20 18:00:00,10.27
2018-05-20 18:15:00,7.11
2018-05-20 18:30:00,8.62
2018-05-20 18:45:00,12.63
2018-05-20 19:00:00,19.279999
2018-05-20 19:15:00,26.98
2018-05-20 19:30:00,32.57
2018-05-20 19:45:00,38.629997
2018-05-20 20:00:00,38.03
2018-05-20 20:15:00,49.09
2018-05-20 20:30:00,41.33
2018-05-20 20:45:00,66.93
2018-05-20 21:00:00,80.68
2018-05-20 21:15:00,72.65
2018-05-20 21:30:00,67.07
2018-05-20 21:45:00,54.559998
2018-05-20 22:00:00,45.54
2018-05-20 22:15:00,36.46
2018-05-20 22:30:00,39.879997
2018-05-20 22:45:00,41.33
2018-05-20 23:00:00,37.52
2018-05-20 23:15:00,36.39
2018-05-20 23:30:00,41.46
2018-05-20 23:45:00,33.559998
2018-05-21 00:00:00,28.759998
2018-05-21 00:15:00,39.29
2018-05-21 00:30:00,36.06
2018-05-21 00:45:00,46.53
2018-05-21 01:00:00,40.67
2018-05-21 01:15:00,36.260002
2018-05-21 01:30:00,37.64
2018-05-21 01:45:00,40.27
2018-05-21 02:00:00,39.29
2018-05-21 02:15:00,44.81
2018-05-21 02:30:00,42.64
2018-05-21 02:45:00,43.839996
2018-05-21 03:00:00,35.41
2018-05-21 03:15:00,38.239998
2018-05-21 03:30:00,44.489998
2018-05-21 03:45:00,43.57
2018-05-21 04:00:00,40.15
2018-05-21 04:15:00,42.84
2018-05-21 04:30:00,35.27
2018-05-21 04:45:00,33.629997
2018-05-21 05:00:00,25.27
2018-05-21 05:15:00,26.92
2018-05-21 05:30:00,35.21
2018-05-21 05:45:00,27.369999
2018-05-21 06:00:00,33.89
2018-05-21 06:15:00,23.63
2018-05-21 06:30:00,18.49
2018-05-21 06:45:00,7.5699997
2018-05-21 07:00:00,5.99
2018-05-21 07:15:00,5.5299997
2018-05-21 07:30:00,7.1800003
2018-05-21 07:45:00,4.21
2018-05-21 08:00:00,1.32
2018-05-21 08:15:00,1.7800001
2018-05-21 08:30:00,0.0
2018-05-21 08:45:00,0.33
2018-05-21 09:00:00,2.24
2018-05-21 09:15:00,1.12
2018-05-21 09:30:00,1.71
2018-05-21 09:45:00,2.76
2018-05-21 10:00:00,3.1599998
2018-05-21 10:15:00,1.31
2018-05-21 10:30:00,0.0
2018-05-21 10:45:00,2.1100001
2018-05-21 11:00:00,5.7200003
2018-05-21 11:15:00,6.25
2018-05-21 11:30:00,8.88
2018-05-21 11:45:00,17.64
2018-05-21 12:00:00,19.67
2018-05-21 12:15:00,22.71
2018-05-21 12:30:00,16.72
2018-05-21 12:45:00,14.08
2018-05-21 13:00:00,11.72
2018-05-21 13:15:00,10.07
2018-05-21 13:30:00,11.969999
2018-05-21 13:45:00,18.89
2018-05-21 14:00:00,18.23
2018-05-21 14:15:00,18.17
2018-05-21 14:30:00,17.57
2018-05-21 14:45:00,9.610001
2018-05-21 15:00:00,1.91
2018-05-21 15:15:00,0.53
2018-05-21 15:30:00,0.86
2018-05-21 15:45:00,0.0
2018-05-21 16:00:00,0.07
2018-05-21 16:15:00,0.2
2018-05-21 16:30:00,0.0
2018-05-21 16:45:00,0.0
2018-05-21 17:00:00,0.0
2018-05-21 17:15:00,0.0
2018-05-21 17:30:00,0.0
2018-05-21 17:45:00,0.0
2018-05-21 18:00:00,0.0
2018-05-21 18:15:00,0.0
2018-05-21 18:30:00,0.0
2018-05-21 18:45:00,0.0
2018-05-21 19:00:00,0.0
2018-05-21 19:15:00,5.92
2018-05-21 19:30:00,9.35
2018-05-21 19:45:00,12.38
2018-05-21 20:00:00,11.78
2018-05-21 20:15:00,10.14
2018-05-21 20:30:00,12.96
2018-05-21 20:45:00,12.17
2018-05-21 21:00:00,11.71
2018-05-21 21:15:00,12.24
2018-05-21 21:30:00,11.52
2018-05-21 21:45:00,10.14
2018-05-21 22:00:00,5.5299997
2018-05-21 22:15:00,4.93
2018-05-21 22:30:00,6.52
2018-05-21 22:45:00,10.6
2018-05-21 23:00:00,11.45
2018-05-21 23:15:00,22.18
2018-05-21 23:30:00,12.24
2018-05-21 23:45:00,18.23
2018-05-22 00:00:00,18.82
2018-05-22 00:15:00,18.36
2018-05-22 00:30:00,21.52
2018-05-22 00:45:00,25.4
2018-05-22 01:00:00,14.41
2018-05-22 01:15:00,10.66
2018-05-22 01:30:00,24.55
2018-05-22 01:45:00,37.97
2018-05-22 02:00:00,49.42
2018-05-22 02:15:00,47.050003
2018-05-22 02:30:00,66.2
2018-05-22 02:45:00,72.52
2018-05-22 03:00:00,74.44
2018-05-22 03:15:00,84.96
2018-05-22 03:30:00,94.51
2018-05-22 03:45:00,70.22
2018-05-22 04:00:00,60.08
2018-05-22 04:15:00,55.15
2018-05-22 04:30:00,43.83
2018-05-22 04:45:00,37.91
2018-05-22 05:00:00,49.23
2018-05-22 05:15:00,50.67
2018-05-22 05:30:00,68.05
2018-05-22 05:45:00,57.12
2018-05-22 06:00:00,57.85
2018-05-22 06:15:00,47.77
2018-05-22 06:30:00,61.010002
2018-05-22 06:45:00,68.240005
2018-05-22 07:00:00,61.93
2018-05-22 07:15:00,65.29
2018-05-22 07:30:00,60.160004
2018-05-22 07:45:00,71.21
2018-05-22 08:00:00,46.4
2018-05-22 08:15:00,64.100006
2018-05-22 08:30:00,60.22
2018-05-22 08:45:00,61.54
2018-05-22 09:00:00,47.98
2018-05-22 09:15:00,36.72
2018-05-22 09:30:00,28.82
2018-05-22 09:45:00,27.12
2018-05-22 10:00:00,22.9
2018-05-22 10:15:00,31.72
2018-05-22 10:30:00,33.96
2018-05-22 10:45:00,32.98
2018-05-22 11:00:00,27.380001
2018-05-22 11:15:00,29.349998
2018-05-22 11:30:00,31.920002
2018-05-22 11:45:00,33.370003
2018-05-22 12:00:00,43.5
2018-05-22 12:15:00,41.52
2018-05-22 12:30:00,46.190002
2018-05-22 12:45:00,39.68
2018-05-22 13:00:00,31.66
2018-05-22 13:15:00,22.71
2018-05-22 13:30:00,22.05
2018-05-22 13:45:00,16.06
2018-05-22 14:00:00,20.59
2018-05-22 14:15:00,21.779999
2018-05-22 14:30:00,29.48
2018-05-22 14:45:00,20.46
2018-05-22 15:00:00,18.89
2018-05-22 15:15:00,23.16
2018-05-22 15:30:00,28.43
2018-05-22 15:45:00,35.54
2018-05-22 16:00:00,38.370003
2018-05-22 16:15:00,46.66
2018-05-22 16:30:00,44.949997
2018-05-22 16:45:00,44.550003
2018-05-22 17:00:00,52.98
2018-05-22 17:15:00,51.66
2018-05-22 17:30:00,49.02
2018-05-22 17:45:00,42.449997
2018-05-22 18:00:00,44.75
2018-05-22 18:15:00,55.47
2018-05-22 18:30:00,46.4
2018-05-22 18:45:00,44.42
2018-05-22 19:00:00,46.129997
2018-05-22 19:15:00,46.6
2018-05-22 19:30:00,46.06
2018-05-22 19:45:00,46.59
2018-05-22 20:00:00,45.08
2018-05-22 20:15:00,54.22
2018-05-22 20:30:00,65.55
2018-05-22 20:45:00,59.43
2018-05-22 21:00:00,56.269997
2018-05-22 21:15:00,43.760002
2018-05-22 21:30:00,50.870003
2018-05-22 21:45:00,52.519997
2018-05-22 22:00:00,43.11
2018-05-22 22:15:00,51.989998
2018-05-22 22:30:00,41.46
2018-05-22 22:45:00,50.739998
2018-05-22 23:00:00,44.809998
2018-05-22 23:15:00,57.12
2018-05-22 23:30:00,60.54
2018-05-22 23:45:00,55.28
2018-05-23 00:00:00,46.2
2018-05-23 00:15:00,36.92
2018-05-23 00:30:00,30.66
2018-05-23 00:45:00,36.66
2018-05-23 01:00:00,26.189999
2018-05-23 01:15:00,32.190002
2018-05-23 01:30:00,31.130001
2018-05-23 01:45:00,27.64
2018-05-23 02:00:00,29.48
2018-05-23 02:15:00,36.59
2018-05-23 02:30:00,35.61
2018-05-23 02:45:00,38.03
2018-05-23 03:00:00,33.3
2018-05-23 03:15:00,35.93
2018-05-23 03:30:00,35.07
2018-05-23 03:45:00,49.42
2018-05-23 04:00:00,52.32
2018-05-23 04:15:00,56.92
2018-05-23 04:30:00,56.73
2018-05-23 04:45:00,87.73
2018-05-23 05:00:00,85.75
2018-05-23 05:15:00,89.9
2018-05-23 05:30:00,107.2
2018-05-23 05:45:00,105.36
2018-05-23 06:00:00,105.03
2018-05-23 06:15:00,117.54
2018-05-23 06:30:00,130.23999
2018-05-23 06:45:00,136.83
2018-05-23 07:00:00,142.75
2018-05-23 07:15:00,134.92
2018-05-23 07:30:00,143.32999
2018-05-23 07:45:00,140.18
2018-05-23 08:00:00,137.48
2018-05-23 08:15:00,154.19
2018-05-23 08:30:00,146.88
2018-05-23 08:45:00,141.3
2018-05-23 09:00:00,134.84
2018-05-23 09:15:00,115.100006
2018-05-23 09:30:00,97.33
2018-05-23 09:45:00,79.9
2018-05-23 10:00:00,66.93
2018-05-23 10:15:00,63.579998
2018-05-23 10:30:00,62.58
2018-05-23 10:45:00,67.45
2018-05-23 11:00:00,73.45
2018-05-23 11:15:00,57.32
2018-05-23 11:30:00,59.23
2018-05-23 11:45:00,58.9
2018-05-23 12:00:00,57.39
2018-05-23 12:15:00,54.03
2018-05-23 12:30:00,47.78
2018-05-23 12:45:00,45.08
2018-05-23 13:00:00,47.510002
2018-05-23 13:15:00,60.61
2018-05-23 13:30:00,71.66
2018-05-23 13:45:00,71.01
2018-05-23 14:00:00,58.51
2018-05-23 14:15:00,62.46
2018-05-23 14:30:00,63.37
2018-05-23 14:45:00,58.71
2018-05-23 15:00:00,67.130005
2018-05-23 15:15:00,69.76
2018-05-23 15:30:00,64.75
2018-05-23 15:45:00,53.96
2018-05-23 16:00:00,42.519997
2018-05-23 16:15:00,36.79
2018-05-23 16:30:00,30.8
2018-05-23 16:45:00,31.46
2018-05-23 17:00:00,36.72
2018-05-23 17:15:00,39.42
2018-05-23 17:30:00,34.09
2018-05-23 17:45:00,35.54
2018-05-23 18:00:00,38.760002
2018-05-23 18:15:00,37.64
2018-05-23 18:30:00,37.050003
2018-05-23 18:45:00,39.620003
2018-05-23 19:00:00,39.29
2018-05-23 19:15:00,37.78
2018-05-23 19:30:00,32.06
2018-05-23 19:45:00,33.17
2018-05-23 20:00:00,32.97
2018-05-23 20:15:00,26.06
2018-05-23 20:30:00,25.07
2018-05-23 20:45:00,28.43
2018-05-23 21:00:00,30.92
2018-05-23 21:15:00,37.11
2018-05-23 21:30:00,36.92
2018-05-23 21:45:00,37.25
2018-05-23 22:00:00,32.32
2018-05-23 22:15:00,45.93
2018-05-23 22:30:00,44.75
2018-05-23 22:45:00,46.6
2018-05-23 23:00:00,61.6
2018-05-23 23:15:00,38.760002
2018-05-23 23:30:00,62.260002
2018-05-23 23:45:00,62.98
2018-05-24 00:00:00,44.81
2018-05-24 00:15:00,60.09
2018-05-24 00:30:00,30.740002
2018-05-24 00:45:00,26.060001
2018-05-24 01:00:00,23.029999
2018-05-24 01:15:00,20.86
2018-05-24 01:30:00,15.92
2018-05-24 01:45:00,16.45
2018-05-24 02:00:00,13.16
2018-05-24 02:15:00,13.030001
2018-05-24 02:30:00,14.74
2018-05-24 02:45:00,13.75
2018-05-24 03:00:00,12.7
2018-05-24 03:15:00,9.87
2018-05-24 03:30:00,11.25
2018-05-24 03:45:00,14.219999
2018-05-24 04:00:00,21.32
2018-05-24 04:15:00,22.5
2018-05-24 04:30:00,20.99
2018-05-24 04:45:00,17.84
2018-05-24 05:00:00,22.38
2018-05-24 05:15:00,42.71
2018-05-24 05:30:00,62.79
2018-05-24 05:45:00,74.76
2018-05-24 06:00:00,84.240005
2018-05-24 06:15:00,108.520004
2018-05-24 06:30:00,134.38
2018-05-24 06:45:00,135.7
2018-05-24 07:00:00,139.06
2018-05-24 07:15:00,134.32
2018-05-24 07:30:00,136.89
2018-05-24 07:45:00,128.72
2018-05-24 08:00:00,127.41
2018-05-24 08:15:00,137.48
2018-05-24 08:30:00,143.07
2018-05-24 08:45:00,117.87
2018-05-24 09:00:00,110.229996
2018-05-24 09:15:00,91.020004
2018-05-24 09:30:00,91.740005
2018-05-24 09:45:00,83.91
2018-05-24 10:00:00,96.74
2018-05-24 10:15:00,112.28
2018-05-24 10:30:00,113.39
2018-05-24 10:45:00,101.08
2018-05-24 11:00:00,98.06
2018-05-24 11:15:00,91.67
2018-05-24 11:30:00,78.649994
2018-05-24 11:45:00,73.51
2018-05-24 12:00:00,63.97
2018-05-24 12:15:00,54.1
2018-05-24 12:30:00,49.760002
2018-05-24 12:45:00,40.41
2018-05-24 13:00:00,32.18
2018-05-24 13:15:00,27.24
2018-05-24 13:30:00,21.65
2018-05-24 13:45:00,24.74
2018-05-24 14:00:00,22.11
2018-05-24 14:15:00,25.08
2018-05-24 14:30:00,22.439999
2018-05-24 14:45:00,23.95
2018-05-24 15:00:00,30.2
2018-05-24 15:15:00,29.09
2018-05-24 15:30:00,30.2
2018-05-24 15:45:00,36.59
2018-05-24 16:00:00,37.510002
2018-05-24 16:15:00,40.93
2018-05-24 16:30:00,41.0
2018-05-24 16:45:00,38.57
2018-05-24 17:00:00,39.940002
2018-05-24 17:15:00,40.41
2018-05-24 17:30:00,36.72
2018-05-24 17:45:00,29.68
2018-05-24 18:00:00,25.529999
2018-05-24 18:15:00,18.689999
2018-05-24 18:30:00,24.16
2018-05-24 18:45:00,28.3
2018-05-24 19:00:00,30.470001
2018-05-24 19:15:00,28.17
2018-05-24 19:30:00,25.73
2018-05-24 19:45:00,25.14
2018-05-24 20:00:00,21.259998
2018-05-24 20:15:00,19.09
2018-05-24 20:30:00,23.3
2018-05-24 20:45:00,27.25
2018-05-24 21:00:00,25.01
2018-05-24 21:15:00,21.59
2018-05-24 21:30:00,20.73
2018-05-24 21:45:00,19.67
2018-05-24 22:00:00,21.779999
2018-05-24 22:15:00,20.6
2018-05-24 22:30:00,17.369999
2018-05-24 22:45:00,19.55
2018-05-24 23:00:00,18.03
2018-05-24 23:15:00,20.6
2018-05-24 23:30:00,17.439999
2018-05-24 23:45:00,13.17
2018-05-25 00:00:00,11.65
2018-05-25 00:15:00,10.79
2018-05-25 00:30:00,4.27
2018-05-25 00:45:00,9.940001
2018-05-25 01:00:00,13.29
2018-05-25 01:15:00,12.309999
2018-05-25 01:30:00,10.530001
2018-05-25 01:45:00,9.67
2018-05-25 02:00:00,11.71
2018-05-25 02:15:00,19.349998
2018-05-25 02:30:00,8.559999
2018-05-25 02:45:00,7.17
2018-05-25 03:00:00,19.21
2018-05-25 03:15:00,38.56
2018-05-25 03:30:00,46.85
2018-05-25 03:45:00,35.67
2018-05-25 04:00:00,25.07
2018-05-25 04:15:00,29.880001
2018-05-25 04:30:00,48.7
2018-05-25 04:45:00,58.309998
2018-05-25 05:00:00,50.739998
2018-05-25 05:15:00,67.979996
2018-05-25 05:30:00,85.020004
2018-05-25 05:45:00,94.11
2018-05-25 06:00:00,110.36
2018-05-25 06:15:00,129.45
2018-05-25 06:30:00,120.369995
2018-05-25 06:45:00,108.79
2018-05-25 07:00:00,92.07
2018-05-25 07:15:00,94.96001
2018-05-25 07:30:00,108.65
2018-05-25 07:45:00,115.03
2018-05-25 08:00:00,115.36
2018-05-25 08:15:00,109.31
2018-05-25 08:30:00,97.4
2018-05-25 08:45:00,89.630005
2018-05-25 09:00:00,78.45
2018-05-25 09:15:00,76.53999
2018-05-25 09:30:00,87.33
2018-05-25 09:45:00,88.92
2018-05-25 10:00:00,82.46001
2018-05-25 10:15:00,69.96
2018-05-25 10:30:00,56.46
2018-05-25 10:45:00,53.11
2018-05-25 11:00:00,55.809998
2018-05-25 11:15:00,69.3
2018-05-25 11:30:00,77.259995
2018-05-25 11:45:00,61.989998
2018-05-25 12:00:00,60.95
2018-05-25 12:15:00,63.11
2018-05-25 12:30:00,67.07
2018-05-25 12:45:00,60.15
2018-05-25 13:00:00,89.369995
2018-05-25 13:15:00,83.71
2018-05-25 13:30:00,80.94
2018-05-25 13:45:00,89.04
2018-05-25 14:00:00,86.67
2018-05-25 14:15:00,88.78
2018-05-25 14:30:00,93.78
2018-05-25 14:45:00,93.78
2018-05-25 15:00:00,97.47
2018-05-25 15:15:00,82.72
2018-05-25 15:30:00,60.41
2018-05-25 15:45:00,66.8
2018-05-25 16:00:00,55.08
2018-05-25 16:15:00,46.92
2018-05-25 16:30:00,44.88
2018-05-25 16:45:00,40.010002
2018-05-25 17:00:00,38.699997
2018-05-25 17:15:00,38.89
2018-05-25 17:30:00,31.39
2018-05-25 17:45:00,38.17
2018-05-25 18:00:00,32.7
2018-05-25 18:15:00,31.189999
2018-05-25 18:30:00,37.510002
2018-05-25 18:45:00,29.22
2018-05-25 19:00:00,32.05
2018-05-25 19:15:00,28.43
2018-05-25 19:30:00,22.380001
2018-05-25 19:45:00,18.619999
2018-05-25 20:00:00,15.79
2018-05-25 20:15:00,11.58
2018-05-25 20:30:00,21.06
2018-05-25 20:45:00,17.64
2018-05-25 21:00:00,15.4
2018-05-25 21:15:00,14.610001
2018-05-25 21:30:00,20.470001
2018-05-25 21:45:00,18.830002
2018-05-25 22:00:00,23.76
2018-05-25 22:15:00,16.32
2018-05-25 22:30:00,21.119999
2018-05-25 22:45:00,9.809999
2018-05-25 23:00:00,13.95
2018-05-25 23:15:00,26.98
2018-05-25 23:30:00,19.48
2018-05-25 23:45:00,17.05
2018-05-26 00:00:00,23.75
2018-05-26 00:15:00,30.599998
2018-05-26 00:30:00,33.03
2018-05-26 00:45:00,36.0
2018-05-26 01:00:00,30.34
2018-05-26 01:15:00,24.349998
2018-05-26 01:30:00,26.98
2018-05-26 01:45:00,35.34
2018-05-26 02:00:00,45.870003
2018-05-26 02:15:00,58.17
2018-05-26 02:30:00,59.95
2018-05-26 02:45:00,68.24
2018-05-26 03:00:00,101.29
2018-05-26 03:15:00,120.89
2018-05-26 03:30:00,54.49
2018-05-26 03:45:00,139.45
2018-05-26 04:00:00,167.23
2018-05-26 04:15:00,132.41
2018-05-26 04:30:00,123.46
2018-05-26 04:45:00,94.44
2018-05-26 05:00:00,101.22
2018-05-26 05:15:00,136.22998
2018-05-26 05:30:00,141.17
2018-05-26 05:45:00,131.82
2018-05-26 06:00:00,142.87
2018-05-26 06:15:00,152.54999
2018-05-26 06:30:00,180.85
2018-05-26 06:45:00,178.15
2018-05-26 07:00:00,185.51997
2018-05-26 07:15:00,194.14
2018-05-26 07:30:00,190.18999
2018-05-26 07:45:00,194.85999
2018-05-26 08:00:00,193.16
2018-05-26 08:15:00,194.20999
2018-05-26 08:30:00,192.57
2018-05-26 08:45:00,197.69
2018-05-26 09:00:00,204.41
2018-05-26 09:15:00,201.9
2018-05-26 09:30:00,199.34
2018-05-26 09:45:00,198.42
2018-05-26 10:00:00,198.22
2018-05-26 10:15:00,198.15
2018-05-26 10:30:00,203.35
2018-05-26 10:45:00,208.69
2018-05-26 11:00:00,203.48001
2018-05-26 11:15:00,207.95999
2018-05-26 11:30:00,212.10999
2018-05-26 11:45:00,212.63
2018-05-26 12:00:00,209.20999
2018-05-26 12:15:00,203.94
2018-05-26 12:30:00,191.77
2018-05-26 12:45:00,185.92
2018-05-26 13:00:00,175.91
2018-05-26 13:15:00,175.91
2018-05-26 13:30:00,179.93
2018-05-26 13:45:00,176.38
2018-05-26 14:00:00,171.76999
2018-05-26 14:15:00,160.19
2018-05-26 14:30:00,142.09
2018-05-26 14:45:00,129.85
2018-05-26 15:00:00,123.659996
2018-05-26 15:15:00,126.89
2018-05-26 15:30:00,113.66
2018-05-26 15:45:00,92.01
2018-05-26 16:00:00,67.59
2018-05-26 16:15:00,32.45
2018-05-26 16:30:00,13.55
2018-05-26 16:45:00,9.21
2018-05-26 17:00:00,6.6499996
2018-05-26 17:15:00,4.21
2018-05-26 17:30:00,1.5200001
2018-05-26 17:45:00,1.18
2018-05-26 18:00:00,0.59
2018-05-26 18:15:00,0.2
2018-05-26 18:30:00,0.26
2018-05-26 18:45:00,3.03
2018-05-26 19:00:00,4.87
2018-05-26 19:15:00,4.7400002
2018-05-26 19:30:00,0.53000003
2018-05-26 19:45:00,1.12
2018-05-26 20:00:00,5.73
2018-05-26 20:15:00,5.6000004
2018-05-26 20:30:00,7.1099997
2018-05-26 20:45:00,3.6200001
2018-05-26 21:00:00,4.15
2018-05-26 21:15:00,5.33
2018-05-26 21:30:00,3.4900002
2018-05-26 21:45:00,2.6299999
2018-05-26 22:00:00,0.0
2018-05-26 22:15:00,4.15
2018-05-26 22:30:00,5.19
2018-05-26 22:45:00,3.29
2018-05-26 23:00:00,4.8
2018-05-26 23:15:00,5.07
2018-05-26 23:30:00,0.0
2018-05-26 23:45:00,0.07
2018-05-27 00:00:00,0.13
2018-05-27 00:15:00,0.26
2018-05-27 00:30:00,0.13
2018-05-27 00:45:00,0.66
2018-05-27 01:00:00,0.53
2018-05-27 01:15:00,1.05
2018-05-27 01:30:00,1.84
2018-05-27 01:45:00,2.3
2018-05-27 02:00:00,7.5699997
2018-05-27 02:15:00,19.880001
2018-05-27 02:30:00,47.58
2018-05-27 02:45:00,77.72
2018-05-27 03:00:00,88.84
2018-05-27 03:15:00,85.88
2018-05-27 03:30:00,112.729996
2018-05-27 03:45:00,112.270004
2018-05-27 04:00:00,125.57
2018-05-27 04:15:00,124.78
2018-05-27 04:30:00,113.39
2018-05-27 04:45:00,117.73
2018-05-27 05:00:00,124.979996
2018-05-27 05:15:00,113.19
2018-05-27 05:30:00,114.25
2018-05-27 05:45:00,113.79
2018-05-27 06:00:00,119.25
2018-05-27 06:15:00,117.54
2018-05-27 06:30:00,102.14
2018-05-27 06:45:00,115.69
2018-05-27 07:00:00,116.020004
2018-05-27 07:15:00,121.55
2018-05-27 07:30:00,127.53999
2018-05-27 07:45:00,136.03
2018-05-27 08:00:00,125.83
2018-05-27 08:15:00,125.83
2018-05-27 08:30:00,143.47
2018-05-27 08:45:00,143.20999
2018-05-27 09:00:00,144.32
2018-05-27 09:15:00,140.56998
2018-05-27 09:30:00,142.15
2018-05-27 09:45:00,138.07
2018-05-27 10:00:00,132.88
2018-05-27 10:15:00,124.380005
2018-05-27 10:30:00,118.520004
2018-05-27 10:45:00,120.64
2018-05-27 11:00:00,124.05
2018-05-27 11:15:00,138.98999
2018-05-27 11:30:00,143.2
2018-05-27 11:45:00,137.81
2018-05-27 12:00:00,141.62
2018-05-27 12:15:00,137.48001
2018-05-27 12:30:00,135.43
2018-05-27 12:45:00,138.2
2018-05-27 13:00:00,128.14
2018-05-27 13:15:00,118.53
2018-05-27 13:30:00,116.22
2018-05-27 13:45:00,118.85
2018-05-27 14:00:00,118.72
2018-05-27 14:15:00,106.619995
2018-05-27 14:30:00,88.45
2018-05-27 14:45:00,68.84
2018-05-27 15:00:00,68.25
2018-05-27 15:15:00,60.61
2018-05-27 15:30:00,54.03
2018-05-27 15:45:00,49.82
2018-05-27 16:00:00,46.989998
2018-05-27 16:15:00,53.71
2018-05-27 16:30:00,51.33
2018-05-27 16:45:00,48.57
2018-05-27 17:00:00,37.25
2018-05-27 17:15:00,32.9
2018-05-27 17:30:00,39.95
2018-05-27 17:45:00,38.83
2018-05-27 18:00:00,41.79
2018-05-27 18:15:00,44.42
2018-05-27 18:30:00,45.93
2018-05-27 18:45:00,47.78
2018-05-27 19:00:00,44.43
2018-05-27 19:15:00,49.55
2018-05-27 19:30:00,46.13
2018-05-27 19:45:00,52.71
2018-05-27 20:00:00,47.58
2018-05-27 20:15:00,43.57
2018-05-27 20:30:00,39.29
2018-05-27 20:45:00,39.22
2018-05-27 21:00:00,34.55
2018-05-27 21:15:00,43.7
2018-05-27 21:30:00,38.629997
2018-05-27 21:45:00,39.16
2018-05-27 22:00:00,43.04
2018-05-27 22:15:00,43.96
2018-05-27 22:30:00,46.190002
2018-05-27 22:45:00,34.09
2018-05-27 23:00:00,42.84
2018-05-27 23:15:00,59.1
2018-05-27 23:30:00,50.28
2018-05-27 23:45:00,44.489998
2018-05-28 00:00:00,46.27
2018-05-28 00:15:00,59.23
2018-05-28 00:30:00,72.990005
2018-05-28 00:45:00,71.86
2018-05-28 01:00:00,51.4
2018-05-28 01:15:00,40.010002
2018-05-28 01:30:00,48.839996
2018-05-28 01:45:00,69.56
2018-05-28 02:00:00,74.17
2018-05-28 02:15:00,85.03
2018-05-28 02:30:00,98.39
2018-05-28 02:45:00,94.84
2018-05-28 03:00:00,93.19
2018-05-28 03:15:00,121.62
2018-05-28 03:30:00,119.25
2018-05-28 03:45:00,105.630005
2018-05-28 04:00:00,124.58
2018-05-28 04:15:00,143.34
2018-05-28 04:30:00,143.4
2018-05-28 04:45:00,161.7
2018-05-28 05:00:00,176.03998
2018-05-28 05:15:00,180.19
2018-05-28 05:30:00,195.26
2018-05-28 05:45:00,197.23999
2018-05-28 06:00:00,200.45999
2018-05-28 06:15:00,199.87
2018-05-28 06:30:00,195.92
2018-05-28 06:45:00,193.09
2018-05-28 07:00:00,193.62
2018-05-28 07:15:00,194.73999
2018-05-28 07:30:00,187.89
2018-05-28 07:45:00,185.58
2018-05-28 08:00:00,187.1
2018-05-28 08:15:00,191.70001
2018-05-28 08:30:00,180.13
2018-05-28 08:45:00,167.15999
2018-05-28 09:00:00,143.34
2018-05-28 09:15:00,117.409996
2018-05-28 09:30:00,100.69
2018-05-28 09:45:00,86.93
2018-05-28 10:00:00,69.1
2018-05-28 10:15:00,59.23
2018-05-28 10:30:00,58.64
2018-05-28 10:45:00,71.73
2018-05-28 11:00:00,80.82
2018-05-28 11:15:00,68.51
2018-05-28 11:30:00,89.9
2018-05-28 11:45:00,100.29
2018-05-28 12:00:00,102.270004
2018-05-28 12:15:00,103.19
2018-05-28 12:30:00,123.65
2018-05-28 12:45:00,108.92
2018-05-28 13:00:00,96.740005
2018-05-28 13:15:00,98.92
2018-05-28 13:30:00,93.78
2018-05-28 13:45:00,98.38
2018-05-28 14:00:00,94.240005
2018-05-28 14:15:00,96.020004
2018-05-28 14:30:00,98.520004
2018-05-28 14:45:00,108.19
2018-05-28 15:00:00,103.92
2018-05-28 15:15:00,93.58
2018-05-28 15:30:00,89.05
2018-05-28 15:45:00,92.33
2018-05-28 16:00:00,77.92
2018-05-28 16:15:00,83.71
2018-05-28 16:30:00,84.83
2018-05-28 16:45:00,76.020004
2018-05-28 17:00:00,91.41
2018-05-28 17:15:00,82.92
2018-05-28 17:30:00,90.03
2018-05-28 17:45:00,82.66
2018-05-28 18:00:00,81.08
2018-05-28 18:15:00,68.45
2018-05-28 18:30:00,57.65
2018-05-28 18:45:00,62.78
2018-05-28 19:00:00,52.85
2018-05-28 19:15:00,62.65
2018-05-28 19:30:00,59.75
2018-05-28 19:45:00,58.44
2018-05-28 20:00:00,57.79
2018-05-28 20:15:00,55.35
2018-05-28 20:30:00,51.86
2018-05-28 20:45:00,69.5
2018-05-28 21:00:00,55.48
2018-05-28 21:15:00,53.699997
2018-05-28 21:30:00,56.4
2018-05-28 21:45:00,68.31
2018-05-28 22:00:00,78.25
2018-05-28 22:15:00,77.86
2018-05-28 22:30:00,68.84
2018-05-28 22:45:00,67.45
2018-05-28 23:00:00,84.770004
2018-05-28 23:15:00,75.23
2018-05-28 23:30:00,79.17
2018-05-28 23:45:00,69.3
2018-05-29 00:00:00,82.729996
2018-05-29 00:15:00,64.3
2018-05-29 00:30:00,58.9
2018-05-29 00:45:00,54.89
2018-05-29 01:00:00,43.17
2018-05-29 01:15:00,48.96
2018-05-29 01:30:00,38.440002
2018-05-29 01:45:00,39.15
2018-05-29 02:00:00,48.559998
2018-05-29 02:15:00,46.8
2018-05-29 02:30:00,53.699997
2018-05-29 02:45:00,65.94
2018-05-29 03:00:00,69.3
2018-05-29 03:15:00,69.229996
2018-05-29 03:30:00,76.009995
2018-05-29 03:45:00,96.94
2018-05-29 04:00:00,125.16998
2018-05-29 04:15:00,135.3
2018-05-29 04:30:00,111.479996
2018-05-29 04:45:00,114.78
2018-05-29 05:00:00,127.08
2018-05-29 05:15:00,133.19998
2018-05-29 05:30:00,162.36
2018-05-29 05:45:00,182.76001
2018-05-29 06:00:00,174.92
2018-05-29 06:15:00,174.27
2018-05-29 06:30:00,171.05
2018-05-29 06:45:00,158.47
2018-05-29 07:00:00,144.06
2018-05-29 07:15:00,109.71001
2018-05-29 07:30:00,124.85
2018-05-29 07:45:00,122.47
2018-05-29 08:00:00,108.72
2018-05-29 08:15:00,99.57
2018-05-29 08:30:00,91.41
2018-05-29 08:45:00,104.84
2018-05-29 09:00:00,142.47998
2018-05-29 09:15:00,157.48999
2018-05-29 09:30:00,167.81998
2018-05-29 09:45:00,168.54001
2018-05-29 10:00:00,153.01
2018-05-29 10:15:00,146.95
2018-05-29 10:30:00,133.93
2018-05-29 10:45:00,132.87
2018-05-29 11:00:00,140.84
2018-05-29 11:15:00,134.38
2018-05-29 11:30:00,147.48001
2018-05-29 11:45:00,155.18
2018-05-29 12:00:00,155.38
2018-05-29 12:15:00,171.84
2018-05-29 12:30:00,180.26001
2018-05-29 12:45:00,193.54999
2018-05-29 13:00:00,195.72998
2018-05-29 13:15:00,194.07999
2018-05-29 13:30:00,179.01001
2018-05-29 13:45:00,190.66
2018-05-29 14:00:00,194.60999
2018-05-29 14:15:00,197.57
2018-05-29 14:30:00,200.39
2018-05-29 14:45:00,197.57
2018-05-29 15:00:00,201.44998
2018-05-29 15:15:00,204.73999
2018-05-29 15:30:00,203.22
2018-05-29 15:45:00,200.39
2018-05-29 16:00:00,201.83997
2018-05-29 16:15:00,198.09
2018-05-29 16:30:00,189.26997
2018-05-29 16:45:00,180.05
2018-05-29 17:00:00,168.34
2018-05-29 17:15:00,150.12
2018-05-29 17:30:00,142.61
2018-05-29 17:45:00,131.56
2018-05-29 18:00:00,125.5
2018-05-29 18:15:00,127.22
2018-05-29 18:30:00,112.34
2018-05-29 18:45:00,113.92
2018-05-29 19:00:00,99.31
2018-05-29 19:15:00,111.68
2018-05-29 19:30:00,105.69
2018-05-29 19:45:00,102.34
2018-05-29 20:00:00,93.119995
2018-05-29 20:15:00,91.28
2018-05-29 20:30:00,88.71
2018-05-29 20:45:00,84.24
2018-05-29 21:00:00,78.85
2018-05-29 21:15:00,78.51
2018-05-29 21:30:00,75.03
2018-05-29 21:45:00,68.240005
2018-05-29 22:00:00,66.08
2018-05-29 22:15:00,67.13
2018-05-29 22:30:00,59.76
2018-05-29 22:45:00,70.740005
2018-05-29 23:00:00,72.92
2018-05-29 23:15:00,61.870003
2018-05-29 23:30:00,79.369995
2018-05-29 23:45:00,69.17
2018-05-30 00:00:00,84.64
2018-05-30 00:15:00,88.71
2018-05-30 00:30:00,91.740005
2018-05-30 00:45:00,82.259995
2018-05-30 01:00:00,70.61
2018-05-30 01:15:00,71.8
2018-05-30 01:30:00,61.989998
2018-05-30 01:45:00,65.29
2018-05-30 02:00:00,67.06
2018-05-30 02:15:00,71.53999
2018-05-30 02:30:00,80.42
2018-05-30 02:45:00,108.0
2018-05-30 03:00:00,123.0
2018-05-30 03:15:00,132.41
2018-05-30 03:30:00,165.38
2018-05-30 03:45:00,174.26
2018-05-30 04:00:00,173.48001
2018-05-30 04:15:00,191.51001
2018-05-30 04:30:00,189.34
2018-05-30 04:45:00,186.76999
2018-05-30 05:00:00,184.85999
2018-05-30 05:15:00,188.81
2018-05-30 05:30:00,191.76999
2018-05-30 05:45:00,190.06
2018-05-30 06:00:00,197.83
2018-05-30 06:15:00,196.12
2018-05-30 06:30:00,203.95
2018-05-30 06:45:00,188.28998
2018-05-30 07:00:00,188.68
2018-05-30 07:15:00,179.79001
2018-05-30 07:30:00,181.38
2018-05-30 07:45:00,185.39
2018-05-30 08:00:00,177.03
2018-05-30 08:15:00,171.11
2018-05-30 08:30:00,168.22
2018-05-30 08:45:00,170.78
2018-05-30 09:00:00,175.45001
2018-05-30 09:15:00,183.55
2018-05-30 09:30:00,183.55
2018-05-30 09:45:00,189.46999
2018-05-30 10:00:00,189.4
2018-05-30 10:15:00,191.11
2018-05-30 10:30:00,192.62999
2018-05-30 10:45:00,196.38
2018-05-30 11:00:00,183.61
2018-05-30 11:15:00,180.58
2018-05-30 11:30:00,177.29001
2018-05-30 11:45:00,178.61
2018-05-30 12:00:00,167.36
2018-05-30 12:15:00,151.23001
2018-05-30 12:30:00,139.90999
2018-05-30 12:45:00,125.04
2018-05-30 13:00:00,105.5
2018-05-30 13:15:00,109.71
2018-05-30 13:30:00,106.479996
2018-05-30 13:45:00,123.66
2018-05-30 14:00:00,132.54001
2018-05-30 14:15:00,144.98001
2018-05-30 14:30:00,125.83
2018-05-30 14:45:00,119.64
2018-05-30 15:00:00,111.61
2018-05-30 15:15:00,102.14
2018-05-30 15:30:00,90.1
2018-05-30 15:45:00,75.03
2018-05-30 16:00:00,75.95
2018-05-30 16:15:00,65.28
2018-05-30 16:30:00,66.93
2018-05-30 16:45:00,76.41
2018-05-30 17:00:00,73.25
2018-05-30 17:15:00,67.979996
2018-05-30 17:30:00,69.96001
2018-05-30 17:45:00,69.759995
2018-05-30 18:00:00,69.229996
2018-05-30 18:15:00,70.94
2018-05-30 18:30:00,76.41
2018-05-30 18:45:00,79.43
2018-05-30 19:00:00,85.49
2018-05-30 19:15:00,76.869995
2018-05-30 19:30:00,81.87
2018-05-30 19:45:00,91.08
2018-05-30 20:00:00,98.979996
2018-05-30 20:15:00,104.44
2018-05-30 20:30:00,109.38
2018-05-30 20:45:00,125.700005
2018-05-30 21:00:00,101.94
2018-05-30 21:15:00,110.96
2018-05-30 21:30:00,97.14
2018-05-30 21:45:00,101.54
2018-05-30 22:00:00,101.29
2018-05-30 22:15:00,81.67
2018-05-30 22:30:00,102.0
2018-05-30 22:45:00,110.17
2018-05-30 23:00:00,119.97
2018-05-30 23:15:00,133.72
2018-05-30 23:30:00,146.76001
2018-05-30 23:45:00,145.25
2018-05-31 00:00:00,159.53
2018-05-31 00:15:00,163.67
2018-05-31 00:30:00,175.65
2018-05-31 00:45:00,170.57999
2018-05-31 01:00:00,174.32999
2018-05-31 01:15:00,171.76999
2018-05-31 01:30:00,186.51
2018-05-31 01:45:00,182.36
2018-05-31 02:00:00,185.45999
2018-05-31 02:15:00,194.20999
2018-05-31 02:30:00,194.87
2018-05-31 02:45:00,203.35
2018-05-31 03:00:00,209.47
2018-05-31 03:15:00,211.37999
2018-05-31 03:30:00,207.31
2018-05-31 03:45:00,210.26999
2018-05-31 04:00:00,208.54999
2018-05-31 04:15:00,205.0
2018-05-31 04:30:00,203.68
2018-05-31 04:45:00,206.04999
2018-05-31 05:00:00,208.95
2018-05-31 05:15:00,207.89
2018-05-31 05:30:00,204.87
2018-05-31 05:45:00,205.79001
2018-05-31 06:00:00,204.01001
2018-05-31 06:15:00,201.64001
2018-05-31 06:30:00,186.64
2018-05-31 06:45:00,175.92
2018-05-31 07:00:00,176.95999
2018-05-31 07:15:00,166.18
2018-05-31 07:30:00,169.27
2018-05-31 07:45:00,159.78
2018-05-31 08:00:00,132.08
2018-05-31 08:15:00,138.86
2018-05-31 08:30:00,150.91
2018-05-31 08:45:00,150.7
2018-05-31 09:00:00,151.95999
2018-05-31 09:15:00,153.20999
2018-05-31 09:30:00,142.94
2018-05-31 09:45:00,147.35
2018-05-31 10:00:00,142.01999
2018-05-31 10:15:00,143.73001
2018-05-31 10:30:00,151.43
2018-05-31 10:45:00,156.5
2018-05-31 11:00:00,159.26
2018-05-31 11:15:00,157.55
2018-05-31 11:30:00,163.01
2018-05-31 11:45:00,160.51
2018-05-31 12:00:00,160.70999
2018-05-31 12:15:00,161.43
2018-05-31 12:30:00,169.53
2018-05-31 12:45:00,158.67
2018-05-31 13:00:00,157.62
2018-05-31 13:15:00,153.67
2018-05-31 13:30:00,178.08
2018-05-31 13:45:00,190.98999
2018-05-31 14:00:00,180.84
2018-05-31 14:15:00,177.22998
2018-05-31 14:30:00,170.85
2018-05-31 14:45:00,142.28
2018-05-31 15:00:00,132.54001
2018-05-31 15:15:00,128.66
2018-05-31 15:30:00,118.65
2018-05-31 15:45:00,104.84
2018-05-31 16:00:00,94.5
2018-05-31 16:15:00,84.04
2018-05-31 16:30:00,94.7
2018-05-31 16:45:00,66.99
2018-05-31 17:00:00,64.63
2018-05-31 17:15:00,40.870003
2018-05-31 17:30:00,31.39
2018-05-31 17:45:00,31.92
2018-05-31 18:00:00,23.36
2018-05-31 18:15:00,20.59
2018-05-31 18:30:00,17.24
2018-05-31 18:45:00,21.25
2018-05-31 19:00:00,21.0
2018-05-31 19:15:00,23.560001
2018-05-31 19:30:00,27.24
2018-05-31 19:45:00,23.43
2018-05-31 20:00:00,25.01
2018-05-31 20:15:00,28.89
2018-05-31 20:30:00,22.91
2018-05-31 20:45:00,23.759998
2018-05-31 21:00:00,18.689999
2018-05-31 21:15:00,14.15
2018-05-31 21:30:00,18.49
2018-05-31 21:45:00,42.78
2018-05-31 22:00:00,54.559998
2018-05-31 22:15:00,47.78
2018-05-31 22:30:00,45.15
2018-05-31 22:45:00,44.62
2018-05-31 23:00:00,50.940002
2018-05-31 23:15:00,59.160004
2018-05-31 23:30:00,75.55
2018-05-31 23:45:00,93.25
2018-06-01 00:00:00,102.33
2018-06-01 00:15:00,122.68
2018-06-01 00:30:00,117.73
2018-06-01 00:45:00,118.07
2018-06-01 01:00:00,126.03
2018-06-01 01:15:00,121.81
2018-06-01 01:30:00,121.75
2018-06-01 01:45:00,126.03
2018-06-01 02:00:00,129.32
2018-06-01 02:15:00,130.76
2018-06-01 02:30:00,116.020004
2018-06-01 02:45:00,116.880005
2018-06-01 03:00:00,122.270004
2018-06-01 03:15:00,145.44
2018-06-01 03:30:00,167.22
2018-06-01 03:45:00,171.3
2018-06-01 04:00:00,167.29001
2018-06-01 04:15:00,164.20001
2018-06-01 04:30:00,169.45999
2018-06-01 04:45:00,167.69
2018-06-01 05:01:00,168.02
2018-06-01 05:15:00,173.94
2018-06-01 05:30:00,176.11
2018-06-01 05:45:00,166.82999
2018-06-01 06:00:00,163.34
2018-06-01 06:15:00,163.99998
2018-06-01 06:30:00,174.73001
2018-06-01 06:45:00,170.52
2018-06-01 07:00:00,178.47
2018-06-01 07:15:00,179.92
2018-06-01 07:30:00,171.9
2018-06-01 07:45:00,181.91
2018-06-01 08:00:00,176.31
2018-06-01 08:15:00,172.69
2018-06-01 08:30:00,185.51999
2018-06-01 08:45:00,187.62
2018-06-01 09:00:00,173.94
2018-06-01 09:15:00,172.82
2018-06-01 09:30:00,178.94
2018-06-01 09:45:00,167.54999
2018-06-01 10:00:00,175.65
2018-06-01 10:15:00,169.53
2018-06-01 10:30:00,158.85999
2018-06-01 10:45:00,146.95
2018-06-01 11:00:00,152.03
2018-06-01 11:15:00,147.22
2018-06-01 11:30:00,146.5
2018-06-01 11:45:00,157.22
2018-06-01 12:00:00,158.61
2018-06-01 12:15:00,136.82
2018-06-01 12:30:00,131.76001
2018-06-01 12:45:00,107.47
2018-06-01 13:00:00,99.83
2018-06-01 13:15:00,110.369995
2018-06-01 13:30:00,102.86
2018-06-01 13:45:00,97.4
2018-06-01 14:00:00,111.68
2018-06-01 14:15:00,108.520004
2018-06-01 14:30:00,118.729996
2018-06-01 14:45:00,105.76
2018-06-01 15:00:00,99.44
2018-06-01 15:15:00,83.71
2018-06-01 15:30:00,77.19
2018-06-01 15:45:00,74.63
2018-06-01 16:00:00,73.9
2018-06-01 16:15:00,68.24
2018-06-01 16:30:00,69.17
2018-06-01 16:45:00,60.35
2018-06-01 17:00:00,63.969997
2018-06-01 17:15:00,58.64
2018-06-01 17:30:00,45.94
2018-06-01 17:45:00,52.91
2018-06-01 18:00:00,43.230003
2018-06-01 18:15:00,43.440002
2018-06-01 18:30:00,51.2
2018-06-01 18:45:00,52.65
2018-06-01 19:00:00,56.07
2018-06-01 19:15:00,55.940002
2018-06-01 19:30:00,55.739998
2018-06-01 19:45:00,64.100006
2018-06-01 20:00:00,62.98
2018-06-01 20:15:00,78.84
2018-06-01 20:30:00,79.5
2018-06-01 20:45:00,91.54
2018-06-01 21:00:00,82.86
2018-06-01 21:15:00,86.94
2018-06-01 21:30:00,93.91
2018-06-01 21:45:00,104.84
2018-06-01 22:00:00,107.66
2018-06-01 22:15:00,121.68
2018-06-01 22:30:00,125.89
2018-06-01 22:45:00,126.29
2018-06-01 23:00:00,137.94
2018-06-01 23:15:00,154.20001
2018-06-01 23:30:00,165.57999
2018-06-01 23:45:00,170.25
2018-06-02 00:00:00,165.32
2018-06-02 00:15:00,169.33
2018-06-02 00:30:00,159.91998
2018-06-02 00:45:00,136.23001
2018-06-02 01:00:00,132.01999
2018-06-02 01:15:00,136.95
2018-06-02 01:30:00,154.79001
2018-06-02 01:45:00,171.9
2018-06-02 02:00:00,174.45999
2018-06-02 02:15:00,150.18
2018-06-02 02:30:00,128.86
2018-06-02 02:45:00,120.17
2018-06-02 03:00:00,60.15
2018-06-02 03:15:00,21.06
2018-06-02 03:30:00,0.91999996
2018-06-02 03:45:00,148.4
2018-06-02 04:00:00,44.62
2018-06-02 04:15:00,212.37
2018-06-02 04:30:00,38.1
2018-06-02 04:45:00,13.88
2018-06-02 05:00:00,38.63
2018-06-02 05:15:00,103.259995
2018-06-02 05:30:00,101.42
2018-06-02 05:45:00,151.83
2018-06-02 06:00:00,193.48999
2018-06-02 06:15:00,196.19
2018-06-02 06:30:00,188.48999
2018-06-02 06:45:00,181.38
2018-06-02 07:00:00,189.47
2018-06-02 07:15:00,195.26
2018-06-02 07:30:00,187.95999
2018-06-02 07:45:00,190.98999
2018-06-02 08:00:00,182.03
2018-06-02 08:15:00,190.18999
2018-06-02 08:30:00,192.56
2018-06-02 08:45:00,195.06
2018-06-02 09:00:00,187.89
2018-06-02 09:15:00,189.54001
2018-06-02 09:30:00,181.95999
2018-06-02 09:45:00,182.82999
2018-06-02 10:00:00,185.39
2018-06-02 10:15:00,173.35
2018-06-02 10:30:00,180.78
2018-06-02 10:45:00,176.7
2018-06-02 11:00:00,177.89
2018-06-02 11:15:00,184.67
2018-06-02 11:30:00,189.00998
2018-06-02 11:45:00,193.01999
2018-06-02 12:00:00,190.31998
2018-06-02 12:15:00,189.34
2018-06-02 12:30:00,181.70999
2018-06-02 12:45:00,173.15
2018-06-02 13:00:00,156.89
2018-06-02 13:15:00,143.4
2018-06-02 13:30:00,137.42
2018-06-02 13:45:00,144.70999
2018-06-02 14:00:00,140.64
2018-06-02 14:15:00,124.380005
2018-06-02 14:30:00,111.16
2018-06-02 14:45:00,96.149994
2018-06-02 15:00:00,88.91
2018-06-02 15:15:00,54.89
2018-06-02 15:30:00,0.99
2018-06-02 15:45:00,3.09
2018-06-02 16:00:00,17.439999
2018-06-02 16:15:00,13.1
2018-06-02 16:30:00,23.560001
2018-06-02 16:45:00,9.8
2018-06-02 17:00:00,8.03
2018-06-02 17:15:00,5.1400003
2018-06-02 17:30:00,9.280001
2018-06-02 17:45:00,7.3
2018-06-02 18:00:00,8.16
2018-06-02 18:15:00,10.07
2018-06-02 18:30:00,10.59
2018-06-02 18:45:00,9.35
2018-06-02 19:00:00,13.43
2018-06-02 19:15:00,17.44
2018-06-02 19:30:00,22.57
2018-06-02 19:45:00,37.05
2018-06-02 20:00:00,58.24
2018-06-02 20:15:00,68.05
2018-06-02 20:30:00,73.97
2018-06-02 20:45:00,64.95
2018-06-02 21:00:00,75.41
2018-06-02 21:15:00,85.619995
2018-06-02 21:30:00,92.399994
2018-06-02 21:45:00,82.66
2018-06-02 22:00:00,108.59
2018-06-02 22:15:00,88.65
2018-06-02 22:30:00,92.53
2018-06-02 22:45:00,113.79
2018-06-02 23:00:00,130.17
2018-06-02 23:15:00,163.15
2018-06-02 23:30:00,170.98001
2018-06-02 23:45:00,186.38
2018-06-03 00:00:00,178.81
2018-06-03 00:15:00,164.85
2018-06-03 00:30:00,172.75
2018-06-03 00:45:00,162.16
2018-06-03 01:00:00,173.00998
2018-06-03 01:15:00,187.82
2018-06-03 01:30:00,171.57
2018-06-03 01:45:00,157.75
2018-06-03 02:00:00,128.85
2018-06-03 02:15:00,137.55
2018-06-03 02:30:00,115.11
2018-06-03 02:45:00,120.630005
2018-06-03 03:00:00,149.26001
2018-06-03 03:15:00,156.69
2018-06-03 03:30:00,185.45999
2018-06-03 03:45:00,192.23999
2018-06-03 04:00:00,198.95
2018-06-03 04:15:00,198.42
2018-06-03 04:30:00,183.61
2018-06-03 04:45:00,159.59
2018-06-03 05:00:00,143.34
2018-06-03 05:15:00,167.88
2018-06-03 05:30:00,164.79001
2018-06-03 05:45:00,179.14
2018-06-03 06:00:00,203.56
2018-06-03 06:15:00,205.53
2018-06-03 06:30:00,207.16998
2018-06-03 06:45:00,193.54999
2018-06-03 07:00:00,176.51001
2018-06-03 07:15:00,183.87
2018-06-03 07:30:00,202.23999
2018-06-03 07:45:00,215.26999
2018-06-03 08:00:00,206.65
2018-06-03 08:15:00,202.7
2018-06-03 08:30:00,204.73999
2018-06-03 08:45:00,187.17
2018-06-03 09:00:00,189.6
2018-06-03 09:15:00,189.27
2018-06-03 09:30:00,189.34
2018-06-03 09:45:00,177.62
2018-06-03 10:00:00,161.95999
2018-06-03 10:15:00,155.51001
2018-06-03 10:30:00,148.99
2018-06-03 10:45:00,138.32999
2018-06-03 11:00:00,143.86
2018-06-03 11:15:00,138.98999
2018-06-03 11:30:00,131.21999
2018-06-03 11:45:00,136.3
2018-06-03 12:00:00,127.74
2018-06-03 12:15:00,106.81
2018-06-03 12:30:00,89.9
2018-06-03 12:45:00,90.76
2018-06-03 13:00:00,110.36
2018-06-03 13:15:00,113.72
2018-06-03 13:30:00,127.8
2018-06-03 13:45:00,158.08
2018-06-03 14:00:00,159.78
2018-06-03 14:15:00,153.8
2018-06-03 14:30:00,148.59999
2018-06-03 14:45:00,152.95001
2018-06-03 15:00:00,164.79
2018-06-03 15:15:00,165.64
2018-06-03 15:30:00,162.95001
2018-06-03 15:45:00,157.23
2018-06-03 16:00:00,152.22
2018-06-03 16:15:00,139.58
2018-06-03 16:30:00,136.48999
2018-06-03 16:45:00,129.39
2018-06-03 17:00:00,123.85
2018-06-03 17:15:00,105.69
2018-06-03 17:30:00,102.600006
2018-06-03 17:45:00,83.05
2018-06-03 18:00:00,70.68
2018-06-03 18:15:00,56.54
2018-06-03 18:30:00,51.07
2018-06-03 18:45:00,42.84
2018-06-03 19:00:00,44.23
2018-06-03 19:15:00,41.0
2018-06-03 19:30:00,35.67
2018-06-03 19:45:00,30.8
2018-06-03 20:00:00,27.97
2018-06-03 20:15:00,25.99
2018-06-03 20:30:00,25.009998
2018-06-03 20:45:00,20.59
2018-06-03 21:00:00,27.9
2018-06-03 21:15:00,26.39
2018-06-03 21:30:00,22.31
2018-06-03 21:45:00,23.76
2018-06-03 22:00:00,21.65
2018-06-03 22:15:00,21.52
2018-06-03 22:30:00,19.09
2018-06-03 22:45:00,24.81
2018-06-03 23:00:00,23.1
2018-06-03 23:15:00,22.71
2018-06-03 23:30:00,29.349998
2018-06-03 23:45:00,34.22
2018-06-04 00:00:00,30.8
2018-06-04 00:15:00,32.84
2018-06-04 00:30:00,32.97
2018-06-04 00:45:00,40.22
2018-06-04 01:00:00,35.41
2018-06-04 01:15:00,30.93
2018-06-04 01:30:00,36.46
2018-06-04 01:45:00,29.48
2018-06-04 02:00:00,33.56
2018-06-04 02:15:00,38.04
2018-06-04 02:30:00,49.89
2018-06-04 02:45:00,61.8
2018-06-04 03:00:00,75.29
2018-06-04 03:15:00,81.6
2018-06-04 03:30:00,78.770004
2018-06-04 03:45:00,73.18
2018-06-04 04:00:00,53.05
2018-06-04 04:15:00,60.68
2018-06-04 04:30:00,44.760002
2018-06-04 04:45:00,37.91
2018-06-04 05:00:00,37.64
2018-06-04 05:15:00,38.49
2018-06-04 05:30:00,36.27
2018-06-04 05:45:00,27.579998
2018-06-04 06:00:00,14.28
2018-06-04 06:15:00,11.5199995
2018-06-04 06:30:00,18.82
2018-06-04 06:45:00,30.93
2018-06-04 07:00:00,29.09
2018-06-04 07:15:00,26.260002
2018-06-04 07:30:00,11.32
2018-06-04 07:45:00,31.130001
2018-06-04 08:00:00,188.42
2018-06-04 08:15:00,205.45999
2018-06-04 08:30:00,200.26999
2018-06-04 08:45:00,136.75
2018-06-04 09:00:00,112.67
2018-06-04 09:15:00,92.4
2018-06-04 09:30:00,122.54
2018-06-04 09:45:00,97.130005
2018-06-04 10:00:00,33.3
2018-06-04 10:15:00,96.15
2018-06-04 10:30:00,112.86
2018-06-04 10:45:00,186.97
2018-06-04 11:00:00,194.99998
2018-06-04 11:15:00,184.59999
2018-06-04 11:30:00,142.01999
2018-06-04 11:45:00,128.79001
2018-06-04 12:00:00,103.649994
2018-06-04 12:15:00,74.11
2018-06-04 12:30:00,18.220001
2018-06-04 12:45:00,9.87
2018-06-04 13:00:00,21.119999
2018-06-04 13:15:00,11.190001
2018-06-04 13:30:00,22.18
2018-06-04 13:45:00,27.24
2018-06-04 14:00:00,19.61
2018-06-04 14:15:00,2.17
2018-06-04 14:30:00,9.21
2018-06-04 14:45:00,25.0
2018-06-04 15:00:00,21.79
2018-06-04 15:15:00,17.7
2018-06-04 15:30:00,13.29
2018-06-04 15:45:00,12.77
2018-06-04 16:00:00,17.24
2018-06-04 16:15:00,14.94
2018-06-04 16:30:00,18.75
2018-06-04 16:45:00,24.75
2018-06-04 17:00:00,30.21
2018-06-04 17:15:00,22.369999
2018-06-04 17:30:00,18.099998
2018-06-04 17:45:00,23.029999
2018-06-04 18:00:00,23.23
2018-06-04 18:15:00,21.189999
2018-06-04 18:30:00,18.369999
2018-06-04 18:45:00,13.82
2018-06-04 19:00:00,14.67
2018-06-04 19:15:00,17.96
2018-06-04 19:30:00,26.25
2018-06-04 19:45:00,26.85
2018-06-04 20:00:00,23.099998
2018-06-04 20:15:00,18.830002
2018-06-04 20:30:00,14.35
2018-06-04 20:45:00,13.559999
2018-06-04 21:00:00,14.41
2018-06-04 21:15:00,10.4
2018-06-04 21:30:00,14.41
2018-06-04 21:45:00,9.81
2018-06-04 22:00:00,8.36
2018-06-04 22:15:00,10.92
2018-06-04 22:30:00,8.42
2018-06-04 22:45:00,8.809999
2018-06-04 23:00:00,8.43
2018-06-04 23:15:00,9.940001
2018-06-04 23:30:00,15.13
2018-06-04 23:45:00,12.77
2018-06-05 00:00:00,13.16
2018-06-05 00:15:00,15.530001
2018-06-05 00:30:00,9.22
2018-06-05 00:45:00,14.15
2018-06-05 01:00:00,26.060001
2018-06-05 01:15:00,18.16
2018-06-05 01:30:00,16.32
2018-06-05 01:45:00,15.13
2018-06-05 02:00:00,13.75
2018-06-05 02:15:00,16.19
2018-06-05 02:30:00,18.5
2018-06-05 02:45:00,27.58
2018-06-05 03:00:00,36.59
2018-06-05 03:15:00,37.58
2018-06-05 03:30:00,35.21
2018-06-05 03:45:00,30.27
2018-06-05 04:00:00,34.35
2018-06-05 04:15:00,34.35
2018-06-05 04:30:00,30.33
2018-06-05 04:45:00,28.689999
2018-06-05 05:00:00,26.92
2018-06-05 05:15:00,33.17
2018-06-05 05:30:00,25.28
2018-06-05 05:45:00,29.29
2018-06-05 06:00:00,31.79
2018-06-05 06:15:00,38.43
2018-06-05 06:30:00,51.6
2018-06-05 06:45:00,54.1
2018-06-05 07:00:00,81.4
2018-06-05 07:15:00,94.84
2018-06-05 07:30:00,90.55
2018-06-05 07:45:00,99.04
2018-06-05 08:00:00,100.69
2018-06-05 08:15:00,78.17999
2018-06-05 08:30:00,70.42
2018-06-05 08:45:00,77.59
2018-06-05 09:00:00,85.29
2018-06-05 09:15:00,84.7
2018-06-05 09:30:00,64.3
2018-06-05 09:45:00,65.02
2018-06-05 10:00:00,93.78
2018-06-05 10:15:00,125.96
2018-06-05 10:30:00,103.32
2018-06-05 10:45:00,99.31
2018-06-05 11:00:00,108.72
2018-06-05 11:15:00,106.22
2018-06-05 11:30:00,99.96
2018-06-05 11:45:00,98.65
2018-06-05 12:00:00,104.37
2018-06-05 12:15:00,101.54
2018-06-05 12:30:00,102.14
2018-06-05 12:45:00,109.31
2018-06-05 13:00:00,103.66
2018-06-05 13:15:00,96.28
2018-06-05 13:30:00,82.2
2018-06-05 13:45:00,81.009995
2018-06-05 14:00:00,90.82
2018-06-05 14:15:00,89.31
2018-06-05 14:30:00,81.41
2018-06-05 14:45:00,82.39
2018-06-05 15:00:00,66.67
2018-06-05 15:15:00,74.1
2018-06-05 15:30:00,65.020004
2018-06-05 15:45:00,55.47
2018-06-05 16:00:00,53.05
2018-06-05 16:15:00,42.91
2018-06-05 16:30:00,40.15
2018-06-05 16:45:00,34.42
2018-06-05 17:00:00,17.439999
2018-06-05 17:15:00,19.48
2018-06-05 17:30:00,13.42
2018-06-05 17:45:00,10.860001
2018-06-05 18:00:00,4.67
2018-06-05 18:15:00,1.25
2018-06-05 18:30:00,0.0
2018-06-05 18:45:00,0.86
2018-06-05 19:00:00,1.1800001
2018-06-05 19:15:00,2.4299998
2018-06-05 19:30:00,4.67
2018-06-05 19:45:00,5.53
2018-06-05 20:00:00,3.62
2018-06-05 20:15:00,7.4300003
2018-06-05 20:30:00,9.14
2018-06-05 20:45:00,7.7
2018-06-05 21:00:00,15.7300005
2018-06-05 21:15:00,18.82
2018-06-05 21:30:00,17.44
2018-06-05 21:45:00,20.4
2018-06-05 22:00:00,20.73
2018-06-05 22:15:00,22.05
2018-06-05 22:30:00,23.3
2018-06-05 22:45:00,26.98
2018-06-05 23:00:00,23.96
2018-06-05 23:15:00,22.91
2018-06-05 23:30:00,23.619999
2018-06-05 23:45:00,24.61
2018-06-06 00:00:00,22.439999
2018-06-06 00:15:00,25.73
2018-06-06 00:30:00,20.14
2018-06-06 00:45:00,17.57
2018-06-06 01:00:00,12.05
2018-06-06 01:15:00,1.25
2018-06-06 01:30:00,11.25
2018-06-06 01:45:00,15.599999
2018-06-06 02:00:00,22.57
2018-06-06 02:15:00,21.32
2018-06-06 02:30:00,39.22
2018-06-06 02:45:00,63.83
2018-06-06 03:00:00,60.940002
2018-06-06 03:15:00,76.47
2018-06-06 03:30:00,70.29
2018-06-06 03:45:00,87.79
2018-06-06 04:00:00,74.759995
2018-06-06 04:15:00,53.57
2018-06-06 04:30:00,34.29
2018-06-06 04:45:00,120.17
2018-06-06 05:00:00,89.3
2018-06-06 05:15:00,116.56
2018-06-06 05:30:00,116.74
2018-06-06 05:45:00,147.29
2018-06-06 06:00:00,128.14
2018-06-06 06:15:00,133.2
2018-06-06 06:30:00,150.84
2018-06-06 06:45:00,145.18
2018-06-06 07:00:00,88.380005
2018-06-06 07:15:00,64.04
2018-06-06 07:30:00,49.690002
2018-06-06 07:45:00,87.66
2018-06-06 08:00:00,156.09998
2018-06-06 08:15:00,104.7
2018-06-06 08:30:00,67.119995
2018-06-06 08:45:00,71.01
2018-06-06 09:00:00,98.72
2018-06-06 09:15:00,142.94
2018-06-06 09:30:00,174.98999
2018-06-06 09:45:00,189.01001
2018-06-06 10:00:00,198.48999
2018-06-06 10:15:00,158.41
2018-06-06 10:30:00,170.51999
2018-06-06 10:45:00,185.65
2018-06-06 11:00:00,197.1
2018-06-06 11:15:00,209.40997
2018-06-06 11:30:00,201.12
2018-06-06 11:45:00,187.63
2018-06-06 12:00:00,182.69
2018-06-06 12:15:00,159.53
2018-06-06 12:30:00,113.66
2018-06-06 12:45:00,71.79
2018-06-06 13:00:00,77.270004
2018-06-06 13:15:00,71.740005
2018-06-06 13:30:00,39.23
2018-06-06 13:45:00,34.23
2018-06-06 14:00:00,28.37
2018-06-06 14:15:00,19.74
2018-06-06 14:30:00,23.689999
2018-06-06 14:45:00,34.09
2018-06-06 15:00:00,34.23
2018-06-06 15:15:00,46.79
2018-06-06 15:30:00,74.240005
2018-06-06 15:45:00,89.57001
2018-06-06 16:00:00,65.16
2018-06-06 16:15:00,45.739998
2018-06-06 16:30:00,38.760002
2018-06-06 16:45:00,39.29
2018-06-06 17:00:00,43.370003
2018-06-06 17:15:00,46.269997
2018-06-06 17:30:00,62.449997
2018-06-06 17:45:00,43.17
2018-06-06 18:00:00,47.050003
2018-06-06 18:15:00,58.7
2018-06-06 18:30:00,69.56
2018-06-06 18:45:00,60.02
2018-06-06 19:00:00,51.79
2018-06-06 19:15:00,55.21
2018-06-06 19:30:00,45.35
2018-06-06 19:45:00,45.41
2018-06-06 20:00:00,30.009998
2018-06-06 20:15:00,32.05
2018-06-06 20:30:00,28.23
2018-06-06 20:45:00,33.43
2018-06-06 21:00:00,27.64
2018-06-06 21:15:00,29.16
2018-06-06 21:30:00,27.84
2018-06-06 21:45:00,32.510002
2018-06-06 22:00:00,27.97
2018-06-06 22:15:00,36.79
2018-06-06 22:30:00,29.82
2018-06-06 22:45:00,37.98
2018-06-06 23:00:00,32.51
2018-06-06 23:15:00,48.18
2018-06-06 23:30:00,47.65
2018-06-06 23:45:00,61.6
2018-06-07 00:00:00,104.31
2018-06-07 00:15:00,106.22
2018-06-07 00:30:00,113.119995
2018-06-07 00:45:00,98.78
2018-06-07 01:00:00,89.9
2018-06-07 01:15:00,73.770004
2018-06-07 01:30:00,88.32
2018-06-07 01:45:00,82.259995
2018-06-07 02:00:00,74.56
2018-06-07 02:15:00,73.71001
2018-06-07 02:30:00,77.259995
2018-06-07 02:45:00,89.64
2018-06-07 03:00:00,88.25
2018-06-07 03:15:00,135.04
2018-06-07 03:30:00,163.28
2018-06-07 03:45:00,183.01999
2018-06-07 04:00:00,186.78
2018-06-07 04:15:00,200.72
2018-06-07 04:30:00,201.11
2018-06-07 04:45:00,203.54999
2018-06-07 05:00:00,197.68999
2018-06-07 05:15:00,202.23
2018-06-07 05:30:00,200.19
2018-06-07 05:45:00,208.69
2018-06-07 06:00:00,215.93
2018-06-07 06:15:00,209.6
2018-06-07 06:30:00,194.01001
2018-06-07 06:45:00,179.98999
2018-06-07 07:00:00,174.98999
2018-06-07 07:15:00,179.47
2018-06-07 07:30:00,189.73999
2018-06-07 07:45:00,184.07
2018-06-07 08:00:00,178.09
2018-06-07 08:15:00,182.43
2018-06-07 08:30:00,188.48
2018-06-07 08:45:00,191.84
2018-06-07 09:00:00,175.57999
2018-06-07 09:15:00,173.81
2018-06-07 09:30:00,171.76999
2018-06-07 09:45:00,176.43
2018-06-07 10:00:00,171.37
2018-06-07 10:15:00,162.29001
2018-06-07 10:30:00,154.72
2018-06-07 10:45:00,133.73
2018-06-07 11:00:00,120.630005
2018-06-07 11:15:00,129.06
2018-06-07 11:30:00,139.25
2018-06-07 11:45:00,134.32
2018-06-07 12:00:00,132.74
2018-06-07 12:15:00,124.91
2018-06-07 12:30:00,112.21
2018-06-07 12:45:00,109.57001
2018-06-07 13:00:00,95.28999
2018-06-07 13:15:00,112.07
2018-06-07 13:30:00,116.020004
2018-06-07 13:45:00,131.29001
2018-06-07 14:00:00,140.44
2018-06-07 14:15:00,144.13
2018-06-07 14:30:00,147.42
2018-06-07 14:45:00,169.86
2018-06-07 15:00:00,154.65
2018-06-07 15:15:00,144.25
2018-06-07 15:30:00,135.04001
2018-06-07 15:45:00,112.33
2018-06-07 16:00:00,111.020004
2018-06-07 16:15:00,109.57
2018-06-07 16:30:00,102.46
2018-06-07 16:45:00,108.850006
2018-06-07 17:00:00,114.58
2018-06-07 17:15:00,115.3
2018-06-07 17:30:00,101.75
2018-06-07 17:45:00,105.96
2018-06-07 18:00:00,105.03
2018-06-07 18:15:00,101.740005
2018-06-07 18:30:00,113.399994
2018-06-07 18:45:00,116.74
2018-06-07 19:00:00,126.619995
2018-06-07 19:15:00,128.4
2018-06-07 19:30:00,128.46
2018-06-07 19:45:00,131.81999
2018-06-07 20:00:00,137.54001
2018-06-07 20:15:00,135.04001
2018-06-07 20:30:00,124.770004
2018-06-07 20:45:00,121.82
2018-06-07 21:00:00,123.399994
2018-06-07 21:15:00,140.17
2018-06-07 21:30:00,142.15
2018-06-07 21:45:00,128.06999
2018-06-07 22:00:00,141.83
2018-06-07 22:15:00,153.26999
2018-06-07 22:30:00,173.02
2018-06-07 22:45:00,165.31
2018-06-07 23:00:00,175.98
2018-06-07 23:15:00,165.58
2018-06-07 23:30:00,146.87997
2018-06-07 23:45:00,169.2
2018-06-08 00:00:00,174.66
2018-06-08 00:15:00,178.54001
2018-06-08 00:30:00,173.54001
2018-06-08 00:45:00,195.25998
2018-06-08 01:00:00,193.48001
2018-06-08 01:15:00,193.09
2018-06-08 01:30:00,161.03
2018-06-08 01:45:00,91.68
2018-06-08 02:00:00,171.62999
2018-06-08 02:15:00,164.65999
2018-06-08 02:30:00,188.48001
2018-06-08 02:45:00,93.380005
2018-06-08 03:00:00,110.17
2018-06-08 03:15:00,140.97
2018-06-08 03:30:00,161.09999
2018-06-08 03:45:00,182.03
2018-06-08 04:00:00,141.43
2018-06-08 04:15:00,145.18
2018-06-08 04:30:00,149.72
2018-06-08 04:45:00,65.16
2018-06-08 05:00:00,60.480003
2018-06-08 05:15:00,82.86
2018-06-08 05:30:00,151.16
2018-06-08 05:45:00,208.03
2018-06-08 06:00:00,217.10999
2018-06-08 06:15:00,216.51999
2018-06-08 06:30:00,158.93
2018-06-08 06:45:00,203.0
2018-06-08 07:00:00,181.37
2018-06-08 07:15:00,194.41
2018-06-08 07:30:00,120.89
2018-06-08 07:45:00,224.15
2018-06-08 08:00:00,220.93
2018-06-08 08:15:00,144.26001
2018-06-08 08:30:00,94.64
2018-06-08 08:45:00,48.760002
2018-06-08 09:00:00,19.869999
2018-06-08 09:15:00,32.64
2018-06-08 09:30:00,46.339996
2018-06-08 09:45:00,78.12
2018-06-08 10:00:00,102.8
2018-06-08 10:15:00,76.86
2018-06-08 10:30:00,46.989998
2018-06-08 10:45:00,10.01
2018-06-08 11:00:00,138.73
2018-06-08 11:15:00,181.71
2018-06-08 11:30:00,141.5
2018-06-08 11:45:00,64.36
2018-06-08 12:00:00,24.68
2018-06-08 12:15:00,30.28
2018-06-08 12:30:00,17.64
2018-06-08 12:45:00,18.36
2018-06-08 13:00:00,8.68
2018-06-08 13:15:00,0.13
2018-06-08 13:30:00,0.0
2018-06-08 13:45:00,0.0
2018-06-08 14:00:00,0.0
2018-06-08 14:15:00,45.08
2018-06-08 14:30:00,82.86
2018-06-08 14:45:00,152.27998
2018-06-08 15:00:00,119.97
2018-06-08 15:15:00,144.06
2018-06-08 15:30:00,176.44
2018-06-08 15:45:00,198.69
2018-06-08 16:00:00,155.58
2018-06-08 16:15:00,140.37
2018-06-08 16:30:00,138.52998
2018-06-08 16:45:00,122.94
2018-06-08 17:00:00,129.98001
2018-06-08 17:15:00,156.29999
2018-06-08 17:30:00,164.39
2018-06-08 17:45:00,164.27
2018-06-08 18:00:00,176.37
2018-06-08 18:15:00,153.01001
2018-06-08 18:30:00,142.73999
2018-06-08 18:45:00,120.04
2018-06-08 19:00:00,140.96999
2018-06-08 19:15:00,113.130005
2018-06-08 19:30:00,121.490005
2018-06-08 19:45:00,110.63
2018-06-08 20:00:00,91.93
2018-06-08 20:15:00,79.63
2018-06-08 20:30:00,68.51
2018-06-08 20:45:00,55.54
2018-06-08 21:00:00,45.21
2018-06-08 21:15:00,45.739998
2018-06-08 21:30:00,34.09
2018-06-08 21:45:00,37.77
2018-06-08 22:00:00,46.79
2018-06-08 22:15:00,49.09
2018-06-08 22:30:00,45.34
2018-06-08 22:45:00,53.97
2018-06-08 23:00:00,52.38
2018-06-08 23:15:00,48.7
2018-06-08 23:30:00,61.4
2018-06-08 23:45:00,57.65
2018-06-09 00:00:00,49.42
2018-06-09 00:15:00,44.68
2018-06-09 00:30:00,32.64
2018-06-09 00:45:00,28.89
2018-06-09 01:00:00,22.31
2018-06-09 01:15:00,32.9
2018-06-09 01:30:00,40.08
2018-06-09 01:45:00,45.55
2018-06-09 02:00:00,45.739998
2018-06-09 02:15:00,44.29
2018-06-09 02:30:00,40.870003
2018-06-09 02:45:00,44.16
2018-06-09 03:00:00,51.67
2018-06-09 03:15:00,51.46
2018-06-09 03:30:00,53.83
2018-06-09 03:45:00,55.67
2018-06-09 04:00:00,58.510002
2018-06-09 04:15:00,64.36
2018-06-09 04:30:00,64.82
2018-06-09 04:45:00,74.1
2018-06-09 05:00:00,94.11
2018-06-09 05:15:00,109.17999
2018-06-09 05:30:00,122.35
2018-06-09 05:45:00,143.98999
2018-06-09 06:00:00,140.44
2018-06-09 06:15:00,137.81
2018-06-09 06:30:00,130.43
2018-06-09 06:45:00,121.22
2018-06-09 07:00:00,141.95999
2018-06-09 07:15:00,152.69
2018-06-09 07:30:00,167.54999
2018-06-09 07:45:00,167.42
2018-06-09 08:00:00,158.47
2018-06-09 08:15:00,143.91998
2018-06-09 08:30:00,135.7
2018-06-09 08:45:00,139.85
2018-06-09 09:00:00,132.93
2018-06-09 09:15:00,141.43
2018-06-09 09:30:00,143.4
2018-06-09 09:45:00,145.64
2018-06-09 10:00:00,141.16
2018-06-09 10:15:00,137.94
2018-06-09 10:30:00,128.33
2018-06-09 10:45:00,111.22
2018-06-09 11:00:00,108.259995
2018-06-09 11:15:00,101.68
2018-06-09 11:30:00,108.520004
2018-06-09 11:45:00,119.44
2018-06-09 12:00:00,125.240005
2018-06-09 12:15:00,130.56999
2018-06-09 12:30:00,130.51001
2018-06-09 12:45:00,112.01
2018-06-09 13:00:00,109.7
2018-06-09 13:15:00,110.89
2018-06-09 13:30:00,129.32
2018-06-09 13:45:00,121.81
2018-06-09 14:00:00,133.47
2018-06-09 14:15:00,140.84
2018-06-09 14:30:00,139.72
2018-06-09 14:45:00,117.869995
2018-06-09 15:00:00,122.270004
2018-06-09 15:15:00,129.58
2018-06-09 15:30:00,115.5
2018-06-09 15:45:00,102.8
2018-06-09 16:00:00,100.89
2018-06-09 16:15:00,100.03
2018-06-09 16:30:00,94.97
2018-06-09 16:45:00,80.28999
2018-06-09 17:00:00,74.17
2018-06-09 17:15:00,74.16
2018-06-09 17:30:00,77.92
2018-06-09 17:45:00,78.05
2018-06-09 18:00:00,85.82001
2018-06-09 18:15:00,81.21
2018-06-09 18:30:00,77.0
2018-06-09 18:45:00,74.83
2018-06-09 19:00:00,79.7
2018-06-09 19:15:00,87.59
2018-06-09 19:30:00,85.100006
2018-06-09 19:45:00,76.87
2018-06-09 20:00:00,77.45
2018-06-09 20:15:00,58.76
2018-06-09 20:30:00,69.5
2018-06-09 20:45:00,47.32
2018-06-09 21:00:00,65.48
2018-06-09 21:15:00,61.87
2018-06-09 21:30:00,47.25
2018-06-09 21:45:00,55.28
2018-06-09 22:00:00,70.42
2018-06-09 22:15:00,61.67
2018-06-09 22:30:00,67.59
2018-06-09 22:45:00,52.59
2018-06-09 23:00:00,58.77
2018-06-09 23:15:00,55.35
2018-06-09 23:30:00,49.23
2018-06-09 23:45:00,54.36
2018-06-10 00:00:00,42.9
2018-06-10 00:15:00,52.19
2018-06-10 00:30:00,51.54
2018-06-10 00:45:00,41.33
2018-06-10 01:00:00,36.53
2018-06-10 01:15:00,28.82
2018-06-10 01:30:00,27.51
2018-06-10 01:45:00,34.480003
2018-06-10 02:00:00,41.2
2018-06-10 02:15:00,46.79
2018-06-10 02:30:00,50.15
2018-06-10 02:45:00,65.08
2018-06-10 03:00:00,68.64
2018-06-10 03:15:00,81.34
2018-06-10 03:30:00,99.84
2018-06-10 03:45:00,103.32
2018-06-10 04:00:00,116.29
2018-06-10 04:15:00,124.25
2018-06-10 04:30:00,159.4
2018-06-10 04:45:00,151.76001
2018-06-10 05:00:00,162.42
2018-06-10 05:15:00,163.01999
2018-06-10 05:30:00,165.38
2018-06-10 05:45:00,155.31
2018-06-10 06:00:00,150.05
2018-06-10 06:15:00,140.69998
2018-06-10 06:30:00,132.87
2018-06-10 06:45:00,145.05
2018-06-10 07:00:00,164.2
2018-06-10 07:15:00,174.33
2018-06-10 07:30:00,157.42
2018-06-10 07:45:00,143.6
2018-06-10 08:00:00,119.770004
2018-06-10 08:15:00,107.729996
2018-06-10 08:30:00,108.19
2018-06-10 08:45:00,102.86
2018-06-10 09:00:00,105.96
2018-06-10 09:15:00,101.28
2018-06-10 09:30:00,111.81
2018-06-10 09:45:00,112.93
2018-06-10 10:00:00,118.26
2018-06-10 10:15:00,120.7
2018-06-10 10:30:00,108.2
2018-06-10 10:45:00,102.08
2018-06-10 11:00:00,99.96
2018-06-10 11:15:00,94.83
2018-06-10 11:30:00,105.04
2018-06-10 11:45:00,98.46
2018-06-10 12:00:00,91.61
2018-06-10 12:15:00,84.57
2018-06-10 12:30:00,87.33
2018-06-10 12:45:00,76.41
2018-06-10 13:00:00,60.94
2018-06-10 13:15:00,54.16
2018-06-10 13:30:00,64.43
2018-06-10 13:45:00,82.0
2018-06-10 14:00:00,100.100006
2018-06-10 14:15:00,104.37
2018-06-10 14:30:00,104.44
2018-06-10 14:45:00,97.14
2018-06-10 15:00:00,96.21001
2018-06-10 15:15:00,104.11
2018-06-10 15:30:00,103.06
2018-06-10 15:45:00,81.8
2018-06-10 16:00:00,70.36
2018-06-10 16:15:00,64.229996
2018-06-10 16:30:00,59.16
2018-06-10 16:45:00,59.95
2018-06-10 17:00:00,65.81
2018-06-10 17:15:00,67.71
2018-06-10 17:30:00,79.17
2018-06-10 17:45:00,87.66
2018-06-10 18:00:00,84.17
2018-06-10 18:15:00,78.770004
2018-06-10 18:30:00,81.01
2018-06-10 18:45:00,79.5
2018-06-10 19:00:00,81.8
2018-06-10 19:15:00,94.17
2018-06-10 19:30:00,96.15
2018-06-10 19:45:00,89.11
2018-06-10 20:00:00,105.56
2018-06-10 20:15:00,97.6
2018-06-10 20:30:00,82.07
2018-06-10 20:45:00,106.490005
2018-06-10 21:00:00,73.84
2018-06-10 21:15:00,59.760002
2018-06-10 21:30:00,80.22
2018-06-10 21:45:00,89.37
2018-06-10 22:00:00,85.95
2018-06-10 22:15:00,87.92
2018-06-10 22:30:00,76.54
2018-06-10 22:45:00,84.5
2018-06-10 23:00:00,87.86
2018-06-10 23:15:00,72.729996
2018-06-10 23:30:00,78.71001
2018-06-10 23:45:00,68.899994
2018-06-11 00:00:00,73.84
2018-06-11 00:15:00,78.17999
2018-06-11 00:30:00,71.47
2018-06-11 00:45:00,54.489998
2018-06-11 01:00:00,66.86
2018-06-11 01:15:00,79.759995
2018-06-11 01:30:00,76.729996
2018-06-11 01:45:00,90.82
2018-06-11 02:00:00,112.869995
2018-06-11 02:15:00,130.04
2018-06-11 02:30:00,123.729996
2018-06-11 02:45:00,124.44
2018-06-11 03:00:00,141.23
2018-06-11 03:15:00,151.62
2018-06-11 03:30:00,136.75
2018-06-11 03:45:00,120.17
2018-06-11 04:00:00,124.45
2018-06-11 04:15:00,120.42999
2018-06-11 04:30:00,137.07999
2018-06-11 04:45:00,135.89
2018-06-11 05:00:00,142.55
2018-06-11 05:15:00,114.64
2018-06-11 05:30:00,104.770004
2018-06-11 05:45:00,88.91
2018-06-11 06:00:00,69.76
2018-06-11 06:15:00,61.53
2018-06-11 06:30:00,77.06
2018-06-11 06:45:00,68.51
2018-06-11 07:00:00,38.690002
2018-06-11 07:15:00,26.92
2018-06-11 07:30:00,23.36
2018-06-11 07:45:00,31.98
2018-06-11 08:00:00,53.83
2018-06-11 08:15:00,66.6
2018-06-11 08:30:00,99.5
2018-06-11 08:45:00,97.2
2018-06-11 09:00:00,125.5
2018-06-11 09:15:00,168.01
2018-06-11 09:30:00,156.95999
2018-06-11 09:45:00,140.38
2018-06-11 10:00:00,161.24
2018-06-11 10:15:00,155.25
2018-06-11 10:30:00,158.87
2018-06-11 10:45:00,156.95999
2018-06-11 11:00:00,165.51001
2018-06-11 11:15:00,171.64
2018-06-11 11:30:00,175.97
2018-06-11 11:45:00,174.86
2018-06-11 12:00:00,179.2
2018-06-11 12:15:00,176.44
2018-06-11 12:30:00,188.21999
2018-06-11 12:45:00,177.63
2018-06-11 13:00:00,174.06998
2018-06-11 13:15:00,166.5
2018-06-11 13:30:00,170.06
2018-06-11 13:45:00,175.38
2018-06-11 14:00:00,194.79999
2018-06-11 14:15:00,195.72
2018-06-11 14:30:00,197.89
2018-06-11 14:45:00,197.49998
2018-06-11 15:00:00,198.09
2018-06-11 15:15:00,190.06
2018-06-11 15:30:00,180.91998
2018-06-11 15:45:00,176.37
2018-06-11 16:00:00,184.93
2018-06-11 16:15:00,186.58
2018-06-11 16:30:00,175.52
2018-06-11 16:45:00,178.28
2018-06-11 17:00:00,165.25998
2018-06-11 17:15:00,155.91
2018-06-11 17:30:00,150.51
2018-06-11 17:45:00,138.01001
2018-06-11 18:00:00,137.73999
2018-06-11 18:15:00,128.66
2018-06-11 18:30:00,128.72
2018-06-11 18:45:00,126.16
2018-06-11 19:00:00,114.05
2018-06-11 19:15:00,115.82
2018-06-11 19:30:00,98.85
2018-06-11 19:45:00,102.66
2018-06-11 20:00:00,104.57
2018-06-11 20:15:00,106.68
2018-06-11 20:30:00,104.25
2018-06-11 20:45:00,96.41
2018-06-11 21:00:00,92.729996
2018-06-11 21:15:00,83.520004
2018-06-11 21:30:00,75.49
2018-06-11 21:45:00,70.880005
2018-06-11 22:00:00,75.95
2018-06-11 22:15:00,75.880005
2018-06-11 22:30:00,73.509995
2018-06-11 22:45:00,67.259995
2018-06-11 23:00:00,85.68
2018-06-11 23:15:00,76.41
2018-06-11 23:30:00,71.47
2018-06-11 23:45:00,88.119995
2018-06-12 00:00:00,84.43
2018-06-12 00:15:00,91.48
2018-06-12 00:30:00,83.25
2018-06-12 00:45:00,77.66
2018-06-12 01:00:00,66.21
2018-06-12 01:15:00,69.56
2018-06-12 01:30:00,70.619995
2018-06-12 01:45:00,83.58
2018-06-12 02:00:00,107.14
2018-06-12 02:15:00,131.81999
2018-06-12 02:30:00,150.44
2018-06-12 02:45:00,175.04999
2018-06-12 03:00:00,174.71999
2018-06-12 03:15:00,178.94
2018-06-12 03:30:00,197.37
2018-06-12 03:45:00,208.68
2018-06-12 04:00:00,197.83
2018-06-12 04:15:00,190.45999
2018-06-12 04:30:00,196.84
2018-06-12 04:45:00,176.44
2018-06-12 05:00:00,174.92
2018-06-12 05:15:00,183.41
2018-06-12 05:30:00,186.63998
2018-06-12 05:45:00,193.28
2018-06-12 06:00:00,189.32999
2018-06-12 06:15:00,177.82
2018-06-12 06:30:00,183.75
2018-06-12 06:45:00,196.97
2018-06-12 07:00:00,197.62999
2018-06-12 07:15:00,209.99998
2018-06-12 07:30:00,208.88998
2018-06-12 07:45:00,207.37
2018-06-12 08:00:00,203.01999
2018-06-12 08:15:00,200.13
2018-06-12 08:30:00,190.33
2018-06-12 08:45:00,192.35999
2018-06-12 09:00:00,193.95
2018-06-12 09:15:00,187.1
2018-06-12 09:30:00,184.98999
2018-06-12 09:45:00,170.77998
2018-06-12 10:00:00,175.32
2018-06-12 10:15:00,171.31
2018-06-12 10:30:00,178.09
2018-06-12 10:45:00,179.85999
2018-06-12 11:00:00,173.75
2018-06-12 11:15:00,179.73
2018-06-12 11:30:00,177.62997
2018-06-12 11:45:00,173.47998
2018-06-12 12:00:00,177.82
2018-06-12 12:15:00,159.53
2018-06-12 12:30:00,156.23
2018-06-12 12:45:00,142.20999
2018-06-12 13:00:00,137.68
2018-06-12 13:15:00,143.73001
2018-06-12 13:30:00,131.09
2018-06-12 13:45:00,134.65
2018-06-12 14:00:00,137.35
2018-06-12 14:15:00,135.95999
2018-06-12 14:30:00,138.26999
2018-06-12 14:45:00,132.28
2018-06-12 15:00:00,134.91
2018-06-12 15:15:00,124.78
2018-06-12 15:30:00,127.15
2018-06-12 15:45:00,119.52
2018-06-12 16:00:00,124.64
2018-06-12 16:15:00,106.020004
2018-06-12 16:30:00,116.81
2018-06-12 16:45:00,108.979996
2018-06-12 17:00:00,110.83
2018-06-12 17:15:00,110.83
2018-06-12 17:30:00,112.270004
2018-06-12 17:45:00,116.88
2018-06-12 18:00:00,125.3
2018-06-12 18:15:00,107.600006
2018-06-12 18:30:00,107.79
2018-06-12 18:45:00,94.11
2018-06-12 19:00:00,89.9
2018-06-12 19:15:00,91.81
2018-06-12 19:30:00,88.380005
2018-06-12 19:45:00,79.44
2018-06-12 20:00:00,72.979996
2018-06-12 20:15:00,73.71
2018-06-12 20:30:00,78.9
2018-06-12 20:45:00,75.61
2018-06-12 21:00:00,79.43
2018-06-12 21:15:00,77.45
2018-06-12 21:30:00,95.56
2018-06-12 21:45:00,104.97
2018-06-12 22:00:00,102.270004
2018-06-12 22:15:00,120.37
2018-06-12 22:30:00,114.05
2018-06-12 22:45:00,96.28
2018-06-12 23:00:00,107.53999
2018-06-12 23:15:00,111.35
2018-06-12 23:30:00,94.18
2018-06-12 23:45:00,112.869995
2018-06-13 00:00:00,99.37
2018-06-13 00:15:00,93.91
2018-06-13 00:30:00,87.399994
2018-06-13 00:45:00,60.870003
2018-06-13 01:00:00,36.129997
2018-06-13 01:15:00,33.5
2018-06-13 01:30:00,29.48
2018-06-13 01:45:00,22.970001
2018-06-13 02:00:00,22.18
2018-06-13 02:15:00,23.3
2018-06-13 02:30:00,27.900002
2018-06-13 02:45:00,33.89
2018-06-13 03:00:00,37.05
2018-06-13 03:15:00,38.5
2018-06-13 03:30:00,40.08
2018-06-13 03:45:00,50.35
2018-06-13 04:00:00,62.590004
2018-06-13 04:15:00,72.59
2018-06-13 04:30:00,95.880005
2018-06-13 04:45:00,103.0
2018-06-13 05:01:00,108.45
2018-06-13 05:15:00,112.93
2018-06-13 05:30:00,112.41
2018-06-13 05:45:00,110.36
2018-06-13 06:00:00,119.9
2018-06-13 06:15:00,128.92
2018-06-13 06:30:00,122.21
2018-06-13 06:45:00,98.25
2018-06-13 07:00:00,72.33
2018-06-13 07:15:00,78.520004
2018-06-13 07:30:00,95.17
2018-06-13 07:45:00,123.33
2018-06-13 08:00:00,122.61
2018-06-13 08:15:00,140.18
2018-06-13 08:30:00,148.14
2018-06-13 08:45:00,145.64
2018-06-13 09:00:00,118.46
2018-06-13 09:15:00,111.22
2018-06-13 09:30:00,110.76
2018-06-13 09:45:00,133.34
2018-06-13 10:00:00,120.7
2018-06-13 10:15:00,80.09
2018-06-13 10:30:00,59.559998
2018-06-13 10:45:00,32.64
2018-06-13 11:00:00,30.66
2018-06-13 11:15:00,20.14
2018-06-13 11:30:00,27.57
2018-06-13 11:45:00,15.79
2018-06-13 12:00:00,0.0
2018-06-13 12:15:00,0.0
2018-06-13 12:30:00,0.0
2018-06-13 12:45:00,0.0
2018-06-13 13:00:00,0.0
2018-06-13 13:15:00,0.0
2018-06-13 13:30:00,0.0
2018-06-13 13:45:00,0.0
2018-06-13 14:00:00,0.0
2018-06-13 14:15:00,0.0
2018-06-13 14:30:00,2.44
2018-06-13 14:45:00,2.9
2018-06-13 15:00:00,0.0
2018-06-13 15:15:00,1.18
2018-06-13 15:30:00,0.0
2018-06-13 15:45:00,0.0
2018-06-13 16:00:00,0.0
2018-06-13 16:15:00,0.0
2018-06-13 16:30:00,0.2
2018-06-13 16:45:00,0.0
2018-06-13 17:00:00,0.0
2018-06-13 17:15:00,0.0
2018-06-13 17:30:00,0.98
2018-06-13 17:45:00,0.13
2018-06-13 18:00:00,1.05
2018-06-13 18:15:00,2.1100001
2018-06-13 18:30:00,6.91
2018-06-13 18:45:00,10.6
2018-06-13 19:00:00,15.929999
2018-06-13 19:15:00,16.78
2018-06-13 19:30:00,20.93
2018-06-13 19:45:00,17.24
2018-06-13 20:00:00,25.470001
2018-06-13 20:15:00,29.16
2018-06-13 20:30:00,35.67
2018-06-13 20:45:00,36.46
2018-06-13 21:00:00,61.6
2018-06-13 21:15:00,89.7
2018-06-13 21:30:00,72.06
2018-06-13 21:45:00,75.09
2018-06-13 22:00:00,68.57
2018-06-13 22:15:00,57.980003
2018-06-13 22:30:00,53.17
2018-06-13 22:45:00,49.559998
2018-06-13 23:00:00,54.489998
2018-06-13 23:15:00,62.19
2018-06-13 23:30:00,74.03
2018-06-13 23:45:00,72.33
2018-06-14 00:00:00,63.64
2018-06-14 00:15:00,49.1
2018-06-14 00:30:00,48.77
2018-06-14 00:45:00,31.66
2018-06-14 01:00:00,35.54
2018-06-14 01:15:00,25.67
2018-06-14 01:30:00,18.43
2018-06-14 01:45:00,12.5
2018-06-14 02:00:00,11.72
2018-06-14 02:15:00,11.58
2018-06-14 02:30:00,17.57
2018-06-14 02:45:00,21.060001
2018-06-14 03:00:00,29.15
2018-06-14 03:15:00,36.52
2018-06-14 03:30:00,49.89
2018-06-14 03:45:00,56.46
2018-06-14 04:00:00,56.14
2018-06-14 04:15:00,51.33
2018-06-14 04:30:00,65.61
2018-06-14 04:45:00,65.35
2018-06-14 05:00:00,89.369995
2018-06-14 05:15:00,90.09
2018-06-14 05:30:00,89.770004
2018-06-14 05:45:00,89.97
2018-06-14 06:00:00,87.59
2018-06-14 06:15:00,91.740005
2018-06-14 06:30:00,99.9
2018-06-14 06:45:00,103.979996
2018-06-14 07:00:00,94.84
2018-06-14 07:15:00,102.47
2018-06-14 07:30:00,118.399994
2018-06-14 07:45:00,121.68
2018-06-14 08:00:00,115.83
2018-06-14 08:15:00,107.47
2018-06-14 08:30:00,108.130005
2018-06-14 08:45:00,166.57
2018-06-14 09:00:00,179.47
2018-06-14 09:15:00,182.1
2018-06-14 09:30:00,182.1
2018-06-14 09:45:00,182.1
2018-06-14 10:00:00,182.1
2018-06-14 10:15:00,182.1
2018-06-14 10:30:00,182.1
2018-06-14 10:45:00,182.1
2018-06-14 11:00:00,182.1
2018-06-14 11:15:00,182.1
2018-06-14 11:30:00,182.1
2018-06-14 11:45:00,182.1
2018-06-14 12:00:00,182.1
2018-06-14 12:15:00,182.1
2018-06-14 12:30:00,182.1
2018-06-14 12:45:00,182.1
2018-06-14 13:00:00,182.1
2018-06-14 13:15:00,182.1
2018-06-14 13:30:00,131.36
2018-06-14 13:45:00,84.57
2018-06-14 14:00:00,72.19
2018-06-14 14:15:00,59.89
2018-06-14 14:30:00,50.879997
2018-06-14 14:45:00,47.19
2018-06-14 15:00:00,50.61
2018-06-14 15:15:00,57.78
2018-06-14 15:30:00,42.58
2018-06-14 15:45:00,44.69
2018-06-14 16:00:00,45.41
2018-06-14 16:15:00,61.27
2018-06-14 16:30:00,73.71
2018-06-14 16:45:00,69.1
2018-06-14 17:00:00,70.74
2018-06-14 17:15:00,76.41
2018-06-14 17:30:00,76.34
2018-06-14 17:45:00,68.649994
2018-06-14 18:00:00,75.88
2018-06-14 18:15:00,84.96001
2018-06-14 18:30:00,85.23
2018-06-14 18:45:00,88.51
2018-06-14 19:00:00,78.32
2018-06-14 19:15:00,81.47
2018-06-14 19:30:00,80.479996
2018-06-14 19:45:00,84.03999
2018-06-14 20:00:00,80.94
2018-06-14 20:15:00,89.240005
2018-06-14 20:30:00,77.65
2018-06-14 20:45:00,84.17
2018-06-14 21:00:00,83.380005
2018-06-14 21:15:00,81.01
2018-06-14 21:30:00,67.32
2018-06-14 21:45:00,77.59
2018-06-14 22:00:00,74.3
2018-06-14 22:15:00,81.399994
2018-06-14 22:30:00,89.31
2018-06-14 22:45:00,88.19
2018-06-14 23:00:00,90.16
2018-06-14 23:15:00,105.369995
2018-06-14 23:30:00,89.369995
2018-06-14 23:45:00,92.990005
2018-06-15 00:00:00,88.84
2018-06-15 00:15:00,89.899994
2018-06-15 00:30:00,86.27
2018-06-15 00:45:00,77.33
2018-06-15 01:00:00,66.2
2018-06-15 01:15:00,50.21
2018-06-15 01:30:00,47.77
2018-06-15 01:45:00,56.2
2018-06-15 02:00:00,53.309998
2018-06-15 02:15:00,58.97
2018-06-15 02:30:00,66.93
2018-06-15 02:45:00,70.880005
2018-06-15 03:00:00,78.05
2018-06-15 03:15:00,65.020004
2018-06-15 03:30:00,69.83
2018-06-15 03:45:00,86.08
2018-06-15 04:00:00,97.009995
2018-06-15 04:15:00,101.68
2018-06-15 04:30:00,99.83
2018-06-15 04:45:00,108.979996
2018-06-15 05:00:00,117.61
2018-06-15 05:15:00,128.33
2018-06-15 05:30:00,125.89
2018-06-15 05:45:00,138.01001
2018-06-15 06:00:00,155.57
2018-06-15 06:15:00,143.0
2018-06-15 06:30:00,142.48001
2018-06-15 06:45:00,131.03
2018-06-15 07:00:00,128.06
2018-06-15 07:15:00,125.56
2018-06-15 07:30:00,125.899994
2018-06-15 07:45:00,127.41
2018-06-15 08:00:00,127.149994
2018-06-15 08:15:00,111.68
2018-06-15 08:30:00,104.51
2018-06-15 08:45:00,107.79
2018-06-15 09:00:00,100.82001
2018-06-15 09:15:00,104.770004
2018-06-15 09:30:00,99.84
2018-06-15 09:45:00,83.32
2018-06-15 10:00:00,73.44
2018-06-15 10:15:00,59.36
2018-06-15 10:30:00,62.85
2018-06-15 10:45:00,58.18
2018-06-15 11:00:00,62.850002
2018-06-15 11:15:00,64.630005
2018-06-15 11:30:00,60.35
2018-06-15 11:45:00,51.66
2018-06-15 12:00:00,50.28
2018-06-15 12:15:00,54.23
2018-06-15 12:30:00,51.66
2018-06-15 12:45:00,57.52
2018-06-15 13:00:00,63.309998
2018-06-15 13:15:00,61.8
2018-06-15 13:30:00,72.26
2018-06-15 13:45:00,77.130005
2018-06-15 14:00:00,103.520004
2018-06-15 14:15:00,106.35
2018-06-15 14:30:00,95.69
2018-06-15 14:45:00,103.32
2018-06-15 15:00:00,91.35
2018-06-15 15:15:00,103.33
2018-06-15 15:30:00,95.96001
2018-06-15 15:45:00,84.44
2018-06-15 16:00:00,92.86
2018-06-15 16:15:00,94.64
2018-06-15 16:30:00,104.51
2018-06-15 16:45:00,100.3
2018-06-15 17:00:00,110.82
2018-06-15 17:15:00,112.73
2018-06-15 17:30:00,136.3
2018-06-15 17:45:00,140.23999
2018-06-15 18:00:00,130.69998
2018-06-15 18:15:00,134.12
2018-06-15 18:30:00,124.78
2018-06-15 18:45:00,155.97
2018-06-15 19:00:00,156.7
2018-06-15 19:15:00,154.2
2018-06-15 19:30:00,147.40999
2018-06-15 19:45:00,151.29999
2018-06-15 20:00:00,144.52
2018-06-15 20:15:00,136.1
2018-06-15 20:30:00,133.92
2018-06-15 20:45:00,133.27
2018-06-15 21:00:00,134.72
2018-06-15 21:15:00,145.64
2018-06-15 21:30:00,147.55
2018-06-15 21:45:00,146.89
2018-06-15 22:00:00,163.67
2018-06-15 22:15:00,157.28
2018-06-15 22:30:00,150.12
2018-06-15 22:45:00,138.86
2018-06-15 23:00:00,136.82
2018-06-15 23:15:00,140.82999
2018-06-15 23:30:00,158.6
2018-06-15 23:45:00,139.97998
2018-06-16 00:00:00,135.76999
2018-06-16 00:15:00,133.73
2018-06-16 00:30:00,89.37
2018-06-16 00:45:00,95.1
2018-06-16 01:00:00,82.130005
2018-06-16 01:15:00,62.85
2018-06-16 01:30:00,65.81
2018-06-16 01:45:00,66.21
2018-06-16 02:00:00,74.56
2018-06-16 02:15:00,70.28
2018-06-16 02:30:00,61.73
2018-06-16 02:45:00,47.120003
2018-06-16 03:00:00,62.65
2018-06-16 03:15:00,86.41
2018-06-16 03:30:00,93.979996
2018-06-16 03:45:00,105.56
2018-06-16 04:00:00,171.29999
2018-06-16 04:15:00,187.76001
2018-06-16 04:30:00,186.9
2018-06-16 04:45:00,194.6
2018-06-16 05:00:00,178.99998
2018-06-16 05:15:00,188.95
2018-06-16 05:30:00,219.42
2018-06-16 05:45:00,192.09999
2018-06-16 06:00:00,173.68
2018-06-16 06:15:00,152.60999
2018-06-16 06:30:00,147.41
2018-06-16 06:45:00,131.09
2018-06-16 07:00:00,118.06
2018-06-16 07:15:00,112.8
2018-06-16 07:30:00,114.05
2018-06-16 07:45:00,109.24
2018-06-16 08:00:00,118.39
2018-06-16 08:15:00,115.3
2018-06-16 08:30:00,118.19
2018-06-16 08:45:00,126.36
2018-06-16 09:00:00,134.85
2018-06-16 09:15:00,149.31998
2018-06-16 09:30:00,148.54001
2018-06-16 09:45:00,137.68
2018-06-16 10:00:00,130.17
2018-06-16 10:15:00,139.45
2018-06-16 10:30:00,146.5
2018-06-16 10:45:00,138.4
2018-06-16 11:00:00,140.83
2018-06-16 11:15:00,146.5
2018-06-16 11:30:00,150.64
2018-06-16 11:45:00,160.70999
2018-06-16 12:00:00,165.97
2018-06-16 12:15:00,176.56998
2018-06-16 12:30:00,165.90999
2018-06-16 12:45:00,165.12
2018-06-16 13:00:00,181.18
2018-06-16 13:15:00,190.59
2018-06-16 13:30:00,200.86
2018-06-16 13:45:00,198.69
2018-06-16 14:00:00,205.85999
2018-06-16 14:15:00,205.0
2018-06-16 14:30:00,192.03
2018-06-16 14:45:00,197.81998
2018-06-16 15:00:00,191.12
2018-06-16 15:15:00,175.19
2018-06-16 15:30:00,163.15
2018-06-16 15:45:00,159.45999
2018-06-16 16:00:00,154.59
2018-06-16 16:15:00,167.69
2018-06-16 16:30:00,167.81
2018-06-16 16:45:00,159.77998
2018-06-16 17:00:00,161.9
2018-06-16 17:15:00,170.04999
2018-06-16 17:30:00,173.67
2018-06-16 17:45:00,155.45
2018-06-16 18:00:00,158.47
2018-06-16 18:15:00,170.78
2018-06-16 18:30:00,171.11
2018-06-16 18:45:00,174.72
2018-06-16 19:00:00,170.18999
2018-06-16 19:15:00,179.99
2018-06-16 19:30:00,185.33
2018-06-16 19:45:00,199.07999
2018-06-16 20:00:00,191.70999
2018-06-16 20:15:00,187.68999
2018-06-16 20:30:00,196.04999
2018-06-16 20:45:00,203.75
2018-06-16 21:00:00,192.63
2018-06-16 21:15:00,186.57
2018-06-16 21:30:00,196.18
2018-06-16 21:45:00,202.56
2018-06-16 22:00:00,202.37
2018-06-16 22:15:00,199.73
2018-06-16 22:30:00,177.76
2018-06-16 22:45:00,173.87999
2018-06-16 23:00:00,190.26001
2018-06-16 23:15:00,196.25
2018-06-16 23:30:00,191.76999
2018-06-16 23:45:00,198.34999
2018-06-17 00:00:00,183.73999
2018-06-17 00:15:00,185.92
2018-06-17 00:30:00,155.51001
2018-06-17 00:45:00,167.55
2018-06-17 01:00:00,175.57999
2018-06-17 01:15:00,155.05
2018-06-17 01:30:00,140.03998
2018-06-17 01:45:00,122.08
2018-06-17 02:00:00,96.94
2018-06-17 02:15:00,130.83
2018-06-17 02:30:00,159.06
2018-06-17 02:45:00,171.76999
2018-06-17 03:00:00,181.44
2018-06-17 03:15:00,217.29999
2018-06-17 03:30:00,204.26999
2018-06-17 03:45:00,200.98999
2018-06-17 04:00:00,193.68
2018-06-17 04:15:00,191.9
2018-06-17 04:30:00,185.39
2018-06-17 04:45:00,175.92
2018-06-17 05:00:00,165.58
2018-06-17 05:15:00,166.3
2018-06-17 05:30:00,149.45999
2018-06-17 05:45:00,124.38
2018-06-17 06:00:00,104.64
2018-06-17 06:15:00,117.47
2018-06-17 06:30:00,100.95
2018-06-17 06:45:00,86.869995
2018-06-17 07:00:00,67.13
2018-06-17 07:15:00,55.61
2018-06-17 07:30:00,53.370003
2018-06-17 07:45:00,53.64
2018-06-17 08:00:00,58.57
2018-06-17 08:15:00,52.39
2018-06-17 08:30:00,44.879997
2018-06-17 08:45:00,34.09
2018-06-17 09:00:00,46.33
2018-06-17 09:15:00,56.53
2018-06-17 09:30:00,60.739998
2018-06-17 09:45:00,53.11
2018-06-17 10:00:00,45.67
2018-06-17 10:15:00,43.239998
2018-06-17 10:30:00,57.12
2018-06-17 10:45:00,69.490005
2018-06-17 11:00:00,98.06
2018-06-17 11:15:00,109.57
2018-06-17 11:30:00,122.93
2018-06-17 11:45:00,120.36
2018-06-17 12:00:00,117.869995
2018-06-17 12:15:00,107.270004
2018-06-17 12:30:00,89.11
2018-06-17 12:45:00,80.88
2018-06-17 13:00:00,69.03
2018-06-17 13:15:00,77.990005
2018-06-17 13:30:00,76.27
2018-06-17 13:45:00,89.5
2018-06-17 14:00:00,99.96
2018-06-17 14:15:00,103.92
2018-06-17 14:30:00,110.24
2018-06-17 14:45:00,118.130005
2018-06-17 15:00:00,110.17
2018-06-17 15:15:00,82.39
2018-06-17 15:30:00,66.93
2018-06-17 15:45:00,61.339996
2018-06-17 16:00:00,60.87
2018-06-17 16:15:00,67.53
2018-06-17 16:30:00,65.149994
2018-06-17 16:45:00,68.7
2018-06-17 17:00:00,65.48
2018-06-17 17:15:00,68.45
2018-06-17 17:30:00,65.09
2018-06-17 17:45:00,70.42
2018-06-17 18:00:00,66.86
2018-06-17 18:15:00,76.869995
2018-06-17 18:30:00,72.79
2018-06-17 18:45:00,65.28
2018-06-17 19:00:00,68.31
2018-06-17 19:15:00,73.44
2018-06-17 19:30:00,81.28
2018-06-17 19:45:00,75.28
2018-06-17 20:00:00,81.08
2018-06-17 20:15:00,75.81
2018-06-17 20:30:00,86.08
2018-06-17 20:45:00,73.12
2018-06-17 21:00:00,75.81
2018-06-17 21:15:00,69.57
2018-06-17 21:30:00,68.909996
2018-06-17 21:45:00,65.42
2018-06-17 22:00:00,61.53
2018-06-17 22:15:00,64.619995
2018-06-17 22:30:00,57.92
2018-06-17 22:45:00,61.67
2018-06-17 23:00:00,58.11
2018-06-17 23:15:00,74.89
2018-06-17 23:30:00,62.0
2018-06-17 23:45:00,76.34
2018-06-18 00:00:00,69.04
2018-06-18 00:15:00,73.78
2018-06-18 00:30:00,69.96
2018-06-18 00:45:00,67.45
2018-06-18 01:00:00,31.59
2018-06-18 01:15:00,12.7
2018-06-18 01:30:00,10.39
2018-06-18 01:45:00,22.57
2018-06-18 02:00:00,36.46
2018-06-18 02:15:00,35.34
2018-06-18 02:30:00,35.41
2018-06-18 02:45:00,50.870003
2018-06-18 03:00:00,58.9
2018-06-18 03:15:00,67.39
2018-06-18 03:30:00,68.11
2018-06-18 03:45:00,66.87
2018-06-18 04:00:00,62.85
2018-06-18 04:15:00,56.54
2018-06-18 04:30:00,51.14
2018-06-18 04:45:00,51.33
2018-06-18 05:00:00,62.190002
2018-06-18 05:15:00,48.97
2018-06-18 05:30:00,51.27
2018-06-18 05:45:00,62.58
2018-06-18 06:00:00,58.239998
2018-06-18 06:15:00,65.81
2018-06-18 06:30:00,75.350006
2018-06-18 06:45:00,85.619995
2018-06-18 07:00:00,85.55
2018-06-18 07:15:00,95.95
2018-06-18 07:30:00,80.69
2018-06-18 07:45:00,76.399994
2018-06-18 08:00:00,68.64
2018-06-18 08:15:00,63.170002
2018-06-18 08:30:00,74.56
2018-06-18 08:45:00,71.47
2018-06-18 09:00:00,65.35
2018-06-18 09:15:00,70.479996
2018-06-18 09:30:00,60.29
2018-06-18 09:45:00,46.660004
2018-06-18 10:00:00,51.79
2018-06-18 10:15:00,42.31
2018-06-18 10:30:00,41.46
2018-06-18 10:45:00,55.61
2018-06-18 11:00:00,61.4
2018-06-18 11:15:00,50.34
2018-06-18 11:30:00,56.86
2018-06-18 11:45:00,60.420002
2018-06-18 12:00:00,60.54
2018-06-18 12:15:00,39.55
2018-06-18 12:30:00,29.22
2018-06-18 12:45:00,37.64
2018-06-18 13:00:00,36.98
2018-06-18 13:15:00,33.629997
2018-06-18 13:30:00,29.02
2018-06-18 13:45:00,27.18
2018-06-18 14:00:00,31.130001
2018-06-18 14:15:00,24.939999
2018-06-18 14:30:00,24.02
2018-06-18 14:45:00,20.869999
2018-06-18 15:00:00,16.51
2018-06-18 15:15:00,10.73
2018-06-18 15:30:00,4.47
2018-06-18 15:45:00,1.19
2018-06-18 16:00:00,0.0
2018-06-18 16:15:00,0.0
2018-06-18 16:30:00,0.0
2018-06-18 16:45:00,0.0
2018-06-18 17:00:00,0.0
2018-06-18 17:15:00,0.92
2018-06-18 17:30:00,0.07
2018-06-18 17:45:00,0.0
2018-06-18 18:00:00,7.7699995
2018-06-18 18:15:00,17.7
2018-06-18 18:30:00,12.04
2018-06-18 18:45:00,15.530001
2018-06-18 19:00:00,14.68
2018-06-18 19:15:00,12.309999
2018-06-18 19:30:00,21.98
2018-06-18 19:45:00,10.46
2018-06-18 20:00:00,17.51
2018-06-18 20:15:00,9.41
2018-06-18 20:30:00,1.19
2018-06-18 20:45:00,1.72
2018-06-18 21:00:00,0.0
2018-06-18 21:15:00,0.0
2018-06-18 21:30:00,10.599999
2018-06-18 21:45:00,44.23
2018-06-18 22:00:00,33.04
2018-06-18 22:15:00,33.11
2018-06-18 22:30:00,31.92
2018-06-18 22:45:00,37.91
2018-06-18 23:00:00,47.05
2018-06-18 23:15:00,33.160004
2018-06-18 23:30:00,37.71
2018-06-18 23:45:00,33.63
2018-06-19 00:00:00,32.84
2018-06-19 00:15:00,32.18
2018-06-19 00:30:00,28.57
2018-06-19 00:45:00,33.56
2018-06-19 01:00:00,46.73
2018-06-19 01:15:00,52.78
2018-06-19 01:30:00,48.57
2018-06-19 01:45:00,48.17
2018-06-19 02:00:00,46.27
2018-06-19 02:15:00,48.11
2018-06-19 02:30:00,47.510002
2018-06-19 02:45:00,57.19
2018-06-19 03:00:00,54.36
2018-06-19 03:15:00,45.35
2018-06-19 03:30:00,39.29
2018-06-19 03:45:00,37.25
2018-06-19 04:00:00,32.239998
2018-06-19 04:15:00,29.810001
2018-06-19 04:30:00,41.72
2018-06-19 04:45:00,46.199997
2018-06-19 05:00:00,49.35
2018-06-19 05:15:00,40.67
2018-06-19 05:30:00,43.690002
2018-06-19 05:45:00,57.059998
2018-06-19 06:00:00,69.56
2018-06-19 06:15:00,52.38
2018-06-19 06:30:00,52.59
2018-06-19 06:45:00,56.86
2018-06-19 07:00:00,54.23
2018-06-19 07:15:00,46.33
2018-06-19 07:30:00,37.510002
2018-06-19 07:45:00,41.13
2018-06-19 08:00:00,30.599998
2018-06-19 08:15:00,29.61
2018-06-19 08:30:00,40.21
2018-06-19 08:45:00,42.97
2018-06-19 09:00:00,33.37
2018-06-19 09:15:00,34.879997
2018-06-19 09:30:00,42.32
2018-06-19 09:45:00,38.89
2018-06-19 10:00:00,42.85
2018-06-19 10:15:00,38.43
2018-06-19 10:30:00,30.140001
2018-06-19 10:45:00,31.25
2018-06-19 11:00:00,34.42
2018-06-19 11:15:00,32.12
2018-06-19 11:30:00,30.07
2018-06-19 11:45:00,28.23
2018-06-19 12:00:00,30.66
2018-06-19 12:15:00,35.41
2018-06-19 12:30:00,32.18
2018-06-19 12:45:00,22.04
2018-06-19 13:00:00,19.869999
2018-06-19 13:15:00,21.130001
2018-06-19 13:30:00,16.51
2018-06-19 13:45:00,16.779999
2018-06-19 14:00:00,18.240002
2018-06-19 14:15:00,19.29
2018-06-19 14:30:00,19.08
2018-06-19 14:45:00,13.49
2018-06-19 15:00:00,7.1000004
2018-06-19 15:15:00,1.78
2018-06-19 15:30:00,0.0
2018-06-19 15:45:00,0.53
2018-06-19 16:00:00,1.9100001
2018-06-19 16:15:00,0.59
2018-06-19 16:30:00,0.79
2018-06-19 16:45:00,0.0
2018-06-19 17:00:00,0.0
2018-06-19 17:15:00,0.0
2018-06-19 17:30:00,0.0
2018-06-19 17:45:00,0.0
2018-06-19 18:00:00,0.0
2018-06-19 18:15:00,0.33
2018-06-19 18:30:00,1.38
2018-06-19 18:45:00,8.09
2018-06-19 19:00:00,17.84
2018-06-19 19:15:00,19.48
2018-06-19 19:30:00,20.99
2018-06-19 19:45:00,22.71
2018-06-19 20:00:00,19.220001
2018-06-19 20:15:00,27.18
2018-06-19 20:30:00,24.16
2018-06-19 20:45:00,20.21
2018-06-19 21:00:00,19.02
2018-06-19 21:15:00,21.92
2018-06-19 21:30:00,20.529999
2018-06-19 21:45:00,19.810001
2018-06-19 22:00:00,20.92
2018-06-19 22:15:00,23.17
2018-06-19 22:30:00,19.29
2018-06-19 22:45:00,21.720001
2018-06-19 23:00:00,28.23
2018-06-19 23:15:00,30.86
2018-06-19 23:30:00,24.880001
2018-06-19 23:45:00,39.550003
2018-06-20 00:00:00,32.12
2018-06-20 00:15:00,44.42
2018-06-20 00:30:00,40.34
2018-06-20 00:45:00,35.800003
2018-06-20 01:00:00,68.18
2018-06-20 01:15:00,68.9
2018-06-20 01:30:00,60.02
2018-06-20 01:45:00,46.59
2018-06-20 02:00:00,72.79
2018-06-20 02:15:00,90.490005
2018-06-20 02:30:00,66.33
2018-06-20 02:45:00,42.059998
2018-06-20 03:00:00,39.16
2018-06-20 03:15:00,49.82
2018-06-20 03:30:00,44.949997
2018-06-20 03:45:00,46.59
2018-06-20 04:00:00,44.82
2018-06-20 04:15:00,53.440002
2018-06-20 04:30:00,61.799995
2018-06-20 04:45:00,63.64
2018-06-20 05:00:00,57.519997
2018-06-20 05:15:00,49.760002
2018-06-20 05:30:00,33.56
2018-06-20 05:45:00,18.95
2018-06-20 06:00:00,30.93
2018-06-20 06:15:00,35.67
2018-06-20 06:30:00,49.23
2018-06-20 06:45:00,57.32
2018-06-20 07:00:00,70.880005
2018-06-20 07:15:00,85.69
2018-06-20 07:30:00,98.65
2018-06-20 07:45:00,111.020004
2018-06-20 08:00:00,106.479996
2018-06-20 08:15:00,121.68
2018-06-20 08:30:00,120.96001
2018-06-20 08:45:00,111.149994
2018-06-20 09:00:00,97.99
2018-06-20 09:15:00,98.06
2018-06-20 09:30:00,78.64
2018-06-20 09:45:00,79.24
2018-06-20 10:00:00,64.5
2018-06-20 10:15:00,47.449997
2018-06-20 10:30:00,28.23
2018-06-20 10:45:00,31.259998
2018-06-20 11:00:00,41.33
2018-06-20 11:15:00,38.300003
2018-06-20 11:30:00,31.529999
2018-06-20 11:45:00,17.51
2018-06-20 12:00:00,10.92
2018-06-20 12:15:00,0.07
2018-06-20 12:30:00,0.0
2018-06-20 12:45:00,0.0
2018-06-20 13:00:00,0.0
2018-06-20 13:15:00,0.0
2018-06-20 13:30:00,0.0
2018-06-20 13:45:00,0.0
2018-06-20 14:00:00,0.0
2018-06-20 14:15:00,0.0
2018-06-20 14:30:00,0.0
2018-06-20 14:45:00,2.69
2018-06-20 15:00:00,5.0
2018-06-20 15:15:00,5.33
2018-06-20 15:30:00,2.7
2018-06-20 15:45:00,6.9
2018-06-20 16:00:00,3.0900002
2018-06-20 16:15:00,0.78999996
2018-06-20 16:30:00,0.0
2018-06-20 16:45:00,0.0
2018-06-20 17:00:00,0.0
2018-06-20 17:15:00,0.0
2018-06-20 17:30:00,2.9
2018-06-20 17:45:00,8.89
2018-06-20 18:00:00,18.43
2018-06-20 18:15:00,15.27
2018-06-20 18:30:00,14.41
2018-06-20 18:45:00,15.4
2018-06-20 19:00:00,12.24
2018-06-20 19:15:00,8.29
2018-06-20 19:30:00,8.030001
2018-06-20 19:45:00,3.0900002
2018-06-20 20:00:00,1.58
2018-06-20 20:15:00,0.4
2018-06-20 20:30:00,0.0
2018-06-20 20:45:00,0.0
2018-06-20 21:00:00,0.0
2018-06-20 21:15:00,0.0
2018-06-20 21:30:00,0.0
2018-06-20 21:45:00,0.0
2018-06-20 22:00:00,0.0
2018-06-20 22:15:00,0.0
2018-06-20 22:30:00,0.0
2018-06-20 22:45:00,0.0
2018-06-20 23:00:00,0.0
2018-06-20 23:15:00,0.26
2018-06-20 23:30:00,1.77
2018-06-20 23:45:00,4.54
2018-06-21 00:00:00,7.5
2018-06-21 00:15:00,8.43
2018-06-21 00:30:00,3.68
2018-06-21 00:45:00,3.42
2018-06-21 01:00:00,4.9300003
2018-06-21 01:15:00,13.42
2018-06-21 01:30:00,15.33
2018-06-21 01:45:00,18.689999
2018-06-21 02:00:00,15.13
2018-06-21 02:15:00,14.08
2018-06-21 02:30:00,15.53
2018-06-21 02:45:00,15.4
2018-06-21 03:00:00,9.809999
2018-06-21 03:15:00,4.94
2018-06-21 03:30:00,4.34
2018-06-21 03:45:00,7.5
2018-06-21 04:00:00,9.940001
2018-06-21 04:15:00,3.9499998
2018-06-21 04:30:00,4.9300003
2018-06-21 04:45:00,3.82
2018-06-21 05:00:00,2.96
2018-06-21 05:15:00,1.71
2018-06-21 05:30:00,9.61
2018-06-21 05:45:00,11.65
2018-06-21 06:00:00,17.25
2018-06-21 06:15:00,26.45
2018-06-21 06:30:00,28.49
2018-06-21 06:45:00,29.09
2018-06-21 07:00:00,36.98
2018-06-21 07:15:00,46.66
2018-06-21 07:30:00,56.14
2018-06-21 07:45:00,48.3
2018-06-21 08:00:00,42.97
2018-06-21 08:15:00,39.16
2018-06-21 08:30:00,32.57
2018-06-21 08:45:00,28.17
2018-06-21 09:00:00,23.17
2018-06-21 09:15:00,20.93
2018-06-21 09:30:00,16.32
2018-06-21 09:45:00,9.61
2018-06-21 10:00:00,2.44
2018-06-21 10:15:00,2.83
2018-06-21 10:30:00,1.91
2018-06-21 10:45:00,0.0
2018-06-21 11:00:00,0.0
2018-06-21 11:15:00,0.0
2018-06-21 11:30:00,0.0
2018-06-21 11:45:00,0.0
2018-06-21 12:00:00,0.0
2018-06-21 12:15:00,0.0
2018-06-21 12:30:00,0.0
2018-06-21 12:45:00,0.0
2018-06-21 13:00:00,0.0
2018-06-21 13:15:00,0.0
2018-06-21 13:30:00,0.0
2018-06-21 13:45:00,0.0
2018-06-21 14:00:00,0.0
2018-06-21 14:15:00,0.0
2018-06-21 14:30:00,0.0
2018-06-21 14:45:00,0.0
2018-06-21 15:00:00,0.0
2018-06-21 15:15:00,0.0
2018-06-21 15:30:00,0.0
2018-06-21 15:45:00,0.0
2018-06-21 16:00:00,0.0
2018-06-21 16:15:00,0.0
2018-06-21 16:30:00,0.0
2018-06-21 16:45:00,0.0
2018-06-21 17:00:00,0.0
2018-06-21 17:15:00,0.0
2018-06-21 17:30:00,0.2
2018-06-21 17:45:00,0.13
2018-06-21 18:00:00,0.0
2018-06-21 18:15:00,0.0
2018-06-21 18:30:00,1.39
2018-06-21 18:45:00,3.22
2018-06-21 19:00:00,1.51
2018-06-21 19:15:00,0.33
2018-06-21 19:30:00,0.0
2018-06-21 19:45:00,0.0
2018-06-21 20:00:00,0.07
2018-06-21 20:15:00,1.18
2018-06-21 20:30:00,1.71
2018-06-21 20:45:00,0.59
2018-06-21 21:00:00,0.46
2018-06-21 21:15:00,1.38
2018-06-21 21:30:00,0.0
2018-06-21 21:45:00,0.0
2018-06-21 22:00:00,0.0
2018-06-21 22:15:00,0.0
2018-06-21 22:30:00,0.0
2018-06-21 22:45:00,0.0
2018-06-21 23:00:00,0.0
2018-06-21 23:15:00,0.07
2018-06-21 23:30:00,0.4
2018-06-21 23:45:00,0.19999999
2018-06-22 00:00:00,0.4
2018-06-22 00:15:00,0.0
2018-06-22 00:30:00,0.33
2018-06-22 00:45:00,0.33
2018-06-22 01:00:00,0.33
2018-06-22 01:15:00,0.33
2018-06-22 01:30:00,0.33
2018-06-22 01:45:00,0.33
2018-06-22 02:00:00,5.5299997
2018-06-22 02:15:00,2.24
2018-06-22 02:30:00,1.25
2018-06-22 02:45:00,0.92
2018-06-22 03:00:00,1.78
2018-06-22 03:15:00,4.74
2018-06-22 03:30:00,19.74
2018-06-22 03:45:00,28.099998
2018-06-22 04:00:00,37.38
2018-06-22 04:15:00,37.97
2018-06-22 04:30:00,44.42
2018-06-22 04:45:00,54.68
2018-06-22 05:00:00,60.739998
2018-06-22 05:15:00,66.47
2018-06-22 05:30:00,71.67
2018-06-22 05:45:00,71.729996
2018-06-22 06:00:00,71.729996
2018-06-22 06:15:00,84.04
2018-06-22 06:30:00,94.64
2018-06-22 06:45:00,106.09
2018-06-22 07:00:00,113.19
2018-06-22 07:15:00,129.97
2018-06-22 07:30:00,150.38
2018-06-22 07:45:00,150.11
2018-06-22 08:00:00,140.51001
2018-06-22 08:15:00,141.17
2018-06-22 08:30:00,131.63
2018-06-22 08:45:00,122.81
2018-06-22 09:00:00,127.74
2018-06-22 09:15:00,127.08
2018-06-22 09:30:00,138.0
2018-06-22 09:45:00,138.47
2018-06-22 10:00:00,138.4
2018-06-22 10:15:00,151.62
2018-06-22 10:30:00,136.56
2018-06-22 10:45:00,123.93
2018-06-22 11:00:00,117.34
2018-06-22 11:15:00,119.509995
2018-06-22 11:30:00,135.31
2018-06-22 11:45:00,130.83
2018-06-22 12:00:00,122.8
2018-06-22 12:15:00,120.7
2018-06-22 12:30:00,113.259995
2018-06-22 12:45:00,107.4
2018-06-22 13:00:00,107.53
2018-06-22 13:15:00,116.61
2018-06-22 13:30:00,127.6
2018-06-22 13:45:00,115.7
2018-06-22 14:00:00,116.880005
2018-06-22 14:15:00,97.14
2018-06-22 14:30:00,74.57
2018-06-22 14:45:00,54.03
2018-06-22 15:00:00,56.86
2018-06-22 15:15:00,60.75
2018-06-22 15:30:00,59.1
2018-06-22 15:45:00,45.14
2018-06-22 16:00:00,11.58
2018-06-22 16:15:00,0.0
2018-06-22 16:30:00,1.39
2018-06-22 16:45:00,7.83
2018-06-22 17:00:00,11.71
2018-06-22 17:15:00,10.99
2018-06-22 17:30:00,18.23
2018-06-22 17:45:00,19.279999
2018-06-22 18:00:00,21.650002
2018-06-22 18:15:00,26.65
2018-06-22 18:30:00,31.39
2018-06-22 18:45:00,37.510002
2018-06-22 19:00:00,31.98
2018-06-22 19:15:00,39.22
2018-06-22 19:30:00,48.77
2018-06-22 19:45:00,46.92
2018-06-22 20:00:00,43.96
2018-06-22 20:15:00,39.95
2018-06-22 20:30:00,56.47
2018-06-22 20:45:00,66.01
2018-06-22 21:00:00,52.32
2018-06-22 21:15:00,48.96
2018-06-22 21:30:00,61.07
2018-06-22 21:45:00,58.11
2018-06-22 22:00:00,56.4
2018-06-22 22:15:00,52.78
2018-06-22 22:30:00,62.33
2018-06-22 22:45:00,59.96
2018-06-22 23:00:00,69.29
2018-06-22 23:15:00,59.160004
2018-06-22 23:30:00,68.18
2018-06-22 23:45:00,71.93
2018-06-23 00:00:00,90.82
2018-06-23 00:15:00,104.57001
2018-06-23 00:30:00,102.93
2018-06-23 00:45:00,95.29
2018-06-23 01:00:00,87.53
2018-06-23 01:15:00,79.36
2018-06-23 01:30:00,82.46
2018-06-23 01:45:00,56.99
2018-06-23 02:00:00,86.869995
2018-06-23 02:15:00,109.71
2018-06-23 02:30:00,117.869995
2018-06-23 02:45:00,125.04
2018-06-23 03:00:00,137.81
2018-06-23 03:15:00,165.70999
2018-06-23 03:30:00,160.84
2018-06-23 03:45:00,195.71999
2018-06-23 04:00:00,214.08
2018-06-23 04:15:00,216.32
2018-06-23 04:30:00,222.7
2018-06-23 04:45:00,225.93
2018-06-23 05:00:00,226.98001
2018-06-23 05:15:00,221.92
2018-06-23 05:30:00,221.45
2018-06-23 05:45:00,224.99998
2018-06-23 06:00:00,224.02
2018-06-23 06:15:00,221.12
2018-06-23 06:30:00,224.47998
2018-06-23 06:45:00,225.59998
2018-06-23 07:00:00,227.38
2018-06-23 07:15:00,220.52998
2018-06-23 07:30:00,217.82999
2018-06-23 07:45:00,220.6
2018-06-23 08:00:00,223.69
2018-06-23 08:15:00,222.62999
2018-06-23 08:30:00,223.62
2018-06-23 08:45:00,223.56
2018-06-23 09:00:00,221.12
2018-06-23 09:15:00,222.10999
2018-06-23 09:30:00,224.42
2018-06-23 09:45:00,221.72
2018-06-23 10:00:00,211.12999
2018-06-23 10:15:00,31.98
2018-06-23 10:30:00,9.01
2018-06-23 10:45:00,11.91
2018-06-23 11:00:00,98.97
2018-06-23 11:15:00,0.72
2018-06-23 11:30:00,66.340004
2018-06-23 11:45:00,34.22
2018-06-23 12:00:00,99.899994
2018-06-23 12:15:00,43.77
2018-06-23 12:30:00,114.71
2018-06-23 12:45:00,122.740005
2018-06-23 13:00:00,160.65
2018-06-23 13:15:00,151.95
2018-06-23 13:30:00,207.57
2018-06-23 13:45:00,211.97998
2018-06-23 14:00:00,222.31
2018-06-23 14:15:00,222.37999
2018-06-23 14:30:00,213.95
2018-06-23 14:45:00,216.12
2018-06-23 15:00:00,171.18
2018-06-23 15:15:00,168.48001
2018-06-23 15:30:00,157.68
2018-06-23 15:45:00,149.91
2018-06-23 16:00:00,115.04
2018-06-23 16:15:00,123.399994
2018-06-23 16:30:00,108.06
2018-06-23 16:45:00,130.31
2018-06-23 17:00:00,123.6
2018-06-23 17:15:00,146.74998
2018-06-23 17:30:00,143.34
2018-06-23 17:45:00,132.34999
2018-06-23 18:00:00,134.45
2018-06-23 18:15:00,140.64
2018-06-23 18:30:00,133.73
2018-06-23 18:45:00,133.19998
2018-06-23 19:00:00,97.270004
2018-06-23 19:15:00,83.05
2018-06-23 19:30:00,73.18
2018-06-23 19:45:00,66.93
2018-06-23 20:00:00,73.18
2018-06-23 20:15:00,74.630005
2018-06-23 20:30:00,74.630005
2018-06-23 20:45:00,48.0
2018-06-23 21:00:00,57.0
2018-06-23 21:15:00,51.0
2018-06-23 21:30:00,51.0
2018-06-23 21:45:00,51.0
2018-06-23 22:00:00,51.0
2018-06-23 22:15:00,43.0
2018-06-23 22:30:00,32.64
2018-06-23 22:45:00,36.52
2018-06-23 23:00:00,44.68
2018-06-23 23:15:00,44.03
2018-06-23 23:30:00,36.98
2018-06-23 23:45:00,60.739998
2018-06-24 00:00:00,47.18
2018-06-24 00:15:00,38.89
2018-06-24 00:30:00,36.92
2018-06-24 00:45:00,42.58
2018-06-24 01:00:00,54.760002
2018-06-24 01:15:00,46.93
2018-06-24 01:30:00,59.83
2018-06-24 01:45:00,93.78
2018-06-24 02:00:00,194.6
2018-06-24 02:15:00,95.1
2018-06-24 02:30:00,89.9
2018-06-24 02:45:00,132.22
2018-06-24 03:00:00,107.270004
2018-06-24 03:15:00,92.53
2018-06-24 03:30:00,34.35
2018-06-24 03:45:00,25.86
2018-06-24 04:00:00,23.029999
2018-06-24 04:15:00,18.96
2018-06-24 04:30:00,32.5
2018-06-24 04:45:00,8.22
2018-06-24 05:00:00,3.3600001
2018-06-24 05:15:00,0.0
2018-06-24 05:30:00,135.9
2018-06-24 05:45:00,106.22
2018-06-24 06:00:00,142.02
2018-06-24 06:15:00,167.62
2018-06-24 06:30:00,196.97
2018-06-24 06:45:00,212.56998
2018-06-24 07:00:00,209.48
2018-06-24 07:15:00,214.08
2018-06-24 07:30:00,208.74998
2018-06-24 07:45:00,216.12
2018-06-24 08:00:00,213.22998
2018-06-24 08:15:00,212.44
2018-06-24 08:30:00,206.70999
2018-06-24 08:45:00,210.6
2018-06-24 09:00:00,216.97998
2018-06-24 09:15:00,215.33
2018-06-24 09:30:00,215.65997
2018-06-24 09:45:00,219.42
2018-06-24 10:00:00,219.48
2018-06-24 10:15:00,219.27998
2018-06-24 10:30:00,221.52
2018-06-24 10:45:00,221.25998
2018-06-24 11:00:00,221.59
2018-06-24 11:15:00,222.25
2018-06-24 11:30:00,222.03998
2018-06-24 11:45:00,222.43999
2018-06-24 12:00:00,223.16
2018-06-24 12:15:00,221.85
2018-06-24 12:30:00,220.65999
2018-06-24 12:45:00,221.85
2018-06-24 13:00:00,220.08
2018-06-24 13:15:00,220.93
2018-06-24 13:30:00,219.15
2018-06-24 13:45:00,219.93999
2018-06-24 14:00:00,219.94
2018-06-24 14:15:00,219.74998
2018-06-24 14:30:00,219.81
2018-06-24 14:45:00,216.79001
2018-06-24 15:00:00,214.73999
2018-06-24 15:15:00,215.39
2018-06-24 15:30:00,215.13998
2018-06-24 15:45:00,213.89
2018-06-24 16:00:00,216.91
2018-06-24 16:15:00,200.26001
2018-06-24 16:30:00,142.28
2018-06-24 16:45:00,84.44
2018-06-24 17:00:00,123.91998
2018-06-24 17:15:00,174.0
2018-06-24 17:30:00,155.64
2018-06-24 17:45:00,119.25
2018-06-24 18:00:00,128.59
2018-06-24 18:15:00,143.8
2018-06-24 18:30:00,130.56
2018-06-24 18:45:00,123.78999
2018-06-24 19:00:00,105.369995
2018-06-24 19:15:00,98.19
2018-06-24 19:30:00,102.869995
2018-06-24 19:45:00,116.09
2018-06-24 20:00:00,102.47
2018-06-24 20:15:00,90.619995
2018-06-24 20:30:00,96.53999
2018-06-24 20:45:00,95.03
2018-06-24 21:00:00,82.07
2018-06-24 21:15:00,94.899994
2018-06-24 21:30:00,84.04
2018-06-24 21:45:00,77.86
2018-06-24 22:00:00,91.479996
2018-06-24 22:15:00,93.979996
2018-06-24 22:30:00,114.97
2018-06-24 22:45:00,112.54
2018-06-24 23:00:00,120.3
2018-06-24 23:15:00,156.11
2018-06-24 23:30:00,178.88
2018-06-24 23:45:00,198.01999
2018-06-25 00:00:00,207.11
2018-06-25 00:15:00,215.53
2018-06-25 00:30:00,207.62999
2018-06-25 00:45:00,204.99998
2018-06-25 01:00:00,204.87
2018-06-25 01:15:00,199.87
2018-06-25 01:30:00,211.77998
2018-06-25 01:45:00,217.84
2018-06-25 02:00:00,141.03
2018-06-25 02:15:00,95.100006
2018-06-25 02:30:00,206.24998
2018-06-25 02:45:00,214.15
2018-06-25 03:00:00,215.4
2018-06-25 03:15:00,214.09
2018-06-25 03:30:00,215.58997
2018-06-25 03:45:00,213.02998
2018-06-25 04:00:00,219.81
2018-06-25 04:15:00,219.87
2018-06-25 04:30:00,218.23
2018-06-25 04:45:00,206.25
2018-06-25 05:00:00,214.47998
2018-06-25 05:15:00,215.4
2018-06-25 05:30:00,216.58
2018-06-25 05:45:00,218.23001
2018-06-25 06:00:00,216.65
2018-06-25 06:15:00,214.88
2018-06-25 06:30:00,215.27
2018-06-25 06:45:00,213.75
2018-06-25 07:00:00,213.74998
2018-06-25 07:15:00,212.9
2018-06-25 07:30:00,212.31
2018-06-25 07:45:00,213.82
2018-06-25 08:00:00,210.47
2018-06-25 08:15:00,211.91
2018-06-25 08:30:00,212.44
2018-06-25 08:45:00,212.64
2018-06-25 09:00:00,212.44
2018-06-25 09:15:00,212.37
2018-06-25 09:30:00,211.13
2018-06-25 09:45:00,210.65999
2018-06-25 10:00:00,207.9
2018-06-25 10:15:00,169.66
2018-06-25 10:30:00,65.28
2018-06-25 10:45:00,74.04
2018-06-25 11:00:00,55.879997
2018-06-25 11:15:00,34.879997
2018-06-25 11:30:00,33.89
2018-06-25 11:45:00,14.610001
2018-06-25 12:00:00,29.48
2018-06-25 12:15:00,29.289999
2018-06-25 12:30:00,22.64
2018-06-25 12:45:00,24.29
2018-06-25 13:00:00,36.85
2018-06-25 13:15:00,58.83
2018-06-25 13:30:00,67.909996
2018-06-25 13:45:00,68.31
2018-06-25 14:00:00,95.82
2018-06-25 14:15:00,90.75
2018-06-25 14:30:00,117.270004
2018-06-25 14:45:00,117.86
2018-06-25 15:00:00,127.67
2018-06-25 15:15:00,124.78
2018-06-25 15:30:00,102.14
2018-06-25 15:45:00,95.56
2018-06-25 16:00:00,95.82001
2018-06-25 16:15:00,88.25
2018-06-25 16:30:00,93.78
2018-06-25 16:45:00,80.49
2018-06-25 17:00:00,75.62
2018-06-25 17:15:00,58.37
2018-06-25 17:30:00,60.48
2018-06-25 17:45:00,68.32
2018-06-25 18:00:00,62.65
2018-06-25 18:15:00,93.65
2018-06-25 18:30:00,93.39
2018-06-25 18:45:00,81.729996
2018-06-25 19:00:00,80.16
2018-06-25 19:15:00,88.91
2018-06-25 19:30:00,75.149994
2018-06-25 19:45:00,66.28
2018-06-25 20:00:00,70.61
2018-06-25 20:15:00,63.05
2018-06-25 20:30:00,70.619995
2018-06-25 20:45:00,73.25
2018-06-25 21:00:00,66.08
2018-06-25 21:15:00,64.63
2018-06-25 21:30:00,66.93
2018-06-25 21:45:00,70.479996
2018-06-25 22:00:00,76.54
2018-06-25 22:15:00,59.489998
2018-06-25 22:30:00,59.559998
2018-06-25 22:45:00,44.760002
2018-06-25 23:00:00,49.09
2018-06-25 23:15:00,40.739998
2018-06-25 23:30:00,37.18
2018-06-25 23:45:00,36.39
2018-06-26 00:00:00,33.57
2018-06-26 00:15:00,39.95
2018-06-26 00:30:00,39.61
2018-06-26 00:45:00,39.42
2018-06-26 01:00:00,42.9
2018-06-26 01:15:00,36.129997
2018-06-26 01:30:00,31.529999
2018-06-26 01:45:00,22.11
2018-06-26 02:00:00,19.08
2018-06-26 02:15:00,19.48
2018-06-26 02:30:00,25.4
2018-06-26 02:45:00,27.05
2018-06-26 03:00:00,29.95
2018-06-26 03:15:00,27.11
2018-06-26 03:30:00,29.08
2018-06-26 03:45:00,39.09
2018-06-26 04:00:00,52.98
2018-06-26 04:15:00,63.57
2018-06-26 04:30:00,68.380005
2018-06-26 04:45:00,82.46001
2018-06-26 05:00:00,102.08
2018-06-26 05:15:00,128.79
2018-06-26 05:30:00,129.70999
2018-06-26 05:45:00,127.94
2018-06-26 06:00:00,151.29999
2018-06-26 06:15:00,137.41
2018-06-26 06:30:00,141.83
2018-06-26 06:45:00,140.44
2018-06-26 07:00:00,128.07
2018-06-26 07:15:00,138.34
2018-06-26 07:30:00,134.06
2018-06-26 07:45:00,135.96
2018-06-26 08:00:00,132.87
2018-06-26 08:15:00,121.149994
2018-06-26 08:30:00,107.86
2018-06-26 08:45:00,91.81
2018-06-26 09:00:00,88.64
2018-06-26 09:15:00,89.899994
2018-06-26 09:30:00,89.31
2018-06-26 09:45:00,94.759995
2018-06-26 10:00:00,87.26
2018-06-26 10:15:00,98.71
2018-06-26 10:30:00,104.18
2018-06-26 10:45:00,115.43
2018-06-26 11:00:00,126.090004
2018-06-26 11:15:00,116.35
2018-06-26 11:30:00,115.3
2018-06-26 11:45:00,118.39
2018-06-26 12:00:00,96.869995
2018-06-26 12:15:00,113.72
2018-06-26 12:30:00,100.229996
2018-06-26 12:45:00,103.91
2018-06-26 13:00:00,106.28
2018-06-26 13:15:00,98.509995
2018-06-26 13:30:00,95.55
2018-06-26 13:45:00,104.51
2018-06-26 14:00:00,108.520004
2018-06-26 14:15:00,139.19
2018-06-26 14:30:00,132.08
2018-06-26 14:45:00,123.0
2018-06-26 15:00:00,129.25
2018-06-26 15:15:00,137.68
2018-06-26 15:30:00,123.07001
2018-06-26 15:45:00,119.979996
2018-06-26 16:00:00,111.15
2018-06-26 16:15:00,100.55
2018-06-26 16:30:00,102.47
2018-06-26 16:45:00,104.18
2018-06-26 17:00:00,115.100006
2018-06-26 17:15:00,110.36
2018-06-26 17:30:00,105.5
2018-06-26 17:45:00,95.17
2018-06-26 18:00:00,96.47
2018-06-26 18:15:00,94.83
2018-06-26 18:30:00,97.53
2018-06-26 18:45:00,100.62
2018-06-26 19:00:00,98.19
2018-06-26 19:15:00,106.48
2018-06-26 19:30:00,107.54
2018-06-26 19:45:00,92.72
2018-06-26 20:00:00,91.08
2018-06-26 20:15:00,85.42
2018-06-26 20:30:00,78.97
2018-06-26 20:45:00,93.130005
2018-06-26 21:00:00,85.16
2018-06-26 21:15:00,77.78
2018-06-26 21:30:00,87.66
2018-06-26 21:45:00,91.93
2018-06-26 22:00:00,80.82
2018-06-26 22:15:00,82.990005
2018-06-26 22:30:00,77.520004
2018-06-26 22:45:00,65.09
2018-06-26 23:00:00,57.98
2018-06-26 23:15:00,57.39
2018-06-26 23:30:00,54.95
2018-06-26 23:45:00,53.37
2018-06-27 00:00:00,48.18
2018-06-27 00:15:00,49.75
2018-06-27 00:30:00,57.78
2018-06-27 00:45:00,52.52
2018-06-27 01:00:00,49.89
2018-06-27 01:15:00,45.28
2018-06-27 01:30:00,38.83
2018-06-27 01:45:00,30.86
2018-06-27 02:00:00,29.880001
2018-06-27 02:15:00,26.26
2018-06-27 02:30:00,31.79
2018-06-27 02:45:00,34.42
2018-06-27 03:00:00,46.14
2018-06-27 03:15:00,65.75
2018-06-27 03:30:00,71.6
2018-06-27 03:45:00,71.729996
2018-06-27 04:00:00,75.94
2018-06-27 04:15:00,83.71
2018-06-27 04:30:00,73.18
2018-06-27 04:45:00,80.229996
2018-06-27 05:00:00,95.69
2018-06-27 05:15:00,102.270004
2018-06-27 05:30:00,131.09999
2018-06-27 05:45:00,151.29999
2018-06-27 06:00:00,169.99
2018-06-27 06:15:00,175.91
2018-06-27 06:30:00,170.59
2018-06-27 06:45:00,184.54001
2018-06-27 07:00:00,182.5
2018-06-27 07:15:00,154.19
2018-06-27 07:30:00,138.4
2018-06-27 07:45:00,140.04001
2018-06-27 08:00:00,144.39
2018-06-27 08:15:00,148.67001
2018-06-27 08:30:00,125.899994
2018-06-27 08:45:00,107.66
2018-06-27 09:00:00,88.119995
2018-06-27 09:15:00,82.59
2018-06-27 09:30:00,93.39
2018-06-27 09:45:00,93.26
2018-06-27 10:00:00,108.98
2018-06-27 10:15:00,119.979996
2018-06-27 10:30:00,122.869995
2018-06-27 10:45:00,128.59
2018-06-27 11:00:00,127.01
2018-06-27 11:15:00,127.14
2018-06-27 11:30:00,114.7
2018-06-27 11:45:00,132.41
2018-06-27 12:00:00,137.8
2018-06-27 12:15:00,105.04
2018-06-27 12:30:00,69.37
2018-06-27 12:45:00,53.7
2018-06-27 13:00:00,58.18
2018-06-27 13:15:00,66.47
2018-06-27 13:30:00,105.36
2018-06-27 13:45:00,120.3
2018-06-27 14:00:00,132.54001
2018-06-27 14:15:00,113.66
2018-06-27 14:30:00,106.020004
2018-06-27 14:45:00,98.91
2018-06-27 15:00:00,108.79
2018-06-27 15:15:00,95.42
2018-06-27 15:30:00,82.2
2018-06-27 15:45:00,84.17
2018-06-27 16:00:00,74.96
2018-06-27 16:15:00,74.17
2018-06-27 16:30:00,71.009995
2018-06-27 16:45:00,67.39
2018-06-27 17:00:00,71.729996
2018-06-27 17:15:00,76.729996
2018-06-27 17:30:00,75.22
2018-06-27 17:45:00,76.34
2018-06-27 18:00:00,88.58
2018-06-27 18:15:00,78.380005
2018-06-27 18:30:00,69.56
2018-06-27 18:45:00,59.1
2018-06-27 19:00:00,50.41
2018-06-27 19:15:00,63.57
2018-06-27 19:30:00,54.559998
2018-06-27 19:45:00,52.519997
2018-06-27 20:00:00,46.13
2018-06-27 20:15:00,40.21
2018-06-27 20:30:00,47.059998
2018-06-27 20:45:00,47.84
2018-06-27 21:00:00,52.510002
2018-06-27 21:15:00,41.46
2018-06-27 21:30:00,42.77
2018-06-27 21:45:00,49.75
2018-06-27 22:00:00,36.260002
2018-06-27 22:15:00,43.43
2018-06-27 22:30:00,52.78
2018-06-27 22:45:00,50.67
2018-06-27 23:00:00,48.24
2018-06-27 23:15:00,37.25
2018-06-27 23:30:00,35.67
2018-06-27 23:45:00,40.8
2018-06-28 00:00:00,33.82
2018-06-28 00:15:00,32.71
2018-06-28 00:30:00,39.02
2018-06-28 00:45:00,40.86
2018-06-28 01:00:00,36.07
2018-06-28 01:15:00,28.83
2018-06-28 01:30:00,21.84
2018-06-28 01:45:00,21.060001
2018-06-28 02:00:00,24.61
2018-06-28 02:15:00,25.529999
2018-06-28 02:30:00,32.18
2018-06-28 02:45:00,40.730003
2018-06-28 03:00:00,44.489998
2018-06-28 03:15:00,55.22
2018-06-28 03:30:00,64.17
2018-06-28 03:45:00,74.42999
2018-06-28 04:00:00,74.490005
2018-06-28 04:15:00,76.54
2018-06-28 04:30:00,97.399994
2018-06-28 04:45:00,129.26
2018-06-28 05:00:00,142.07999
2018-06-28 05:15:00,139.13
2018-06-28 05:30:00,124.31999
2018-06-28 05:45:00,113.26
2018-06-28 06:00:00,98.06
2018-06-28 06:15:00,86.54
2018-06-28 06:30:00,91.61
2018-06-28 06:45:00,111.22
2018-06-28 07:00:00,109.240005
2018-06-28 07:15:00,109.25
2018-06-28 07:30:00,99.71
2018-06-28 07:45:00,88.78
2018-06-28 08:00:00,79.57
2018-06-28 08:15:00,98.06
2018-06-28 08:30:00,103.46001
2018-06-28 08:45:00,89.63
2018-06-28 09:00:00,73.91
2018-06-28 09:15:00,55.22
2018-06-28 09:30:00,56.47
2018-06-28 09:45:00,49.75
2018-06-28 10:00:00,46.2
2018-06-28 10:15:00,61.86
2018-06-28 10:30:00,68.11
2018-06-28 10:45:00,61.07
2018-06-28 11:00:00,68.12
2018-06-28 11:15:00,73.84
2018-06-28 11:30:00,68.38
2018-06-28 11:45:00,60.09
2018-06-28 12:00:00,48.699997
2018-06-28 12:15:00,39.09
2018-06-28 12:30:00,33.17
2018-06-28 12:45:00,38.96
2018-06-28 13:00:00,38.57
2018-06-28 13:15:00,43.1
2018-06-28 13:30:00,54.36
2018-06-28 13:45:00,84.7
2018-06-28 14:00:00,103.46
2018-06-28 14:15:00,104.380005
2018-06-28 14:30:00,94.63
2018-06-28 14:45:00,91.54
2018-06-28 15:00:00,86.14
2018-06-28 15:15:00,96.149994
2018-06-28 15:30:00,101.88
2018-06-28 15:45:00,90.36
2018-06-28 16:00:00,94.96001
2018-06-28 16:15:00,85.35
2018-06-28 16:30:00,78.64
2018-06-28 16:45:00,85.09
2018-06-28 17:00:00,80.479996
2018-06-28 17:15:00,66.53
2018-06-28 17:30:00,60.61
2018-06-28 17:45:00,63.18
2018-06-28 18:00:00,57.26
2018-06-28 18:15:00,50.480003
2018-06-28 18:30:00,56.13
2018-06-28 18:45:00,59.23
2018-06-28 19:00:00,54.690002
2018-06-28 19:15:00,52.72
2018-06-28 19:30:00,54.03
2018-06-28 19:45:00,41.07
2018-06-28 20:00:00,55.6
2018-06-28 20:15:00,77.78999
2018-06-28 20:30:00,65.09
2018-06-28 20:45:00,84.369995
2018-06-28 21:00:00,77.0
2018-06-28 21:15:00,88.380005
2018-06-28 21:30:00,91.8
2018-06-28 21:45:00,88.72
2018-06-28 22:00:00,87.26
2018-06-28 22:15:00,103.520004
2018-06-28 22:30:00,106.020004
2018-06-28 22:45:00,86.22
2018-06-28 23:00:00,87.130005
2018-06-28 23:15:00,127.8
2018-06-28 23:30:00,105.619995
2018-06-28 23:45:00,110.630005
2018-06-29 00:00:00,99.9
2018-06-29 00:15:00,83.119995
2018-06-29 00:30:00,92.13
2018-06-29 00:45:00,82.2
2018-06-29 01:00:00,80.56
2018-06-29 01:15:00,70.68
2018-06-29 01:30:00,58.769997
2018-06-29 01:45:00,41.79
2018-06-29 02:00:00,43.57
2018-06-29 02:15:00,55.67
2018-06-29 02:30:00,55.34
2018-06-29 02:45:00,56.6
2018-06-29 03:00:00,73.05
2018-06-29 03:15:00,83.78
2018-06-29 03:30:00,106.55
2018-06-29 03:45:00,113.79
2018-06-29 04:00:00,122.08
2018-06-29 04:15:00,135.9
2018-06-29 04:30:00,152.03
2018-06-29 04:45:00,139.39
2018-06-29 05:00:00,131.36
2018-06-29 05:15:00,123.850006
2018-06-29 05:30:00,118.59
2018-06-29 05:45:00,130.11
2018-06-29 06:00:00,136.1
2018-06-29 06:15:00,140.11
2018-06-29 06:30:00,131.82
2018-06-29 06:45:00,141.41998
2018-06-29 07:00:00,134.91
2018-06-29 07:15:00,132.28
2018-06-29 07:30:00,136.56
2018-06-29 07:45:00,139.06
2018-06-29 08:00:00,148.08
2018-06-29 08:15:00,148.07
2018-06-29 08:30:00,128.8
2018-06-29 08:45:00,113.520004
2018-06-29 09:00:00,94.84
2018-06-29 09:15:00,75.42
2018-06-29 09:30:00,62.25
2018-06-29 09:45:00,67.259995
2018-06-29 10:00:00,72.46
2018-06-29 10:15:00,78.58
2018-06-29 10:30:00,71.47
2018-06-29 10:45:00,76.27
2018-06-29 11:00:00,86.21001
2018-06-29 11:15:00,94.04
2018-06-29 11:30:00,103.12
2018-06-29 11:45:00,88.05
2018-06-29 12:00:00,89.240005
2018-06-29 12:15:00,83.12
2018-06-29 12:30:00,98.19
2018-06-29 12:45:00,98.850006
2018-06-29 13:00:00,105.04
2018-06-29 13:15:00,114.11
2018-06-29 13:30:00,142.48
2018-06-29 13:45:00,151.23001
2018-06-29 14:00:00,148.01001
2018-06-29 14:15:00,155.97
2018-06-29 14:30:00,157.48999
2018-06-29 14:45:00,164.65
2018-06-29 15:00:00,175.25
2018-06-29 15:15:00,165.12
2018-06-29 15:30:00,159.73001
2018-06-29 15:45:00,163.79999
2018-06-29 16:00:00,162.21999
2018-06-29 16:15:00,155.31
2018-06-29 16:30:00,162.48999
2018-06-29 16:45:00,162.48999
2018-06-29 17:00:00,168.61
2018-06-29 17:15:00,158.67
2018-06-29 17:30:00,159.53
2018-06-29 17:45:00,150.51
2018-06-29 18:00:00,142.35
2018-06-29 18:15:00,143.34
2018-06-29 18:30:00,129.04999
2018-06-29 18:45:00,119.91
2018-06-29 19:00:00,109.84
2018-06-29 19:15:00,82.05
2018-06-29 19:30:00,79.42
2018-06-29 19:45:00,78.51
2018-06-29 20:00:00,78.71
2018-06-29 20:15:00,70.020004
2018-06-29 20:30:00,84.83
2018-06-29 20:45:00,87.130005
2018-06-29 21:00:00,82.33
2018-06-29 21:15:00,99.44
2018-06-29 21:30:00,84.369995
2018-06-29 21:45:00,75.94
2018-06-29 22:00:00,106.619995
2018-06-29 22:15:00,97.8
2018-06-29 22:30:00,105.76
2018-06-29 22:45:00,96.479996
2018-06-29 23:00:00,104.31
2018-06-29 23:15:00,106.020004
2018-06-29 23:30:00,122.869995
2018-06-29 23:45:00,127.35
2018-06-30 00:00:00,126.69
2018-06-30 00:15:00,137.73999
2018-06-30 00:30:00,144.51999
2018-06-30 00:45:00,148.67
2018-06-30 01:00:00,126.03
2018-06-30 01:15:00,112.07
2018-06-30 01:30:00,79.96
2018-06-30 01:45:00,84.369995
2018-06-30 02:00:00,79.83
2018-06-30 02:15:00,88.98
2018-06-30 02:30:00,113.979996
2018-06-30 02:45:00,139.58
2018-06-30 03:00:00,132.22
2018-06-30 03:15:00,130.29999
2018-06-30 03:30:00,143.66
2018-06-30 03:45:00,157.68
2018-06-30 04:00:00,168.67
2018-06-30 04:15:00,151.29999
2018-06-30 04:30:00,115.04
2018-06-30 04:45:00,50.8
2018-06-30 05:00:00,21.06
2018-06-30 05:15:00,24.02
2018-06-30 05:30:00,25.73
2018-06-30 05:45:00,25.8
2018-06-30 06:00:00,41.4
2018-06-30 06:15:00,74.83
2018-06-30 06:30:00,81.009995
2018-06-30 06:45:00,116.49
2018-06-30 07:00:00,109.05
2018-06-30 07:15:00,94.630005
2018-06-30 07:30:00,86.35
2018-06-30 07:45:00,77.73
2018-06-30 08:00:00,91.87
2018-06-30 08:15:00,73.12
2018-06-30 08:30:00,83.05
2018-06-30 08:45:00,111.75
2018-06-30 09:00:00,120.3
2018-06-30 09:15:00,107.600006
2018-06-30 09:30:00,87.39
2018-06-30 09:45:00,55.550003
2018-06-30 10:00:00,36.260002
2018-06-30 10:15:00,25.6
2018-06-30 10:30:00,20.27
2018-06-30 10:45:00,19.54
2018-06-30 11:00:00,17.9
2018-06-30 11:15:00,4.4700003
2018-06-30 11:30:00,2.1
2018-06-30 11:45:00,4.74
2018-06-30 12:00:00,7.3100004
2018-06-30 12:15:00,3.89
2018-06-30 12:30:00,6.9799995
2018-06-30 12:45:00,13.16
2018-06-30 13:00:00,14.08
2018-06-30 13:15:00,30.739998
2018-06-30 13:30:00,54.17
2018-06-30 13:45:00,73.7
2018-06-30 14:00:00,81.009995
2018-06-30 14:15:00,85.09
2018-06-30 14:30:00,61.34
2018-06-30 14:45:00,53.96
2018-06-30 15:00:00,65.869995
2018-06-30 15:15:00,173.54001
2018-06-30 15:30:00,164.65
2018-06-30 15:45:00,119.11
2018-06-30 16:00:00,119.509995
2018-06-30 16:15:00,95.96001
2018-06-30 16:30:00,55.800003
2018-06-30 16:45:00,64.56
2018-06-30 17:00:00,92.14
2018-06-30 17:15:00,76.6
2018-06-30 17:30:00,64.56
2018-06-30 17:45:00,45.35
2018-06-30 18:00:00,29.35
2018-06-30 18:15:00,36.190002
2018-06-30 18:30:00,42.45
2018-06-30 18:45:00,79.36
2018-06-30 19:00:00,67.979996
2018-06-30 19:15:00,68.45
2018-06-30 19:30:00,75.36
2018-06-30 19:45:00,68.64
2018-06-30 20:00:00,73.11
2018-06-30 20:15:00,70.880005
2018-06-30 20:30:00,46.13
2018-06-30 20:45:00,40.93
2018-06-30 21:00:00,57.059998
2018-06-30 21:15:00,45.22
2018-06-30 21:30:00,49.1
2018-06-30 21:45:00,53.83
2018-06-30 22:00:00,59.89
2018-06-30 22:15:00,47.64
2018-06-30 22:30:00,53.9
2018-06-30 22:45:00,45.010002
2018-06-30 23:00:00,40.14
2018-06-30 23:15:00,31.390001
2018-06-30 23:30:00,27.77
2018-06-30 23:45:00,18.099998
2018-07-01 00:00:00,13.559999
2018-07-01 00:15:00,7.4300003
2018-07-01 00:30:00,5.01
2018-07-01 00:45:00,54.82
2018-07-01 01:00:00,7.05
2018-07-01 01:15:00,1.91
2018-07-01 01:30:00,0.0
2018-07-01 01:45:00,1.12
2018-07-01 02:00:00,115.17
2018-07-01 02:15:00,157.81
2018-07-01 02:30:00,79.37
2018-07-01 02:45:00,166.96999
2018-07-01 03:00:00,168.67
2018-07-01 03:15:00,63.309998
2018-07-01 03:30:00,107.67
2018-07-01 03:45:00,70.880005
2018-07-01 04:00:00,63.510002
2018-07-01 04:15:00,55.940002
2018-07-01 04:30:00,65.61
2018-07-01 04:45:00,42.84
2018-07-01 05:00:00,50.61
2018-07-01 05:15:00,131.03
2018-07-01 05:30:00,119.05
2018-07-01 05:45:00,137.67
2018-07-01 06:00:00,201.58
2018-07-01 06:15:00,209.93
2018-07-01 06:30:00,212.5
2018-07-01 06:45:00,213.09
2018-07-01 07:00:00,209.07999
2018-07-01 07:15:00,184.47
2018-07-01 07:30:00,179.92
2018-07-01 07:45:00,191.64
2018-07-01 08:00:00,207.37
2018-07-01 08:15:00,197.43
2018-07-01 08:30:00,187.63
2018-07-01 08:45:00,197.76001
2018-07-01 09:00:00,193.68
2018-07-01 09:15:00,161.29999
2018-07-01 09:30:00,141.69
2018-07-01 09:45:00,129.98
2018-07-01 10:00:00,146.23001
2018-07-01 10:15:00,133.4
2018-07-01 10:30:00,146.35999
2018-07-01 10:45:00,150.76999
2018-07-01 11:00:00,156.04001
2018-07-01 11:15:00,158.47
2018-07-01 11:30:00,169.20001
2018-07-01 11:45:00,162.43
2018-07-01 12:00:00,170.05
2018-07-01 12:15:00,178.08
2018-07-01 12:30:00,173.93
2018-07-01 12:45:00,162.95
2018-07-01 13:00:00,163.01
2018-07-01 13:15:00,172.29001
2018-07-01 13:30:00,168.73999
2018-07-01 13:45:00,162.88
2018-07-01 14:00:00,156.89
2018-07-01 14:15:00,176.71
2018-07-01 14:30:00,179.45999
2018-07-01 14:45:00,173.94
2018-07-01 15:00:00,171.97
2018-07-01 15:15:00,166.82999
2018-07-01 15:30:00,137.22
2018-07-01 15:45:00,120.68999
2018-07-01 16:00:00,110.3
2018-07-01 16:15:00,88.770004
2018-07-01 16:30:00,73.57
2018-07-01 16:45:00,79.24
2018-07-01 17:00:00,63.77
2018-07-01 17:15:00,62.519997
2018-07-01 17:30:00,47.78
2018-07-01 17:45:00,38.690002
2018-07-01 18:00:00,28.23
2018-07-01 18:15:00,30.93
2018-07-01 18:30:00,25.93
2018-07-01 18:45:00,22.9
2018-07-01 19:00:00,34.16
2018-07-01 19:15:00,25.740002
2018-07-01 19:30:00,25.86
2018-07-01 19:45:00,25.4
2018-07-01 20:00:00,30.470001
2018-07-01 20:15:00,40.41
2018-07-01 20:30:00,42.519997
2018-07-01 20:45:00,41.79
2018-07-01 21:00:00,40.93
2018-07-01 21:15:00,36.33
2018-07-01 21:30:00,31.39
2018-07-01 21:45:00,30.669998
2018-07-01 22:00:00,34.809998
2018-07-01 22:15:00,44.620003
2018-07-01 22:30:00,38.559998
2018-07-01 22:45:00,48.17
2018-07-01 23:00:00,45.34
2018-07-01 23:15:00,58.77
2018-07-01 23:30:00,62.91
2018-07-01 23:45:00,54.03
2018-07-02 00:00:00,49.43
2018-07-02 00:15:00,33.17
2018-07-02 00:30:00,14.74
2018-07-02 00:45:00,18.29
2018-07-02 01:00:00,12.04
2018-07-02 01:15:00,6.65
2018-07-02 01:30:00,49.03
2018-07-02 01:45:00,61.47
2018-07-02 02:00:00,54.23
2018-07-02 02:15:00,46.53
2018-07-02 02:30:00,44.42
2018-07-02 02:45:00,25.34
2018-07-02 03:00:00,38.239998
2018-07-02 03:15:00,33.36
2018-07-02 03:30:00,21.71
2018-07-02 03:45:00,19.68
2018-07-02 04:00:00,21.52
2018-07-02 04:15:00,14.09
2018-07-02 04:30:00,15.79
2018-07-02 04:45:00,24.75
2018-07-02 05:00:00,33.49
2018-07-02 05:15:00,148.67
2018-07-02 05:30:00,140.03998
2018-07-02 05:45:00,48.44
2018-07-02 06:00:00,27.91
2018-07-02 06:15:00,22.9
2018-07-02 06:30:00,31.199999
2018-07-02 06:45:00,22.310001
2018-07-02 07:00:00,7.76
2018-07-02 07:15:00,0.4
2018-07-02 07:30:00,0.0
2018-07-02 07:45:00,0.0
2018-07-02 08:00:00,0.0
2018-07-02 08:15:00,0.0
2018-07-02 08:30:00,1.06
2018-07-02 08:45:00,6.6499996
2018-07-02 09:00:00,10.4
2018-07-02 09:15:00,6.38
2018-07-02 09:30:00,1.1199999
2018-07-02 09:45:00,2.6999998
2018-07-02 10:00:00,10.13
2018-07-02 10:15:00,20.92
2018-07-02 10:30:00,17.58
2018-07-02 10:45:00,23.3
2018-07-02 11:00:00,31.060001
2018-07-02 11:15:00,41.8
2018-07-02 11:30:00,49.29
2018-07-02 11:45:00,52.45
2018-07-02 12:00:00,51.33
2018-07-02 12:15:00,48.309998
2018-07-02 12:30:00,65.94
2018-07-02 12:45:00,74.5
2018-07-02 13:00:00,58.370003
2018-07-02 13:15:00,55.15
2018-07-02 13:30:00,61.67
2018-07-02 13:45:00,65.61
2018-07-02 14:00:00,61.33
2018-07-02 14:15:00,63.239998
2018-07-02 14:30:00,64.03
2018-07-02 14:45:00,63.71
2018-07-02 15:00:00,63.5
2018-07-02 15:15:00,59.43
2018-07-02 15:30:00,44.620003
2018-07-02 15:45:00,43.17
2018-07-02 16:00:00,38.699997
2018-07-02 16:15:00,39.620003
2018-07-02 16:30:00,46.66
2018-07-02 16:45:00,47.39
2018-07-02 17:00:00,52.050003
2018-07-02 17:15:00,54.36
2018-07-02 17:30:00,47.52
2018-07-02 17:45:00,42.120003
2018-07-02 18:00:00,38.489998
2018-07-02 18:15:00,32.91
2018-07-02 18:30:00,31.53
2018-07-02 18:45:00,41.13
2018-07-02 19:00:00,41.92
2018-07-02 19:15:00,48.64
2018-07-02 19:30:00,50.94
2018-07-02 19:45:00,55.94
2018-07-02 20:00:00,61.989998
2018-07-02 20:15:00,63.51
2018-07-02 20:30:00,68.84
2018-07-02 20:45:00,69.63
2018-07-02 21:00:00,72.33
2018-07-02 21:15:00,79.96
2018-07-02 21:30:00,77.85
2018-07-02 21:45:00,78.31
2018-07-02 22:00:00,67.979996
2018-07-02 22:15:00,64.89
2018-07-02 22:30:00,50.809998
2018-07-02 22:45:00,52.72
2018-07-02 23:00:00,45.8
2018-07-02 23:15:00,53.559998
2018-07-02 23:30:00,61.66
2018-07-02 23:45:00,62.72
2018-07-03 00:00:00,44.76
2018-07-03 00:15:00,39.620003
2018-07-03 00:30:00,40.010002
2018-07-03 00:45:00,35.54
2018-07-03 01:00:00,26.45
2018-07-03 01:15:00,24.869999
2018-07-03 01:30:00,25.07
2018-07-03 01:45:00,23.759998
2018-07-03 02:00:00,29.22
2018-07-03 02:15:00,34.879997
2018-07-03 02:30:00,34.940002
2018-07-03 02:45:00,40.61
2018-07-03 03:00:00,55.61
2018-07-03 03:15:00,68.65
2018-07-03 03:30:00,70.350006
2018-07-03 03:45:00,84.5
2018-07-03 04:00:00,93.520004
2018-07-03 04:15:00,104.64
2018-07-03 04:30:00,119.85
2018-07-03 04:45:00,128.13
2018-07-03 05:00:00,129.58
2018-07-03 05:15:00,141.23
2018-07-03 05:30:00,141.95999
2018-07-03 05:45:00,132.22
2018-07-03 06:00:00,84.3
2018-07-03 06:15:00,55.019997
2018-07-03 06:30:00,34.29
2018-07-03 06:45:00,11.65
2018-07-03 07:00:00,4.8
2018-07-03 07:15:00,4.4
2018-07-03 07:30:00,1.19
2018-07-03 07:45:00,0.13
2018-07-03 08:00:00,0.0
2018-07-03 08:15:00,0.0
2018-07-03 08:30:00,0.0
2018-07-03 08:45:00,0.0
2018-07-03 09:00:00,0.0
2018-07-03 09:15:00,0.0
2018-07-03 09:30:00,0.0
2018-07-03 09:45:00,0.0
2018-07-03 10:00:00,0.0
2018-07-03 10:15:00,0.07
2018-07-03 10:30:00,13.36
2018-07-03 10:45:00,40.22
2018-07-03 11:00:00,61.670002
2018-07-03 11:15:00,62.980003
2018-07-03 11:30:00,59.1
2018-07-03 11:45:00,61.010002
2018-07-03 12:00:00,59.629997
2018-07-03 12:15:00,59.03
2018-07-03 12:30:00,58.64
2018-07-03 12:45:00,57.39
2018-07-03 13:00:00,49.22
2018-07-03 13:15:00,46.8
2018-07-03 13:30:00,51.07
2018-07-03 13:45:00,70.35
2018-07-03 14:00:00,82.46
2018-07-03 14:15:00,80.88
2018-07-03 14:30:00,78.45
2018-07-03 14:45:00,81.009995
2018-07-03 15:00:00,76.67
2018-07-03 15:15:00,71.67
2018-07-03 15:30:00,63.31
2018-07-03 15:45:00,67.72
2018-07-03 16:00:00,59.5
2018-07-03 16:15:00,50.08
2018-07-03 16:30:00,43.769997
2018-07-03 16:45:00,38.11
2018-07-03 17:00:00,31.52
2018-07-03 17:15:00,35.010002
2018-07-03 17:30:00,31.86
2018-07-03 17:45:00,35.54
2018-07-03 18:00:00,33.699997
2018-07-03 18:15:00,33.559998
2018-07-03 18:30:00,33.63
2018-07-03 18:45:00,29.82
2018-07-03 19:00:00,22.96
2018-07-03 19:15:00,27.84
2018-07-03 19:30:00,28.49
2018-07-03 19:45:00,34.15
2018-07-03 20:00:00,31.06
2018-07-03 20:15:00,35.66
2018-07-03 20:30:00,29.48
2018-07-03 20:45:00,26.39
2018-07-03 21:00:00,27.64
2018-07-03 21:15:00,28.23
2018-07-03 21:30:00,28.029999
2018-07-03 21:45:00,27.439999
2018-07-03 22:00:00,30.93
2018-07-03 22:15:00,36.260002
2018-07-03 22:30:00,33.11
2018-07-03 22:45:00,31.39
2018-07-03 23:00:00,31.39
2018-07-03 23:15:00,31.52
2018-07-03 23:30:00,26.72
2018-07-03 23:45:00,27.5
2018-07-04 00:00:00,26.39
2018-07-04 00:15:00,16.59
2018-07-04 00:30:00,17.64
2018-07-04 00:45:00,16.13
2018-07-04 01:00:00,7.7
2018-07-04 01:15:00,0.92
2018-07-04 01:30:00,0.4
2018-07-04 01:45:00,0.0
2018-07-04 02:00:00,0.0
2018-07-04 02:15:00,0.4
2018-07-04 02:30:00,0.78999996
2018-07-04 02:45:00,2.63
2018-07-04 03:00:00,6.12
2018-07-04 03:15:00,22.31
2018-07-04 03:30:00,24.02
2018-07-04 03:45:00,29.279999
2018-07-04 04:00:00,36.85
2018-07-04 04:15:00,42.260002
2018-07-04 04:30:00,45.14
2018-07-04 04:45:00,66.47
2018-07-04 05:00:00,84.37
2018-07-04 05:15:00,95.89
2018-07-04 05:30:00,115.3
2018-07-04 05:45:00,109.119995
2018-07-04 06:00:00,95.36
2018-07-04 06:15:00,75.68
2018-07-04 06:30:00,67.2
2018-07-04 06:45:00,69.76
2018-07-04 07:00:00,62.78
2018-07-04 07:15:00,61.8
2018-07-04 07:30:00,63.769997
2018-07-04 07:45:00,74.490005
2018-07-04 08:00:00,73.97
2018-07-04 08:15:00,61.2
2018-07-04 08:30:00,47.12
2018-07-04 08:45:00,40.14
2018-07-04 09:00:00,43.43
2018-07-04 09:15:00,50.61
2018-07-04 09:30:00,55.879997
2018-07-04 09:45:00,62.0
2018-07-04 10:00:00,53.05
2018-07-04 10:15:00,53.25
2018-07-04 10:30:00,58.370003
2018-07-04 10:45:00,60.870003
2018-07-04 11:00:00,54.23
2018-07-04 11:15:00,48.96
2018-07-04 11:30:00,50.61
2018-07-04 11:45:00,51.0
2018-07-04 12:00:00,63.51
2018-07-04 12:15:00,66.14
2018-07-04 12:30:00,65.36
2018-07-04 12:45:00,63.77
2018-07-04 13:00:00,63.97
2018-07-04 13:15:00,51.33
2018-07-04 13:30:00,45.08
2018-07-04 13:45:00,44.489998
2018-07-04 14:00:00,48.510002
2018-07-04 14:15:00,45.08
2018-07-04 14:30:00,55.8
2018-07-04 14:45:00,52.91
2018-07-04 15:00:00,50.739998
2018-07-04 15:15:00,51.47
2018-07-04 15:30:00,42.510002
2018-07-04 15:45:00,35.07
2018-07-04 16:00:00,23.23
2018-07-04 16:15:00,14.549999
2018-07-04 16:30:00,9.74
2018-07-04 16:45:00,3.9499998
2018-07-04 17:00:00,0.4
2018-07-04 17:15:00,0.0
2018-07-04 17:30:00,0.0
2018-07-04 17:45:00,0.0
2018-07-04 18:00:00,0.0
2018-07-04 18:15:00,0.0
2018-07-04 18:30:00,0.13
2018-07-04 18:45:00,2.7
2018-07-04 19:00:00,5.3900003
2018-07-04 19:15:00,10.72
2018-07-04 19:30:00,12.96
2018-07-04 19:45:00,23.89
2018-07-04 20:00:00,23.75
2018-07-04 20:15:00,51.260002
2018-07-04 20:30:00,42.32
2018-07-04 20:45:00,56.86
2018-07-04 21:00:00,37.78
2018-07-04 21:15:00,50.22
2018-07-04 21:30:00,43.440002
2018-07-04 21:45:00,116.94
2018-07-04 22:00:00,49.68
2018-07-04 22:15:00,48.839996
2018-07-04 22:30:00,91.55
2018-07-04 22:45:00,102.13
2018-07-04 23:00:00,74.89
2018-07-04 23:15:00,53.239998
2018-07-04 23:30:00,56.989998
2018-07-04 23:45:00,76.47
2018-07-05 00:00:00,51.059998
2018-07-05 00:15:00,61.6
2018-07-05 00:30:00,96.94
2018-07-05 00:45:00,75.75
2018-07-05 01:00:00,104.64
2018-07-05 01:15:00,102.01
2018-07-05 01:30:00,99.64
2018-07-05 01:45:00,100.1
2018-07-05 02:00:00,103.66
2018-07-05 02:15:00,77.19
2018-07-05 02:30:00,47.18
2018-07-05 02:45:00,40.21
2018-07-05 03:00:00,37.449997
2018-07-05 03:15:00,38.04
2018-07-05 03:30:00,29.220001
2018-07-05 03:45:00,24.15
2018-07-05 04:00:00,26.52
2018-07-05 04:15:00,34.809998
2018-07-05 04:30:00,29.220001
2018-07-05 04:45:00,26.91
2018-07-05 05:00:00,34.09
2018-07-05 05:15:00,36.269997
2018-07-05 05:30:00,25.73
2018-07-05 05:45:00,16.779999
2018-07-05 06:00:00,13.62
2018-07-05 06:15:00,7.51
2018-07-05 06:30:00,7.44
2018-07-05 06:45:00,4.21
2018-07-05 07:00:00,3.02
2018-07-05 07:15:00,0.71999997
2018-07-05 07:30:00,0.0
2018-07-05 07:45:00,0.65999997
2018-07-05 08:00:00,1.8399999
2018-07-05 08:15:00,8.4800005
2018-07-05 08:30:00,14.679999
2018-07-05 08:45:00,14.15
2018-07-05 09:00:00,17.5
2018-07-05 09:15:00,27.439999
2018-07-05 09:30:00,21.849998
2018-07-05 09:45:00,13.76
2018-07-05 10:00:00,19.349998
2018-07-05 10:15:00,13.889999
2018-07-05 10:30:00,6.51
2018-07-05 10:45:00,7.63
2018-07-05 11:00:00,9.42
2018-07-05 11:15:00,10.66
2018-07-05 11:30:00,12.77
2018-07-05 11:45:00,15.4
2018-07-05 12:00:00,18.619999
2018-07-05 12:15:00,22.04
2018-07-05 12:30:00,38.83
2018-07-05 12:45:00,34.75
2018-07-05 13:00:00,31.849998
2018-07-05 13:15:00,28.36
2018-07-05 13:30:00,31.19
2018-07-05 13:45:00,26.46
2018-07-05 14:00:00,34.15
2018-07-05 14:15:00,18.3
2018-07-05 14:30:00,22.31
2018-07-05 14:45:00,17.11
2018-07-05 15:00:00,16.91
2018-07-05 15:15:00,13.559999
2018-07-05 15:30:00,16.45
2018-07-05 15:45:00,16.92
2018-07-05 16:00:00,21.06
2018-07-05 16:15:00,18.29
2018-07-05 16:30:00,28.16
2018-07-05 16:45:00,22.64
2018-07-05 17:00:00,24.81
2018-07-05 17:15:00,23.76
2018-07-05 17:30:00,21.19
2018-07-05 17:45:00,20.8
2018-07-05 18:00:00,24.74
2018-07-05 18:15:00,26.119999
2018-07-05 18:30:00,22.369999
2018-07-05 18:45:00,34.35
2018-07-05 19:00:00,41.79
2018-07-05 19:15:00,39.35
2018-07-05 19:30:00,35.870003
2018-07-05 19:45:00,33.04
2018-07-05 20:00:00,30.93
2018-07-05 20:15:00,26.45
2018-07-05 20:30:00,26.849998
2018-07-05 20:45:00,16.119999
2018-07-05 21:00:00,22.18
2018-07-05 21:15:00,19.61
2018-07-05 21:30:00,17.9
2018-07-05 21:45:00,15.0
2018-07-05 22:00:00,18.1
2018-07-05 22:15:00,17.11
2018-07-05 22:30:00,26.779999
2018-07-05 22:45:00,23.89
2018-07-05 23:00:00,25.73
2018-07-05 23:15:00,26.189999
2018-07-05 23:30:00,18.75
2018-07-05 23:45:00,20.47
2018-07-06 00:00:00,16.85
2018-07-06 00:15:00,17.64
2018-07-06 00:30:00,17.7
2018-07-06 00:45:00,17.17
2018-07-06 01:00:00,10.26
2018-07-06 01:15:00,8.03
2018-07-06 01:30:00,10.2
2018-07-06 01:45:00,5.8
2018-07-06 02:00:00,1.19
2018-07-06 02:15:00,1.91
2018-07-06 02:30:00,0.99
2018-07-06 02:45:00,0.0
2018-07-06 03:00:00,0.0
2018-07-06 03:15:00,0.0
2018-07-06 03:30:00,0.13
2018-07-06 03:45:00,0.0
2018-07-06 04:00:00,0.0
2018-07-06 04:15:00,0.0
2018-07-06 04:30:00,0.0
2018-07-06 04:45:00,0.0
2018-07-06 05:00:00,0.0
2018-07-06 05:15:00,0.0
2018-07-06 05:30:00,0.0
2018-07-06 05:45:00,0.0
2018-07-06 06:00:00,0.0
2018-07-06 06:15:00,0.0
2018-07-06 06:30:00,0.0
2018-07-06 06:45:00,0.0
2018-07-06 07:00:00,0.0
2018-07-06 07:15:00,0.0
2018-07-06 07:30:00,0.72
2018-07-06 07:45:00,11.85
2018-07-06 08:00:00,13.29
2018-07-06 08:15:00,5.07
2018-07-06 08:30:00,7.17
2018-07-06 08:45:00,7.9
2018-07-06 09:00:00,9.01
2018-07-06 09:15:00,5.26
2018-07-06 09:30:00,2.77
2018-07-06 09:45:00,1.91
2018-07-06 10:00:00,1.51
2018-07-06 10:15:00,0.92
2018-07-06 10:30:00,0.72
2018-07-06 10:45:00,0.0
2018-07-06 11:00:00,0.0
2018-07-06 11:15:00,0.0
2018-07-06 11:30:00,0.0
2018-07-06 11:45:00,0.0
2018-07-06 12:00:00,0.0
2018-07-06 12:15:00,0.0
2018-07-06 12:30:00,0.0
2018-07-06 12:45:00,0.0
2018-07-06 13:00:00,0.0
2018-07-06 13:15:00,0.0
2018-07-06 13:30:00,0.0
2018-07-06 13:45:00,0.0
2018-07-06 14:00:00,0.0
2018-07-06 14:15:00,0.0
2018-07-06 14:30:00,0.0
2018-07-06 14:45:00,0.73
2018-07-06 15:00:00,16.84
2018-07-06 15:15:00,21.52
2018-07-06 15:30:00,21.25
2018-07-06 15:45:00,22.57
2018-07-06 16:00:00,16.05
2018-07-06 16:15:00,21.52
2018-07-06 16:30:00,22.84
2018-07-06 16:45:00,17.57
2018-07-06 17:00:00,20.33
2018-07-06 17:15:00,22.64
2018-07-06 17:30:00,22.84
2018-07-06 17:45:00,24.74
2018-07-06 18:00:00,24.74
2018-07-06 18:15:00,23.23
2018-07-06 18:30:00,23.04
2018-07-06 18:45:00,14.61
2018-07-06 19:00:00,19.41
2018-07-06 19:15:00,28.7
2018-07-06 19:30:00,16.71
2018-07-06 19:45:00,12.76
2018-07-06 20:00:00,18.56
2018-07-06 20:15:00,14.88
2018-07-06 20:30:00,14.219999
2018-07-06 20:45:00,17.83
2018-07-06 21:00:00,19.35
2018-07-06 21:15:00,13.82
2018-07-06 21:30:00,17.3
2018-07-06 21:45:00,15.73
2018-07-06 22:00:00,16.92
2018-07-06 22:15:00,23.17
2018-07-06 22:30:00,44.49
2018-07-06 22:45:00,43.17
2018-07-06 23:00:00,72.39
2018-07-06 23:15:00,60.22
2018-07-06 23:30:00,56.99
2018-07-06 23:45:00,27.64
2018-07-07 00:00:00,23.95
2018-07-07 00:15:00,18.5
2018-07-07 00:30:00,18.689999
2018-07-07 00:45:00,21.779999
2018-07-07 01:00:00,15.4
2018-07-07 01:15:00,9.01
2018-07-07 01:30:00,8.16
2018-07-07 01:45:00,7.83
2018-07-07 02:00:00,107.34
2018-07-07 02:15:00,101.94
2018-07-07 02:30:00,142.88
2018-07-07 02:45:00,129.31
2018-07-07 03:00:00,52.32
2018-07-07 03:15:00,3.29
2018-07-07 03:30:00,0.0
2018-07-07 03:45:00,0.99
2018-07-07 04:00:00,6.78
2018-07-07 04:15:00,9.28
2018-07-07 04:30:00,12.440001
2018-07-07 04:45:00,6.05
2018-07-07 05:00:00,0.0
2018-07-07 05:15:00,0.0
2018-07-07 05:30:00,0.0
2018-07-07 05:45:00,0.0
2018-07-07 06:00:00,0.0
2018-07-07 06:15:00,0.0
2018-07-07 06:30:00,0.0
2018-07-07 06:45:00,0.0
2018-07-07 07:00:00,0.0
2018-07-07 07:15:00,0.0
2018-07-07 07:30:00,0.0
2018-07-07 07:45:00,0.0
2018-07-07 08:00:00,0.0
2018-07-07 08:15:00,0.0
2018-07-07 08:30:00,0.0
2018-07-07 08:45:00,0.0
2018-07-07 09:00:00,0.0
2018-07-07 09:15:00,0.0
2018-07-07 09:30:00,0.0
2018-07-07 09:45:00,0.0
2018-07-07 10:00:00,0.0
2018-07-07 10:15:00,0.0
2018-07-07 10:30:00,0.0
2018-07-07 10:45:00,0.0
2018-07-07 11:00:00,0.0
2018-07-07 11:15:00,0.0
2018-07-07 11:30:00,0.0
2018-07-07 11:45:00,0.0
2018-07-07 12:00:00,0.71999997
2018-07-07 12:15:00,1.58
2018-07-07 12:30:00,0.53
2018-07-07 12:45:00,2.5
2018-07-07 13:00:00,1.51
2018-07-07 13:15:00,0.86
2018-07-07 13:30:00,0.0
2018-07-07 13:45:00,1.12
2018-07-07 14:00:00,0.0
2018-07-07 14:15:00,0.0
2018-07-07 14:30:00,0.0
2018-07-07 14:45:00,0.0
2018-07-07 15:00:00,0.0
2018-07-07 15:15:00,0.0
2018-07-07 15:30:00,0.0
2018-07-07 15:45:00,0.0
2018-07-07 16:00:00,0.07
2018-07-07 16:15:00,0.0
2018-07-07 16:30:00,0.0
2018-07-07 16:45:00,0.0
2018-07-07 17:00:00,0.0
2018-07-07 17:15:00,0.0
2018-07-07 17:30:00,0.0
2018-07-07 17:45:00,0.0
2018-07-07 18:00:00,0.0
2018-07-07 18:15:00,0.26
2018-07-07 18:30:00,0.0
2018-07-07 18:45:00,2.18
2018-07-07 19:00:00,9.02
2018-07-07 19:15:00,11.52
2018-07-07 19:30:00,12.97
2018-07-07 19:45:00,10.99
2018-07-07 20:00:00,22.970001
2018-07-07 20:15:00,27.11
2018-07-07 20:30:00,90.36
2018-07-07 20:45:00,95.16
2018-07-07 21:00:00,55.15
2018-07-07 21:15:00,54.42
2018-07-07 21:30:00,30.54
2018-07-07 21:45:00,29.74
2018-07-07 22:00:00,42.25
2018-07-07 22:15:00,44.550003
2018-07-07 22:30:00,42.65
2018-07-07 22:45:00,38.04
2018-07-07 23:00:00,41.79
2018-07-07 23:15:00,35.730003
2018-07-07 23:30:00,41.260002
2018-07-07 23:45:00,47.32
2018-07-08 00:00:00,139.98001
2018-07-08 00:15:00,120.37
2018-07-08 00:30:00,61.14
2018-07-08 00:45:00,32.58
2018-07-08 01:00:00,24.939999
2018-07-08 01:15:00,19.74
2018-07-08 01:30:00,73.44
2018-07-08 01:45:00,54.82
2018-07-08 02:00:00,38.76
2018-07-08 02:15:00,23.759998
2018-07-08 02:30:00,7.04
2018-07-08 02:45:00,1.64
2018-07-08 03:00:00,0.53
2018-07-08 03:15:00,0.0
2018-07-08 03:30:00,0.0
2018-07-08 03:45:00,0.0
2018-07-08 04:00:00,0.0
2018-07-08 04:15:00,0.0
2018-07-08 04:30:00,0.0
2018-07-08 04:45:00,0.0
2018-07-08 05:00:00,0.0
2018-07-08 05:15:00,0.0
2018-07-08 05:30:00,0.0
2018-07-08 05:45:00,0.0
2018-07-08 06:00:00,0.0
2018-07-08 06:15:00,0.2
2018-07-08 06:30:00,0.0
2018-07-08 06:45:00,0.0
2018-07-08 07:00:00,0.0
2018-07-08 07:15:00,0.0
2018-07-08 07:30:00,0.0
2018-07-08 07:45:00,0.0
2018-07-08 08:00:00,0.0
2018-07-08 08:15:00,0.0
2018-07-08 08:30:00,0.0
2018-07-08 08:45:00,0.0
2018-07-08 09:00:00,0.0
2018-07-08 09:15:00,0.0
2018-07-08 09:30:00,0.0
2018-07-08 09:45:00,0.0
2018-07-08 10:00:00,0.0
2018-07-08 10:15:00,0.0
2018-07-08 10:30:00,0.0
2018-07-08 10:45:00,0.0
2018-07-08 11:00:00,0.0
2018-07-08 11:15:00,0.0
2018-07-08 11:30:00,0.0
2018-07-08 11:45:00,0.0
2018-07-08 12:00:00,0.0
2018-07-08 12:15:00,0.0
2018-07-08 12:30:00,0.0
2018-07-08 12:45:00,0.0
2018-07-08 13:00:00,0.0
2018-07-08 13:15:00,0.0
2018-07-08 13:30:00,0.0
2018-07-08 13:45:00,0.0
2018-07-08 14:00:00,0.0
2018-07-08 14:15:00,0.0
2018-07-08 14:30:00,0.0
2018-07-08 14:45:00,0.0
2018-07-08 15:00:00,0.0
2018-07-08 15:15:00,0.0
2018-07-08 15:30:00,0.0
2018-07-08 15:45:00,0.0
2018-07-08 16:00:00,0.0
2018-07-08 16:15:00,0.0
2018-07-08 16:30:00,0.0
2018-07-08 16:45:00,0.0
2018-07-08 17:00:00,6.25
2018-07-08 17:15:00,44.82
2018-07-08 17:30:00,28.16
2018-07-08 17:45:00,11.25
2018-07-08 18:00:00,26.98
2018-07-08 18:15:00,23.89
2018-07-08 18:30:00,9.15
2018-07-08 18:45:00,0.66
2018-07-08 19:00:00,0.0
2018-07-08 19:15:00,0.0
2018-07-08 19:30:00,0.99
2018-07-08 19:45:00,0.0
2018-07-08 20:00:00,5.86
2018-07-08 20:15:00,20.92
2018-07-08 20:30:00,32.57
2018-07-08 20:45:00,16.779999
2018-07-08 21:00:00,15.469999
2018-07-08 21:15:00,5.66
2018-07-08 21:30:00,11.450001
2018-07-08 21:45:00,6.8500004
2018-07-08 22:00:00,4.8
2018-07-08 22:15:00,7.83
2018-07-08 22:30:00,13.29
2018-07-08 22:45:00,19.15
2018-07-08 23:00:00,13.95
2018-07-08 23:15:00,8.43
2018-07-08 23:30:00,9.610001
2018-07-08 23:45:00,8.55
2018-07-09 00:00:00,9.41
2018-07-09 00:15:00,16.26
2018-07-09 00:30:00,14.610001
2018-07-09 00:45:00,22.77
2018-07-09 01:00:00,18.04
2018-07-09 01:15:00,15.33
2018-07-09 01:30:00,32.25
2018-07-09 01:45:00,26.2
2018-07-09 02:00:00,19.02
2018-07-09 02:15:00,11.97
2018-07-09 02:30:00,10.14
2018-07-09 02:45:00,42.38
2018-07-09 03:00:00,53.57
2018-07-09 03:15:00,47.58
2018-07-09 03:30:00,30.080002
2018-07-09 03:45:00,31.26
2018-07-09 04:00:00,41.6
2018-07-09 04:15:00,27.900002
2018-07-09 04:30:00,23.23
2018-07-09 04:45:00,38.829998
2018-07-09 05:00:00,40.01
2018-07-09 05:15:00,23.880001
2018-07-09 05:30:00,15.27
2018-07-09 05:45:00,13.559999
2018-07-09 06:00:00,20.599998
2018-07-09 06:15:00,18.029999
2018-07-09 06:30:00,6.44
2018-07-09 06:45:00,4.6000004
2018-07-09 07:00:00,2.76
2018-07-09 07:15:00,2.96
2018-07-09 07:30:00,0.46
2018-07-09 07:45:00,1.71
2018-07-09 08:00:00,2.63
2018-07-09 08:15:00,1.51
2018-07-09 08:30:00,0.07
2018-07-09 08:45:00,0.0
2018-07-09 09:00:00,0.2
2018-07-09 09:15:00,0.2
2018-07-09 09:30:00,0.0
2018-07-09 09:45:00,0.0
2018-07-09 10:00:00,0.0
2018-07-09 10:15:00,0.0
2018-07-09 10:30:00,0.0
2018-07-09 10:45:00,0.0
2018-07-09 11:00:00,0.0
2018-07-09 11:15:00,0.0
2018-07-09 11:30:00,0.0
2018-07-09 11:45:00,0.0
2018-07-09 12:00:00,0.0
2018-07-09 12:15:00,0.0
2018-07-09 12:30:00,0.0
2018-07-09 12:45:00,0.0
2018-07-09 13:00:00,0.0
2018-07-09 13:15:00,0.0
2018-07-09 13:30:00,0.0
2018-07-09 13:45:00,0.0
2018-07-09 14:00:00,0.0
2018-07-09 14:15:00,0.0
2018-07-09 14:30:00,0.0
2018-07-09 14:45:00,0.0
2018-07-09 15:00:00,0.0
2018-07-09 15:15:00,0.0
2018-07-09 15:30:00,0.0
2018-07-09 15:45:00,0.0
2018-07-09 16:00:00,0.0
2018-07-09 16:15:00,0.0
2018-07-09 16:30:00,0.0
2018-07-09 16:45:00,0.0
2018-07-09 17:00:00,0.0
2018-07-09 17:15:00,0.0
2018-07-09 17:30:00,0.0
2018-07-09 17:45:00,10.2699995
2018-07-09 18:00:00,19.02
2018-07-09 18:15:00,10.07
2018-07-09 18:30:00,5.59
2018-07-09 18:45:00,0.0
2018-07-09 19:00:00,0.99
2018-07-09 19:15:00,2.76
2018-07-09 19:30:00,7.96
2018-07-09 19:45:00,17.380001
2018-07-09 20:00:00,53.58
2018-07-09 20:15:00,88.520004
2018-07-09 20:30:00,57.85
2018-07-09 20:45:00,38.64
2018-07-09 21:00:00,21.65
2018-07-09 21:15:00,15.86
2018-07-09 21:30:00,12.370001
2018-07-09 21:45:00,13.49
2018-07-09 22:00:00,26.32
2018-07-09 22:15:00,25.14
2018-07-09 22:30:00,24.810001
2018-07-09 22:45:00,26.65
2018-07-09 23:00:00,27.05
2018-07-09 23:15:00,28.96
2018-07-09 23:30:00,25.8
2018-07-09 23:45:00,36.92
2018-07-10 00:00:00,36.79
2018-07-10 00:15:00,25.8
2018-07-10 00:30:00,20.529999
2018-07-10 00:45:00,13.17
2018-07-10 01:00:00,8.690001
2018-07-10 01:15:00,9.35
2018-07-10 01:30:00,13.75
2018-07-10 01:45:00,22.77
2018-07-10 02:00:00,19.939999
2018-07-10 02:15:00,16.65
2018-07-10 02:30:00,11.05
2018-07-10 02:45:00,9.08
2018-07-10 03:00:00,11.98
2018-07-10 03:15:00,15.01
2018-07-10 03:30:00,7.96
2018-07-10 03:45:00,7.83
2018-07-10 04:00:00,8.55
2018-07-10 04:15:00,1.64
2018-07-10 04:30:00,0.2
2018-07-10 04:45:00,0.0
2018-07-10 05:00:00,0.46
2018-07-10 05:15:00,2.8999999
2018-07-10 05:30:00,19.61
2018-07-10 05:45:00,31.2
2018-07-10 06:00:00,16.39
2018-07-10 06:15:00,6.45
2018-07-10 06:30:00,3.56
2018-07-10 06:45:00,1.58
2018-07-10 07:00:00,5.8599997
2018-07-10 07:15:00,3.0300002
2018-07-10 07:30:00,4.41
2018-07-10 07:45:00,4.08
2018-07-10 08:00:00,2.77
2018-07-10 08:15:00,7.63
2018-07-10 08:30:00,8.36
2018-07-10 08:45:00,9.48
2018-07-10 09:00:00,8.75
2018-07-10 09:15:00,9.87
2018-07-10 09:30:00,17.83
2018-07-10 09:45:00,20.93
2018-07-10 10:00:00,18.23
2018-07-10 10:15:00,11.709999
2018-07-10 10:30:00,12.9
2018-07-10 10:45:00,12.17
2018-07-10 11:00:00,9.22
2018-07-10 11:15:00,9.08
2018-07-10 11:30:00,8.030001
2018-07-10 11:45:00,10.01
2018-07-10 12:00:00,11.780001
2018-07-10 12:15:00,12.04
2018-07-10 12:30:00,18.16
2018-07-10 12:45:00,22.58
2018-07-10 13:00:00,21.119999
2018-07-10 13:15:00,18.880001
2018-07-10 13:30:00,19.349998
2018-07-10 13:45:00,25.529999
2018-07-10 14:00:00,31.79
2018-07-10 14:15:00,37.440002
2018-07-10 14:30:00,36.72
2018-07-10 14:45:00,27.18
2018-07-10 15:00:00,29.42
2018-07-10 15:15:00,26.259998
2018-07-10 15:30:00,19.35
2018-07-10 15:45:00,17.380001
2018-07-10 16:00:00,11.780001
2018-07-10 16:15:00,11.450001
2018-07-10 16:30:00,12.04
2018-07-10 16:45:00,21.45
2018-07-10 17:00:00,26.46
2018-07-10 17:15:00,40.87
2018-07-10 17:30:00,18.1
2018-07-10 17:45:00,13.820001
2018-07-10 18:00:00,18.689999
2018-07-10 18:15:00,23.36
2018-07-10 18:30:00,15.92
2018-07-10 18:45:00,9.21
2018-07-10 19:00:00,9.94
2018-07-10 19:15:00,35.54
2018-07-10 19:30:00,12.76
2018-07-10 19:45:00,0.86
2018-07-10 20:00:00,0.0
2018-07-10 20:15:00,0.0
2018-07-10 20:30:00,0.0
2018-07-10 20:45:00,1.32
2018-07-10 21:00:00,12.110001
2018-07-10 21:15:00,6.3199997
2018-07-10 21:30:00,9.81
2018-07-10 21:45:00,15.2699995
2018-07-10 22:00:00,12.17
2018-07-10 22:15:00,4.7999997
2018-07-10 22:30:00,7.83
2018-07-10 22:45:00,3.82
2018-07-10 23:00:00,6.25
2018-07-10 23:15:00,2.83
2018-07-10 23:30:00,0.33
2018-07-10 23:45:00,0.0
2018-07-11 00:00:00,0.0
2018-07-11 00:15:00,0.0
2018-07-11 00:30:00,0.0
2018-07-11 00:45:00,0.0
2018-07-11 01:00:00,1.25
2018-07-11 01:15:00,2.63
2018-07-11 01:30:00,2.56
2018-07-11 01:45:00,4.08
2018-07-11 02:00:00,6.45
2018-07-11 02:15:00,8.49
2018-07-11 02:30:00,9.8
2018-07-11 02:45:00,8.82
2018-07-11 03:00:00,9.67
2018-07-11 03:15:00,10.2699995
2018-07-11 03:30:00,21.39
2018-07-11 03:45:00,28.560001
2018-07-11 04:00:00,24.74
2018-07-11 04:15:00,22.57
2018-07-11 04:30:00,26.130001
2018-07-11 04:45:00,27.64
2018-07-11 05:00:00,25.93
2018-07-11 05:15:00,22.51
2018-07-11 05:30:00,22.369999
2018-07-11 05:45:00,30.93
2018-07-11 06:00:00,35.4
2018-07-11 06:15:00,35.6
2018-07-11 06:30:00,38.3
2018-07-11 06:45:00,43.83
2018-07-11 07:00:00,47.98
2018-07-11 07:15:00,55.879997
2018-07-11 07:30:00,44.1
2018-07-11 07:45:00,50.28
2018-07-11 08:00:00,48.239998
2018-07-11 08:15:00,51.73
2018-07-11 08:30:00,44.29
2018-07-11 08:45:00,38.64
2018-07-11 09:00:00,37.84
2018-07-11 09:15:00,34.42
2018-07-11 09:30:00,31.580002
2018-07-11 09:45:00,36.39
2018-07-11 10:00:00,25.34
2018-07-11 10:15:00,30.73
2018-07-11 10:30:00,41.86
2018-07-11 10:45:00,51.47
2018-07-11 11:00:00,63.7
2018-07-11 11:15:00,65.22
2018-07-11 11:30:00,53.11
2018-07-11 11:45:00,51.93
2018-07-11 12:00:00,45.67
2018-07-11 12:15:00,39.82
2018-07-11 12:30:00,51.059998
2018-07-11 12:45:00,59.1
2018-07-11 13:00:00,56.260002
2018-07-11 13:15:00,52.91
2018-07-11 13:30:00,50.22
2018-07-11 13:45:00,49.23
2018-07-11 14:00:00,52.12
2018-07-11 14:15:00,54.69
2018-07-11 14:30:00,44.68
2018-07-11 14:45:00,46.66
2018-07-11 15:00:00,37.18
2018-07-11 15:15:00,26.98
2018-07-11 15:30:00,20.4
2018-07-11 15:45:00,17.64
2018-07-11 16:00:00,14.35
2018-07-11 16:15:00,16.72
2018-07-11 16:30:00,12.700001
2018-07-11 16:45:00,10.92
2018-07-11 17:00:00,6.71
2018-07-11 17:15:00,9.68
2018-07-11 17:30:00,22.64
2018-07-11 17:45:00,35.940002
2018-07-11 18:00:00,42.84
2018-07-11 18:15:00,55.47
2018-07-11 18:30:00,50.35
2018-07-11 18:45:00,62.33
2018-07-11 19:00:00,68.18
2018-07-11 19:15:00,61.21
2018-07-11 19:30:00,63.97
2018-07-11 19:45:00,59.83
2018-07-11 20:00:00,53.629997
2018-07-11 20:15:00,52.65
2018-07-11 20:30:00,41.66
2018-07-11 20:45:00,42.97
2018-07-11 21:00:00,52.120003
2018-07-11 21:15:00,52.92
2018-07-11 21:30:00,54.16
2018-07-11 21:45:00,52.059998
2018-07-11 22:00:00,42.65
2018-07-11 22:15:00,54.29
2018-07-11 22:30:00,35.08
2018-07-11 22:45:00,41.52
2018-07-11 23:00:00,41.79
2018-07-11 23:15:00,35.15
2018-07-11 23:30:00,34.61
2018-07-11 23:45:00,38.17
2018-07-12 00:00:00,32.18
2018-07-12 00:15:00,37.19
2018-07-12 00:30:00,34.16
2018-07-12 00:45:00,21.52
2018-07-12 01:00:00,24.22
2018-07-12 01:15:00,15.79
2018-07-12 01:30:00,11.58
2018-07-12 01:45:00,8.82
2018-07-12 02:00:00,8.09
2018-07-12 02:15:00,7.83
2018-07-12 02:30:00,8.82
2018-07-12 02:45:00,9.55
2018-07-12 03:00:00,11.12
2018-07-12 03:15:00,11.58
2018-07-12 03:30:00,17.18
2018-07-12 03:45:00,31.529999
2018-07-12 04:00:00,37.91
2018-07-12 04:15:00,51.989998
2018-07-12 04:30:00,91.22
2018-07-12 04:45:00,57.06
2018-07-12 05:00:00,60.35
2018-07-12 05:15:00,79.63
2018-07-12 05:30:00,91.28
2018-07-12 05:45:00,98.45
2018-07-12 06:00:00,103.119995
2018-07-12 06:15:00,95.17
2018-07-12 06:30:00,105.96
2018-07-12 06:45:00,98.06
2018-07-12 07:00:00,79.43
2018-07-12 07:15:00,78.380005
2018-07-12 07:30:00,73.57
2018-07-12 07:45:00,79.04
2018-07-12 08:00:00,74.69
2018-07-12 08:15:00,66.67
2018-07-12 08:30:00,58.17
2018-07-12 08:45:00,50.809998
2018-07-12 09:00:00,49.35
2018-07-12 09:15:00,48.239998
2018-07-12 09:30:00,59.82
2018-07-12 09:45:00,64.56
2018-07-12 10:00:00,62.72
2018-07-12 10:15:00,56.01
2018-07-12 10:30:00,62.78
2018-07-12 10:45:00,64.76
2018-07-12 11:00:00,71.08
2018-07-12 11:15:00,79.42999
2018-07-12 11:30:00,63.97
2018-07-12 11:45:00,56.269997
2018-07-12 12:00:00,51.0
2018-07-12 12:15:00,47.72
2018-07-12 12:30:00,41.39
2018-07-12 12:45:00,36.32
2018-07-12 13:00:00,29.939999
2018-07-12 13:15:00,23.17
2018-07-12 13:30:00,20.54
2018-07-12 13:45:00,25.79
2018-07-12 14:00:00,38.239998
2018-07-12 14:15:00,39.69
2018-07-12 14:30:00,35.739998
2018-07-12 14:45:00,24.15
2018-07-12 15:00:00,23.759998
2018-07-12 15:15:00,16.45
2018-07-12 15:30:00,8.81
2018-07-12 15:45:00,3.48
2018-07-12 16:00:00,0.0
2018-07-12 16:15:00,0.0
2018-07-12 16:30:00,0.0
2018-07-12 16:45:00,0.0
2018-07-12 17:00:00,0.0
2018-07-12 17:15:00,1.05
2018-07-12 17:30:00,1.78
2018-07-12 17:45:00,4.67
2018-07-12 18:00:00,6.25
2018-07-12 18:15:00,7.24
2018-07-12 18:30:00,12.83
2018-07-12 18:45:00,16.91
2018-07-12 19:00:00,14.48
2018-07-12 19:15:00,13.75
2018-07-12 19:30:00,13.89
2018-07-12 19:45:00,17.17
2018-07-12 20:00:00,21.39
2018-07-12 20:15:00,22.3
2018-07-12 20:30:00,34.75
2018-07-12 20:45:00,24.939999
2018-07-12 21:00:00,25.67
2018-07-12 21:15:00,30.009998
2018-07-12 21:30:00,27.31
2018-07-12 21:45:00,29.55
2018-07-12 22:00:00,39.03
2018-07-12 22:15:00,41.2
2018-07-12 22:30:00,36.07
2018-07-12 22:45:00,35.61
2018-07-12 23:00:00,42.12
2018-07-12 23:15:00,37.32
2018-07-12 23:30:00,26.91
2018-07-12 23:45:00,28.82
2018-07-13 00:00:00,31.52
2018-07-13 00:15:00,25.599998
2018-07-13 00:30:00,21.65
2018-07-13 00:45:00,21.39
2018-07-13 01:00:00,16.779999
2018-07-13 01:15:00,8.68
2018-07-13 01:30:00,11.59
2018-07-13 01:45:00,12.110001
2018-07-13 02:00:00,10.99
2018-07-13 02:15:00,8.76
2018-07-13 02:30:00,10.33
2018-07-13 02:45:00,17.710001
2018-07-13 03:00:00,33.37
2018-07-13 03:15:00,33.7
2018-07-13 03:30:00,42.11
2018-07-13 03:45:00,36.86
2018-07-13 04:00:00,58.18
2018-07-13 04:15:00,65.020004
2018-07-13 04:30:00,64.43
2018-07-13 04:45:00,94.18
2018-07-13 05:00:00,104.9
2018-07-13 05:15:00,144.32
2018-07-13 05:30:00,115.759995
2018-07-13 05:45:00,93.18
2018-07-13 06:00:00,85.880005
2018-07-13 06:15:00,95.75
2018-07-13 06:30:00,91.81
2018-07-13 06:45:00,78.05
2018-07-13 07:00:00,65.29
2018-07-13 07:15:00,83.05
2018-07-13 07:30:00,110.36
2018-07-13 07:45:00,106.55
2018-07-13 08:00:00,95.16
2018-07-13 08:15:00,72.520004
2018-07-13 08:30:00,71.67
2018-07-13 08:45:00,107.21
2018-07-13 09:00:00,104.83
2018-07-13 09:15:00,118.06
2018-07-13 09:30:00,124.85
2018-07-13 09:45:00,105.3
2018-07-13 10:00:00,106.29
2018-07-13 10:15:00,101.94
2018-07-13 10:30:00,86.8
2018-07-13 10:45:00,62.19
2018-07-13 11:00:00,47.58
2018-07-13 11:15:00,31.189999
2018-07-13 11:30:00,31.189999
2018-07-13 11:45:00,44.16
2018-07-13 12:00:00,57.190002
2018-07-13 12:15:00,44.489998
2018-07-13 12:30:00,21.189999
2018-07-13 12:45:00,20.07
2018-07-13 13:00:00,16.45
2018-07-13 13:15:00,15.67
2018-07-13 13:30:00,44.82
2018-07-13 13:45:00,45.27
2018-07-13 14:00:00,37.25
2018-07-13 14:15:00,49.29
2018-07-13 14:30:00,63.96
2018-07-13 14:45:00,84.04
2018-07-13 15:00:00,116.350006
2018-07-13 15:15:00,137.94
2018-07-13 15:30:00,123.66
2018-07-13 15:45:00,121.94
2018-07-13 16:00:00,109.57
2018-07-13 16:15:00,90.229996
2018-07-13 16:30:00,93.979996
2018-07-13 16:45:00,87.66
2018-07-13 17:00:00,86.869995
2018-07-13 17:15:00,82.0
2018-07-13 17:30:00,59.17
2018-07-13 17:45:00,53.18
2018-07-13 18:00:00,43.64
2018-07-13 18:15:00,54.89
2018-07-13 18:30:00,49.690002
2018-07-13 18:45:00,53.309998
2018-07-13 19:00:00,53.05
2018-07-13 19:15:00,58.04
2018-07-13 19:30:00,48.18
2018-07-13 19:45:00,49.03
2018-07-13 20:00:00,47.46
2018-07-13 20:15:00,45.28
2018-07-13 20:30:00,45.15
2018-07-13 20:45:00,49.62
2018-07-13 21:00:00,54.36
2018-07-13 21:15:00,65.28
2018-07-13 21:30:00,63.699997
2018-07-13 21:45:00,52.26
2018-07-13 22:00:00,61.86
2018-07-13 22:15:00,56.66
2018-07-13 22:30:00,54.36
2018-07-13 22:45:00,45.54
2018-07-13 23:00:00,36.14
2018-07-13 23:15:00,41.86
2018-07-13 23:30:00,44.75
2018-07-13 23:45:00,33.63
2018-07-14 00:00:00,33.96
2018-07-14 00:15:00,37.45
2018-07-14 00:30:00,33.17
2018-07-14 00:45:00,37.18
2018-07-14 01:00:00,38.699997
2018-07-14 01:15:00,27.64
2018-07-14 01:30:00,19.54
2018-07-14 01:45:00,20.73
2018-07-14 02:00:00,26.189999
2018-07-14 02:15:00,19.8
2018-07-14 02:30:00,16.39
2018-07-14 02:45:00,13.559999
2018-07-14 03:00:00,11.13
2018-07-14 03:15:00,12.57
2018-07-14 03:30:00,22.11
2018-07-14 03:45:00,24.869999
2018-07-14 04:00:00,28.29
2018-07-14 04:15:00,33.04
2018-07-14 04:30:00,40.8
2018-07-14 04:45:00,41.86
2018-07-14 05:00:00,41.0
2018-07-14 05:15:00,36.39
2018-07-14 05:30:00,51.989998
2018-07-14 05:45:00,71.270004
2018-07-14 06:00:00,91.61
2018-07-14 06:15:00,109.71
2018-07-14 06:30:00,111.55
2018-07-14 06:45:00,120.96
2018-07-14 07:00:00,133.26999
2018-07-14 07:15:00,134.46
2018-07-14 07:30:00,121.88
2018-07-14 07:45:00,136.89
2018-07-14 08:00:00,132.6
2018-07-14 08:15:00,102.53999
2018-07-14 08:30:00,106.48
2018-07-14 08:45:00,118.86
2018-07-14 09:00:00,121.36
2018-07-14 09:15:00,116.68
2018-07-14 09:30:00,112.21
2018-07-14 09:45:00,108.520004
2018-07-14 10:00:00,107.6
2018-07-14 10:15:00,112.21
2018-07-14 10:30:00,100.490005
2018-07-14 10:45:00,100.17
2018-07-14 11:00:00,115.11
2018-07-14 11:15:00,131.36
2018-07-14 11:30:00,116.09
2018-07-14 11:45:00,103.46001
2018-07-14 12:00:00,93.58
2018-07-14 12:15:00,98.06
2018-07-14 12:30:00,94.96
2018-07-14 12:45:00,86.08
2018-07-14 13:00:00,74.04
2018-07-14 13:15:00,61.0
2018-07-14 13:30:00,70.74
2018-07-14 13:45:00,93.85
2018-07-14 14:00:00,98.58
2018-07-14 14:15:00,91.21
2018-07-14 14:30:00,79.04
2018-07-14 14:45:00,73.240005
2018-07-14 15:00:00,70.22
2018-07-14 15:15:00,66.73
2018-07-14 15:30:00,63.239998
2018-07-14 15:45:00,62.059998
2018-07-14 16:00:00,46.86
2018-07-14 16:15:00,34.02
2018-07-14 16:30:00,29.880001
2018-07-14 16:45:00,18.36
2018-07-14 17:00:00,13.889999
2018-07-14 17:15:00,11.120001
2018-07-14 17:30:00,9.02
2018-07-14 17:45:00,3.49
2018-07-14 18:00:00,2.04
2018-07-14 18:15:00,1.64
2018-07-14 18:30:00,1.8399999
2018-07-14 18:45:00,4.08
2018-07-14 19:00:00,5.66
2018-07-14 19:15:00,4.6800003
2018-07-14 19:30:00,0.07
2018-07-14 19:45:00,0.99
2018-07-14 20:00:00,2.31
2018-07-14 20:15:00,2.8300002
2018-07-14 20:30:00,12.309999
2018-07-14 20:45:00,12.57
2018-07-14 21:00:00,22.77
2018-07-14 21:15:00,14.08
2018-07-14 21:30:00,6.92
2018-07-14 21:45:00,5.66
2018-07-14 22:00:00,2.7
2018-07-14 22:15:00,0.59
2018-07-14 22:30:00,0.0
2018-07-14 22:45:00,0.0
2018-07-14 23:00:00,5.59
2018-07-14 23:15:00,48.96
2018-07-14 23:30:00,37.25
2018-07-14 23:45:00,25.27
2018-07-15 00:00:00,28.89
2018-07-15 00:15:00,10.139999
2018-07-15 00:30:00,1.18
2018-07-15 00:45:00,0.07
2018-07-15 01:00:00,0.33
2018-07-15 01:15:00,3.09
2018-07-15 01:30:00,3.1599998
2018-07-15 01:45:00,4.08
2018-07-15 02:00:00,5.46
2018-07-15 02:15:00,2.77
2018-07-15 02:30:00,2.04
2018-07-15 02:45:00,4.15
2018-07-15 03:00:00,11.85
2018-07-15 03:15:00,11.52
2018-07-15 03:30:00,12.110001
2018-07-15 03:45:00,19.81
2018-07-15 04:00:00,23.36
2018-07-15 04:15:00,24.220001
2018-07-15 04:30:00,21.59
2018-07-15 04:45:00,23.630001
2018-07-15 05:00:00,41.39
2018-07-15 05:15:00,56.93
2018-07-15 05:30:00,76.08
2018-07-15 05:45:00,91.54
2018-07-15 06:00:00,100.09
2018-07-15 06:15:00,105.369995
2018-07-15 06:30:00,105.229996
2018-07-15 06:45:00,115.17
2018-07-15 07:00:00,116.95
2018-07-15 07:15:00,108.26
2018-07-15 07:30:00,89.240005
2018-07-15 07:45:00,92.009995
2018-07-15 08:00:00,108.78
2018-07-15 08:15:00,106.61
2018-07-15 08:30:00,111.29
2018-07-15 08:45:00,115.89
2018-07-15 09:00:00,121.36
2018-07-15 09:15:00,118.07
2018-07-15 09:30:00,106.149994
2018-07-15 09:45:00,103.33
2018-07-15 10:00:00,101.94
2018-07-15 10:15:00,97.13
2018-07-15 10:30:00,93.92
2018-07-15 10:45:00,92.39
2018-07-15 11:00:00,80.020004
2018-07-15 11:15:00,78.05
2018-07-15 11:30:00,83.45
2018-07-15 11:45:00,84.44
2018-07-15 12:00:00,81.67
2018-07-15 12:15:00,82.59
2018-07-15 12:30:00,89.89
2018-07-15 12:45:00,83.25
2018-07-15 13:00:00,72.399994
2018-07-15 13:15:00,69.83
2018-07-15 13:30:00,70.740005
2018-07-15 13:45:00,55.61
2018-07-15 14:00:00,46.4
2018-07-15 14:15:00,48.309998
2018-07-15 14:30:00,55.48
2018-07-15 14:45:00,55.02
2018-07-15 15:00:00,37.78
2018-07-15 15:15:00,33.23
2018-07-15 15:30:00,33.1
2018-07-15 15:45:00,32.45
2018-07-15 16:00:00,34.02
2018-07-15 16:15:00,25.73
2018-07-15 16:30:00,27.05
2018-07-15 16:45:00,26.46
2018-07-15 17:00:00,22.11
2018-07-15 17:15:00,17.51
2018-07-15 17:30:00,9.54
2018-07-15 17:45:00,7.1800003
2018-07-15 18:00:00,5.47
2018-07-15 18:15:00,3.62
2018-07-15 18:30:00,4.61
2018-07-15 18:45:00,10.06
2018-07-15 19:00:00,18.17
2018-07-15 19:15:00,28.96
2018-07-15 19:30:00,23.36
2018-07-15 19:45:00,17.970001
2018-07-15 20:00:00,12.04
2018-07-15 20:15:00,33.760002
2018-07-15 20:30:00,8.22
2018-07-15 20:45:00,1.78
2018-07-15 21:00:00,14.34
2018-07-15 21:15:00,43.3
2018-07-15 21:30:00,16.52
2018-07-15 21:45:00,11.129999
2018-07-15 22:00:00,9.67
2018-07-15 22:15:00,9.4800005
2018-07-15 22:30:00,7.4300003
2018-07-15 22:45:00,9.280001
2018-07-15 23:00:00,72.19
2018-07-15 23:15:00,131.16
2018-07-15 23:30:00,89.240005
2018-07-15 23:45:00,72.39
2018-07-16 00:00:00,35.93
2018-07-16 00:15:00,38.64
2018-07-16 00:30:00,44.42
2018-07-16 00:45:00,38.699997
2018-07-16 01:00:00,63.64
2018-07-16 01:15:00,62.260002
2018-07-16 01:30:00,44.489998
2018-07-16 01:45:00,37.510002
2018-07-16 02:00:00,34.55
2018-07-16 02:15:00,21.46
2018-07-16 02:30:00,22.64
2018-07-16 02:45:00,21.91
2018-07-16 03:00:00,21.25
2018-07-16 03:15:00,30.4
2018-07-16 03:30:00,31.13
2018-07-16 03:45:00,29.220001
2018-07-16 04:00:00,31.66
2018-07-16 04:15:00,33.23
2018-07-16 04:30:00,41.0
2018-07-16 04:45:00,38.629997
2018-07-16 05:00:00,39.02
2018-07-16 05:15:00,45.54
2018-07-16 05:30:00,42.050003
2018-07-16 05:45:00,39.61
2018-07-16 06:00:00,57.06
2018-07-16 06:15:00,65.35
2018-07-16 06:30:00,66.53
2018-07-16 06:45:00,73.509995
2018-07-16 07:00:00,80.36
2018-07-16 07:15:00,83.25
2018-07-16 07:30:00,86.54
2018-07-16 07:45:00,87.07001
2018-07-16 08:00:00,85.100006
2018-07-16 08:15:00,85.49
2018-07-16 08:30:00,79.5
2018-07-16 08:45:00,79.37
2018-07-16 09:00:00,80.350006
2018-07-16 09:15:00,85.67999
2018-07-16 09:30:00,89.17
2018-07-16 09:45:00,89.64
2018-07-16 10:00:00,76.08
2018-07-16 10:15:00,75.68
2018-07-16 10:30:00,75.94
2018-07-16 10:45:00,85.42
2018-07-16 11:00:00,69.17
2018-07-16 11:15:00,59.82
2018-07-16 11:30:00,58.17
2018-07-16 11:45:00,66.0
2018-07-16 12:00:00,62.260002
2018-07-16 12:15:00,58.24
2018-07-16 12:30:00,50.15
2018-07-16 12:45:00,41.59
2018-07-16 13:00:00,33.43
2018-07-16 13:15:00,24.42
2018-07-16 13:30:00,25.08
2018-07-16 13:45:00,28.43
2018-07-16 14:00:00,38.82
2018-07-16 14:15:00,54.36
2018-07-16 14:30:00,57.85
2018-07-16 14:45:00,56.07
2018-07-16 15:00:00,50.34
2018-07-16 15:15:00,42.45
2018-07-16 15:30:00,37.190002
2018-07-16 15:45:00,22.509998
2018-07-16 16:00:00,16.779999
2018-07-16 16:15:00,12.040001
2018-07-16 16:30:00,10.07
2018-07-16 16:45:00,3.75
2018-07-16 17:00:00,0.73
2018-07-16 17:15:00,0.0
2018-07-16 17:30:00,0.0
2018-07-16 17:45:00,0.0
2018-07-16 18:00:00,0.07
2018-07-16 18:15:00,2.44
2018-07-16 18:30:00,1.71
2018-07-16 18:45:00,4.08
2018-07-16 19:00:00,15.53
2018-07-16 19:15:00,12.639999
2018-07-16 19:30:00,10.39
2018-07-16 19:45:00,14.94
2018-07-16 20:00:00,26.720001
2018-07-16 20:15:00,34.42
2018-07-16 20:30:00,39.62
2018-07-16 20:45:00,31.85
2018-07-16 21:00:00,34.16
2018-07-16 21:15:00,33.36
2018-07-16 21:30:00,22.84
2018-07-16 21:45:00,17.17
2018-07-16 22:00:00,20.99
2018-07-16 22:15:00,22.630001
2018-07-16 22:30:00,29.080002
2018-07-16 22:45:00,31.189999
2018-07-16 23:00:00,30.599998
2018-07-16 23:15:00,26.26
2018-07-16 23:30:00,26.65
2018-07-16 23:45:00,18.3
2018-07-17 00:00:00,27.24
2018-07-17 00:15:00,21.66
2018-07-17 00:30:00,30.07
2018-07-17 00:45:00,27.5
2018-07-17 01:00:00,22.64
2018-07-17 01:15:00,18.1
2018-07-17 01:30:00,16.45
2018-07-17 01:45:00,14.54
2018-07-17 02:00:00,11.190001
2018-07-17 02:15:00,14.940001
2018-07-17 02:30:00,17.630001
2018-07-17 02:45:00,18.29
2018-07-17 03:00:00,22.17
2018-07-17 03:15:00,35.6
2018-07-17 03:30:00,42.78
2018-07-17 03:45:00,36.989998
2018-07-17 04:00:00,44.550003
2018-07-17 04:15:00,71.47
2018-07-17 04:30:00,78.58
2018-07-17 04:45:00,74.63
2018-07-17 05:00:00,73.64
2018-07-17 05:15:00,89.44
2018-07-17 05:30:00,88.979996
2018-07-17 05:45:00,86.020004
2018-07-17 06:00:00,103.979996
2018-07-17 06:15:00,114.64
2018-07-17 06:30:00,111.22
2018-07-17 06:45:00,105.56
2018-07-17 07:00:00,98.78
2018-07-17 07:15:00,101.41
2018-07-17 07:30:00,106.87
2018-07-17 07:45:00,89.17
2018-07-17 08:00:00,87.270004
2018-07-17 08:15:00,85.89
2018-07-17 08:30:00,83.39
2018-07-17 08:45:00,92.33
2018-07-17 09:00:00,92.33
2018-07-17 09:15:00,110.83
2018-07-17 09:30:00,116.29
2018-07-17 09:45:00,107.21
2018-07-17 10:00:00,119.31
2018-07-17 10:15:00,120.96
2018-07-17 10:30:00,126.75
2018-07-17 10:45:00,108.92
2018-07-17 11:00:00,103.06
2018-07-17 11:15:00,95.69
2018-07-17 11:30:00,92.72
2018-07-17 11:45:00,89.509995
2018-07-17 12:00:00,94.11
2018-07-17 12:15:00,98.32
2018-07-17 12:30:00,93.25
2018-07-17 12:45:00,82.92
2018-07-17 13:00:00,78.78
2018-07-17 13:15:00,71.8
2018-07-17 13:30:00,68.91
2018-07-17 13:45:00,78.45
2018-07-17 14:00:00,73.84
2018-07-17 14:15:00,85.22
2018-07-17 14:30:00,95.1
2018-07-17 14:45:00,74.9
2018-07-17 15:00:00,74.82
2018-07-17 15:15:00,65.62
2018-07-17 15:30:00,64.75
2018-07-17 15:45:00,56.73
2018-07-17 16:00:00,53.699997
2018-07-17 16:15:00,52.129997
2018-07-17 16:30:00,36.65
2018-07-17 16:45:00,33.17
2018-07-17 17:00:00,22.04
2018-07-17 17:15:00,9.54
2018-07-17 17:30:00,6.25
2018-07-17 17:45:00,3.8899999
2018-07-17 18:00:00,5.3999996
2018-07-17 18:15:00,2.1100001
2018-07-17 18:30:00,2.37
2018-07-17 18:45:00,3.22
2018-07-17 19:00:00,4.28
2018-07-17 19:15:00,4.74
2018-07-17 19:30:00,7.7700005
2018-07-17 19:45:00,4.08
2018-07-17 20:00:00,10.73
2018-07-17 20:15:00,12.110001
2018-07-17 20:30:00,12.1
2018-07-17 20:45:00,10.33
2018-07-17 21:00:00,12.44
2018-07-17 21:15:00,12.57
2018-07-17 21:30:00,16.45
2018-07-17 21:45:00,16.84
2018-07-17 22:00:00,26.189999
2018-07-17 22:15:00,36.19
2018-07-17 22:30:00,37.18
2018-07-17 22:45:00,24.55
2018-07-17 23:00:00,27.77
2018-07-17 23:15:00,25.6
2018-07-17 23:30:00,22.44
2018-07-17 23:45:00,23.96
2018-07-18 00:00:00,34.35
2018-07-18 00:15:00,31.460001
2018-07-18 00:30:00,25.99
2018-07-18 00:45:00,21.06
2018-07-18 01:00:00,19.48
2018-07-18 01:15:00,20.66
2018-07-18 01:30:00,11.98
2018-07-18 01:45:00,10.01
2018-07-18 02:00:00,10.72
2018-07-18 02:15:00,10.59
2018-07-18 02:30:00,12.24
2018-07-18 02:45:00,12.57
2018-07-18 03:00:00,13.23
2018-07-18 03:15:00,15.07
2018-07-18 03:30:00,12.969999
2018-07-18 03:45:00,9.21
2018-07-18 04:00:00,8.81
2018-07-18 04:15:00,14.48
2018-07-18 04:30:00,28.96
2018-07-18 04:45:00,36.66
2018-07-18 05:00:00,47.12
2018-07-18 05:15:00,72.72
2018-07-18 05:30:00,101.61
2018-07-18 05:45:00,108.520004
2018-07-18 06:00:00,105.36
2018-07-18 06:15:00,94.1
2018-07-18 06:30:00,111.55
2018-07-18 06:45:00,104.369995
2018-07-18 07:00:00,114.240005
2018-07-18 07:15:00,108.39
2018-07-18 07:30:00,117.009995
2018-07-18 07:45:00,114.32
2018-07-18 08:00:00,89.57001
2018-07-18 08:15:00,86.15
2018-07-18 08:30:00,91.93
2018-07-18 08:45:00,81.93
2018-07-18 09:00:00,83.12
2018-07-18 09:15:00,82.0
2018-07-18 09:30:00,81.93
2018-07-18 09:45:00,87.33
2018-07-18 10:00:00,91.15
2018-07-18 10:15:00,99.04
2018-07-18 10:30:00,94.1
2018-07-18 10:45:00,89.3
2018-07-18 11:00:00,92.59
2018-07-18 11:15:00,87.729996
2018-07-18 11:30:00,87.72
2018-07-18 11:45:00,95.23
2018-07-18 12:00:00,106.87
2018-07-18 12:15:00,111.29
2018-07-18 12:30:00,103.53
2018-07-18 12:45:00,99.97
2018-07-18 13:00:00,86.869995
2018-07-18 13:15:00,81.8
2018-07-18 13:30:00,84.96001
2018-07-18 13:45:00,87.66
2018-07-18 14:00:00,86.729996
2018-07-18 14:15:00,82.53
2018-07-18 14:30:00,69.36
2018-07-18 14:45:00,65.68
2018-07-18 15:00:00,73.770004
2018-07-18 15:15:00,66.93
2018-07-18 15:30:00,60.29
2018-07-18 15:45:00,59.04
2018-07-18 16:00:00,50.67
2018-07-18 16:15:00,41.79
2018-07-18 16:30:00,40.67
2018-07-18 16:45:00,43.1
2018-07-18 17:00:00,42.91
2018-07-18 17:15:00,58.25
2018-07-18 17:30:00,53.17
2018-07-18 17:45:00,36.79
2018-07-18 18:00:00,26.26
2018-07-18 18:15:00,16.84
2018-07-18 18:30:00,11.849999
2018-07-18 18:45:00,10.200001
2018-07-18 19:00:00,8.95
2018-07-18 19:15:00,5.79
2018-07-18 19:30:00,6.32
2018-07-18 19:45:00,16.19
2018-07-18 20:00:00,9.610001
2018-07-18 20:15:00,14.48
2018-07-18 20:30:00,11.059999
2018-07-18 20:45:00,16.779999
2018-07-18 21:00:00,13.29
2018-07-18 21:15:00,14.01
2018-07-18 21:30:00,7.44
2018-07-18 21:45:00,9.67
2018-07-18 22:00:00,8.62
2018-07-18 22:15:00,7.4300003
2018-07-18 22:30:00,10.59
2018-07-18 22:45:00,10.26
2018-07-18 23:00:00,11.98
2018-07-18 23:15:00,11.780001
2018-07-18 23:30:00,17.25
2018-07-18 23:45:00,21.46
2018-07-19 00:00:00,36.129997
2018-07-19 00:15:00,38.559998
2018-07-19 00:30:00,43.57
2018-07-19 00:45:00,34.42
2018-07-19 01:00:00,40.14
2018-07-19 01:15:00,31.400002
2018-07-19 01:30:00,29.279999
2018-07-19 01:45:00,32.44
2018-07-19 02:00:00,27.64
2018-07-19 02:15:00,27.25
2018-07-19 02:30:00,32.25
2018-07-19 02:45:00,33.829998
2018-07-19 03:00:00,34.35
2018-07-19 03:15:00,35.010002
2018-07-19 03:30:00,34.09
2018-07-19 03:45:00,30.8
2018-07-19 04:00:00,34.28
2018-07-19 04:15:00,31.79
2018-07-19 04:30:00,36.59
2018-07-19 04:45:00,48.309998
2018-07-19 05:00:00,66.93
2018-07-19 05:15:00,88.119995
2018-07-19 05:30:00,99.31
2018-07-19 05:45:00,121.49
2018-07-19 06:00:00,128.07
2018-07-19 06:15:00,141.83
2018-07-19 06:30:00,123.39
2018-07-19 06:45:00,113.46
2018-07-19 07:00:00,105.82
2018-07-19 07:15:00,112.2
2018-07-19 07:30:00,112.61
2018-07-19 07:45:00,123.59
2018-07-19 08:00:00,120.24
2018-07-19 08:15:00,122.34
2018-07-19 08:30:00,131.63
2018-07-19 08:45:00,139.51999
2018-07-19 09:00:00,131.36
2018-07-19 09:15:00,118.33
2018-07-19 09:30:00,115.17
2018-07-19 09:45:00,126.22
2018-07-19 10:00:00,149.39
2018-07-19 10:15:00,150.78
2018-07-19 10:30:00,141.89
2018-07-19 10:45:00,131.42
2018-07-19 11:00:00,132.15
2018-07-19 11:15:00,123.33
2018-07-19 11:30:00,116.94
2018-07-19 11:45:00,116.16
2018-07-19 12:00:00,114.509995
2018-07-19 12:15:00,124.259995
2018-07-19 12:30:00,117.61
2018-07-19 12:45:00,112.34
2018-07-19 13:00:00,99.24
2018-07-19 13:15:00,86.729996
2018-07-19 13:30:00,88.85
2018-07-19 13:45:00,104.04
2018-07-19 14:00:00,96.67
2018-07-19 14:15:00,85.020004
2018-07-19 14:30:00,83.25
2018-07-19 14:45:00,79.5
2018-07-19 15:00:00,64.490005
2018-07-19 15:15:00,55.809998
2018-07-19 15:30:00,51.2
2018-07-19 15:45:00,47.78
2018-07-19 16:00:00,41.86
2018-07-19 16:15:00,35.8
2018-07-19 16:30:00,29.880001
2018-07-19 16:45:00,26.06
2018-07-19 17:00:00,28.36
2018-07-19 17:15:00,25.14
2018-07-19 17:30:00,26.91
2018-07-19 17:45:00,22.3
2018-07-19 18:00:00,18.29
2018-07-19 18:15:00,12.04
2018-07-19 18:30:00,9.08
2018-07-19 18:45:00,9.87
2018-07-19 19:00:00,9.27
2018-07-19 19:15:00,15.92
2018-07-19 19:30:00,11.780001
2018-07-19 19:45:00,19.810001
2018-07-19 20:00:00,16.92
2018-07-19 20:15:00,33.43
2018-07-19 20:30:00,30.6
2018-07-19 20:45:00,22.84
2018-07-19 21:00:00,20.21
2018-07-19 21:15:00,19.02
2018-07-19 21:30:00,17.380001
2018-07-19 21:45:00,23.3
2018-07-19 22:00:00,16.32
2018-07-19 22:15:00,24.939999
2018-07-19 22:30:00,29.150002
2018-07-19 22:45:00,24.09
2018-07-19 23:00:00,16.59
2018-07-19 23:15:00,14.41
2018-07-19 23:30:00,12.31
2018-07-19 23:45:00,7.2400002
2018-07-20 00:00:00,9.7300005
2018-07-20 00:15:00,5.59
2018-07-20 00:30:00,1.25
2018-07-20 00:45:00,0.0
2018-07-20 01:00:00,0.2
2018-07-20 01:15:00,0.33
2018-07-20 01:30:00,2.17
2018-07-20 01:45:00,7.23
2018-07-20 02:00:00,7.57
2018-07-20 02:15:00,8.690001
2018-07-20 02:30:00,12.05
2018-07-20 02:45:00,16.71
2018-07-20 03:00:00,19.02
2018-07-20 03:15:00,26.06
2018-07-20 03:30:00,36.72
2018-07-20 03:45:00,41.39
2018-07-20 04:00:00,48.11
2018-07-20 04:15:00,136.95
2018-07-20 04:30:00,162.75
2018-07-20 04:45:00,169.53
2018-07-20 05:00:00,169.27
2018-07-20 05:15:00,170.64
2018-07-20 05:30:00,167.16
2018-07-20 05:45:00,169.27
2018-07-20 06:00:00,174.86
2018-07-20 06:15:00,179.06998
2018-07-20 06:30:00,161.48999
2018-07-20 06:45:00,147.42
2018-07-20 07:00:00,156.3
2018-07-20 07:15:00,157.94
2018-07-20 07:30:00,144.0
2018-07-20 07:45:00,126.090004
2018-07-20 08:00:00,144.26001
2018-07-20 08:15:00,141.95
2018-07-20 08:30:00,137.09
2018-07-20 08:45:00,128.66
2018-07-20 09:00:00,128.33
2018-07-20 09:15:00,141.62
2018-07-20 09:30:00,120.24
2018-07-20 09:45:00,122.28
2018-07-20 10:00:00,130.18
2018-07-20 10:15:00,139.84999
2018-07-20 10:30:00,144.92
2018-07-20 10:45:00,125.5
2018-07-20 11:00:00,114.91
2018-07-20 11:15:00,108.72
2018-07-20 11:30:00,104.97
2018-07-20 11:45:00,107.6
2018-07-20 12:00:00,127.54
2018-07-20 12:15:00,134.98001
2018-07-20 12:30:00,106.81
2018-07-20 12:45:00,91.020004
2018-07-20 13:00:00,81.54
2018-07-20 13:15:00,78.91
2018-07-20 13:30:00,81.92999
2018-07-20 13:45:00,81.47
2018-07-20 14:00:00,86.21001
2018-07-20 14:15:00,86.34
2018-07-20 14:30:00,81.61
2018-07-20 14:45:00,83.45
2018-07-20 15:00:00,77.59
2018-07-20 15:15:00,68.899994
2018-07-20 15:30:00,52.71
2018-07-20 15:45:00,38.04
2018-07-20 16:00:00,34.09
2018-07-20 16:15:00,33.43
2018-07-20 16:30:00,20.8
2018-07-20 16:45:00,17.900002
2018-07-20 17:00:00,19.15
2018-07-20 17:15:00,17.04
2018-07-20 17:30:00,16.39
2018-07-20 17:45:00,16.58
2018-07-20 18:00:00,15.01
2018-07-20 18:15:00,16.52
2018-07-20 18:30:00,16.39
2018-07-20 18:45:00,15.2699995
2018-07-20 19:00:00,17.7
2018-07-20 19:15:00,14.869999
2018-07-20 19:30:00,13.69
2018-07-20 19:45:00,12.440001
2018-07-20 20:00:00,14.610001
2018-07-20 20:15:00,16.52
2018-07-20 20:30:00,17.380001
2018-07-20 20:45:00,20.6
2018-07-20 21:00:00,25.470001
2018-07-20 21:15:00,26.72
2018-07-20 21:30:00,21.91
2018-07-20 21:45:00,24.09
2018-07-20 22:00:00,30.01
2018-07-20 22:15:00,26.26
2018-07-20 22:30:00,52.059998
2018-07-20 22:45:00,54.16
2018-07-20 23:00:00,49.36
2018-07-20 23:15:00,49.629997
2018-07-20 23:30:00,43.3
2018-07-20 23:45:00,34.28
2018-07-21 00:00:00,27.31
2018-07-21 00:15:00,34.22
2018-07-21 00:30:00,27.78
2018-07-21 00:45:00,18.63
2018-07-21 01:00:00,26.189999
2018-07-21 01:15:00,29.279999
2018-07-21 01:30:00,27.58
2018-07-21 01:45:00,30.14
2018-07-21 02:00:00,35.07
2018-07-21 02:15:00,36.2
2018-07-21 02:30:00,34.62
2018-07-21 02:45:00,39.82
2018-07-21 03:00:00,45.41
2018-07-21 03:15:00,51.53
2018-07-21 03:30:00,64.56
2018-07-21 03:45:00,104.7
2018-07-21 04:00:00,121.619995
2018-07-21 04:15:00,128.79
2018-07-21 04:30:00,100.76
2018-07-21 04:45:00,99.31
2018-07-21 05:00:00,108.0
2018-07-21 05:15:00,106.49
2018-07-21 05:30:00,102.33
2018-07-21 05:45:00,100.759995
2018-07-21 06:00:00,99.7
2018-07-21 06:15:00,101.08
2018-07-21 06:30:00,97.46
2018-07-21 06:45:00,96.22
2018-07-21 07:00:00,106.68
2018-07-21 07:15:00,106.15
2018-07-21 07:30:00,109.03999
2018-07-21 07:45:00,109.7
2018-07-21 08:00:00,113.91998
2018-07-21 08:15:00,110.96001
2018-07-21 08:30:00,105.229996
2018-07-21 08:45:00,108.92
2018-07-21 09:00:00,120.76
2018-07-21 09:15:00,100.56
2018-07-21 09:30:00,82.07
2018-07-21 09:45:00,76.409996
2018-07-21 10:00:00,89.96
2018-07-21 10:15:00,105.95
2018-07-21 10:30:00,101.68
2018-07-21 10:45:00,107.2
2018-07-21 11:00:00,94.04
2018-07-21 11:15:00,76.67
2018-07-21 11:30:00,74.369995
2018-07-21 11:45:00,69.369995
2018-07-21 12:00:00,80.229996
2018-07-21 12:15:00,101.81
2018-07-21 12:30:00,81.41
2018-07-21 12:45:00,76.47
2018-07-21 13:00:00,64.82
2018-07-21 13:15:00,56.989998
2018-07-21 13:30:00,60.54
2018-07-21 13:45:00,63.449997
2018-07-21 14:00:00,79.04
2018-07-21 14:15:00,72.33
2018-07-21 14:30:00,67.39
2018-07-21 14:45:00,67.32
2018-07-21 15:00:00,55.28
2018-07-21 15:15:00,48.57
2018-07-21 15:30:00,40.08
2018-07-21 15:45:00,31.46
2018-07-21 16:00:00,33.89
2018-07-21 16:15:00,39.949997
2018-07-21 16:30:00,32.58
2018-07-21 16:45:00,24.74
2018-07-21 17:00:00,22.97
2018-07-21 17:15:00,13.950001
2018-07-21 17:30:00,12.96
2018-07-21 17:45:00,9.280001
2018-07-21 18:00:00,11.780001
2018-07-21 18:15:00,9.940001
2018-07-21 18:30:00,11.25
2018-07-21 18:45:00,16.449999
2018-07-21 19:00:00,20.47
2018-07-21 19:15:00,21.84
2018-07-21 19:30:00,21.98
2018-07-21 19:45:00,26.06
2018-07-21 20:00:00,23.630001
2018-07-21 20:15:00,17.97
2018-07-21 20:30:00,16.119999
2018-07-21 20:45:00,14.549999
2018-07-21 21:00:00,10.79
2018-07-21 21:15:00,18.16
2018-07-21 21:30:00,15.33
2018-07-21 21:45:00,17.5
2018-07-21 22:00:00,15.33
2018-07-21 22:15:00,11.32
2018-07-21 22:30:00,13.559999
2018-07-21 22:45:00,11.32
2018-07-21 23:00:00,15.93
2018-07-21 23:15:00,10.73
2018-07-21 23:30:00,10.99
2018-07-21 23:45:00,11.85
2018-07-22 00:00:00,12.43
2018-07-22 00:15:00,11.450001
2018-07-22 00:30:00,10.13
2018-07-22 00:45:00,8.82
2018-07-22 01:00:00,10.46
2018-07-22 01:15:00,14.61
2018-07-22 01:30:00,18.099998
2018-07-22 01:45:00,20.54
2018-07-22 02:00:00,23.17
2018-07-22 02:15:00,18.96
2018-07-22 02:30:00,20.009998
2018-07-22 02:45:00,24.61
2018-07-22 03:00:00,27.9
2018-07-22 03:15:00,35.35
2018-07-22 03:30:00,55.28
2018-07-22 03:45:00,87.259995
2018-07-22 04:00:00,108.59
2018-07-22 04:15:00,104.11
2018-07-22 04:30:00,130.64
2018-07-22 04:45:00,146.03
2018-07-22 05:00:00,146.89
2018-07-22 05:15:00,126.35
2018-07-22 05:30:00,125.770004
2018-07-22 05:45:00,117.67
2018-07-22 06:00:00,117.67
2018-07-22 06:15:00,122.6
2018-07-22 06:30:00,108.59
2018-07-22 06:45:00,110.04
2018-07-22 07:00:00,103.0
2018-07-22 07:15:00,101.15
2018-07-22 07:30:00,101.67
2018-07-22 07:45:00,116.55
2018-07-22 08:00:00,115.630005
2018-07-22 08:15:00,112.93
2018-07-22 08:30:00,108.66
2018-07-22 08:45:00,103.520004
2018-07-22 09:00:00,101.869995
2018-07-22 09:15:00,112.34
2018-07-22 09:30:00,109.31
2018-07-22 09:45:00,98.13
2018-07-22 10:00:00,84.229996
2018-07-22 10:15:00,79.96
2018-07-22 10:30:00,84.3
2018-07-22 10:45:00,81.93
2018-07-22 11:00:00,79.5
2018-07-22 11:15:00,87.0
2018-07-22 11:30:00,92.86
2018-07-22 11:45:00,85.42
2018-07-22 12:00:00,86.149994
2018-07-22 12:15:00,83.520004
2018-07-22 12:30:00,97.07001
2018-07-22 12:45:00,99.9
2018-07-22 13:00:00,85.82
2018-07-22 13:15:00,65.869995
2018-07-22 13:30:00,76.08
2018-07-22 13:45:00,85.29
2018-07-22 14:00:00,85.03
2018-07-22 14:15:00,72.79
2018-07-22 14:30:00,55.47
2018-07-22 14:45:00,48.309998
2018-07-22 15:00:00,46.59
2018-07-22 15:15:00,46.0
2018-07-22 15:30:00,33.5
2018-07-22 15:45:00,28.04
2018-07-22 16:00:00,19.48
2018-07-22 16:15:00,12.24
2018-07-22 16:30:00,9.14
2018-07-22 16:45:00,4.48
2018-07-22 17:00:00,0.0
2018-07-22 17:15:00,0.0
2018-07-22 17:30:00,0.0
2018-07-22 17:45:00,0.0
2018-07-22 18:00:00,0.0
2018-07-22 18:15:00,0.66
2018-07-22 18:30:00,1.25
2018-07-22 18:45:00,3.42
2018-07-22 19:00:00,1.85
2018-07-22 19:15:00,2.04
2018-07-22 19:30:00,2.77
2018-07-22 19:45:00,4.34
2018-07-22 20:00:00,6.98
2018-07-22 20:15:00,3.4900002
2018-07-22 20:30:00,5.59
2018-07-22 20:45:00,7.2400002
2018-07-22 21:00:00,11.379999
2018-07-22 21:15:00,8.89
2018-07-22 21:30:00,10.92
2018-07-22 21:45:00,17.369999
2018-07-22 22:00:00,8.29
2018-07-22 22:15:00,16.39
2018-07-22 22:30:00,9.15
2018-07-22 22:45:00,12.63
2018-07-22 23:00:00,12.7
2018-07-22 23:15:00,17.9
2018-07-22 23:30:00,31.2
2018-07-22 23:45:00,27.84
2018-07-23 00:00:00,35.41
2018-07-23 00:15:00,30.66
2018-07-23 00:30:00,22.17
2018-07-23 00:45:00,25.93
2018-07-23 01:00:00,25.41
2018-07-23 01:15:00,20.86
2018-07-23 01:30:00,19.21
2018-07-23 01:45:00,14.28
2018-07-23 02:00:00,9.41
2018-07-23 02:15:00,9.870001
2018-07-23 02:30:00,7.4300003
2018-07-23 02:45:00,8.75
2018-07-23 03:00:00,17.25
2018-07-23 03:15:00,23.83
2018-07-23 03:30:00,27.84
2018-07-23 03:45:00,27.369999
2018-07-23 04:00:00,31.98
2018-07-23 04:15:00,39.690002
2018-07-23 04:30:00,45.14
2018-07-23 04:45:00,50.87
2018-07-23 05:00:00,46.66
2018-07-23 05:15:00,56.33
2018-07-23 05:30:00,76.41
2018-07-23 05:45:00,57.120003
2018-07-23 06:00:00,54.82
2018-07-23 06:15:00,50.67
2018-07-23 06:30:00,59.36
2018-07-23 06:45:00,56.010002
2018-07-23 07:00:00,61.73
2018-07-23 07:15:00,61.010002
2018-07-23 07:30:00,50.739998
2018-07-23 07:45:00,54.69
2018-07-23 08:00:00,78.31
2018-07-23 08:15:00,94.899994
2018-07-23 08:30:00,89.11
2018-07-23 08:45:00,77.07001
2018-07-23 09:00:00,72.19
2018-07-23 09:15:00,61.93
2018-07-23 09:30:00,69.83
2018-07-23 09:45:00,76.21
2018-07-23 10:00:00,71.8
2018-07-23 10:15:00,69.630005
2018-07-23 10:30:00,71.74
2018-07-23 10:45:00,87.46
2018-07-23 11:00:00,95.229996
2018-07-23 11:15:00,83.64
2018-07-23 11:30:00,71.399994
2018-07-23 11:45:00,77.79
2018-07-23 12:00:00,68.84
2018-07-23 12:15:00,68.84
2018-07-23 12:30:00,70.75
2018-07-23 12:45:00,70.479996
2018-07-23 13:00:00,53.96
2018-07-23 13:15:00,37.510002
2018-07-23 13:30:00,27.24
2018-07-23 13:45:00,24.48
2018-07-23 14:00:00,14.02
2018-07-23 14:15:00,36.13
2018-07-23 14:30:00,27.77
2018-07-23 14:45:00,25.470001
2018-07-23 15:00:00,22.05
2018-07-23 15:15:00,38.370003
2018-07-23 15:30:00,33.37
2018-07-23 15:45:00,31.060001
2018-07-23 16:00:00,16.59
2018-07-23 16:15:00,11.719999
2018-07-23 16:30:00,18.689999
2018-07-23 16:45:00,16.65
2018-07-23 17:00:00,23.1
2018-07-23 17:15:00,34.55
2018-07-23 17:30:00,25.130001
2018-07-23 17:45:00,43.629997
2018-07-23 18:00:00,42.449997
2018-07-23 18:15:00,28.49
2018-07-23 18:30:00,41.39
2018-07-23 18:45:00,36.07
2018-07-23 19:00:00,43.309998
2018-07-23 19:15:00,48.44
2018-07-23 19:30:00,44.489998
2018-07-23 19:45:00,39.68
2018-07-23 20:00:00,39.36
2018-07-23 20:15:00,37.78
2018-07-23 20:30:00,56.6
2018-07-23 20:45:00,72.72
2018-07-23 21:00:00,80.16
2018-07-23 21:15:00,76.34
2018-07-23 21:30:00,96.61
2018-07-23 21:45:00,119.649994
2018-07-23 22:00:00,121.020004
2018-07-23 22:15:00,127.08
2018-07-23 22:30:00,115.17
2018-07-23 22:45:00,100.69
2018-07-23 23:00:00,90.03
2018-07-23 23:15:00,108.850006
2018-07-23 23:30:00,105.17
2018-07-23 23:45:00,120.5
2018-07-24 00:00:00,120.69
2018-07-24 00:15:00,136.89
2018-07-24 00:30:00,184.34
2018-07-24 00:45:00,174.33
2018-07-24 01:00:00,174.45999
2018-07-24 01:15:00,164.6
2018-07-24 01:30:00,153.06998
2018-07-24 01:45:00,140.95999
2018-07-24 02:00:00,115.69
2018-07-24 02:15:00,117.54
2018-07-24 02:30:00,115.369995
2018-07-24 02:45:00,119.119995
2018-07-24 03:00:00,116.42
2018-07-24 03:15:00,117.740005
2018-07-24 03:30:00,104.17
2018-07-24 03:45:00,101.48
2018-07-24 04:00:00,112.729996
2018-07-24 04:15:00,113.39
2018-07-24 04:30:00,128.07
2018-07-24 04:45:00,127.34
2018-07-24 05:00:00,104.05
2018-07-24 05:15:00,97.59
2018-07-24 05:30:00,100.82
2018-07-24 05:45:00,93.380005
2018-07-24 06:00:00,88.520004
2018-07-24 06:15:00,83.380005
2018-07-24 06:30:00,72.25
2018-07-24 06:45:00,55.48
2018-07-24 07:00:00,46.07
2018-07-24 07:15:00,47.91
2018-07-24 07:30:00,48.51
2018-07-24 07:45:00,48.5
2018-07-24 08:00:00,44.88
2018-07-24 08:15:00,43.1
2018-07-24 08:30:00,33.37
2018-07-24 08:45:00,36.53
2018-07-24 09:00:00,43.309998
2018-07-24 09:15:00,47.05
2018-07-24 09:30:00,39.42
2018-07-24 09:45:00,37.78
2018-07-24 10:00:00,41.53
2018-07-24 10:15:00,34.61
2018-07-24 10:30:00,33.03
2018-07-24 10:45:00,34.68
2018-07-24 11:00:00,29.82
2018-07-24 11:15:00,21.72
2018-07-24 11:30:00,19.15
2018-07-24 11:45:00,26.720001
2018-07-24 12:00:00,34.55
2018-07-24 12:15:00,40.010002
2018-07-24 12:30:00,56.0
2018-07-24 12:45:00,40.4
2018-07-24 13:00:00,10.4
2018-07-24 13:15:00,18.099998
2018-07-24 13:30:00,29.42
2018-07-24 13:45:00,22.7
2018-07-24 14:00:00,22.38
2018-07-24 14:15:00,28.04
2018-07-24 14:30:00,15.6
2018-07-24 14:45:00,24.22
2018-07-24 15:00:00,22.970001
2018-07-24 15:15:00,15.73
2018-07-24 15:30:00,16.32
2018-07-24 15:45:00,18.95
2018-07-24 16:00:00,34.88
2018-07-24 16:15:00,51.53
2018-07-24 16:30:00,62.39
2018-07-24 16:45:00,48.05
2018-07-24 17:00:00,41.66
2018-07-24 17:15:00,41.72
2018-07-24 17:30:00,32.64
2018-07-24 17:45:00,34.42
2018-07-24 18:00:00,26.26
2018-07-24 18:15:00,28.3
2018-07-24 18:30:00,29.16
2018-07-24 18:45:00,27.64
2018-07-24 19:00:00,39.09
2018-07-24 19:15:00,36.190002
2018-07-24 19:30:00,35.54
2018-07-24 19:45:00,32.51
2018-07-24 20:00:00,44.69
2018-07-24 20:15:00,45.61
2018-07-24 20:30:00,50.739998
2018-07-24 20:45:00,60.22
2018-07-24 21:00:00,57.26
2018-07-24 21:15:00,40.739998
2018-07-24 21:30:00,50.54
2018-07-24 21:45:00,50.940002
2018-07-24 22:00:00,45.48
2018-07-24 22:15:00,47.379997
2018-07-24 22:30:00,49.16
2018-07-24 22:45:00,49.29
2018-07-24 23:00:00,58.18
2018-07-24 23:15:00,66.34
2018-07-24 23:30:00,62.979996
2018-07-24 23:45:00,56.0
2018-07-25 00:00:00,47.84
2018-07-25 00:15:00,31.99
2018-07-25 00:30:00,28.43
2018-07-25 00:45:00,24.880001
2018-07-25 01:00:00,20.47
2018-07-25 01:15:00,16.52
2018-07-25 01:30:00,15.530001
2018-07-25 01:45:00,18.43
2018-07-25 02:00:00,18.75
2018-07-25 02:15:00,17.51
2018-07-25 02:30:00,20.14
2018-07-25 02:45:00,23.36
2018-07-25 03:00:00,29.880001
2018-07-25 03:15:00,31.119999
2018-07-25 03:30:00,32.050003
2018-07-25 03:45:00,29.74
2018-07-25 04:00:00,29.42
2018-07-25 04:15:00,29.75
2018-07-25 04:30:00,31.650002
2018-07-25 04:45:00,33.43
2018-07-25 05:00:00,34.550003
2018-07-25 05:15:00,29.48
2018-07-25 05:30:00,31.79
2018-07-25 05:45:00,29.220001
2018-07-25 06:00:00,29.35
2018-07-25 06:15:00,25.73
2018-07-25 06:30:00,22.51
2018-07-25 06:45:00,19.08
2018-07-25 07:00:00,9.74
2018-07-25 07:15:00,9.940001
2018-07-25 07:30:00,7.17
2018-07-25 07:45:00,9.15
2018-07-25 08:00:00,7.4300003
2018-07-25 08:15:00,8.82
2018-07-25 08:30:00,9.41
2018-07-25 08:45:00,7.96
2018-07-25 09:00:00,6.52
2018-07-25 09:15:00,4.8
2018-07-25 09:30:00,8.35
2018-07-25 09:45:00,10.79
2018-07-25 10:00:00,5.79
2018-07-25 10:15:00,7.4300003
2018-07-25 10:30:00,4.08
2018-07-25 10:45:00,2.64
2018-07-25 11:00:00,6.25
2018-07-25 11:15:00,3.82
2018-07-25 11:30:00,4.41
2018-07-25 11:45:00,7.04
2018-07-25 12:00:00,9.02
2018-07-25 12:15:00,7.9700003
2018-07-25 12:30:00,10.73
2018-07-25 12:45:00,25.08
2018-07-25 13:00:00,23.96
2018-07-25 13:15:00,21.39
2018-07-25 13:30:00,18.63
2018-07-25 13:45:00,19.880001
2018-07-25 14:00:00,18.89
2018-07-25 14:15:00,15.27
2018-07-25 14:30:00,15.200001
2018-07-25 14:45:00,15.93
2018-07-25 15:00:00,19.88
2018-07-25 15:15:00,17.3
2018-07-25 15:30:00,13.49
2018-07-25 15:45:00,7.24
2018-07-25 16:00:00,1.6500001
2018-07-25 16:15:00,0.13
2018-07-25 16:30:00,0.0
2018-07-25 16:45:00,0.0
2018-07-25 17:00:00,0.0
2018-07-25 17:15:00,0.0
2018-07-25 17:30:00,0.0
2018-07-25 17:45:00,0.0
2018-07-25 18:00:00,0.0
2018-07-25 18:15:00,1.78
2018-07-25 18:30:00,0.53
2018-07-25 18:45:00,1.12
2018-07-25 19:00:00,5.0699997
2018-07-25 19:15:00,2.3
2018-07-25 19:30:00,3.69
2018-07-25 19:45:00,1.25
2018-07-25 20:00:00,0.66
2018-07-25 20:15:00,4.74
2018-07-25 20:30:00,10.2
2018-07-25 20:45:00,4.14
2018-07-25 21:00:00,5.53
2018-07-25 21:15:00,3.29
2018-07-25 21:30:00,5.3900003
2018-07-25 21:45:00,4.4
2018-07-25 22:00:00,9.02
2018-07-25 22:15:00,8.62
2018-07-25 22:30:00,7.96
2018-07-25 22:45:00,9.61
2018-07-25 23:00:00,19.15
2018-07-25 23:15:00,15.530001
2018-07-25 23:30:00,22.439999
2018-07-25 23:45:00,27.64
2018-07-26 00:00:00,27.580002
2018-07-26 00:15:00,37.379997
2018-07-26 00:30:00,35.4
2018-07-26 00:45:00,44.949997
2018-07-26 01:00:00,36.66
2018-07-26 01:15:00,28.04
2018-07-26 01:30:00,27.7
2018-07-26 01:45:00,26.52
2018-07-26 02:00:00,31.13
2018-07-26 02:15:00,36.92
2018-07-26 02:30:00,36.59
2018-07-26 02:45:00,42.91
2018-07-26 03:00:00,41.47
2018-07-26 03:15:00,39.620003
2018-07-26 03:30:00,35.4
2018-07-26 03:45:00,46.6
2018-07-26 04:00:00,47.97
2018-07-26 04:15:00,53.7
2018-07-26 04:30:00,56.14
2018-07-26 04:45:00,63.5
2018-07-26 05:00:00,66.01
2018-07-26 05:15:00,75.81
2018-07-26 05:30:00,85.42
2018-07-26 05:45:00,82.990005
2018-07-26 06:00:00,90.03
2018-07-26 06:15:00,102.27
2018-07-26 06:30:00,124.78
2018-07-26 06:45:00,124.45
2018-07-26 07:00:00,97.14
2018-07-26 07:15:00,91.34
2018-07-26 07:30:00,78.380005
2018-07-26 07:45:00,79.1
2018-07-26 08:00:00,64.82
2018-07-26 08:15:00,55.089996
2018-07-26 08:30:00,45.54
2018-07-26 08:45:00,43.83
2018-07-26 09:00:00,46.129997
2018-07-26 09:15:00,38.370003
2018-07-26 09:30:00,41.190002
2018-07-26 09:45:00,31.26
2018-07-26 10:00:00,24.54
2018-07-26 10:15:00,27.449999
2018-07-26 10:30:00,34.49
2018-07-26 10:45:00,39.68
2018-07-26 11:00:00,41.4
2018-07-26 11:15:00,42.58
2018-07-26 11:30:00,43.89
2018-07-26 11:45:00,44.559998
2018-07-26 12:00:00,41.72
2018-07-26 12:15:00,38.04
2018-07-26 12:30:00,39.16
2018-07-26 12:45:00,35.67
2018-07-26 13:00:00,34.02
2018-07-26 13:15:00,32.91
2018-07-26 13:30:00,16.06
2018-07-26 13:45:00,15.0
2018-07-26 14:00:00,23.029999
2018-07-26 14:15:00,23.42
2018-07-26 14:30:00,22.77
2018-07-26 14:45:00,25.33
2018-07-26 15:00:00,15.4
2018-07-26 15:15:00,9.809999
2018-07-26 15:30:00,3.88
2018-07-26 15:45:00,1.12
2018-07-26 16:00:00,0.0
2018-07-26 16:15:00,0.0
2018-07-26 16:30:00,0.0
2018-07-26 16:45:00,0.0
2018-07-26 17:00:00,0.0
2018-07-26 17:15:00,0.0
2018-07-26 17:30:00,0.07
2018-07-26 17:45:00,0.26
2018-07-26 18:00:00,0.86
2018-07-26 18:15:00,0.2
2018-07-26 18:30:00,50.74
2018-07-26 18:45:00,115.44
2018-07-26 19:00:00,67.72
2018-07-26 19:15:00,29.16
2018-07-26 19:30:00,7.89
2018-07-26 19:45:00,5.0
2018-07-26 20:00:00,2.9
2018-07-26 20:15:00,0.26
2018-07-26 20:30:00,0.0
2018-07-26 20:45:00,0.0
2018-07-26 21:00:00,0.0
2018-07-26 21:15:00,0.0
2018-07-26 21:30:00,0.0
2018-07-26 21:45:00,0.0
2018-07-26 22:00:00,0.0
2018-07-26 22:15:00,0.0
2018-07-26 22:30:00,0.0
2018-07-26 22:45:00,0.0
2018-07-26 23:00:00,0.0
2018-07-26 23:15:00,49.620003
2018-07-26 23:30:00,70.95
2018-07-26 23:45:00,52.78
2018-07-27 00:00:00,50.28
2018-07-27 00:15:00,30.4
2018-07-27 00:30:00,18.759998
2018-07-27 00:45:00,11.0
2018-07-27 01:00:00,9.610001
2018-07-27 01:15:00,6.12
2018-07-27 01:30:00,6.12
2018-07-27 01:45:00,8.75
2018-07-27 02:00:00,4.6099997
2018-07-27 02:15:00,2.17
2018-07-27 02:30:00,0.0
2018-07-27 02:45:00,0.0
2018-07-27 03:00:00,0.19999999
2018-07-27 03:15:00,1.05
2018-07-27 03:30:00,2.1
2018-07-27 03:45:00,2.5
2018-07-27 04:00:00,3.29
2018-07-27 04:15:00,2.1
2018-07-27 04:30:00,1.1199999
2018-07-27 04:45:00,0.13
2018-07-27 05:00:00,2.1
2018-07-27 05:15:00,1.6500001
2018-07-27 05:30:00,1.45
2018-07-27 05:45:00,2.63
2018-07-27 06:00:00,5.0699997
2018-07-27 06:15:00,6.7799997
2018-07-27 06:30:00,7.9
2018-07-27 06:45:00,10.86
2018-07-27 07:00:00,11.72
2018-07-27 07:15:00,12.1
2018-07-27 07:30:00,13.1
2018-07-27 07:45:00,16.119999
2018-07-27 08:00:00,16.85
2018-07-27 08:15:00,10.86
2018-07-27 08:30:00,9.22
2018-07-27 08:45:00,14.08
2018-07-27 09:00:00,15.33
2018-07-27 09:15:00,22.25
2018-07-27 09:30:00,23.37
2018-07-27 09:45:00,30.86
2018-07-27 10:00:00,22.380001
2018-07-27 10:15:00,14.870001
2018-07-27 10:30:00,12.7
2018-07-27 10:45:00,10.0
2018-07-27 11:00:00,10.59
2018-07-27 11:15:00,6.7200003
2018-07-27 11:30:00,5.85
2018-07-27 11:45:00,3.42
2018-07-27 12:00:00,5.13
2018-07-27 12:15:00,5.0
2018-07-27 12:30:00,5.0
2018-07-27 12:45:00,5.0
2018-07-27 13:00:00,4.73
2018-07-27 13:15:00,4.48
2018-07-27 13:30:00,6.3900003
2018-07-27 13:45:00,6.65
2018-07-27 14:00:00,5.7200003
2018-07-27 14:15:00,2.96
2018-07-27 14:30:00,0.13
2018-07-27 14:45:00,0.0
2018-07-27 15:00:00,0.0
2018-07-27 15:15:00,0.4
2018-07-27 15:30:00,0.72
2018-07-27 15:45:00,0.0
2018-07-27 16:00:00,0.0
2018-07-27 16:15:00,0.0
2018-07-27 16:30:00,0.0
2018-07-27 16:45:00,0.0
2018-07-27 17:00:00,0.0
2018-07-27 17:15:00,0.0
2018-07-27 17:30:00,0.0
2018-07-27 17:45:00,0.0
2018-07-27 18:00:00,0.0
2018-07-27 18:15:00,0.0
2018-07-27 18:30:00,0.0
2018-07-27 18:45:00,0.0
2018-07-27 19:00:00,0.0
2018-07-27 19:15:00,0.0
2018-07-27 19:30:00,0.26
2018-07-27 19:45:00,0.2
2018-07-27 20:00:00,0.0
2018-07-27 20:15:00,0.0
2018-07-27 20:30:00,0.0
2018-07-27 20:45:00,0.0
2018-07-27 21:00:00,0.0
2018-07-27 21:15:00,0.0
2018-07-27 21:30:00,0.0
2018-07-27 21:45:00,0.0
2018-07-27 22:00:00,0.0
2018-07-27 22:15:00,0.0
2018-07-27 22:30:00,0.2
2018-07-27 22:45:00,0.0
2018-07-27 23:00:00,0.33
2018-07-27 23:15:00,0.13
2018-07-27 23:30:00,0.07
2018-07-27 23:45:00,0.0
2018-07-28 00:00:00,0.0
2018-07-28 00:15:00,0.0
2018-07-28 00:30:00,0.0
2018-07-28 00:45:00,0.0
2018-07-28 01:00:00,0.0
2018-07-28 01:15:00,8.360001
2018-07-28 01:30:00,16.58
2018-07-28 01:45:00,13.559999
2018-07-28 02:00:00,8.690001
2018-07-28 02:15:00,4.74
2018-07-28 02:30:00,4.15
2018-07-28 02:45:00,4.27
2018-07-28 03:00:00,5.59
2018-07-28 03:15:00,8.16
2018-07-28 03:30:00,10.46
2018-07-28 03:45:00,16.65
2018-07-28 04:00:00,13.88
2018-07-28 04:15:00,10.6
2018-07-28 04:30:00,10.2699995
2018-07-28 04:45:00,4.35
2018-07-28 05:00:00,3.0900002
2018-07-28 05:15:00,4.7400002
2018-07-28 05:30:00,14.54
2018-07-28 05:45:00,27.369999
2018-07-28 06:00:00,26.52
2018-07-28 06:15:00,26.26
2018-07-28 06:30:00,28.689999
2018-07-28 06:45:00,47.52
2018-07-28 07:00:00,61.66
2018-07-28 07:15:00,74.69
2018-07-28 07:30:00,72.46
2018-07-28 07:45:00,75.09
2018-07-28 08:00:00,83.380005
2018-07-28 08:15:00,79.03
2018-07-28 08:30:00,67.39
2018-07-28 08:45:00,59.949997
2018-07-28 09:00:00,63.770004
2018-07-28 09:15:00,63.71
2018-07-28 09:30:00,57.32
2018-07-28 09:45:00,56.86
2018-07-28 10:00:00,50.940002
2018-07-28 10:15:00,52.06
2018-07-28 10:30:00,46.0
2018-07-28 10:45:00,44.559998
2018-07-28 11:00:00,53.96
2018-07-28 11:15:00,58.04
2018-07-28 11:30:00,58.9
2018-07-28 11:45:00,76.8
2018-07-28 12:00:00,80.82
2018-07-28 12:15:00,78.64
2018-07-28 12:30:00,71.54
2018-07-28 12:45:00,42.45
2018-07-28 13:00:00,33.690002
2018-07-28 13:15:00,33.57
2018-07-28 13:30:00,42.58
2018-07-28 13:45:00,48.57
2018-07-28 14:00:00,38.629997
2018-07-28 14:15:00,34.03
2018-07-28 14:30:00,34.62
2018-07-28 14:45:00,25.07
2018-07-28 15:00:00,10.99
2018-07-28 15:15:00,14.15
2018-07-28 15:30:00,33.7
2018-07-28 15:45:00,41.66
2018-07-28 16:00:00,37.12
2018-07-28 16:15:00,22.83
2018-07-28 16:30:00,6.84
2018-07-28 16:45:00,0.0
2018-07-28 17:00:00,0.0
2018-07-28 17:15:00,0.0
2018-07-28 17:30:00,0.0
2018-07-28 17:45:00,0.0
2018-07-28 18:00:00,0.0
2018-07-28 18:15:00,0.0
2018-07-28 18:30:00,1.32
2018-07-28 18:45:00,0.2
2018-07-28 19:00:00,0.72
2018-07-28 19:15:00,1.45
2018-07-28 19:30:00,3.89
2018-07-28 19:45:00,6.7799997
2018-07-28 20:00:00,3.8200002
2018-07-28 20:15:00,0.4
2018-07-28 20:30:00,5.13
2018-07-28 20:45:00,4.81
2018-07-28 21:00:00,6.12
2018-07-28 21:15:00,3.42
2018-07-28 21:30:00,6.12
2018-07-28 21:45:00,8.88
2018-07-28 22:00:00,9.28
2018-07-28 22:15:00,5.27
2018-07-28 22:30:00,2.37
2018-07-28 22:45:00,1.58
2018-07-28 23:00:00,0.73
2018-07-28 23:15:00,0.65999997
2018-07-28 23:30:00,9.34
2018-07-28 23:45:00,11.91
2018-07-29 00:00:00,14.87
2018-07-29 00:15:00,21.119999
2018-07-29 00:30:00,19.68
2018-07-29 00:45:00,12.309999
2018-07-29 01:00:00,10.72
2018-07-29 01:15:00,8.76
2018-07-29 01:30:00,14.15
2018-07-29 01:45:00,15.86
2018-07-29 02:00:00,16.32
2018-07-29 02:15:00,20.54
2018-07-29 02:30:00,21.52
2018-07-29 02:45:00,21.130001
2018-07-29 03:00:00,21.98
2018-07-29 03:15:00,19.48
2018-07-29 03:30:00,19.869999
2018-07-29 03:45:00,20.54
2018-07-29 04:00:00,19.21
2018-07-29 04:15:00,15.66
2018-07-29 04:30:00,23.099998
2018-07-29 04:45:00,37.91
2018-07-29 05:00:00,52.72
2018-07-29 05:15:00,85.75
2018-07-29 05:30:00,102.8
2018-07-29 05:45:00,126.350006
2018-07-29 06:00:00,134.98001
2018-07-29 06:15:00,142.49
2018-07-29 06:30:00,141.63
2018-07-29 06:45:00,134.38
2018-07-29 07:00:00,136.23
2018-07-29 07:15:00,121.15
2018-07-29 07:30:00,115.3
2018-07-29 07:45:00,115.759995
2018-07-29 08:00:00,119.649994
2018-07-29 08:15:00,113.72
2018-07-29 08:30:00,100.229996
2018-07-29 08:45:00,109.64
2018-07-29 09:00:00,112.34
2018-07-29 09:15:00,123.13
2018-07-29 09:30:00,113.85
2018-07-29 09:45:00,127.81
2018-07-29 10:00:00,135.16998
2018-07-29 10:15:00,117.34
2018-07-29 10:30:00,120.9
2018-07-29 10:45:00,121.29
2018-07-29 11:00:00,109.37
2018-07-29 11:15:00,123.66
2018-07-29 11:30:00,131.75
2018-07-29 11:45:00,112.01
2018-07-29 12:00:00,95.880005
2018-07-29 12:15:00,93.979996
2018-07-29 12:30:00,89.369995
2018-07-29 12:45:00,95.76
2018-07-29 13:00:00,82.59
2018-07-29 13:15:00,80.42
2018-07-29 13:30:00,92.0
2018-07-29 13:45:00,114.770004
2018-07-29 14:00:00,102.07
2018-07-29 14:15:00,92.8
2018-07-29 14:30:00,82.2
2018-07-29 14:45:00,80.75
2018-07-29 15:00:00,69.490005
2018-07-29 15:15:00,61.339996
2018-07-29 15:30:00,63.05
2018-07-29 15:45:00,49.22
2018-07-29 16:00:00,42.31
2018-07-29 16:15:00,33.17
2018-07-29 16:30:00,27.64
2018-07-29 16:45:00,19.48
2018-07-29 17:00:00,8.89
2018-07-29 17:15:00,6.12
2018-07-29 17:30:00,2.37
2018-07-29 17:45:00,0.0
2018-07-29 18:00:00,0.0
2018-07-29 18:15:00,0.0
2018-07-29 18:30:00,0.2
2018-07-29 18:45:00,0.0
2018-07-29 19:00:00,0.0
2018-07-29 19:15:00,0.0
2018-07-29 19:30:00,0.07
2018-07-29 19:45:00,0.99
2018-07-29 20:00:00,0.0
2018-07-29 20:15:00,0.0
2018-07-29 20:30:00,0.0
2018-07-29 20:45:00,0.0
2018-07-29 21:00:00,0.0
2018-07-29 21:15:00,0.78999996
2018-07-29 21:30:00,3.95
2018-07-29 21:45:00,2.44
2018-07-29 22:00:00,0.99
2018-07-29 22:15:00,7.17
2018-07-29 22:30:00,9.27
2018-07-29 22:45:00,6.1899996
2018-07-29 23:00:00,6.1800003
2018-07-29 23:15:00,6.45
2018-07-29 23:30:00,7.04
2018-07-29 23:45:00,3.02
2018-07-30 00:00:00,16.72
2018-07-30 00:15:00,20.67
2018-07-30 00:30:00,24.02
2018-07-30 00:45:00,6.06
2018-07-30 01:00:00,0.53
2018-07-30 01:15:00,0.2
2018-07-30 01:30:00,0.72
2018-07-30 01:45:00,2.44
2018-07-30 02:00:00,4.54
2018-07-30 02:15:00,16.18
2018-07-30 02:30:00,23.82
2018-07-30 02:45:00,24.42
2018-07-30 03:00:00,25.009998
2018-07-30 03:15:00,23.49
2018-07-30 03:30:00,22.380001
2018-07-30 03:45:00,32.18
2018-07-30 04:00:00,43.96
2018-07-30 04:15:00,53.239998
2018-07-30 04:30:00,63.309998
2018-07-30 04:45:00,73.38
2018-07-30 05:00:00,69.76
2018-07-30 05:15:00,99.97
2018-07-30 05:30:00,108.520004
2018-07-30 05:45:00,108.979996
2018-07-30 06:00:00,131.48999
2018-07-30 06:15:00,123.79
2018-07-30 06:30:00,137.09
2018-07-30 06:45:00,149.12
2018-07-30 07:00:00,172.95001
2018-07-30 07:15:00,155.04999
2018-07-30 07:30:00,165.51
2018-07-30 07:45:00,162.88
2018-07-30 08:00:00,169.93
2018-07-30 08:15:00,154.26
2018-07-30 08:30:00,131.74998
2018-07-30 08:45:00,120.83
2018-07-30 09:00:00,126.28999
2018-07-30 09:15:00,127.94
2018-07-30 09:30:00,114.770004
2018-07-30 09:45:00,102.14
2018-07-30 10:00:00,121.03
2018-07-30 10:15:00,118.53
2018-07-30 10:30:00,141.96
2018-07-30 10:45:00,134.71
2018-07-30 11:00:00,113.39
2018-07-30 11:15:00,125.11
2018-07-30 11:30:00,93.58
2018-07-30 11:45:00,21.92
2018-07-30 12:00:00,201.37997
2018-07-30 12:15:00,223.29999
2018-07-30 12:30:00,204.28
2018-07-30 12:45:00,202.43
2018-07-30 13:00:00,188.95
2018-07-30 13:15:00,171.51001
2018-07-30 13:30:00,175.91
2018-07-30 13:45:00,173.87
2018-07-30 14:00:00,147.01999
2018-07-30 14:15:00,138.6
2018-07-30 14:30:00,120.96001
2018-07-30 14:45:00,116.29
2018-07-30 15:00:00,94.509995
2018-07-30 15:15:00,36.73
2018-07-30 15:30:00,10.2
2018-07-30 15:45:00,57.45
2018-07-30 16:00:00,63.57
2018-07-30 16:15:00,48.04
2018-07-30 16:30:00,35.41
2018-07-30 16:45:00,41.52
2018-07-30 17:00:00,51.199997
2018-07-30 17:15:00,61.47
2018-07-30 17:30:00,63.77
2018-07-30 17:45:00,77.39
2018-07-30 18:00:00,61.0
2018-07-30 18:15:00,61.989998
2018-07-30 18:30:00,31.33
2018-07-30 18:45:00,45.41
2018-07-30 19:00:00,11.71
2018-07-30 19:15:00,2.83
2018-07-30 19:30:00,0.0
2018-07-30 19:45:00,0.0
2018-07-30 20:00:00,0.0
2018-07-30 20:15:00,0.0
2018-07-30 20:30:00,0.0
2018-07-30 20:45:00,0.0
2018-07-30 21:00:00,0.0
2018-07-30 21:15:00,0.0
2018-07-30 21:30:00,0.0
2018-07-30 21:45:00,0.0
2018-07-30 22:00:00,0.0
2018-07-30 22:15:00,0.0
2018-07-30 22:30:00,0.0
2018-07-30 22:45:00,0.0
2018-07-30 23:00:00,33.82
2018-07-30 23:15:00,72.259995
2018-07-30 23:30:00,83.91
2018-07-30 23:45:00,115.69
2018-07-31 00:00:00,140.23999
2018-07-31 00:15:00,123.79
2018-07-31 00:30:00,93.32
2018-07-31 00:45:00,60.949997
2018-07-31 01:00:00,74.69
2018-07-31 01:15:00,62.989998
2018-07-31 01:30:00,43.56
2018-07-31 01:45:00,32.440002
2018-07-31 02:00:00,33.5
2018-07-31 02:15:00,19.15
2018-07-31 02:30:00,10.86
2018-07-31 02:45:00,15.07
2018-07-31 03:00:00,16.72
2018-07-31 03:15:00,22.38
2018-07-31 03:30:00,16.39
2018-07-31 03:45:00,16.39
2018-07-31 04:00:00,13.16
2018-07-31 04:15:00,22.24
2018-07-31 04:30:00,24.08
2018-07-31 04:45:00,24.48
2018-07-31 05:00:00,18.82
2018-07-31 05:15:00,14.0199995
2018-07-31 05:30:00,20.73
2018-07-31 05:45:00,21.33
2018-07-31 06:00:00,18.89
2018-07-31 06:15:00,16.52
2018-07-31 06:30:00,11.059999
2018-07-31 06:45:00,11.78
2018-07-31 07:00:00,11.58
2018-07-31 07:15:00,3.42
2018-07-31 07:30:00,0.0
2018-07-31 07:45:00,0.0
2018-07-31 08:00:00,0.0
2018-07-31 08:15:00,0.0
2018-07-31 08:30:00,0.0
2018-07-31 08:45:00,0.0
2018-07-31 09:00:00,0.0
2018-07-31 09:15:00,0.0
2018-07-31 09:30:00,0.0
2018-07-31 09:45:00,0.2
2018-07-31 10:00:00,1.25
2018-07-31 10:15:00,1.38
2018-07-31 10:30:00,8.22
2018-07-31 10:45:00,6.9700003
2018-07-31 11:00:00,1.71
2018-07-31 11:15:00,0.26
2018-07-31 11:30:00,0.46
2018-07-31 11:45:00,0.0
2018-07-31 12:00:00,0.0
2018-07-31 12:15:00,0.0
2018-07-31 12:30:00,0.2
2018-07-31 12:45:00,0.0
2018-07-31 13:00:00,0.0
2018-07-31 13:15:00,0.0
2018-07-31 13:30:00,0.0
2018-07-31 13:45:00,0.0
2018-07-31 14:00:00,0.0
2018-07-31 14:15:00,0.0
2018-07-31 14:30:00,0.0
2018-07-31 14:45:00,0.0
2018-07-31 15:00:00,0.0
2018-07-31 15:15:00,0.0
2018-07-31 15:30:00,0.0
2018-07-31 15:45:00,0.0
2018-07-31 16:00:00,0.59
2018-07-31 16:15:00,4.6
2018-07-31 16:30:00,10.0
2018-07-31 16:45:00,19.41
2018-07-31 17:00:00,21.119999
2018-07-31 17:15:00,19.75
2018-07-31 17:30:00,18.16
2018-07-31 17:45:00,18.029999
2018-07-31 18:00:00,29.349998
2018-07-31 18:15:00,36.65
2018-07-31 18:30:00,54.489998
2018-07-31 18:45:00,61.13
2018-07-31 19:00:00,51.53
2018-07-31 19:15:00,58.83
2018-07-31 19:30:00,41.78
2018-07-31 19:45:00,40.809998
2018-07-31 20:00:00,36.59
2018-07-31 20:15:00,45.93
2018-07-31 20:30:00,42.510002
2018-07-31 20:45:00,42.78
2018-07-31 21:00:00,52.26
2018-07-31 21:15:00,55.87
2018-07-31 21:30:00,52.190002
2018-07-31 21:45:00,53.17
2018-07-31 22:00:00,53.84
2018-07-31 22:15:00,62.980003
2018-07-31 22:30:00,72.46
2018-07-31 22:45:00,60.15
2018-07-31 23:00:00,62.120003
2018-07-31 23:15:00,71.869995
2018-07-31 23:30:00,67.0
2018-07-31 23:45:00,63.9
2018-08-01 00:00:00,71.53999
2018-08-01 00:15:00,73.71001
2018-08-01 00:30:00,69.36
2018-08-01 00:45:00,59.36
2018-08-01 01:00:00,59.22
2018-08-01 01:15:00,54.3
2018-08-01 01:30:00,50.089996
2018-08-01 01:45:00,41.33
2018-08-01 02:00:00,47.120003
2018-08-01 02:15:00,51.989998
2018-08-01 02:30:00,48.629997
2018-08-01 02:45:00,42.25
2018-08-01 03:00:00,38.5
2018-08-01 03:15:00,29.48
2018-08-01 03:30:00,23.23
2018-08-01 03:45:00,24.16
2018-08-01 04:00:00,24.349998
2018-08-01 04:15:00,22.84
2018-08-01 04:30:00,23.029999
2018-08-01 04:45:00,26.52
2018-08-01 05:01:00,24.15
2018-08-01 05:15:00,24.880001
2018-08-01 05:30:00,23.82
2018-08-01 05:45:00,22.96
2018-08-01 06:00:00,24.279999
2018-08-01 06:15:00,26.98
2018-08-01 06:30:00,29.02
2018-08-01 06:45:00,33.3
2018-08-01 07:00:00,27.119999
2018-08-01 07:15:00,22.11
2018-08-01 07:30:00,21.98
2018-08-01 07:45:00,27.83
2018-08-01 08:00:00,25.27
2018-08-01 08:15:00,16.58
2018-08-01 08:30:00,14.809999
2018-08-01 08:45:00,8.23
2018-08-01 09:00:00,7.38
2018-08-01 09:15:00,4.61
2018-08-01 09:30:00,1.3800001
2018-08-01 09:45:00,0.98
2018-08-01 10:00:00,1.44
2018-08-01 10:15:00,1.1800001
2018-08-01 10:30:00,1.98
2018-08-01 10:45:00,2.3
2018-08-01 11:00:00,1.97
2018-08-01 11:15:00,0.46
2018-08-01 11:30:00,0.26
2018-08-01 11:45:00,0.86
2018-08-01 12:00:00,1.71
2018-08-01 12:15:00,0.66
2018-08-01 12:30:00,1.97
2018-08-01 12:45:00,1.91
2018-08-01 13:00:00,1.91
2018-08-01 13:15:00,1.19
2018-08-01 13:30:00,0.0
2018-08-01 13:45:00,0.0
2018-08-01 14:00:00,1.38
2018-08-01 14:15:00,2.04
2018-08-01 14:30:00,2.5700002
2018-08-01 14:45:00,6.9100003
2018-08-01 15:00:00,4.8
2018-08-01 15:15:00,1.97
2018-08-01 15:30:00,0.0
2018-08-01 15:45:00,0.0
2018-08-01 16:00:00,0.0
2018-08-01 16:15:00,0.0
2018-08-01 16:30:00,0.0
2018-08-01 16:45:00,0.0
2018-08-01 17:00:00,0.0
2018-08-01 17:15:00,0.0
2018-08-01 17:30:00,0.0
2018-08-01 17:45:00,0.0
2018-08-01 18:00:00,0.0
2018-08-01 18:15:00,0.0
2018-08-01 18:30:00,0.0
2018-08-01 18:45:00,0.0
2018-08-01 19:00:00,0.0
2018-08-01 19:15:00,0.0
2018-08-01 19:30:00,0.0
2018-08-01 19:45:00,0.0
2018-08-01 20:00:00,0.0
2018-08-01 20:15:00,0.0
2018-08-01 20:30:00,0.0
2018-08-01 20:45:00,0.0
2018-08-01 21:00:00,0.0
2018-08-01 21:15:00,0.0
2018-08-01 21:30:00,0.0
2018-08-01 21:45:00,0.59
2018-08-01 22:00:00,0.13
2018-08-01 22:15:00,0.0
2018-08-01 22:30:00,0.0
2018-08-01 22:45:00,0.0
2018-08-01 23:00:00,0.0
2018-08-01 23:15:00,4.47
2018-08-01 23:30:00,9.61
2018-08-01 23:45:00,25.529999
2018-08-02 00:00:00,31.07
2018-08-02 00:15:00,36.6
2018-08-02 00:30:00,37.38
2018-08-02 00:45:00,31.85
2018-08-02 01:00:00,27.11
2018-08-02 01:15:00,25.599998
2018-08-02 01:30:00,21.91
2018-08-02 01:45:00,23.23
2018-08-02 02:00:00,25.8
2018-08-02 02:15:00,35.41
2018-08-02 02:30:00,37.71
2018-08-02 02:45:00,47.25
2018-08-02 03:00:00,44.16
2018-08-02 03:15:00,50.15
2018-08-02 03:30:00,54.88
2018-08-02 03:45:00,52.059998
2018-08-02 04:00:00,56.79
2018-08-02 04:15:00,62.66
2018-08-02 04:30:00,53.510002
2018-08-02 04:45:00,56.73
2018-08-02 05:00:00,48.43
2018-08-02 05:15:00,64.3
2018-08-02 05:30:00,64.229996
2018-08-02 05:45:00,62.059998
2018-08-02 06:00:00,60.879997
2018-08-02 06:15:00,67.13
2018-08-02 06:30:00,71.34
2018-08-02 06:45:00,81.28
2018-08-02 07:00:00,107.99
2018-08-02 07:15:00,135.24
2018-08-02 07:30:00,141.23
2018-08-02 07:45:00,149.98001
2018-08-02 08:00:00,144.91
2018-08-02 08:15:00,141.48999
2018-08-02 08:30:00,143.26999
2018-08-02 08:45:00,151.23999
2018-08-02 09:00:00,169.53
2018-08-02 09:15:00,171.11
2018-08-02 09:30:00,167.75
2018-08-02 09:45:00,143.27
2018-08-02 10:00:00,148.79999
2018-08-02 10:15:00,153.73
2018-08-02 10:30:00,151.17
2018-08-02 10:45:00,158.67
2018-08-02 11:00:00,153.72998
2018-08-02 11:15:00,155.44
2018-08-02 11:30:00,147.87
2018-08-02 11:45:00,134.78
2018-08-02 12:00:00,113.72
2018-08-02 12:15:00,99.7
2018-08-02 12:30:00,27.710001
2018-08-02 12:45:00,0.0
2018-08-02 13:00:00,0.0
2018-08-02 13:15:00,0.0
2018-08-02 13:30:00,0.0
2018-08-02 13:45:00,0.0
2018-08-02 14:00:00,0.0
2018-08-02 14:15:00,0.0
2018-08-02 14:30:00,0.99
2018-08-02 14:45:00,1.32
2018-08-02 15:00:00,0.0
2018-08-02 15:15:00,0.0
2018-08-02 15:30:00,5.32
2018-08-02 15:45:00,25.73
2018-08-02 16:00:00,11.65
2018-08-02 16:15:00,9.8
2018-08-02 16:30:00,13.43
2018-08-02 16:45:00,8.03
2018-08-02 17:00:00,12.24
2018-08-02 17:15:00,11.25
2018-08-02 17:30:00,22.24
2018-08-02 17:45:00,21.32
2018-08-02 18:00:00,23.619999
2018-08-02 18:15:00,14.55
2018-08-02 18:30:00,11.71
2018-08-02 18:45:00,11.65
2018-08-02 19:00:00,17.11
2018-08-02 19:15:00,19.61
2018-08-02 19:30:00,18.630001
2018-08-02 19:45:00,15.79
2018-08-02 20:00:00,21.849998
2018-08-02 20:15:00,25.869999
2018-08-02 20:30:00,22.57
2018-08-02 20:45:00,20.92
2018-08-02 21:00:00,28.029999
2018-08-02 21:15:00,22.51
2018-08-02 21:30:00,18.960001
2018-08-02 21:45:00,17.97
2018-08-02 22:00:00,16.05
2018-08-02 22:15:00,15.469999
2018-08-02 22:30:00,16.51
2018-08-02 22:45:00,20.080002
2018-08-02 23:00:00,25.2
2018-08-02 23:15:00,19.02
2018-08-02 23:30:00,14.87
2018-08-02 23:45:00,11.71
2018-08-03 00:00:00,22.9
2018-08-03 00:15:00,22.439999
2018-08-03 00:30:00,26.45
2018-08-03 00:45:00,21.52
2018-08-03 01:00:00,28.43
2018-08-03 01:15:00,41.0
2018-08-03 01:30:00,26.91
2018-08-03 01:45:00,27.7
2018-08-03 02:00:00,44.22
2018-08-03 02:15:00,51.14
2018-08-03 02:30:00,55.54
2018-08-03 02:45:00,54.16
2018-08-03 03:00:00,65.15
2018-08-03 03:15:00,64.82
2018-08-03 03:30:00,73.11
2018-08-03 03:45:00,64.29
2018-08-03 04:00:00,75.56
2018-08-03 04:15:00,80.03
2018-08-03 04:30:00,80.619995
2018-08-03 04:45:00,80.56
2018-08-03 05:00:00,77.66
2018-08-03 05:15:00,81.67
2018-08-03 05:30:00,90.03
2018-08-03 05:45:00,106.95
2018-08-03 06:00:00,129.38
2018-08-03 06:15:00,117.740005
2018-08-03 06:30:00,126.75
2018-08-03 06:45:00,118.4
2018-08-03 07:00:00,130.31
2018-08-03 07:15:00,140.69998
2018-08-03 07:30:00,134.59
2018-08-03 07:45:00,128.13
2018-08-03 08:00:00,113.45
2018-08-03 08:15:00,102.14
2018-08-03 08:30:00,114.31
2018-08-03 08:45:00,123.520004
2018-08-03 09:00:00,128.33
2018-08-03 09:15:00,134.51999
2018-08-03 09:30:00,138.0
2018-08-03 09:45:00,147.68
2018-08-03 10:00:00,160.58
2018-08-03 10:15:00,149.90999
2018-08-03 10:30:00,154.4
2018-08-03 10:45:00,145.57
2018-08-03 11:00:00,131.55
2018-08-03 11:15:00,120.43
2018-08-03 11:30:00,113.79
2018-08-03 11:45:00,114.45
2018-08-03 12:00:00,127.01
2018-08-03 12:15:00,125.759995
2018-08-03 12:30:00,124.06
2018-08-03 12:45:00,127.07999
2018-08-03 13:00:00,118.72
2018-08-03 13:15:00,128.4
2018-08-03 13:30:00,111.740005
2018-08-03 13:45:00,114.97
2018-08-03 14:00:00,127.81
2018-08-03 14:15:00,135.57
2018-08-03 14:30:00,137.08
2018-08-03 14:45:00,136.63
2018-08-03 15:00:00,119.909996
2018-08-03 15:15:00,126.090004
2018-08-03 15:30:00,103.39
2018-08-03 15:45:00,115.3
2018-08-03 16:00:00,115.57
2018-08-03 16:15:00,111.62
2018-08-03 16:30:00,118.130005
2018-08-03 16:45:00,123.46001
2018-08-03 17:00:00,114.9
2018-08-03 17:15:00,111.95
2018-08-03 17:30:00,93.119995
2018-08-03 17:45:00,92.0
2018-08-03 18:00:00,93.58
2018-08-03 18:15:00,107.869995
2018-08-03 18:30:00,89.3
2018-08-03 18:45:00,76.81
2018-08-03 19:00:00,73.58
2018-08-03 19:15:00,62.519997
2018-08-03 19:30:00,62.91
2018-08-03 19:45:00,70.42
2018-08-03 20:00:00,68.97
2018-08-03 20:15:00,64.5
2018-08-03 20:30:00,66.270004
2018-08-03 20:45:00,63.91
2018-08-03 21:00:00,62.52
2018-08-03 21:15:00,50.61
2018-08-03 21:30:00,61.33
2018-08-03 21:45:00,60.21
2018-08-03 22:00:00,77.92
2018-08-03 22:15:00,68.25
2018-08-03 22:30:00,50.35
2018-08-03 22:45:00,56.66
2018-08-03 23:00:00,53.309998
2018-08-03 23:15:00,52.98
2018-08-03 23:30:00,68.84
2018-08-03 23:45:00,46.79
2018-08-04 00:00:00,46.0
2018-08-04 00:15:00,51.339996
2018-08-04 00:30:00,46.53
2018-08-04 00:45:00,44.62
2018-08-04 01:00:00,54.16
2018-08-04 01:15:00,75.94
2018-08-04 01:30:00,53.04
2018-08-04 01:45:00,46.66
2018-08-04 02:00:00,46.72
2018-08-04 02:15:00,48.77
2018-08-04 02:30:00,56.67
2018-08-04 02:45:00,55.54
2018-08-04 03:00:00,71.14
2018-08-04 03:15:00,109.25
2018-08-04 03:30:00,108.259995
2018-08-04 03:45:00,112.73
2018-08-04 04:00:00,124.71001
2018-08-04 04:15:00,122.479996
2018-08-04 04:30:00,123.92
2018-08-04 04:45:00,141.29001
2018-08-04 05:00:00,145.31
2018-08-04 05:15:00,155.9
2018-08-04 05:30:00,166.29999
2018-08-04 05:45:00,176.95999
2018-08-04 06:00:00,188.09
2018-08-04 06:15:00,182.5
2018-08-04 06:30:00,174.14
2018-08-04 06:45:00,159.79001
2018-08-04 07:00:00,152.23001
2018-08-04 07:15:00,154.0
2018-08-04 07:30:00,156.63
2018-08-04 07:45:00,146.56
2018-08-04 08:00:00,139.06
2018-08-04 08:15:00,128.92
2018-08-04 08:30:00,128.34
2018-08-04 08:45:00,117.08
2018-08-04 09:00:00,95.49
2018-08-04 09:15:00,94.509995
2018-08-04 09:30:00,82.93
2018-08-04 09:45:00,56.27
2018-08-04 10:00:00,49.43
2018-08-04 10:15:00,61.53
2018-08-04 10:30:00,66.009995
2018-08-04 10:45:00,72.73
2018-08-04 11:00:00,72.72
2018-08-04 11:15:00,98.979996
2018-08-04 11:30:00,106.09
2018-08-04 11:45:00,109.9
2018-08-04 12:00:00,106.87
2018-08-04 12:15:00,104.83
2018-08-04 12:30:00,94.57
2018-08-04 12:45:00,105.100006
2018-08-04 13:00:00,114.509995
2018-08-04 13:15:00,109.05
2018-08-04 13:30:00,117.600006
2018-08-04 13:45:00,119.32
2018-08-04 14:00:00,135.64
2018-08-04 14:15:00,146.23001
2018-08-04 14:30:00,140.11
2018-08-04 14:45:00,149.98
2018-08-04 15:00:00,163.73999
2018-08-04 15:15:00,170.52
2018-08-04 15:30:00,167.95001
2018-08-04 15:45:00,152.41
2018-08-04 16:00:00,137.34
2018-08-04 16:15:00,119.58
2018-08-04 16:30:00,115.3
2018-08-04 16:45:00,109.509995
2018-08-04 17:00:00,99.17
2018-08-04 17:15:00,85.81
2018-08-04 17:30:00,78.119995
2018-08-04 17:45:00,76.67
2018-08-04 18:00:00,76.74
2018-08-04 18:15:00,66.729996
2018-08-04 18:30:00,70.350006
2018-08-04 18:45:00,61.33
2018-08-04 19:00:00,54.42
2018-08-04 19:15:00,47.32
2018-08-04 19:30:00,64.95
2018-08-04 19:45:00,57.52
2018-08-04 20:00:00,65.09
2018-08-04 20:15:00,38.5
2018-08-04 20:30:00,35.6
2018-08-04 20:45:00,40.6
2018-08-04 21:00:00,48.18
2018-08-04 21:15:00,49.620003
2018-08-04 21:30:00,40.35
2018-08-04 21:45:00,35.6
2018-08-04 22:00:00,34.35
2018-08-04 22:15:00,42.98
2018-08-04 22:30:00,41.260002
2018-08-04 22:45:00,49.82
2018-08-04 23:00:00,52.25
2018-08-04 23:15:00,68.97
2018-08-04 23:30:00,63.31
2018-08-04 23:45:00,67.119995
2018-08-05 00:00:00,57.32
2018-08-05 00:15:00,56.86
2018-08-05 00:30:00,51.66
2018-08-05 00:45:00,45.870003
2018-08-05 01:00:00,33.56
2018-08-05 01:15:00,24.15
2018-08-05 01:30:00,21.060001
2018-08-05 01:45:00,21.130001
2018-08-05 02:00:00,19.15
2018-08-05 02:15:00,20.14
2018-08-05 02:30:00,18.82
2018-08-05 02:45:00,23.3
2018-08-05 03:00:00,30.8
2018-08-05 03:15:00,28.63
2018-08-05 03:30:00,23.43
2018-08-05 03:45:00,23.56
2018-08-05 04:00:00,40.28
2018-08-05 04:15:00,36.0
2018-08-05 04:30:00,40.47
2018-08-05 04:45:00,36.33
2018-08-05 05:00:00,37.32
2018-08-05 05:15:00,35.47
2018-08-05 05:30:00,40.54
2018-08-05 05:45:00,40.47
2018-08-05 06:00:00,49.03
2018-08-05 06:15:00,60.35
2018-08-05 06:30:00,68.9
2018-08-05 06:45:00,60.15
2018-08-05 07:00:00,57.45
2018-08-05 07:15:00,88.59
2018-08-05 07:30:00,111.94
2018-08-05 07:45:00,103.45
2018-08-05 08:00:00,100.82001
2018-08-05 08:15:00,96.08
2018-08-05 08:30:00,106.15
2018-08-05 08:45:00,96.41
2018-08-05 09:00:00,100.75
2018-08-05 09:15:00,110.24
2018-08-05 09:30:00,113.520004
2018-08-05 09:45:00,115.5
2018-08-05 10:00:00,123.53
2018-08-05 10:15:00,124.45
2018-08-05 10:30:00,119.51
2018-08-05 10:45:00,122.479996
2018-08-05 11:00:00,115.17
2018-08-05 11:15:00,121.42
2018-08-05 11:30:00,126.880005
2018-08-05 11:45:00,121.29
2018-08-05 12:00:00,112.8
2018-08-05 12:15:00,112.990005
2018-08-05 12:30:00,113.99
2018-08-05 12:45:00,97.8
2018-08-05 13:00:00,90.69
2018-08-05 13:15:00,70.02
2018-08-05 13:30:00,70.95
2018-08-05 13:45:00,78.18
2018-08-05 14:00:00,78.78
2018-08-05 14:15:00,81.34
2018-08-05 14:30:00,103.46
2018-08-05 14:45:00,99.96001
2018-08-05 15:00:00,112.28
2018-08-05 15:15:00,129.32
2018-08-05 15:30:00,125.83
2018-08-05 15:45:00,125.83
2018-08-05 16:00:00,110.0
2018-08-05 16:15:00,105.0
2018-08-05 16:30:00,85.0
2018-08-05 16:45:00,85.0
2018-08-05 17:00:00,42.5
2018-08-05 17:15:00,0.0
2018-08-05 17:30:00,96.0
2018-08-05 17:45:00,87.0
2018-08-05 18:00:00,94.44
2018-08-05 18:15:00,92.26
2018-08-05 18:30:00,102.8
2018-08-05 18:45:00,105.82
2018-08-05 19:00:00,94.96
2018-08-05 19:15:00,119.32
2018-08-05 19:30:00,101.479996
2018-08-05 19:45:00,102.07001
2018-08-05 20:00:00,78.91
2018-08-05 20:15:00,82.92
2018-08-05 20:30:00,74.630005
2018-08-05 20:45:00,89.7
2018-08-05 21:00:00,75.75
2018-08-05 21:15:00,77.19
2018-08-05 21:30:00,100.1
2018-08-05 21:45:00,81.54
2018-08-05 22:00:00,101.41
2018-08-05 22:15:00,60.35
2018-08-05 22:30:00,89.17
2018-08-05 22:45:00,89.9
2018-08-05 23:00:00,84.1
2018-08-05 23:15:00,81.34
2018-08-05 23:30:00,72.92
2018-08-05 23:45:00,84.7
2018-08-06 00:00:00,81.41
2018-08-06 00:15:00,86.54
2018-08-06 00:30:00,66.270004
2018-08-06 00:45:00,82.520004
2018-08-06 01:00:00,55.29
2018-08-06 01:15:00,103.72
2018-08-06 01:30:00,138.86
2018-08-06 01:45:00,116.95
2018-08-06 02:00:00,112.28
2018-08-06 02:15:00,123.86
2018-08-06 02:30:00,129.38
2018-08-06 02:45:00,117.009995
2018-08-06 03:00:00,99.31
2018-08-06 03:15:00,99.369995
2018-08-06 03:30:00,86.28
2018-08-06 03:45:00,87.66
2018-08-06 04:00:00,91.28
2018-08-06 04:15:00,100.229996
2018-08-06 04:30:00,99.57
2018-08-06 04:45:00,97.33
2018-08-06 05:00:00,86.28
2018-08-06 05:15:00,71.21
2018-08-06 05:30:00,62.129997
2018-08-06 05:45:00,74.56
2018-08-06 06:00:00,69.83
2018-08-06 06:15:00,77.979996
2018-08-06 06:30:00,78.64
2018-08-06 06:45:00,102.990005
2018-08-06 07:00:00,85.49
2018-08-06 07:15:00,88.32
2018-08-06 07:30:00,93.12
2018-08-06 07:45:00,86.740005
2018-08-06 08:00:00,91.67
2018-08-06 08:15:00,84.96001
2018-08-06 08:30:00,81.87
2018-08-06 08:45:00,84.37
2018-08-06 09:00:00,90.490005
2018-08-06 09:15:00,106.07
2018-08-06 09:30:00,102.39
2018-08-06 09:45:00,85.32
2018-08-06 10:00:00,81.11
2018-08-06 10:15:00,98.41
2018-08-06 10:30:00,100.85
2018-08-06 10:45:00,95.990005
2018-08-06 11:00:00,98.54
2018-08-06 11:15:00,97.490005
2018-08-06 11:30:00,95.84
2018-08-06 11:45:00,85.82
2018-08-06 12:00:00,85.36
2018-08-06 12:15:00,71.729996
2018-08-06 12:30:00,67.18
2018-08-06 12:45:00,57.77
2018-08-06 13:00:00,53.1
2018-08-06 13:15:00,42.61
2018-08-06 13:30:00,50.77
2018-08-06 13:45:00,58.6
2018-08-06 14:00:00,79.0
2018-08-06 14:15:00,88.0
2018-08-06 14:30:00,95.2
2018-08-06 14:45:00,83.68
2018-08-06 15:00:00,65.479996
2018-08-06 15:15:00,54.690002
2018-08-06 15:30:00,50.48
2018-08-06 15:45:00,47.98
2018-08-06 16:00:00,48.440002
2018-08-06 16:15:00,59.16
2018-08-06 16:30:00,54.89
2018-08-06 16:45:00,45.41
2018-08-06 17:00:00,38.5
2018-08-06 17:15:00,39.16
2018-08-06 17:30:00,38.629997
2018-08-06 17:45:00,54.95
2018-08-06 18:00:00,54.559998
2018-08-06 18:15:00,57.52
2018-08-06 18:30:00,54.69
2018-08-06 18:45:00,58.97
2018-08-06 19:00:00,56.86
2018-08-06 19:15:00,64.5
2018-08-06 19:30:00,58.84
2018-08-06 19:45:00,48.370003
2018-08-06 20:00:00,49.29
2018-08-06 20:15:00,49.35
2018-08-06 20:30:00,50.739998
2018-08-06 20:45:00,43.440002
2018-08-06 21:00:00,53.05
2018-08-06 21:15:00,49.16
2018-08-06 21:30:00,47.71
2018-08-06 21:45:00,56.33
2018-08-06 22:00:00,52.65
2018-08-06 22:15:00,53.769997
2018-08-06 22:30:00,53.58
2018-08-06 22:45:00,57.72
2018-08-06 23:00:00,55.809998
2018-08-06 23:15:00,53.9
2018-08-06 23:30:00,53.97
2018-08-06 23:45:00,50.809998
2018-08-07 00:00:00,46.199997
2018-08-07 00:15:00,48.96
2018-08-07 00:30:00,51.53
2018-08-07 00:45:00,51.86
2018-08-07 01:00:00,37.97
2018-08-07 01:15:00,42.32
2018-08-07 01:30:00,34.61
2018-08-07 01:45:00,30.14
2018-08-07 02:00:00,31.07
2018-08-07 02:15:00,31.59
2018-08-07 02:30:00,25.14
2018-08-07 02:45:00,22.12
2018-08-07 03:00:00,19.68
2018-08-07 03:15:00,19.02
2018-08-07 03:30:00,18.36
2018-08-07 03:45:00,27.57
2018-08-07 04:00:00,35.21
2018-08-07 04:15:00,57.059998
2018-08-07 04:30:00,53.239998
2018-08-07 04:45:00,54.42
2018-08-07 05:00:00,70.75
2018-08-07 05:15:00,82.6
2018-08-07 05:30:00,89.899994
2018-08-07 05:45:00,88.84
2018-08-07 06:00:00,96.14
2018-08-07 06:15:00,119.84
2018-08-07 06:30:00,115.17
2018-08-07 06:45:00,102.270004
2018-08-07 07:00:00,95.88
2018-08-07 07:15:00,107.34
2018-08-07 07:30:00,95.42
2018-08-07 07:45:00,99.84
2018-08-07 08:00:00,94.44
2018-08-07 08:15:00,92.53
2018-08-07 08:30:00,88.65
2018-08-07 08:45:00,77.53
2018-08-07 09:00:00,82.46
2018-08-07 09:15:00,78.32
2018-08-07 09:30:00,67.45
2018-08-07 09:45:00,63.96
2018-08-07 10:00:00,66.93
2018-08-07 10:15:00,42.85
2018-08-07 10:30:00,40.739998
2018-08-07 10:45:00,36.79
2018-08-07 11:00:00,27.439999
2018-08-07 11:15:00,26.33
2018-08-07 11:30:00,20.34
2018-08-07 11:45:00,15.13
2018-08-07 12:00:00,16.0
2018-08-07 12:15:00,17.25
2018-08-07 12:30:00,15.7300005
2018-08-07 12:45:00,12.110001
2018-08-07 13:00:00,15.93
2018-08-07 13:15:00,15.34
2018-08-07 13:30:00,14.61
2018-08-07 13:45:00,15.79
2018-08-07 14:00:00,26.79
2018-08-07 14:15:00,35.67
2018-08-07 14:30:00,31.73
2018-08-07 14:45:00,32.91
2018-08-07 15:00:00,29.68
2018-08-07 15:15:00,24.41
2018-08-07 15:30:00,21.58
2018-08-07 15:45:00,12.96
2018-08-07 16:00:00,13.76
2018-08-07 16:15:00,12.89
2018-08-07 16:30:00,14.94
2018-08-07 16:45:00,18.89
2018-08-07 17:00:00,20.14
2018-08-07 17:15:00,20.34
2018-08-07 17:30:00,18.3
2018-08-07 17:45:00,14.22
2018-08-07 18:00:00,23.56
2018-08-07 18:15:00,26.720001
2018-08-07 18:30:00,31.39
2018-08-07 18:45:00,32.25
2018-08-07 19:00:00,39.16
2018-08-07 19:15:00,40.21
2018-08-07 19:30:00,36.260002
2018-08-07 19:45:00,32.57
2018-08-07 20:00:00,28.619999
2018-08-07 20:15:00,20.92
2018-08-07 20:30:00,23.75
2018-08-07 20:45:00,16.45
2018-08-07 21:00:00,15.0
2018-08-07 21:15:00,18.880001
2018-08-07 21:30:00,22.7
2018-08-07 21:45:00,24.15
2018-08-07 22:00:00,22.24
2018-08-07 22:15:00,16.98
2018-08-07 22:30:00,14.349999
2018-08-07 22:45:00,17.83
2018-08-07 23:00:00,22.77
2018-08-07 23:15:00,22.31
2018-08-07 23:30:00,14.280001
2018-08-07 23:45:00,18.49
2018-08-08 00:00:00,32.18
2018-08-08 00:15:00,26.59
2018-08-08 00:30:00,20.21
2018-08-08 00:45:00,24.939999
2018-08-08 01:00:00,23.76
2018-08-08 01:15:00,20.79
2018-08-08 01:30:00,18.029999
2018-08-08 01:45:00,23.689999
2018-08-08 02:00:00,20.8
2018-08-08 02:15:00,22.5
2018-08-08 02:30:00,23.3
2018-08-08 02:45:00,23.23
2018-08-08 03:00:00,26.52
2018-08-08 03:15:00,28.89
2018-08-08 03:30:00,45.41
2018-08-08 03:45:00,64.43
2018-08-08 04:00:00,72.130005
2018-08-08 04:15:00,83.72
2018-08-08 04:30:00,94.240005
2018-08-08 04:45:00,97.99
2018-08-08 05:00:00,98.91
2018-08-08 05:15:00,92.990005
2018-08-08 05:30:00,91.020004
2018-08-08 05:45:00,88.91
2018-08-08 06:00:00,81.53999
2018-08-08 06:15:00,83.520004
2018-08-08 06:30:00,82.259995
2018-08-08 06:45:00,81.61
2018-08-08 07:00:00,78.899994
2018-08-08 07:15:00,84.369995
2018-08-08 07:30:00,70.479996
2018-08-08 07:45:00,74.100006
2018-08-08 08:00:00,77.66
2018-08-08 08:15:00,76.61
2018-08-08 08:30:00,72.66
2018-08-08 08:45:00,71.41
2018-08-08 09:00:00,80.42
2018-08-08 09:15:00,89.97
2018-08-08 09:30:00,85.490005
2018-08-08 09:45:00,81.08
2018-08-08 10:00:00,92.93
2018-08-08 10:15:00,100.17
2018-08-08 10:30:00,112.2
2018-08-08 10:45:00,127.94
2018-08-08 11:00:00,133.79001
2018-08-08 11:15:00,142.29
2018-08-08 11:30:00,129.70999
2018-08-08 11:45:00,132.48
2018-08-08 12:00:00,119.78
2018-08-08 12:15:00,106.020004
2018-08-08 12:30:00,88.58
2018-08-08 12:45:00,75.35
2018-08-08 13:00:00,74.03
2018-08-08 13:15:00,92.33
2018-08-08 13:30:00,94.240005
2018-08-08 13:45:00,87.72
2018-08-08 14:00:00,97.93
2018-08-08 14:15:00,101.22
2018-08-08 14:30:00,90.1
2018-08-08 14:45:00,87.07
2018-08-08 15:00:00,77.72
2018-08-08 15:15:00,69.5
2018-08-08 15:30:00,68.78
2018-08-08 15:45:00,64.1
2018-08-08 16:00:00,46.14
2018-08-08 16:15:00,25.0
2018-08-08 16:30:00,7.57
2018-08-08 16:45:00,0.0
2018-08-08 17:00:00,0.0
2018-08-08 17:15:00,0.0
2018-08-08 17:30:00,0.0
2018-08-08 17:45:00,0.0
2018-08-08 18:00:00,7.83
2018-08-08 18:15:00,73.58
2018-08-08 18:30:00,36.519997
2018-08-08 18:45:00,5.27
2018-08-08 19:00:00,3.5500002
2018-08-08 19:15:00,13.55
2018-08-08 19:30:00,3.6200001
2018-08-08 19:45:00,0.66
2018-08-08 20:00:00,0.0
2018-08-08 20:15:00,0.0
2018-08-08 20:30:00,0.0
2018-08-08 20:45:00,0.0
2018-08-08 21:00:00,0.0
2018-08-08 21:15:00,0.0
2018-08-08 21:30:00,0.0
2018-08-08 21:45:00,0.0
2018-08-08 22:00:00,0.0
2018-08-08 22:15:00,0.0
2018-08-08 22:30:00,0.0
2018-08-08 22:45:00,0.0
2018-08-08 23:00:00,0.0
2018-08-08 23:15:00,0.0
2018-08-08 23:30:00,2.7
2018-08-08 23:45:00,0.0
2018-08-09 00:00:00,0.0
2018-08-09 00:15:00,0.0
2018-08-09 00:30:00,0.26
2018-08-09 00:45:00,1.91
2018-08-09 01:00:00,17.76
2018-08-09 01:15:00,25.599998
2018-08-09 01:30:00,29.349998
2018-08-09 01:45:00,23.17
2018-08-09 02:00:00,15.73
2018-08-09 02:15:00,16.26
2018-08-09 02:30:00,20.07
2018-08-09 02:45:00,12.04
2018-08-09 03:00:00,13.950001
2018-08-09 03:15:00,11.26
2018-08-09 03:30:00,11.58
2018-08-09 03:45:00,10.860001
2018-08-09 04:00:00,20.21
2018-08-09 04:15:00,18.16
2018-08-09 04:30:00,25.73
2018-08-09 04:45:00,35.6
2018-08-09 05:00:00,68.770004
2018-08-09 05:15:00,81.54
2018-08-09 05:30:00,99.17
2018-08-09 05:45:00,73.119995
2018-08-09 06:00:00,58.17
2018-08-09 06:15:00,48.370003
2018-08-09 06:30:00,44.36
2018-08-09 06:45:00,47.72
2018-08-09 07:00:00,30.07
2018-08-09 07:15:00,18.89
2018-08-09 07:30:00,9.15
2018-08-09 07:45:00,15.46
2018-08-09 08:00:00,46.0
2018-08-09 08:15:00,59.23
2018-08-09 08:30:00,54.489998
2018-08-09 08:45:00,63.239998
2018-08-09 09:00:00,50.68
2018-08-09 09:15:00,29.09
2018-08-09 09:30:00,30.01
2018-08-09 09:45:00,26.65
2018-08-09 10:00:00,32.309998
2018-08-09 10:15:00,20.47
2018-08-09 10:30:00,12.440001
2018-08-09 10:45:00,7.77
2018-08-09 11:00:00,4.41
2018-08-09 11:15:00,6.39
2018-08-09 11:30:00,14.610001
2018-08-09 11:45:00,32.65
2018-08-09 12:00:00,15.209999
2018-08-09 12:15:00,10.73
2018-08-09 12:30:00,49.3
2018-08-09 12:45:00,66.67
2018-08-09 13:00:00,57.98
2018-08-09 13:15:00,32.64
2018-08-09 13:30:00,12.04
2018-08-09 13:45:00,0.0
2018-08-09 14:00:00,0.0
2018-08-09 14:15:00,0.0
2018-08-09 14:30:00,0.0
2018-08-09 14:45:00,0.0
2018-08-09 15:00:00,1.25
2018-08-09 15:15:00,12.37
2018-08-09 15:30:00,22.77
2018-08-09 15:45:00,40.02
2018-08-09 16:00:00,30.869999
2018-08-09 16:15:00,24.09
2018-08-09 16:30:00,32.38
2018-08-09 16:45:00,36.59
2018-08-09 17:00:00,24.02
2018-08-09 17:15:00,6.59
2018-08-09 17:30:00,1.05
2018-08-09 17:45:00,0.26
2018-08-09 18:00:00,0.0
2018-08-09 18:15:00,0.59
2018-08-09 18:30:00,0.0
2018-08-09 18:45:00,0.0
2018-08-09 19:00:00,0.0
2018-08-09 19:15:00,0.0
2018-08-09 19:30:00,0.0
2018-08-09 19:45:00,0.0
2018-08-09 20:00:00,0.0
2018-08-09 20:15:00,0.0
2018-08-09 20:30:00,0.0
2018-08-09 20:45:00,0.0
2018-08-09 21:00:00,1.05
2018-08-09 21:15:00,0.26
2018-08-09 21:30:00,0.0
2018-08-09 21:45:00,0.0
2018-08-09 22:00:00,0.0
2018-08-09 22:15:00,0.0
2018-08-09 22:30:00,0.0
2018-08-09 22:45:00,0.0
2018-08-09 23:00:00,0.0
2018-08-09 23:15:00,0.0
2018-08-09 23:30:00,0.0
2018-08-09 23:45:00,0.0
2018-08-10 00:00:00,0.0
2018-08-10 00:15:00,0.0
2018-08-10 00:30:00,0.0
2018-08-10 00:45:00,0.0
2018-08-10 01:00:00,0.0
2018-08-10 01:15:00,0.0
2018-08-10 01:30:00,0.0
2018-08-10 01:45:00,0.0
2018-08-10 02:00:00,0.0
2018-08-10 02:15:00,0.0
2018-08-10 02:30:00,1.91
2018-08-10 02:45:00,1.25
2018-08-10 03:00:00,1.91
2018-08-10 03:15:00,6.51
2018-08-10 03:30:00,3.62
2018-08-10 03:45:00,1.58
2018-08-10 04:00:00,1.38
2018-08-10 04:15:00,1.05
2018-08-10 04:30:00,0.0
2018-08-10 04:45:00,1.05
2018-08-10 05:00:00,2.44
2018-08-10 05:15:00,2.4399998
2018-08-10 05:30:00,6.25
2018-08-10 05:45:00,30.74
2018-08-10 06:00:00,27.310001
2018-08-10 06:15:00,16.91
2018-08-10 06:30:00,5.99
2018-08-10 06:45:00,2.83
2018-08-10 07:00:00,7.37
2018-08-10 07:15:00,4.21
2018-08-10 07:30:00,0.0
2018-08-10 07:45:00,0.86
2018-08-10 08:00:00,0.0
2018-08-10 08:15:00,0.0
2018-08-10 08:30:00,0.0
2018-08-10 08:45:00,0.0
2018-08-10 09:00:00,0.0
2018-08-10 09:15:00,0.0
2018-08-10 09:30:00,0.0
2018-08-10 09:45:00,0.65999997
2018-08-10 10:00:00,46.989998
2018-08-10 10:15:00,46.92
2018-08-10 10:30:00,34.61
2018-08-10 10:45:00,27.91
2018-08-10 11:00:00,33.5
2018-08-10 11:15:00,29.02
2018-08-10 11:30:00,24.61
2018-08-10 11:45:00,24.22
2018-08-10 12:00:00,23.36
2018-08-10 12:15:00,23.099998
2018-08-10 12:30:00,27.439999
2018-08-10 12:45:00,30.279999
2018-08-10 13:00:00,30.470001
2018-08-10 13:15:00,30.67
2018-08-10 13:30:00,28.96
2018-08-10 13:45:00,15.0
2018-08-10 14:00:00,16.05
2018-08-10 14:15:00,26.0
2018-08-10 14:30:00,22.84
2018-08-10 14:45:00,34.809998
2018-08-10 15:00:00,43.37
2018-08-10 15:15:00,41.73
2018-08-10 15:30:00,56.8
2018-08-10 15:45:00,66.73
2018-08-10 16:00:00,61.6
2018-08-10 16:15:00,34.75
2018-08-10 16:30:00,65.22
2018-08-10 16:45:00,83.649994
2018-08-10 17:00:00,67.91
2018-08-10 17:15:00,43.17
2018-08-10 17:30:00,32.31
2018-08-10 17:45:00,27.11
2018-08-10 18:00:00,15.210001
2018-08-10 18:15:00,4.41
2018-08-10 18:30:00,3.16
2018-08-10 18:45:00,3.23
2018-08-10 19:00:00,5.5299997
2018-08-10 19:15:00,2.17
2018-08-10 19:30:00,0.72
2018-08-10 19:45:00,3.9500003
2018-08-10 20:00:00,4.61
2018-08-10 20:15:00,7.76
2018-08-10 20:30:00,2.1
2018-08-10 20:45:00,0.0
2018-08-10 21:00:00,0.0
2018-08-10 21:15:00,0.0
2018-08-10 21:30:00,0.0
2018-08-10 21:45:00,0.0
2018-08-10 22:00:00,0.0
2018-08-10 22:15:00,0.0
2018-08-10 22:30:00,0.0
2018-08-10 22:45:00,0.0
2018-08-10 23:00:00,0.0
2018-08-10 23:15:00,0.0
2018-08-10 23:30:00,0.0
2018-08-10 23:45:00,0.0
2018-08-11 00:00:00,1.1800001
2018-08-11 00:15:00,0.52
2018-08-11 00:30:00,1.58
2018-08-11 00:45:00,0.0
2018-08-11 01:00:00,1.1199999
2018-08-11 01:15:00,0.13
2018-08-11 01:30:00,10.99
2018-08-11 01:45:00,5.8500004
2018-08-11 02:00:00,6.45
2018-08-11 02:15:00,6.38
2018-08-11 02:30:00,19.279999
2018-08-11 02:45:00,24.81
2018-08-11 03:00:00,14.48
2018-08-11 03:15:00,11.0
2018-08-11 03:30:00,11.26
2018-08-11 03:45:00,7.24
2018-08-11 04:00:00,3.36
2018-08-11 04:15:00,1.98
2018-08-11 04:30:00,3.23
2018-08-11 04:45:00,4.48
2018-08-11 05:00:00,2.37
2018-08-11 05:15:00,2.8899999
2018-08-11 05:30:00,3.29
2018-08-11 05:45:00,3.49
2018-08-11 06:00:00,3.1
2018-08-11 06:15:00,0.39
2018-08-11 06:30:00,4.28
2018-08-11 06:45:00,6.58
2018-08-11 07:00:00,5.33
2018-08-11 07:15:00,4.73
2018-08-11 07:30:00,4.28
2018-08-11 07:45:00,4.0099998
2018-08-11 08:00:00,4.47
2018-08-11 08:15:00,0.53
2018-08-11 08:30:00,0.0
2018-08-11 08:45:00,0.0
2018-08-11 09:00:00,0.0
2018-08-11 09:15:00,0.0
2018-08-11 09:30:00,0.0
2018-08-11 09:45:00,0.0
2018-08-11 10:00:00,0.0
2018-08-11 10:15:00,0.0
2018-08-11 10:30:00,0.0
2018-08-11 10:45:00,0.0
2018-08-11 11:00:00,0.0
2018-08-11 11:15:00,0.0
2018-08-11 11:30:00,0.0
2018-08-11 11:45:00,16.779999
2018-08-11 12:00:00,24.02
2018-08-11 12:15:00,16.98
2018-08-11 12:30:00,10.200001
2018-08-11 12:45:00,8.49
2018-08-11 13:00:00,5.66
2018-08-11 13:15:00,8.95
2018-08-11 13:30:00,6.25
2018-08-11 13:45:00,5.5299997
2018-08-11 14:00:00,0.0
2018-08-11 14:15:00,0.0
2018-08-11 14:30:00,0.0
2018-08-11 14:45:00,0.0
2018-08-11 15:00:00,0.0
2018-08-11 15:15:00,0.0
2018-08-11 15:30:00,0.0
2018-08-11 15:45:00,0.0
2018-08-11 16:00:00,0.0
2018-08-11 16:15:00,0.0
2018-08-11 16:30:00,0.0
2018-08-11 16:45:00,0.0
2018-08-11 17:00:00,0.0
2018-08-11 17:15:00,0.0
2018-08-11 17:30:00,0.0
2018-08-11 17:45:00,0.0
2018-08-11 18:00:00,0.0
2018-08-11 18:15:00,0.26
2018-08-11 18:30:00,0.53
2018-08-11 18:45:00,1.25
2018-08-11 19:00:00,0.59
2018-08-11 19:15:00,2.3
2018-08-11 19:30:00,0.86
2018-08-11 19:45:00,1.97
2018-08-11 20:00:00,5.7200003
2018-08-11 20:15:00,4.87
2018-08-11 20:30:00,3.4299998
2018-08-11 20:45:00,4.28
2018-08-11 21:00:00,6.45
2018-08-11 21:15:00,6.5200005
2018-08-11 21:30:00,7.38
2018-08-11 21:45:00,11.39
2018-08-11 22:00:00,9.61
2018-08-11 22:15:00,6.31
2018-08-11 22:30:00,4.54
2018-08-11 22:45:00,2.5
2018-08-11 23:00:00,17.24
2018-08-11 23:15:00,69.76
2018-08-11 23:30:00,32.58
2018-08-11 23:45:00,6.3199997
2018-08-12 00:00:00,3.22
2018-08-12 00:15:00,9.47
2018-08-12 00:30:00,14.48
2018-08-12 00:45:00,8.42
2018-08-12 01:00:00,1.91
2018-08-12 01:15:00,11.25
2018-08-12 01:30:00,4.93
2018-08-12 01:45:00,0.13
2018-08-12 02:00:00,0.0
2018-08-12 02:15:00,0.0
2018-08-12 02:30:00,0.0
2018-08-12 02:45:00,1.38
2018-08-12 03:00:00,6.1800003
2018-08-12 03:15:00,9.14
2018-08-12 03:30:00,8.09
2018-08-12 03:45:00,0.86
2018-08-12 04:00:00,0.0
2018-08-12 04:15:00,0.0
2018-08-12 04:30:00,0.13
2018-08-12 04:45:00,0.32999998
2018-08-12 05:00:00,0.0
2018-08-12 05:15:00,0.0
2018-08-12 05:30:00,0.0
2018-08-12 05:45:00,0.0
2018-08-12 06:00:00,0.0
2018-08-12 06:15:00,0.0
2018-08-12 06:30:00,0.0
2018-08-12 06:45:00,0.0
2018-08-12 07:00:00,9.87
2018-08-12 07:15:00,4.21
2018-08-12 07:30:00,0.78999996
2018-08-12 07:45:00,3.75
2018-08-12 08:00:00,10.93
2018-08-12 08:15:00,9.28
2018-08-12 08:30:00,4.8
2018-08-12 08:45:00,7.7
2018-08-12 09:00:00,0.07
2018-08-12 09:15:00,0.13
2018-08-12 09:30:00,0.07
2018-08-12 09:45:00,0.2
2018-08-12 10:00:00,0.4
2018-08-12 10:15:00,0.46
2018-08-12 10:30:00,0.59
2018-08-12 10:45:00,0.07
2018-08-12 11:00:00,0.0
2018-08-12 11:15:00,0.0
2018-08-12 11:30:00,0.0
2018-08-12 11:45:00,0.0
2018-08-12 12:00:00,0.0
2018-08-12 12:15:00,0.0
2018-08-12 12:30:00,0.0
2018-08-12 12:45:00,0.0
2018-08-12 13:00:00,0.0
2018-08-12 13:15:00,0.0
2018-08-12 13:30:00,0.0
2018-08-12 13:45:00,0.0
2018-08-12 14:00:00,0.0
2018-08-12 14:15:00,0.0
2018-08-12 14:30:00,0.0
2018-08-12 14:45:00,0.0
2018-08-12 15:00:00,0.0
2018-08-12 15:15:00,0.0
2018-08-12 15:30:00,0.0
2018-08-12 15:45:00,0.0
2018-08-12 16:00:00,0.0
2018-08-12 16:15:00,0.0
2018-08-12 16:30:00,2.44
2018-08-12 16:45:00,23.49
2018-08-12 17:00:00,35.010002
2018-08-12 17:15:00,34.82
2018-08-12 17:30:00,48.17
2018-08-12 17:45:00,92.259995
2018-08-12 18:00:00,78.39
2018-08-12 18:15:00,41.52
2018-08-12 18:30:00,24.48
2018-08-12 18:45:00,14.74
2018-08-12 19:00:00,5.26
2018-08-12 19:15:00,0.0
2018-08-12 19:30:00,0.0
2018-08-12 19:45:00,0.0
2018-08-12 20:00:00,0.0
2018-08-12 20:15:00,0.0
2018-08-12 20:30:00,0.0
2018-08-12 20:45:00,0.0
2018-08-12 21:00:00,0.0
2018-08-12 21:15:00,0.0
2018-08-12 21:30:00,0.0
2018-08-12 21:45:00,0.0
2018-08-12 22:00:00,0.0
2018-08-12 22:15:00,0.0
2018-08-12 22:30:00,0.0
2018-08-12 22:45:00,0.0
2018-08-12 23:00:00,0.0
2018-08-12 23:15:00,0.0
2018-08-12 23:30:00,0.0
2018-08-12 23:45:00,0.0
2018-08-13 00:00:00,0.0
2018-08-13 00:15:00,0.0
2018-08-13 00:30:00,0.0
2018-08-13 00:45:00,0.0
2018-08-13 01:00:00,0.66
2018-08-13 01:15:00,5.98
2018-08-13 01:30:00,4.67
2018-08-13 01:45:00,2.96
2018-08-13 02:00:00,0.91999996
2018-08-13 02:15:00,0.99
2018-08-13 02:30:00,4.41
2018-08-13 02:45:00,4.08
2018-08-13 03:00:00,2.24
2018-08-13 03:15:00,3.62
2018-08-13 03:30:00,17.9
2018-08-13 03:45:00,26.130001
2018-08-13 04:00:00,25.46
2018-08-13 04:15:00,23.5
2018-08-13 04:30:00,19.869999
2018-08-13 04:45:00,20.07
2018-08-13 05:00:00,14.94
2018-08-13 05:15:00,18.16
2018-08-13 05:30:00,20.33
2018-08-13 05:45:00,33.23
2018-08-13 06:00:00,25.009998
2018-08-13 06:15:00,24.810001
2018-08-13 06:30:00,18.75
2018-08-13 06:45:00,26.39
2018-08-13 07:00:00,24.61
2018-08-13 07:15:00,47.58
2018-08-13 07:30:00,71.2
2018-08-13 07:45:00,64.23
2018-08-13 08:00:00,69.5
2018-08-13 08:15:00,49.16
2018-08-13 08:30:00,50.02
2018-08-13 08:45:00,58.83
2018-08-13 09:00:00,37.98
2018-08-13 09:15:00,40.54
2018-08-13 09:30:00,32.44
2018-08-13 09:45:00,30.21
2018-08-13 10:00:00,27.64
2018-08-13 10:15:00,25.21
2018-08-13 10:30:00,58.899998
2018-08-13 10:45:00,48.04
2018-08-13 11:00:00,63.64
2018-08-13 11:15:00,35.8
2018-08-13 11:30:00,25.009998
2018-08-13 11:45:00,13.16
2018-08-13 12:00:00,8.62
2018-08-13 12:15:00,10.34
2018-08-13 12:30:00,22.57
2018-08-13 12:45:00,20.14
2018-08-13 13:00:00,40.08
2018-08-13 13:15:00,43.239998
2018-08-13 13:30:00,61.4
2018-08-13 13:45:00,17.11
2018-08-13 14:00:00,18.89
2018-08-13 14:15:00,13.49
2018-08-13 14:30:00,11.91
2018-08-13 14:45:00,19.09
2018-08-13 15:00:00,35.41
2018-08-13 15:15:00,7.63
2018-08-13 15:30:00,7.9
2018-08-13 15:45:00,22.51
2018-08-13 16:00:00,18.75
2018-08-13 16:15:00,5.13
2018-08-13 16:30:00,13.1
2018-08-13 16:45:00,1.91
2018-08-13 17:00:00,7.37
2018-08-13 17:15:00,15.73
2018-08-13 17:30:00,10.46
2018-08-13 17:45:00,4.34
2018-08-13 18:00:00,4.54
2018-08-13 18:15:00,8.099999
2018-08-13 18:30:00,11.71
2018-08-13 18:45:00,6.51
2018-08-13 19:00:00,5.79
2018-08-13 19:15:00,8.55
2018-08-13 19:30:00,11.05
2018-08-13 19:45:00,14.41
2018-08-13 20:00:00,14.87
2018-08-13 20:15:00,10.98
2018-08-13 20:30:00,8.75
2018-08-13 20:45:00,0.0
2018-08-13 21:00:00,4.41
2018-08-13 21:15:00,11.059999
2018-08-13 21:30:00,33.300003
2018-08-13 21:45:00,16.189999
2018-08-13 22:00:00,0.91999996
2018-08-13 22:15:00,7.2400002
2018-08-13 22:30:00,35.6
2018-08-13 22:45:00,29.029999
2018-08-13 23:00:00,42.25
2018-08-13 23:15:00,36.92
2018-08-13 23:30:00,29.220001
2018-08-13 23:45:00,41.0
2018-08-14 00:00:00,35.54
2018-08-14 00:15:00,48.309998
2018-08-14 00:30:00,61.54
2018-08-14 00:45:00,58.77
2018-08-14 01:00:00,61.6
2018-08-14 01:15:00,57.13
2018-08-14 01:30:00,81.93
2018-08-14 01:45:00,100.17
2018-08-14 02:00:00,129.91
2018-08-14 02:15:00,119.78
2018-08-14 02:30:00,129.91
2018-08-14 02:45:00,131.56
2018-08-14 03:00:00,115.82
2018-08-14 03:15:00,109.240005
2018-08-14 03:30:00,116.95
2018-08-14 03:45:00,101.42
2018-08-14 04:00:00,89.57
2018-08-14 04:15:00,81.81
2018-08-14 04:30:00,84.24
2018-08-14 04:45:00,76.41
2018-08-14 05:00:00,64.43
2018-08-14 05:15:00,75.16
2018-08-14 05:30:00,87.34
2018-08-14 05:45:00,85.490005
2018-08-14 06:00:00,71.41
2018-08-14 06:15:00,71.47
2018-08-14 06:30:00,57.12
2018-08-14 06:45:00,54.75
2018-08-14 07:00:00,67.979996
2018-08-14 07:15:00,69.3
2018-08-14 07:30:00,73.58
2018-08-14 07:45:00,63.17
2018-08-14 08:00:00,85.88
2018-08-14 08:15:00,102.13
2018-08-14 08:30:00,78.38
2018-08-14 08:45:00,69.82
2018-08-14 09:00:00,72.33
2018-08-14 09:15:00,72.979996
2018-08-14 09:30:00,63.77
2018-08-14 09:45:00,70.36
2018-08-14 10:00:00,66.990005
2018-08-14 10:15:00,64.62
2018-08-14 10:30:00,71.34
2018-08-14 10:45:00,80.68
2018-08-14 11:00:00,88.119995
2018-08-14 11:15:00,75.68
2018-08-14 11:30:00,79.11
2018-08-14 11:45:00,89.97
2018-08-14 12:00:00,89.83
2018-08-14 12:15:00,94.43
2018-08-14 12:30:00,120.11
2018-08-14 12:45:00,107.08
2018-08-14 13:00:00,109.83
2018-08-14 13:15:00,102.399994
2018-08-14 13:30:00,114.71
2018-08-14 13:45:00,105.56
2018-08-14 14:00:00,118.2
2018-08-14 14:15:00,142.81
2018-08-14 14:30:00,145.9
2018-08-14 14:45:00,146.16
2018-08-14 15:00:00,145.84
2018-08-14 15:15:00,143.2
2018-08-14 15:30:00,155.91
2018-08-14 15:45:00,133.26999
2018-08-14 16:00:00,118.33
2018-08-14 16:15:00,98.39
2018-08-14 16:30:00,87.0
2018-08-14 16:45:00,84.5
2018-08-14 17:00:00,90.69
2018-08-14 17:15:00,111.29
2018-08-14 17:30:00,110.630005
2018-08-14 17:45:00,106.29
2018-08-14 18:00:00,91.740005
2018-08-14 18:15:00,88.12
2018-08-14 18:30:00,91.93
2018-08-14 18:45:00,94.04
2018-08-14 19:00:00,86.22
2018-08-14 19:15:00,81.81
2018-08-14 19:30:00,81.8
2018-08-14 19:45:00,75.55
2018-08-14 20:00:00,72.39
2018-08-14 20:15:00,56.59
2018-08-14 20:30:00,58.440002
2018-08-14 20:45:00,64.490005
2018-08-14 21:00:00,70.95
2018-08-14 21:15:00,73.84
2018-08-14 21:30:00,70.16
2018-08-14 21:45:00,59.1
2018-08-14 22:00:00,72.72
2018-08-14 22:15:00,71.009995
2018-08-14 22:30:00,69.630005
2018-08-14 22:45:00,67.33
2018-08-14 23:00:00,66.54
2018-08-14 23:15:00,91.020004
2018-08-14 23:30:00,91.61
2018-08-14 23:45:00,99.119995
2018-08-15 00:00:00,107.21
2018-08-15 00:15:00,103.0
2018-08-15 00:30:00,97.93
2018-08-15 00:45:00,63.9
2018-08-15 01:00:00,60.02
2018-08-15 01:15:00,65.55
2018-08-15 01:30:00,84.240005
2018-08-15 01:45:00,85.15
2018-08-15 02:00:00,87.07
2018-08-15 02:15:00,108.520004
2018-08-15 02:30:00,127.21001
2018-08-15 02:45:00,178.20999
2018-08-15 03:00:00,157.03
2018-08-15 03:15:00,144.65
2018-08-15 03:30:00,129.64
2018-08-15 03:45:00,125.5
2018-08-15 04:00:00,115.17
2018-08-15 04:15:00,94.509995
2018-08-15 04:30:00,105.7
2018-08-15 04:45:00,94.509995
2018-08-15 05:00:00,96.08
2018-08-15 05:15:00,93.91
2018-08-15 05:30:00,110.229996
2018-08-15 05:45:00,145.37
2018-08-15 06:00:00,137.02
2018-08-15 06:15:00,148.08
2018-08-15 06:30:00,136.62
2018-08-15 06:45:00,120.899994
2018-08-15 07:00:00,112.67
2018-08-15 07:15:00,101.28999
2018-08-15 07:30:00,121.020004
2018-08-15 07:45:00,123.0
2018-08-15 08:00:00,135.04001
2018-08-15 08:15:00,106.48
2018-08-15 08:30:00,88.32
2018-08-15 08:45:00,93.05
2018-08-15 09:00:00,120.17
2018-08-15 09:15:00,114.31
2018-08-15 09:30:00,122.28
2018-08-15 09:45:00,120.5
2018-08-15 10:00:00,116.75
2018-08-15 10:15:00,134.26
2018-08-15 10:30:00,147.28
2018-08-15 10:45:00,142.54001
2018-08-15 11:00:00,157.41
2018-08-15 11:15:00,143.86
2018-08-15 11:30:00,127.020004
2018-08-15 11:45:00,133.14
2018-08-15 12:00:00,129.38
2018-08-15 12:15:00,116.020004
2018-08-15 12:30:00,139.38
2018-08-15 12:45:00,133.27
2018-08-15 13:00:00,127.41
2018-08-15 13:15:00,116.82
2018-08-15 13:30:00,111.81
2018-08-15 13:45:00,106.94
2018-08-15 14:00:00,105.89
2018-08-15 14:15:00,104.899994
2018-08-15 14:30:00,120.89
2018-08-15 14:45:00,126.1
2018-08-15 15:00:00,112.600006
2018-08-15 15:15:00,107.14
2018-08-15 15:30:00,103.2
2018-08-15 15:45:00,99.18
2018-08-15 16:00:00,81.8
2018-08-15 16:15:00,70.42
2018-08-15 16:30:00,68.24
2018-08-15 16:45:00,77.259995
2018-08-15 17:00:00,80.61
2018-08-15 17:15:00,81.74
2018-08-15 17:30:00,66.41
2018-08-15 17:45:00,73.31
2018-08-15 18:00:00,59.89
2018-08-15 18:15:00,57.65
2018-08-15 18:30:00,45.68
2018-08-15 18:45:00,31.26
2018-08-15 19:00:00,30.140001
2018-08-15 19:15:00,31.59
2018-08-15 19:30:00,27.970001
2018-08-15 19:45:00,21.45
2018-08-15 20:00:00,22.7
2018-08-15 20:15:00,24.48
2018-08-15 20:30:00,25.67
2018-08-15 20:45:00,26.0
2018-08-15 21:00:00,28.29
2018-08-15 21:15:00,36.0
2018-08-15 21:30:00,40.34
2018-08-15 21:45:00,41.59
2018-08-15 22:00:00,43.760002
2018-08-15 22:15:00,59.95
2018-08-15 22:30:00,52.38
2018-08-15 22:45:00,54.760002
2018-08-15 23:00:00,57.45
2018-08-15 23:15:00,53.5
2018-08-15 23:30:00,54.89
2018-08-15 23:45:00,60.28
2018-08-16 00:00:00,59.1
2018-08-16 00:15:00,47.18
2018-08-16 00:30:00,38.5
2018-08-16 00:45:00,29.74
2018-08-16 01:00:00,24.75
2018-08-16 01:15:00,17.18
2018-08-16 01:30:00,12.700001
2018-08-16 01:45:00,6.26
2018-08-16 02:00:00,11.19
2018-08-16 02:15:00,16.98
2018-08-16 02:30:00,16.79
2018-08-16 02:45:00,20.4
2018-08-16 03:00:00,22.24
2018-08-16 03:15:00,22.24
2018-08-16 03:30:00,22.24
2018-08-16 03:45:00,22.24
2018-08-16 04:00:00,40.61
2018-08-16 04:15:00,30.41
2018-08-16 04:30:00,40.93
2018-08-16 04:45:00,59.42
2018-08-16 05:00:00,59.75
2018-08-16 05:15:00,55.35
2018-08-16 05:30:00,53.839996
2018-08-16 05:45:00,53.37
2018-08-16 06:00:00,55.48
2018-08-16 06:15:00,59.04
2018-08-16 06:30:00,57.059998
2018-08-16 06:45:00,60.08
2018-08-16 07:00:00,65.81
2018-08-16 07:15:00,57.91
2018-08-16 07:30:00,43.5
2018-08-16 07:45:00,41.72
2018-08-16 08:00:00,41.33
2018-08-16 08:15:00,42.98
2018-08-16 08:30:00,42.84
2018-08-16 08:45:00,35.6
2018-08-16 09:00:00,32.38
2018-08-16 09:15:00,40.21
2018-08-16 09:30:00,52.71
2018-08-16 09:45:00,65.869995
2018-08-16 10:00:00,65.29
2018-08-16 10:15:00,67.52
2018-08-16 10:30:00,75.619995
2018-08-16 10:45:00,88.58
2018-08-16 11:00:00,89.17
2018-08-16 11:15:00,91.47
2018-08-16 11:30:00,99.7
2018-08-16 11:45:00,93.91
2018-08-16 12:00:00,86.740005
2018-08-16 12:15:00,73.770004
2018-08-16 12:30:00,50.93
2018-08-16 12:45:00,40.67
2018-08-16 13:00:00,50.61
2018-08-16 13:15:00,59.43
2018-08-16 13:30:00,65.08
2018-08-16 13:45:00,58.699997
2018-08-16 14:00:00,63.769997
2018-08-16 14:15:00,61.73
2018-08-16 14:30:00,61.07
2018-08-16 14:45:00,63.510002
2018-08-16 15:00:00,68.31
2018-08-16 15:15:00,62.19
2018-08-16 15:30:00,76.87
2018-08-16 15:45:00,75.22
2018-08-16 16:00:00,67.58
2018-08-16 16:15:00,64.630005
2018-08-16 16:30:00,70.42
2018-08-16 16:45:00,69.3
2018-08-16 17:00:00,61.339996
2018-08-16 17:15:00,59.96
2018-08-16 17:30:00,55.54
2018-08-16 17:45:00,53.11
2018-08-16 18:00:00,44.36
2018-08-16 18:15:00,41.0
2018-08-16 18:30:00,36.33
2018-08-16 18:45:00,32.51
2018-08-16 19:00:00,32.78
2018-08-16 19:15:00,34.690002
2018-08-16 19:30:00,34.16
2018-08-16 19:45:00,37.440002
2018-08-16 20:00:00,38.43
2018-08-16 20:15:00,43.440002
2018-08-16 20:30:00,40.15
2018-08-16 20:45:00,40.34
2018-08-16 21:00:00,45.22
2018-08-16 21:15:00,46.06
2018-08-16 21:30:00,47.32
2018-08-16 21:45:00,48.96
2018-08-16 22:00:00,44.3
2018-08-16 22:15:00,41.98
2018-08-16 22:30:00,41.86
2018-08-16 22:45:00,42.38
2018-08-16 23:00:00,35.34
2018-08-16 23:15:00,36.989998
2018-08-16 23:30:00,30.93
2018-08-16 23:45:00,27.58
2018-08-17 00:00:00,27.18
2018-08-17 00:15:00,27.57
2018-08-17 00:30:00,29.48
2018-08-17 00:45:00,21.39
2018-08-17 01:00:00,15.33
2018-08-17 01:15:00,12.700001
2018-08-17 01:30:00,13.950001
2018-08-17 01:45:00,12.37
2018-08-17 02:00:00,15.86
2018-08-17 02:15:00,12.5
2018-08-17 02:30:00,10.99
2018-08-17 02:45:00,10.99
2018-08-17 03:00:00,16.52
2018-08-17 03:15:00,25.01
2018-08-17 03:30:00,28.029999
2018-08-17 03:45:00,28.5
2018-08-17 04:00:00,35.93
2018-08-17 04:15:00,30.4
2018-08-17 04:30:00,39.03
2018-08-17 04:45:00,51.39
2018-08-17 05:00:00,62.85
2018-08-17 05:15:00,73.45
2018-08-17 05:30:00,76.479996
2018-08-17 05:45:00,73.11
2018-08-17 06:00:00,59.17
2018-08-17 06:15:00,61.07
2018-08-17 06:30:00,59.16
2018-08-17 06:45:00,64.69
2018-08-17 07:00:00,54.620003
2018-08-17 07:15:00,59.879997
2018-08-17 07:30:00,73.25
2018-08-17 07:45:00,56.27
2018-08-17 08:00:00,57.59
2018-08-17 08:15:00,60.15
2018-08-17 08:30:00,50.93
2018-08-17 08:45:00,52.32
2018-08-17 09:00:00,52.05
2018-08-17 09:15:00,68.25
2018-08-17 09:30:00,86.81
2018-08-17 09:45:00,91.28
2018-08-17 10:00:00,70.75
2018-08-17 10:15:00,71.14
2018-08-17 10:30:00,87.53
2018-08-17 10:45:00,98.39
2018-08-17 11:00:00,93.979996
2018-08-17 11:15:00,80.75
2018-08-17 11:30:00,69.83
2018-08-17 11:45:00,77.59
2018-08-17 12:00:00,95.69
2018-08-17 12:15:00,96.42
2018-08-17 12:30:00,93.06
2018-08-17 12:45:00,94.5
2018-08-17 13:00:00,83.45
2018-08-17 13:15:00,76.93
2018-08-17 13:30:00,74.17
2018-08-17 13:45:00,69.229996
2018-08-17 14:00:00,75.42
2018-08-17 14:15:00,75.62
2018-08-17 14:30:00,81.009995
2018-08-17 14:45:00,78.979996
2018-08-17 15:00:00,72.26
2018-08-17 15:15:00,71.740005
2018-08-17 15:30:00,66.34
2018-08-17 15:45:00,63.370003
2018-08-17 16:00:00,65.020004
2018-08-17 16:15:00,70.22
2018-08-17 16:30:00,63.11
2018-08-17 16:45:00,51.989998
2018-08-17 17:00:00,53.77
2018-08-17 17:15:00,39.22
2018-08-17 17:30:00,35.34
2018-08-17 17:45:00,30.99
2018-08-17 18:00:00,26.39
2018-08-17 18:15:00,20.599998
2018-08-17 18:30:00,20.27
2018-08-17 18:45:00,12.110001
2018-08-17 19:00:00,9.34
2018-08-17 19:15:00,9.280001
2018-08-17 19:30:00,6.1899996
2018-08-17 19:45:00,6.65
2018-08-17 20:00:00,9.01
2018-08-17 20:15:00,15.13
2018-08-17 20:30:00,15.86
2018-08-17 20:45:00,23.16
2018-08-17 21:00:00,29.48
2018-08-17 21:15:00,33.23
2018-08-17 21:30:00,25.67
2018-08-17 21:45:00,31.79
2018-08-17 22:00:00,15.92
2018-08-17 22:15:00,15.33
2018-08-17 22:30:00,13.29
2018-08-17 22:45:00,20.67
2018-08-17 23:00:00,16.119999
2018-08-17 23:15:00,17.38
2018-08-17 23:30:00,18.95
2018-08-17 23:45:00,10.26
2018-08-18 00:00:00,10.139999
2018-08-18 00:15:00,4.28
2018-08-18 00:30:00,2.5
2018-08-18 00:45:00,0.0
2018-08-18 01:00:00,0.0
2018-08-18 01:15:00,0.0
2018-08-18 01:30:00,0.33
2018-08-18 01:45:00,1.32
2018-08-18 02:00:00,1.25
2018-08-18 02:15:00,1.71
2018-08-18 02:30:00,2.3
2018-08-18 02:45:00,1.65
2018-08-18 03:00:00,0.33
2018-08-18 03:15:00,0.53
2018-08-18 03:30:00,1.12
2018-08-18 03:45:00,1.6500001
2018-08-18 04:00:00,2.1100001
2018-08-18 04:15:00,10.66
2018-08-18 04:30:00,24.880001
2018-08-18 04:45:00,28.56
2018-08-18 05:00:00,30.6
2018-08-18 05:15:00,45.68
2018-08-18 05:30:00,44.22
2018-08-18 05:45:00,47.71
2018-08-18 06:00:00,43.83
2018-08-18 06:15:00,54.23
2018-08-18 06:30:00,50.940002
2018-08-18 06:45:00,55.800003
2018-08-18 07:00:00,58.77
2018-08-18 07:15:00,58.9
2018-08-18 07:30:00,50.28
2018-08-18 07:45:00,49.82
2018-08-18 08:00:00,45.41
2018-08-18 08:15:00,42.84
2018-08-18 08:30:00,42.050003
2018-08-18 08:45:00,47.19
2018-08-18 09:00:00,43.43
2018-08-18 09:15:00,38.629997
2018-08-18 09:30:00,24.349998
2018-08-18 09:45:00,10.33
2018-08-18 10:00:00,7.1099997
2018-08-18 10:15:00,0.2
2018-08-18 10:30:00,2.24
2018-08-18 10:45:00,6.65
2018-08-18 11:00:00,2.76
2018-08-18 11:15:00,1.3199999
2018-08-18 11:30:00,4.8
2018-08-18 11:45:00,8.16
2018-08-18 12:00:00,13.099999
2018-08-18 12:15:00,15.27
2018-08-18 12:30:00,10.59
2018-08-18 12:45:00,6.12
2018-08-18 13:00:00,3.15
2018-08-18 13:15:00,1.0600001
2018-08-18 13:30:00,0.0
2018-08-18 13:45:00,0.07
2018-08-18 14:00:00,0.0
2018-08-18 14:15:00,0.0
2018-08-18 14:30:00,0.0
2018-08-18 14:45:00,0.0
2018-08-18 15:00:00,0.0
2018-08-18 15:15:00,0.0
2018-08-18 15:30:00,0.0
2018-08-18 15:45:00,0.0
2018-08-18 16:00:00,0.0
2018-08-18 16:15:00,0.0
2018-08-18 16:30:00,0.0
2018-08-18 16:45:00,0.0
2018-08-18 17:00:00,0.0
2018-08-18 17:15:00,0.0
2018-08-18 17:30:00,0.0
2018-08-18 17:45:00,0.0
2018-08-18 18:00:00,0.0
2018-08-18 18:15:00,0.0
2018-08-18 18:30:00,0.0
2018-08-18 18:45:00,0.0
2018-08-18 19:00:00,0.0
2018-08-18 19:15:00,0.0
2018-08-18 19:30:00,0.0
2018-08-18 19:45:00,0.0
2018-08-18 20:00:00,0.0
2018-08-18 20:15:00,0.0
2018-08-18 20:30:00,1.05
2018-08-18 20:45:00,0.65999997
2018-08-18 21:00:00,2.24
2018-08-18 21:15:00,3.88
2018-08-18 21:30:00,8.95
2018-08-18 21:45:00,12.63
2018-08-18 22:00:00,12.37
2018-08-18 22:15:00,9.61
2018-08-18 22:30:00,7.1099997
2018-08-18 22:45:00,8.62
2018-08-18 23:00:00,14.610001
2018-08-18 23:15:00,14.02
2018-08-18 23:30:00,14.41
2018-08-18 23:45:00,14.41
2018-08-19 00:00:00,10.4
2018-08-19 00:15:00,7.37
2018-08-19 00:30:00,6.0600004
2018-08-19 00:45:00,7.11
2018-08-19 01:00:00,6.58
2018-08-19 01:15:00,2.76
2018-08-19 01:30:00,3.94
2018-08-19 01:45:00,5.2
2018-08-19 02:00:00,5.66
2018-08-19 02:15:00,4.41
2018-08-19 02:30:00,1.78
2018-08-19 02:45:00,6.0600004
2018-08-19 03:00:00,17.51
2018-08-19 03:15:00,21.06
2018-08-19 03:30:00,30.8
2018-08-19 03:45:00,45.800003
2018-08-19 04:00:00,35.010002
2018-08-19 04:15:00,30.74
2018-08-19 04:30:00,24.220001
2018-08-19 04:45:00,20.73
2018-08-19 05:00:00,35.34
2018-08-19 05:15:00,44.09
2018-08-19 05:30:00,66.4
2018-08-19 05:45:00,88.45
2018-08-19 06:00:00,111.22
2018-08-19 06:15:00,100.03
2018-08-19 06:30:00,69.5
2018-08-19 06:45:00,52.449997
2018-08-19 07:00:00,59.760002
2018-08-19 07:15:00,60.88
2018-08-19 07:30:00,41.199997
2018-08-19 07:45:00,41.07
2018-08-19 08:00:00,48.309998
2018-08-19 08:15:00,53.57
2018-08-19 08:30:00,46.53
2018-08-19 08:45:00,37.58
2018-08-19 09:00:00,37.91
2018-08-19 09:15:00,36.07
2018-08-19 09:30:00,140.84
2018-08-19 09:45:00,117.67
2018-08-19 10:00:00,91.41
2018-08-19 10:15:00,64.03
2018-08-19 10:30:00,39.36
2018-08-19 10:45:00,22.439999
2018-08-19 11:00:00,12.7
2018-08-19 11:15:00,6.38
2018-08-19 11:30:00,2.18
2018-08-19 11:45:00,0.0
2018-08-19 12:00:00,0.0
2018-08-19 12:15:00,0.0
2018-08-19 12:30:00,0.0
2018-08-19 12:45:00,9.34
2018-08-19 13:00:00,87.259995
2018-08-19 13:15:00,134.05
2018-08-19 13:30:00,174.53
2018-08-19 13:45:00,156.96
2018-08-19 14:00:00,111.020004
2018-08-19 14:15:00,86.68
2018-08-19 14:30:00,78.25
2018-08-19 14:45:00,80.55
2018-08-19 15:00:00,71.729996
2018-08-19 15:15:00,66.14
2018-08-19 15:30:00,61.670002
2018-08-19 15:45:00,46.53
2018-08-19 16:00:00,47.52
2018-08-19 16:15:00,70.42
2018-08-19 16:30:00,77.39
2018-08-19 16:45:00,74.1
2018-08-19 17:00:00,70.61
2018-08-19 17:15:00,71.28
2018-08-19 17:30:00,57.78
2018-08-19 17:45:00,36.33
2018-08-19 18:00:00,28.04
2018-08-19 18:15:00,21.58
2018-08-19 18:30:00,20.4
2018-08-19 18:45:00,10.66
2018-08-19 19:00:00,5.93
2018-08-19 19:15:00,0.46
2018-08-19 19:30:00,0.0
2018-08-19 19:45:00,0.0
2018-08-19 20:00:00,0.0
2018-08-19 20:15:00,0.0
2018-08-19 20:30:00,0.0
2018-08-19 20:45:00,0.0
2018-08-19 21:00:00,0.0
2018-08-19 21:15:00,0.0
2018-08-19 21:30:00,0.0
2018-08-19 21:45:00,0.0
2018-08-19 22:00:00,0.0
2018-08-19 22:15:00,0.0
2018-08-19 22:30:00,0.0
2018-08-19 22:45:00,0.0
2018-08-19 23:00:00,0.0
2018-08-19 23:15:00,0.0
2018-08-19 23:30:00,0.0
2018-08-19 23:45:00,0.4
2018-08-20 00:00:00,4.41
2018-08-20 00:15:00,6.7799997
2018-08-20 00:30:00,7.5
2018-08-20 00:45:00,4.2799997
2018-08-20 01:00:00,4.8
2018-08-20 01:15:00,4.94
2018-08-20 01:30:00,3.3600001
2018-08-20 01:45:00,2.56
2018-08-20 02:00:00,1.12
2018-08-20 02:15:00,0.86
2018-08-20 02:30:00,1.5200001
2018-08-20 02:45:00,3.29
2018-08-20 03:00:00,6.3100004
2018-08-20 03:15:00,8.360001
2018-08-20 03:30:00,2.83
2018-08-20 03:45:00,1.0600001
2018-08-20 04:00:00,0.46
2018-08-20 04:15:00,140.38
2018-08-20 04:30:00,106.94
2018-08-20 04:45:00,18.04
2018-08-20 05:00:00,16.06
2018-08-20 05:15:00,1.38
2018-08-20 05:30:00,0.0
2018-08-20 05:45:00,0.0
2018-08-20 06:00:00,0.0
2018-08-20 06:15:00,0.0
2018-08-20 06:30:00,0.0
2018-08-20 06:45:00,0.45999998
2018-08-20 07:00:00,1.25
2018-08-20 07:15:00,3.0900002
2018-08-20 07:30:00,0.2
2018-08-20 07:45:00,0.0
2018-08-20 08:00:00,0.0
2018-08-20 08:15:00,0.0
2018-08-20 08:30:00,0.0
2018-08-20 08:45:00,0.0
2018-08-20 09:00:00,0.0
2018-08-20 09:15:00,0.0
2018-08-20 09:30:00,1.64
2018-08-20 09:45:00,0.59
2018-08-20 10:00:00,0.0
2018-08-20 10:15:00,0.0
2018-08-20 10:30:00,0.0
2018-08-20 10:45:00,17.970001
2018-08-20 11:00:00,35.73
2018-08-20 11:15:00,21.720001
2018-08-20 11:30:00,10.389999
2018-08-20 11:45:00,23.830002
2018-08-20 12:00:00,25.6
2018-08-20 12:15:00,31.189999
2018-08-20 12:30:00,55.15
2018-08-20 12:45:00,74.63
2018-08-20 13:00:00,64.89
2018-08-20 13:15:00,61.920002
2018-08-20 13:30:00,53.18
2018-08-20 13:45:00,50.15
2018-08-20 14:00:00,53.18
2018-08-20 14:15:00,52.84
2018-08-20 14:30:00,52.120003
2018-08-20 14:45:00,45.41
2018-08-20 15:00:00,38.1
2018-08-20 15:15:00,26.39
2018-08-20 15:30:00,23.43
2018-08-20 15:45:00,20.4
2018-08-20 16:00:00,21.0
2018-08-20 16:15:00,20.599998
2018-08-20 16:30:00,25.34
2018-08-20 16:45:00,15.870001
2018-08-20 17:00:00,10.73
2018-08-20 17:15:00,13.17
2018-08-20 17:30:00,10.99
2018-08-20 17:45:00,8.1
2018-08-20 18:00:00,5.99
2018-08-20 18:15:00,1.85
2018-08-20 18:30:00,0.59
2018-08-20 18:45:00,0.72
2018-08-20 19:00:00,0.86
2018-08-20 19:15:00,0.26
2018-08-20 19:30:00,0.0
2018-08-20 19:45:00,0.0
2018-08-20 20:00:00,0.0
2018-08-20 20:15:00,0.53
2018-08-20 20:30:00,0.2
2018-08-20 20:45:00,0.0
2018-08-20 21:00:00,0.0
2018-08-20 21:15:00,0.0
2018-08-20 21:30:00,0.0
2018-08-20 21:45:00,1.51
2018-08-20 22:00:00,0.33
2018-08-20 22:15:00,0.72
2018-08-20 22:30:00,0.26
2018-08-20 22:45:00,0.0
2018-08-20 23:00:00,0.26
2018-08-20 23:15:00,0.4
2018-08-20 23:30:00,0.0
2018-08-20 23:45:00,0.0
2018-08-21 00:00:00,0.0
2018-08-21 00:15:00,0.0
2018-08-21 00:30:00,0.0
2018-08-21 00:45:00,0.0
2018-08-21 01:00:00,0.0
2018-08-21 01:15:00,0.0
2018-08-21 01:30:00,0.0
2018-08-21 01:45:00,0.66
2018-08-21 02:00:00,0.79
2018-08-21 02:15:00,0.53
2018-08-21 02:30:00,0.26
2018-08-21 02:45:00,0.99
2018-08-21 03:00:00,1.26
2018-08-21 03:15:00,0.13
2018-08-21 03:30:00,0.0
2018-08-21 03:45:00,0.0
2018-08-21 04:00:00,0.79
2018-08-21 04:15:00,3.16
2018-08-21 04:30:00,5.06
2018-08-21 04:45:00,9.809999
2018-08-21 05:00:00,10.200001
2018-08-21 05:15:00,10.33
2018-08-21 05:30:00,10.0
2018-08-21 05:45:00,9.41
2018-08-21 06:00:00,7.04
2018-08-21 06:15:00,10.4
2018-08-21 06:30:00,7.8900003
2018-08-21 06:45:00,13.29
2018-08-21 07:00:00,16.0
2018-08-21 07:15:00,9.54
2018-08-21 07:30:00,22.369999
2018-08-21 07:45:00,29.81
2018-08-21 08:00:00,29.349998
2018-08-21 08:15:00,31.460001
2018-08-21 08:30:00,31.919998
2018-08-21 08:45:00,32.25
2018-08-21 09:00:00,26.849998
2018-08-21 09:15:00,27.970001
2018-08-21 09:30:00,23.369999
2018-08-21 09:45:00,20.07
2018-08-21 10:00:00,17.17
2018-08-21 10:15:00,16.71
2018-08-21 10:30:00,20.27
2018-08-21 10:45:00,16.84
2018-08-21 11:00:00,16.05
2018-08-21 11:15:00,16.91
2018-08-21 11:30:00,28.369999
2018-08-21 11:45:00,30.74
2018-08-21 12:00:00,39.35
2018-08-21 12:15:00,31.4
2018-08-21 12:30:00,29.48
2018-08-21 12:45:00,20.93
2018-08-21 13:00:00,23.43
2018-08-21 13:15:00,27.91
2018-08-21 13:30:00,13.42
2018-08-21 13:45:00,9.34
2018-08-21 14:00:00,4.14
2018-08-21 14:15:00,8.42
2018-08-21 14:30:00,11.59
2018-08-21 14:45:00,8.29
2018-08-21 15:00:00,11.38
2018-08-21 15:15:00,15.99
2018-08-21 15:30:00,11.72
2018-08-21 15:45:00,8.4800005
2018-08-21 16:00:00,4.15
2018-08-21 16:15:00,0.07
2018-08-21 16:30:00,0.0
2018-08-21 16:45:00,0.0
2018-08-21 17:00:00,0.0
2018-08-21 17:15:00,0.0
2018-08-21 17:30:00,0.0
2018-08-21 17:45:00,0.0
2018-08-21 18:00:00,0.0
2018-08-21 18:15:00,0.0
2018-08-21 18:30:00,0.0
2018-08-21 18:45:00,0.0
2018-08-21 19:00:00,0.0
2018-08-21 19:15:00,0.0
2018-08-21 19:30:00,0.0
2018-08-21 19:45:00,0.0
2018-08-21 20:00:00,0.0
2018-08-21 20:15:00,0.0
2018-08-21 20:30:00,0.0
2018-08-21 20:45:00,0.0
2018-08-21 21:00:00,0.0
2018-08-21 21:15:00,0.0
2018-08-21 21:30:00,0.0
2018-08-21 21:45:00,0.0
2018-08-21 22:00:00,0.0
2018-08-21 22:15:00,0.0
2018-08-21 22:30:00,0.0
2018-08-21 22:45:00,0.0
2018-08-21 23:00:00,0.0
2018-08-21 23:15:00,0.0
2018-08-21 23:30:00,0.0
2018-08-21 23:45:00,0.0
2018-08-22 00:00:00,0.0
2018-08-22 00:15:00,0.0
2018-08-22 00:30:00,0.0
2018-08-22 00:45:00,2.3
2018-08-22 01:00:00,9.280001
2018-08-22 01:15:00,35.21
2018-08-22 01:30:00,47.52
2018-08-22 01:45:00,59.09
2018-08-22 02:00:00,44.559998
2018-08-22 02:15:00,38.16
2018-08-22 02:30:00,32.440002
2018-08-22 02:45:00,25.34
2018-08-22 03:00:00,15.009999
2018-08-22 03:15:00,7.7
2018-08-22 03:30:00,9.08
2018-08-22 03:45:00,20.6
2018-08-22 04:00:00,31.2
2018-08-22 04:15:00,29.419998
2018-08-22 04:30:00,27.58
2018-08-22 04:45:00,35.54
2018-08-22 05:00:00,25.99
2018-08-22 05:15:00,26.119999
2018-08-22 05:30:00,21.98
2018-08-22 05:45:00,16.0
2018-08-22 06:00:00,30.34
2018-08-22 06:15:00,33.5
2018-08-22 06:30:00,39.03
2018-08-22 06:45:00,43.57
2018-08-22 07:00:00,46.13
2018-08-22 07:15:00,39.55
2018-08-22 07:30:00,47.12
2018-08-22 07:45:00,59.04
2018-08-22 08:00:00,59.5
2018-08-22 08:15:00,74.240005
2018-08-22 08:30:00,73.44
2018-08-22 08:45:00,77.4
2018-08-22 09:00:00,73.509995
2018-08-22 09:15:00,85.55
2018-08-22 09:30:00,99.44
2018-08-22 09:45:00,105.03
2018-08-22 10:00:00,88.31
2018-08-22 10:15:00,71.67
2018-08-22 10:30:00,71.740005
2018-08-22 10:45:00,69.04
2018-08-22 11:00:00,58.770004
2018-08-22 11:15:00,55.02
2018-08-22 11:30:00,69.49
2018-08-22 11:45:00,67.19
2018-08-22 12:00:00,66.729996
2018-08-22 12:15:00,62.71
2018-08-22 12:30:00,55.61
2018-08-22 12:45:00,58.84
2018-08-22 13:00:00,48.17
2018-08-22 13:15:00,27.11
2018-08-22 13:30:00,13.75
2018-08-22 13:45:00,15.73
2018-08-22 14:00:00,5.59
2018-08-22 14:15:00,0.33
2018-08-22 14:30:00,1.45
2018-08-22 14:45:00,1.32
2018-08-22 15:00:00,0.0
2018-08-22 15:15:00,1.64
2018-08-22 15:30:00,0.59999996
2018-08-22 15:45:00,2.63
2018-08-22 16:00:00,8.95
2018-08-22 16:15:00,15.599999
2018-08-22 16:30:00,16.78
2018-08-22 16:45:00,15.34
2018-08-22 17:00:00,15.93
2018-08-22 17:15:00,14.88
2018-08-22 17:30:00,15.33
2018-08-22 17:45:00,25.99
2018-08-22 18:00:00,22.77
2018-08-22 18:15:00,26.26
2018-08-22 18:30:00,24.02
2018-08-22 18:45:00,21.98
2018-08-22 19:00:00,21.52
2018-08-22 19:15:00,21.59
2018-08-22 19:30:00,21.85
2018-08-22 19:45:00,25.07
2018-08-22 20:00:00,26.119999
2018-08-22 20:15:00,25.86
2018-08-22 20:30:00,25.07
2018-08-22 20:45:00,22.64
2018-08-22 21:00:00,25.599998
2018-08-22 21:15:00,26.58
2018-08-22 21:30:00,27.71
2018-08-22 21:45:00,25.8
2018-08-22 22:00:00,17.96
2018-08-22 22:15:00,12.1
2018-08-22 22:30:00,11.58
2018-08-22 22:45:00,18.89
2018-08-22 23:00:00,20.54
2018-08-22 23:15:00,13.42
2018-08-22 23:30:00,11.52
2018-08-22 23:45:00,17.31
2018-08-23 00:00:00,13.75
2018-08-23 00:15:00,30.6
2018-08-23 00:30:00,71.93
2018-08-23 00:45:00,74.240005
2018-08-23 01:00:00,37.510002
2018-08-23 01:15:00,27.31
2018-08-23 01:30:00,24.220001
2018-08-23 01:45:00,25.99
2018-08-23 02:00:00,38.11
2018-08-23 02:15:00,45.54
2018-08-23 02:30:00,45.21
2018-08-23 02:45:00,51.2
2018-08-23 03:00:00,64.5
2018-08-23 03:15:00,77.06
2018-08-23 03:30:00,76.21
2018-08-23 03:45:00,69.229996
2018-08-23 04:00:00,64.3
2018-08-23 04:15:00,49.1
2018-08-23 04:30:00,47.190002
2018-08-23 04:45:00,57.06
2018-08-23 05:00:00,69.5
2018-08-23 05:15:00,71.93
2018-08-23 05:30:00,77.130005
2018-08-23 05:45:00,93.72
2018-08-23 06:00:00,101.61
2018-08-23 06:15:00,88.520004
2018-08-23 06:30:00,86.34
2018-08-23 06:45:00,89.04
2018-08-23 07:00:00,97.4
2018-08-23 07:15:00,97.8
2018-08-23 07:30:00,106.09
2018-08-23 07:45:00,95.17
2018-08-23 08:00:00,81.270004
2018-08-23 08:15:00,80.36
2018-08-23 08:30:00,88.45
2018-08-23 08:45:00,87.729996
2018-08-23 09:00:00,94.57
2018-08-23 09:15:00,101.15
2018-08-23 09:30:00,109.78
2018-08-23 09:45:00,114.51
2018-08-23 10:00:00,99.369995
2018-08-23 10:15:00,83.71
2018-08-23 10:30:00,71.86
2018-08-23 10:45:00,82.93
2018-08-23 11:00:00,86.87
2018-08-23 11:15:00,81.479996
2018-08-23 11:30:00,80.49
2018-08-23 11:45:00,87.01
2018-08-23 12:00:00,94.1
2018-08-23 12:15:00,104.71
2018-08-23 12:30:00,94.240005
2018-08-23 12:45:00,85.490005
2018-08-23 13:00:00,85.36
2018-08-23 13:15:00,72.990005
2018-08-23 13:30:00,58.84
2018-08-23 13:45:00,54.89
2018-08-23 14:00:00,59.29
2018-08-23 14:15:00,61.0
2018-08-23 14:30:00,52.25
2018-08-23 14:45:00,54.1
2018-08-23 15:00:00,45.54
2018-08-23 15:15:00,51.4
2018-08-23 15:30:00,67.78
2018-08-23 15:45:00,73.369995
2018-08-23 16:00:00,94.64
2018-08-23 16:15:00,90.56
2018-08-23 16:30:00,75.22
2018-08-23 16:45:00,92.0
2018-08-23 17:00:00,88.91
2018-08-23 17:15:00,96.42
2018-08-23 17:30:00,109.71
2018-08-23 17:45:00,98.33
2018-08-23 18:00:00,93.92
2018-08-23 18:15:00,96.020004
2018-08-23 18:30:00,87.600006
2018-08-23 18:45:00,77.72
2018-08-23 19:00:00,65.68
2018-08-23 19:15:00,78.119995
2018-08-23 19:30:00,66.47
2018-08-23 19:45:00,87.39
2018-08-23 20:00:00,81.4
2018-08-23 20:15:00,68.04
2018-08-23 20:30:00,78.380005
2018-08-23 20:45:00,70.81
2018-08-23 21:00:00,62.65
2018-08-23 21:15:00,58.57
2018-08-23 21:30:00,54.690002
2018-08-23 21:45:00,47.98
2018-08-23 22:00:00,59.3
2018-08-23 22:15:00,68.84
2018-08-23 22:30:00,53.3
2018-08-23 22:45:00,52.19
2018-08-23 23:00:00,58.83
2018-08-23 23:15:00,53.05
2018-08-23 23:30:00,48.440002
2018-08-23 23:45:00,52.0
2018-08-24 00:00:00,38.17
2018-08-24 00:15:00,34.35
2018-08-24 00:30:00,31.32
2018-08-24 00:45:00,28.36
2018-08-24 01:00:00,24.939999
2018-08-24 01:15:00,29.68
2018-08-24 01:30:00,31.59
2018-08-24 01:45:00,30.009998
2018-08-24 02:00:00,28.43
2018-08-24 02:15:00,32.65
2018-08-24 02:30:00,32.77
2018-08-24 02:45:00,38.629997
2018-08-24 03:00:00,47.120003
2018-08-24 03:15:00,51.47
2018-08-24 03:30:00,53.18
2018-08-24 03:45:00,50.940002
2018-08-24 04:00:00,50.809998
2018-08-24 04:15:00,61.0
2018-08-24 04:30:00,73.05
2018-08-24 04:45:00,85.100006
2018-08-24 05:00:00,100.82
2018-08-24 05:15:00,121.29
2018-08-24 05:30:00,116.09
2018-08-24 05:45:00,117.270004
2018-08-24 06:00:00,117.21001
2018-08-24 06:15:00,129.06
2018-08-24 06:30:00,132.81
2018-08-24 06:45:00,154.98001
2018-08-24 07:00:00,170.39
2018-08-24 07:15:00,184.87
2018-08-24 07:30:00,194.67
2018-08-24 07:45:00,197.96
2018-08-24 08:00:00,204.20999
2018-08-24 08:15:00,199.53
2018-08-24 08:30:00,207.43999
2018-08-24 08:45:00,209.01997
2018-08-24 09:00:00,203.94
2018-08-24 09:15:00,192.16998
2018-08-24 09:30:00,197.76001
2018-08-24 09:45:00,194.26997
2018-08-24 10:00:00,179.67
2018-08-24 10:15:00,184.07
2018-08-24 10:30:00,188.48001
2018-08-24 10:45:00,191.18
2018-08-24 11:00:00,199.67
2018-08-24 11:15:00,200.98
2018-08-24 11:30:00,208.89
2018-08-24 11:45:00,214.60999
2018-08-24 12:00:00,213.89
2018-08-24 12:15:00,215.20999
2018-08-24 12:30:00,208.41998
2018-08-24 12:45:00,208.82
2018-08-24 13:00:00,193.69
2018-08-24 13:15:00,185.98001
2018-08-24 13:30:00,194.98999
2018-08-24 13:45:00,194.73999
2018-08-24 14:00:00,188.22
2018-08-24 14:15:00,195.73001
2018-08-24 14:30:00,195.51997
2018-08-24 14:45:00,193.95001
2018-08-24 15:00:00,204.60999
2018-08-24 15:15:00,202.5
2018-08-24 15:30:00,192.75998
2018-08-24 15:45:00,196.38
2018-08-24 16:00:00,194.20999
2018-08-24 16:15:00,204.14
2018-08-24 16:30:00,193.28
2018-08-24 16:45:00,188.68
2018-08-24 17:00:00,168.48001
2018-08-24 17:15:00,164.4
2018-08-24 17:30:00,150.63998
2018-08-24 17:45:00,146.63
2018-08-24 18:00:00,140.84
2018-08-24 18:15:00,124.06
2018-08-24 18:30:00,110.100006
2018-08-24 18:45:00,107.14
2018-08-24 19:00:00,100.95
2018-08-24 19:15:00,103.78
2018-08-24 19:30:00,101.020004
2018-08-24 19:45:00,91.81
2018-08-24 20:00:00,76.53999
2018-08-24 20:15:00,71.600006
2018-08-24 20:30:00,72.520004
2018-08-24 20:45:00,62.32
2018-08-24 21:00:00,54.559998
2018-08-24 21:15:00,53.18
2018-08-24 21:30:00,60.940002
2018-08-24 21:45:00,46.0
2018-08-24 22:00:00,55.75
2018-08-24 22:15:00,50.61
2018-08-24 22:30:00,53.63
2018-08-24 22:45:00,42.11
2018-08-24 23:00:00,42.97
2018-08-24 23:15:00,47.12
2018-08-24 23:30:00,45.739998
2018-08-24 23:45:00,45.08
2018-08-25 00:00:00,46.66
2018-08-25 00:15:00,37.58
2018-08-25 00:30:00,38.300003
2018-08-25 00:45:00,40.14
2018-08-25 01:00:00,38.04
2018-08-25 01:15:00,34.62
2018-08-25 01:30:00,39.95
2018-08-25 01:45:00,45.94
2018-08-25 02:00:00,63.309998
2018-08-25 02:15:00,67.26
2018-08-25 02:30:00,69.03
2018-08-25 02:45:00,80.09
2018-08-25 03:00:00,90.95
2018-08-25 03:15:00,91.020004
2018-08-25 03:30:00,114.38
2018-08-25 03:45:00,137.29001
2018-08-25 04:00:00,135.05
2018-08-25 04:15:00,143.53
2018-08-25 04:30:00,150.11
2018-08-25 04:45:00,160.12
2018-08-25 05:00:00,165.97
2018-08-25 05:15:00,188.55
2018-08-25 05:30:00,178.87
2018-08-25 05:45:00,172.42001
2018-08-25 06:00:00,169.66
2018-08-25 06:15:00,154.39
2018-08-25 06:30:00,147.75
2018-08-25 06:45:00,162.35
2018-08-25 07:00:00,167.95
2018-08-25 07:15:00,162.15
2018-08-25 07:30:00,158.27
2018-08-25 07:45:00,151.68999
2018-08-25 08:00:00,161.96
2018-08-25 08:15:00,169.85
2018-08-25 08:30:00,172.36
2018-08-25 08:45:00,170.57999
2018-08-25 09:00:00,152.42
2018-08-25 09:15:00,148.47
2018-08-25 09:30:00,145.38
2018-08-25 09:45:00,169.0
2018-08-25 10:00:00,180.78
2018-08-25 10:15:00,180.70999
2018-08-25 10:30:00,177.75
2018-08-25 10:45:00,175.71
2018-08-25 11:00:00,179.01
2018-08-25 11:15:00,188.16
2018-08-25 11:30:00,193.28
2018-08-25 11:45:00,185.13
2018-08-25 12:00:00,184.20999
2018-08-25 12:15:00,187.22998
2018-08-25 12:30:00,192.43
2018-08-25 12:45:00,186.64001
2018-08-25 13:00:00,173.01001
2018-08-25 13:15:00,175.85
2018-08-25 13:30:00,164.26001
2018-08-25 13:45:00,154.51999
2018-08-25 14:00:00,164.14
2018-08-25 14:15:00,167.63
2018-08-25 14:30:00,155.7
2018-08-25 14:45:00,149.0
2018-08-25 15:00:00,138.4
2018-08-25 15:15:00,141.82
2018-08-25 15:30:00,131.36
2018-08-25 15:45:00,148.6
2018-08-25 16:00:00,150.91
2018-08-25 16:15:00,141.69
2018-08-25 16:30:00,137.81
2018-08-25 16:45:00,122.600006
2018-08-25 17:00:00,116.81999
2018-08-25 17:15:00,104.5
2018-08-25 17:30:00,91.94
2018-08-25 17:45:00,77.53
2018-08-25 18:00:00,62.84
2018-08-25 18:15:00,62.660004
2018-08-25 18:30:00,64.3
2018-08-25 18:45:00,52.059998
2018-08-25 19:00:00,46.13
2018-08-25 19:15:00,46.0
2018-08-25 19:30:00,42.12
2018-08-25 19:45:00,36.46
2018-08-25 20:00:00,38.3
2018-08-25 20:15:00,40.54
2018-08-25 20:30:00,29.55
2018-08-25 20:45:00,34.09
2018-08-25 21:00:00,39.23
2018-08-25 21:15:00,37.84
2018-08-25 21:30:00,39.02
2018-08-25 21:45:00,42.12
2018-08-25 22:00:00,38.63
2018-08-25 22:15:00,40.41
2018-08-25 22:30:00,45.02
2018-08-25 22:45:00,40.41
2018-08-25 23:00:00,47.92
2018-08-25 23:15:00,44.23
2018-08-25 23:30:00,53.379997
2018-08-25 23:45:00,47.19
2018-08-26 00:00:00,40.870003
2018-08-26 00:15:00,40.14
2018-08-26 00:30:00,34.22
2018-08-26 00:45:00,34.620003
2018-08-26 01:00:00,21.33
2018-08-26 01:15:00,16.189999
2018-08-26 01:30:00,18.95
2018-08-26 01:45:00,22.77
2018-08-26 02:00:00,30.2
2018-08-26 02:15:00,42.510002
2018-08-26 02:30:00,44.690002
2018-08-26 02:45:00,51.13
2018-08-26 03:00:00,47.72
2018-08-26 03:15:00,47.64
2018-08-26 03:30:00,76.99
2018-08-26 03:45:00,92.99
2018-08-26 04:00:00,91.92999
2018-08-26 04:15:00,74.83
2018-08-26 04:30:00,88.25
2018-08-26 04:45:00,110.630005
2018-08-26 05:00:00,94.11
2018-08-26 05:15:00,100.03
2018-08-26 05:30:00,95.619995
2018-08-26 05:45:00,91.81
2018-08-26 06:00:00,88.520004
2018-08-26 06:15:00,86.21
2018-08-26 06:30:00,82.6
2018-08-26 06:45:00,53.11
2018-08-26 07:00:00,49.36
2018-08-26 07:15:00,49.03
2018-08-26 07:30:00,54.62
2018-08-26 07:45:00,64.1
2018-08-26 08:00:00,54.620003
2018-08-26 08:15:00,49.230003
2018-08-26 08:30:00,75.42
2018-08-26 08:45:00,109.05
2018-08-26 09:00:00,112.869995
2018-08-26 09:15:00,109.509995
2018-08-26 09:30:00,107.01
2018-08-26 09:45:00,99.770004
2018-08-26 10:00:00,86.869995
2018-08-26 10:15:00,85.89
2018-08-26 10:30:00,82.78999
2018-08-26 10:45:00,78.44
2018-08-26 11:00:00,79.04
2018-08-26 11:15:00,80.09
2018-08-26 11:30:00,86.740005
2018-08-26 11:45:00,96.74
2018-08-26 12:00:00,85.619995
2018-08-26 12:15:00,91.8
2018-08-26 12:30:00,100.56
2018-08-26 12:45:00,93.97
2018-08-26 13:00:00,91.28
2018-08-26 13:15:00,90.63
2018-08-26 13:30:00,87.99
2018-08-26 13:45:00,92.07
2018-08-26 14:00:00,95.95
2018-08-26 14:15:00,106.619995
2018-08-26 14:30:00,108.520004
2018-08-26 14:45:00,121.490005
2018-08-26 15:00:00,127.22
2018-08-26 15:15:00,116.16
2018-08-26 15:30:00,97.86
2018-08-26 15:45:00,99.44
2018-08-26 16:00:00,91.149994
2018-08-26 16:15:00,89.770004
2018-08-26 16:30:00,88.12
2018-08-26 16:45:00,87.26
2018-08-26 17:00:00,70.81
2018-08-26 17:15:00,70.42
2018-08-26 17:30:00,68.18
2018-08-26 17:45:00,72.130005
2018-08-26 18:00:00,64.630005
2018-08-26 18:15:00,62.65
2018-08-26 18:30:00,59.83
2018-08-26 18:45:00,58.239998
2018-08-26 19:00:00,60.42
2018-08-26 19:15:00,52.26
2018-08-26 19:30:00,52.39
2018-08-26 19:45:00,52.58
2018-08-26 20:00:00,49.690002
2018-08-26 20:15:00,49.809998
2018-08-26 20:30:00,69.17
2018-08-26 20:45:00,59.699997
2018-08-26 21:00:00,56.0
2018-08-26 21:15:00,52.129997
2018-08-26 21:30:00,47.45
2018-08-26 21:45:00,47.84
2018-08-26 22:00:00,41.66
2018-08-26 22:15:00,45.08
2018-08-26 22:30:00,46.33
2018-08-26 22:45:00,43.57
2018-08-26 23:00:00,37.98
2018-08-26 23:15:00,35.010002
2018-08-26 23:30:00,36.92
2018-08-26 23:45:00,39.29
2018-08-27 00:00:00,31.0
2018-08-27 00:15:00,30.009998
2018-08-27 00:30:00,18.76
2018-08-27 00:45:00,20.4
2018-08-27 01:00:00,17.17
2018-08-27 01:15:00,23.619999
2018-08-27 01:30:00,30.599998
2018-08-27 01:45:00,34.480003
2018-08-27 02:00:00,42.77
2018-08-27 02:15:00,50.54
2018-08-27 02:30:00,55.22
2018-08-27 02:45:00,53.9
2018-08-27 03:00:00,57.84
2018-08-27 03:15:00,70.82
2018-08-27 03:30:00,83.38
2018-08-27 03:45:00,90.75
2018-08-27 04:00:00,102.07
2018-08-27 04:15:00,105.49
2018-08-27 04:30:00,104.71
2018-08-27 04:45:00,110.76
2018-08-27 05:00:00,138.79001
2018-08-27 05:15:00,129.78
2018-08-27 05:30:00,143.26999
2018-08-27 05:45:00,147.62
2018-08-27 06:00:00,173.79999
2018-08-27 06:15:00,177.62
2018-08-27 06:30:00,183.29001
2018-08-27 06:45:00,185.92
2018-08-27 07:00:00,153.41
2018-08-27 07:15:00,150.11
2018-08-27 07:30:00,146.63
2018-08-27 07:45:00,178.61
2018-08-27 08:00:00,190.25998
2018-08-27 08:15:00,209.67
2018-08-27 08:30:00,224.75
2018-08-27 08:45:00,224.35
2018-08-27 09:00:00,222.97
2018-08-27 09:15:00,212.18
2018-08-27 09:30:00,197.82999
2018-08-27 09:45:00,202.23999
2018-08-27 10:00:00,202.17001
2018-08-27 10:15:00,202.63
2018-08-27 10:30:00,196.58
2018-08-27 10:45:00,192.37
2018-08-27 11:00:00,200.32999
2018-08-27 11:15:00,195.19
2018-08-27 11:30:00,187.49998
2018-08-27 11:45:00,181.51
2018-08-27 12:00:00,177.02998
2018-08-27 12:15:00,177.48999
2018-08-27 12:30:00,172.16
2018-08-27 12:45:00,162.36
2018-08-27 13:00:00,142.28
2018-08-27 13:15:00,138.34
2018-08-27 13:30:00,145.11
2018-08-27 13:45:00,139.12
2018-08-27 14:00:00,137.09
2018-08-27 14:15:00,162.16
2018-08-27 14:30:00,159.65
2018-08-27 14:45:00,158.14
2018-08-27 15:00:00,172.48999
2018-08-27 15:15:00,174.92
2018-08-27 15:30:00,179.6
2018-08-27 15:45:00,161.43
2018-08-27 16:00:00,157.35
2018-08-27 16:15:00,162.22
2018-08-27 16:30:00,154.72
2018-08-27 16:45:00,150.03998
2018-08-27 17:00:00,128.27
2018-08-27 17:15:00,138.4
2018-08-27 17:30:00,129.38
2018-08-27 17:45:00,117.6
2018-08-27 18:00:00,118.46
2018-08-27 18:15:00,112.149994
2018-08-27 18:30:00,109.44
2018-08-27 18:45:00,107.14
2018-08-27 19:00:00,104.83
2018-08-27 19:15:00,115.24
2018-08-27 19:30:00,113.72
2018-08-27 19:45:00,112.86
2018-08-27 20:00:00,102.729996
2018-08-27 20:15:00,96.479996
2018-08-27 20:30:00,85.82001
2018-08-27 20:45:00,93.84
2018-08-27 21:00:00,82.78999
2018-08-27 21:15:00,99.31
2018-08-27 21:30:00,91.22
2018-08-27 21:45:00,81.74
2018-08-27 22:00:00,76.28
2018-08-27 22:15:00,82.33
2018-08-27 22:30:00,71.4
2018-08-27 22:45:00,73.380005
2018-08-27 23:00:00,70.68
2018-08-27 23:15:00,67.78999
2018-08-27 23:30:00,67.32
2018-08-27 23:45:00,63.18
2018-08-28 00:00:00,63.71
2018-08-28 00:15:00,62.190002
2018-08-28 00:30:00,56.870003
2018-08-28 00:45:00,64.96
2018-08-28 01:00:00,65.09
2018-08-28 01:15:00,67.2
2018-08-28 01:30:00,75.55
2018-08-28 01:45:00,80.55
2018-08-28 02:00:00,61.199997
2018-08-28 02:15:00,90.229996
2018-08-28 02:30:00,99.64
2018-08-28 02:45:00,63.9
2018-08-28 03:00:00,86.74
2018-08-28 03:15:00,109.18
2018-08-28 03:30:00,104.5
2018-08-28 03:45:00,117.869995
2018-08-28 04:00:00,117.34
2018-08-28 04:15:00,120.57
2018-08-28 04:30:00,113.06
2018-08-28 04:45:00,123.33
2018-08-28 05:00:00,137.67
2018-08-28 05:15:00,144.0
2018-08-28 05:30:00,140.31
2018-08-28 05:45:00,161.63
2018-08-28 06:00:00,174.53
2018-08-28 06:15:00,211.12
2018-08-28 06:30:00,221.65
2018-08-28 06:45:00,223.95
2018-08-28 07:00:00,224.75
2018-08-28 07:15:00,223.29999
2018-08-28 07:30:00,221.05
2018-08-28 07:45:00,220.33
2018-08-28 08:00:00,221.39
2018-08-28 08:15:00,221.65
2018-08-28 08:30:00,217.95999
2018-08-28 08:45:00,217.9
2018-08-28 09:00:00,212.76001
2018-08-28 09:15:00,213.42
2018-08-28 09:30:00,202.43
2018-08-28 09:45:00,185.71999
2018-08-28 10:00:00,172.68
2018-08-28 10:15:00,177.89
2018-08-28 10:30:00,176.95999
2018-08-28 10:45:00,186.12
2018-08-28 11:00:00,188.68
2018-08-28 11:15:00,178.61
2018-08-28 11:30:00,173.54001
2018-08-28 11:45:00,182.56
2018-08-28 12:00:00,161.44
2018-08-28 12:15:00,152.02
2018-08-28 12:30:00,144.72
2018-08-28 12:45:00,155.64
2018-08-28 13:00:00,159.53
2018-08-28 13:15:00,163.01999
2018-08-28 13:30:00,155.70999
2018-08-28 13:45:00,159.59
2018-08-28 14:00:00,157.48999
2018-08-28 14:15:00,152.29001
2018-08-28 14:30:00,169.07
2018-08-28 14:45:00,161.44
2018-08-28 15:00:00,158.66998
2018-08-28 15:15:00,162.22
2018-08-28 15:30:00,159.53
2018-08-28 15:45:00,154.26001
2018-08-28 16:00:00,148.20999
2018-08-28 16:15:00,137.22
2018-08-28 16:30:00,137.15
2018-08-28 16:45:00,135.18
2018-08-28 17:00:00,134.51999
2018-08-28 17:15:00,120.18
2018-08-28 17:30:00,121.28999
2018-08-28 17:45:00,111.68
2018-08-28 18:00:00,92.399994
2018-08-28 18:15:00,89.44
2018-08-28 18:30:00,96.47
2018-08-28 18:45:00,103.72
2018-08-28 19:00:00,108.45
2018-08-28 19:15:00,102.99
2018-08-28 19:30:00,99.11
2018-08-28 19:45:00,101.61
2018-08-28 20:00:00,84.57
2018-08-28 20:15:00,88.31
2018-08-28 20:30:00,86.869995
2018-08-28 20:45:00,82.07
2018-08-28 21:00:00,78.64
2018-08-28 21:15:00,68.51
2018-08-28 21:30:00,69.369995
2018-08-28 21:45:00,61.34
2018-08-28 22:00:00,61.67
2018-08-28 22:15:00,42.84
2018-08-28 22:30:00,49.559998
2018-08-28 22:45:00,52.190002
2018-08-28 23:00:00,62.0
2018-08-28 23:15:00,56.989998
2018-08-28 23:30:00,68.97
2018-08-28 23:45:00,62.980003
2018-08-29 00:00:00,49.489998
2018-08-29 00:15:00,43.239998
2018-08-29 00:30:00,40.54
2018-08-29 00:45:00,30.8
2018-08-29 01:00:00,32.84
2018-08-29 01:15:00,43.5
2018-08-29 01:30:00,44.480003
2018-08-29 01:45:00,44.95
2018-08-29 02:00:00,46.73
2018-08-29 02:15:00,64.69
2018-08-29 02:30:00,87.2
2018-08-29 02:45:00,98.85
2018-08-29 03:00:00,114.64
2018-08-29 03:15:00,131.1
2018-08-29 03:30:00,132.67
2018-08-29 03:45:00,107.54
2018-08-29 04:00:00,110.16
2018-08-29 04:15:00,97.66
2018-08-29 04:30:00,96.41
2018-08-29 04:45:00,89.57
2018-08-29 05:00:00,90.35
2018-08-29 05:15:00,94.04
2018-08-29 05:30:00,103.58
2018-08-29 05:45:00,118.92
2018-08-29 06:00:00,145.31
2018-08-29 06:15:00,136.41998
2018-08-29 06:30:00,156.63
2018-08-29 06:45:00,172.36
2018-08-29 07:00:00,183.08
2018-08-29 07:15:00,169.07
2018-08-29 07:30:00,177.62
2018-08-29 07:45:00,183.02
2018-08-29 08:00:00,185.0
2018-08-29 08:15:00,180.12
2018-08-29 08:30:00,163.6
2018-08-29 08:45:00,155.32
2018-08-29 09:00:00,122.08
2018-08-29 09:15:00,118.0
2018-08-29 09:30:00,129.91
2018-08-29 09:45:00,139.0
2018-08-29 10:00:00,139.13
2018-08-29 10:15:00,122.67
2018-08-29 10:30:00,133.33
2018-08-29 10:45:00,142.60999
2018-08-29 11:00:00,132.21
2018-08-29 11:15:00,137.67
2018-08-29 11:30:00,141.17001
2018-08-29 11:45:00,152.88
2018-08-29 12:00:00,148.26999
2018-08-29 12:15:00,145.04
2018-08-29 12:30:00,150.44
2018-08-29 12:45:00,131.88
2018-08-29 13:00:00,122.93
2018-08-29 13:15:00,118.59
2018-08-29 13:30:00,117.149994
2018-08-29 13:45:00,115.770004
2018-08-29 14:00:00,119.509995
2018-08-29 14:15:00,109.11
2018-08-29 14:30:00,95.42
2018-08-29 14:45:00,100.75
2018-08-29 15:00:00,91.61
2018-08-29 15:15:00,84.43
2018-08-29 15:30:00,67.85
2018-08-29 15:45:00,77.72
2018-08-29 16:00:00,74.56
2018-08-29 16:15:00,76.47
2018-08-29 16:30:00,63.18
2018-08-29 16:45:00,60.67
2018-08-29 17:00:00,58.440002
2018-08-29 17:15:00,49.09
2018-08-29 17:30:00,36.39
2018-08-29 17:45:00,36.33
2018-08-29 18:00:00,28.96
2018-08-29 18:15:00,21.45
2018-08-29 18:30:00,18.16
2018-08-29 18:45:00,16.119999
2018-08-29 19:00:00,16.45
2018-08-29 19:15:00,16.32
2018-08-29 19:30:00,16.39
2018-08-29 19:45:00,21.92
2018-08-29 20:00:00,25.27
2018-08-29 20:15:00,31.130001
2018-08-29 20:30:00,26.849998
2018-08-29 20:45:00,23.619999
2018-08-29 21:00:00,23.43
2018-08-29 21:15:00,22.439999
2018-08-29 21:30:00,18.36
2018-08-29 21:45:00,20.4
2018-08-29 22:00:00,19.41
2018-08-29 22:15:00,16.119999
2018-08-29 22:30:00,18.89
2018-08-29 22:45:00,22.11
2018-08-29 23:00:00,21.39
2018-08-29 23:15:00,23.759998
2018-08-29 23:30:00,22.9
2018-08-29 23:45:00,21.65
2018-08-30 00:00:00,15.07
2018-08-30 00:15:00,21.92
2018-08-30 00:30:00,16.26
2018-08-30 00:45:00,14.35
2018-08-30 01:00:00,9.61
2018-08-30 01:15:00,12.84
2018-08-30 01:30:00,13.559999
2018-08-30 01:45:00,12.77
2018-08-30 02:00:00,17.11
2018-08-30 02:15:00,20.0
2018-08-30 02:30:00,24.810001
2018-08-30 02:45:00,26.85
2018-08-30 03:00:00,22.57
2018-08-30 03:15:00,23.5
2018-08-30 03:30:00,30.66
2018-08-30 03:45:00,32.11
2018-08-30 04:00:00,36.72
2018-08-30 04:15:00,44.489998
2018-08-30 04:30:00,56.54
2018-08-30 04:45:00,54.620003
2018-08-30 05:00:00,51.07
2018-08-30 05:15:00,59.03
2018-08-30 05:30:00,76.28
2018-08-30 05:45:00,98.25
2018-08-30 06:00:00,112.08
2018-08-30 06:15:00,134.39
2018-08-30 06:30:00,130.95999
2018-08-30 06:45:00,126.29
2018-08-30 07:00:00,123.990005
2018-08-30 07:15:00,119.979996
2018-08-30 07:30:00,126.42
2018-08-30 07:45:00,142.28
2018-08-30 08:00:00,144.33
2018-08-30 08:15:00,139.85
2018-08-30 08:30:00,129.25
2018-08-30 08:45:00,117.53
2018-08-30 09:00:00,113.79
2018-08-30 09:15:00,110.43
2018-08-30 09:30:00,109.51
2018-08-30 09:45:00,99.97
2018-08-30 10:00:00,98.649994
2018-08-30 10:15:00,102.67
2018-08-30 10:30:00,103.92
2018-08-30 10:45:00,107.21001
2018-08-30 11:00:00,102.67
2018-08-30 11:15:00,94.369995
2018-08-30 11:30:00,90.1
2018-08-30 11:45:00,82.979996
2018-08-30 12:00:00,86.08
2018-08-30 12:15:00,89.240005
2018-08-30 12:30:00,70.880005
2018-08-30 12:45:00,64.3
2018-08-30 13:00:00,65.61
2018-08-30 13:15:00,63.64
2018-08-30 13:30:00,49.29
2018-08-30 13:45:00,51.2
2018-08-30 14:00:00,54.690002
2018-08-30 14:15:00,64.3
2018-08-30 14:30:00,53.64
2018-08-30 14:45:00,52.190002
2018-08-30 15:00:00,48.239998
2018-08-30 15:15:00,47.32
2018-08-30 15:30:00,49.69
2018-08-30 15:45:00,46.199997
2018-08-30 16:00:00,35.54
2018-08-30 16:15:00,31.4
2018-08-30 16:30:00,28.029999
2018-08-30 16:45:00,22.77
2018-08-30 17:00:00,17.71
2018-08-30 17:15:00,11.389999
2018-08-30 17:30:00,9.01
2018-08-30 17:45:00,5.92
2018-08-30 18:00:00,2.3
2018-08-30 18:15:00,1.3199999
2018-08-30 18:30:00,0.86
2018-08-30 18:45:00,0.0
2018-08-30 19:00:00,0.0
2018-08-30 19:15:00,2.17
2018-08-30 19:30:00,2.24
2018-08-30 19:45:00,1.84
2018-08-30 20:00:00,1.52
2018-08-30 20:15:00,0.53000003
2018-08-30 20:30:00,6.31
2018-08-30 20:45:00,7.8999996
2018-08-30 21:00:00,10.6
2018-08-30 21:15:00,7.04
2018-08-30 21:30:00,6.05
2018-08-30 21:45:00,2.44
2018-08-30 22:00:00,2.1100001
2018-08-30 22:15:00,1.7800001
2018-08-30 22:30:00,1.84
2018-08-30 22:45:00,3.69
2018-08-30 23:00:00,4.41
2018-08-30 23:15:00,4.08
2018-08-30 23:30:00,5.3999996
2018-08-30 23:45:00,5.2
2018-08-31 00:00:00,6.84
2018-08-31 00:15:00,9.42
2018-08-31 00:30:00,10.27
2018-08-31 00:45:00,9.15
2018-08-31 01:00:00,12.57
2018-08-31 01:15:00,17.18
2018-08-31 01:30:00,31.849998
2018-08-31 01:45:00,38.04
2018-08-31 02:00:00,49.95
2018-08-31 02:15:00,54.36
2018-08-31 02:30:00,55.019997
2018-08-31 02:45:00,52.12
2018-08-31 03:00:00,60.550003
2018-08-31 03:15:00,64.759995
2018-08-31 03:30:00,87.99
2018-08-31 03:45:00,86.54
2018-08-31 04:00:00,86.4
2018-08-31 04:15:00,105.759995
2018-08-31 04:30:00,109.38
2018-08-31 04:45:00,117.67
2018-08-31 05:00:00,121.82
2018-08-31 05:15:00,135.56998
2018-08-31 05:30:00,131.1
2018-08-31 05:45:00,144.12
2018-08-31 06:00:00,144.58
2018-08-31 06:15:00,139.70999
2018-08-31 06:30:00,141.03
2018-08-31 06:45:00,141.36
2018-08-31 07:00:00,136.36
2018-08-31 07:15:00,124.770004
2018-08-31 07:30:00,137.81
2018-08-31 07:45:00,131.49
2018-08-31 08:00:00,126.49
2018-08-31 08:15:00,115.83
2018-08-31 08:30:00,103.39
2018-08-31 08:45:00,112.74
2018-08-31 09:00:00,117.009995
2018-08-31 09:15:00,109.84
2018-08-31 09:30:00,115.17
2018-08-31 09:45:00,129.18
2018-08-31 10:00:00,129.70999
2018-08-31 10:15:00,126.950005
2018-08-31 10:30:00,116.75
2018-08-31 10:45:00,106.020004
2018-08-31 11:00:00,102.66
2018-08-31 11:15:00,102.729996
2018-08-31 11:30:00,97.27
2018-08-31 11:45:00,97.46
2018-08-31 12:00:00,91.020004
2018-08-31 12:15:00,105.56
2018-08-31 12:30:00,110.43
2018-08-31 12:45:00,103.130005
2018-08-31 13:00:00,86.270004
2018-08-31 13:15:00,90.82
2018-08-31 13:30:00,88.32
2018-08-31 13:45:00,88.19
2018-08-31 14:00:00,89.7
2018-08-31 14:15:00,94.31
2018-08-31 14:30:00,95.49
2018-08-31 14:45:00,78.45
2018-08-31 15:00:00,76.54
2018-08-31 15:15:00,68.11
2018-08-31 15:30:00,69.3
2018-08-31 15:45:00,67.78
2018-08-31 16:00:00,64.36
2018-08-31 16:15:00,55.620003
2018-08-31 16:30:00,54.89
2018-08-31 16:45:00,42.91
2018-08-31 17:00:00,43.63
2018-08-31 17:15:00,41.059998
2018-08-31 17:30:00,38.04
2018-08-31 17:45:00,27.18
2018-08-31 18:00:00,26.52
2018-08-31 18:15:00,26.32
2018-08-31 18:30:00,31.130001
2018-08-31 18:45:00,27.31
2018-08-31 19:00:00,25.669998
2018-08-31 19:15:00,24.94
2018-08-31 19:30:00,31.59
2018-08-31 19:45:00,32.510002
2018-08-31 20:00:00,33.96
2018-08-31 20:15:00,30.93
2018-08-31 20:30:00,30.34
2018-08-31 20:45:00,33.370003
2018-08-31 21:00:00,32.9
2018-08-31 21:15:00,27.970001
2018-08-31 21:30:00,26.98
2018-08-31 21:45:00,30.21
2018-08-31 22:00:00,31.720001
2018-08-31 22:15:00,27.96
2018-08-31 22:30:00,29.68
2018-08-31 22:45:00,29.220001
2018-08-31 23:00:00,32.71
2018-08-31 23:15:00,30.93
2018-08-31 23:30:00,30.67
2018-08-31 23:45:00,31.65
2018-09-01 00:00:00,35.67
2018-09-01 00:15:00,32.7
2018-09-01 00:30:00,24.81
2018-09-01 00:45:00,26.98
2018-09-01 01:00:00,28.7
2018-09-01 01:15:00,28.76
2018-09-01 01:30:00,29.95
2018-09-01 01:45:00,35.8
2018-09-01 02:00:00,39.55
2018-09-01 02:15:00,48.9
2018-09-01 02:30:00,52.18
2018-09-01 02:45:00,61.269997
2018-09-01 03:00:00,73.51
2018-09-01 03:15:00,73.11
2018-09-01 03:30:00,87.92
2018-09-01 03:45:00,92.990005
2018-09-01 04:00:00,96.94
2018-09-01 04:15:00,90.82
2018-09-01 04:30:00,93.78
2018-09-01 04:45:00,101.619995
2018-09-01 05:00:00,106.479996
2018-09-01 05:15:00,110.490005
2018-09-01 05:30:00,113.19
2018-09-01 05:45:00,103.92
2018-09-01 06:00:00,114.18
2018-09-01 06:15:00,104.31
2018-09-01 06:30:00,99.759995
2018-09-01 06:45:00,104.24
2018-09-01 07:00:00,86.22
2018-09-01 07:15:00,72.990005
2018-09-01 07:30:00,67.92
2018-09-01 07:45:00,62.059998
2018-09-01 08:00:00,59.559998
2018-09-01 08:15:00,62.59
2018-09-01 08:30:00,72.46
2018-09-01 08:45:00,83.78
2018-09-01 09:00:00,100.89
2018-09-01 09:15:00,110.1
2018-09-01 09:30:00,107.21
2018-09-01 09:45:00,102.86
2018-09-01 10:00:00,107.14
2018-09-01 10:15:00,112.87
2018-09-01 10:30:00,107.99
2018-09-01 10:45:00,112.469986
2018-09-01 11:00:00,117.06999
2018-09-01 11:15:00,104.71
2018-09-01 11:30:00,94.89
2018-09-01 11:45:00,98.85
2018-09-01 12:00:00,101.8
2018-09-01 12:15:00,93.78
2018-09-01 12:30:00,93.06
2018-09-01 12:45:00,85.69
2018-09-01 13:00:00,88.71
2018-09-01 13:15:00,85.43
2018-09-01 13:30:00,78.18
2018-09-01 13:45:00,79.17
2018-09-01 14:00:00,82.06
2018-09-01 14:15:00,88.45
2018-09-01 14:30:00,89.51
2018-09-01 14:45:00,92.92
2018-09-01 15:00:00,86.8
2018-09-01 15:15:00,78.18
2018-09-01 15:30:00,71.67
2018-09-01 15:45:00,62.26
2018-09-01 16:00:00,53.309998
2018-09-01 16:15:00,50.87
2018-09-01 16:30:00,40.47
2018-09-01 16:45:00,33.49
2018-09-01 17:00:00,31.92
2018-09-01 17:15:00,32.11
2018-09-01 17:30:00,24.81
2018-09-01 17:45:00,31.0
2018-09-01 18:00:00,28.82
2018-09-01 18:15:00,27.970001
2018-09-01 18:30:00,27.04
2018-09-01 18:45:00,26.779999
2018-09-01 19:00:00,27.64
2018-09-01 19:15:00,23.1
2018-09-01 19:30:00,21.19
2018-09-01 19:45:00,20.599998
2018-09-01 20:00:00,24.02
2018-09-01 20:15:00,26.0
2018-09-01 20:30:00,26.380001
2018-09-01 20:45:00,23.89
2018-09-01 21:00:00,19.81
2018-09-01 21:15:00,28.95
2018-09-01 21:30:00,34.29
2018-09-01 21:45:00,34.62
2018-09-01 22:00:00,39.879997
2018-09-01 22:15:00,41.989998
2018-09-01 22:30:00,51.4
2018-09-01 22:45:00,55.34
2018-09-01 23:00:00,62.12
2018-09-01 23:15:00,58.37
2018-09-01 23:30:00,57.0
2018-09-01 23:45:00,57.65
2018-09-02 00:00:00,42.84
2018-09-02 00:15:00,22.45
2018-09-02 00:30:00,33.239998
2018-09-02 00:45:00,33.04
2018-09-02 01:00:00,21.919998
2018-09-02 01:15:00,18.369999
2018-09-02 01:30:00,22.11
2018-09-02 01:45:00,21.720001
2018-09-02 02:00:00,36.989998
2018-09-02 02:15:00,27.77
2018-09-02 02:30:00,34.16
2018-09-02 02:45:00,41.39
2018-09-02 03:00:00,42.77
2018-09-02 03:15:00,54.690002
2018-09-02 03:30:00,58.17
2018-09-02 03:45:00,46.07
2018-09-02 04:00:00,55.42
2018-09-02 04:15:00,54.43
2018-09-02 04:30:00,61.199997
2018-09-02 04:45:00,76.21001
2018-09-02 05:00:00,79.63
2018-09-02 05:15:00,81.47
2018-09-02 05:30:00,96.869995
2018-09-02 05:45:00,101.75
2018-09-02 06:00:00,112.869995
2018-09-02 06:15:00,121.289986
2018-09-02 06:30:00,119.97
2018-09-02 06:45:00,131.54999
2018-09-02 07:00:00,152.01999
2018-09-02 07:15:00,147.27998
2018-09-02 07:30:00,153.67
2018-09-02 07:45:00,154.33
2018-09-02 08:00:00,156.43
2018-09-02 08:15:00,142.34999
2018-09-02 08:30:00,103.649994
2018-09-02 08:45:00,106.09
2018-09-02 09:00:00,108.79
2018-09-02 09:15:00,87.729996
2018-09-02 09:30:00,73.12
2018-09-02 09:45:00,62.98
2018-09-02 10:00:00,56.86
2018-09-02 10:15:00,46.0
2018-09-02 10:30:00,35.86
2018-09-02 10:45:00,25.14
2018-09-02 11:00:00,29.42
2018-09-02 11:15:00,41.07
2018-09-02 11:30:00,27.31
2018-09-02 11:45:00,28.23
2018-09-02 12:00:00,28.029999
2018-09-02 12:15:00,24.15
2018-09-02 12:30:00,21.98
2018-09-02 12:45:00,22.11
2018-09-02 13:00:00,19.02
2018-09-02 13:15:00,12.110001
2018-09-02 13:30:00,8.23
2018-09-02 13:45:00,1.97
2018-09-02 14:00:00,0.53
2018-09-02 14:15:00,0.0
2018-09-02 14:30:00,0.2
2018-09-02 14:45:00,0.26
2018-09-02 15:00:00,0.0
2018-09-02 15:15:00,0.0
2018-09-02 15:30:00,1.1199999
2018-09-02 15:45:00,6.45
2018-09-02 16:00:00,6.91
2018-09-02 16:15:00,9.01
2018-09-02 16:30:00,9.01
2018-09-02 16:45:00,3.16
2018-09-02 17:00:00,3.75
2018-09-02 17:15:00,3.62
2018-09-02 17:30:00,2.3700001
2018-09-02 17:45:00,3.0300002
2018-09-02 18:00:00,7.5600004
2018-09-02 18:15:00,6.05
2018-09-02 18:30:00,1.84
2018-09-02 18:45:00,0.0
2018-09-02 19:00:00,0.2
2018-09-02 19:15:00,4.67
2018-09-02 19:30:00,5.99
2018-09-02 19:45:00,71.07
2018-09-02 20:00:00,46.07
2018-09-02 20:15:00,24.48
2018-09-02 20:30:00,12.700001
2018-09-02 20:45:00,3.8200002
2018-09-02 21:00:00,1.12
2018-09-02 21:15:00,0.46
2018-09-02 21:30:00,1.71
2018-09-02 21:45:00,103.98
2018-09-02 22:00:00,137.73999
2018-09-02 22:15:00,128.33
2018-09-02 22:30:00,63.25
2018-09-02 22:45:00,14.879999
2018-09-02 23:00:00,4.21
2018-09-02 23:15:00,0.66
2018-09-02 23:30:00,0.33
2018-09-02 23:45:00,0.0
2018-09-03 00:00:00,0.0
2018-09-03 00:15:00,22.97
2018-09-03 00:30:00,85.69
2018-09-03 00:45:00,62.59
2018-09-03 01:00:00,42.97
2018-09-03 01:15:00,55.15
2018-09-03 01:30:00,42.440002
2018-09-03 01:45:00,39.29
2018-09-03 02:00:00,36.46
2018-09-03 02:15:00,81.8
2018-09-03 02:30:00,190.65
2018-09-03 02:45:00,159.05998
2018-09-03 03:00:00,83.119995
2018-09-03 03:15:00,75.42
2018-09-03 03:30:00,113.39
2018-09-03 03:45:00,89.630005
2018-09-03 04:00:00,69.56
2018-09-03 04:15:00,78.899994
2018-09-03 04:30:00,67.46
2018-09-03 04:45:00,41.72
2018-09-03 05:00:00,5.01
2018-09-03 05:15:00,0.0
2018-09-03 05:30:00,0.46
2018-09-03 05:45:00,2.37
2018-09-03 06:00:00,1.71
2018-09-03 06:15:00,0.0
2018-09-03 06:30:00,0.0
2018-09-03 06:45:00,0.0
2018-09-03 07:00:00,0.0
2018-09-03 07:15:00,0.0
2018-09-03 07:30:00,0.19999999
2018-09-03 07:45:00,3.8899999
2018-09-03 08:00:00,8.82
2018-09-03 08:15:00,29.279999
2018-09-03 08:30:00,40.61
2018-09-03 08:45:00,39.22
2018-09-03 09:00:00,38.43
2018-09-03 09:15:00,50.47
2018-09-03 09:30:00,53.510002
2018-09-03 09:45:00,34.68
2018-09-03 10:00:00,29.02
2018-09-03 10:15:00,25.599998
2018-09-03 10:30:00,17.18
2018-09-03 10:45:00,5.3999996
2018-09-03 11:00:00,0.0
2018-09-03 11:15:00,0.0
2018-09-03 11:30:00,0.0
2018-09-03 11:45:00,0.0
2018-09-03 12:00:00,0.0
2018-09-03 12:15:00,0.0
2018-09-03 12:30:00,0.0
2018-09-03 12:45:00,0.0
2018-09-03 13:00:00,0.0
2018-09-03 13:15:00,0.0
2018-09-03 13:30:00,0.0
2018-09-03 13:45:00,0.0
2018-09-03 14:00:00,0.0
2018-09-03 14:15:00,0.0
2018-09-03 14:30:00,0.0
2018-09-03 14:45:00,0.0
2018-09-03 15:00:00,0.0
2018-09-03 15:15:00,0.0
2018-09-03 15:30:00,0.0
2018-09-03 15:45:00,0.0
2018-09-03 16:00:00,0.0
2018-09-03 16:15:00,0.0
2018-09-03 16:30:00,0.0
2018-09-03 16:45:00,0.0
2018-09-03 17:00:00,0.0
2018-09-03 17:15:00,0.07
2018-09-03 17:30:00,0.0
2018-09-03 17:45:00,0.0
2018-09-03 18:00:00,0.0
2018-09-03 18:15:00,0.0
2018-09-03 18:30:00,0.0
2018-09-03 18:45:00,0.0
2018-09-03 19:00:00,0.0
2018-09-03 19:15:00,0.0
2018-09-03 19:30:00,0.0
2018-09-03 19:45:00,0.0
2018-09-03 20:00:00,0.0
2018-09-03 20:15:00,0.0
2018-09-03 20:30:00,0.0
2018-09-03 20:45:00,0.0
2018-09-03 21:00:00,0.0
2018-09-03 21:15:00,0.0
2018-09-03 21:30:00,0.0
2018-09-03 21:45:00,0.0
2018-09-03 22:00:00,0.0
2018-09-03 22:15:00,0.0
2018-09-03 22:30:00,0.0
2018-09-03 22:45:00,0.0
2018-09-03 23:00:00,0.0
2018-09-03 23:15:00,0.0
2018-09-03 23:30:00,0.0
2018-09-03 23:45:00,0.0
2018-09-04 00:00:00,0.0
2018-09-04 00:15:00,0.07
2018-09-04 00:30:00,0.0
2018-09-04 00:45:00,0.0
2018-09-04 01:00:00,0.0
2018-09-04 01:15:00,0.07
2018-09-04 01:30:00,0.79
2018-09-04 01:45:00,9.68
2018-09-04 02:00:00,29.42
2018-09-04 02:15:00,48.440002
2018-09-04 02:30:00,38.17
2018-09-04 02:45:00,33.43
2018-09-04 03:00:00,29.54
2018-09-04 03:15:00,32.44
2018-09-04 03:30:00,38.83
2018-09-04 03:45:00,24.74
2018-09-04 04:00:00,18.619999
2018-09-04 04:15:00,16.45
2018-09-04 04:30:00,22.05
2018-09-04 04:45:00,29.75
2018-09-04 05:00:00,26.779999
2018-09-04 05:15:00,14.48
2018-09-04 05:30:00,17.11
2018-09-04 05:45:00,23.83
2018-09-04 06:00:00,30.14
2018-09-04 06:15:00,29.22
2018-09-04 06:30:00,39.620003
2018-09-04 06:45:00,55.61
2018-09-04 07:00:00,46.989998
2018-09-04 07:15:00,41.92
2018-09-04 07:30:00,41.92
2018-09-04 07:45:00,43.57
2018-09-04 08:00:00,63.309998
2018-09-04 08:15:00,70.28
2018-09-04 08:30:00,45.739998
2018-09-04 08:45:00,39.09
2018-09-04 09:00:00,34.68
2018-09-04 09:15:00,47.120003
2018-09-04 09:30:00,47.32
2018-09-04 09:45:00,45.21
2018-09-04 10:00:00,53.38
2018-09-04 10:15:00,60.42
2018-09-04 10:30:00,73.509995
2018-09-04 10:45:00,72.86
2018-09-04 11:00:00,58.699997
2018-09-04 11:15:00,52.059998
2018-09-04 11:30:00,52.98
2018-09-04 11:45:00,62.39
2018-09-04 12:00:00,63.71
2018-09-04 12:15:00,65.75
2018-09-04 12:30:00,71.41
2018-09-04 12:45:00,79.1
2018-09-04 13:00:00,68.84
2018-09-04 13:15:00,49.690002
2018-09-04 13:30:00,40.34
2018-09-04 13:45:00,40.93
2018-09-04 14:00:00,59.43
2018-09-04 14:15:00,60.35
2018-09-04 14:30:00,54.95
2018-09-04 14:45:00,50.809998
2018-09-04 15:00:00,34.879997
2018-09-04 15:15:00,22.380001
2018-09-04 15:30:00,14.48
2018-09-04 15:45:00,14.54
2018-09-04 16:00:00,13.62
2018-09-04 16:15:00,8.23
2018-09-04 16:30:00,4.4
2018-09-04 16:45:00,0.8
2018-09-04 17:00:00,0.66
2018-09-04 17:15:00,0.92
2018-09-04 17:30:00,0.65999997
2018-09-04 17:45:00,2.37
2018-09-04 18:00:00,2.77
2018-09-04 18:15:00,3.16
2018-09-04 18:30:00,1.18
2018-09-04 18:45:00,4.4700003
2018-09-04 19:00:00,3.68
2018-09-04 19:15:00,4.2799997
2018-09-04 19:30:00,3.49
2018-09-04 19:45:00,2.3700001
2018-09-04 20:00:00,2.9599998
2018-09-04 20:15:00,1.0600001
2018-09-04 20:30:00,0.07
2018-09-04 20:45:00,0.0
2018-09-04 21:00:00,0.0
2018-09-04 21:15:00,0.0
2018-09-04 21:30:00,0.0
2018-09-04 21:45:00,0.0
2018-09-04 22:00:00,0.0
2018-09-04 22:15:00,0.0
2018-09-04 22:30:00,4.01
2018-09-04 22:45:00,14.55
2018-09-04 23:00:00,24.61
2018-09-04 23:15:00,32.84
2018-09-04 23:30:00,38.89
2018-09-04 23:45:00,26.45
2018-09-05 00:00:00,15.73
2018-09-05 00:15:00,11.98
2018-09-05 00:30:00,11.19
2018-09-05 00:45:00,3.88
2018-09-05 01:00:00,2.17
2018-09-05 01:15:00,3.4199998
2018-09-05 01:30:00,3.29
2018-09-05 01:45:00,8.36
2018-09-05 02:00:00,18.23
2018-09-05 02:15:00,26.13
2018-09-05 02:30:00,21.85
2018-09-05 02:45:00,25.67
2018-09-05 03:00:00,24.22
2018-09-05 03:15:00,19.15
2018-09-05 03:30:00,20.73
2018-09-05 03:45:00,20.14
2018-09-05 04:00:00,24.29
2018-09-05 04:15:00,35.21
2018-09-05 04:30:00,38.239998
2018-09-05 04:45:00,24.48
2018-09-05 05:00:00,18.759998
2018-09-05 05:15:00,14.08
2018-09-05 05:30:00,21.130001
2018-09-05 05:45:00,19.48
2018-09-05 06:00:00,11.58
2018-09-05 06:15:00,10.79
2018-09-05 06:30:00,8.89
2018-09-05 06:45:00,11.98
2018-09-05 07:00:00,16.650002
2018-09-05 07:15:00,12.110001
2018-09-05 07:30:00,12.38
2018-09-05 07:45:00,10.790001
2018-09-05 08:00:00,9.41
2018-09-05 08:15:00,11.32
2018-09-05 08:30:00,10.66
2018-09-05 08:45:00,6.25
2018-09-05 09:00:00,9.81
2018-09-05 09:15:00,14.48
2018-09-05 09:30:00,16.65
2018-09-05 09:45:00,23.76
2018-09-05 10:00:00,18.95
2018-09-05 10:15:00,12.97
2018-09-05 10:30:00,11.45
2018-09-05 10:45:00,11.25
2018-09-05 11:00:00,6.44
2018-09-05 11:15:00,9.87
2018-09-05 11:30:00,12.37
2018-09-05 11:45:00,19.81
2018-09-05 12:00:00,26.52
2018-09-05 12:15:00,56.72
2018-09-05 12:30:00,36.4
2018-09-05 12:45:00,25.4
2018-09-05 13:00:00,14.35
2018-09-05 13:15:00,2.96
2018-09-05 13:30:00,7.37
2018-09-05 13:45:00,0.53
2018-09-05 14:00:00,0.0
2018-09-05 14:15:00,0.0
2018-09-05 14:30:00,2.17
2018-09-05 14:45:00,2.8899999
2018-09-05 15:00:00,14.21
2018-09-05 15:15:00,0.0
2018-09-05 15:30:00,0.0
2018-09-05 15:45:00,0.0
2018-09-05 16:00:00,0.0
2018-09-05 16:15:00,0.0
2018-09-05 16:30:00,0.0
2018-09-05 16:45:00,0.0
2018-09-05 17:00:00,0.0
2018-09-05 17:15:00,0.0
2018-09-05 17:30:00,0.0
2018-09-05 17:45:00,0.0
2018-09-05 18:00:00,0.0
2018-09-05 18:15:00,0.0
2018-09-05 18:30:00,0.0
2018-09-05 18:45:00,0.0
2018-09-05 19:00:00,0.0
2018-09-05 19:15:00,0.0
2018-09-05 19:30:00,0.0
2018-09-05 19:45:00,0.0
2018-09-05 20:00:00,0.0
2018-09-05 20:15:00,0.0
2018-09-05 20:30:00,0.0
2018-09-05 20:45:00,0.0
2018-09-05 21:00:00,0.0
2018-09-05 21:15:00,0.0
2018-09-05 21:30:00,0.0
2018-09-05 21:45:00,0.32999998
2018-09-05 22:00:00,1.1800001
2018-09-05 22:15:00,2.5700002
2018-09-05 22:30:00,1.05
2018-09-05 22:45:00,1.51
2018-09-05 23:00:00,1.84
2018-09-05 23:15:00,4.41
2018-09-05 23:30:00,4.87
2018-09-05 23:45:00,9.21
2018-09-06 00:00:00,3.35
2018-09-06 00:15:00,2.6999998
2018-09-06 00:30:00,0.0
2018-09-06 00:45:00,1.45
2018-09-06 01:00:00,2.5
2018-09-06 01:15:00,7.83
2018-09-06 01:30:00,10.26
2018-09-06 01:45:00,9.940001
2018-09-06 02:00:00,13.690001
2018-09-06 02:15:00,7.1099997
2018-09-06 02:30:00,3.75
2018-09-06 02:45:00,4.4700003
2018-09-06 03:00:00,3.5500002
2018-09-06 03:15:00,5.92
2018-09-06 03:30:00,2.3700001
2018-09-06 03:45:00,0.79
2018-09-06 04:00:00,1.05
2018-09-06 04:15:00,0.0
2018-09-06 04:30:00,0.0
2018-09-06 04:45:00,0.0
2018-09-06 05:01:00,0.0
2018-09-06 05:15:00,0.0
2018-09-06 05:30:00,0.0
2018-09-06 05:45:00,0.0
2018-09-06 06:00:00,0.0
2018-09-06 06:15:00,0.0
2018-09-06 06:30:00,0.0
2018-09-06 06:45:00,0.0
2018-09-06 07:00:00,0.0
2018-09-06 07:15:00,0.0
2018-09-06 07:30:00,0.0
2018-09-06 07:45:00,0.0
2018-09-06 08:00:00,0.0
2018-09-06 08:15:00,0.0
2018-09-06 08:30:00,0.0
2018-09-06 08:45:00,0.0
2018-09-06 09:00:00,0.0
2018-09-06 09:15:00,0.0
2018-09-06 09:30:00,0.0
2018-09-06 09:45:00,0.0
2018-09-06 10:00:00,0.0
2018-09-06 10:15:00,0.0
2018-09-06 10:30:00,0.0
2018-09-06 10:45:00,0.0
2018-09-06 11:00:00,0.0
2018-09-06 11:15:00,0.0
2018-09-06 11:30:00,0.0
2018-09-06 11:45:00,0.0
2018-09-06 12:00:00,0.0
2018-09-06 12:15:00,0.0
2018-09-06 12:30:00,0.0
2018-09-06 12:45:00,0.0
2018-09-06 13:00:00,0.0
2018-09-06 13:15:00,0.0
2018-09-06 13:30:00,0.66
2018-09-06 13:45:00,1.64
2018-09-06 14:00:00,5.2000003
2018-09-06 14:15:00,6.25
2018-09-06 14:30:00,11.31
2018-09-06 14:45:00,5.46
2018-09-06 15:00:00,3.9499998
2018-09-06 15:15:00,6.06
2018-09-06 15:30:00,8.88
2018-09-06 15:45:00,11.84
2018-09-06 16:00:00,13.82
2018-09-06 16:15:00,2.17
2018-09-06 16:30:00,4.01
2018-09-06 16:45:00,8.3
2018-09-06 17:00:00,5.46
2018-09-06 17:15:00,12.76
2018-09-06 17:30:00,10.13
2018-09-06 17:45:00,13.36
2018-09-06 18:00:00,25.14
2018-09-06 18:15:00,22.31
2018-09-06 18:30:00,19.75
2018-09-06 18:45:00,15.39
2018-09-06 19:00:00,11.38
2018-09-06 19:15:00,11.25
2018-09-06 19:30:00,6.84
2018-09-06 19:45:00,3.8799999
2018-09-06 20:00:00,4.68
2018-09-06 20:15:00,11.91
2018-09-06 20:30:00,14.679999
2018-09-06 20:45:00,7.8900003
2018-09-06 21:00:00,6.12
2018-09-06 21:15:00,1.77
2018-09-06 21:30:00,0.07
2018-09-06 21:45:00,0.13
2018-09-06 22:00:00,1.65
2018-09-06 22:15:00,3.16
2018-09-06 22:30:00,0.32999998
2018-09-06 22:45:00,0.0
2018-09-06 23:00:00,0.0
2018-09-06 23:15:00,0.0
2018-09-06 23:30:00,0.13
2018-09-06 23:45:00,0.0
2018-09-07 00:00:00,0.13
2018-09-07 00:15:00,8.09
2018-09-07 00:30:00,12.380001
2018-09-07 00:45:00,10.67
2018-09-07 01:00:00,2.5700002
2018-09-07 01:15:00,0.2
2018-09-07 01:30:00,0.0
2018-09-07 01:45:00,0.0
2018-09-07 02:00:00,0.0
2018-09-07 02:15:00,0.0
2018-09-07 02:30:00,0.0
2018-09-07 02:45:00,0.0
2018-09-07 03:00:00,0.0
2018-09-07 03:15:00,0.0
2018-09-07 03:30:00,0.0
2018-09-07 03:45:00,0.0
2018-09-07 04:00:00,1.8399999
2018-09-07 04:15:00,10.33
2018-09-07 04:30:00,8.16
2018-09-07 04:45:00,2.37
2018-09-07 05:00:00,1.25
2018-09-07 05:15:00,0.2
2018-09-07 05:30:00,0.07
2018-09-07 05:45:00,0.0
2018-09-07 06:00:00,0.0
2018-09-07 06:15:00,0.0
2018-09-07 06:30:00,1.0500001
2018-09-07 06:45:00,0.59999996
2018-09-07 07:00:00,0.07
2018-09-07 07:15:00,0.0
2018-09-07 07:30:00,0.0
2018-09-07 07:45:00,0.0
2018-09-07 08:00:00,0.0
2018-09-07 08:15:00,0.0
2018-09-07 08:30:00,0.0
2018-09-07 08:45:00,0.0
2018-09-07 09:00:00,0.0
2018-09-07 09:15:00,0.0
2018-09-07 09:30:00,0.0
2018-09-07 09:45:00,0.0
2018-09-07 10:00:00,0.0
2018-09-07 10:15:00,0.0
2018-09-07 10:30:00,0.0
2018-09-07 10:45:00,0.0
2018-09-07 11:00:00,0.0
2018-09-07 11:15:00,0.0
2018-09-07 11:30:00,0.0
2018-09-07 11:45:00,0.0
2018-09-07 12:00:00,0.0
2018-09-07 12:15:00,0.0
2018-09-07 12:30:00,0.0
2018-09-07 12:45:00,0.0
2018-09-07 13:00:00,0.0
2018-09-07 13:15:00,0.0
2018-09-07 13:30:00,0.0
2018-09-07 13:45:00,0.0
2018-09-07 14:00:00,0.0
2018-09-07 14:15:00,0.0
2018-09-07 14:30:00,0.0
2018-09-07 14:45:00,0.0
2018-09-07 15:00:00,0.0
2018-09-07 15:15:00,0.0
2018-09-07 15:30:00,0.0
2018-09-07 15:45:00,0.0
2018-09-07 16:00:00,0.0
2018-09-07 16:15:00,0.0
2018-09-07 16:30:00,0.0
2018-09-07 16:45:00,0.72
2018-09-07 17:00:00,6.98
2018-09-07 17:15:00,21.98
2018-09-07 17:30:00,35.21
2018-09-07 17:45:00,42.91
2018-09-07 18:00:00,33.24
2018-09-07 18:15:00,22.25
2018-09-07 18:30:00,15.01
2018-09-07 18:45:00,13.88
2018-09-07 19:00:00,15.27
2018-09-07 19:15:00,13.62
2018-09-07 19:30:00,7.83
2018-09-07 19:45:00,6.12
2018-09-07 20:00:00,3.81
2018-09-07 20:15:00,5.53
2018-09-07 20:30:00,9.67
2018-09-07 20:45:00,10.26
2018-09-07 21:00:00,12.17
2018-09-07 21:15:00,33.96
2018-09-07 21:30:00,60.02
2018-09-07 21:45:00,49.82
2018-09-07 22:00:00,46.59
2018-09-07 22:15:00,40.68
2018-09-07 22:30:00,47.45
2018-09-07 22:45:00,38.760002
2018-09-07 23:00:00,40.739998
2018-09-07 23:15:00,46.79
2018-09-07 23:30:00,53.9
2018-09-07 23:45:00,45.67
2018-09-08 00:00:00,46.86
2018-09-08 00:15:00,42.38
2018-09-08 00:30:00,48.239998
2018-09-08 00:45:00,47.71
2018-09-08 01:00:00,41.260002
2018-09-08 01:15:00,42.379997
2018-09-08 01:30:00,40.010002
2018-09-08 01:45:00,48.1
2018-09-08 02:00:00,44.29
2018-09-08 02:15:00,49.489998
2018-09-08 02:30:00,52.78
2018-09-08 02:45:00,48.379997
2018-09-08 03:00:00,50.28
2018-09-08 03:15:00,58.57
2018-09-08 03:30:00,56.93
2018-09-08 03:45:00,55.54
2018-09-08 04:00:00,53.83
2018-09-08 04:15:00,45.67
2018-09-08 04:30:00,36.79
2018-09-08 04:45:00,34.09
2018-09-08 05:00:00,30.74
2018-09-08 05:15:00,31.98
2018-09-08 05:30:00,37.38
2018-09-08 05:45:00,26.91
2018-09-08 06:00:00,25.08
2018-09-08 06:15:00,25.2
2018-09-08 06:30:00,19.869999
2018-09-08 06:45:00,21.85
2018-09-08 07:00:00,29.15
2018-09-08 07:15:00,29.48
2018-09-08 07:30:00,23.89
2018-09-08 07:45:00,16.98
2018-09-08 08:00:00,4.35
2018-09-08 08:15:00,0.78999996
2018-09-08 08:30:00,1.97
2018-09-08 08:45:00,2.44
2018-09-08 09:00:00,3.16
2018-09-08 09:15:00,1.19
2018-09-08 09:30:00,0.2
2018-09-08 09:45:00,0.0
2018-09-08 10:00:00,0.0
2018-09-08 10:15:00,0.0
2018-09-08 10:30:00,0.0
2018-09-08 10:45:00,0.0
2018-09-08 11:00:00,0.0
2018-09-08 11:15:00,3.42
2018-09-08 11:30:00,4.6800003
2018-09-08 11:45:00,3.3600001
2018-09-08 12:00:00,9.67
2018-09-08 12:15:00,4.54
2018-09-08 12:30:00,3.6200001
2018-09-08 12:45:00,6.84
2018-09-08 13:00:00,12.17
2018-09-08 13:15:00,40.48
2018-09-08 13:30:00,35.4
2018-09-08 13:45:00,24.22
2018-09-08 14:00:00,16.259998
2018-09-08 14:15:00,15.07
2018-09-08 14:30:00,32.77
2018-09-08 14:45:00,29.02
2018-09-08 15:00:00,32.71
2018-09-08 15:15:00,27.44
2018-09-08 15:30:00,32.71
2018-09-08 15:45:00,33.43
2018-09-08 16:00:00,27.77
2018-09-08 16:15:00,32.57
2018-09-08 16:30:00,36.79
2018-09-08 16:45:00,34.35
2018-09-08 17:00:00,34.61
2018-09-08 17:15:00,43.04
2018-09-08 17:30:00,58.9
2018-09-08 17:45:00,63.629997
2018-09-08 18:00:00,60.739998
2018-09-08 18:15:00,42.97
2018-09-08 18:30:00,34.28
2018-09-08 18:45:00,40.28
2018-09-08 19:00:00,57.059998
2018-09-08 19:15:00,44.559998
2018-09-08 19:30:00,41.46
2018-09-08 19:45:00,42.85
2018-09-08 20:00:00,21.71
2018-09-08 20:15:00,23.630001
2018-09-08 20:30:00,27.64
2018-09-08 20:45:00,21.119999
2018-09-08 21:00:00,19.279999
2018-09-08 21:15:00,36.120003
2018-09-08 21:30:00,53.239998
2018-09-08 21:45:00,43.83
2018-09-08 22:00:00,34.62
2018-09-08 22:15:00,17.12
2018-09-08 22:30:00,13.620001
2018-09-08 22:45:00,11.71
2018-09-08 23:00:00,14.22
2018-09-08 23:15:00,16.0
2018-09-08 23:30:00,17.11
2018-09-08 23:45:00,17.310001
2018-09-09 00:00:00,14.940001
2018-09-09 00:15:00,10.59
2018-09-09 00:30:00,4.74
2018-09-09 00:45:00,6.38
2018-09-09 01:00:00,5.46
2018-09-09 01:15:00,2.7
2018-09-09 01:30:00,4.94
2018-09-09 01:45:00,3.03
2018-09-09 02:00:00,0.79
2018-09-09 02:15:00,1.0600001
2018-09-09 02:30:00,0.79
2018-09-09 02:45:00,1.12
2018-09-09 03:00:00,2.17
2018-09-09 03:15:00,0.92
2018-09-09 03:30:00,1.05
2018-09-09 03:45:00,1.0600001
2018-09-09 04:00:00,1.25
2018-09-09 04:15:00,0.33
2018-09-09 04:30:00,0.79
2018-09-09 04:45:00,2.17
2018-09-09 05:00:00,1.71
2018-09-09 05:15:00,1.58
2018-09-09 05:30:00,1.58
2018-09-09 05:45:00,1.19
2018-09-09 06:00:00,1.58
2018-09-09 06:15:00,10.73
2018-09-09 06:30:00,9.28
2018-09-09 06:45:00,5.26
2018-09-09 07:00:00,10.92
2018-09-09 07:15:00,13.030001
2018-09-09 07:30:00,10.99
2018-09-09 07:45:00,9.27
2018-09-09 08:00:00,5.3999996
2018-09-09 08:15:00,2.04
2018-09-09 08:30:00,1.85
2018-09-09 08:45:00,0.73
2018-09-09 09:00:00,2.04
2018-09-09 09:15:00,4.14
2018-09-09 09:30:00,8.62
2018-09-09 09:45:00,13.690001
2018-09-09 10:00:00,16.19
2018-09-09 10:15:00,11.52
2018-09-09 10:30:00,15.86
2018-09-09 10:45:00,10.66
2018-09-09 11:00:00,11.91
2018-09-09 11:15:00,12.17
2018-09-09 11:30:00,16.779999
2018-09-09 11:45:00,18.96
2018-09-09 12:00:00,33.36
2018-09-09 12:15:00,27.369999
2018-09-09 12:30:00,37.91
2018-09-09 12:45:00,23.23
2018-09-09 13:00:00,23.560001
2018-09-09 13:15:00,22.630001
2018-09-09 13:30:00,7.96
2018-09-09 13:45:00,12.309999
2018-09-09 14:00:00,17.17
2018-09-09 14:15:00,17.77
2018-09-09 14:30:00,19.74
2018-09-09 14:45:00,19.419998
2018-09-09 15:00:00,24.54
2018-09-09 15:15:00,33.23
2018-09-09 15:30:00,25.01
2018-09-09 15:45:00,26.33
2018-09-09 16:00:00,24.08
2018-09-09 16:15:00,17.84
2018-09-09 16:30:00,28.63
2018-09-09 16:45:00,30.21
2018-09-09 17:00:00,28.23
2018-09-09 17:15:00,16.18
2018-09-09 17:30:00,23.96
2018-09-09 17:45:00,22.84
2018-09-09 18:00:00,13.35
2018-09-09 18:15:00,23.619999
2018-09-09 18:30:00,15.200001
2018-09-09 18:45:00,12.9
2018-09-09 19:00:00,7.96
2018-09-09 19:15:00,5.26
2018-09-09 19:30:00,7.9700003
2018-09-09 19:45:00,10.07
2018-09-09 20:00:00,8.62
2018-09-09 20:15:00,10.26
2018-09-09 20:30:00,9.21
2018-09-09 20:45:00,12.9
2018-09-09 21:00:00,11.91
2018-09-09 21:15:00,9.87
2018-09-09 21:30:00,3.94
2018-09-09 21:45:00,9.41
2018-09-09 22:00:00,8.23
2018-09-09 22:15:00,9.68
2018-09-09 22:30:00,10.26
2018-09-09 22:45:00,11.98
2018-09-09 23:00:00,4.6
2018-09-09 23:15:00,3.5500002
2018-09-09 23:30:00,4.08
2018-09-09 23:45:00,14.74
2018-09-10 00:00:00,0.86
2018-09-10 00:15:00,2.76
2018-09-10 00:30:00,8.42
2018-09-10 00:45:00,11.25
2018-09-10 01:00:00,9.02
2018-09-10 01:15:00,12.84
2018-09-10 01:30:00,10.0
2018-09-10 01:45:00,8.82
2018-09-10 02:00:00,7.37
2018-09-10 02:15:00,10.27
2018-09-10 02:30:00,11.98
2018-09-10 02:45:00,7.37
2018-09-10 03:00:00,4.67
2018-09-10 03:15:00,5.4700003
2018-09-10 03:30:00,6.91
2018-09-10 03:45:00,6.26
2018-09-10 04:00:00,3.3600001
2018-09-10 04:15:00,1.84
2018-09-10 04:30:00,1.64
2018-09-10 04:45:00,2.57
2018-09-10 05:00:00,2.7
2018-09-10 05:15:00,0.0
2018-09-10 05:30:00,0.0
2018-09-10 05:45:00,0.0
2018-09-10 06:00:00,0.0
2018-09-10 06:15:00,0.0
2018-09-10 06:30:00,0.0
2018-09-10 06:45:00,0.0
2018-09-10 07:00:00,0.0
2018-09-10 07:15:00,0.0
2018-09-10 07:30:00,0.0
2018-09-10 07:45:00,0.0
2018-09-10 08:00:00,0.0
2018-09-10 08:15:00,0.0
2018-09-10 08:30:00,0.0
2018-09-10 08:45:00,0.0
2018-09-10 09:00:00,0.0
2018-09-10 09:15:00,0.0
2018-09-10 09:30:00,0.0
2018-09-10 09:45:00,0.0
2018-09-10 10:00:00,0.0
2018-09-10 10:15:00,0.0
2018-09-10 10:30:00,0.0
2018-09-10 10:45:00,0.0
2018-09-10 11:00:00,0.0
2018-09-10 11:15:00,0.0
2018-09-10 11:30:00,0.0
2018-09-10 11:45:00,0.0
2018-09-10 12:00:00,0.0
2018-09-10 12:15:00,0.0
2018-09-10 12:30:00,0.0
2018-09-10 12:45:00,0.0
2018-09-10 13:00:00,0.0
2018-09-10 13:15:00,0.0
2018-09-10 13:30:00,0.0
2018-09-10 13:45:00,0.0
2018-09-10 14:00:00,0.0
2018-09-10 14:15:00,0.0
2018-09-10 14:30:00,0.0
2018-09-10 14:45:00,0.0
2018-09-10 15:00:00,0.0
2018-09-10 15:15:00,0.0
2018-09-10 15:30:00,0.0
2018-09-10 15:45:00,0.0
2018-09-10 16:00:00,0.0
2018-09-10 16:15:00,0.0
2018-09-10 16:30:00,0.0
2018-09-10 16:45:00,0.0
2018-09-10 17:00:00,0.0
2018-09-10 17:15:00,0.0
2018-09-10 17:30:00,0.0
2018-09-10 17:45:00,0.0
2018-09-10 18:00:00,0.13
2018-09-10 18:15:00,2.24
2018-09-10 18:30:00,4.41
2018-09-10 18:45:00,5.33
2018-09-10 19:00:00,4.47
2018-09-10 19:15:00,4.08
2018-09-10 19:30:00,4.01
2018-09-10 19:45:00,1.7099999
2018-09-10 20:00:00,5.5299997
2018-09-10 20:15:00,2.63
2018-09-10 20:30:00,3.6200001
2018-09-10 20:45:00,2.3700001
2018-09-10 21:00:00,1.98
2018-09-10 21:15:00,2.37
2018-09-10 21:30:00,1.45
2018-09-10 21:45:00,1.71
2018-09-10 22:00:00,0.73
2018-09-10 22:15:00,0.0
2018-09-10 22:30:00,0.0
2018-09-10 22:45:00,0.4
2018-09-10 23:00:00,0.07
2018-09-10 23:15:00,0.4
2018-09-10 23:30:00,0.0
2018-09-10 23:45:00,0.0
2018-09-11 00:00:00,0.0
2018-09-11 00:15:00,0.0
2018-09-11 00:30:00,0.0
2018-09-11 00:45:00,0.0
2018-09-11 01:00:00,0.0
2018-09-11 01:15:00,0.0
2018-09-11 01:30:00,0.0
2018-09-11 01:45:00,0.0
2018-09-11 02:00:00,0.0
2018-09-11 02:15:00,0.0
2018-09-11 02:30:00,0.4
2018-09-11 02:45:00,0.92
2018-09-11 03:00:00,2.17
2018-09-11 03:15:00,4.7400002
2018-09-11 03:30:00,5.07
2018-09-11 03:45:00,9.55
2018-09-11 04:00:00,10.59
2018-09-11 04:15:00,7.96
2018-09-11 04:30:00,6.3900003
2018-09-11 04:45:00,5.8599997
2018-09-11 05:00:00,5.79
2018-09-11 05:15:00,2.57
2018-09-11 05:30:00,1.25
2018-09-11 05:45:00,2.8899999
2018-09-11 06:00:00,4.67
2018-09-11 06:15:00,4.21
2018-09-11 06:30:00,3.62
2018-09-11 06:45:00,0.66
2018-09-11 07:00:00,0.53
2018-09-11 07:15:00,0.72
2018-09-11 07:30:00,0.99
2018-09-11 07:45:00,2.31
2018-09-11 08:00:00,10.2
2018-09-11 08:15:00,14.02
2018-09-11 08:30:00,19.35
2018-09-11 08:45:00,23.36
2018-09-11 09:00:00,19.810001
2018-09-11 09:15:00,15.73
2018-09-11 09:30:00,14.08
2018-09-11 09:45:00,13.68
2018-09-11 10:00:00,12.43
2018-09-11 10:15:00,7.37
2018-09-11 10:30:00,11.65
2018-09-11 10:45:00,7.5699997
2018-09-11 11:00:00,4.54
2018-09-11 11:15:00,1.7800001
2018-09-11 11:30:00,0.0
2018-09-11 11:45:00,0.0
2018-09-11 12:00:00,0.0
2018-09-11 12:15:00,0.0
2018-09-11 12:30:00,0.0
2018-09-11 12:45:00,0.0
2018-09-11 13:00:00,0.0
2018-09-11 13:15:00,0.0
2018-09-11 13:30:00,0.0
2018-09-11 13:45:00,0.0
2018-09-11 14:00:00,0.0
2018-09-11 14:15:00,0.0
2018-09-11 14:30:00,0.0
2018-09-11 14:45:00,0.0
2018-09-11 15:00:00,0.0
2018-09-11 15:15:00,0.0
2018-09-11 15:30:00,0.0
2018-09-11 15:45:00,0.0
2018-09-11 16:00:00,0.0
2018-09-11 16:15:00,0.0
2018-09-11 16:30:00,0.0
2018-09-11 16:45:00,0.0
2018-09-11 17:00:00,0.0
2018-09-11 17:15:00,0.0
2018-09-11 17:30:00,0.0
2018-09-11 17:45:00,0.0
2018-09-11 18:00:00,0.0
2018-09-11 18:15:00,0.0
2018-09-11 18:30:00,0.0
2018-09-11 18:45:00,0.0
2018-09-11 19:00:00,0.0
2018-09-11 19:15:00,0.0
2018-09-11 19:30:00,0.0
2018-09-11 19:45:00,0.0
2018-09-11 20:00:00,0.0
2018-09-11 20:15:00,0.0
2018-09-11 20:30:00,0.0
2018-09-11 20:45:00,0.0
2018-09-11 21:00:00,0.0
2018-09-11 21:15:00,0.0
2018-09-11 21:30:00,0.0
2018-09-11 21:45:00,0.0
2018-09-11 22:00:00,0.0
2018-09-11 22:15:00,0.0
2018-09-11 22:30:00,0.0
2018-09-11 22:45:00,0.0
2018-09-11 23:00:00,0.0
2018-09-11 23:15:00,0.0
2018-09-11 23:30:00,0.0
2018-09-11 23:45:00,0.0
2018-09-12 00:00:00,0.0
2018-09-12 00:15:00,0.0
2018-09-12 00:30:00,0.0
2018-09-12 00:45:00,0.0
2018-09-12 01:00:00,0.0
2018-09-12 01:15:00,0.0
2018-09-12 01:30:00,0.0
2018-09-12 01:45:00,0.0
2018-09-12 02:00:00,0.0
2018-09-12 02:15:00,6.71
2018-09-12 02:30:00,16.13
2018-09-12 02:45:00,22.7
2018-09-12 03:00:00,29.94
2018-09-12 03:15:00,29.29
2018-09-12 03:30:00,23.1
2018-09-12 03:45:00,19.02
2018-09-12 04:00:00,20.869999
2018-09-12 04:15:00,24.94
2018-09-12 04:30:00,26.189999
2018-09-12 04:45:00,25.27
2018-09-12 05:00:00,26.26
2018-09-12 05:15:00,25.27
2018-09-12 05:30:00,21.259998
2018-09-12 05:45:00,19.8
2018-09-12 06:00:00,21.46
2018-09-12 06:15:00,18.42
2018-09-12 06:30:00,22.970001
2018-09-12 06:45:00,27.31
2018-09-12 07:00:00,33.370003
2018-09-12 07:15:00,23.37
2018-09-12 07:30:00,24.48
2018-09-12 07:45:00,24.880001
2018-09-12 08:00:00,26.39
2018-09-12 08:15:00,22.71
2018-09-12 08:30:00,22.31
2018-09-12 08:45:00,17.64
2018-09-12 09:00:00,16.45
2018-09-12 09:15:00,15.0
2018-09-12 09:30:00,8.43
2018-09-12 09:45:00,12.77
2018-09-12 10:00:00,13.43
2018-09-12 10:15:00,11.98
2018-09-12 10:30:00,6.3100004
2018-09-12 10:45:00,5.5299997
2018-09-12 11:00:00,9.280001
2018-09-12 11:15:00,13.75
2018-09-12 11:30:00,14.68
2018-09-12 11:45:00,14.610001
2018-09-12 12:00:00,12.440001
2018-09-12 12:15:00,12.37
2018-09-12 12:30:00,8.49
2018-09-12 12:45:00,12.57
2018-09-12 13:00:00,10.2
2018-09-12 13:15:00,6.06
2018-09-12 13:30:00,3.35
2018-09-12 13:45:00,1.7099999
2018-09-12 14:00:00,1.5200001
2018-09-12 14:15:00,1.77
2018-09-12 14:30:00,0.07
2018-09-12 14:45:00,0.0
2018-09-12 15:00:00,0.0
2018-09-12 15:15:00,0.0
2018-09-12 15:30:00,0.0
2018-09-12 15:45:00,0.0
2018-09-12 16:00:00,0.0
2018-09-12 16:15:00,0.0
2018-09-12 16:30:00,0.0
2018-09-12 16:45:00,0.0
2018-09-12 17:00:00,0.0
2018-09-12 17:15:00,0.0
2018-09-12 17:30:00,0.0
2018-09-12 17:45:00,0.0
2018-09-12 18:00:00,0.0
2018-09-12 18:15:00,0.0
2018-09-12 18:30:00,0.0
2018-09-12 18:45:00,0.0
2018-09-12 19:00:00,1.25
2018-09-12 19:15:00,1.45
2018-09-12 19:30:00,2.7
2018-09-12 19:45:00,5.79
2018-09-12 20:00:00,5.99
2018-09-12 20:15:00,6.45
2018-09-12 20:30:00,6.6400003
2018-09-12 20:45:00,3.9499998
2018-09-12 21:00:00,1.91
2018-09-12 21:15:00,3.95
2018-09-12 21:30:00,6.3900003
2018-09-12 21:45:00,5.3999996
2018-09-12 22:00:00,6.9
2018-09-12 22:15:00,9.68
2018-09-12 22:30:00,8.620001
2018-09-12 22:45:00,13.559999
2018-09-12 23:00:00,10.27
2018-09-12 23:15:00,13.22
2018-09-12 23:30:00,9.21
2018-09-12 23:45:00,6.12
2018-09-13 00:00:00,9.28
2018-09-13 00:15:00,11.58
2018-09-13 00:30:00,7.37
2018-09-13 00:45:00,5.8
2018-09-13 01:00:00,7.63
2018-09-13 01:15:00,7.8900003
2018-09-13 01:30:00,7.5
2018-09-13 01:45:00,4.87
2018-09-13 02:00:00,4.9399996
2018-09-13 02:15:00,6.38
2018-09-13 02:30:00,11.52
2018-09-13 02:45:00,16.85
2018-09-13 03:00:00,26.52
2018-09-13 03:15:00,26.130001
2018-09-13 03:30:00,30.34
2018-09-13 03:45:00,32.12
2018-09-13 04:00:00,36.66
2018-09-13 04:15:00,37.449997
2018-09-13 04:30:00,39.09
2018-09-13 04:45:00,40.21
2018-09-13 05:00:00,40.67
2018-09-13 05:15:00,48.57
2018-09-13 05:30:00,45.35
2018-09-13 05:45:00,55.739998
2018-09-13 06:00:00,68.91
2018-09-13 06:15:00,68.97
2018-09-13 06:30:00,66.33
2018-09-13 06:45:00,67.130005
2018-09-13 07:00:00,62.46
2018-09-13 07:15:00,67.130005
2018-09-13 07:30:00,66.47
2018-09-13 07:45:00,48.370003
2018-09-13 08:00:00,46.33
2018-09-13 08:15:00,58.11
2018-09-13 08:30:00,58.64
2018-09-13 08:45:00,55.41
2018-09-13 09:00:00,45.940002
2018-09-13 09:15:00,46.260002
2018-09-13 09:30:00,56.199997
2018-09-13 09:45:00,57.059998
2018-09-13 10:00:00,54.95
2018-09-13 10:15:00,55.61
2018-09-13 10:30:00,55.68
2018-09-13 10:45:00,47.32
2018-09-13 11:00:00,48.44
2018-09-13 11:15:00,47.78
2018-09-13 11:30:00,47.71
2018-09-13 11:45:00,52.129997
2018-09-13 12:00:00,48.83
2018-09-13 12:15:00,44.82
2018-09-13 12:30:00,38.37
2018-09-13 12:45:00,32.12
2018-09-13 13:00:00,39.88
2018-09-13 13:15:00,42.78
2018-09-13 13:30:00,32.97
2018-09-13 13:45:00,37.12
2018-09-13 14:00:00,32.05
2018-09-13 14:15:00,40.41
2018-09-13 14:30:00,32.58
2018-09-13 14:45:00,36.980003
2018-09-13 15:00:00,41.98
2018-09-13 15:15:00,37.84
2018-09-13 15:30:00,33.5
2018-09-13 15:45:00,24.61
2018-09-13 16:00:00,23.630001
2018-09-13 16:15:00,18.3
2018-09-13 16:30:00,22.18
2018-09-13 16:45:00,22.25
2018-09-13 17:00:00,16.39
2018-09-13 17:15:00,13.360001
2018-09-13 17:30:00,15.139999
2018-09-13 17:45:00,17.310001
2018-09-13 18:00:00,19.42
2018-09-13 18:15:00,15.47
2018-09-13 18:30:00,16.45
2018-09-13 18:45:00,18.1
2018-09-13 19:00:00,21.59
2018-09-13 19:15:00,22.83
2018-09-13 19:30:00,14.54
2018-09-13 19:45:00,17.04
2018-09-13 20:00:00,15.33
2018-09-13 20:15:00,12.37
2018-09-13 20:30:00,15.34
2018-09-13 20:45:00,15.73
2018-09-13 21:00:00,17.11
2018-09-13 21:15:00,21.32
2018-09-13 21:30:00,15.2
2018-09-13 21:45:00,13.49
2018-09-13 22:00:00,15.27
2018-09-13 22:15:00,12.25
2018-09-13 22:30:00,5.6
2018-09-13 22:45:00,2.11
2018-09-13 23:00:00,2.6399999
2018-09-13 23:15:00,0.72999996
2018-09-13 23:30:00,2.37
2018-09-13 23:45:00,2.23
2018-09-14 00:00:00,3.42
2018-09-14 00:15:00,3.03
2018-09-14 00:30:00,2.31
2018-09-14 00:45:00,1.85
2018-09-14 01:00:00,2.7
2018-09-14 01:15:00,3.29
2018-09-14 01:30:00,4.21
2018-09-14 01:45:00,6.7799997
2018-09-14 02:00:00,8.82
2018-09-14 02:15:00,22.7
2018-09-14 02:30:00,23.82
2018-09-14 02:45:00,32.309998
2018-09-14 03:00:00,37.71
2018-09-14 03:15:00,33.760002
2018-09-14 03:30:00,31.32
2018-09-14 03:45:00,29.220001
2018-09-14 04:00:00,28.5
2018-09-14 04:15:00,28.17
2018-09-14 04:30:00,30.99
2018-09-14 04:45:00,31.98
2018-09-14 05:00:00,31.130001
2018-09-14 05:15:00,36.52
2018-09-14 05:30:00,38.690002
2018-09-14 05:45:00,35.54
2018-09-14 06:00:00,47.85
2018-09-14 06:15:00,62.78
2018-09-14 06:30:00,64.43
2018-09-14 06:45:00,74.69
2018-09-14 07:00:00,68.18
2018-09-14 07:15:00,58.050003
2018-09-14 07:30:00,51.39
2018-09-14 07:45:00,47.190002
2018-09-14 08:00:00,45.41
2018-09-14 08:15:00,40.67
2018-09-14 08:30:00,37.77
2018-09-14 08:45:00,31.07
2018-09-14 09:00:00,30.21
2018-09-14 09:15:00,29.35
2018-09-14 09:30:00,29.880001
2018-09-14 09:45:00,28.37
2018-09-14 10:00:00,35.41
2018-09-14 10:15:00,36.46
2018-09-14 10:30:00,34.36
2018-09-14 10:45:00,27.11
2018-09-14 11:00:00,20.08
2018-09-14 11:15:00,24.810001
2018-09-14 11:30:00,25.86
2018-09-14 11:45:00,24.95
2018-09-14 12:00:00,19.16
2018-09-14 12:15:00,8.29
2018-09-14 12:30:00,8.62
2018-09-14 12:45:00,11.450001
2018-09-14 13:00:00,8.360001
2018-09-14 13:15:00,2.63
2018-09-14 13:30:00,3.22
2018-09-14 13:45:00,2.04
2018-09-14 14:00:00,3.56
2018-09-14 14:15:00,5.13
2018-09-14 14:30:00,7.7000003
2018-09-14 14:45:00,10.059999
2018-09-14 15:00:00,4.6099997
2018-09-14 15:15:00,2.1100001
2018-09-14 15:30:00,1.05
2018-09-14 15:45:00,1.12
2018-09-14 16:00:00,0.0
2018-09-14 16:15:00,0.0
2018-09-14 16:30:00,0.0
2018-09-14 16:45:00,0.0
2018-09-14 17:00:00,0.0
2018-09-14 17:15:00,0.0
2018-09-14 17:30:00,0.0
2018-09-14 17:45:00,1.12
2018-09-14 18:00:00,6.6400003
2018-09-14 18:15:00,7.5
2018-09-14 18:30:00,8.690001
2018-09-14 18:45:00,7.6400003
2018-09-14 19:00:00,10.33
2018-09-14 19:15:00,7.83
2018-09-14 19:30:00,1.84
2018-09-14 19:45:00,3.42
2018-09-14 20:00:00,0.66
2018-09-14 20:15:00,0.0
2018-09-14 20:30:00,0.0
2018-09-14 20:45:00,0.0
2018-09-14 21:00:00,0.0
2018-09-14 21:15:00,0.0
2018-09-14 21:30:00,2.04
2018-09-14 21:45:00,1.51
2018-09-14 22:00:00,4.8
2018-09-14 22:15:00,3.6899998
2018-09-14 22:30:00,4.21
2018-09-14 22:45:00,10.6
2018-09-14 23:00:00,15.86
2018-09-14 23:15:00,23.23
2018-09-14 23:30:00,44.68
2018-09-14 23:45:00,49.23
2018-09-15 00:00:00,34.09
2018-09-15 00:15:00,22.64
2018-09-15 00:30:00,25.21
2018-09-15 00:45:00,23.5
2018-09-15 01:00:00,21.26
2018-09-15 01:15:00,24.15
2018-09-15 01:30:00,17.44
2018-09-15 01:45:00,13.17
2018-09-15 02:00:00,13.49
2018-09-15 02:15:00,28.76
2018-09-15 02:30:00,51.989998
2018-09-15 02:45:00,38.03
2018-09-15 03:00:00,25.6
2018-09-15 03:15:00,27.24
2018-09-15 03:30:00,27.31
2018-09-15 03:45:00,20.009998
2018-09-15 04:00:00,20.470001
2018-09-15 04:15:00,13.29
2018-09-15 04:30:00,9.41
2018-09-15 04:45:00,11.85
2018-09-15 05:00:00,16.32
2018-09-15 05:15:00,19.02
2018-09-15 05:30:00,20.14
2018-09-15 05:45:00,16.259998
2018-09-15 06:00:00,12.77
2018-09-15 06:15:00,6.59
2018-09-15 06:30:00,5.9300003
2018-09-15 06:45:00,11.639999
2018-09-15 07:00:00,10.59
2018-09-15 07:15:00,1.64
2018-09-15 07:30:00,0.2
2018-09-15 07:45:00,0.0
2018-09-15 08:00:00,0.0
2018-09-15 08:15:00,0.0
2018-09-15 08:30:00,0.0
2018-09-15 08:45:00,0.0
2018-09-15 09:00:00,0.0
2018-09-15 09:15:00,0.0
2018-09-15 09:30:00,0.0
2018-09-15 09:45:00,0.0
2018-09-15 10:00:00,0.0
2018-09-15 10:15:00,0.0
2018-09-15 10:30:00,0.0
2018-09-15 10:45:00,0.0
2018-09-15 11:00:00,0.0
2018-09-15 11:15:00,0.0
2018-09-15 11:30:00,0.0
2018-09-15 11:45:00,0.0
2018-09-15 12:00:00,0.0
2018-09-15 12:15:00,0.0
2018-09-15 12:30:00,0.0
2018-09-15 12:45:00,0.0
2018-09-15 13:00:00,0.0
2018-09-15 13:15:00,0.07
2018-09-15 13:30:00,0.0
2018-09-15 13:45:00,0.0
2018-09-15 14:00:00,0.0
2018-09-15 14:15:00,0.0
2018-09-15 14:30:00,0.0
2018-09-15 14:45:00,0.0
2018-09-15 15:00:00,0.0
2018-09-15 15:15:00,0.0
2018-09-15 15:30:00,0.0
2018-09-15 15:45:00,0.0
2018-09-15 16:00:00,0.0
2018-09-15 16:15:00,0.0
2018-09-15 16:30:00,0.0
2018-09-15 16:45:00,0.27
2018-09-15 17:00:00,1.71
2018-09-15 17:15:00,1.9100001
2018-09-15 17:30:00,1.39
2018-09-15 17:45:00,0.32999998
2018-09-15 18:00:00,2.76
2018-09-15 18:15:00,5.59
2018-09-15 18:30:00,6.45
2018-09-15 18:45:00,1.97
2018-09-15 19:00:00,4.08
2018-09-15 19:15:00,4.4700003
2018-09-15 19:30:00,6.65
2018-09-15 19:45:00,3.69
2018-09-15 20:01:00,1.58
2018-09-15 20:15:00,1.77
2018-09-15 20:30:00,1.77
2018-09-15 20:45:00,3.62
2018-09-15 21:00:00,0.79
2018-09-15 21:15:00,0.0
2018-09-15 21:30:00,0.0
2018-09-15 21:45:00,0.0
2018-09-15 22:00:00,0.0
2018-09-15 22:15:00,0.0
2018-09-15 22:30:00,0.0
2018-09-15 22:45:00,0.0
2018-09-15 23:00:00,0.0
2018-09-15 23:15:00,0.0
2018-09-15 23:30:00,0.0
2018-09-15 23:45:00,0.33
2018-09-16 00:00:00,1.25
2018-09-16 00:15:00,3.16
2018-09-16 00:30:00,11.52
2018-09-16 00:45:00,11.780001
2018-09-16 01:00:00,13.82
2018-09-16 01:15:00,13.82
2018-09-16 01:30:00,16.92
2018-09-16 01:45:00,18.5
2018-09-16 02:00:00,17.1
2018-09-16 02:15:00,17.1
2018-09-16 02:30:00,16.39
2018-09-16 02:45:00,16.45
2018-09-16 03:00:00,15.99
2018-09-16 03:15:00,16.98
2018-09-16 03:30:00,12.76
2018-09-16 03:45:00,5.93
2018-09-16 04:00:00,11.13
2018-09-16 04:15:00,77.19
2018-09-16 04:30:00,51.260002
2018-09-16 04:45:00,9.02
2018-09-16 05:00:00,0.92
2018-09-16 05:15:00,0.07
2018-09-16 05:30:00,0.0
2018-09-16 05:45:00,0.0
2018-09-16 06:00:00,0.0
2018-09-16 06:15:00,0.0
2018-09-16 06:30:00,0.0
2018-09-16 06:45:00,0.0
2018-09-16 07:00:00,0.0
2018-09-16 07:15:00,0.0
2018-09-16 07:30:00,0.0
2018-09-16 07:45:00,0.0
2018-09-16 08:00:00,0.0
2018-09-16 08:15:00,0.0
2018-09-16 08:30:00,0.0
2018-09-16 08:45:00,0.0
2018-09-16 09:00:00,0.0
2018-09-16 09:15:00,0.0
2018-09-16 09:30:00,0.0
2018-09-16 09:45:00,0.0
2018-09-16 10:00:00,0.0
2018-09-16 10:15:00,0.0
2018-09-16 10:30:00,0.0
2018-09-16 10:45:00,0.0
2018-09-16 11:00:00,0.0
2018-09-16 11:15:00,0.19999999
2018-09-16 11:30:00,2.24
2018-09-16 11:45:00,0.26
2018-09-16 12:00:00,1.25
2018-09-16 12:15:00,0.59000003
2018-09-16 12:30:00,0.27
2018-09-16 12:45:00,1.19
2018-09-16 13:00:00,0.86
2018-09-16 13:15:00,0.0
2018-09-16 13:30:00,0.53000003
2018-09-16 13:45:00,0.26
2018-09-16 14:00:00,0.59999996
2018-09-16 14:15:00,1.25
2018-09-16 14:30:00,0.32999998
2018-09-16 14:45:00,0.07
2018-09-16 15:00:00,0.0
2018-09-16 15:15:00,0.13
2018-09-16 15:30:00,0.0
2018-09-16 15:45:00,0.0
2018-09-16 16:00:00,0.0
2018-09-16 16:15:00,0.0
2018-09-16 16:30:00,0.0
2018-09-16 16:45:00,0.0
2018-09-16 17:00:00,0.0
2018-09-16 17:15:00,0.0
2018-09-16 17:30:00,0.0
2018-09-16 17:45:00,0.0
2018-09-16 18:00:00,0.0
2018-09-16 18:15:00,0.0
2018-09-16 18:30:00,0.0
2018-09-16 18:45:00,0.0
2018-09-16 19:00:00,0.0
2018-09-16 19:15:00,0.92
2018-09-16 19:30:00,1.3900001
2018-09-16 19:45:00,2.5700002
2018-09-16 20:00:00,0.0
2018-09-16 20:15:00,0.0
2018-09-16 20:30:00,0.0
2018-09-16 20:45:00,1.58
2018-09-16 21:00:00,12.96
2018-09-16 21:15:00,21.59
2018-09-16 21:30:00,24.02
2018-09-16 21:45:00,24.81
2018-09-16 22:00:00,16.380001
2018-09-16 22:15:00,11.309999
2018-09-16 22:30:00,9.87
2018-09-16 22:45:00,18.759998
2018-09-16 23:00:00,13.43
2018-09-16 23:15:00,16.119999
2018-09-16 23:30:00,15.7300005
2018-09-16 23:45:00,15.47
2018-09-17 00:00:00,13.950001
2018-09-17 00:15:00,11.719999
2018-09-17 00:30:00,8.75
2018-09-17 00:45:00,10.79
2018-09-17 01:00:00,9.67
2018-09-17 01:15:00,8.75
2018-09-17 01:30:00,9.87
2018-09-17 01:45:00,16.66
2018-09-17 02:00:00,23.029999
2018-09-17 02:15:00,28.759998
2018-09-17 02:30:00,23.880001
2018-09-17 02:45:00,18.3
2018-09-17 03:00:00,13.1
2018-09-17 03:15:00,12.83
2018-09-17 03:30:00,11.52
2018-09-17 03:45:00,11.059999
2018-09-17 04:00:00,11.25
2018-09-17 04:15:00,13.559999
2018-09-17 04:30:00,14.8
2018-09-17 04:45:00,7.24
2018-09-17 05:00:00,2.5700002
2018-09-17 05:15:00,9.55
2018-09-17 05:30:00,9.22
2018-09-17 05:45:00,8.82
2018-09-17 06:00:00,12.24
2018-09-17 06:15:00,10.07
2018-09-17 06:30:00,9.41
2018-09-17 06:45:00,11.780001
2018-09-17 07:00:00,9.67
2018-09-17 07:15:00,6.9800005
2018-09-17 07:30:00,6.3900003
2018-09-17 07:45:00,2.83
2018-09-17 08:00:00,2.04
2018-09-17 08:15:00,6.9799995
2018-09-17 08:30:00,10.93
2018-09-17 08:45:00,9.08
2018-09-17 09:00:00,10.72
2018-09-17 09:15:00,10.53
2018-09-17 09:30:00,7.96
2018-09-17 09:45:00,7.1099997
2018-09-17 10:00:00,5.73
2018-09-17 10:15:00,0.0
2018-09-17 10:30:00,0.0
2018-09-17 10:45:00,0.0
2018-09-17 11:00:00,0.0
2018-09-17 11:15:00,0.0
2018-09-17 11:30:00,0.0
2018-09-17 11:45:00,0.0
2018-09-17 12:00:00,0.0
2018-09-17 12:15:00,0.0
2018-09-17 12:30:00,0.0
2018-09-17 12:45:00,0.0
2018-09-17 13:00:00,0.0
2018-09-17 13:15:00,0.0
2018-09-17 13:30:00,0.0
2018-09-17 13:45:00,0.0
2018-09-17 14:00:00,0.0
2018-09-17 14:15:00,0.0
2018-09-17 14:30:00,0.0
2018-09-17 14:45:00,0.0
2018-09-17 15:00:00,0.0
2018-09-17 15:15:00,0.0
2018-09-17 15:30:00,0.0
2018-09-17 15:45:00,0.0
2018-09-17 16:00:00,0.0
2018-09-17 16:15:00,0.0
2018-09-17 16:30:00,0.0
2018-09-17 16:45:00,0.0
2018-09-17 17:00:00,0.0
2018-09-17 17:15:00,0.0
2018-09-17 17:30:00,0.0
2018-09-17 17:45:00,0.0
2018-09-17 18:00:00,0.0
2018-09-17 18:15:00,0.0
2018-09-17 18:30:00,0.0
2018-09-17 18:45:00,0.0
2018-09-17 19:00:00,0.0
2018-09-17 19:15:00,0.0
2018-09-17 19:30:00,0.0
2018-09-17 19:45:00,0.0
2018-09-17 20:00:00,0.0
2018-09-17 20:15:00,0.0
2018-09-17 20:30:00,0.0
2018-09-17 20:45:00,0.0
2018-09-17 21:00:00,0.0
2018-09-17 21:15:00,0.0
2018-09-17 21:30:00,0.0
2018-09-17 21:45:00,0.0
2018-09-17 22:00:00,0.0
2018-09-17 22:15:00,0.0
2018-09-17 22:30:00,0.0
2018-09-17 22:45:00,0.0
2018-09-17 23:00:00,0.0
2018-09-17 23:15:00,0.0
2018-09-17 23:30:00,0.0
2018-09-17 23:45:00,0.0
2018-09-18 00:00:00,0.0
2018-09-18 00:15:00,0.0
2018-09-18 00:30:00,0.0
2018-09-18 00:45:00,0.0
2018-09-18 01:00:00,0.0
2018-09-18 01:15:00,0.0
2018-09-18 01:30:00,0.0
2018-09-18 01:45:00,0.0
2018-09-18 02:00:00,0.0
2018-09-18 02:15:00,0.0
2018-09-18 02:30:00,0.0
2018-09-18 02:45:00,0.0
2018-09-18 03:00:00,0.0
2018-09-18 03:15:00,0.0
2018-09-18 03:30:00,0.66
2018-09-18 03:45:00,0.4
2018-09-18 04:00:00,2.63
2018-09-18 04:15:00,4.28
2018-09-18 04:30:00,3.75
2018-09-18 04:45:00,3.88
2018-09-18 05:00:00,4.28
2018-09-18 05:15:00,6.19
2018-09-18 05:30:00,9.94
2018-09-18 05:45:00,11.52
2018-09-18 06:00:00,14.22
2018-09-18 06:15:00,26.13
2018-09-18 06:30:00,40.01
2018-09-18 06:45:00,40.93
2018-09-18 07:00:00,35.01
2018-09-18 07:15:00,30.4
2018-09-18 07:30:00,32.91
2018-09-18 07:45:00,28.82
2018-09-18 08:00:00,27.77
2018-09-18 08:15:00,28.76
2018-09-18 08:30:00,24.55
2018-09-18 08:45:00,28.56
2018-09-18 09:00:00,31.0
2018-09-18 09:15:00,26.85
2018-09-18 09:30:00,23.5
2018-09-18 09:45:00,17.44
2018-09-18 10:00:00,14.94
2018-09-18 10:15:00,13.89
2018-09-18 10:30:00,18.76
2018-09-18 10:45:00,21.39
2018-09-18 11:00:00,26.39
2018-09-18 11:15:00,0.0
2018-09-18 11:30:00,0.0
2018-09-18 11:45:00,0.0
2018-09-18 12:00:00,0.0
2018-09-18 12:15:00,0.0
2018-09-18 12:30:00,0.0
2018-09-18 12:45:00,0.0
2018-09-18 13:00:00,0.0
2018-09-18 13:15:00,0.0
2018-09-18 13:30:00,0.0
2018-09-18 13:45:00,0.0
2018-09-18 14:00:00,0.0
2018-09-18 14:15:00,0.0
2018-09-18 14:30:00,0.0
2018-09-18 14:45:00,0.0
2018-09-18 15:00:00,0.0
2018-09-18 15:15:00,0.0
2018-09-18 15:30:00,0.0
2018-09-18 15:45:00,0.0
2018-09-18 16:00:00,0.0
2018-09-18 16:15:00,0.0
2018-09-18 16:30:00,0.0
2018-09-18 16:45:00,0.0
2018-09-18 17:00:00,0.0
2018-09-18 17:15:00,0.0
2018-09-18 17:30:00,0.0
2018-09-18 17:45:00,0.0
2018-09-18 18:00:00,0.0
2018-09-18 18:15:00,0.0
2018-09-18 18:30:00,0.0
2018-09-18 18:45:00,0.0
2018-09-18 19:00:00,0.0
2018-09-18 19:15:00,0.0
2018-09-18 19:30:00,0.0
2018-09-18 19:45:00,0.0
2018-09-18 20:00:00,0.0
2018-09-18 20:15:00,0.0
2018-09-18 20:30:00,0.0
2018-09-18 20:45:00,0.0
2018-09-18 21:00:00,0.0
2018-09-18 21:15:00,0.0
2018-09-18 21:30:00,0.0
2018-09-18 21:45:00,0.0
2018-09-18 22:00:00,0.0
2018-09-18 22:15:00,0.0
2018-09-18 22:30:00,0.0
2018-09-18 22:45:00,0.0
2018-09-18 23:00:00,0.0
2018-09-18 23:15:00,0.0
2018-09-18 23:30:00,0.0
2018-09-18 23:45:00,0.0
2018-09-19 00:00:00,0.0
2018-09-19 00:15:00,2.04
2018-09-19 00:30:00,5.53
2018-09-19 00:45:00,8.88
2018-09-19 01:00:00,3.62
2018-09-19 01:15:00,4.87
2018-09-19 01:30:00,0.0
2018-09-19 01:45:00,21.98
2018-09-19 02:00:00,21.72
2018-09-19 02:15:00,17.57
2018-09-19 02:30:00,18.23
2018-09-19 02:45:00,19.68
2018-09-19 03:00:00,21.26
2018-09-19 03:15:00,22.44
2018-09-19 03:30:00,25.47
2018-09-19 03:45:00,25.01
2018-09-19 04:00:00,26.13
2018-09-19 04:15:00,29.22
2018-09-19 04:30:00,31.46
2018-09-19 04:45:00,26.39
2018-09-19 05:00:00,21.65
2018-09-19 05:15:00,22.38
2018-09-19 05:30:00,21.52
2018-09-19 05:45:00,28.56
2018-09-19 06:00:00,27.97
2018-09-19 06:15:00,30.93
2018-09-19 06:30:00,35.8
2018-09-19 06:45:00,37.31
2018-09-19 07:00:00,39.55
2018-09-19 07:15:00,42.91
2018-09-19 07:30:00,49.16
2018-09-19 07:45:00,51.07
2018-09-19 08:00:00,46.33
2018-09-19 08:15:00,41.26
2018-09-19 08:30:00,44.95
2018-09-19 08:45:00,49.62
2018-09-19 09:00:00,49.88
2018-09-19 09:15:00,52.91
2018-09-19 09:30:00,55.87
2018-09-19 09:45:00,64.3
2018-09-19 10:00:00,68.97
2018-09-19 10:15:00,59.1
2018-09-19 10:30:00,55.35
2018-09-19 10:45:00,56.99
2018-09-19 11:00:00,60.41
2018-09-19 11:15:00,60.15
2018-09-19 11:30:00,61.2
2018-09-19 11:45:00,49.82
2018-09-19 12:00:00,42.25
2018-09-19 12:15:00,40.74
2018-09-19 12:30:00,38.96
2018-09-19 12:45:00,43.44
2018-09-19 13:00:00,47.71
2018-09-19 13:15:00,45.28
2018-09-19 13:30:00,50.61
2018-09-19 13:45:00,55.61
2018-09-19 14:00:00,70.81
2018-09-19 14:15:00,54.62
2018-09-19 14:30:00,21.45
2018-09-19 14:45:00,30.01
2018-09-19 15:00:00,49.69
2018-09-19 15:15:00,58.37
2018-09-19 15:30:00,74.17
2018-09-19 15:45:00,84.17
2018-09-19 16:00:00,75.22
2018-09-19 16:15:00,62.98
2018-09-19 16:30:00,68.71
2018-09-19 16:45:00,75.42
2018-09-19 17:00:00,76.21
2018-09-19 17:15:00,91.93999
2018-09-19 17:30:00,82.0
2018-09-19 17:45:00,66.73
2018-09-19 18:00:00,64.68999
2018-09-19 18:15:00,58.51
2018-09-19 18:30:00,64.1
2018-09-19 18:45:00,57.85
2018-09-19 19:00:00,57.12
2018-09-19 19:15:00,59.62
2018-09-19 19:30:00,61.86
2018-09-19 19:45:00,61.14
2018-09-19 20:00:00,67.32
2018-09-19 20:15:00,71.14
2018-09-19 20:30:00,89.11
2018-09-19 20:45:00,67.72
2018-09-19 21:00:00,66.73
2018-09-19 21:15:00,81.34
2018-09-19 21:30:00,80.22
2018-09-19 21:45:00,85.55
2018-09-19 22:00:00,85.82
2018-09-19 22:15:00,78.05
2018-09-19 22:30:00,74.23
2018-09-19 22:45:00,77.92
2018-09-19 23:00:00,75.55
2018-09-19 23:15:00,70.35
2018-09-19 23:30:00,71.01
2018-09-19 23:45:00,62.26
2018-09-20 00:00:00,60.09
2018-09-20 00:15:00,58.31
2018-09-20 00:30:00,56.66
2018-09-20 00:45:00,56.93
2018-09-20 01:00:00,50.21
2018-09-20 01:15:00,50.74
2018-09-20 01:30:00,41.92
2018-09-20 01:45:00,45.21
2018-09-20 02:00:00,52.58
2018-09-20 02:15:00,57.98
2018-09-20 02:30:00,76.93
2018-09-20 02:45:00,98.32
2018-09-20 03:00:00,99.18
2018-09-20 03:15:00,102.07
2018-09-20 03:30:00,98.06
2018-09-20 03:45:00,93.06
2018-09-20 04:00:00,76.74
2018-09-20 04:15:00,72.33
2018-09-20 04:30:00,68.11
2018-09-20 04:45:00,60.61
2018-09-20 05:00:00,49.49
2018-09-20 05:15:00,49.16
2018-09-20 05:30:00,52.45
2018-09-20 05:45:00,46.2
2018-09-20 06:00:00,47.98
2018-09-20 06:15:00,53.18
2018-09-20 06:30:00,63.44
2018-09-20 06:45:00,67.52
2018-09-20 07:00:00,70.55
2018-09-20 07:15:00,99.57
2018-09-20 07:30:00,107.93
2018-09-20 07:45:00,103.72
2018-09-20 08:00:00,87.4
2018-09-20 08:15:00,88.52
2018-09-20 08:30:00,89.9
2018-09-20 08:45:00,90.88
2018-09-20 09:00:00,105.56
2018-09-20 09:15:00,107.21
2018-09-20 09:30:00,104.77
2018-09-20 09:45:00,113.92
2018-09-20 10:00:00,115.56
2018-09-20 10:15:00,116.42
2018-09-20 10:30:00,116.42
2018-09-20 10:45:00,115.63
2018-09-20 11:00:00,100.23
2018-09-20 11:15:00,84.04
2018-09-20 11:30:00,90.36
2018-09-20 11:45:00,80.36
2018-09-20 12:00:00,86.61
2018-09-20 12:15:00,86.93999
2018-09-20 12:30:00,79.63
2018-09-20 12:45:00,77.59
2018-09-20 13:00:00,69.23
2018-09-20 13:15:00,65.81
2018-09-20 13:30:00,70.68
2018-09-20 13:45:00,62.65
2018-09-20 14:00:00,56.07
2018-09-20 14:15:00,53.77
2018-09-20 14:30:00,43.63
2018-09-20 14:45:00,38.89
2018-09-20 15:00:00,56.27
2018-09-20 15:15:00,79.04
2018-09-20 15:30:00,90.56
2018-09-20 15:45:00,83.32
2018-09-20 16:00:00,76.8
2018-09-20 16:15:00,101.41
2018-09-20 16:30:00,84.9
2018-09-20 16:45:00,91.54
2018-09-20 17:00:00,67.72
2018-09-20 17:15:00,102.27
2018-09-20 17:30:00,90.23
2018-09-20 17:45:00,90.49
2018-09-20 18:00:00,82.59
2018-09-20 18:15:00,92.07
2018-09-20 18:30:00,92.79
2018-09-20 18:45:00,98.25999
2018-09-20 19:00:00,98.65
2018-09-20 19:15:00,107.47
2018-09-20 19:30:00,108.39
2018-09-20 19:45:00,106.28
2018-09-20 20:00:00,81.08
2018-09-20 20:15:00,83.78
2018-09-20 20:30:00,73.91
2018-09-20 20:45:00,72.0
2018-09-20 21:00:00,78.12
2018-09-20 21:15:00,74.89
2018-09-20 21:30:00,87.33
2018-09-20 21:45:00,64.68999
2018-09-20 22:00:00,79.89
2018-09-20 22:15:00,59.69
2018-09-20 22:30:00,31.0
2018-09-20 22:45:00,33.23
2018-09-20 23:00:00,57.52
2018-09-20 23:15:00,71.87
2018-09-20 23:30:00,64.96
2018-09-20 23:45:00,51.53
2018-09-21 00:00:00,63.51
2018-09-21 00:15:00,50.74
2018-09-21 00:30:00,45.61
2018-09-21 00:45:00,35.27
2018-09-21 01:00:00,87.92
2018-09-21 01:15:00,75.88
2018-09-21 01:30:00,47.19
2018-09-21 01:45:00,45.41
2018-09-21 02:00:00,53.7
2018-09-21 02:15:00,55.15
2018-09-21 02:30:00,59.49
2018-09-21 02:45:00,62.32
2018-09-21 03:00:00,71.34
2018-09-21 03:15:00,66.86
2018-09-21 03:30:00,61.2
2018-09-21 03:45:00,67.52
2018-09-21 04:00:00,75.35
2018-09-21 04:15:00,75.81
2018-09-21 04:30:00,75.81
2018-09-21 04:45:00,0.0
2018-09-21 05:00:00,77.0
2018-09-21 05:15:00,98.57999
2018-09-21 05:30:00,105.23
2018-09-21 05:45:00,90.56
2018-09-21 06:00:00,77.53
2018-09-21 06:15:00,84.17
2018-09-21 06:30:00,96.28
2018-09-21 06:45:00,94.11
2018-09-21 07:00:00,76.14
2018-09-21 07:15:00,76.34
2018-09-21 07:30:00,77.13
2018-09-21 07:45:00,67.52
2018-09-21 08:00:00,62.06
2018-09-21 08:15:00,56.53
2018-09-21 08:30:00,50.81
2018-09-21 08:45:00,53.31
2018-09-21 09:00:00,52.85
2018-09-21 09:15:00,51.27
2018-09-21 09:30:00,46.59
2018-09-21 09:45:00,60.94
2018-09-21 10:00:00,55.28
2018-09-21 10:15:00,52.78
2018-09-21 10:30:00,81.93
2018-09-21 10:45:00,103.18999
2018-09-21 11:00:00,115.63
2018-09-21 11:15:00,115.63
2018-09-21 11:30:00,116.75
2018-09-21 11:45:00,96.93999
2018-09-21 12:00:00,96.48
2018-09-21 12:15:00,108.92
2018-09-21 12:30:00,58.37
2018-09-21 12:45:00,25.34
2018-09-21 13:00:00,10.2
2018-09-21 13:15:00,4.87
2018-09-21 13:30:00,4.41
2018-09-21 13:45:00,7.9
2018-09-21 14:00:00,7.3
2018-09-21 14:15:00,23.3
2018-09-21 14:30:00,53.24
2018-09-21 14:45:00,104.05
2018-09-21 15:00:00,114.45
2018-09-21 15:15:00,82.2
2018-09-21 15:30:00,56.53
2018-09-21 15:45:00,48.96
2018-09-21 16:00:00,83.50999
2018-09-21 16:15:00,49.82
2018-09-21 16:30:00,44.09
2018-09-21 16:45:00,48.37
2018-09-21 17:00:00,58.57
2018-09-21 17:15:00,75.09
2018-09-21 17:30:00,63.77
2018-09-21 17:45:00,64.3
2018-09-21 18:00:00,57.12
2018-09-21 18:15:00,59.36
2018-09-21 18:30:00,69.76
2018-09-21 18:45:00,83.84
2018-09-21 19:00:00,104.97
2018-09-21 19:15:00,79.04
2018-09-21 19:30:00,46.99
2018-09-21 19:45:00,40.93
2018-09-21 20:00:00,86.00999
2018-09-21 20:15:00,94.9
2018-09-21 20:30:00,105.63
2018-09-21 20:45:00,89.31
2018-09-21 21:00:00,96.15
2018-09-21 21:15:00,69.68999
2018-09-21 21:30:00,95.49
2018-09-21 21:45:00,99.97
2018-09-21 22:00:00,109.11
2018-09-21 22:15:00,116.62
2018-09-21 22:30:00,116.95
2018-09-21 22:45:00,54.75
2018-09-21 23:00:00,73.84
2018-09-21 23:15:00,106.75
2018-09-21 23:30:00,104.64
2018-09-21 23:45:00,113.18999
2018-09-22 00:00:00,109.57999
2018-09-22 00:15:00,111.42
2018-09-22 00:30:00,116.81
2018-09-22 00:45:00,112.67
2018-09-22 01:00:00,115.43
2018-09-22 01:15:00,110.89
2018-09-22 01:30:00,116.68
2018-09-22 01:45:00,115.96
2018-09-22 02:00:00,110.36
2018-09-22 02:15:00,108.18999
2018-09-22 02:30:00,111.81
2018-09-22 02:45:00,112.87
2018-09-22 03:00:00,112.14
2018-09-22 03:15:00,109.31
2018-09-22 03:30:00,99.64
2018-09-22 03:45:00,116.68
2018-09-22 04:00:00,111.55
2018-09-22 04:15:00,109.89999
2018-09-22 04:30:00,108.18999
2018-09-22 04:45:00,104.71
2018-09-22 05:00:00,109.43999
2018-09-22 05:15:00,113.59
2018-09-22 05:30:00,108.18999
2018-09-22 05:45:00,103.59
2018-09-22 06:00:00,112.6
2018-09-22 06:15:00,115.17
2018-09-22 06:30:00,113.32999
2018-09-22 06:45:00,107.21
2018-09-22 07:00:00,105.03
2018-09-22 07:15:00,111.48
2018-09-22 07:30:00,111.88
2018-09-22 07:45:00,116.29
2018-09-22 08:00:00,109.25
2018-09-22 08:15:00,113.25999
2018-09-22 08:30:00,104.77
2018-09-22 08:45:00,104.84
2018-09-22 09:00:00,100.1
2018-09-22 09:15:00,96.22
2018-09-22 09:30:00,100.95
2018-09-22 09:45:00,94.04
2018-09-22 10:00:00,80.49
2018-09-22 10:15:00,61.47
2018-09-22 10:30:00,51.92
2018-09-22 10:45:00,57.98
2018-09-22 11:00:00,79.37
2018-09-22 11:15:00,97.47
2018-09-22 11:30:00,116.16
2018-09-22 11:45:00,103.72
2018-09-22 12:00:00,104.89999
2018-09-22 12:15:00,113.79
2018-09-22 12:30:00,100.56
2018-09-22 12:45:00,106.55
2018-09-22 13:00:00,111.55
2018-09-22 13:15:00,113.52
2018-09-22 13:30:00,116.16
2018-09-22 13:45:00,116.68
2018-09-22 14:00:00,100.36
2018-09-22 14:15:00,116.55
2018-09-22 14:30:00,115.75999
2018-09-22 14:45:00,116.16
2018-09-22 15:00:00,114.31
2018-09-22 15:15:00,116.42
2018-09-22 15:30:00,112.54
2018-09-22 15:45:00,111.93999
2018-09-22 16:00:00,105.3
2018-09-22 16:15:00,109.11
2018-09-22 16:30:00,102.34
2018-09-22 16:45:00,110.04
2018-09-22 17:00:00,112.14
2018-09-22 17:15:00,115.1
2018-09-22 17:30:00,106.61
2018-09-22 17:45:00,94.9
2018-09-22 18:00:00,114.64
2018-09-22 18:15:00,107.53
2018-09-22 18:30:00,112.07999
2018-09-22 18:45:00,112.00999
2018-09-22 19:00:00,97.4
2018-09-22 19:15:00,108.0
2018-09-22 19:30:00,110.1
2018-09-22 19:45:00,105.68999
2018-09-22 20:00:00,115.7
2018-09-22 20:15:00,113.39
2018-09-22 20:30:00,102.6
2018-09-22 20:45:00,93.65
2018-09-22 21:00:00,88.38
2018-09-22 21:15:00,92.0
2018-09-22 21:30:00,83.38
2018-09-22 21:45:00,68.71
2018-09-22 22:00:00,70.15
2018-09-22 22:15:00,55.28
2018-09-22 22:30:00,40.93
2018-09-22 22:45:00,37.71
2018-09-22 23:00:00,54.23
2018-09-22 23:15:00,63.84
2018-09-22 23:30:00,68.9
2018-09-22 23:45:00,76.27
2018-09-23 00:00:00,76.08
2018-09-23 00:15:00,92.4
2018-09-23 00:30:00,75.09
2018-09-23 00:45:00,99.05
2018-09-23 01:00:00,76.14
2018-09-23 01:15:00,71.01
2018-09-23 01:30:00,95.62
2018-09-23 01:45:00,96.41
2018-09-23 02:00:00,79.5
2018-09-23 02:15:00,80.95
2018-09-23 02:30:00,65.93999
2018-09-23 02:45:00,64.36
2018-09-23 03:00:00,51.33
2018-09-23 03:15:00,37.45
2018-09-23 03:30:00,35.34
2018-09-23 03:45:00,36.53
2018-09-23 04:00:00,34.88
2018-09-23 04:15:00,27.31
2018-09-23 04:30:00,32.91
2018-09-23 04:45:00,41.66
2018-09-23 05:00:00,36.53
2018-09-23 05:15:00,30.8
2018-09-23 05:30:00,27.11
2018-09-23 05:45:00,21.98
2018-09-23 06:00:00,18.89
2018-09-23 06:15:00,20.6
2018-09-23 06:30:00,16.06
2018-09-23 06:45:00,13.23
2018-09-23 07:00:00,9.67
2018-09-23 07:15:00,12.11
2018-09-23 07:30:00,13.89
2018-09-23 07:45:00,12.04
2018-09-23 08:00:00,9.34
2018-09-23 08:15:00,7.96
2018-09-23 08:30:00,5.26
2018-09-23 08:45:00,4.61
2018-09-23 09:00:00,4.67
2018-09-23 09:15:00,6.52
2018-09-23 09:30:00,9.54
2018-09-23 09:45:00,11.52
2018-09-23 10:00:00,13.56
2018-09-23 10:15:00,12.24
2018-09-23 10:30:00,11.91
2018-09-23 10:45:00,14.08
2018-09-23 11:00:00,16.52
2018-09-23 11:15:00,21.26
2018-09-23 11:30:00,32.77
2018-09-23 11:45:00,45.21
2018-09-23 12:00:00,49.88
2018-09-23 12:15:00,49.29
2018-09-23 12:30:00,49.23
2018-09-23 12:45:00,48.9
2018-09-23 13:00:00,43.57
2018-09-23 13:15:00,49.69
2018-09-23 13:30:00,42.65
2018-09-23 13:45:00,30.6
2018-09-23 14:00:00,27.9
2018-09-23 14:15:00,30.34
2018-09-23 14:30:00,27.11
2018-09-23 14:45:00,24.55
2018-09-23 15:00:00,30.93
2018-09-23 15:15:00,36.2
2018-09-23 15:30:00,42.51
2018-09-23 15:45:00,51.86
2018-09-23 16:00:00,48.9
2018-09-23 16:15:00,45.67
2018-09-23 16:30:00,47.84
2018-09-23 16:45:00,39.75
2018-09-23 17:00:00,38.3
2018-09-23 17:15:00,35.74
2018-09-23 17:30:00,34.29
2018-09-23 17:45:00,39.82
2018-09-23 18:00:00,40.01
2018-09-23 18:15:00,39.35
2018-09-23 18:30:00,31.92
2018-09-23 18:45:00,23.16
2018-09-23 19:00:00,21.06
2018-09-23 19:15:00,23.43
2018-09-23 19:30:00,22.51
2018-09-23 19:45:00,21.19
2018-09-23 20:00:00,16.39
2018-09-23 20:15:00,12.11
2018-09-23 20:30:00,10.86
2018-09-23 20:45:00,13.1
2018-09-23 21:00:00,12.31
2018-09-23 21:15:00,10.92
2018-09-23 21:30:00,8.75
2018-09-23 21:45:00,5.72
2018-09-23 22:00:00,7.24
2018-09-23 22:15:00,2.83
2018-09-23 22:30:00,3.49
2018-09-23 22:45:00,1.05
2018-09-23 23:00:00,0.13
2018-09-23 23:15:00,0.0
2018-09-23 23:30:00,0.0
2018-09-23 23:45:00,0.0
2018-09-24 00:00:00,0.0
2018-09-24 00:15:00,0.0
2018-09-24 00:30:00,0.0
2018-09-24 00:45:00,0.0
2018-09-24 01:00:00,0.0
2018-09-24 01:15:00,0.0
2018-09-24 01:30:00,0.0
2018-09-24 01:45:00,0.0
2018-09-24 02:00:00,0.0
2018-09-24 02:15:00,0.0
2018-09-24 02:30:00,0.0
2018-09-24 02:45:00,0.0
2018-09-24 03:00:00,0.0
2018-09-24 03:15:00,0.0
2018-09-24 03:30:00,0.0
2018-09-24 03:45:00,0.0
2018-09-24 04:00:00,0.0
2018-09-24 04:15:00,0.0
2018-09-24 04:30:00,0.0
2018-09-24 04:45:00,0.0
2018-09-24 05:00:00,0.0
2018-09-24 05:15:00,0.0
2018-09-24 05:30:00,0.0
2018-09-24 05:45:00,0.0
2018-09-24 06:00:00,0.0
2018-09-24 06:15:00,0.0
2018-09-24 06:30:00,0.0
2018-09-24 06:45:00,0.0
2018-09-24 07:00:00,0.0
2018-09-24 07:15:00,0.0
2018-09-24 07:30:00,0.0
2018-09-24 07:45:00,0.0
2018-09-24 08:00:00,0.0
2018-09-24 08:15:00,0.0
2018-09-24 08:30:00,0.0
2018-09-24 08:45:00,0.0
2018-09-24 09:00:00,0.0
2018-09-24 09:15:00,0.0
2018-09-24 09:30:00,0.0
2018-09-24 09:45:00,0.0
2018-09-24 10:00:00,0.0
2018-09-24 10:15:00,0.0
2018-09-24 10:30:00,0.0
2018-09-24 10:45:00,0.0
2018-09-24 11:00:00,0.0
2018-09-24 11:15:00,0.0
2018-09-24 11:30:00,0.0
2018-09-24 11:45:00,0.0
2018-09-24 12:00:00,0.07
2018-09-24 12:15:00,0.59
2018-09-24 12:30:00,1.38
2018-09-24 12:45:00,2.04
2018-09-24 13:00:00,1.38
2018-09-24 13:15:00,0.72
2018-09-24 13:30:00,0.0
2018-09-24 13:45:00,0.0
2018-09-24 14:00:00,0.33
2018-09-24 14:15:00,0.0
2018-09-24 14:30:00,0.0
2018-09-24 14:45:00,0.0
2018-09-24 15:00:00,0.0
2018-09-24 15:15:00,0.0
2018-09-24 15:30:00,0.0
2018-09-24 15:45:00,0.0
2018-09-24 16:00:00,0.0
2018-09-24 16:15:00,0.0
2018-09-24 16:30:00,0.0
2018-09-24 16:45:00,0.0
2018-09-24 17:00:00,0.0
2018-09-24 17:15:00,0.0
2018-09-24 17:30:00,0.0
2018-09-24 17:45:00,0.0
2018-09-24 18:00:00,0.0
2018-09-24 18:15:00,0.0
2018-09-24 18:30:00,0.0
2018-09-24 18:45:00,0.0
2018-09-24 19:00:00,0.0
2018-09-24 19:15:00,0.0
2018-09-24 19:30:00,0.0
2018-09-24 19:45:00,0.07
2018-09-24 20:00:00,1.18
2018-09-24 20:15:00,3.42
2018-09-24 20:30:00,2.5
2018-09-24 20:45:00,3.36
2018-09-24 21:00:00,0.99
2018-09-24 21:15:00,3.68
2018-09-24 21:30:00,4.67
2018-09-24 21:45:00,5.66
2018-09-24 22:00:00,18.23
2018-09-24 22:15:00,20.99
2018-09-24 22:30:00,14.74
2018-09-24 22:45:00,17.37
2018-09-24 23:00:00,13.36
2018-09-24 23:15:00,9.67
2018-09-24 23:30:00,11.65
2018-09-24 23:45:00,7.57
2018-09-25 00:00:00,7.63
2018-09-25 00:15:00,11.38
2018-09-25 00:30:00,9.54
2018-09-25 00:45:00,11.91
2018-09-25 01:00:00,10.86
2018-09-25 01:15:00,17.04
2018-09-25 01:30:00,25.14
2018-09-25 01:45:00,31.46
2018-09-25 02:00:00,31.72
2018-09-25 02:15:00,40.87
2018-09-25 02:30:00,33.89
2018-09-25 02:45:00,31.06
2018-09-25 03:00:00,27.18
2018-09-25 03:15:00,26.65
2018-09-25 03:30:00,27.51
2018-09-25 03:45:00,28.76
2018-09-25 04:00:00,25.8
2018-09-25 04:15:00,11.91
2018-09-25 04:30:00,29.48
2018-09-25 04:45:00,39.68
2018-09-25 05:00:00,45.94
2018-09-25 05:15:00,38.43
2018-09-25 05:30:00,41.86
2018-09-25 05:45:00,45.87
2018-09-25 06:00:00,39.95
2018-09-25 06:15:00,41.46
2018-09-25 06:30:00,43.04
2018-09-25 06:45:00,30.4
2018-09-25 07:00:00,45.94
2018-09-25 07:15:00,36.79
2018-09-25 07:30:00,44.03
2018-09-25 07:45:00,64.76
2018-09-25 08:00:00,83.97
2018-09-25 08:15:00,99.18
2018-09-25 08:30:00,108.72
2018-09-25 08:45:00,116.55
2018-09-25 09:00:00,116.55
2018-09-25 09:15:00,116.55
2018-09-25 09:30:00,116.75
2018-09-25 09:45:00,116.16
2018-09-25 10:00:00,116.88
2018-09-25 10:15:00,111.93999
2018-09-25 10:30:00,109.89999
2018-09-25 10:45:00,116.55
2018-09-25 11:00:00,113.32999
2018-09-25 11:15:00,99.57
2018-09-25 11:30:00,97.73
2018-09-25 11:45:00,95.89
2018-09-25 12:00:00,114.50999
2018-09-25 12:15:00,115.75999
2018-09-25 12:30:00,110.56
2018-09-25 12:45:00,92.93
2018-09-25 13:00:00,92.66
2018-09-25 13:15:00,102.27
2018-09-25 13:30:00,98.32
2018-09-25 13:45:00,106.02
2018-09-25 14:00:00,108.92
2018-09-25 14:15:00,111.81
2018-09-25 14:30:00,116.68
2018-09-25 14:45:00,114.50999
2018-09-25 15:00:00,112.73
2018-09-25 15:15:00,108.64999
2018-09-25 15:30:00,114.05
2018-09-25 15:45:00,112.34
2018-09-25 16:00:00,108.46
2018-09-25 16:15:00,102.47
2018-09-25 16:30:00,102.86
2018-09-25 16:45:00,105.23
2018-09-25 17:00:00,96.15
2018-09-25 17:15:00,100.03
2018-09-25 17:30:00,93.57999
2018-09-25 17:45:00,85.36
2018-09-25 18:00:00,70.48
2018-09-25 18:15:00,65.22
2018-09-25 18:30:00,68.11
2018-09-25 18:45:00,62.06
2018-09-25 19:00:00,71.8
2018-09-25 19:15:00,54.56
2018-09-25 19:30:00,54.69
2018-09-25 19:45:00,52.12
2018-09-25 20:00:00,46.92
2018-09-25 20:15:00,46.73
2018-09-25 20:30:00,44.82
2018-09-25 20:45:00,41.59
2018-09-25 21:00:00,37.18
2018-09-25 21:15:00,37.71
2018-09-25 21:30:00,38.04
2018-09-25 21:45:00,29.35
2018-09-25 22:00:00,27.64
2018-09-25 22:15:00,12.9
2018-09-25 22:30:00,2.63
2018-09-25 22:45:00,0.0
2018-09-25 23:00:00,0.0
2018-09-25 23:15:00,0.0
2018-09-25 23:30:00,0.0
2018-09-25 23:45:00,0.0
2018-09-26 00:00:00,0.0
2018-09-26 00:15:00,0.0
2018-09-26 00:30:00,0.0
2018-09-26 00:45:00,0.0
2018-09-26 01:00:00,0.66
2018-09-26 01:15:00,0.99
2018-09-26 01:30:00,0.26
2018-09-26 01:45:00,0.72
2018-09-26 02:00:00,0.79
2018-09-26 02:15:00,0.53
2018-09-26 02:30:00,0.66
2018-09-26 02:45:00,1.91
2018-09-26 03:00:00,0.72
2018-09-26 03:15:00,1.18
2018-09-26 03:30:00,0.99
2018-09-26 03:45:00,0.0
2018-09-26 04:00:00,1.97
2018-09-26 04:15:00,1.51
2018-09-26 04:30:00,0.0
2018-09-26 04:45:00,29.75
2018-09-26 05:01:00,74.63
2018-09-26 05:15:00,65.93999
2018-09-26 05:30:00,52.19
2018-09-26 05:45:00,39.35
2018-09-26 06:00:00,31.0
2018-09-26 06:15:00,31.19
2018-09-26 06:30:00,21.72
2018-09-26 06:45:00,13.42
2018-09-26 07:00:00,10.73
2018-09-26 07:15:00,21.39
2018-09-26 07:30:00,17.64
2018-09-26 07:45:00,17.9
2018-09-26 08:00:00,11.98
2018-09-26 08:15:00,8.56
2018-09-26 08:30:00,5.53
2018-09-26 08:45:00,4.15
2018-09-26 09:00:00,15.73
2018-09-26 09:15:00,26.32
2018-09-26 09:30:00,25.01
2018-09-26 09:45:00,28.17
2018-09-26 10:00:00,27.9
2018-09-26 10:15:00,28.89
2018-09-26 10:30:00,37.38
2018-09-26 10:45:00,116.16
2018-09-26 11:00:00,116.16
2018-09-26 11:15:00,116.16
2018-09-26 11:30:00,116.16
2018-09-26 11:45:00,116.88
2018-09-26 12:00:00,116.42
2018-09-26 12:15:00,64.76
2018-09-26 12:30:00,1.38
2018-09-26 12:45:00,72.72
2018-09-26 13:00:00,64.36
2018-09-26 13:15:00,82.79
2018-09-26 13:30:00,91.87
2018-09-26 13:45:00,89.11
2018-09-26 14:00:00,104.89999
2018-09-26 14:15:00,98.91
2018-09-26 14:30:00,105.82
2018-09-26 14:45:00,107.07
2018-09-26 15:00:00,105.82
2018-09-26 15:15:00,102.93
2018-09-26 15:30:00,101.88
2018-09-26 15:45:00,102.39999
2018-09-26 16:00:00,94.24
2018-09-26 16:15:00,93.12
2018-09-26 16:30:00,87.99
2018-09-26 16:45:00,81.34
2018-09-26 17:00:00,62.85
2018-09-26 17:15:00,54.75
2018-09-26 17:30:00,69.01999
2018-09-26 17:45:00,54.08
2018-09-26 18:00:00,49.95
2018-09-26 18:15:00,52.06
2018-09-26 18:30:00,48.7
2018-09-26 18:45:00,40.74
2018-09-26 19:00:00,39.22
2018-09-26 19:15:00,39.49
2018-09-26 19:30:00,47.91
2018-09-26 19:45:00,61.73
2018-09-26 20:00:00,64.56
2018-09-26 20:15:00,73.43999
2018-09-26 20:30:00,85.75
2018-09-26 20:45:00,58.31
2018-09-26 21:00:00,43.7
2018-09-26 21:15:00,22.38
2018-09-26 21:30:00,22.31
2018-09-26 21:45:00,29.88
2018-09-26 22:00:00,28.56
2018-09-26 22:15:00,22.64
2018-09-26 22:30:00,16.12
2018-09-26 22:45:00,15.79
2018-09-26 23:00:00,11.65
2018-09-26 23:15:00,23.36
2018-09-26 23:30:00,19.81
2018-09-26 23:45:00,19.81
2018-09-27 00:00:00,19.74
2018-09-27 00:15:00,4.34
2018-09-27 00:30:00,2.83
2018-09-27 00:45:00,12.18
2018-09-27 01:00:00,12.18
2018-09-27 01:15:00,27.71
2018-09-27 01:30:00,29.02
2018-09-27 01:45:00,34.22
2018-09-27 02:00:00,34.09
2018-09-27 02:15:00,24.28
2018-09-27 02:30:00,17.77
2018-09-27 02:45:00,14.48
2018-09-27 03:00:00,13.56
2018-09-27 03:15:00,10.46
2018-09-27 03:30:00,13.23
2018-09-27 03:45:00,18.1
2018-09-27 04:00:00,10.27
2018-09-27 04:15:00,9.28
2018-09-27 04:30:00,10.46
2018-09-27 04:45:00,8.88
2018-09-27 05:00:00,11.85
2018-09-27 05:15:00,11.71
2018-09-27 05:30:00,12.57
2018-09-27 05:45:00,19.41
2018-09-27 06:00:00,11.12
2018-09-27 06:15:00,2.57
2018-09-27 06:30:00,0.99
2018-09-27 06:45:00,0.59
2018-09-27 07:00:00,0.0
2018-09-27 07:15:00,0.4
2018-09-27 07:30:00,0.0
2018-09-27 07:45:00,0.0
2018-09-27 08:00:00,0.0
2018-09-27 08:15:00,0.0
2018-09-27 08:30:00,0.0
2018-09-27 08:45:00,0.0
2018-09-27 09:00:00,0.0
2018-09-27 09:15:00,0.0
2018-09-27 09:30:00,0.0
2018-09-27 09:45:00,0.0
2018-09-27 10:00:00,0.0
2018-09-27 10:15:00,0.0
2018-09-27 10:30:00,0.0
2018-09-27 10:45:00,0.0
2018-09-27 11:00:00,0.0
2018-09-27 11:15:00,0.0
2018-09-27 11:30:00,0.0
2018-09-27 11:45:00,0.0
2018-09-27 12:00:00,0.0
2018-09-27 12:15:00,0.0
2018-09-27 12:30:00,0.0
2018-09-27 12:45:00,0.0
2018-09-27 13:00:00,0.0
2018-09-27 13:15:00,0.0
2018-09-27 13:30:00,0.0
2018-09-27 13:45:00,0.0
2018-09-27 14:00:00,0.0
2018-09-27 14:15:00,0.0
2018-09-27 14:30:00,0.0
2018-09-27 14:45:00,0.0
2018-09-27 15:00:00,0.0
2018-09-27 15:15:00,0.0
2018-09-27 15:30:00,0.0
2018-09-27 15:45:00,0.0
2018-09-27 16:00:00,0.0
2018-09-27 16:15:00,0.0
2018-09-27 16:30:00,0.0
2018-09-27 16:45:00,0.0
2018-09-27 17:00:00,0.0
2018-09-27 17:15:00,0.0
2018-09-27 17:30:00,0.0
2018-09-27 17:45:00,0.0
2018-09-27 18:00:00,0.0
2018-09-27 18:15:00,0.0
2018-09-27 18:30:00,0.0
2018-09-27 18:45:00,0.0
2018-09-27 19:00:00,0.0
2018-09-27 19:15:00,0.0
2018-09-27 19:30:00,0.0
2018-09-27 19:45:00,0.0
2018-09-27 20:00:00,0.0
2018-09-27 20:15:00,0.0
2018-09-27 20:30:00,0.0
2018-09-27 20:45:00,0.0
2018-09-27 21:00:00,0.0
2018-09-27 21:15:00,0.53
2018-09-27 21:30:00,0.0
2018-09-27 21:45:00,0.0
2018-09-27 22:00:00,0.0
2018-09-27 22:15:00,0.0
2018-09-27 22:30:00,0.0
2018-09-27 22:45:00,0.33
2018-09-27 23:00:00,0.92
2018-09-27 23:15:00,1.51
2018-09-27 23:30:00,3.42
2018-09-27 23:45:00,8.88
2018-09-28 00:00:00,13.95
2018-09-28 00:15:00,17.24
2018-09-28 00:30:00,19.22
2018-09-28 00:45:00,17.97
2018-09-28 01:00:00,24.55
2018-09-28 01:15:00,28.76
2018-09-28 01:30:00,33.37
2018-09-28 01:45:00,47.91
2018-09-28 02:00:00,49.36
2018-09-28 02:15:00,57.19
2018-09-28 02:30:00,76.08
2018-09-28 02:45:00,80.29
2018-09-28 03:00:00,87.59
2018-09-28 03:15:00,86.28
2018-09-28 03:30:00,94.43999
2018-09-28 03:45:00,114.05
2018-09-28 04:00:00,113.66
2018-09-28 04:15:00,114.18
2018-09-28 04:30:00,115.5
2018-09-28 04:45:00,112.14
2018-09-28 05:00:00,115.04
2018-09-28 05:15:00,110.43
2018-09-28 05:30:00,115.23
2018-09-28 05:45:00,114.64
2018-09-28 06:00:00,115.37
2018-09-28 06:15:00,111.48
2018-09-28 06:30:00,109.25
2018-09-28 06:45:00,109.84
2018-09-28 07:00:00,109.31
2018-09-28 07:15:00,115.5
2018-09-28 07:30:00,113.72
2018-09-28 07:45:00,108.79
2018-09-28 08:00:00,108.13
2018-09-28 08:15:00,112.34
2018-09-28 08:30:00,108.92
2018-09-28 08:45:00,104.11
2018-09-28 09:00:00,110.5
2018-09-28 09:15:00,109.84
2018-09-28 09:30:00,113.52
2018-09-28 09:45:00,107.27
2018-09-28 10:00:00,111.29
2018-09-28 10:15:00,110.04
2018-09-28 10:30:00,113.18999
2018-09-28 10:45:00,113.59
2018-09-28 11:00:00,97.53
2018-09-28 11:15:00,111.55
2018-09-28 11:30:00,106.22
2018-09-28 11:45:00,110.23
2018-09-28 12:00:00,102.2
2018-09-28 12:15:00,107.8
2018-09-28 12:30:00,108.18999
2018-09-28 12:45:00,106.42
2018-09-28 13:00:00,114.64
2018-09-28 13:15:00,98.57999
2018-09-28 13:30:00,85.09
2018-09-28 13:45:00,72.33
2018-09-28 14:00:00,59.36
2018-09-28 14:15:00,70.22
2018-09-28 14:30:00,70.09
2018-09-28 14:45:00,58.51
2018-09-28 15:00:00,55.94
2018-09-28 15:15:00,63.18
2018-09-28 15:30:00,16.39
2018-09-28 15:45:00,6.12
2018-09-28 16:00:00,25.86
2018-09-28 16:15:00,23.03
2018-09-28 16:30:00,26.0
2018-09-28 16:45:00,48.17
2018-09-28 17:00:00,36.39
2018-09-28 17:15:00,31.06
2018-09-28 17:30:00,32.05
2018-09-28 17:45:00,35.93
2018-09-28 18:00:00,30.93
2018-09-28 18:15:00,35.34
2018-09-28 18:30:00,40.87
2018-09-28 18:45:00,46.53
2018-09-28 19:00:00,49.62
2018-09-28 19:15:00,59.95
2018-09-28 19:30:00,72.39
2018-09-28 19:45:00,73.97
2018-09-28 20:00:00,80.55
2018-09-28 20:15:00,85.68999
2018-09-28 20:30:00,71.87
2018-09-28 20:45:00,72.98
2018-09-28 21:00:00,56.27
2018-09-28 21:15:00,54.49
2018-09-28 21:30:00,58.83
2018-09-28 21:45:00,53.7
2018-09-28 22:00:00,53.04
2018-09-28 22:15:00,52.91
2018-09-28 22:30:00,52.12
2018-09-28 22:45:00,43.44
2018-09-28 23:00:00,49.88
2018-09-28 23:15:00,44.09
2018-09-28 23:30:00,35.27
2018-09-28 23:45:00,36.26
2018-09-29 00:00:00,31.13
2018-09-29 00:15:00,25.07
2018-09-29 00:30:00,18.69
2018-09-29 00:45:00,20.34
2018-09-29 01:00:00,23.76
2018-09-29 01:15:00,25.8
2018-09-29 01:30:00,47.58
2018-09-29 01:45:00,57.91
2018-09-29 02:00:00,71.67
2018-09-29 02:15:00,93.65
2018-09-29 02:30:00,107.00999
2018-09-29 02:45:00,114.97
2018-09-29 03:00:00,112.93
2018-09-29 03:15:00,114.31
2018-09-29 03:30:00,112.87
2018-09-29 03:45:00,114.18
2018-09-29 04:00:00,114.57999
2018-09-29 04:15:00,114.25
2018-09-29 04:30:00,114.50999
2018-09-29 04:45:00,114.05
2018-09-29 05:00:00,115.17
2018-09-29 05:15:00,112.27
2018-09-29 05:30:00,115.17
2018-09-29 05:45:00,115.37
2018-09-29 06:00:00,112.21
2018-09-29 06:15:00,113.59
2018-09-29 06:30:00,96.93999
2018-09-29 06:45:00,82.53
2018-09-29 07:00:00,73.97
2018-09-29 07:15:00,68.25
2018-09-29 07:30:00,56.4
2018-09-29 07:45:00,49.75
2018-09-29 08:00:00,49.69
2018-09-29 08:15:00,48.83
2018-09-29 08:30:00,50.28
2018-09-29 08:45:00,55.48
2018-09-29 09:00:00,63.11
2018-09-29 09:15:00,65.15
2018-09-29 09:30:00,62.32
2018-09-29 09:45:00,72.85
2018-09-29 10:00:00,68.18
2018-09-29 10:15:00,56.4
2018-09-29 10:30:00,50.35
2018-09-29 10:45:00,31.92
2018-09-29 11:00:00,24.42
2018-09-29 11:15:00,17.44
2018-09-29 11:30:00,15.27
2018-09-29 11:45:00,17.11
2018-09-29 12:00:00,20.07
2018-09-29 12:15:00,18.95
2018-09-29 12:30:00,26.39
2018-09-29 12:45:00,21.52
2018-09-29 13:00:00,22.11
2018-09-29 13:15:00,19.74
2018-09-29 13:30:00,19.94
2018-09-29 13:45:00,14.81
2018-09-29 14:00:00,13.03
2018-09-29 14:15:00,12.11
2018-09-29 14:30:00,7.63
2018-09-29 14:45:00,7.04
2018-09-29 15:00:00,2.7
2018-09-29 15:15:00,5.07
2018-09-29 15:30:00,9.15
2018-09-29 15:45:00,15.53
2018-09-29 16:00:00,20.2
2018-09-29 16:15:00,26.85
2018-09-29 16:30:00,28.23
2018-09-29 16:45:00,25.93
2018-09-29 17:00:00,18.82
2018-09-29 17:15:00,24.55
2018-09-29 17:30:00,38.96
2018-09-29 17:45:00,29.62
2018-09-29 18:00:00,30.93
2018-09-29 18:15:00,30.6
2018-09-29 18:30:00,32.64
2018-09-29 18:45:00,27.77
2018-09-29 19:00:00,25.86
2018-09-29 19:15:00,29.09
2018-09-29 19:30:00,25.73
2018-09-29 19:45:00,26.92
2018-09-29 20:00:00,33.7
2018-09-29 20:15:00,30.01
2018-09-29 20:30:00,29.22
2018-09-29 20:45:00,27.38
2018-09-29 21:00:00,29.81
2018-09-29 21:15:00,24.48
2018-09-29 21:30:00,20.07
2018-09-29 21:45:00,21.52
2018-09-29 22:00:00,14.68
2018-09-29 22:15:00,19.61
2018-09-29 22:30:00,21.12
2018-09-29 22:45:00,15.93
2018-09-29 23:00:00,12.83
2018-09-29 23:15:00,13.82
2018-09-29 23:30:00,8.88
2018-09-29 23:45:00,4.01
2018-09-30 00:00:00,3.62
2018-09-30 00:15:00,1.64
2018-09-30 00:30:00,1.71
2018-09-30 00:45:00,1.32
2018-09-30 01:00:00,3.29
2018-09-30 01:15:00,5.72
2018-09-30 01:30:00,10.27
2018-09-30 01:45:00,0.0
2018-09-30 02:00:00,0.0
2018-09-30 02:15:00,59.03
2018-09-30 02:30:00,64.17
2018-09-30 02:45:00,69.17
2018-09-30 03:00:00,74.3
2018-09-30 03:15:00,75.88
2018-09-30 03:30:00,81.74
2018-09-30 03:45:00,90.62
2018-09-30 04:00:00,89.7
2018-09-30 04:15:00,103.72
2018-09-30 04:30:00,107.67
2018-09-30 04:45:00,99.24
2018-09-30 05:00:00,97.07
2018-09-30 05:15:00,94.31
2018-09-30 05:30:00,100.62
2018-09-30 05:45:00,105.75999
2018-09-30 06:00:00,108.39
2018-09-30 06:15:00,114.25
2018-09-30 06:30:00,101.28
2018-09-30 06:45:00,88.52
2018-09-30 07:00:00,80.42
2018-09-30 07:15:00,68.97
2018-09-30 07:30:00,63.97
2018-09-30 07:45:00,67.26
2018-09-30 08:00:00,88.71
2018-09-30 08:15:00,75.95
2018-09-30 08:30:00,79.5
2018-09-30 08:45:00,55.48
2018-09-30 09:00:00,71.21
2018-09-30 09:15:00,68.9
2018-09-30 09:30:00,64.76
2018-09-30 09:45:00,68.43999
2018-09-30 10:00:00,68.43999
2018-09-30 10:15:00,76.67
2018-09-30 10:30:00,78.64
2018-09-30 10:45:00,82.2
2018-09-30 11:00:00,70.75
2018-09-30 11:15:00,75.75
2018-09-30 11:30:00,77.33
2018-09-30 11:45:00,81.67
2018-09-30 12:00:00,79.43
2018-09-30 12:15:00,78.38
2018-09-30 12:30:00,72.98
2018-09-30 12:45:00,64.43
2018-09-30 13:00:00,66.47
2018-09-30 13:15:00,54.23
2018-09-30 13:30:00,45.8
2018-09-30 13:45:00,45.48
2018-09-30 14:00:00,50.41
2018-09-30 14:15:00,68.11
2018-09-30 14:30:00,71.73
2018-09-30 14:45:00,90.23
2018-09-30 15:00:00,75.29
2018-09-30 15:15:00,67.46
2018-09-30 15:30:00,85.03
2018-09-30 15:45:00,70.75
2018-09-30 16:00:00,56.47
2018-09-30 16:15:00,48.5
2018-09-30 16:30:00,35.41
2018-09-30 16:45:00,32.12
2018-09-30 17:00:00,30.14
2018-09-30 17:15:00,29.62
2018-09-30 17:30:00,25.4
2018-09-30 17:45:00,29.42
2018-09-30 18:00:00,29.68
2018-09-30 18:15:00,33.96
2018-09-30 18:30:00,42.78
2018-09-30 18:45:00,40.93
2018-09-30 19:00:00,44.03
2018-09-30 19:15:00,44.62
2018-09-30 19:30:00,46.53
2018-09-30 19:45:00,51.07
2018-09-30 20:00:00,58.11
2018-09-30 20:15:00,56.07
2018-09-30 20:30:00,59.36
2018-09-30 20:45:00,67.72
2018-09-30 21:00:00,62.39
2018-09-30 21:15:00,62.19
2018-09-30 21:30:00,57.85
2018-09-30 21:45:00,58.05
2018-09-30 22:00:00,64.36
2018-09-30 22:15:00,52.32
2018-09-30 22:30:00,46.13
2018-09-30 22:45:00,44.36
2018-09-30 23:00:00,36.85
2018-09-30 23:15:00,38.37
2018-09-30 23:30:00,40.93
2018-09-30 23:45:00,41.86
2018-10-01 00:00:00,32.51
2018-10-01 00:15:00,28.1
2018-10-01 00:30:00,28.69
2018-10-01 00:45:00,29.02
2018-10-01 01:00:00,39.68
2018-10-01 01:15:00,42.12
2018-10-01 01:30:00,50.67
2018-10-01 01:45:00,55.68
2018-10-01 02:00:00,61.27
2018-10-01 02:15:00,64.63
2018-10-01 02:30:00,68.38
2018-10-01 02:45:00,79.83
2018-10-01 03:00:00,83.58
2018-10-01 03:15:00,76.54
2018-10-01 03:30:00,75.02
2018-10-01 03:45:00,70.93999
2018-10-01 04:00:00,90.23
2018-10-01 04:15:00,104.18
2018-10-01 04:30:00,87.2
2018-10-01 04:45:00,97.27
2018-10-01 05:00:00,111.02
2018-10-01 05:15:00,103.92
2018-10-01 05:30:00,96.41
2018-10-01 05:45:00,87.86
2018-10-01 06:00:00,81.61
2018-10-01 06:15:00,78.25
2018-10-01 06:30:00,62.85
2018-10-01 06:45:00,57.12
2018-10-01 07:00:00,45.67
2018-10-01 07:15:00,50.28
2018-10-01 07:30:00,54.29
2018-10-01 07:45:00,47.91
2018-10-01 08:00:00,40.08
2018-10-01 08:15:00,40.28
2018-10-01 08:30:00,38.5
2018-10-01 08:45:00,38.24
2018-10-01 09:00:00,45.01
2018-10-01 09:15:00,53.31
2018-10-01 09:30:00,53.18
2018-10-01 09:45:00,65.42
2018-10-01 10:00:00,55.61
2018-10-01 10:15:00,43.24
2018-10-01 10:30:00,45.61
2018-10-01 10:45:00,43.24
2018-10-01 11:00:00,30.01
2018-10-01 11:15:00,29.15
2018-10-01 11:30:00,28.63
2018-10-01 11:45:00,33.7
2018-10-01 12:00:00,36.85
2018-10-01 12:15:00,39.29
2018-10-01 12:30:00,40.8
2018-10-01 12:45:00,49.36
2018-10-01 13:00:00,53.83
2018-10-01 13:15:00,58.24
2018-10-01 13:30:00,60.74
2018-10-01 13:45:00,77.99
2018-10-01 14:00:00,78.50999
2018-10-01 14:15:00,74.89
2018-10-01 14:30:00,55.81
2018-10-01 14:45:00,45.94
2018-10-01 15:00:00,49.75
2018-10-01 15:15:00,44.88
2018-10-01 15:30:00,58.83
2018-10-01 15:45:00,61.2
2018-10-01 16:00:00,64.23
2018-10-01 16:15:00,61.73
2018-10-01 16:30:00,63.51
2018-10-01 16:45:00,58.18
2018-10-01 17:00:00,68.05
2018-10-01 17:15:00,69.43
2018-10-01 17:30:00,66.73
2018-10-01 17:45:00,58.51
2018-10-01 18:00:00,50.48
2018-10-01 18:15:00,43.24
2018-10-01 18:30:00,40.74
2018-10-01 18:45:00,46.27
2018-10-01 19:00:00,37.38
2018-10-01 19:15:00,33.76
2018-10-01 19:30:00,35.21
2018-10-01 19:45:00,27.58
2018-10-01 20:00:00,28.89
2018-10-01 20:15:00,32.51
2018-10-01 20:30:00,37.78
2018-10-01 20:45:00,31.33
2018-10-01 21:00:00,30.8
2018-10-01 21:15:00,29.22
2018-10-01 21:30:00,20.66
2018-10-01 21:45:00,28.36
2018-10-01 22:00:00,37.51
2018-10-01 22:15:00,35.6
2018-10-01 22:30:00,33.7
2018-10-01 22:45:00,32.97
2018-10-01 23:00:00,29.94
2018-10-01 23:15:00,31.79
2018-10-01 23:30:00,41.66
2018-10-01 23:45:00,26.26
2018-10-02 00:00:00,31.66
2018-10-02 00:15:00,32.71
2018-10-02 00:30:00,29.09
2018-10-02 00:45:00,26.13
2018-10-02 01:00:00,29.75
2018-10-02 01:15:00,35.27
2018-10-02 01:30:00,30.86
2018-10-02 01:45:00,31.85
2018-10-02 02:00:00,38.43
2018-10-02 02:15:00,39.55
2018-10-02 02:30:00,45.8
2018-10-02 02:45:00,49.62
2018-10-02 03:00:00,56.4
2018-10-02 03:15:00,68.31
2018-10-02 03:30:00,69.43
2018-10-02 03:45:00,67.06
2018-10-02 04:00:00,72.72
2018-10-02 04:15:00,85.03
2018-10-02 04:30:00,74.3
2018-10-02 04:45:00,90.16
2018-10-02 05:00:00,102.99
2018-10-02 05:15:00,100.75999
2018-10-02 05:30:00,88.38
2018-10-02 05:45:00,75.42
2018-10-02 06:00:00,72.66
2018-10-02 06:15:00,62.45
2018-10-02 06:30:00,64.82
2018-10-02 06:45:00,52.98
2018-10-02 07:00:00,46.66
2018-10-02 07:15:00,38.76
2018-10-02 07:30:00,31.33
2018-10-02 07:45:00,30.14
2018-10-02 08:00:00,28.1
2018-10-02 08:15:00,33.43
2018-10-02 08:30:00,36.46
2018-10-02 08:45:00,43.37
2018-10-02 09:00:00,38.57
2018-10-02 09:15:00,40.08
2018-10-02 09:30:00,44.55
2018-10-02 09:45:00,51.4
2018-10-02 10:00:00,64.49
2018-10-02 10:15:00,78.25
2018-10-02 10:30:00,92.46
2018-10-02 10:45:00,98.85
2018-10-02 11:00:00,71.8
2018-10-02 11:15:00,40.87
2018-10-02 11:30:00,33.76
2018-10-02 11:45:00,32.71
2018-10-02 12:00:00,37.78
2018-10-02 12:15:00,33.23
2018-10-02 12:30:00,27.71
2018-10-02 12:45:00,36.72
2018-10-02 13:00:00,33.89
2018-10-02 13:15:00,38.63
2018-10-02 13:30:00,38.17
2018-10-02 13:45:00,43.44
2018-10-02 14:00:00,37.58
2018-10-02 14:15:00,34.02
2018-10-02 14:30:00,35.74
2018-10-02 14:45:00,39.75
2018-10-02 15:00:00,36.85
2018-10-02 15:15:00,48.96
2018-10-02 15:30:00,38.04
2018-10-02 15:45:00,58.37
2018-10-02 16:00:00,58.31
2018-10-02 16:15:00,69.83
2018-10-02 16:30:00,70.81
2018-10-02 16:45:00,82.13
2018-10-02 17:00:00,80.42
2018-10-02 17:15:00,88.32
2018-10-02 17:30:00,76.8
2018-10-02 17:45:00,88.45
2018-10-02 18:00:00,89.31
2018-10-02 18:15:00,79.7
2018-10-02 18:30:00,75.88
2018-10-02 18:45:00,69.63
2018-10-02 19:00:00,76.87
2018-10-02 19:15:00,75.88
2018-10-02 19:30:00,71.27
2018-10-02 19:45:00,77.53
2018-10-02 20:00:00,89.37
2018-10-02 20:15:00,86.41
2018-10-02 20:30:00,83.84
2018-10-02 20:45:00,77.72
2018-10-02 21:00:00,75.75
2018-10-02 21:15:00,72.79
2018-10-02 21:30:00,77.25999
2018-10-02 21:45:00,76.08
2018-10-02 22:00:00,62.26
2018-10-02 22:15:00,67.13
2018-10-02 22:30:00,69.5
2018-10-02 22:45:00,73.43999
2018-10-02 23:00:00,68.71
2018-10-02 23:15:00,66.53
2018-10-02 23:30:00,67.13
2018-10-02 23:45:00,60.88
2018-10-03 00:00:00,69.68999
2018-10-03 00:15:00,64.23
2018-10-03 00:30:00,64.17
2018-10-03 00:45:00,52.12
2018-10-03 01:00:00,51.53
2018-10-03 01:15:00,62.78
2018-10-03 01:30:00,73.18
2018-10-03 01:45:00,79.43
2018-10-03 02:00:00,88.05
2018-10-03 02:15:00,91.61
2018-10-03 02:30:00,103.13
2018-10-03 02:45:00,106.55
2018-10-03 03:00:00,115.04
2018-10-03 03:15:00,115.17
2018-10-03 03:30:00,113.0
2018-10-03 03:45:00,114.71
2018-10-03 04:00:00,114.91
2018-10-03 04:15:00,111.14999
2018-10-03 04:30:00,110.56
2018-10-03 04:45:00,110.82999
2018-10-03 05:01:00,110.04
2018-10-03 05:15:00,115.37
2018-10-03 05:30:00,115.43
2018-10-03 05:45:00,112.73
2018-10-03 06:00:00,112.6
2018-10-03 06:15:00,109.25
2018-10-03 06:30:00,113.85
2018-10-03 06:45:00,115.5
2018-10-03 07:00:00,113.85
2018-10-03 07:15:00,115.04
2018-10-03 07:30:00,114.97
2018-10-03 07:45:00,115.17
2018-10-03 08:00:00,115.1
2018-10-03 08:15:00,115.1
2018-10-03 08:30:00,115.37
2018-10-03 08:45:00,115.43
2018-10-03 09:00:00,114.64
2018-10-03 09:15:00,115.5
2018-10-03 09:30:00,115.37
2018-10-03 09:45:00,115.37
2018-10-03 10:00:00,115.3
2018-10-03 10:15:00,115.04
2018-10-03 10:30:00,113.79
2018-10-03 10:45:00,112.6
2018-10-03 11:00:00,113.66
2018-10-03 11:15:00,110.43
2018-10-03 11:30:00,109.89999
2018-10-03 11:45:00,110.56
2018-10-03 12:00:00,111.93999
2018-10-03 12:15:00,103.92
2018-10-03 12:30:00,112.00999
2018-10-03 12:45:00,114.45
2018-10-03 13:00:00,51.79
2018-10-03 13:15:00,0.0
2018-10-03 13:30:00,0.0
2018-10-03 13:45:00,34.35
2018-10-03 14:00:00,46.59
2018-10-03 14:15:00,68.369995
2018-10-03 14:30:00,96.8
2018-10-03 14:45:00,129.85
2018-10-03 15:00:00,151.69
2018-10-03 15:15:00,168.15
2018-10-03 15:30:00,171.64
2018-10-03 15:45:00,179.07
2018-10-03 16:00:00,181.18
2018-10-03 16:15:00,189.72998
2018-10-03 16:30:00,182.23001
2018-10-03 16:45:00,184.6
2018-10-03 17:00:00,191.97
2018-10-03 17:15:00,183.62
2018-10-03 17:30:00,181.38
2018-10-03 17:45:00,183.22
2018-10-03 18:00:00,179.13
2018-10-03 18:15:00,174.85999
2018-10-03 18:30:00,176.04999
2018-10-03 18:45:00,171.70001
2018-10-03 19:00:00,173.00998
2018-10-03 19:15:00,167.42
2018-10-03 19:30:00,157.29001
2018-10-03 19:45:00,144.57999
2018-10-03 20:00:00,143.27
2018-10-03 20:15:00,137.09
2018-10-03 20:30:00,136.76001
2018-10-03 20:45:00,130.83
2018-10-03 21:00:00,121.68
2018-10-03 21:15:00,118.78
2018-10-03 21:30:00,115.3
2018-10-03 21:45:00,119.240005
2018-10-03 22:00:00,109.240005
2018-10-03 22:15:00,114.51
2018-10-03 22:30:00,121.350006
2018-10-03 22:45:00,129.50998
2018-10-03 23:00:00,119.58
2018-10-03 23:15:00,124.909996
2018-10-03 23:30:00,123.72
2018-10-03 23:45:00,121.94
2018-10-04 00:00:00,119.12
2018-10-04 00:15:00,121.42
2018-10-04 00:30:00,129.12
2018-10-04 00:45:00,139.0
2018-10-04 01:00:00,164.85
2018-10-04 01:15:00,167.16
2018-10-04 01:30:00,165.64
2018-10-04 01:45:00,176.05
2018-10-04 02:00:00,178.08
2018-10-04 02:15:00,176.31
2018-10-04 02:30:00,165.63998
2018-10-04 02:45:00,161.29999
2018-10-04 03:00:00,166.37
2018-10-04 03:15:00,175.57999
2018-10-04 03:30:00,189.07
2018-10-04 03:45:00,201.38
2018-10-04 04:00:00,212.16998
2018-10-04 04:15:00,214.60999
2018-10-04 04:30:00,214.81
2018-10-04 04:45:00,215.46999
2018-10-04 05:00:00,210.33997
2018-10-04 05:15:00,205.59
2018-10-04 05:30:00,195.06
2018-10-04 05:45:00,196.12
2018-10-04 06:00:00,189.34
2018-10-04 06:15:00,183.48
2018-10-04 06:30:00,186.18
2018-10-04 06:45:00,185.65
2018-10-04 07:00:00,180.66
2018-10-04 07:15:00,173.41
2018-10-04 07:30:00,177.48999
2018-10-04 07:45:00,179.0
2018-10-04 08:00:00,180.65
2018-10-04 08:15:00,169.52
2018-10-04 08:30:00,177.16
2018-10-04 08:45:00,177.22998
2018-10-04 09:00:00,160.78
2018-10-04 09:15:00,154.32999
2018-10-04 09:30:00,160.78
2018-10-04 09:45:00,162.88
2018-10-04 10:00:00,166.17
2018-10-04 10:15:00,172.22
2018-10-04 10:30:00,174.6
2018-10-04 10:45:00,170.58
2018-10-04 11:00:00,171.1
2018-10-04 11:15:00,165.65
2018-10-04 11:30:00,160.77998
2018-10-04 11:45:00,151.62
2018-10-04 12:00:00,137.94
2018-10-04 12:15:00,128.33
2018-10-04 12:30:00,126.69
2018-10-04 12:45:00,162.47998
2018-10-04 13:00:00,155.10999
2018-10-04 13:15:00,138.98999
2018-10-04 13:30:00,147.22
2018-10-04 13:45:00,173.02
2018-10-04 14:00:00,194.72998
2018-10-04 14:15:00,189.27
2018-10-04 14:30:00,179.79999
2018-10-04 14:45:00,179.98999
2018-10-04 15:00:00,181.51
2018-10-04 15:15:00,180.84998
2018-10-04 15:30:00,186.05
2018-10-04 15:45:00,184.27
2018-10-04 16:00:00,161.57
2018-10-04 16:15:00,145.84
2018-10-04 16:30:00,93.119995
2018-10-04 16:45:00,69.96
2018-10-04 17:00:00,66.33
2018-10-04 17:15:00,60.54
2018-10-04 17:30:00,63.05
2018-10-04 17:45:00,60.62
2018-10-04 18:00:00,64.36
2018-10-04 18:15:00,64.95
2018-10-04 18:30:00,53.11
2018-10-04 18:45:00,39.09
2018-10-04 19:00:00,33.3
2018-10-04 19:15:00,40.08
2018-10-04 19:30:00,40.73
2018-10-04 19:45:00,45.08
2018-10-04 20:00:00,47.64
2018-10-04 20:15:00,67.85
2018-10-04 20:30:00,62.52
2018-10-04 20:45:00,53.239998
2018-10-04 21:00:00,55.550003
2018-10-04 21:15:00,52.19
2018-10-04 21:30:00,54.3
2018-10-04 21:45:00,66.14
2018-10-04 22:00:00,63.839996
2018-10-04 22:15:00,75.350006
2018-10-04 22:30:00,85.490005
2018-10-04 22:45:00,69.1
2018-10-04 23:00:00,67.979996
2018-10-04 23:15:00,76.8
2018-10-04 23:30:00,68.57
2018-10-04 23:45:00,62.85
2018-10-05 00:00:00,47.98
2018-10-05 00:15:00,44.89
2018-10-05 00:30:00,49.16
2018-10-05 00:45:00,51.07
2018-10-05 01:00:00,52.26
2018-10-05 01:15:00,50.28
2018-10-05 01:30:00,55.75
2018-10-05 01:45:00,42.38
2018-10-05 02:00:00,51.4
2018-10-05 02:15:00,66.34
2018-10-05 02:30:00,65.55
2018-10-05 02:45:00,111.22
2018-10-05 03:00:00,129.25
2018-10-05 03:15:00,127.68
2018-10-05 03:30:00,128.72
2018-10-05 03:45:00,166.16998
2018-10-05 04:00:00,140.77
2018-10-05 04:15:00,119.84
2018-10-05 04:30:00,93.85
2018-10-05 04:45:00,93.119995
2018-10-05 05:00:00,108.91
2018-10-05 05:15:00,113.79
2018-10-05 05:30:00,109.58
2018-10-05 05:45:00,126.89
2018-10-05 06:00:00,154.59
2018-10-05 06:15:00,170.51
2018-10-05 06:30:00,176.11
2018-10-05 06:45:00,179.53
2018-10-05 07:00:00,170.12
2018-10-05 07:15:00,172.95
2018-10-05 07:30:00,189.6
2018-10-05 07:45:00,199.01999
2018-10-05 08:00:00,207.5
2018-10-05 08:15:00,190.2
2018-10-05 08:30:00,147.68
2018-10-05 08:45:00,112.41
2018-10-05 09:00:00,97.07
2018-10-05 09:15:00,106.15
2018-10-05 09:30:00,120.83
2018-10-05 09:45:00,130.38
2018-10-05 10:00:00,143.93
2018-10-05 10:15:00,152.35
2018-10-05 10:30:00,155.70001
2018-10-05 10:45:00,159.33
2018-10-05 11:00:00,174.33
2018-10-05 11:15:00,180.12997
2018-10-05 11:30:00,172.76
2018-10-05 11:45:00,156.23001
2018-10-05 12:00:00,148.20999
2018-10-05 12:15:00,143.86
2018-10-05 12:30:00,147.53998
2018-10-05 12:45:00,158.08
2018-10-05 13:00:00,161.43
2018-10-05 13:15:00,164.07
2018-10-05 13:30:00,171.04
2018-10-05 13:45:00,178.66998
2018-10-05 14:00:00,192.63
2018-10-05 14:15:00,193.29
2018-10-05 14:30:00,178.01999
2018-10-05 14:45:00,171.57
2018-10-05 15:00:00,177.03
2018-10-05 15:15:00,179.14001
2018-10-05 15:30:00,178.48
2018-10-05 15:45:00,176.5
2018-10-05 16:00:00,182.62
2018-10-05 16:15:00,190.98999
2018-10-05 16:30:00,192.3
2018-10-05 16:45:00,187.62
2018-10-05 17:00:00,182.16
2018-10-05 17:15:00,178.15
2018-10-05 17:30:00,178.93999
2018-10-05 17:45:00,184.53
2018-10-05 18:00:00,180.85
2018-10-05 18:15:00,186.84
2018-10-05 18:30:00,190.65
2018-10-05 18:45:00,190.45999
2018-10-05 19:00:00,178.07999
2018-10-05 19:15:00,183.66998
2018-10-05 19:30:00,178.87
2018-10-05 19:45:00,172.62
2018-10-05 20:00:00,170.91
2018-10-05 20:15:00,169.79001
2018-10-05 20:30:00,164.53
2018-10-05 20:45:00,166.04001
2018-10-05 21:00:00,174.2
2018-10-05 21:15:00,169.32999
2018-10-05 21:30:00,168.81
2018-10-05 21:45:00,153.06998
2018-10-05 22:00:00,154.51999
2018-10-05 22:15:00,151.16
2018-10-05 22:30:00,156.63
2018-10-05 22:45:00,169.78998
2018-10-05 23:00:00,166.31
2018-10-05 23:15:00,170.70999
2018-10-05 23:30:00,169.52998
2018-10-05 23:45:00,176.04001
2018-10-06 00:00:00,168.20999
2018-10-06 00:15:00,176.44
2018-10-06 00:30:00,178.54999
2018-10-06 00:45:00,167.62
2018-10-06 01:00:00,160.78
2018-10-06 01:15:00,158.46999
2018-10-06 01:30:00,172.29001
2018-10-06 01:45:00,177.75
2018-10-06 02:00:00,185.91
2018-10-06 02:15:00,196.65
2018-10-06 02:30:00,188.09
2018-10-06 02:45:00,171.82999
2018-10-06 03:00:00,162.82
2018-10-06 03:15:00,160.51999
2018-10-06 03:30:00,164.4
2018-10-06 03:45:00,171.50998
2018-10-06 04:00:00,185.32
2018-10-06 04:15:00,173.61
2018-10-06 04:30:00,176.50998
2018-10-06 04:45:00,183.73999
2018-10-06 05:00:00,184.52998
2018-10-06 05:15:00,175.85
2018-10-06 05:30:00,142.62
2018-10-06 05:45:00,97.6
2018-10-06 06:00:00,57.71
2018-10-06 06:15:00,22.18
2018-10-06 06:30:00,10.59
2018-10-06 06:45:00,8.69
2018-10-06 07:00:00,9.28
2018-10-06 07:15:00,8.49
2018-10-06 07:30:00,18.36
2018-10-06 07:45:00,21.46
2018-10-06 08:00:00,25.21
2018-10-06 08:15:00,28.689999
2018-10-06 08:30:00,31.26
2018-10-06 08:45:00,38.370003
2018-10-06 09:00:00,46.2
2018-10-06 09:15:00,58.64
2018-10-06 09:30:00,62.260002
2018-10-06 09:45:00,61.07
2018-10-06 10:00:00,56.72
2018-10-06 10:15:00,57.519997
2018-10-06 10:30:00,79.96
2018-10-06 10:45:00,91.14
2018-10-06 11:00:00,86.020004
2018-10-06 11:15:00,105.16
2018-10-06 11:30:00,105.229996
2018-10-06 11:45:00,112.2
2018-10-06 12:00:00,119.51
2018-10-06 12:15:00,112.4
2018-10-06 12:30:00,88.520004
2018-10-06 12:45:00,75.81
2018-10-06 13:00:00,53.559998
2018-10-06 13:15:00,43.760002
2018-10-06 13:30:00,46.59
2018-10-06 13:45:00,40.739998
2018-10-06 14:00:00,39.949997
2018-10-06 14:15:00,47.52
2018-10-06 14:30:00,41.4
2018-10-06 14:45:00,33.89
2018-10-06 15:00:00,31.32
2018-10-06 15:15:00,50.47
2018-10-06 15:30:00,49.1
2018-10-06 15:45:00,35.739998
2018-10-06 16:00:00,62.260002
2018-10-06 16:15:00,50.41
2018-10-06 16:30:00,64.03
2018-10-06 16:45:00,60.74
2018-10-06 17:00:00,67.119995
2018-10-06 17:15:00,71.729996
2018-10-06 17:30:00,75.62
2018-10-06 17:45:00,67.92
2018-10-06 18:00:00,51.93
2018-10-06 18:15:00,47.31
2018-10-06 18:30:00,45.34
2018-10-06 18:45:00,43.37
2018-10-06 19:00:00,49.23
2018-10-06 19:15:00,53.57
2018-10-06 19:30:00,54.629997
2018-10-06 19:45:00,55.67
2018-10-06 20:00:00,34.42
2018-10-06 20:15:00,28.17
2018-10-06 20:30:00,27.9
2018-10-06 20:45:00,31.060001
2018-10-06 21:00:00,21.52
2018-10-06 21:15:00,18.82
2018-10-06 21:30:00,3.88
2018-10-06 21:45:00,0.0
2018-10-06 22:00:00,63.44
2018-10-06 22:15:00,22.83
2018-10-06 22:30:00,34.61
2018-10-06 22:45:00,28.630001
2018-10-06 23:00:00,44.55
2018-10-06 23:15:00,63.71
2018-10-06 23:30:00,44.48
2018-10-06 23:45:00,8.62
2018-10-07 00:00:00,15.73
2018-10-07 00:15:00,19.48
2018-10-07 00:30:00,22.51
2018-10-07 00:45:00,43.37
2018-10-07 01:00:00,39.75
2018-10-07 01:15:00,42.32
2018-10-07 01:30:00,32.04
2018-10-07 01:45:00,45.010002
2018-10-07 02:00:00,58.24
2018-10-07 02:15:00,35.47
2018-10-07 02:30:00,59.03
2018-10-07 02:45:00,51.6
2018-10-07 03:00:00,29.09
2018-10-07 03:15:00,36.52
2018-10-07 03:30:00,30.86
2018-10-07 03:45:00,17.7
2018-10-07 04:00:00,5.92
2018-10-07 04:15:00,6.9700003
2018-10-07 04:30:00,12.44
2018-10-07 04:45:00,15.6
2018-10-07 05:00:00,23.89
2018-10-07 05:15:00,25.4
2018-10-07 05:30:00,22.57
2018-10-07 05:45:00,29.490002
2018-10-07 06:00:00,36.39
2018-10-07 06:15:00,40.22
2018-10-07 06:30:00,55.47
2018-10-07 06:45:00,64.03
2018-10-07 07:00:00,59.62
2018-10-07 07:15:00,81.270004
2018-10-07 07:30:00,103.79
2018-10-07 07:45:00,128.01
2018-10-07 08:00:00,128.13
2018-10-07 08:15:00,108.66
2018-10-07 08:30:00,88.25
2018-10-07 08:45:00,87.33
2018-10-07 09:00:00,94.9
2018-10-07 09:15:00,126.22
2018-10-07 09:30:00,121.28999
2018-10-07 09:45:00,119.25
2018-10-07 10:00:00,134.78
2018-10-07 10:15:00,135.31
2018-10-07 10:30:00,108.259995
2018-10-07 10:45:00,112.08
2018-10-07 11:00:00,114.57001
2018-10-07 11:15:00,127.270004
2018-10-07 11:30:00,108.79
2018-10-07 11:45:00,125.29999
2018-10-07 12:00:00,128.52
2018-10-07 12:15:00,127.28
2018-10-07 12:30:00,145.04001
2018-10-07 12:45:00,151.24
2018-10-07 13:00:00,153.28
2018-10-07 13:15:00,146.5
2018-10-07 13:30:00,145.25
2018-10-07 13:45:00,146.5
2018-10-07 14:00:00,137.73999
2018-10-07 14:15:00,137.41
2018-10-07 14:30:00,128.66
2018-10-07 14:45:00,145.45
2018-10-07 15:00:00,127.14
2018-10-07 15:15:00,119.58
2018-10-07 15:30:00,102.21001
2018-10-07 15:45:00,150.25
2018-10-07 16:00:00,169.13
2018-10-07 16:15:00,163.41
2018-10-07 16:30:00,149.97998
2018-10-07 16:45:00,162.09
2018-10-07 17:00:00,160.97
2018-10-07 17:15:00,180.45999
2018-10-07 17:30:00,187.96
2018-10-07 17:45:00,199.98999
2018-10-07 18:00:00,192.9
2018-10-07 18:15:00,199.67
2018-10-07 18:30:00,195.13
2018-10-07 18:45:00,187.63
2018-10-07 19:00:00,161.29999
2018-10-07 19:15:00,153.67
2018-10-07 19:30:00,175.58
2018-10-07 19:45:00,152.01999
2018-10-07 20:00:00,147.15
2018-10-07 20:15:00,130.11
2018-10-07 20:30:00,133.07
2018-10-07 20:45:00,102.86
2018-10-07 21:00:00,89.57
2018-10-07 21:15:00,81.54
2018-10-07 21:30:00,67.2
2018-10-07 21:45:00,145.83
2018-10-07 22:00:00,21.779999
2018-10-07 22:15:00,6.4500003
2018-10-07 22:30:00,1.38
2018-10-07 22:45:00,1.97
2018-10-07 23:00:00,16.380001
2018-10-07 23:15:00,35.010002
2018-10-07 23:30:00,35.34
2018-10-07 23:45:00,31.79
2018-10-08 00:00:00,41.98
2018-10-08 00:15:00,41.13
2018-10-08 00:30:00,64.159996
2018-10-08 00:45:00,57.98
2018-10-08 01:00:00,58.57
2018-10-08 01:15:00,57.58
2018-10-08 01:30:00,67.19
2018-10-08 01:45:00,82.14
2018-10-08 02:00:00,99.03999
2018-10-08 02:15:00,81.41
2018-10-08 02:30:00,101.67
2018-10-08 02:45:00,147.28
2018-10-08 03:00:00,181.97
2018-10-08 03:15:00,202.63
2018-10-08 03:30:00,204.59998
2018-10-08 03:45:00,208.88
2018-10-08 04:00:00,209.41
2018-10-08 04:15:00,203.42
2018-10-08 04:30:00,209.67
2018-10-08 04:45:00,198.09
2018-10-08 05:00:00,201.64
2018-10-08 05:15:00,208.48999
2018-10-08 05:30:00,204.07999
2018-10-08 05:45:00,196.38
2018-10-08 06:00:00,208.68
2018-10-08 06:15:00,208.22998
2018-10-08 06:30:00,209.34998
2018-10-08 06:45:00,210.33
2018-10-08 07:00:00,204.34
2018-10-08 07:15:00,204.73001
2018-10-08 07:30:00,205.65999
2018-10-08 07:45:00,197.89
2018-10-08 08:00:00,193.40997
2018-10-08 08:15:00,197.56
2018-10-08 08:30:00,203.69
2018-10-08 08:45:00,199.79999
2018-10-08 09:00:00,188.73999
2018-10-08 09:15:00,189.67
2018-10-08 09:30:00,195.31998
2018-10-08 09:45:00,196.70999
2018-10-08 10:00:00,191.64
2018-10-08 10:15:00,195.92
2018-10-08 10:30:00,207.37
2018-10-08 10:45:00,206.97
2018-10-08 11:00:00,209.01999
2018-10-08 11:15:00,209.73999
2018-10-08 11:30:00,209.60999
2018-10-08 11:45:00,212.76999
2018-10-08 12:00:00,210.59
2018-10-08 12:15:00,210.52998
2018-10-08 12:30:00,207.43
2018-10-08 12:45:00,206.97
2018-10-08 13:00:00,207.83
2018-10-08 13:15:00,212.49998
2018-10-08 13:30:00,211.39
2018-10-08 13:45:00,204.60999
2018-10-08 14:00:00,174.26999
2018-10-08 14:15:00,154.59
2018-10-08 14:30:00,161.75998
2018-10-08 14:45:00,177.29001
2018-10-08 15:00:00,190.12999
2018-10-08 15:15:00,197.23001
2018-10-08 15:30:00,209.35
2018-10-08 15:45:00,204.87
2018-10-08 16:00:00,205.2
2018-10-08 16:15:00,196.05
2018-10-08 16:30:00,199.01001
2018-10-08 16:45:00,200.66
2018-10-08 17:00:00,211.65
2018-10-08 17:15:00,204.94
2018-10-08 17:30:00,212.16998
2018-10-08 17:45:00,212.17
2018-10-08 18:00:00,214.73999
2018-10-08 18:15:00,219.73999
2018-10-08 18:30:00,220.14
2018-10-08 18:45:00,216.26001
2018-10-08 19:00:00,212.31
2018-10-08 19:15:00,210.07
2018-10-08 19:30:00,213.16
2018-10-08 19:45:00,212.11
2018-10-08 20:00:00,209.35
2018-10-08 20:15:00,212.44
2018-10-08 20:30:00,202.04001
2018-10-08 20:45:00,202.5
2018-10-08 21:00:00,202.75998
2018-10-08 21:15:00,180.52
2018-10-08 21:30:00,178.20999
2018-10-08 21:45:00,191.51
2018-10-08 22:00:00,222.10999
2018-10-08 22:15:00,195.13
2018-10-08 22:30:00,208.43
2018-10-08 22:45:00,162.22
2018-10-08 23:00:00,117.869995
2018-10-08 23:15:00,133.26999
2018-10-08 23:30:00,195.53
2018-10-08 23:45:00,196.70999
2018-10-09 00:00:00,166.04001
2018-10-09 00:15:00,174.47
2018-10-09 00:30:00,168.40999
2018-10-09 00:45:00,175.77998
2018-10-09 01:00:00,162.82
2018-10-09 01:15:00,128.66
2018-10-09 01:30:00,83.25
2018-10-09 01:45:00,65.22
2018-10-09 02:00:00,17.310001
2018-10-09 02:15:00,29.35
2018-10-09 02:30:00,17.11
2018-10-09 02:45:00,47.38
2018-10-09 03:00:00,108.91
2018-10-09 03:15:00,30.8
2018-10-09 03:30:00,17.18
2018-10-09 03:45:00,2.04
2018-10-09 04:00:00,0.2
2018-10-09 04:15:00,0.92
2018-10-09 04:30:00,4.2799997
2018-10-09 04:45:00,3.69
2018-10-09 05:00:00,26.52
2018-10-09 05:15:00,31.85
2018-10-09 05:30:00,27.91
2018-10-09 05:45:00,30.279999
2018-10-09 06:00:00,20.34
2018-10-09 06:15:00,14.02
2018-10-09 06:30:00,13.49
2018-10-09 06:45:00,26.119999
2018-10-09 07:00:00,0.0
2018-10-09 07:15:00,131.03
2018-10-09 07:30:00,105.7
2018-10-09 07:45:00,84.44
2018-10-09 08:00:00,35.47
2018-10-09 08:15:00,15.6
2018-10-09 08:30:00,10.26
2018-10-09 08:45:00,12.18
2018-10-09 09:00:00,52.98
2018-10-09 09:15:00,0.0
2018-10-09 09:30:00,0.0
2018-10-09 09:45:00,0.0
2018-10-09 10:00:00,0.0
2018-10-09 10:15:00,0.0
2018-10-09 10:30:00,0.0
2018-10-09 10:45:00,10.99
2018-10-09 11:00:00,36.07
2018-10-09 11:15:00,58.57
2018-10-09 11:30:00,0.0
2018-10-09 11:45:00,0.99
2018-10-09 12:00:00,3.0900002
2018-10-09 12:15:00,8.16
2018-10-09 12:30:00,2.11
2018-10-09 12:45:00,0.46
2018-10-09 13:00:00,3.36
2018-10-09 13:15:00,2.83
2018-10-09 13:30:00,2.57
2018-10-09 13:45:00,1.25
2018-10-09 14:00:00,0.72
2018-10-09 14:15:00,6.52
2018-10-09 14:30:00,8.36
2018-10-09 14:45:00,3.62
2018-10-09 15:00:00,3.95
2018-10-09 15:15:00,7.24
2018-10-09 15:30:00,7.11
2018-10-09 15:45:00,3.62
2018-10-09 16:00:00,0.66
2018-10-09 16:15:00,3.09
2018-10-09 16:30:00,8.030001
2018-10-09 16:45:00,33.690002
2018-10-09 17:00:00,39.42
2018-10-09 17:15:00,52.71
2018-10-09 17:30:00,38.11
2018-10-09 17:45:00,43.96
2018-10-09 18:00:00,31.86
2018-10-09 18:15:00,23.89
2018-10-09 18:30:00,20.27
2018-10-09 18:45:00,28.36
2018-10-09 19:00:00,29.62
2018-10-09 19:15:00,27.31
2018-10-09 19:30:00,21.65
2018-10-09 19:45:00,19.55
2018-10-09 20:00:00,21.52
2018-10-09 20:15:00,6.25
2018-10-09 20:30:00,5.79
2018-10-09 20:45:00,17.57
2018-10-09 21:00:00,29.490002
2018-10-09 21:15:00,28.49
2018-10-09 21:30:00,37.440002
2018-10-09 21:45:00,47.120003
2018-10-09 22:00:00,42.97
2018-10-09 22:15:00,31.330002
2018-10-09 22:30:00,24.68
2018-10-09 22:45:00,19.869999
2018-10-09 23:00:00,6.84
2018-10-09 23:15:00,4.08
2018-10-09 23:30:00,11.58
2018-10-09 23:45:00,8.55
2018-10-10 00:00:00,8.16
2018-10-10 00:15:00,3.69
2018-10-10 00:30:00,2.37
2018-10-10 00:45:00,2.37
2018-10-10 01:00:00,1.12
2018-10-10 01:15:00,0.46
2018-10-10 01:30:00,0.0
2018-10-10 01:45:00,0.0
2018-10-10 02:00:00,0.2
2018-10-10 02:15:00,0.59999996
2018-10-10 02:30:00,2.17
2018-10-10 02:45:00,4.73
2018-10-10 03:00:00,4.54
2018-10-10 03:15:00,2.96
2018-10-10 03:30:00,2.9
2018-10-10 03:45:00,77.79
2018-10-10 04:00:00,76.4
2018-10-10 04:15:00,83.45
2018-10-10 04:30:00,50.21
2018-10-10 04:45:00,29.42
2018-10-10 05:00:00,32.18
2018-10-10 05:15:00,43.9
2018-10-10 05:30:00,34.22
2018-10-10 05:45:00,27.51
2018-10-10 06:00:00,26.990002
2018-10-10 06:15:00,51.79
2018-10-10 06:30:00,50.68
2018-10-10 06:45:00,46.989998
2018-10-10 07:00:00,54.75
2018-10-10 07:15:00,55.48
2018-10-10 07:30:00,49.23
2018-10-10 07:45:00,47.379997
2018-10-10 08:00:00,33.559998
2018-10-10 08:15:00,23.880001
2018-10-10 08:30:00,27.18
2018-10-10 08:45:00,24.349998
2018-10-10 09:00:00,30.939999
2018-10-10 09:15:00,27.12
2018-10-10 09:30:00,22.83
2018-10-10 09:45:00,19.41
2018-10-10 10:00:00,20.67
2018-10-10 10:15:00,23.029999
2018-10-10 10:30:00,17.050001
2018-10-10 10:45:00,15.01
2018-10-10 11:00:00,17.04
2018-10-10 11:15:00,20.66
2018-10-10 11:30:00,16.06
2018-10-10 11:45:00,15.07
2018-10-10 12:00:00,28.36
2018-10-10 12:15:00,32.18
2018-10-10 12:30:00,35.079998
2018-10-10 12:45:00,36.0
2018-10-10 13:00:00,42.65
2018-10-10 13:15:00,43.760002
2018-10-10 13:30:00,38.9
2018-10-10 13:45:00,44.809998
2018-10-10 14:00:00,44.23
2018-10-10 14:15:00,32.25
2018-10-10 14:30:00,30.670002
2018-10-10 14:45:00,29.279999
2018-10-10 15:00:00,25.27
2018-10-10 15:15:00,23.619999
2018-10-10 15:30:00,14.349999
2018-10-10 15:45:00,10.39
2018-10-10 16:00:00,6.6400003
2018-10-10 16:15:00,2.76
2018-10-10 16:30:00,0.0
2018-10-10 16:45:00,0.0
2018-10-10 17:00:00,0.0
2018-10-10 17:15:00,0.0
2018-10-10 17:30:00,0.0
2018-10-10 17:45:00,0.0
2018-10-10 18:00:00,0.0
2018-10-10 18:15:00,0.0
2018-10-10 18:30:00,0.0
2018-10-10 18:45:00,0.0
2018-10-10 19:00:00,0.0
2018-10-10 19:15:00,0.0
2018-10-10 19:30:00,0.0
2018-10-10 19:45:00,0.0
2018-10-10 20:00:00,0.0
2018-10-10 20:15:00,0.0
2018-10-10 20:30:00,0.0
2018-10-10 20:45:00,0.0
2018-10-10 21:00:00,0.0
2018-10-10 21:15:00,0.0
2018-10-10 21:30:00,0.0
2018-10-10 21:45:00,0.0
2018-10-10 22:00:00,0.0
2018-10-10 22:15:00,0.0
2018-10-10 22:30:00,0.0
2018-10-10 22:45:00,0.0
2018-10-10 23:00:00,0.0
2018-10-10 23:15:00,0.0
2018-10-10 23:30:00,0.0
2018-10-10 23:45:00,0.0
2018-10-11 00:00:00,0.13
2018-10-11 00:15:00,2.9
2018-10-11 00:30:00,4.81
2018-10-11 00:45:00,4.54
2018-10-11 01:00:00,9.74
2018-10-11 01:15:00,7.2400002
2018-10-11 01:30:00,7.83
2018-10-11 01:45:00,7.1000004
2018-10-11 02:00:00,7.3
2018-10-11 02:15:00,8.36
2018-10-11 02:30:00,9.54
2018-10-11 02:45:00,5.26
2018-10-11 03:00:00,10.27
2018-10-11 03:15:00,12.11
2018-10-11 03:30:00,12.64
2018-10-11 03:45:00,17.57
2018-10-11 04:00:00,16.970001
2018-10-11 04:15:00,14.940001
2018-10-11 04:30:00,12.24
2018-10-11 04:45:00,15.99
2018-10-11 05:00:00,16.64
2018-10-11 05:15:00,15.93
2018-10-11 05:30:00,19.81
2018-10-11 05:45:00,25.41
2018-10-11 06:00:00,27.64
2018-10-11 06:15:00,31.66
2018-10-11 06:30:00,30.14
2018-10-11 06:45:00,28.63
2018-10-11 07:00:00,25.14
2018-10-11 07:15:00,25.33
2018-10-11 07:30:00,20.6
2018-10-11 07:45:00,20.07
2018-10-11 08:00:00,17.57
2018-10-11 08:15:00,21.06
2018-10-11 08:30:00,24.42
2018-10-11 08:45:00,21.85
2018-10-11 09:00:00,16.91
2018-10-11 09:15:00,16.0
2018-10-11 09:30:00,14.21
2018-10-11 09:45:00,9.34
2018-10-11 10:00:00,10.33
2018-10-11 10:15:00,17.24
2018-10-11 10:30:00,18.3
2018-10-11 10:45:00,22.630001
2018-10-11 11:00:00,24.61
2018-10-11 11:15:00,39.09
2018-10-11 11:30:00,48.57
2018-10-11 11:45:00,31.85
2018-10-11 12:00:00,20.080002
2018-10-11 12:15:00,15.66
2018-10-11 12:30:00,16.32
2018-10-11 12:45:00,24.68
2018-10-11 13:00:00,40.079998
2018-10-11 13:15:00,52.65
2018-10-11 13:30:00,67.53
2018-10-11 13:45:00,31.0
2018-10-11 14:00:00,54.230003
2018-10-11 14:15:00,55.019997
2018-10-11 14:30:00,40.34
2018-10-11 14:45:00,16.52
2018-10-11 15:00:00,11.58
2018-10-11 15:15:00,20.6
2018-10-11 15:30:00,30.8
2018-10-11 15:45:00,26.59
2018-10-11 16:00:00,26.45
2018-10-11 16:15:00,4.15
2018-10-11 16:30:00,14.21
2018-10-11 16:45:00,48.96
2018-10-11 17:00:00,37.77
2018-10-11 17:15:00,20.67
2018-10-11 17:30:00,50.28
2018-10-11 17:45:00,49.23
2018-10-11 18:00:00,53.239998
2018-10-11 18:15:00,46.93
2018-10-11 18:30:00,46.269997
2018-10-11 18:45:00,23.82
2018-10-11 19:00:00,14.8
2018-10-11 19:15:00,4.4
2018-10-11 19:30:00,1.12
2018-10-11 19:45:00,1.58
2018-10-11 20:00:00,1.18
2018-10-11 20:15:00,3.3600001
2018-10-11 20:30:00,10.66
2018-10-11 20:45:00,8.82
2018-10-11 21:00:00,17.57
2018-10-11 21:15:00,20.27
2018-10-11 21:30:00,11.58
2018-10-11 21:45:00,9.4
2018-10-11 22:00:00,13.82
2018-10-11 22:15:00,21.59
2018-10-11 22:30:00,21.52
2018-10-11 22:45:00,16.06
2018-10-11 23:00:00,12.7
2018-10-11 23:15:00,16.06
2018-10-11 23:30:00,16.06
2018-10-11 23:45:00,23.43
2018-10-12 00:00:00,37.18
2018-10-12 00:15:00,35.4
2018-10-12 00:30:00,26.189999
2018-10-12 00:45:00,16.12
2018-10-12 01:00:00,29.029999
2018-10-12 01:15:00,30.800001
2018-10-12 01:30:00,41.0
2018-10-12 01:45:00,35.54
2018-10-12 02:00:00,33.83
2018-10-12 02:15:00,24.939999
2018-10-12 02:30:00,20.33
2018-10-12 02:45:00,26.189999
2018-10-12 03:00:00,42.309998
2018-10-12 03:15:00,47.65
2018-10-12 03:30:00,44.1
2018-10-12 03:45:00,50.28
2018-10-12 04:00:00,56.93
2018-10-12 04:15:00,73.91
2018-10-12 04:30:00,92.53
2018-10-12 04:45:00,75.880005
2018-10-12 05:00:00,87.2
2018-10-12 05:15:00,82.66
2018-10-12 05:30:00,97.600006
2018-10-12 05:45:00,100.75
2018-10-12 06:00:00,97.33
2018-10-12 06:15:00,99.84
2018-10-12 06:30:00,94.44
2018-10-12 06:45:00,77.92
2018-10-12 07:00:00,72.92
2018-10-12 07:15:00,79.17
2018-10-12 07:30:00,96.55
2018-10-12 07:45:00,120.17
2018-10-12 08:00:00,131.36
2018-10-12 08:15:00,139.33
2018-10-12 08:30:00,125.5
2018-10-12 08:45:00,112.8
2018-10-12 09:00:00,102.8
2018-10-12 09:15:00,85.75
2018-10-12 09:30:00,77.2
2018-10-12 09:45:00,77.39
2018-10-12 10:00:00,83.71
2018-10-12 10:15:00,91.75
2018-10-12 10:30:00,94.369995
2018-10-12 10:45:00,97.270004
2018-10-12 11:00:00,88.520004
2018-10-12 11:15:00,70.88
2018-10-12 11:30:00,75.42
2018-10-12 11:45:00,63.839996
2018-10-12 12:00:00,60.35
2018-10-12 12:15:00,74.43
2018-10-12 12:30:00,78.11
2018-10-12 12:45:00,98.119995
2018-10-12 13:00:00,115.100006
2018-10-12 13:15:00,109.31
2018-10-12 13:30:00,89.1
2018-10-12 13:45:00,80.22
2018-10-12 14:00:00,67.72
2018-10-12 14:15:00,53.64
2018-10-12 14:30:00,51.4
2018-10-12 14:45:00,76.53999
2018-10-12 15:00:00,93.119995
2018-10-12 15:15:00,106.95
2018-10-12 15:30:00,115.69
2018-10-12 15:45:00,111.09
2018-10-12 16:00:00,142.22
2018-10-12 16:15:00,165.12
2018-10-12 16:30:00,169.4
2018-10-12 16:45:00,166.11
2018-10-12 17:00:00,173.68
2018-10-12 17:15:00,178.42
2018-10-12 17:30:00,166.04001
2018-10-12 17:45:00,159.85
2018-10-12 18:00:00,141.48999
2018-10-12 18:15:00,107.01
2018-10-12 18:30:00,77.07
2018-10-12 18:45:00,66.14
2018-10-12 19:00:00,58.309998
2018-10-12 19:15:00,42.97
2018-10-12 19:30:00,30.869999
2018-10-12 19:45:00,25.54
2018-10-12 20:00:00,11.32
2018-10-12 20:15:00,6.84
2018-10-12 20:30:00,0.0
2018-10-12 20:45:00,0.0
2018-10-12 21:00:00,0.0
2018-10-12 21:15:00,0.07
2018-10-12 21:30:00,0.0
2018-10-12 21:45:00,0.0
2018-10-12 22:00:00,0.0
2018-10-12 22:15:00,0.0
2018-10-12 22:30:00,0.0
2018-10-12 22:45:00,0.0
2018-10-12 23:00:00,0.0
2018-10-12 23:15:00,23.16
2018-10-12 23:30:00,32.9
2018-10-12 23:45:00,24.15
2018-10-13 00:00:00,31.39
2018-10-13 00:15:00,26.98
2018-10-13 00:30:00,22.31
2018-10-13 00:45:00,13.75
2018-10-13 01:00:00,25.07
2018-10-13 01:15:00,38.239998
2018-10-13 01:30:00,45.15
2018-10-13 01:45:00,56.269997
2018-10-13 02:00:00,52.71
2018-10-13 02:15:00,51.199997
2018-10-13 02:30:00,51.33
2018-10-13 02:45:00,51.07
2018-10-13 03:00:00,46.07
2018-10-13 03:15:00,44.620003
2018-10-13 03:30:00,61.199997
2018-10-13 03:45:00,83.64
2018-10-13 04:00:00,87.33
2018-10-13 04:15:00,69.11
2018-10-13 04:30:00,65.48
2018-10-13 04:45:00,52.97
2018-10-13 05:00:00,49.56
2018-10-13 05:15:00,59.89
2018-10-13 05:30:00,61.6
2018-10-13 05:45:00,49.23
2018-10-13 06:00:00,54.629997
2018-10-13 06:15:00,38.11
2018-10-13 06:30:00,56.86
2018-10-13 06:45:00,49.62
2018-10-13 07:00:00,53.11
2018-10-13 07:15:00,49.68
2018-10-13 07:30:00,50.480003
2018-10-13 07:45:00,60.35
2018-10-13 08:00:00,75.55
2018-10-13 08:15:00,64.17
2018-10-13 08:30:00,43.760002
2018-10-13 08:45:00,48.11
2018-10-13 09:00:00,50.019997
2018-10-13 09:15:00,35.67
2018-10-13 09:30:00,20.470001
2018-10-13 09:45:00,19.939999
2018-10-13 10:00:00,16.85
2018-10-13 10:15:00,4.15
2018-10-13 10:30:00,3.6799998
2018-10-13 10:45:00,8.82
2018-10-13 11:00:00,15.53
2018-10-13 11:15:00,3.95
2018-10-13 11:30:00,6.12
2018-10-13 11:45:00,1.91
2018-10-13 12:00:00,0.0
2018-10-13 12:15:00,0.0
2018-10-13 12:30:00,3.4899998
2018-10-13 12:45:00,7.17
2018-10-13 13:00:00,3.3600001
2018-10-13 13:15:00,2.77
2018-10-13 13:30:00,0.26
2018-10-13 13:45:00,0.0
2018-10-13 14:00:00,0.0
2018-10-13 14:15:00,0.0
2018-10-13 14:30:00,4.7999997
2018-10-13 14:45:00,12.97
2018-10-13 15:00:00,11.98
2018-10-13 15:15:00,27.310001
2018-10-13 15:30:00,28.75
2018-10-13 15:45:00,32.11
2018-10-13 16:00:00,32.38
2018-10-13 16:15:00,32.45
2018-10-13 16:30:00,20.99
2018-10-13 16:45:00,16.84
2018-10-13 17:00:00,14.74
2018-10-13 17:15:00,9.41
2018-10-13 17:30:00,9.15
2018-10-13 17:45:00,0.0
2018-10-13 18:00:00,0.0
2018-10-13 18:15:00,0.0
2018-10-13 18:30:00,0.0
2018-10-13 18:45:00,0.0
2018-10-13 19:00:00,0.0
2018-10-13 19:15:00,0.0
2018-10-13 19:30:00,0.0
2018-10-13 19:45:00,0.0
2018-10-13 20:00:00,0.0
2018-10-13 20:15:00,0.0
2018-10-13 20:30:00,0.0
2018-10-13 20:45:00,0.0
2018-10-13 21:00:00,0.0
2018-10-13 21:15:00,0.0
2018-10-13 21:30:00,0.0
2018-10-13 21:45:00,0.0
2018-10-13 22:00:00,0.0
2018-10-13 22:15:00,0.0
2018-10-13 22:30:00,0.0
2018-10-13 22:45:00,0.0
2018-10-13 23:00:00,0.0
2018-10-13 23:15:00,0.0
2018-10-13 23:30:00,0.0
2018-10-13 23:45:00,0.0
2018-10-14 00:00:00,0.0
2018-10-14 00:15:00,0.0
2018-10-14 00:30:00,0.0
2018-10-14 00:45:00,0.0
2018-10-14 01:00:00,0.0
2018-10-14 01:15:00,0.0
2018-10-14 01:30:00,0.0
2018-10-14 01:45:00,0.0
2018-10-14 02:00:00,0.0
2018-10-14 02:15:00,0.0
2018-10-14 02:30:00,0.0
2018-10-14 02:45:00,0.0
2018-10-14 03:00:00,0.0
2018-10-14 03:15:00,0.0
2018-10-14 03:30:00,0.0
2018-10-14 03:45:00,0.0
2018-10-14 04:00:00,0.13
2018-10-14 04:15:00,4.08
2018-10-14 04:30:00,4.4700003
2018-10-14 04:45:00,3.6200001
2018-10-14 05:00:00,2.5
2018-10-14 05:15:00,1.12
2018-10-14 05:30:00,4.67
2018-10-14 05:45:00,6.84
2018-10-14 06:00:00,11.059999
2018-10-14 06:15:00,37.97
2018-10-14 06:30:00,58.769997
2018-10-14 06:45:00,62.909996
2018-10-14 07:00:00,79.76
2018-10-14 07:15:00,96.81
2018-10-14 07:30:00,85.880005
2018-10-14 07:45:00,80.55
2018-10-14 08:00:00,87.46
2018-10-14 08:15:00,82.33
2018-10-14 08:30:00,85.75
2018-10-14 08:45:00,96.020004
2018-10-14 09:00:00,78.58
2018-10-14 09:15:00,66.729996
2018-10-14 09:30:00,71.009995
2018-10-14 09:45:00,83.18
2018-10-14 10:00:00,97.93
2018-10-14 10:15:00,109.64
2018-10-14 10:30:00,120.17
2018-10-14 10:45:00,126.88
2018-10-14 11:00:00,132.22
2018-10-14 11:15:00,134.04999
2018-10-14 11:30:00,133.66
2018-10-14 11:45:00,123.73
2018-10-14 12:00:00,114.84
2018-10-14 12:15:00,101.74
2018-10-14 12:30:00,102.0
2018-10-14 12:45:00,102.46001
2018-10-14 13:00:00,99.44
2018-10-14 13:15:00,78.51
2018-10-14 13:30:00,62.92
2018-10-14 13:45:00,49.36
2018-10-14 14:00:00,53.57
2018-10-14 14:15:00,43.5
2018-10-14 14:30:00,30.599998
2018-10-14 14:45:00,30.87
2018-10-14 15:00:00,43.769997
2018-10-14 15:15:00,43.82
2018-10-14 15:30:00,39.29
2018-10-14 15:45:00,32.18
2018-10-14 16:00:00,23.689999
2018-10-14 16:15:00,28.89
2018-10-14 16:30:00,43.43
2018-10-14 16:45:00,55.739998
2018-10-14 17:00:00,97.47
2018-10-14 17:15:00,133.93
2018-10-14 17:30:00,77.649994
2018-10-14 17:45:00,65.22
2018-10-14 18:00:00,60.549995
2018-10-14 18:15:00,83.65
2018-10-14 18:30:00,98.979996
2018-10-14 18:45:00,55.870003
2018-10-14 19:00:00,32.12
2018-10-14 19:15:00,28.630001
2018-10-14 19:30:00,35.67
2018-10-14 19:45:00,28.029999
2018-10-14 20:00:00,27.439999
2018-10-14 20:15:00,124.91
2018-10-14 20:30:00,117.149994
2018-10-14 20:45:00,91.81
2018-10-14 21:00:00,110.03
2018-10-14 21:15:00,125.369995
2018-10-14 21:30:00,166.5
2018-10-14 21:45:00,162.81
2018-10-14 22:00:00,183.01999
2018-10-14 22:15:00,180.85
2018-10-14 22:30:00,165.58
2018-10-14 22:45:00,171.95999
2018-10-14 23:00:00,183.88
2018-10-14 23:15:00,204.14001
2018-10-14 23:30:00,183.93999
2018-10-14 23:45:00,201.90999
2018-10-15 00:00:00,195.53
2018-10-15 00:15:00,185.59
2018-10-15 00:30:00,193.61
2018-10-15 00:45:00,206.84998
2018-10-15 01:00:00,208.87999
2018-10-15 01:15:00,205.39
2018-10-15 01:30:00,204.47998
2018-10-15 01:45:00,213.56
2018-10-15 02:00:00,212.83
2018-10-15 02:15:00,205.26999
2018-10-15 02:30:00,210.06
2018-10-15 02:45:00,210.98999
2018-10-15 03:00:00,216.65
2018-10-15 03:15:00,216.97998
2018-10-15 03:30:00,204.79999
2018-10-15 03:45:00,216.77998
2018-10-15 04:00:00,214.28
2018-10-15 04:15:00,212.37
2018-10-15 04:30:00,209.20999
2018-10-15 04:45:00,219.68
2018-10-15 05:00:00,206.19
2018-10-15 05:15:00,213.21999
2018-10-15 05:30:00,214.21
2018-10-15 05:45:00,216.25
2018-10-15 06:00:00,213.22998
2018-10-15 06:15:00,212.7
2018-10-15 06:30:00,213.21999
2018-10-15 06:45:00,204.28
2018-10-15 07:00:00,213.81998
2018-10-15 07:15:00,200.66
2018-10-15 07:30:00,210.4
2018-10-15 07:45:00,205.92
2018-10-15 08:00:00,211.31998
2018-10-15 08:15:00,203.69
2018-10-15 08:30:00,198.75
2018-10-15 08:45:00,205.98999
2018-10-15 09:00:00,198.94
2018-10-15 09:15:00,204.87
2018-10-15 09:30:00,202.11
2018-10-15 09:45:00,212.9
2018-10-15 10:00:00,199.07999
2018-10-15 10:15:00,201.45
2018-10-15 10:30:00,203.48999
2018-10-15 10:45:00,191.18
2018-10-15 11:00:00,176.24998
2018-10-15 11:15:00,184.72998
2018-10-15 11:30:00,194.26999
2018-10-15 11:45:00,188.62
2018-10-15 12:00:00,199.53
2018-10-15 12:15:00,202.11
2018-10-15 12:30:00,199.79999
2018-10-15 12:45:00,193.09
2018-10-15 13:00:00,191.25
2018-10-15 13:15:00,174.32999
2018-10-15 13:30:00,158.93
2018-10-15 13:45:00,178.20999
2018-10-15 14:00:00,169.93
2018-10-15 14:15:00,175.26001
2018-10-15 14:30:00,186.76999
2018-10-15 14:45:00,182.04001
2018-10-15 15:00:00,164.07
2018-10-15 15:15:00,186.51001
2018-10-15 15:30:00,181.77
2018-10-15 15:45:00,195.72
2018-10-15 16:00:00,183.54001
2018-10-15 16:15:00,189.93
2018-10-15 16:30:00,194.93
2018-10-15 16:45:00,181.95999
2018-10-15 17:00:00,183.15
2018-10-15 17:15:00,200.66
2018-10-15 17:30:00,201.71
2018-10-15 17:45:00,196.51001
2018-10-15 18:00:00,180.32
2018-10-15 18:15:00,169.26999
2018-10-15 18:30:00,168.87
2018-10-15 18:45:00,170.45
2018-10-15 19:00:00,157.62
2018-10-15 19:15:00,146.04001
2018-10-15 19:30:00,139.26
2018-10-15 19:45:00,169.39
2018-10-15 20:00:00,155.31
2018-10-15 20:15:00,158.20999
2018-10-15 20:30:00,171.23999
2018-10-15 20:45:00,163.47
2018-10-15 21:00:00,145.70999
2018-10-15 21:15:00,151.82
2018-10-15 21:30:00,163.27
2018-10-15 21:45:00,184.86
2018-10-15 22:00:00,162.88
2018-10-15 22:15:00,161.44
2018-10-15 22:30:00,167.29999
2018-10-15 22:45:00,155.25
2018-10-15 23:00:00,156.1
2018-10-15 23:15:00,155.64001
2018-10-15 23:30:00,151.04001
2018-10-15 23:45:00,144.25
2018-10-16 00:00:00,183.68
2018-10-16 00:15:00,195.98999
2018-10-16 00:30:00,196.05
2018-10-16 00:45:00,144.98
2018-10-16 01:00:00,94.25
2018-10-16 01:15:00,219.22
2018-10-16 01:30:00,105.83
2018-10-16 01:45:00,101.740005
2018-10-16 02:00:00,132.68
2018-10-16 02:15:00,153.08
2018-10-16 02:30:00,139.85
2018-10-16 02:45:00,141.23001
2018-10-16 03:00:00,125.9
2018-10-16 03:15:00,109.31
2018-10-16 03:30:00,140.17
2018-10-16 03:45:00,151.69
2018-10-16 04:00:00,128.66
2018-10-16 04:15:00,112.53999
2018-10-16 04:30:00,116.16
2018-10-16 04:45:00,115.630005
2018-10-16 05:00:00,90.42
2018-10-16 05:15:00,90.36
2018-10-16 05:30:00,94.11
2018-10-16 05:45:00,132.15
2018-10-16 06:00:00,136.16
2018-10-16 06:15:00,148.21
2018-10-16 06:30:00,139.58
2018-10-16 06:45:00,195.19
2018-10-16 07:00:00,191.70999
2018-10-16 07:15:00,156.1
2018-10-16 07:30:00,133.33
2018-10-16 07:45:00,128.0
2018-10-16 08:00:00,98.520004
2018-10-16 08:15:00,116.75
2018-10-16 08:30:00,115.04
2018-10-16 08:45:00,129.06
2018-10-16 09:00:00,132.94
2018-10-16 09:15:00,148.07
2018-10-16 09:30:00,126.08999
2018-10-16 09:45:00,168.15
2018-10-16 10:00:00,127.74
2018-10-16 10:15:00,121.56
2018-10-16 10:30:00,136.69
2018-10-16 10:45:00,135.31
2018-10-16 11:00:00,120.76
2018-10-16 11:15:00,159.78
2018-10-16 11:30:00,172.03
2018-10-16 11:45:00,148.87
2018-10-16 12:00:00,179.07999
2018-10-16 12:15:00,161.57
2018-10-16 12:30:00,140.31
2018-10-16 12:45:00,110.17
2018-10-16 13:00:00,135.11
2018-10-16 13:15:00,155.04999
2018-10-16 13:30:00,150.31
2018-10-16 13:45:00,158.20999
2018-10-16 14:00:00,163.48001
2018-10-16 14:15:00,166.96
2018-10-16 14:30:00,152.94
2018-10-16 14:45:00,145.31
2018-10-16 15:00:00,145.31
2018-10-16 15:15:00,92.4
2018-10-16 15:30:00,118.0
2018-10-16 15:45:00,123.59
2018-10-16 16:00:00,112.47
2018-10-16 16:15:00,122.34
2018-10-16 16:30:00,134.45
2018-10-16 16:45:00,89.96
2018-10-16 17:00:00,110.82001
2018-10-16 17:15:00,101.94
2018-10-16 17:30:00,93.85
2018-10-16 17:45:00,80.490005
2018-10-16 18:00:00,75.09
2018-10-16 18:15:00,64.83
2018-10-16 18:30:00,89.240005
2018-10-16 18:45:00,79.44
2018-10-16 19:00:00,87.270004
2018-10-16 19:15:00,89.64
2018-10-16 19:30:00,85.75
2018-10-16 19:45:00,80.55
2018-10-16 20:00:00,85.02
2018-10-16 20:15:00,68.78
2018-10-16 20:30:00,93.65
2018-10-16 20:45:00,131.1
2018-10-16 21:00:00,146.02998
2018-10-16 21:15:00,147.16
2018-10-16 21:30:00,112.93
2018-10-16 21:45:00,98.51
2018-10-16 22:00:00,74.11
2018-10-16 22:15:00,45.010002
2018-10-16 22:30:00,67.659996
2018-10-16 22:45:00,116.479996
2018-10-16 23:00:00,83.71001
2018-10-16 23:15:00,73.97
2018-10-16 23:30:00,56.989998
2018-10-16 23:45:00,48.7
2018-10-17 00:00:00,35.21
2018-10-17 00:15:00,27.509998
2018-10-17 00:30:00,46.46
2018-10-17 00:45:00,39.88
2018-10-17 01:00:00,36.86
2018-10-17 01:15:00,35.54
2018-10-17 01:30:00,33.489998
2018-10-17 01:45:00,46.53
2018-10-17 02:00:00,35.47
2018-10-17 02:15:00,35.6
2018-10-17 02:30:00,50.940002
2018-10-17 02:45:00,65.15
2018-10-17 03:00:00,66.67
2018-10-17 03:15:00,48.7
2018-10-17 03:30:00,65.02
2018-10-17 03:45:00,52.84
2018-10-17 04:00:00,52.059998
2018-10-17 04:15:00,49.88
2018-10-17 04:30:00,58.9
2018-10-17 04:45:00,50.22
2018-10-17 05:00:00,75.75
2018-10-17 05:15:00,64.16
2018-10-17 05:30:00,82.0
2018-10-17 05:45:00,67.19
2018-10-17 06:00:00,77.33
2018-10-17 06:15:00,53.9
2018-10-17 06:30:00,41.85
2018-10-17 06:45:00,61.8
2018-10-17 07:00:00,72.92
2018-10-17 07:15:00,49.82
2018-10-17 07:30:00,45.54
2018-10-17 07:45:00,48.96
2018-10-17 08:00:00,46.6
2018-10-17 08:15:00,53.05
2018-10-17 08:30:00,51.4
2018-10-17 08:45:00,50.68
2018-10-17 09:00:00,53.44
2018-10-17 09:15:00,55.54
2018-10-17 09:30:00,57.91
2018-10-17 09:45:00,42.45
2018-10-17 10:00:00,66.21
2018-10-17 10:15:00,72.46001
2018-10-17 10:30:00,79.82
2018-10-17 10:45:00,103.33
2018-10-17 11:00:00,64.95
2018-10-17 11:15:00,47.12
2018-10-17 11:30:00,139.59
2018-10-17 11:45:00,157.36
2018-10-17 12:00:00,149.72
2018-10-17 12:15:00,114.369995
2018-10-17 12:30:00,123.27
2018-10-17 12:45:00,108.72
2018-10-17 13:00:00,131.88
2018-10-17 13:15:00,95.17
2018-10-17 13:30:00,77.07
2018-10-17 13:45:00,118.72
2018-10-17 14:00:00,101.08
2018-10-17 14:15:00,90.56
2018-10-17 14:30:00,108.72
2018-10-17 14:45:00,105.5
2018-10-17 15:00:00,0.0
2018-10-17 15:15:00,60.0
2018-10-17 15:30:00,54.629997
2018-10-17 15:45:00,63.17
2018-10-17 16:00:00,54.949997
2018-10-17 16:15:00,49.36
2018-10-17 16:30:00,57.120003
2018-10-17 16:45:00,66.08
2018-10-17 17:00:00,79.57
2018-10-17 17:15:00,79.0
2018-10-17 17:30:00,79.0
2018-10-17 17:45:00,75.0
2018-10-17 18:00:00,65.0
2018-10-17 18:15:00,65.0
2018-10-17 18:30:00,73.0
2018-10-17 18:45:00,73.0
2018-10-17 19:00:00,69.0
2018-10-17 19:15:00,69.0
2018-10-17 19:30:00,145.51001
2018-10-17 19:45:00,140.38
2018-10-17 20:00:00,105.229996
2018-10-17 20:15:00,104.240005
2018-10-17 20:30:00,122.009995
2018-10-17 20:45:00,123.92
2018-10-17 21:00:00,118.46001
2018-10-17 21:15:00,104.7
2018-10-17 21:30:00,154.92
2018-10-17 21:45:00,143.86
2018-10-17 22:00:00,115.44
2018-10-17 22:15:00,108.78
2018-10-17 22:30:00,96.15
2018-10-17 22:45:00,104.44
2018-10-17 23:00:00,104.25
2018-10-17 23:15:00,99.25
2018-10-17 23:30:00,93.71
2018-10-17 23:45:00,81.61
2018-10-18 00:00:00,67.26
2018-10-18 00:15:00,72.79
2018-10-18 00:30:00,71.86
2018-10-18 00:45:00,55.48
2018-10-18 01:00:00,66.6
2018-10-18 01:15:00,67.72
2018-10-18 01:30:00,67.520004
2018-10-18 01:45:00,88.45
2018-10-18 02:00:00,71.729996
2018-10-18 02:15:00,43.300003
2018-10-18 02:30:00,41.53
2018-10-18 02:45:00,43.629997
2018-10-18 03:00:00,47.449997
2018-10-18 03:15:00,57.84
2018-10-18 03:30:00,49.95
2018-10-18 03:45:00,20.400002
2018-10-18 04:00:00,20.4
2018-10-18 04:15:00,29.419998
2018-10-18 04:30:00,22.9
2018-10-18 04:45:00,20.4
2018-10-18 05:00:00,6.7799997
2018-10-18 05:15:00,4.1499996
2018-10-18 05:30:00,11.45
2018-10-18 05:45:00,22.05
2018-10-18 06:00:00,15.59
2018-10-18 06:15:00,11.72
2018-10-18 06:30:00,12.05
2018-10-18 06:45:00,30.14
2018-10-18 07:00:00,37.78
2018-10-18 07:15:00,21.06
2018-10-18 07:30:00,24.81
2018-10-18 07:45:00,39.690002
2018-10-18 08:00:00,47.589996
2018-10-18 08:15:00,45.67
2018-10-18 08:30:00,40.21
2018-10-18 08:45:00,37.97
2018-10-18 09:00:00,36.59
2018-10-18 09:15:00,38.309998
2018-10-18 09:30:00,27.77
2018-10-18 09:45:00,14.94
2018-10-18 10:00:00,14.15
2018-10-18 10:15:00,25.86
2018-10-18 10:30:00,26.72
2018-10-18 10:45:00,30.2
2018-10-18 11:00:00,21.98
2018-10-18 11:15:00,19.55
2018-10-18 11:30:00,11.85
2018-10-18 11:45:00,17.3
2018-10-18 12:00:00,15.93
2018-10-18 12:15:00,15.66
2018-10-18 12:30:00,17.97
2018-10-18 12:45:00,15.53
2018-10-18 13:00:00,17.25
2018-10-18 13:15:00,16.26
2018-10-18 13:30:00,21.0
2018-10-18 13:45:00,14.94
2018-10-18 14:00:00,8.88
2018-10-18 14:15:00,8.02
2018-10-18 14:30:00,15.33
2018-10-18 14:45:00,10.200001
2018-10-18 15:00:00,8.49
2018-10-18 15:15:00,10.4
2018-10-18 15:30:00,10.92
2018-10-18 15:45:00,8.94
2018-10-18 16:00:00,11.85
2018-10-18 16:15:00,6.51
2018-10-18 16:30:00,12.89
2018-10-18 16:45:00,18.029999
2018-10-18 17:00:00,13.889999
2018-10-18 17:15:00,7.5699997
2018-10-18 17:30:00,5.73
2018-10-18 17:45:00,7.63
2018-10-18 18:00:00,6.3100004
2018-10-18 18:15:00,5.06
2018-10-18 18:30:00,7.24
2018-10-18 18:45:00,7.6400003
2018-10-18 19:00:00,2.96
2018-10-18 19:15:00,4.41
2018-10-18 19:30:00,6.45
2018-10-18 19:45:00,6.1800003
2018-10-18 20:00:00,4.6
2018-10-18 20:15:00,5.33
2018-10-18 20:30:00,2.17
2018-10-18 20:45:00,0.86
2018-10-18 21:00:00,0.2
2018-10-18 21:15:00,2.31
2018-10-18 21:30:00,2.5
2018-10-18 21:45:00,1.51
2018-10-18 22:00:00,0.2
2018-10-18 22:15:00,0.0
2018-10-18 22:30:00,0.0
2018-10-18 22:45:00,0.0
2018-10-18 23:00:00,0.0
2018-10-18 23:15:00,0.0
2018-10-18 23:30:00,0.0
2018-10-18 23:45:00,0.0
2018-10-19 00:00:00,0.0
2018-10-19 00:15:00,0.0
2018-10-19 00:30:00,0.0
2018-10-19 00:45:00,0.0
2018-10-19 01:00:00,0.07
2018-10-19 01:15:00,0.13
2018-10-19 01:30:00,0.0
2018-10-19 01:45:00,0.86
2018-10-19 02:00:00,0.0
2018-10-19 02:15:00,0.84999996
2018-10-19 02:30:00,1.19
2018-10-19 02:45:00,0.0
2018-10-19 03:00:00,0.0
2018-10-19 03:15:00,0.0
2018-10-19 03:30:00,0.0
2018-10-19 03:45:00,0.19999999
2018-10-19 04:00:00,0.0
2018-10-19 04:15:00,0.0
2018-10-19 04:30:00,0.0
2018-10-19 04:45:00,0.86
2018-10-19 05:00:00,0.2
2018-10-19 05:15:00,0.0
2018-10-19 05:30:00,0.0
2018-10-19 05:45:00,0.0
2018-10-19 06:00:00,0.0
2018-10-19 06:15:00,0.0
2018-10-19 06:30:00,0.0
2018-10-19 06:45:00,0.0
2018-10-19 07:00:00,0.0
2018-10-19 07:15:00,0.0
2018-10-19 07:30:00,0.0
2018-10-19 07:45:00,0.0
2018-10-19 08:00:00,0.0
2018-10-19 08:15:00,0.0
2018-10-19 08:30:00,0.0
2018-10-19 08:45:00,0.0
2018-10-19 09:00:00,0.0
2018-10-19 09:15:00,0.0
2018-10-19 09:30:00,0.0
2018-10-19 09:45:00,0.0
2018-10-19 10:00:00,0.0
2018-10-19 10:15:00,0.0
2018-10-19 10:30:00,0.0
2018-10-19 10:45:00,0.0
2018-10-19 11:00:00,0.0
2018-10-19 11:15:00,0.0
2018-10-19 11:30:00,0.0
2018-10-19 11:45:00,0.0
2018-10-19 12:00:00,0.0
2018-10-19 12:15:00,0.0
2018-10-19 12:30:00,0.0
2018-10-19 12:45:00,0.0
2018-10-19 13:00:00,0.0
2018-10-19 13:15:00,0.0
2018-10-19 13:30:00,0.0
2018-10-19 13:45:00,0.0
2018-10-19 14:00:00,0.0
2018-10-19 14:15:00,0.0
2018-10-19 14:30:00,0.0
2018-10-19 14:45:00,0.0
2018-10-19 15:00:00,0.0
2018-10-19 15:15:00,0.0
2018-10-19 15:30:00,0.0
2018-10-19 15:45:00,0.0
2018-10-19 16:00:00,0.0
2018-10-19 16:15:00,0.0
2018-10-19 16:30:00,0.0
2018-10-19 16:45:00,0.0
2018-10-19 17:00:00,0.0
2018-10-19 17:15:00,0.0
2018-10-19 17:30:00,0.0
2018-10-19 17:45:00,0.0
2018-10-19 18:00:00,0.0
2018-10-19 18:15:00,0.0
2018-10-19 18:30:00,0.0
2018-10-19 18:45:00,0.0
2018-10-19 19:00:00,0.0
2018-10-19 19:15:00,0.0
2018-10-19 19:30:00,0.0
2018-10-19 19:45:00,0.0
2018-10-19 20:00:00,0.0
2018-10-19 20:15:00,0.0
2018-10-19 20:30:00,0.0
2018-10-19 20:45:00,0.0
2018-10-19 21:00:00,0.0
2018-10-19 21:15:00,0.0
2018-10-19 21:30:00,0.0
2018-10-19 21:45:00,0.0
2018-10-19 22:00:00,0.0
2018-10-19 22:15:00,0.0
2018-10-19 22:30:00,0.0
2018-10-19 22:45:00,0.0
2018-10-19 23:00:00,0.0
2018-10-19 23:15:00,0.0
2018-10-19 23:30:00,0.07
2018-10-19 23:45:00,0.2
2018-10-20 00:00:00,0.59
2018-10-20 00:15:00,3.03
2018-10-20 00:30:00,8.95
2018-10-20 00:45:00,6.9799995
2018-10-20 01:00:00,6.8399997
2018-10-20 01:15:00,2.8400002
2018-10-20 01:30:00,1.97
2018-10-20 01:45:00,1.38
2018-10-20 02:00:00,4.87
2018-10-20 02:15:00,6.3900003
2018-10-20 02:30:00,8.16
2018-10-20 02:45:00,8.42
2018-10-20 03:00:00,5.7300005
2018-10-20 03:15:00,6.12
2018-10-20 03:30:00,7.76
2018-10-20 03:45:00,2.51
2018-10-20 04:00:00,1.64
2018-10-20 04:15:00,4.34
2018-10-20 04:30:00,11.85
2018-10-20 04:45:00,8.0199995
2018-10-20 05:00:00,4.15
2018-10-20 05:15:00,6.91
2018-10-20 05:30:00,11.5199995
2018-10-20 05:45:00,10.85
2018-10-20 06:00:00,6.06
2018-10-20 06:15:00,10.66
2018-10-20 06:30:00,13.82
2018-10-20 06:45:00,13.36
2018-10-20 07:00:00,16.060001
2018-10-20 07:15:00,15.469999
2018-10-20 07:30:00,23.95
2018-10-20 07:45:00,20.93
2018-10-20 08:00:00,13.62
2018-10-20 08:15:00,13.95
2018-10-20 08:30:00,11.84
2018-10-20 08:45:00,15.01
2018-10-20 09:00:00,16.72
2018-10-20 09:15:00,20.33
2018-10-20 09:30:00,25.28
2018-10-20 09:45:00,37.77
2018-10-20 10:00:00,48.83
2018-10-20 10:15:00,52.32
2018-10-20 10:30:00,70.68
2018-10-20 10:45:00,77.99
2018-10-20 11:00:00,83.64
2018-10-20 11:15:00,82.79
2018-10-20 11:30:00,79.96
2018-10-20 11:45:00,93.58
2018-10-20 12:00:00,89.44
2018-10-20 12:15:00,78.97
2018-10-20 12:30:00,62.32
2018-10-20 12:45:00,71.87
2018-10-20 13:00:00,80.62
2018-10-20 13:15:00,61.47
2018-10-20 13:30:00,59.56
2018-10-20 13:45:00,52.059998
2018-10-20 14:00:00,64.69
2018-10-20 14:15:00,55.28
2018-10-20 14:30:00,59.620003
2018-10-20 14:45:00,59.49
2018-10-20 15:00:00,63.57
2018-10-20 15:15:00,53.9
2018-10-20 15:30:00,44.75
2018-10-20 15:45:00,44.03
2018-10-20 16:00:00,50.41
2018-10-20 16:15:00,40.809998
2018-10-20 16:30:00,38.64
2018-10-20 16:45:00,46.2
2018-10-20 17:00:00,48.9
2018-10-20 17:15:00,50.08
2018-10-20 17:30:00,53.7
2018-10-20 17:45:00,48.769997
2018-10-20 18:00:00,41.07
2018-10-20 18:15:00,40.809998
2018-10-20 18:30:00,38.43
2018-10-20 18:45:00,50.55
2018-10-20 19:00:00,52.65
2018-10-20 19:15:00,50.08
2018-10-20 19:30:00,62.0
2018-10-20 19:45:00,67.909996
2018-10-20 20:00:00,87.46
2018-10-20 20:15:00,84.630005
2018-10-20 20:30:00,91.55
2018-10-20 20:45:00,74.9
2018-10-20 21:00:00,82.0
2018-10-20 21:15:00,88.97
2018-10-20 21:30:00,97.93
2018-10-20 21:45:00,86.479996
2018-10-20 22:00:00,89.24
2018-10-20 22:15:00,92.729996
2018-10-20 22:30:00,82.92
2018-10-20 22:45:00,71.54
2018-10-20 23:00:00,66.399994
2018-10-20 23:15:00,56.4
2018-10-20 23:30:00,57.25
2018-10-20 23:45:00,52.519997
2018-10-21 00:00:00,69.83
2018-10-21 00:15:00,71.87
2018-10-21 00:30:00,72.520004
2018-10-21 00:45:00,67.39
2018-10-21 01:00:00,68.31
2018-10-21 01:15:00,68.11
2018-10-21 01:30:00,64.1
2018-10-21 01:45:00,56.66
2018-10-21 02:00:00,50.68
2018-10-21 02:15:00,51.66
2018-10-21 02:30:00,46.2
2018-10-21 02:45:00,37.510002
2018-10-21 03:00:00,30.87
2018-10-21 03:15:00,29.42
2018-10-21 03:30:00,21.66
2018-10-21 03:45:00,23.619999
2018-10-21 04:00:00,16.970001
2018-10-21 04:15:00,15.01
2018-10-21 04:30:00,14.87
2018-10-21 04:45:00,19.08
2018-10-21 05:00:00,16.849998
2018-10-21 05:15:00,13.89
2018-10-21 05:30:00,18.76
2018-10-21 05:45:00,14.35
2018-10-21 06:00:00,14.35
2018-10-21 06:15:00,6.45
2018-10-21 06:30:00,3.0900002
2018-10-21 06:45:00,5.14
2018-10-21 07:00:00,8.16
2018-10-21 07:15:00,7.9
2018-10-21 07:30:00,9.35
2018-10-21 07:45:00,8.49
2018-10-21 08:00:00,12.83
2018-10-21 08:15:00,9.93
2018-10-21 08:30:00,11.059999
2018-10-21 08:45:00,13.690001
2018-10-21 09:00:00,9.21
2018-10-21 09:15:00,5.14
2018-10-21 09:30:00,5.7200003
2018-10-21 09:45:00,0.33
2018-10-21 10:00:00,0.27
2018-10-21 10:15:00,0.32999998
2018-10-21 10:30:00,0.0
2018-10-21 10:45:00,0.0
2018-10-21 11:00:00,1.19
2018-10-21 11:15:00,1.12
2018-10-21 11:30:00,1.7099999
2018-10-21 11:45:00,2.1100001
2018-10-21 12:00:00,3.55
2018-10-21 12:15:00,6.12
2018-10-21 12:30:00,6.71
2018-10-21 12:45:00,7.9
2018-10-21 13:00:00,9.08
2018-10-21 13:15:00,6.71
2018-10-21 13:30:00,4.34
2018-10-21 13:45:00,1.5799999
2018-10-21 14:00:00,1.38
2018-10-21 14:15:00,0.13
2018-10-21 14:30:00,0.0
2018-10-21 14:45:00,0.0
2018-10-21 15:00:00,0.0
2018-10-21 15:15:00,0.0
2018-10-21 15:30:00,0.0
2018-10-21 15:45:00,0.0
2018-10-21 16:00:00,0.33
2018-10-21 16:15:00,1.38
2018-10-21 16:30:00,1.97
2018-10-21 16:45:00,3.09
2018-10-21 17:00:00,4.21
2018-10-21 17:15:00,4.1499996
2018-10-21 17:30:00,0.99
2018-10-21 17:45:00,0.0
2018-10-21 18:00:00,0.0
2018-10-21 18:15:00,0.0
2018-10-21 18:30:00,0.0
2018-10-21 18:45:00,0.0
2018-10-21 19:00:00,0.0
2018-10-21 19:15:00,0.0
2018-10-21 19:30:00,0.0
2018-10-21 19:45:00,0.0
2018-10-21 20:00:00,0.0
2018-10-21 20:15:00,0.0
2018-10-21 20:30:00,0.0
2018-10-21 20:45:00,0.0
2018-10-21 21:00:00,0.0
2018-10-21 21:15:00,0.0
2018-10-21 21:30:00,0.0
2018-10-21 21:45:00,0.0
2018-10-21 22:00:00,0.0
2018-10-21 22:15:00,0.0
2018-10-21 22:30:00,0.0
2018-10-21 22:45:00,0.0
2018-10-21 23:00:00,0.0
2018-10-21 23:15:00,0.0
2018-10-21 23:30:00,0.07
2018-10-21 23:45:00,0.26
2018-10-22 00:00:00,0.0
2018-10-22 00:15:00,0.0
2018-10-22 00:30:00,0.33
2018-10-22 00:45:00,3.03
2018-10-22 01:00:00,1.65
2018-10-22 01:15:00,1.71
2018-10-22 01:30:00,2.1
2018-10-22 01:45:00,6.7699995
2018-10-22 02:00:00,1.38
2018-10-22 02:15:00,2.9
2018-10-22 02:30:00,1.97
2018-10-22 02:45:00,1.91
2018-10-22 03:00:00,1.64
2018-10-22 03:15:00,2.77
2018-10-22 03:30:00,2.1100001
2018-10-22 03:45:00,2.5
2018-10-22 04:00:00,3.75
2018-10-22 04:15:00,13.17
2018-10-22 04:30:00,18.16
2018-10-22 04:45:00,11.72
2018-10-22 05:00:00,17.7
2018-10-22 05:15:00,25.47
2018-10-22 05:30:00,27.64
2018-10-22 05:45:00,23.43
2018-10-22 06:00:00,13.95
2018-10-22 06:15:00,14.610001
2018-10-22 06:30:00,12.76
2018-10-22 06:45:00,14.02
2018-10-22 07:00:00,19.48
2018-10-22 07:15:00,24.74
2018-10-22 07:30:00,23.369999
2018-10-22 07:45:00,28.29
2018-10-22 08:00:00,31.39
2018-10-22 08:15:00,32.510002
2018-10-22 08:30:00,33.96
2018-10-22 08:45:00,31.53
2018-10-22 09:00:00,28.900002
2018-10-22 09:15:00,24.869999
2018-10-22 09:30:00,25.8
2018-10-22 09:45:00,32.37
2018-10-22 10:00:00,29.75
2018-10-22 10:15:00,24.54
2018-10-22 10:30:00,29.289999
2018-10-22 10:45:00,31.98
2018-10-22 11:00:00,25.79
2018-10-22 11:15:00,28.89
2018-10-22 11:30:00,22.970001
2018-10-22 11:45:00,27.64
2018-10-22 12:00:00,31.26
2018-10-22 12:15:00,42.26
2018-10-22 12:30:00,41.4
2018-10-22 12:45:00,38.629997
2018-10-22 13:00:00,31.72
2018-10-22 13:15:00,31.39
2018-10-22 13:30:00,35.21
2018-10-22 13:45:00,28.56
2018-10-22 14:00:00,24.279999
2018-10-22 14:15:00,22.71
2018-10-22 14:30:00,21.32
2018-10-22 14:45:00,16.58
2018-10-22 15:00:00,14.75
2018-10-22 15:15:00,15.07
2018-10-22 15:30:00,13.690001
2018-10-22 15:45:00,16.45
2018-10-22 16:00:00,17.25
2018-10-22 16:15:00,19.09
2018-10-22 16:30:00,15.53
2018-10-22 16:45:00,13.889999
2018-10-22 17:00:00,14.74
2018-10-22 17:15:00,13.360001
2018-10-22 17:30:00,14.41
2018-10-22 17:45:00,25.99
2018-10-22 18:00:00,27.31
2018-10-22 18:15:00,25.009998
2018-10-22 18:30:00,19.74
2018-10-22 18:45:00,13.76
2018-10-22 19:00:00,14.940001
2018-10-22 19:15:00,23.04
2018-10-22 19:30:00,25.34
2018-10-22 19:45:00,27.7
2018-10-22 20:00:00,28.43
2018-10-22 20:15:00,28.619999
2018-10-22 20:30:00,25.34
2018-10-22 20:45:00,28.04
2018-10-22 21:00:00,26.52
2018-10-22 21:15:00,25.66
2018-10-22 21:30:00,26.85
2018-10-22 21:45:00,33.83
2018-10-22 22:00:00,23.95
2018-10-22 22:15:00,14.280001
2018-10-22 22:30:00,13.62
2018-10-22 22:45:00,15.6
2018-10-22 23:00:00,11.59
2018-10-22 23:15:00,13.69
2018-10-22 23:30:00,22.77
2018-10-22 23:45:00,20.73
2018-10-23 00:00:00,18.36
2018-10-23 00:15:00,20.33
2018-10-23 00:30:00,39.940002
2018-10-23 00:45:00,47.85
2018-10-23 01:00:00,49.36
2018-10-23 01:15:00,49.879997
2018-10-23 01:30:00,57.65
2018-10-23 01:45:00,61.34
2018-10-23 02:00:00,60.550003
2018-10-23 02:15:00,60.62
2018-10-23 02:30:00,68.45
2018-10-23 02:45:00,76.81
2018-10-23 03:00:00,77.79
2018-10-23 03:15:00,84.7
2018-10-23 03:30:00,74.69
2018-10-23 03:45:00,63.97
2018-10-23 04:00:00,67.39
2018-10-23 04:15:00,67.979996
2018-10-23 04:30:00,69.56
2018-10-23 04:45:00,46.93
2018-10-23 05:00:00,28.369999
2018-10-23 05:15:00,23.759998
2018-10-23 05:30:00,30.53
2018-10-23 05:45:00,28.5
2018-10-23 06:00:00,25.529999
2018-10-23 06:15:00,23.96
2018-10-23 06:30:00,27.45
2018-10-23 06:45:00,33.43
2018-10-23 07:00:00,36.0
2018-10-23 07:15:00,27.84
2018-10-23 07:30:00,29.220001
2018-10-23 07:45:00,36.06
2018-10-23 08:00:00,39.739998
2018-10-23 08:15:00,37.58
2018-10-23 08:30:00,30.73
2018-10-23 08:45:00,25.86
2018-10-23 09:00:00,16.59
2018-10-23 09:15:00,11.91
2018-10-23 09:30:00,4.34
2018-10-23 09:45:00,4.81
2018-10-23 10:00:00,4.6800003
2018-10-23 10:15:00,3.82
2018-10-23 10:30:00,2.24
2018-10-23 10:45:00,0.53
2018-10-23 11:00:00,0.13
2018-10-23 11:15:00,0.0
2018-10-23 11:30:00,1.98
2018-10-23 11:45:00,7.57
2018-10-23 12:00:00,3.22
2018-10-23 12:15:00,0.47
2018-10-23 12:30:00,0.59
2018-10-23 12:45:00,1.84
2018-10-23 13:00:00,2.1100001
2018-10-23 13:15:00,2.9
2018-10-23 13:30:00,0.79
2018-10-23 13:45:00,0.0
2018-10-23 14:00:00,0.0
2018-10-23 14:15:00,0.0
2018-10-23 14:30:00,0.0
2018-10-23 14:45:00,0.0
2018-10-23 15:00:00,0.0
2018-10-23 15:15:00,0.0
2018-10-23 15:30:00,0.0
2018-10-23 15:45:00,0.0
2018-10-23 16:00:00,0.0
2018-10-23 16:15:00,0.0
2018-10-23 16:30:00,0.0
2018-10-23 16:45:00,0.0
2018-10-23 17:00:00,0.0
2018-10-23 17:15:00,0.0
2018-10-23 17:30:00,1.71
2018-10-23 17:45:00,2.3
2018-10-23 18:00:00,2.37
2018-10-23 18:15:00,1.25
2018-10-23 18:30:00,2.83
2018-10-23 18:45:00,6.05
2018-10-23 19:00:00,5.13
2018-10-23 19:15:00,6.65
2018-10-23 19:30:00,14.08
2018-10-23 19:45:00,9.61
2018-10-23 20:00:00,11.26
2018-10-23 20:15:00,16.18
2018-10-23 20:30:00,13.17
2018-10-23 20:45:00,12.83
2018-10-23 21:00:00,15.799999
2018-10-23 21:15:00,18.23
2018-10-23 21:30:00,18.43
2018-10-23 21:45:00,16.18
2018-10-23 22:00:00,21.45
2018-10-23 22:15:00,21.650002
2018-10-23 22:30:00,14.02
2018-10-23 22:45:00,14.67
2018-10-23 23:00:00,15.4
2018-10-23 23:15:00,15.66
2018-10-23 23:30:00,16.52
2018-10-23 23:45:00,15.139999
2018-10-24 00:00:00,12.77
2018-10-24 00:15:00,10.86
2018-10-24 00:30:00,11.45
2018-10-24 00:45:00,13.559999
2018-10-24 01:00:00,14.219999
2018-10-24 01:15:00,18.619999
2018-10-24 01:30:00,28.36
2018-10-24 01:45:00,31.849998
2018-10-24 02:00:00,44.42
2018-10-24 02:15:00,44.559998
2018-10-24 02:30:00,36.329998
2018-10-24 02:45:00,33.11
2018-10-24 03:00:00,56.73
2018-10-24 03:15:00,56.66
2018-10-24 03:30:00,61.34
2018-10-24 03:45:00,48.44
2018-10-24 04:00:00,53.17
2018-10-24 04:15:00,38.17
2018-10-24 04:30:00,33.3
2018-10-24 04:45:00,40.34
2018-10-24 05:00:00,39.16
2018-10-24 05:15:00,43.64
2018-10-24 05:30:00,50.21
2018-10-24 05:45:00,49.89
2018-10-24 06:00:00,45.87
2018-10-24 06:15:00,42.91
2018-10-24 06:30:00,37.38
2018-10-24 06:45:00,48.17
2018-10-24 07:00:00,49.42
2018-10-24 07:15:00,40.870003
2018-10-24 07:30:00,30.99
2018-10-24 07:45:00,35.34
2018-10-24 08:00:00,39.95
2018-10-24 08:15:00,36.92
2018-10-24 08:30:00,43.050003
2018-10-24 08:45:00,45.41
2018-10-24 09:00:00,56.26
2018-10-24 09:15:00,47.91
2018-10-24 09:30:00,63.379997
2018-10-24 09:45:00,52.58
2018-10-24 10:00:00,41.85
2018-10-24 10:15:00,36.0
2018-10-24 10:30:00,37.58
2018-10-24 10:45:00,37.379997
2018-10-24 11:00:00,43.239998
2018-10-24 11:15:00,66.270004
2018-10-24 11:30:00,65.82
2018-10-24 11:45:00,56.6
2018-10-24 12:00:00,72.39
2018-10-24 12:15:00,60.089996
2018-10-24 12:30:00,55.09
2018-10-24 12:45:00,32.309998
2018-10-24 13:00:00,24.09
2018-10-24 13:15:00,23.75
2018-10-24 13:30:00,44.36
2018-10-24 13:45:00,54.75
2018-10-24 14:00:00,28.369999
2018-10-24 14:15:00,1.78
2018-10-24 14:30:00,37.78
2018-10-24 14:45:00,22.57
2018-10-24 15:00:00,15.59
2018-10-24 15:15:00,12.83
2018-10-24 15:30:00,3.35
2018-10-24 15:45:00,8.49
2018-10-24 16:00:00,1.64
2018-10-24 16:15:00,19.41
2018-10-24 16:30:00,30.99
2018-10-24 16:45:00,45.68
2018-10-24 17:00:00,33.5
2018-10-24 17:15:00,29.880001
2018-10-24 17:30:00,34.940002
2018-10-24 17:45:00,33.43
2018-10-24 18:00:00,18.95
2018-10-24 18:15:00,13.69
2018-10-24 18:30:00,1.85
2018-10-24 18:45:00,0.0
2018-10-24 19:00:00,0.0
2018-10-24 19:15:00,0.0
2018-10-24 19:30:00,0.0
2018-10-24 19:45:00,0.0
2018-10-24 20:00:00,0.0
2018-10-24 20:15:00,0.4
2018-10-24 20:30:00,2.97
2018-10-24 20:45:00,4.67
2018-10-24 21:00:00,7.5
2018-10-24 21:15:00,0.26
2018-10-24 21:30:00,0.0
2018-10-24 21:45:00,0.0
2018-10-24 22:00:00,0.0
2018-10-24 22:15:00,0.0
2018-10-24 22:30:00,0.0
2018-10-24 22:45:00,0.0
2018-10-24 23:00:00,0.0
2018-10-24 23:15:00,0.0
2018-10-24 23:30:00,0.0
2018-10-24 23:45:00,0.0
2018-10-25 00:00:00,0.0
2018-10-25 00:15:00,0.0
2018-10-25 00:30:00,0.0
2018-10-25 00:45:00,0.0
2018-10-25 01:00:00,0.0
2018-10-25 01:15:00,0.0
2018-10-25 01:30:00,0.0
2018-10-25 01:45:00,0.0
2018-10-25 02:00:00,0.0
2018-10-25 02:15:00,0.79
2018-10-25 02:30:00,0.0
2018-10-25 02:45:00,0.0
2018-10-25 03:00:00,0.0
2018-10-25 03:15:00,0.0
2018-10-25 03:30:00,0.0
2018-10-25 03:45:00,0.0
2018-10-25 04:00:00,0.0
2018-10-25 04:15:00,0.0
2018-10-25 04:30:00,0.0
2018-10-25 04:45:00,0.0
2018-10-25 05:00:00,0.07
2018-10-25 05:15:00,0.0
2018-10-25 05:30:00,0.0
2018-10-25 05:45:00,0.4
2018-10-25 06:00:00,0.14
2018-10-25 06:15:00,1.45
2018-10-25 06:30:00,1.84
2018-10-25 06:45:00,3.15
2018-10-25 07:00:00,9.15
2018-10-25 07:15:00,26.92
2018-10-25 07:30:00,34.68
2018-10-25 07:45:00,32.18
2018-10-25 08:00:00,33.1
2018-10-25 08:15:00,30.93
2018-10-25 08:30:00,44.03
2018-10-25 08:45:00,43.04
2018-10-25 09:00:00,50.21
2018-10-25 09:15:00,56.07
2018-10-25 09:30:00,52.32
2018-10-25 09:45:00,25.73
2018-10-25 10:00:00,20.14
2018-10-25 10:15:00,17.439999
2018-10-25 10:30:00,14.93
2018-10-25 10:45:00,14.28
2018-10-25 11:00:00,18.36
2018-10-25 11:15:00,12.43
2018-10-25 11:30:00,18.36
2018-10-25 11:45:00,10.39
2018-10-25 12:00:00,6.1800003
2018-10-25 12:15:00,11.45
2018-10-25 12:30:00,25.66
2018-10-25 12:45:00,26.79
2018-10-25 13:00:00,25.67
2018-10-25 13:15:00,27.970001
2018-10-25 13:30:00,30.4
2018-10-25 13:45:00,26.789999
2018-10-25 14:00:00,17.64
2018-10-25 14:15:00,13.42
2018-10-25 14:30:00,8.75
2018-10-25 14:45:00,12.37
2018-10-25 15:00:00,12.77
2018-10-25 15:15:00,14.74
2018-10-25 15:30:00,14.02
2018-10-25 15:45:00,18.82
2018-10-25 16:00:00,25.86
2018-10-25 16:15:00,22.31
2018-10-25 16:30:00,23.029999
2018-10-25 16:45:00,24.279999
2018-10-25 17:00:00,25.599998
2018-10-25 17:15:00,21.79
2018-10-25 17:30:00,23.36
2018-10-25 17:45:00,17.84
2018-10-25 18:00:00,12.17
2018-10-25 18:15:00,15.530001
2018-10-25 18:30:00,15.01
2018-10-25 18:45:00,14.21
2018-10-25 19:00:00,12.24
2018-10-25 19:15:00,9.67
2018-10-25 19:30:00,9.48
2018-10-25 19:45:00,6.3900003
2018-10-25 20:00:00,5.13
2018-10-25 20:15:00,5.33
2018-10-25 20:30:00,5.26
2018-10-25 20:45:00,4.15
2018-10-25 21:00:00,3.9499998
2018-10-25 21:15:00,3.8799999
2018-10-25 21:30:00,2.63
2018-10-25 21:45:00,1.38
2018-10-25 22:00:00,0.93
2018-10-25 22:15:00,0.46
2018-10-25 22:30:00,0.92
2018-10-25 22:45:00,1.5799999
2018-10-25 23:00:00,3.3600001
2018-10-25 23:15:00,4.15
2018-10-25 23:30:00,3.29
2018-10-25 23:45:00,3.5600002
2018-10-26 00:00:00,1.9100001
2018-10-26 00:15:00,1.58
2018-10-26 00:30:00,0.27
2018-10-26 00:45:00,0.2
2018-10-26 01:00:00,0.59
2018-10-26 01:15:00,0.0
2018-10-26 01:30:00,0.26
2018-10-26 01:45:00,0.0
2018-10-26 02:00:00,0.59
2018-10-26 02:15:00,1.85
2018-10-26 02:30:00,3.1599998
2018-10-26 02:45:00,4.54
2018-10-26 03:00:00,6.98
2018-10-26 03:15:00,10.0
2018-10-26 03:30:00,13.43
2018-10-26 03:45:00,13.559999
2018-10-26 04:00:00,10.07
2018-10-26 04:15:00,7.4300003
2018-10-26 04:30:00,7.4400005
2018-10-26 04:45:00,6.12
2018-10-26 05:00:00,5.8599997
2018-10-26 05:15:00,3.62
2018-10-26 05:30:00,5.01
2018-10-26 05:45:00,9.21
2018-10-26 06:00:00,8.95
2018-10-26 06:15:00,8.68
2018-10-26 06:30:00,11.719999
2018-10-26 06:45:00,8.16
2018-10-26 07:00:00,8.75
2018-10-26 07:15:00,8.55
2018-10-26 07:30:00,17.51
2018-10-26 07:45:00,19.09
2018-10-26 08:00:00,14.54
2018-10-26 08:15:00,11.58
2018-10-26 08:30:00,12.9
2018-10-26 08:45:00,17.31
2018-10-26 09:00:00,23.04
2018-10-26 09:15:00,25.0
2018-10-26 09:30:00,22.05
2018-10-26 09:45:00,19.02
2018-10-26 10:00:00,24.55
2018-10-26 10:15:00,25.86
2018-10-26 10:30:00,17.64
2018-10-26 10:45:00,19.35
2018-10-26 11:00:00,17.380001
2018-10-26 11:15:00,9.67
2018-10-26 11:30:00,7.17
2018-10-26 11:45:00,5.26
2018-10-26 12:00:00,3.42
2018-10-26 12:15:00,2.43
2018-10-26 12:30:00,1.65
2018-10-26 12:45:00,0.65999997
2018-10-26 13:00:00,0.0
2018-10-26 13:15:00,0.19999999
2018-10-26 13:30:00,0.0
2018-10-26 13:45:00,0.0
2018-10-26 14:00:00,0.0
2018-10-26 14:15:00,0.0
2018-10-26 14:30:00,0.0
2018-10-26 14:45:00,0.0
2018-10-26 15:00:00,0.0
2018-10-26 15:15:00,0.0
2018-10-26 15:30:00,0.0
2018-10-26 15:45:00,0.0
2018-10-26 16:00:00,0.0
2018-10-26 16:15:00,0.0
2018-10-26 16:30:00,0.0
2018-10-26 16:45:00,0.0
2018-10-26 17:00:00,0.0
2018-10-26 17:15:00,0.0
2018-10-26 17:30:00,0.0
2018-10-26 17:45:00,0.0
2018-10-26 18:00:00,0.0
2018-10-26 18:15:00,0.0
2018-10-26 18:30:00,0.0
2018-10-26 18:45:00,0.0
2018-10-26 19:00:00,0.0
2018-10-26 19:15:00,0.0
2018-10-26 19:30:00,0.0
2018-10-26 19:45:00,0.0
2018-10-26 20:00:00,0.0
2018-10-26 20:15:00,0.0
2018-10-26 20:30:00,0.0
2018-10-26 20:45:00,0.0
2018-10-26 21:00:00,0.0
2018-10-26 21:15:00,0.0
2018-10-26 21:30:00,0.0
2018-10-26 21:45:00,0.0
2018-10-26 22:00:00,0.0
2018-10-26 22:15:00,0.0
2018-10-26 22:30:00,0.0
2018-10-26 22:45:00,0.0
2018-10-26 23:00:00,0.0
2018-10-26 23:15:00,0.0
2018-10-26 23:30:00,0.0
2018-10-26 23:45:00,0.0
2018-10-27 00:00:00,0.0
2018-10-27 00:15:00,0.0
2018-10-27 00:30:00,0.0
2018-10-27 00:45:00,0.0
2018-10-27 01:00:00,0.0
2018-10-27 01:15:00,0.0
2018-10-27 01:30:00,0.0
2018-10-27 01:45:00,0.0
2018-10-27 02:00:00,0.0
2018-10-27 02:15:00,0.0
2018-10-27 02:30:00,0.0
2018-10-27 02:45:00,15.59
2018-10-27 03:00:00,23.099998
2018-10-27 03:15:00,21.189999
2018-10-27 03:30:00,32.05
2018-10-27 03:45:00,44.489998
2018-10-27 04:00:00,47.510002
2018-10-27 04:15:00,42.25
2018-10-27 04:30:00,46.07
2018-10-27 04:45:00,50.02
2018-10-27 05:00:00,51.34
2018-10-27 05:15:00,52.52
2018-10-27 05:30:00,50.61
2018-10-27 05:45:00,56.73
2018-10-27 06:00:00,63.77
2018-10-27 06:15:00,75.09
2018-10-27 06:30:00,89.759995
2018-10-27 06:45:00,95.89
2018-10-27 07:00:00,111.15
2018-10-27 07:15:00,117.8
2018-10-27 07:30:00,118.72
2018-10-27 07:45:00,113.84999
2018-10-27 08:00:00,117.41
2018-10-27 08:15:00,109.97
2018-10-27 08:30:00,105.630005
2018-10-27 08:45:00,111.55
2018-10-27 09:00:00,107.4
2018-10-27 09:15:00,107.08
2018-10-27 09:30:00,100.56
2018-10-27 09:45:00,104.91
2018-10-27 10:00:00,94.31
2018-10-27 10:15:00,91.740005
2018-10-27 10:30:00,92.0
2018-10-27 10:45:00,85.880005
2018-10-27 11:00:00,87.66
2018-10-27 11:15:00,85.09
2018-10-27 11:30:00,84.31
2018-10-27 11:45:00,79.5
2018-10-27 12:00:00,77.78999
2018-10-27 12:15:00,77.79
2018-10-27 12:30:00,79.89
2018-10-27 12:45:00,77.130005
2018-10-27 13:00:00,79.83
2018-10-27 13:15:00,70.94
2018-10-27 13:30:00,72.39
2018-10-27 13:45:00,58.3
2018-10-27 14:00:00,48.37
2018-10-27 14:15:00,42.64
2018-10-27 14:30:00,43.83
2018-10-27 14:45:00,35.870003
2018-10-27 15:00:00,31.99
2018-10-27 15:15:00,29.279999
2018-10-27 15:30:00,29.61
2018-10-27 15:45:00,33.76
2018-10-27 16:00:00,38.04
2018-10-27 16:15:00,39.620003
2018-10-27 16:30:00,32.64
2018-10-27 16:45:00,26.060001
2018-10-27 17:00:00,25.01
2018-10-27 17:15:00,22.64
2018-10-27 17:30:00,16.39
2018-10-27 17:45:00,11.65
2018-10-27 18:00:00,11.450001
2018-10-27 18:15:00,10.860001
2018-10-27 18:30:00,8.62
2018-10-27 18:45:00,5.92
2018-10-27 19:00:00,4.41
2018-10-27 19:15:00,3.48
2018-10-27 19:30:00,2.31
2018-10-27 19:45:00,0.99
2018-10-27 20:00:00,0.73
2018-10-27 20:15:00,0.65999997
2018-10-27 20:30:00,1.6400001
2018-10-27 20:45:00,3.22
2018-10-27 21:00:00,3.68
2018-10-27 21:15:00,2.63
2018-10-27 21:30:00,1.45
2018-10-27 21:45:00,1.45
2018-10-27 22:00:00,2.64
2018-10-27 22:15:00,3.5500002
2018-10-27 22:30:00,2.17
2018-10-27 22:45:00,0.92
2018-10-27 23:00:00,0.79
2018-10-27 23:15:00,0.46
2018-10-27 23:30:00,0.99
2018-10-27 23:45:00,0.72
2018-10-28 00:00:00,0.59
2018-10-28 00:15:00,1.38
2018-10-28 00:30:00,2.3700001
2018-10-28 00:45:00,2.77
2018-10-28 01:00:00,5.5299997
2018-10-28 01:15:00,6.65
2018-10-28 01:30:00,5.92
2018-10-28 01:45:00,7.23
2018-10-28 02:00:00,7.04
2018-10-28 02:15:00,7.8999996
2018-10-28 02:30:00,10.0
2018-10-28 02:45:00,19.94
2018-10-28 03:00:00,29.55
2018-10-28 03:15:00,45.010002
2018-10-28 03:30:00,61.989998
2018-10-28 03:45:00,83.78
2018-10-28 04:00:00,103.65
2018-10-28 04:15:00,114.31
2018-10-28 04:30:00,130.44
2018-10-28 04:45:00,147.48001
2018-10-28 05:00:00,140.05
2018-10-28 05:15:00,136.43
2018-10-28 05:30:00,139.84
2018-10-28 05:45:00,153.73999
2018-10-28 06:00:00,146.04001
2018-10-28 06:15:00,150.57
2018-10-28 06:30:00,148.33
2018-10-28 06:45:00,142.15
2018-10-28 07:00:00,132.61
2018-10-28 07:15:00,129.32
2018-10-28 07:30:00,134.78
2018-10-28 07:45:00,138.73
2018-10-28 08:00:00,143.07999
2018-10-28 08:15:00,140.57
2018-10-28 08:30:00,134.57999
2018-10-28 08:45:00,139.26001
2018-10-28 09:00:00,140.51001
2018-10-28 09:15:00,133.20999
2018-10-28 09:30:00,131.62
2018-10-28 09:45:00,129.25
2018-10-28 10:00:00,129.64
2018-10-28 10:15:00,149.45
2018-10-28 10:30:00,150.57999
2018-10-28 10:45:00,153.14
2018-10-28 11:00:00,147.29001
2018-10-28 11:15:00,140.70999
2018-10-28 11:30:00,135.37
2018-10-28 11:45:00,134.45999
2018-10-28 12:00:00,132.66998
2018-10-28 12:15:00,136.09
2018-10-28 12:30:00,132.41
2018-10-28 12:45:00,134.13
2018-10-28 13:00:00,131.23
2018-10-28 13:15:00,136.03
2018-10-28 13:30:00,131.88
2018-10-28 13:45:00,119.97
2018-10-28 14:00:00,108.72
2018-10-28 14:15:00,95.03
2018-10-28 14:30:00,94.5
2018-10-28 14:45:00,76.47
2018-10-28 15:00:00,65.75
2018-10-28 15:15:00,56.59
2018-10-28 15:30:00,48.629997
2018-10-28 15:45:00,43.839996
2018-10-28 16:00:00,33.17
2018-10-28 16:15:00,27.25
2018-10-28 16:30:00,28.95
2018-10-28 16:45:00,21.45
2018-10-28 17:00:00,21.71
2018-10-28 17:15:00,20.99
2018-10-28 17:30:00,19.869999
2018-10-28 17:45:00,17.18
2018-10-28 18:00:00,10.200001
2018-10-28 18:15:00,11.64
2018-10-28 18:30:00,7.76
2018-10-28 18:45:00,8.36
2018-10-28 19:00:00,1.77
2018-10-28 19:15:00,0.0
2018-10-28 19:30:00,0.0
2018-10-28 19:45:00,0.0
2018-10-28 20:00:00,0.0
2018-10-28 20:15:00,0.0
2018-10-28 20:30:00,0.0
2018-10-28 20:45:00,0.0
2018-10-28 21:00:00,0.0
2018-10-28 21:15:00,0.0
2018-10-28 21:30:00,0.0
2018-10-28 21:45:00,0.0
2018-10-28 22:00:00,0.0
2018-10-28 22:15:00,0.0
2018-10-28 22:30:00,0.0
2018-10-28 22:45:00,0.0
2018-10-28 23:00:00,0.0
2018-10-28 23:15:00,0.0
2018-10-28 23:30:00,0.33
2018-10-28 23:45:00,0.92
2018-10-29 00:00:00,1.8399999
2018-10-29 00:15:00,4.8
2018-10-29 00:30:00,8.82
2018-10-29 00:45:00,10.6
2018-10-29 01:00:00,10.86
2018-10-29 01:15:00,14.34
2018-10-29 01:30:00,15.799999
2018-10-29 01:45:00,19.55
2018-10-29 02:00:00,19.74
2018-10-29 02:15:00,16.65
2018-10-29 02:30:00,16.380001
2018-10-29 02:45:00,13.62
2018-10-29 03:00:00,10.72
2018-10-29 03:15:00,4.54
2018-10-29 03:30:00,1.71
2018-10-29 03:45:00,0.4
2018-10-29 04:00:00,0.4
2018-10-29 04:15:00,1.7800001
2018-10-29 04:30:00,4.15
2018-10-29 04:45:00,7.96
2018-10-29 05:00:00,29.55
2018-10-29 05:15:00,47.58
2018-10-29 05:30:00,53.11
2018-10-29 05:45:00,59.43
2018-10-29 06:00:00,86.020004
2018-10-29 06:15:00,94.03999
2018-10-29 06:30:00,85.82
2018-10-29 06:45:00,89.5
2018-10-29 07:00:00,99.57
2018-10-29 07:15:00,98.45
2018-10-29 07:30:00,101.740005
2018-10-29 07:45:00,89.42999
2018-10-29 08:00:00,91.34
2018-10-29 08:15:00,90.43
2018-10-29 08:30:00,97.270004
2018-10-29 08:45:00,100.3
2018-10-29 09:00:00,89.24
2018-10-29 09:15:00,92.99
2018-10-29 09:30:00,90.43
2018-10-29 09:45:00,97.2
2018-10-29 10:00:00,92.399994
2018-10-29 10:15:00,86.08
2018-10-29 10:30:00,81.27
2018-10-29 10:45:00,83.18
2018-10-29 11:00:00,78.64
2018-10-29 11:15:00,80.29
2018-10-29 11:30:00,82.4
2018-10-29 11:45:00,82.46001
2018-10-29 12:00:00,85.95
2018-10-29 12:15:00,91.47
2018-10-29 12:30:00,100.83
2018-10-29 12:45:00,106.55
2018-10-29 13:00:00,107.8
2018-10-29 13:15:00,105.69
2018-10-29 13:30:00,97.130005
2018-10-29 13:45:00,87.66
2018-10-29 14:00:00,85.880005
2018-10-29 14:15:00,74.43
2018-10-29 14:30:00,72.13
2018-10-29 14:45:00,81.08
2018-10-29 15:00:00,85.56
2018-10-29 15:15:00,88.45
2018-10-29 15:30:00,70.94
2018-10-29 15:45:00,60.010002
2018-10-29 16:00:00,54.36
2018-10-29 16:15:00,56.73
2018-10-29 16:30:00,59.56
2018-10-29 16:45:00,58.77
2018-10-29 17:00:00,57.65
2018-10-29 17:15:00,60.16
2018-10-29 17:30:00,54.75
2018-10-29 17:45:00,63.51
2018-10-29 18:00:00,56.01
2018-10-29 18:15:00,51.010002
2018-10-29 18:30:00,51.4
2018-10-29 18:45:00,64.56
2018-10-29 19:00:00,69.11
2018-10-29 19:15:00,61.54
2018-10-29 19:30:00,58.44
2018-10-29 19:45:00,64.89
2018-10-29 20:00:00,65.81
2018-10-29 20:15:00,65.35
2018-10-29 20:30:00,61.14
2018-10-29 20:45:00,61.53
2018-10-29 21:00:00,57.58
2018-10-29 21:15:00,64.56
2018-10-29 21:30:00,67.32
2018-10-29 21:45:00,72.66
2018-10-29 22:00:00,67.259995
2018-10-29 22:15:00,73.18
2018-10-29 22:30:00,66.93
2018-10-29 22:45:00,83.45
2018-10-29 23:00:00,76.740005
2018-10-29 23:15:00,73.05
2018-10-29 23:30:00,57.190002
2018-10-29 23:45:00,53.699997
2018-10-30 00:00:00,65.67
2018-10-30 00:15:00,79.96001
2018-10-30 00:30:00,108.39
2018-10-30 00:45:00,118.19
2018-10-30 01:00:00,126.89
2018-10-30 01:15:00,147.08
2018-10-30 01:30:00,164.45999
2018-10-30 01:45:00,176.38
2018-10-30 02:00:00,189.41
2018-10-30 02:15:00,197.23999
2018-10-30 02:30:00,198.55
2018-10-30 02:45:00,192.56
2018-10-30 03:00:00,174.26999
2018-10-30 03:15:00,171.57
2018-10-30 03:30:00,183.28
2018-10-30 03:45:00,188.02
2018-10-30 04:00:00,193.48999
2018-10-30 04:15:00,195.66
2018-10-30 04:30:00,194.47
2018-10-30 04:45:00,193.62
2018-10-30 05:00:00,157.55
2018-10-30 05:15:00,191.71
2018-10-30 05:30:00,203.02
2018-10-30 05:45:00,207.76999
2018-10-30 06:00:00,203.62
2018-10-30 06:15:00,207.37
2018-10-30 06:30:00,0.14
2018-10-30 06:45:00,0.0
2018-10-30 07:00:00,0.0
2018-10-30 07:15:00,0.0
2018-10-30 07:30:00,109.97
2018-10-30 07:45:00,186.18
2018-10-30 08:00:00,195.72
2018-10-30 08:15:00,72.92
2018-10-30 08:30:00,8.02
2018-10-30 08:45:00,52.0
2018-10-30 09:00:00,114.12
2018-10-30 09:15:00,185.51999
2018-10-30 09:30:00,173.61
2018-10-30 09:45:00,166.5
2018-10-30 10:00:00,166.5
2018-10-30 10:15:00,187.43
2018-10-30 10:30:00,197.04001
2018-10-30 10:45:00,193.68
2018-10-30 11:00:00,197.04001
2018-10-30 11:15:00,194.01001
2018-10-30 11:30:00,207.5
2018-10-30 11:45:00,212.69998
2018-10-30 12:00:00,205.6
2018-10-30 12:15:00,197.82999
2018-10-30 12:30:00,185.59
2018-10-30 12:45:00,186.91
2018-10-30 13:00:00,184.47
2018-10-30 13:15:00,175.32
2018-10-30 13:30:00,162.68
2018-10-30 13:45:00,152.42
2018-10-30 14:00:00,137.29001
2018-10-30 14:15:00,144.39
2018-10-30 14:30:00,151.76001
2018-10-30 14:45:00,128.99
2018-10-30 15:00:00,112.93
2018-10-30 15:15:00,110.89
2018-10-30 15:30:00,100.16
2018-10-30 15:45:00,106.22
2018-10-30 16:00:00,105.36
2018-10-30 16:15:00,120.17
2018-10-30 16:30:00,113.52
2018-10-30 16:45:00,100.49
2018-10-30 17:00:00,103.979996
2018-10-30 17:15:00,80.09
2018-10-30 17:30:00,61.73
2018-10-30 17:45:00,72.2
2018-10-30 18:00:00,60.68
2018-10-30 18:15:00,54.96
2018-10-30 18:30:00,52.78
2018-10-30 18:45:00,58.170002
2018-10-30 19:00:00,58.05
2018-10-30 19:15:00,65.55
2018-10-30 19:30:00,60.739998
2018-10-30 19:45:00,54.69
2018-10-30 20:00:00,46.92
2018-10-30 20:15:00,39.22
2018-10-30 20:30:00,39.43
2018-10-30 20:45:00,32.84
2018-10-30 21:00:00,36.59
2018-10-30 21:15:00,22.05
2018-10-30 21:30:00,11.389999
2018-10-30 21:45:00,8.62
2018-10-30 22:00:00,12.110001
2018-10-30 22:15:00,13.49
2018-10-30 22:30:00,8.889999
2018-10-30 22:45:00,10.79
2018-10-30 23:00:00,9.34
2018-10-30 23:15:00,24.48
2018-10-30 23:30:00,34.09
2018-10-30 23:45:00,22.77
2018-10-31 00:00:00,18.23
2018-10-31 00:15:00,26.65
2018-10-31 00:30:00,31.720001
2018-10-31 00:45:00,34.29
2018-10-31 01:00:00,37.32
2018-10-31 01:15:00,34.29
2018-10-31 01:30:00,34.23
2018-10-31 01:45:00,34.22
2018-10-31 02:00:00,36.199997
2018-10-31 02:15:00,36.92
2018-10-31 02:30:00,32.91
2018-10-31 02:45:00,39.68
2018-10-31 03:00:00,33.690002
2018-10-31 03:15:00,37.98
2018-10-31 03:30:00,44.68
2018-10-31 03:45:00,50.809998
2018-10-31 04:00:00,37.25
2018-10-31 04:15:00,27.7
2018-10-31 04:30:00,29.220001
2018-10-31 04:45:00,30.669998
2018-10-31 05:00:00,29.74
2018-10-31 05:15:00,42.050003
2018-10-31 05:30:00,34.620003
2018-10-31 05:45:00,25.009998
2018-10-31 06:00:00,34.75
2018-10-31 06:15:00,30.6
2018-10-31 06:30:00,24.09
2018-10-31 06:45:00,17.18
2018-10-31 07:00:00,17.24
2018-10-31 07:15:00,25.47
2018-10-31 07:30:00,24.220001
2018-10-31 07:45:00,30.009998
2018-10-31 08:00:00,37.25
2018-10-31 08:15:00,44.35
2018-10-31 08:30:00,37.18
2018-10-31 08:45:00,33.43
2018-10-31 09:00:00,22.71
2018-10-31 09:15:00,25.529999
2018-10-31 09:30:00,25.599998
2018-10-31 09:45:00,29.02
2018-10-31 10:00:00,34.48
2018-10-31 10:15:00,31.85
2018-10-31 10:30:00,26.0
2018-10-31 10:45:00,30.41
2018-10-31 11:00:00,37.38
2018-10-31 11:15:00,43.309998
2018-10-31 11:30:00,60.090004
2018-10-31 11:45:00,56.07
2018-10-31 12:00:00,64.42
2018-10-31 12:15:00,73.520004
2018-10-31 12:30:00,59.89
2018-10-31 12:45:00,41.92
2018-10-31 13:00:00,179.4
2018-10-31 13:15:00,150.11
2018-10-31 13:30:00,90.95
2018-10-31 13:45:00,127.22
2018-10-31 14:00:00,121.68
2018-10-31 14:15:00,99.31
2018-10-31 14:30:00,80.82001
2018-10-31 14:45:00,87.46
2018-10-31 15:00:00,92.729996
2018-10-31 15:15:00,80.16
2018-10-31 15:30:00,97.99
2018-10-31 15:45:00,112.99
2018-10-31 16:00:00,78.25
2018-10-31 16:15:00,66.270004
2018-10-31 16:30:00,213.48999
2018-10-31 16:45:00,161.95999
2018-10-31 17:00:00,115.89
2018-10-31 17:15:00,85.22
2018-10-31 17:30:00,110.04
2018-10-31 17:45:00,108.59
2018-10-31 18:00:00,115.89
2018-10-31 18:15:00,92.07
2018-10-31 18:30:00,56.86
2018-10-31 18:45:00,79.3
2018-10-31 19:00:00,88.520004
2018-10-31 19:15:00,92.14
2018-10-31 19:30:00,78.05
2018-10-31 19:45:00,99.83
2018-10-31 20:00:00,70.22
2018-10-31 20:15:00,65.22
2018-10-31 20:30:00,77.07
2018-10-31 20:45:00,66.34
2018-10-31 21:00:00,104.9
2018-10-31 21:15:00,55.28
2018-10-31 21:30:00,49.1
2018-10-31 21:45:00,86.14
2018-10-31 22:00:00,57.98
2018-10-31 22:15:00,64.69
2018-10-31 22:30:00,77.259995
2018-10-31 22:45:00,84.31
2018-10-31 23:00:00,92.53
2018-10-31 23:15:00,82.79
2018-10-31 23:30:00,77.46
2018-10-31 23:45:00,72.0
2018-11-01 00:00:00,65.55
2018-11-01 00:15:00,56.0
2018-11-01 00:30:00,51.93
2018-11-01 00:45:00,37.64
2018-11-01 01:00:00,51.67
2018-11-01 01:15:00,32.91
2018-11-01 01:30:00,34.75
2018-11-01 01:45:00,31.46
2018-11-01 02:00:00,37.64
2018-11-01 02:15:00,58.64
2018-11-01 02:30:00,76.61
2018-11-01 02:45:00,59.42
2018-11-01 03:00:00,93.25
2018-11-01 03:15:00,87.2
2018-11-01 03:30:00,88.31
2018-11-01 03:45:00,76.86
2018-11-01 04:00:00,109.31
2018-11-01 04:15:00,78.44
2018-11-01 04:30:00,77.0
2018-11-01 04:45:00,108.92
2018-11-01 05:01:00,84.03999
2018-11-01 05:15:00,80.29
2018-11-01 05:30:00,72.33
2018-11-01 05:45:00,64.23
2018-11-01 06:00:00,45.93
2018-11-01 06:15:00,38.83
2018-11-01 06:30:00,32.57
2018-11-01 06:45:00,32.91
2018-11-01 07:00:00,46.2
2018-11-01 07:15:00,58.84
2018-11-01 07:30:00,57.65
2018-11-01 07:45:00,64.04
2018-11-01 08:00:00,47.059998
2018-11-01 08:15:00,61.67
2018-11-01 08:30:00,57.78
2018-11-01 08:45:00,54.489998
2018-11-01 09:00:00,54.690002
2018-11-01 09:15:00,52.65
2018-11-01 09:30:00,52.52
2018-11-01 09:45:00,39.09
2018-11-01 10:00:00,39.09
2018-11-01 10:15:00,45.87
2018-11-01 10:30:00,45.94
2018-11-01 10:45:00,43.23
2018-11-01 11:00:00,40.4
2018-11-01 11:15:00,36.129997
2018-11-01 11:30:00,36.07
2018-11-01 11:45:00,33.17
2018-11-01 12:00:00,35.93
2018-11-01 12:15:00,40.21
2018-11-01 12:30:00,40.93
2018-11-01 12:45:00,37.65
2018-11-01 13:00:00,36.2
2018-11-01 13:15:00,21.52
2018-11-01 13:30:00,21.720001
2018-11-01 13:45:00,28.099998
2018-11-01 14:00:00,25.6
2018-11-01 14:15:00,22.84
2018-11-01 14:30:00,16.460001
2018-11-01 14:45:00,6.92
2018-11-01 15:00:00,3.94
2018-11-01 15:15:00,3.75
2018-11-01 15:30:00,3.6200001
2018-11-01 15:45:00,3.35
2018-11-01 16:00:00,3.5500002
2018-11-01 16:15:00,2.37
2018-11-01 16:30:00,1.77
2018-11-01 16:45:00,2.44
2018-11-01 17:00:00,0.72
2018-11-01 17:15:00,0.59000003
2018-11-01 17:30:00,0.99
2018-11-01 17:45:00,1.1199999
2018-11-01 18:00:00,0.0
2018-11-01 18:15:00,0.0
2018-11-01 18:30:00,0.0
2018-11-01 18:45:00,0.0
2018-11-01 19:00:00,0.0
2018-11-01 19:15:00,0.0
2018-11-01 19:30:00,0.0
2018-11-01 19:45:00,0.0
2018-11-01 20:00:00,0.0
2018-11-01 20:15:00,0.0
2018-11-01 20:30:00,0.0
2018-11-01 20:45:00,0.0
2018-11-01 21:00:00,0.0
2018-11-01 21:15:00,0.0
2018-11-01 21:30:00,0.0
2018-11-01 21:45:00,0.0
2018-11-01 22:00:00,0.0
2018-11-01 22:15:00,0.0
2018-11-01 22:30:00,0.0
2018-11-01 22:45:00,0.0
2018-11-01 23:00:00,0.0
2018-11-01 23:15:00,0.13
2018-11-01 23:30:00,0.0
2018-11-01 23:45:00,0.0
2018-11-02 00:00:00,0.0
2018-11-02 00:15:00,0.0
2018-11-02 00:30:00,0.0
2018-11-02 00:45:00,0.0
2018-11-02 01:00:00,0.0
2018-11-02 01:15:00,0.0
2018-11-02 01:30:00,0.0
2018-11-02 01:45:00,0.0
2018-11-02 02:00:00,0.0
2018-11-02 02:15:00,0.0
2018-11-02 02:30:00,0.0
2018-11-02 02:45:00,0.0
2018-11-02 03:00:00,0.0
2018-11-02 03:15:00,0.0
2018-11-02 03:30:00,0.0
2018-11-02 03:45:00,0.0
2018-11-02 04:00:00,0.0
2018-11-02 04:15:00,0.0
2018-11-02 04:30:00,0.0
2018-11-02 04:45:00,0.0
2018-11-02 05:00:00,0.0
2018-11-02 05:15:00,0.13
2018-11-02 05:30:00,0.33
2018-11-02 05:45:00,0.92
2018-11-02 06:00:00,3.1000001
2018-11-02 06:15:00,3.49
2018-11-02 06:30:00,7.04
2018-11-02 06:45:00,14.74
2018-11-02 07:00:00,20.6
2018-11-02 07:15:00,24.36
2018-11-02 07:30:00,29.490002
2018-11-02 07:45:00,32.97
2018-11-02 08:00:00,31.920002
2018-11-02 08:15:00,35.73
2018-11-02 08:30:00,37.65
2018-11-02 08:45:00,44.23
2018-11-02 09:00:00,48.760002
2018-11-02 09:15:00,41.66
2018-11-02 09:30:00,38.11
2018-11-02 09:45:00,38.239998
2018-11-02 10:00:00,35.28
2018-11-02 10:15:00,38.699997
2018-11-02 10:30:00,51.27
2018-11-02 10:45:00,48.96
2018-11-02 11:00:00,45.68
2018-11-02 11:15:00,43.17
2018-11-02 11:30:00,45.68
2018-11-02 11:45:00,48.510002
2018-11-02 12:00:00,60.35
2018-11-02 12:15:00,60.48
2018-11-02 12:30:00,57.98
2018-11-02 12:45:00,66.4
2018-11-02 13:00:00,64.5
2018-11-02 13:15:00,50.28
2018-11-02 13:30:00,49.88
2018-11-02 13:45:00,54.3
2018-11-02 14:00:00,49.43
2018-11-02 14:15:00,37.97
2018-11-02 14:30:00,37.18
2018-11-02 14:45:00,32.57
2018-11-02 15:00:00,28.82
2018-11-02 15:15:00,27.18
2018-11-02 15:30:00,29.61
2018-11-02 15:45:00,28.7
2018-11-02 16:00:00,31.189999
2018-11-02 16:15:00,35.28
2018-11-02 16:30:00,34.75
2018-11-02 16:45:00,37.120003
2018-11-02 17:00:00,29.02
2018-11-02 17:15:00,31.65
2018-11-02 17:30:00,46.07
2018-11-02 17:45:00,41.39
2018-11-02 18:00:00,49.559998
2018-11-02 18:15:00,50.809998
2018-11-02 18:30:00,52.19
2018-11-02 18:45:00,52.78
2018-11-02 19:00:00,52.19
2018-11-02 19:15:00,62.85
2018-11-02 19:30:00,77.59
2018-11-02 19:45:00,80.020004
2018-11-02 20:00:00,76.729996
2018-11-02 20:15:00,78.64
2018-11-02 20:30:00,72.729996
2018-11-02 20:45:00,62.78
2018-11-02 21:00:00,70.55
2018-11-02 21:15:00,72.53
2018-11-02 21:30:00,64.3
2018-11-02 21:45:00,66.869995
2018-11-02 22:00:00,70.81
2018-11-02 22:15:00,69.5
2018-11-02 22:30:00,59.36
2018-11-02 22:45:00,58.84
2018-11-02 23:00:00,52.65
2018-11-02 23:15:00,45.41
2018-11-02 23:30:00,48.11
2018-11-02 23:45:00,49.89
2018-11-03 00:00:00,43.3
2018-11-03 00:15:00,52.78
2018-11-03 00:30:00,57.19
2018-11-03 00:45:00,54.559998
2018-11-03 01:00:00,65.48
2018-11-03 01:15:00,68.64
2018-11-03 01:30:00,65.55
2018-11-03 01:45:00,64.03
2018-11-03 02:00:00,61.6
2018-11-03 02:15:00,72.45
2018-11-03 02:30:00,73.25
2018-11-03 02:45:00,71.009995
2018-11-03 03:00:00,74.1
2018-11-03 03:15:00,70.03
2018-11-03 03:30:00,78.520004
2018-11-03 03:45:00,94.369995
2018-11-03 04:00:00,96.55
2018-11-03 04:15:00,117.009995
2018-11-03 04:30:00,115.630005
2018-11-03 04:45:00,134.45
2018-11-03 05:00:00,146.95
2018-11-03 05:15:00,73.05
2018-11-03 05:30:00,177.3
2018-11-03 05:45:00,170.19
2018-11-03 06:00:00,187.17
2018-11-03 06:15:00,191.51001
2018-11-03 06:30:00,199.41
2018-11-03 06:45:00,116.62
2018-11-03 07:00:00,118.520004
2018-11-03 07:15:00,211.31
2018-11-03 07:30:00,100.23
2018-11-03 07:45:00,0.14
2018-11-03 08:00:00,0.0
2018-11-03 08:15:00,202.23999
2018-11-03 08:30:00,199.20999
2018-11-03 08:45:00,31.98
2018-11-03 09:00:00,85.94
2018-11-03 09:15:00,46.2
2018-11-03 09:30:00,98.119995
2018-11-03 09:45:00,206.91
2018-11-03 10:00:00,208.16
2018-11-03 10:15:00,211.04999
2018-11-03 10:30:00,210.45999
2018-11-03 10:45:00,209.35
2018-11-03 11:00:00,209.46999
2018-11-03 11:15:00,211.78
2018-11-03 11:30:00,212.9
2018-11-03 11:45:00,212.37
2018-11-03 12:00:00,213.22998
2018-11-03 12:15:00,212.11
2018-11-03 12:30:00,214.73999
2018-11-03 12:45:00,219.68
2018-11-03 13:00:00,217.9
2018-11-03 13:15:00,214.93
2018-11-03 13:30:00,216.65
2018-11-03 13:45:00,209.66998
2018-11-03 14:00:00,204.48001
2018-11-03 14:15:00,209.22
2018-11-03 14:30:00,203.68
2018-11-03 14:45:00,199.99998
2018-11-03 15:00:00,202.69998
2018-11-03 15:15:00,193.35
2018-11-03 15:30:00,177.69
2018-11-03 15:45:00,202.57
2018-11-03 16:00:00,208.09
2018-11-03 16:15:00,197.7
2018-11-03 16:30:00,183.81
2018-11-03 16:45:00,185.19
2018-11-03 17:00:00,169.07
2018-11-03 17:15:00,186.10999
2018-11-03 17:30:00,171.9
2018-11-03 17:45:00,155.04999
2018-11-03 18:00:00,142.87
2018-11-03 18:15:00,133.92
2018-11-03 18:30:00,122.94
2018-11-03 18:45:00,105.96001
2018-11-03 19:00:00,96.28
2018-11-03 19:15:00,122.340004
2018-11-03 19:30:00,88.06
2018-11-03 19:45:00,77.130005
2018-11-03 20:00:00,72.2
2018-11-03 20:15:00,83.380005
2018-11-03 20:30:00,74.96001
2018-11-03 20:45:00,75.94
2018-11-03 21:00:00,50.87
2018-11-03 21:15:00,41.85
2018-11-03 21:30:00,78.25
2018-11-03 21:45:00,49.489998
2018-11-03 22:00:00,35.739998
2018-11-03 22:15:00,27.580002
2018-11-03 22:30:00,23.75
2018-11-03 22:45:00,10.59
2018-11-03 23:00:00,5.86
2018-11-03 23:15:00,0.33
2018-11-03 23:30:00,0.0
2018-11-03 23:45:00,0.0
2018-11-04 00:00:00,0.32999998
2018-11-04 00:15:00,0.92
2018-11-04 00:30:00,59.23
2018-11-04 00:45:00,126.16
2018-11-04 01:00:00,93.78
2018-11-04 01:15:00,59.95
2018-11-04 01:30:00,174.79001
2018-11-04 01:45:00,172.56
2018-11-04 02:00:00,208.16
2018-11-04 02:15:00,164.66
2018-11-04 02:30:00,76.81
2018-11-04 02:45:00,28.76
2018-11-04 03:00:00,26.92
2018-11-04 03:15:00,44.29
2018-11-04 03:30:00,50.739998
2018-11-04 03:45:00,65.68
2018-11-04 04:00:00,71.07
2018-11-04 04:15:00,63.24
2018-11-04 04:30:00,43.57
2018-11-04 04:45:00,47.59
2018-11-04 05:00:00,51.39
2018-11-04 05:15:00,56.590004
2018-11-04 05:30:00,52.18
2018-11-04 05:45:00,45.21
2018-11-04 08:00:00,23.49
2018-11-04 08:15:00,29.29
2018-11-04 08:30:00,42.25
2018-11-04 08:45:00,48.300003
2018-11-04 09:00:00,47.58
2018-11-04 09:15:00,36.72
2018-11-04 09:30:00,36.0
2018-11-04 09:45:00,34.809998
2018-11-04 10:00:00,39.88
2018-11-04 10:15:00,51.73
2018-11-04 10:30:00,80.22
2018-11-04 10:45:00,95.76
2018-11-04 11:00:00,86.740005
2018-11-04 11:15:00,70.82
2018-11-04 11:30:00,60.019997
2018-11-04 11:45:00,68.84
2018-11-04 12:00:00,98.649994
2018-11-04 12:15:00,117.87
2018-11-04 12:30:00,130.77
2018-11-04 12:45:00,136.76001
2018-11-04 13:00:00,131.3
2018-11-04 13:15:00,124.770004
2018-11-04 13:30:00,103.0
2018-11-04 13:45:00,85.55
2018-11-04 14:00:00,76.34
2018-11-04 14:15:00,77.66
2018-11-04 14:30:00,76.67
2018-11-04 14:45:00,81.41
2018-11-04 15:00:00,63.97
2018-11-04 15:15:00,49.75
2018-11-04 15:30:00,35.8
2018-11-04 15:45:00,39.489998
2018-11-04 16:00:00,36.65
2018-11-04 16:15:00,23.36
2018-11-04 16:30:00,15.07
2018-11-04 16:45:00,4.35
2018-11-04 17:00:00,0.32999998
2018-11-04 17:15:00,0.0
2018-11-04 17:30:00,0.0
2018-11-04 17:45:00,0.0
2018-11-04 18:00:00,0.0
2018-11-04 18:15:00,0.0
2018-11-04 18:30:00,0.0
2018-11-04 18:45:00,0.0
2018-11-04 19:00:00,0.0
2018-11-04 19:15:00,0.0
2018-11-04 19:30:00,0.0
2018-11-04 19:45:00,0.0
2018-11-04 20:00:00,0.0
2018-11-04 20:15:00,0.0
2018-11-04 20:30:00,0.0
2018-11-04 20:45:00,0.0
2018-11-04 21:00:00,0.0
2018-11-04 21:15:00,0.0
2018-11-04 21:30:00,0.0
2018-11-04 21:45:00,0.0
2018-11-04 22:00:00,1.97
2018-11-04 22:15:00,8.82
2018-11-04 22:30:00,21.52
2018-11-04 22:45:00,29.61
2018-11-04 23:00:00,29.279999
2018-11-04 23:15:00,31.580002
2018-11-04 23:30:00,25.73
2018-11-04 23:45:00,32.510002
2018-11-05 00:00:00,35.21
2018-11-05 00:15:00,38.83
2018-11-05 00:30:00,51.33
2018-11-05 00:45:00,61.33
2018-11-05 01:00:00,74.229996
2018-11-05 01:15:00,101.87
2018-11-05 01:30:00,100.5
2018-11-05 01:45:00,94.57
2018-11-05 02:00:00,92.85
2018-11-05 02:15:00,97.14
2018-11-05 02:30:00,108.65
2018-11-05 02:45:00,142.61
2018-11-05 03:00:00,164.2
2018-11-05 03:15:00,178.73999
2018-11-05 03:30:00,197.95999
2018-11-05 03:45:00,198.03
2018-11-05 04:00:00,212.7
2018-11-05 04:15:00,214.01997
2018-11-05 04:30:00,215.26997
2018-11-05 04:45:00,214.67
2018-11-05 05:00:00,216.19
2018-11-05 05:15:00,212.89
2018-11-05 05:30:00,221.19
2018-11-05 05:45:00,217.95999
2018-11-05 06:00:00,100.04
2018-11-05 06:15:00,159.53
2018-11-05 06:30:00,217.62997
2018-11-05 06:45:00,212.23999
2018-11-05 07:00:00,211.97998
2018-11-05 07:15:00,213.03
2018-11-05 07:30:00,214.73999
2018-11-05 07:45:00,215.73
2018-11-05 08:00:00,215.14
2018-11-05 08:15:00,215.45999
2018-11-05 08:30:00,217.18
2018-11-05 08:45:00,217.17
2018-11-05 09:00:00,216.59
2018-11-05 09:15:00,215.06998
2018-11-05 09:30:00,214.60999
2018-11-05 09:45:00,213.69
2018-11-05 10:00:00,212.82999
2018-11-05 10:15:00,209.73999
2018-11-05 10:30:00,207.63
2018-11-05 10:45:00,206.31
2018-11-05 11:00:00,193.88
2018-11-05 11:15:00,186.70001
2018-11-05 11:30:00,195.85
2018-11-05 11:45:00,207.29999
2018-11-05 12:00:00,205.53
2018-11-05 12:15:00,210.59
2018-11-05 12:30:00,214.87
2018-11-05 12:45:00,205.66
2018-11-05 13:00:00,203.29
2018-11-05 13:15:00,199.34
2018-11-05 13:30:00,194.54001
2018-11-05 13:45:00,172.43
2018-11-05 14:00:00,161.56
2018-11-05 14:15:00,151.83
2018-11-05 14:30:00,137.02
2018-11-05 14:45:00,126.09999
2018-11-05 15:00:00,94.18
2018-11-05 15:15:00,76.14
2018-11-05 15:30:00,78.44
2018-11-05 15:45:00,63.97
2018-11-05 16:00:00,66.86
2018-11-05 16:15:00,62.190002
2018-11-05 16:30:00,59.29
2018-11-05 16:45:00,41.53
2018-11-05 17:00:00,47.58
2018-11-05 17:15:00,45.54
2018-11-05 17:30:00,51.34
2018-11-05 17:45:00,51.53
2018-11-05 18:00:00,40.15
2018-11-05 18:15:00,24.34
2018-11-05 18:30:00,18.880001
2018-11-05 18:45:00,15.400001
2018-11-05 19:00:00,20.4
2018-11-05 19:15:00,26.189999
2018-11-05 19:30:00,28.5
2018-11-05 19:45:00,37.78
2018-11-05 20:00:00,29.48
2018-11-05 20:15:00,31.26
2018-11-05 20:30:00,25.0
2018-11-05 20:45:00,16.45
2018-11-05 21:00:00,6.26
2018-11-05 21:15:00,4.6099997
2018-11-05 21:30:00,0.53
2018-11-05 21:45:00,0.2
2018-11-05 22:00:00,1.12
2018-11-05 22:15:00,2.17
2018-11-05 22:30:00,2.3
2018-11-05 22:45:00,16.119999
2018-11-05 23:00:00,25.4
2018-11-05 23:15:00,21.52
2018-11-05 23:30:00,22.45
2018-11-05 23:45:00,22.25
2018-11-06 00:00:00,23.3
2018-11-06 00:15:00,15.0
2018-11-06 00:30:00,0.92
2018-11-06 00:45:00,0.0
2018-11-06 01:00:00,7.5600004
2018-11-06 01:15:00,17.91
2018-11-06 01:30:00,42.71
2018-11-06 01:45:00,42.71
2018-11-06 02:00:00,22.83
2018-11-06 02:15:00,38.63
2018-11-06 02:30:00,42.379997
2018-11-06 02:45:00,44.69
2018-11-06 03:00:00,43.3
2018-11-06 03:15:00,49.690002
2018-11-06 03:30:00,44.95
2018-11-06 03:45:00,40.08
2018-11-06 04:00:00,36.39
2018-11-06 04:15:00,36.92
2018-11-06 04:30:00,35.010002
2018-11-06 04:45:00,32.12
2018-11-06 05:00:00,27.51
2018-11-06 05:15:00,25.27
2018-11-06 05:30:00,23.56
2018-11-06 05:45:00,23.95
2018-11-06 06:00:00,18.36
2018-11-06 06:15:00,20.93
2018-11-06 06:30:00,20.4
2018-11-06 06:45:00,22.18
2018-11-06 07:00:00,32.12
2018-11-06 07:15:00,34.879997
2018-11-06 07:30:00,39.09
2018-11-06 07:45:00,39.620003
2018-11-06 08:00:00,36.269997
2018-11-06 08:15:00,27.45
2018-11-06 08:30:00,30.07
2018-11-06 08:45:00,47.91
2018-11-06 09:00:00,71.8
2018-11-06 09:15:00,74.69
2018-11-06 09:30:00,76.41
2018-11-06 09:45:00,67.32
2018-11-06 10:00:00,62.520004
2018-11-06 10:15:00,71.21
2018-11-06 10:30:00,55.61
2018-11-06 10:45:00,48.44
2018-11-06 11:00:00,47.45
2018-11-06 11:15:00,42.52
2018-11-06 11:30:00,42.449997
2018-11-06 11:45:00,37.71
2018-11-06 12:00:00,47.32
2018-11-06 12:15:00,54.96
2018-11-06 12:30:00,55.34
2018-11-06 12:45:00,52.32
2018-11-06 13:00:00,41.66
2018-11-06 13:15:00,39.29
2018-11-06 13:30:00,32.84
2018-11-06 13:45:00,33.17
2018-11-06 14:00:00,42.77
2018-11-06 14:15:00,36.260002
2018-11-06 14:30:00,36.059998
2018-11-06 14:45:00,28.16
2018-11-06 15:00:00,24.15
2018-11-06 15:15:00,21.849998
2018-11-06 15:30:00,26.32
2018-11-06 15:45:00,23.82
2018-11-06 16:00:00,22.57
2018-11-06 16:15:00,19.35
2018-11-06 16:30:00,19.08
2018-11-06 16:45:00,24.48
2018-11-06 17:00:00,18.95
2018-11-06 17:15:00,19.279999
2018-11-06 17:30:00,38.629997
2018-11-06 17:45:00,27.25
2018-11-06 18:00:00,36.260002
2018-11-06 18:15:00,32.64
2018-11-06 18:30:00,25.07
2018-11-06 18:45:00,16.39
2018-11-06 19:00:00,18.689999
2018-11-06 19:15:00,14.54
2018-11-06 19:30:00,4.34
2018-11-06 19:45:00,3.68
2018-11-06 20:00:00,3.15
2018-11-06 20:15:00,2.31
2018-11-06 20:30:00,0.99
2018-11-06 20:45:00,1.45
2018-11-06 21:00:00,0.0
2018-11-06 21:15:00,0.0
2018-11-06 21:30:00,0.0
2018-11-06 21:45:00,0.0
2018-11-06 22:00:00,0.0
2018-11-06 22:15:00,0.0
2018-11-06 22:30:00,0.0
2018-11-06 22:45:00,0.0
2018-11-06 23:00:00,0.0
2018-11-06 23:15:00,0.0
2018-11-06 23:30:00,0.0
2018-11-06 23:45:00,0.0
2018-11-07 00:00:00,0.0
2018-11-07 00:15:00,0.0
2018-11-07 00:30:00,0.0
2018-11-07 00:45:00,0.0
2018-11-07 01:00:00,0.0
2018-11-07 01:15:00,0.0
2018-11-07 01:30:00,0.0
2018-11-07 01:45:00,0.0
2018-11-07 02:00:00,0.0
2018-11-07 02:15:00,0.0
2018-11-07 02:30:00,0.0
2018-11-07 02:45:00,0.0
2018-11-07 03:00:00,0.0
2018-11-07 03:15:00,0.0
2018-11-07 03:30:00,0.0
2018-11-07 03:45:00,0.0
2018-11-07 04:00:00,0.0
2018-11-07 04:15:00,0.0
2018-11-07 04:30:00,0.0
2018-11-07 04:45:00,0.0
2018-11-07 05:00:00,0.0
2018-11-07 05:15:00,0.0
2018-11-07 05:30:00,0.0
2018-11-07 05:45:00,0.0
2018-11-07 06:00:00,0.0
2018-11-07 06:15:00,0.0
2018-11-07 06:30:00,0.0
2018-11-07 06:45:00,0.0
2018-11-07 07:00:00,0.0
2018-11-07 07:15:00,0.0
2018-11-07 07:30:00,0.0
2018-11-07 07:45:00,0.0
2018-11-07 08:00:00,0.0
2018-11-07 08:15:00,0.65999997
2018-11-07 08:30:00,0.53000003
2018-11-07 08:45:00,0.07
2018-11-07 09:00:00,0.32999998
2018-11-07 09:15:00,1.97
2018-11-07 09:30:00,1.98
2018-11-07 09:45:00,0.78999996
2018-11-07 10:00:00,0.0
2018-11-07 10:15:00,0.0
2018-11-07 10:30:00,0.0
2018-11-07 10:45:00,0.0
2018-11-07 11:00:00,1.97
2018-11-07 11:15:00,12.24
2018-11-07 11:30:00,19.35
2018-11-07 11:45:00,12.83
2018-11-07 12:00:00,7.5600004
2018-11-07 12:15:00,15.4
2018-11-07 12:30:00,14.809999
2018-11-07 12:45:00,19.15
2018-11-07 13:00:00,17.710001
2018-11-07 13:15:00,21.130001
2018-11-07 13:30:00,25.599998
2018-11-07 13:45:00,34.35
2018-11-07 14:00:00,35.940002
2018-11-07 14:15:00,36.59
2018-11-07 14:30:00,46.33
2018-11-07 14:45:00,37.32
2018-11-07 15:00:00,42.18
2018-11-07 15:15:00,36.53
2018-11-07 15:30:00,34.42
2018-11-07 15:45:00,36.59
2018-11-07 16:00:00,35.079998
2018-11-07 16:15:00,43.5
2018-11-07 16:30:00,55.22
2018-11-07 16:45:00,50.94
2018-11-07 17:00:00,42.510002
2018-11-07 17:15:00,49.489998
2018-11-07 17:30:00,56.27
2018-11-07 17:45:00,53.370003
2018-11-07 18:00:00,43.309998
2018-11-07 18:15:00,31.98
2018-11-07 18:30:00,28.56
2018-11-07 18:45:00,22.310001
2018-11-07 19:00:00,21.25
2018-11-07 19:15:00,20.86
2018-11-07 19:30:00,26.86
2018-11-07 19:45:00,25.14
2018-11-07 20:00:00,25.8
2018-11-07 20:15:00,24.02
2018-11-07 20:30:00,24.08
2018-11-07 20:45:00,32.9
2018-11-07 21:00:00,35.93
2018-11-07 21:15:00,37.84
2018-11-07 21:30:00,41.47
2018-11-07 21:45:00,46.47
2018-11-07 22:00:00,50.08
2018-11-07 22:15:00,50.15
2018-11-07 22:30:00,41.52
2018-11-07 22:45:00,41.92
2018-11-07 23:00:00,42.72
2018-11-07 23:15:00,44.489998
2018-11-07 23:30:00,30.869999
2018-11-07 23:45:00,36.260002
2018-11-08 00:00:00,40.019997
2018-11-08 00:15:00,40.21
2018-11-08 00:30:00,36.46
2018-11-08 00:45:00,32.71
2018-11-08 01:00:00,31.85
2018-11-08 01:15:00,27.970001
2018-11-08 01:30:00,27.77
2018-11-08 01:45:00,26.52
2018-11-08 02:00:00,30.41
2018-11-08 02:15:00,23.759998
2018-11-08 02:30:00,23.029999
2018-11-08 02:45:00,25.21
2018-11-08 03:00:00,16.13
2018-11-08 03:15:00,11.52
2018-11-08 03:30:00,11.58
2018-11-08 03:45:00,9.15
2018-11-08 04:00:00,5.7200003
2018-11-08 04:15:00,10.46
2018-11-08 04:30:00,8.36
2018-11-08 04:45:00,4.87
2018-11-08 05:00:00,3.0300002
2018-11-08 05:15:00,3.5500002
2018-11-08 05:30:00,3.8799999
2018-11-08 05:45:00,1.51
2018-11-08 06:00:00,1.25
2018-11-08 06:15:00,0.86
2018-11-08 06:30:00,0.86
2018-11-08 06:45:00,0.0
2018-11-08 07:00:00,0.0
2018-11-08 07:15:00,0.0
2018-11-08 07:30:00,0.4
2018-11-08 07:45:00,0.73
2018-11-08 08:00:00,0.92
2018-11-08 08:15:00,0.0
2018-11-08 08:30:00,0.86
2018-11-08 08:45:00,0.46
2018-11-08 09:00:00,0.0
2018-11-08 09:15:00,0.53000003
2018-11-08 09:30:00,0.0
2018-11-08 09:45:00,0.32999998
2018-11-08 10:00:00,0.4
2018-11-08 10:15:00,0.2
2018-11-08 10:30:00,3.82
2018-11-08 10:45:00,13.16
2018-11-08 11:00:00,17.05
2018-11-08 11:15:00,13.49
2018-11-08 11:30:00,3.6100001
2018-11-08 11:45:00,0.0
2018-11-08 12:00:00,0.78999996
2018-11-08 12:15:00,4.87
2018-11-08 12:30:00,7.17
2018-11-08 12:45:00,9.87
2018-11-08 13:00:00,13.49
2018-11-08 13:15:00,17.369999
2018-11-08 13:30:00,5.2599998
2018-11-08 13:45:00,11.32
2018-11-08 14:00:00,10.34
2018-11-08 14:15:00,3.48
2018-11-08 14:30:00,6.78
2018-11-08 14:45:00,8.75
2018-11-08 15:00:00,7.5699997
2018-11-08 15:15:00,6.58
2018-11-08 15:30:00,12.77
2018-11-08 15:45:00,15.73
2018-11-08 16:00:00,11.38
2018-11-08 16:15:00,11.389999
2018-11-08 16:30:00,19.48
2018-11-08 16:45:00,14.219999
2018-11-08 17:00:00,14.61
2018-11-08 17:15:00,10.92
2018-11-08 17:30:00,12.24
2018-11-08 17:45:00,14.87
2018-11-08 18:00:00,11.71
2018-11-08 18:15:00,15.139999
2018-11-08 18:30:00,15.0
2018-11-08 18:45:00,22.25
2018-11-08 19:00:00,15.53
2018-11-08 19:15:00,11.46
2018-11-08 19:30:00,12.5
2018-11-08 19:45:00,9.21
2018-11-08 20:00:00,15.0
2018-11-08 20:15:00,12.89
2018-11-08 20:30:00,4.81
2018-11-08 20:45:00,13.55
2018-11-08 21:00:00,12.77
2018-11-08 21:15:00,23.029999
2018-11-08 21:30:00,24.36
2018-11-08 21:45:00,21.85
2018-11-08 22:00:00,22.439999
2018-11-08 22:15:00,26.39
2018-11-08 22:30:00,24.81
2018-11-08 22:45:00,25.54
2018-11-08 23:00:00,25.73
2018-11-08 23:15:00,32.57
2018-11-08 23:30:00,43.83
2018-11-08 23:45:00,32.91
2018-11-09 00:00:00,47.58
2018-11-09 00:15:00,44.489998
2018-11-09 00:30:00,58.5
2018-11-09 00:45:00,56.54
2018-11-09 01:00:00,59.89
2018-11-09 01:15:00,49.550003
2018-11-09 01:30:00,67.13
2018-11-09 01:45:00,80.75
2018-11-09 02:00:00,93.39
2018-11-09 02:15:00,97.53
2018-11-09 02:30:00,126.95
2018-11-09 02:45:00,142.35
2018-11-09 03:00:00,160.76999
2018-11-09 03:15:00,158.73999
2018-11-09 03:30:00,104.71
2018-11-09 03:45:00,132.81
2018-11-09 04:00:00,123.86
2018-11-09 04:15:00,130.23999
2018-11-09 04:30:00,121.020004
2018-11-09 04:45:00,141.43
2018-11-09 05:00:00,150.18
2018-11-09 05:15:00,147.54999
2018-11-09 05:30:00,162.94
2018-11-09 05:45:00,131.36
2018-11-09 06:00:00,163.94
2018-11-09 06:15:00,152.22
2018-11-09 06:30:00,148.2
2018-11-09 06:45:00,144.13
2018-11-09 07:00:00,154.59
2018-11-09 07:15:00,174.13
2018-11-09 07:30:00,173.87
2018-11-09 07:45:00,166.1
2018-11-09 08:00:00,163.60999
2018-11-09 08:15:00,165.11
2018-11-09 08:30:00,163.41
2018-11-09 08:45:00,167.29001
2018-11-09 09:00:00,158.54001
2018-11-09 09:15:00,146.17
2018-11-09 09:30:00,162.54999
2018-11-09 09:45:00,155.25
2018-11-09 10:00:00,133.26999
2018-11-09 10:15:00,122.8
2018-11-09 10:30:00,127.94
2018-11-09 10:45:00,138.93001
2018-11-09 11:00:00,168.67
2018-11-09 11:15:00,152.22
2018-11-09 11:30:00,142.41
2018-11-09 11:45:00,103.19
2018-11-09 12:00:00,88.45
2018-11-09 12:15:00,89.43
2018-11-09 12:30:00,80.42
2018-11-09 12:45:00,90.229996
2018-11-09 13:00:00,106.42
2018-11-09 13:15:00,82.14
2018-11-09 13:30:00,89.7
2018-11-09 13:45:00,81.020004
2018-11-09 14:00:00,80.75
2018-11-09 14:15:00,76.34
2018-11-09 14:30:00,83.45
2018-11-09 14:45:00,99.5
2018-11-09 15:00:00,92.07
2018-11-09 15:15:00,88.91
2018-11-09 15:30:00,96.09
2018-11-09 15:45:00,103.649994
2018-11-09 16:00:00,100.759995
2018-11-09 16:15:00,83.58
2018-11-09 16:30:00,71.94
2018-11-09 16:45:00,75.95
2018-11-09 17:00:00,75.68
2018-11-09 17:15:00,68.64
2018-11-09 17:30:00,78.71
2018-11-09 17:45:00,78.38
2018-11-09 18:00:00,63.64
2018-11-09 18:15:00,68.770004
2018-11-09 18:30:00,63.7
2018-11-09 18:45:00,65.55
2018-11-09 19:00:00,74.96
2018-11-09 19:15:00,79.759995
2018-11-09 19:30:00,78.84
2018-11-09 19:45:00,77.06
2018-11-09 20:00:00,75.81
2018-11-09 20:15:00,76.350006
2018-11-09 20:30:00,83.78
2018-11-09 20:45:00,86.41
2018-11-09 21:00:00,94.509995
2018-11-09 21:15:00,94.18
2018-11-09 21:30:00,98.58
2018-11-09 21:45:00,87.78999
2018-11-09 22:00:00,93.520004
2018-11-09 22:15:00,87.46
2018-11-09 22:30:00,86.61
2018-11-09 22:45:00,71.2
2018-11-09 23:00:00,59.42
2018-11-09 23:15:00,56.21
2018-11-09 23:30:00,41.33
2018-11-09 23:45:00,38.83
2018-11-10 00:00:00,40.14
2018-11-10 00:15:00,42.379997
2018-11-10 00:30:00,44.68
2018-11-10 00:45:00,45.35
2018-11-10 01:00:00,39.82
2018-11-10 01:15:00,32.9
2018-11-10 01:30:00,24.55
2018-11-10 01:45:00,18.560001
2018-11-10 02:00:00,12.37
2018-11-10 02:15:00,7.44
2018-11-10 02:30:00,4.87
2018-11-10 02:45:00,4.21
2018-11-10 03:00:00,1.9100001
2018-11-10 03:15:00,1.19
2018-11-10 03:30:00,2.56
2018-11-10 03:45:00,1.98
2018-11-10 04:00:00,2.44
2018-11-10 04:15:00,1.58
2018-11-10 04:30:00,1.1800001
2018-11-10 04:45:00,2.5
2018-11-10 05:00:00,0.78999996
2018-11-10 05:15:00,0.53
2018-11-10 05:30:00,0.0
2018-11-10 05:45:00,0.0
2018-11-10 06:00:00,0.0
2018-11-10 06:15:00,0.0
2018-11-10 06:30:00,0.0
2018-11-10 06:45:00,0.0
2018-11-10 07:00:00,0.0
2018-11-10 07:15:00,0.0
2018-11-10 07:30:00,0.0
2018-11-10 07:45:00,0.0
2018-11-10 08:00:00,0.0
2018-11-10 08:15:00,0.0
2018-11-10 08:30:00,0.0
2018-11-10 08:45:00,0.0
2018-11-10 09:00:00,0.0
2018-11-10 09:15:00,0.0
2018-11-10 09:30:00,0.0
2018-11-10 09:45:00,0.0
2018-11-10 10:00:00,0.0
2018-11-10 10:15:00,1.19
2018-11-10 10:30:00,2.5
2018-11-10 10:45:00,5.99
2018-11-10 11:00:00,10.72
2018-11-10 11:15:00,14.610001
2018-11-10 11:30:00,24.880001
2018-11-10 11:45:00,29.02
2018-11-10 12:00:00,27.05
2018-11-10 12:15:00,29.810001
2018-11-10 12:30:00,27.64
2018-11-10 12:45:00,29.88
2018-11-10 13:00:00,29.810001
2018-11-10 13:15:00,29.880001
2018-11-10 13:30:00,31.130001
2018-11-10 13:45:00,32.97
2018-11-10 14:00:00,29.939999
2018-11-10 14:15:00,30.01
2018-11-10 14:30:00,21.52
2018-11-10 14:45:00,26.26
2018-11-10 15:00:00,30.34
2018-11-10 15:15:00,36.129997
2018-11-10 15:30:00,42.78
2018-11-10 15:45:00,42.32
2018-11-10 16:00:00,40.739998
2018-11-10 16:15:00,42.58
2018-11-10 16:30:00,43.11
2018-11-10 16:45:00,57.58
2018-11-10 17:00:00,66.399994
2018-11-10 17:15:00,82.07001
2018-11-10 17:30:00,83.509995
2018-11-10 17:45:00,81.47
2018-11-10 18:00:00,76.34
2018-11-10 18:15:00,74.43
2018-11-10 18:30:00,60.68
2018-11-10 18:45:00,69.76
2018-11-10 19:00:00,82.19
2018-11-10 19:15:00,83.84
2018-11-10 19:30:00,86.149994
2018-11-10 19:45:00,89.04
2018-11-10 20:00:00,94.51
2018-11-10 20:15:00,79.899994
2018-11-10 20:30:00,74.43
2018-11-10 20:45:00,85.88
2018-11-10 21:00:00,86.01
2018-11-10 21:15:00,93.65
2018-11-10 21:30:00,97.259995
2018-11-10 21:45:00,99.18
2018-11-10 22:00:00,102.47
2018-11-10 22:15:00,78.19
2018-11-10 22:30:00,69.89
2018-11-10 22:45:00,61.989998
2018-11-10 23:00:00,53.7
2018-11-10 23:15:00,44.550003
2018-11-10 23:30:00,43.699997
2018-11-10 23:45:00,44.48
2018-11-11 00:00:00,37.57
2018-11-11 00:15:00,53.31
2018-11-11 00:30:00,76.86
2018-11-11 00:45:00,69.69
2018-11-11 01:00:00,96.47
2018-11-11 01:15:00,122.479996
2018-11-11 01:30:00,123.130005
2018-11-11 01:45:00,113.66
2018-11-11 02:00:00,108.979996
2018-11-11 02:15:00,119.58
2018-11-11 02:30:00,125.630005
2018-11-11 02:45:00,148.53
2018-11-11 03:00:00,164.98999
2018-11-11 03:15:00,158.01001
2018-11-11 03:30:00,173.94
2018-11-11 03:45:00,181.12
2018-11-11 04:00:00,186.11
2018-11-11 04:15:00,190.92
2018-11-11 04:30:00,187.03
2018-11-11 04:45:00,185.39
2018-11-11 05:00:00,197.23001
2018-11-11 05:15:00,187.82999
2018-11-11 05:30:00,168.47
2018-11-11 05:45:00,166.63
2018-11-11 06:00:00,170.84
2018-11-11 06:15:00,170.78
2018-11-11 06:30:00,171.57
2018-11-11 06:45:00,181.31
2018-11-11 07:00:00,183.87
2018-11-11 07:15:00,192.82999
2018-11-11 07:30:00,203.68999
2018-11-11 07:45:00,203.95
2018-11-11 08:00:00,202.23
2018-11-11 08:15:00,201.04999
2018-11-11 08:30:00,198.02998
2018-11-11 08:45:00,190.52
2018-11-11 09:00:00,182.23001
2018-11-11 09:15:00,190.25
2018-11-11 09:30:00,203.88998
2018-11-11 09:45:00,190.52
2018-11-11 10:00:00,186.03998
2018-11-11 10:15:00,186.76999
2018-11-11 10:30:00,194.54001
2018-11-11 10:45:00,199.41
2018-11-11 11:00:00,190.53
2018-11-11 11:15:00,191.31
2018-11-11 11:30:00,180.78
2018-11-11 11:45:00,174.47
2018-11-11 12:00:00,171.83
2018-11-11 12:15:00,178.08
2018-11-11 12:30:00,180.39
2018-11-11 12:45:00,186.7
2018-11-11 13:00:00,183.15
2018-11-11 13:15:00,190.59
2018-11-11 13:30:00,184.73
2018-11-11 13:45:00,116.619995
2018-11-11 14:00:00,68.44
2018-11-11 14:15:00,74.240005
2018-11-11 14:30:00,80.42
2018-11-11 14:45:00,82.06
2018-11-11 15:00:00,110.96
2018-11-11 15:15:00,110.56
2018-11-11 15:30:00,120.17
2018-11-11 15:45:00,125.3
2018-11-11 16:00:00,104.57
2018-11-11 16:15:00,111.94
2018-11-11 16:30:00,97.07001
2018-11-11 16:45:00,86.869995
2018-11-11 17:00:00,36.65
2018-11-11 17:15:00,7.1099997
2018-11-11 17:30:00,11.39
2018-11-11 17:45:00,12.24
2018-11-11 18:00:00,7.3700004
2018-11-11 18:15:00,1.98
2018-11-11 18:30:00,0.78999996
2018-11-11 18:45:00,0.53
2018-11-11 19:00:00,0.59
2018-11-11 19:15:00,0.0
2018-11-11 19:30:00,0.0
2018-11-11 19:45:00,0.0
2018-11-11 20:00:00,1.45
2018-11-11 20:15:00,4.01
2018-11-11 20:30:00,3.8200002
2018-11-11 20:45:00,2.9
2018-11-11 21:00:00,2.3
2018-11-11 21:15:00,0.0
2018-11-11 21:30:00,0.0
2018-11-11 21:45:00,0.0
2018-11-11 22:00:00,0.0
2018-11-11 22:15:00,4.21
2018-11-11 22:30:00,10.860001
2018-11-11 22:45:00,7.83
2018-11-11 23:00:00,14.6
2018-11-11 23:15:00,14.41
2018-11-11 23:30:00,9.74
2018-11-11 23:45:00,8.42
2018-11-12 00:00:00,2.63
2018-11-12 00:15:00,0.07
2018-11-12 00:30:00,1.25
2018-11-12 00:45:00,1.78
2018-11-12 01:00:00,3.09
2018-11-12 01:15:00,4.54
2018-11-12 01:30:00,3.1599998
2018-11-12 01:45:00,5.79
2018-11-12 02:00:00,4.81
2018-11-12 02:15:00,3.03
2018-11-12 02:30:00,4.54
2018-11-12 02:45:00,6.98
2018-11-12 03:00:00,4.21
2018-11-12 03:15:00,2.76
2018-11-12 03:30:00,2.63
2018-11-12 03:45:00,4.08
2018-11-12 04:00:00,8.81
2018-11-12 04:15:00,7.9
2018-11-12 04:30:00,7.5
2018-11-12 04:45:00,7.3
2018-11-12 05:00:00,16.98
2018-11-12 05:15:00,20.34
2018-11-12 05:30:00,19.22
2018-11-12 05:45:00,18.09
2018-11-12 06:00:00,16.72
2018-11-12 06:15:00,15.53
2018-11-12 06:30:00,16.98
2018-11-12 06:45:00,14.15
2018-11-12 07:00:00,6.58
2018-11-12 07:15:00,5.99
2018-11-12 07:30:00,29.09
2018-11-12 07:45:00,39.620003
2018-11-12 08:00:00,34.68
2018-11-12 08:15:00,51.59
2018-11-12 08:30:00,111.48
2018-11-12 08:45:00,62.190002
2018-11-12 09:00:00,51.989998
2018-11-12 09:15:00,45.67
2018-11-12 09:30:00,46.72
2018-11-12 09:45:00,64.82
2018-11-12 10:00:00,112.47
2018-11-12 10:15:00,165.12
2018-11-12 10:30:00,187.37
2018-11-12 10:45:00,170.98001
2018-11-12 11:00:00,184.2
2018-11-12 11:15:00,202.22998
2018-11-12 11:30:00,183.48001
2018-11-12 11:45:00,190.92
2018-11-12 12:00:00,122.68
2018-11-12 12:15:00,165.12
2018-11-12 12:30:00,175.39
2018-11-12 12:45:00,183.61
2018-11-12 13:00:00,171.31
2018-11-12 13:15:00,184.73999
2018-11-12 13:30:00,177.82
2018-11-12 13:45:00,166.96999
2018-11-12 14:00:00,171.77
2018-11-12 14:15:00,174.26001
2018-11-12 14:30:00,173.22
2018-11-12 14:45:00,159.45999
2018-11-12 15:00:00,164.92
2018-11-12 15:15:00,158.26999
2018-11-12 15:30:00,138.26999
2018-11-12 15:45:00,110.69
2018-11-12 16:00:00,130.44
2018-11-12 16:15:00,144.92001
2018-11-12 16:30:00,147.74
2018-11-12 16:45:00,153.34
2018-11-12 17:00:00,162.89
2018-11-12 17:15:00,161.37
2018-11-12 17:30:00,164.79001
2018-11-12 17:45:00,190.79001
2018-11-12 18:00:00,170.19
2018-11-12 18:15:00,170.51001
2018-11-12 18:30:00,174.65999
2018-11-12 18:45:00,178.61
2018-11-12 19:00:00,179.98999
2018-11-12 19:15:00,193.75
2018-11-12 19:30:00,188.34998
2018-11-12 19:45:00,157.54999
2018-11-12 20:00:00,187.48999
2018-11-12 20:15:00,165.57999
2018-11-12 20:30:00,172.29001
2018-11-12 20:45:00,191.78
2018-11-12 21:00:00,193.36
2018-11-12 21:15:00,174.2
2018-11-12 21:30:00,194.53998
2018-11-12 21:45:00,174.52998
2018-11-12 22:00:00,165.63998
2018-11-12 22:15:00,139.32
2018-11-12 22:30:00,185.91998
2018-11-12 22:45:00,181.63
2018-11-12 23:00:00,164.32999
2018-11-12 23:15:00,144.19
2018-11-12 23:30:00,139.98
2018-11-12 23:45:00,136.23
2018-11-13 00:00:00,109.380005
2018-11-13 00:15:00,80.020004
2018-11-13 00:30:00,103.65
2018-11-13 00:45:00,114.38
2018-11-13 01:00:00,162.01999
2018-11-13 01:15:00,182.56
2018-11-13 01:30:00,181.49998
2018-11-13 01:45:00,202.89
2018-11-13 02:00:00,200.91998
2018-11-13 02:15:00,209.09
2018-11-13 02:30:00,190.13
2018-11-13 02:45:00,146.63
2018-11-13 03:00:00,134.70999
2018-11-13 03:15:00,125.89
2018-11-13 03:30:00,141.29001
2018-11-13 03:45:00,153.93
2018-11-13 04:00:00,146.95999
2018-11-13 04:15:00,153.79999
2018-11-13 04:30:00,132.28
2018-11-13 04:45:00,136.75
2018-11-13 05:00:00,169.45999
2018-11-13 05:15:00,193.09
2018-11-13 05:30:00,186.63998
2018-11-13 05:45:00,182.16
2018-11-13 06:00:00,142.81
2018-11-13 06:15:00,144.45
2018-11-13 06:30:00,166.82999
2018-11-13 06:45:00,135.97
2018-11-13 07:00:00,111.35
2018-11-13 07:15:00,108.71
2018-11-13 07:30:00,102.270004
2018-11-13 07:45:00,91.479996
2018-11-13 08:00:00,96.61
2018-11-13 08:15:00,121.69
2018-11-13 08:30:00,129.18
2018-11-13 08:45:00,127.00999
2018-11-13 09:00:00,114.31
2018-11-13 09:15:00,95.23
2018-11-13 09:30:00,76.67
2018-11-13 09:45:00,66.130005
2018-11-13 10:00:00,78.65
2018-11-13 10:15:00,73.119995
2018-11-13 10:30:00,69.04
2018-11-13 10:45:00,77.85
2018-11-13 11:00:00,105.16
2018-11-13 11:15:00,92.2
2018-11-13 11:30:00,80.56
2018-11-13 11:45:00,74.100006
2018-11-13 12:00:00,75.68
2018-11-13 12:15:00,85.81
2018-11-13 12:30:00,99.380005
2018-11-13 12:45:00,94.899994
2018-11-13 13:00:00,91.74
2018-11-13 13:15:00,93.05
2018-11-13 13:30:00,88.97
2018-11-13 13:45:00,97.08
2018-11-13 14:00:00,93.71
2018-11-13 14:15:00,109.04
2018-11-13 14:30:00,104.45
2018-11-13 14:45:00,104.31
2018-11-13 15:00:00,107.270004
2018-11-13 15:15:00,106.29
2018-11-13 15:30:00,110.759995
2018-11-13 15:45:00,96.8
2018-11-13 16:00:00,85.75
2018-11-13 16:15:00,68.32
2018-11-13 16:30:00,65.149994
2018-11-13 16:45:00,68.24
2018-11-13 17:00:00,67.33
2018-11-13 17:15:00,66.86
2018-11-13 17:30:00,69.89
2018-11-13 17:45:00,66.67
2018-11-13 18:00:00,69.82
2018-11-13 18:15:00,74.17
2018-11-13 18:30:00,82.0
2018-11-13 18:45:00,71.729996
2018-11-13 19:00:00,81.61
2018-11-13 19:15:00,82.92
2018-11-13 19:30:00,76.67
2018-11-13 19:45:00,61.47
2018-11-13 20:00:00,64.82
2018-11-13 20:15:00,82.85
2018-11-13 20:30:00,74.899994
2018-11-13 20:45:00,77.4
2018-11-13 21:00:00,76.8
2018-11-13 21:15:00,67.2
2018-11-13 21:30:00,75.020004
2018-11-13 21:45:00,67.45
2018-11-13 22:00:00,62.85
2018-11-13 22:15:00,59.42
2018-11-13 22:30:00,41.92
2018-11-13 22:45:00,42.11
2018-11-13 23:00:00,34.02
2018-11-13 23:15:00,27.64
2018-11-13 23:30:00,17.64
2018-11-13 23:45:00,15.46
2018-11-14 00:00:00,14.55
2018-11-14 00:15:00,12.110001
2018-11-14 00:30:00,14.35
2018-11-14 00:45:00,11.26
2018-11-14 01:00:00,10.79
2018-11-14 01:15:00,6.51
2018-11-14 01:30:00,3.62
2018-11-14 01:45:00,1.9100001
2018-11-14 02:00:00,0.33
2018-11-14 02:15:00,0.2
2018-11-14 02:30:00,0.0
2018-11-14 02:45:00,0.0
2018-11-14 03:00:00,0.0
2018-11-14 03:15:00,0.0
2018-11-14 03:30:00,0.0
2018-11-14 03:45:00,0.0
2018-11-14 04:00:00,0.0
2018-11-14 04:15:00,0.0
2018-11-14 04:30:00,0.0
2018-11-14 04:45:00,0.0
2018-11-14 05:00:00,0.0
2018-11-14 05:15:00,0.0
2018-11-14 05:30:00,0.0
2018-11-14 05:45:00,0.0
2018-11-14 06:00:00,0.0
2018-11-14 06:15:00,0.0
2018-11-14 06:30:00,0.0
2018-11-14 06:45:00,0.0
2018-11-14 07:00:00,0.0
2018-11-14 07:15:00,0.0
2018-11-14 07:30:00,0.39
2018-11-14 07:45:00,2.5
2018-11-14 08:00:00,3.75
2018-11-14 08:15:00,7.44
2018-11-14 08:30:00,8.82
2018-11-14 08:45:00,12.38
2018-11-14 09:00:00,15.200001
2018-11-14 09:15:00,14.67
2018-11-14 09:30:00,12.24
2018-11-14 09:45:00,9.87
2018-11-14 10:00:00,7.5
2018-11-14 10:15:00,3.6799998
2018-11-14 10:30:00,0.0
2018-11-14 10:45:00,0.0
2018-11-14 11:00:00,0.0
2018-11-14 11:15:00,0.0
2018-11-14 11:30:00,0.66
2018-11-14 11:45:00,1.98
2018-11-14 12:00:00,5.59
2018-11-14 12:15:00,10.0
2018-11-14 12:30:00,16.98
2018-11-14 12:45:00,21.98
2018-11-14 13:00:00,17.05
2018-11-14 13:15:00,17.05
2018-11-14 13:30:00,16.45
2018-11-14 13:45:00,15.07
2018-11-14 14:00:00,11.97
2018-11-14 14:15:00,11.78
2018-11-14 14:30:00,7.63
2018-11-14 14:45:00,3.82
2018-11-14 15:00:00,0.13
2018-11-14 15:15:00,0.0
2018-11-14 15:30:00,0.0
2018-11-14 15:45:00,0.0
2018-11-14 16:00:00,0.86
2018-11-14 16:15:00,0.86
2018-11-14 16:30:00,6.78
2018-11-14 16:45:00,8.62
2018-11-14 17:00:00,8.56
2018-11-14 17:15:00,10.72
2018-11-14 17:30:00,11.190001
2018-11-14 17:45:00,11.18
2018-11-14 18:00:00,10.0
2018-11-14 18:15:00,6.58
2018-11-14 18:30:00,4.67
2018-11-14 18:45:00,12.110001
2018-11-14 19:00:00,10.66
2018-11-14 19:15:00,10.33
2018-11-14 19:30:00,11.71
2018-11-14 19:45:00,21.92
2018-11-14 20:00:00,28.560001
2018-11-14 20:15:00,32.12
2018-11-14 20:30:00,38.56
2018-11-14 20:45:00,26.45
2018-11-14 21:00:00,29.42
2018-11-14 21:15:00,26.66
2018-11-14 21:30:00,21.189999
2018-11-14 21:45:00,18.36
2018-11-14 22:00:00,16.32
2018-11-14 22:15:00,14.74
2018-11-14 22:30:00,8.49
2018-11-14 22:45:00,5.99
2018-11-14 23:00:00,1.58
2018-11-14 23:15:00,0.07
2018-11-14 23:30:00,0.0
2018-11-14 23:45:00,0.0
2018-11-15 00:00:00,0.0
2018-11-15 00:15:00,0.0
2018-11-15 00:30:00,0.0
2018-11-15 00:45:00,0.0
2018-11-15 01:00:00,0.0
2018-11-15 01:15:00,0.0
2018-11-15 01:30:00,0.0
2018-11-15 01:45:00,0.0
2018-11-15 02:00:00,0.0
2018-11-15 02:15:00,0.0
2018-11-15 02:30:00,0.0
2018-11-15 02:45:00,0.0
2018-11-15 03:00:00,0.0
2018-11-15 03:15:00,0.0
2018-11-15 03:30:00,0.0
2018-11-15 03:45:00,0.0
2018-11-15 04:00:00,0.0
2018-11-15 04:15:00,0.0
2018-11-15 04:30:00,0.0
2018-11-15 04:45:00,0.0
2018-11-15 05:00:00,0.0
2018-11-15 05:15:00,1.12
2018-11-15 05:30:00,5.26
2018-11-15 05:45:00,4.87
2018-11-15 06:00:00,10.139999
2018-11-15 06:15:00,15.2
2018-11-15 06:30:00,22.970001
2018-11-15 06:45:00,25.599998
2018-11-15 07:00:00,30.140001
2018-11-15 07:15:00,35.28
2018-11-15 07:30:00,37.18
2018-11-15 07:45:00,41.260002
2018-11-15 08:00:00,42.64
2018-11-15 08:15:00,42.84
2018-11-15 08:30:00,46.93
2018-11-15 08:45:00,50.67
2018-11-15 09:00:00,56.989998
2018-11-15 09:15:00,60.22
2018-11-15 09:30:00,63.71
2018-11-15 09:45:00,66.46
2018-11-15 10:00:00,65.54
2018-11-15 10:15:00,61.47
2018-11-15 10:30:00,56.4
2018-11-15 10:45:00,51.66
2018-11-15 11:00:00,56.260002
2018-11-15 11:15:00,62.589996
2018-11-15 11:30:00,60.61
2018-11-15 11:45:00,70.479996
2018-11-15 12:00:00,75.28999
2018-11-15 12:15:00,73.32
2018-11-15 12:30:00,74.56
2018-11-15 12:45:00,73.9
2018-11-15 13:00:00,85.43
2018-11-15 13:15:00,93.39
2018-11-15 13:30:00,83.45
2018-11-15 13:45:00,79.770004
2018-11-15 14:00:00,72.86
2018-11-15 14:15:00,61.989998
2018-11-15 14:30:00,54.88
2018-11-15 14:45:00,42.32
2018-11-15 15:00:00,36.4
2018-11-15 15:15:00,31.32
2018-11-15 15:30:00,30.8
2018-11-15 15:45:00,29.41
2018-11-15 16:00:00,29.48
2018-11-15 16:15:00,31.0
2018-11-15 16:30:00,29.869999
2018-11-15 16:45:00,30.61
2018-11-15 17:00:00,30.07
2018-11-15 17:15:00,30.740002
2018-11-15 17:30:00,28.04
2018-11-15 17:45:00,32.64
2018-11-15 18:00:00,37.78
2018-11-15 18:15:00,31.13
2018-11-15 18:30:00,27.71
2018-11-15 18:45:00,29.62
2018-11-15 19:00:00,34.61
2018-11-15 19:15:00,28.89
2018-11-15 19:30:00,30.009998
2018-11-15 19:45:00,29.61
2018-11-15 20:00:00,25.07
2018-11-15 20:15:00,31.720001
2018-11-15 20:30:00,24.22
2018-11-15 20:45:00,20.34
2018-11-15 21:00:00,22.91
2018-11-15 21:15:00,27.710001
2018-11-15 21:30:00,20.86
2018-11-15 21:45:00,25.73
2018-11-15 22:00:00,24.939999
2018-11-15 22:15:00,27.7
2018-11-15 22:30:00,27.240002
2018-11-15 22:45:00,17.9
2018-11-15 23:00:00,19.67
2018-11-15 23:15:00,18.89
2018-11-15 23:30:00,20.2
2018-11-15 23:45:00,25.599998
2018-11-16 00:00:00,23.49
2018-11-16 00:15:00,21.98
2018-11-16 00:30:00,16.26
2018-11-16 00:45:00,14.349999
2018-11-16 01:00:00,10.53
2018-11-16 01:15:00,14.280001
2018-11-16 01:30:00,14.74
2018-11-16 01:45:00,14.61
2018-11-16 02:00:00,15.33
2018-11-16 02:15:00,19.41
2018-11-16 02:30:00,19.22
2018-11-16 02:45:00,19.02
2018-11-16 03:00:00,21.119999
2018-11-16 03:15:00,23.83
2018-11-16 03:30:00,27.32
2018-11-16 03:45:00,27.579998
2018-11-16 04:00:00,32.239998
2018-11-16 04:15:00,35.54
2018-11-16 04:30:00,48.37
2018-11-16 04:45:00,68.71001
2018-11-16 05:00:00,78.78
2018-11-16 05:15:00,93.79
2018-11-16 05:30:00,121.09
2018-11-16 05:45:00,116.35
2018-11-16 06:00:00,128.45999
2018-11-16 06:15:00,154.39
2018-11-16 06:30:00,144.70999
2018-11-16 06:45:00,127.61
2018-11-16 07:00:00,121.22
2018-11-16 07:15:00,114.11
2018-11-16 07:30:00,111.41
2018-11-16 07:45:00,100.89
2018-11-16 08:00:00,104.97
2018-11-16 08:15:00,110.229996
2018-11-16 08:30:00,111.42
2018-11-16 08:45:00,116.03
2018-11-16 09:00:00,114.049995
2018-11-16 09:15:00,133.06999
2018-11-16 09:30:00,141.74998
2018-11-16 09:45:00,128.99
2018-11-16 10:00:00,128.2
2018-11-16 10:15:00,125.770004
2018-11-16 10:30:00,119.32001
2018-11-16 10:45:00,109.31
2018-11-16 11:00:00,102.600006
2018-11-16 11:15:00,104.44
2018-11-16 11:30:00,96.68
2018-11-16 11:45:00,76.270004
2018-11-16 12:00:00,60.809998
2018-11-16 12:15:00,50.870003
2018-11-16 12:30:00,50.940002
2018-11-16 12:45:00,45.94
2018-11-16 13:00:00,39.29
2018-11-16 13:15:00,35.54
2018-11-16 13:30:00,32.84
2018-11-16 13:45:00,29.55
2018-11-16 14:00:00,24.09
2018-11-16 14:15:00,20.99
2018-11-16 14:30:00,20.34
2018-11-16 14:45:00,24.61
2018-11-16 15:00:00,28.630001
2018-11-16 15:15:00,26.86
2018-11-16 15:30:00,21.46
2018-11-16 15:45:00,22.7
2018-11-16 16:00:00,16.189999
2018-11-16 16:15:00,28.04
2018-11-16 16:30:00,17.439999
2018-11-16 16:45:00,13.63
2018-11-16 17:00:00,9.87
2018-11-16 17:15:00,3.4199998
2018-11-16 17:30:00,8.49
2018-11-16 17:45:00,3.69
2018-11-16 18:00:00,5.66
2018-11-16 18:15:00,11.190001
2018-11-16 18:30:00,17.18
2018-11-16 18:45:00,19.810001
2018-11-16 19:00:00,26.52
2018-11-16 19:15:00,23.96
2018-11-16 19:30:00,33.3
2018-11-16 19:45:00,38.239998
2018-11-16 20:00:00,35.6
2018-11-16 20:15:00,32.71
2018-11-16 20:30:00,27.04
2018-11-16 20:45:00,32.120003
2018-11-16 21:00:00,36.06
2018-11-16 21:15:00,40.28
2018-11-16 21:30:00,38.57
2018-11-16 21:45:00,33.36
2018-11-16 22:00:00,32.38
2018-11-16 22:15:00,31.33
2018-11-16 22:30:00,33.300003
2018-11-16 22:45:00,30.539999
2018-11-16 23:00:00,25.2
2018-11-16 23:15:00,27.58
2018-11-16 23:30:00,26.33
2018-11-16 23:45:00,25.47
2018-11-17 00:00:00,25.4
2018-11-17 00:15:00,32.78
2018-11-17 00:30:00,36.39
2018-11-17 00:45:00,44.489998
2018-11-17 01:00:00,56.99
2018-11-17 01:15:00,75.56
2018-11-17 01:30:00,81.67
2018-11-17 01:45:00,88.45
2018-11-17 02:00:00,90.16
2018-11-17 02:15:00,100.55
2018-11-17 02:30:00,114.45
2018-11-17 02:45:00,119.25
2018-11-17 03:00:00,116.35
2018-11-17 03:15:00,116.82
2018-11-17 03:30:00,125.369995
2018-11-17 03:45:00,131.36
2018-11-17 04:00:00,144.51999
2018-11-17 04:15:00,156.3
2018-11-17 04:30:00,162.22998
2018-11-17 04:45:00,154.19
2018-11-17 05:00:00,150.44
2018-11-17 05:15:00,146.63
2018-11-17 05:30:00,146.56
2018-11-17 05:45:00,167.42
2018-11-17 06:00:00,192.89
2018-11-17 06:15:00,187.43
2018-11-17 06:30:00,181.23999
2018-11-17 06:45:00,185.85
2018-11-17 07:00:00,189.14
2018-11-17 07:15:00,191.84
2018-11-17 07:30:00,186.25
2018-11-17 07:45:00,165.64
2018-11-17 08:00:00,152.15
2018-11-17 08:15:00,140.83
2018-11-17 08:30:00,125.770004
2018-11-17 08:45:00,130.37
2018-11-17 09:00:00,134.78
2018-11-17 09:15:00,141.43
2018-11-17 09:30:00,140.7
2018-11-17 09:45:00,124.19
2018-11-17 10:00:00,148.93
2018-11-17 10:15:00,160.70999
2018-11-17 10:30:00,175.92
2018-11-17 10:45:00,185.39
2018-11-17 11:00:00,188.34999
2018-11-17 11:15:00,180.91
2018-11-17 11:30:00,179.01001
2018-11-17 11:45:00,179.14
2018-11-17 12:00:00,172.23001
2018-11-17 12:15:00,161.5
2018-11-17 12:30:00,164.13
2018-11-17 12:45:00,160.51001
2018-11-17 13:00:00,156.95999
2018-11-17 13:15:00,169.93
2018-11-17 13:30:00,182.48999
2018-11-17 13:45:00,188.54999
2018-11-17 14:00:00,186.84
2018-11-17 14:15:00,185.52
2018-11-17 14:30:00,164.92
2018-11-17 14:45:00,147.48
2018-11-17 15:00:00,148.14
2018-11-17 15:15:00,148.07
2018-11-17 15:30:00,125.17
2018-11-17 15:45:00,125.369995
2018-11-17 16:00:00,102.73
2018-11-17 16:15:00,84.3
2018-11-17 16:30:00,82.130005
2018-11-17 16:45:00,93.25
2018-11-17 17:00:00,91.81
2018-11-17 17:15:00,78.71
2018-11-17 17:30:00,65.159996
2018-11-17 17:45:00,49.489998
2018-11-17 18:00:00,53.77
2018-11-17 18:15:00,45.93
2018-11-17 18:30:00,46.190002
2018-11-17 18:45:00,36.2
2018-11-17 19:00:00,36.980003
2018-11-17 19:15:00,36.86
2018-11-17 19:30:00,29.75
2018-11-17 19:45:00,34.02
2018-11-17 20:00:00,33.57
2018-11-17 20:15:00,21.05
2018-11-17 20:30:00,14.41
2018-11-17 20:45:00,10.27
2018-11-17 21:00:00,5.99
2018-11-17 21:15:00,4.74
2018-11-17 21:30:00,0.59
2018-11-17 21:45:00,1.32
2018-11-17 22:00:00,1.91
2018-11-17 22:15:00,0.66
2018-11-17 22:30:00,24.29
2018-11-17 22:45:00,25.8
2018-11-17 23:00:00,26.98
2018-11-17 23:15:00,39.550003
2018-11-17 23:30:00,53.77
2018-11-17 23:45:00,44.489998
2018-11-18 00:00:00,52.920002
2018-11-18 00:15:00,88.520004
2018-11-18 00:30:00,55.87
2018-11-18 00:45:00,63.769997
2018-11-18 01:00:00,59.489998
2018-11-18 01:15:00,73.05
2018-11-18 01:30:00,109.44
2018-11-18 01:45:00,112.47
2018-11-18 02:00:00,112.6
2018-11-18 02:15:00,121.29
2018-11-18 02:30:00,120.100006
2018-11-18 02:45:00,110.63
2018-11-18 03:00:00,119.64
2018-11-18 03:15:00,99.04
2018-11-18 03:30:00,103.2
2018-11-18 03:45:00,102.14
2018-11-18 04:00:00,108.06
2018-11-18 04:15:00,97.13
2018-11-18 04:30:00,100.369995
2018-11-18 04:45:00,110.82001
2018-11-18 05:00:00,106.87
2018-11-18 05:15:00,95.1
2018-11-18 05:30:00,95.229996
2018-11-18 05:45:00,91.54
2018-11-18 06:00:00,97.270004
2018-11-18 06:15:00,86.61
2018-11-18 06:30:00,94.18
2018-11-18 06:45:00,97.2
2018-11-18 07:00:00,106.29
2018-11-18 07:15:00,109.04
2018-11-18 07:30:00,98.06
2018-11-18 07:45:00,103.259995
2018-11-18 08:00:00,95.03
2018-11-18 08:15:00,106.020004
2018-11-18 08:30:00,104.18
2018-11-18 08:45:00,100.229996
2018-11-18 09:00:00,83.58
2018-11-18 09:15:00,103.520004
2018-11-18 09:30:00,110.100006
2018-11-18 09:45:00,112.28
2018-11-18 10:00:00,98.91
2018-11-18 10:15:00,98.72
2018-11-18 10:30:00,99.31
2018-11-18 10:45:00,88.649994
2018-11-18 11:00:00,72.72
2018-11-18 11:15:00,77.33
2018-11-18 11:30:00,64.1
2018-11-18 11:45:00,74.17
2018-11-18 12:00:00,72.649994
2018-11-18 12:15:00,75.36
2018-11-18 12:30:00,68.11
2018-11-18 12:45:00,71.740005
2018-11-18 13:00:00,77.66
2018-11-18 13:15:00,82.33
2018-11-18 13:30:00,81.15
2018-11-18 13:45:00,77.990005
2018-11-18 14:00:00,83.64
2018-11-18 14:15:00,74.96
2018-11-18 14:30:00,61.2
2018-11-18 14:45:00,55.21
2018-11-18 15:00:00,49.43
2018-11-18 15:15:00,60.08
2018-11-18 15:30:00,65.149994
2018-11-18 15:45:00,71.54
2018-11-18 16:00:00,61.86
2018-11-18 16:15:00,47.78
2018-11-18 16:30:00,54.68
2018-11-18 16:45:00,40.08
2018-11-18 17:00:00,38.1
2018-11-18 17:15:00,36.07
2018-11-18 17:30:00,19.869999
2018-11-18 17:45:00,21.119999
2018-11-18 18:00:00,16.91
2018-11-18 18:15:00,16.91
2018-11-18 18:30:00,16.52
2018-11-18 18:45:00,19.54
2018-11-18 19:00:00,21.65
2018-11-18 19:15:00,31.650002
2018-11-18 19:30:00,36.53
2018-11-18 19:45:00,28.42
2018-11-18 20:00:00,33.239998
2018-11-18 20:15:00,26.07
2018-11-18 20:30:00,25.6
2018-11-18 20:45:00,26.189999
2018-11-18 21:00:00,40.47
2018-11-18 21:15:00,49.16
2018-11-18 21:30:00,29.22
2018-11-18 21:45:00,14.48
2018-11-18 22:00:00,5.07
2018-11-18 22:15:00,3.29
2018-11-18 22:30:00,1.19
2018-11-18 22:45:00,0.26
2018-11-18 23:00:00,0.32999998
2018-11-18 23:15:00,0.0
2018-11-18 23:30:00,0.0
2018-11-18 23:45:00,0.0
2018-11-19 00:00:00,0.0
2018-11-19 00:15:00,0.0
2018-11-19 00:30:00,0.19999999
2018-11-19 00:45:00,0.0
2018-11-19 01:00:00,0.0
2018-11-19 01:15:00,0.0
2018-11-19 01:30:00,0.0
2018-11-19 01:45:00,0.0
2018-11-19 02:00:00,0.0
2018-11-19 02:15:00,0.0
2018-11-19 02:30:00,0.0
2018-11-19 02:45:00,0.0
2018-11-19 03:00:00,0.0
2018-11-19 03:15:00,0.0
2018-11-19 03:30:00,0.0
2018-11-19 03:45:00,0.0
2018-11-19 04:00:00,0.0
2018-11-19 04:15:00,0.0
2018-11-19 04:30:00,0.0
2018-11-19 04:45:00,0.0
2018-11-19 05:00:00,0.0
2018-11-19 05:15:00,0.0
2018-11-19 05:30:00,0.0
2018-11-19 05:45:00,0.0
2018-11-19 06:00:00,0.0
2018-11-19 06:15:00,0.0
2018-11-19 06:30:00,0.0
2018-11-19 06:45:00,0.0
2018-11-19 07:00:00,0.0
2018-11-19 07:15:00,0.0
2018-11-19 07:30:00,0.0
2018-11-19 07:45:00,0.0
2018-11-19 08:00:00,0.0
2018-11-19 08:15:00,0.0
2018-11-19 08:30:00,0.0
2018-11-19 08:45:00,0.0
2018-11-19 09:00:00,0.0
2018-11-19 09:15:00,0.0
2018-11-19 09:30:00,0.0
2018-11-19 09:45:00,0.0
2018-11-19 10:00:00,0.0
2018-11-19 10:15:00,0.0
2018-11-19 10:30:00,0.0
2018-11-19 10:45:00,0.0
2018-11-19 11:00:00,0.0
2018-11-19 11:15:00,0.0
2018-11-19 11:30:00,0.0
2018-11-19 11:45:00,0.0
2018-11-19 12:00:00,0.0
2018-11-19 12:15:00,0.0
2018-11-19 12:30:00,0.0
2018-11-19 12:45:00,0.0
2018-11-19 13:00:00,0.0
2018-11-19 13:15:00,0.0
2018-11-19 13:30:00,0.0
2018-11-19 13:45:00,0.0
2018-11-19 14:00:00,0.0
2018-11-19 14:15:00,0.0
2018-11-19 14:30:00,0.0
2018-11-19 14:45:00,0.0
2018-11-19 15:00:00,0.0
2018-11-19 15:15:00,0.0
2018-11-19 15:30:00,0.0
2018-11-19 15:45:00,0.0
2018-11-19 16:00:00,0.0
2018-11-19 16:15:00,0.0
2018-11-19 16:30:00,0.0
2018-11-19 16:45:00,0.0
2018-11-19 17:00:00,0.0
2018-11-19 17:15:00,0.0
2018-11-19 17:30:00,0.0
2018-11-19 17:45:00,0.0
2018-11-19 18:00:00,0.0
2018-11-19 18:15:00,0.0
2018-11-19 18:30:00,0.0
2018-11-19 18:45:00,0.0
2018-11-19 19:00:00,0.0
2018-11-19 19:15:00,0.0
2018-11-19 19:30:00,0.0
2018-11-19 19:45:00,0.0
2018-11-19 20:00:00,0.0
2018-11-19 20:15:00,0.0
2018-11-19 20:30:00,0.0
2018-11-19 20:45:00,0.0
2018-11-19 21:00:00,0.0
2018-11-19 21:15:00,0.0
2018-11-19 21:30:00,0.0
2018-11-19 21:45:00,0.0
2018-11-19 22:00:00,0.0
2018-11-19 22:15:00,0.0
2018-11-19 22:30:00,0.0
2018-11-19 22:45:00,0.33
2018-11-19 23:00:00,1.19
2018-11-19 23:15:00,0.98
2018-11-19 23:30:00,0.32999998
2018-11-19 23:45:00,0.2
2018-11-20 00:00:00,0.46
2018-11-20 00:15:00,4.6
2018-11-20 00:30:00,5.73
2018-11-20 00:45:00,4.67
2018-11-20 01:00:00,4.9300003
2018-11-20 01:15:00,3.49
2018-11-20 01:30:00,3.49
2018-11-20 01:45:00,3.49
2018-11-20 02:00:00,3.49
2018-11-20 02:15:00,3.49
2018-11-20 02:30:00,3.49
2018-11-20 02:45:00,3.49
2018-11-20 03:00:00,0.0
2018-11-20 03:15:00,1.71
2018-11-20 03:30:00,3.15
2018-11-20 03:45:00,2.44
2018-11-20 04:00:00,2.83
2018-11-20 04:15:00,4.2799997
2018-11-20 04:30:00,5.59
2018-11-20 04:45:00,4.87
2018-11-20 05:00:00,6.0600004
2018-11-20 05:15:00,6.45
2018-11-20 05:30:00,16.720001
2018-11-20 05:45:00,28.23
2018-11-20 06:00:00,23.89
2018-11-20 06:15:00,25.93
2018-11-20 06:30:00,26.59
2018-11-20 06:45:00,32.65
2018-11-20 07:00:00,33.83
2018-11-20 07:15:00,45.67
2018-11-20 07:30:00,45.48
2018-11-20 07:45:00,61.409996
2018-11-20 08:00:00,48.699997
2018-11-20 08:15:00,55.870003
2018-11-20 08:30:00,45.48
2018-11-20 08:45:00,54.96
2018-11-20 09:00:00,62.059998
2018-11-20 09:15:00,56.66
2018-11-20 09:30:00,63.050003
2018-11-20 09:45:00,71.07
2018-11-20 10:00:00,70.350006
2018-11-20 10:15:00,64.56
2018-11-20 10:30:00,53.84
2018-11-20 10:45:00,55.47
2018-11-20 11:00:00,44.75
2018-11-20 11:15:00,35.8
2018-11-20 11:30:00,30.990002
2018-11-20 11:45:00,30.41
2018-11-20 12:00:00,33.760002
2018-11-20 12:15:00,40.28
2018-11-20 12:30:00,38.9
2018-11-20 12:45:00,43.11
2018-11-20 13:00:00,51.67
2018-11-20 13:15:00,48.309998
2018-11-20 13:30:00,42.379997
2018-11-20 13:45:00,26.32
2018-11-20 14:00:00,14.34
2018-11-20 14:15:00,5.5299997
2018-11-20 14:30:00,10.389999
2018-11-20 14:45:00,7.1099997
2018-11-20 15:00:00,3.75
2018-11-20 15:15:00,2.3
2018-11-20 15:30:00,1.12
2018-11-20 15:45:00,0.39
2018-11-20 16:00:00,0.27
2018-11-20 16:15:00,0.33
2018-11-20 16:30:00,1.7800001
2018-11-20 16:45:00,0.79
2018-11-20 17:00:00,1.51
2018-11-20 17:15:00,0.86
2018-11-20 17:30:00,0.0
2018-11-20 17:45:00,0.0
2018-11-20 18:00:00,0.0
2018-11-20 18:15:00,0.53
2018-11-20 18:30:00,0.13
2018-11-20 18:45:00,0.0
2018-11-20 19:00:00,0.0
2018-11-20 19:15:00,0.26
2018-11-20 19:30:00,0.0
2018-11-20 19:45:00,0.0
2018-11-20 20:00:00,0.2
2018-11-20 20:15:00,0.0
2018-11-20 20:30:00,0.0
2018-11-20 20:45:00,0.0
2018-11-20 21:00:00,0.0
2018-11-20 21:15:00,0.0
2018-11-20 21:30:00,0.0
2018-11-20 21:45:00,0.0
2018-11-20 22:00:00,0.0
2018-11-20 22:15:00,0.0
2018-11-20 22:30:00,0.0
2018-11-20 22:45:00,0.0
2018-11-20 23:00:00,0.0
2018-11-20 23:15:00,0.19999999
2018-11-20 23:30:00,0.26
2018-11-20 23:45:00,0.78999996
2018-11-21 00:00:00,0.0
2018-11-21 00:15:00,0.07
2018-11-21 00:30:00,0.2
2018-11-21 00:45:00,0.26
2018-11-21 01:00:00,0.26
2018-11-21 01:15:00,0.0
2018-11-21 01:30:00,0.13
2018-11-21 01:45:00,0.13
2018-11-21 02:00:00,0.0
2018-11-21 02:15:00,0.65999997
2018-11-21 02:30:00,2.83
2018-11-21 02:45:00,4.15
2018-11-21 03:00:00,5.0
2018-11-21 03:15:00,6.71
2018-11-21 03:30:00,5.39
2018-11-21 03:45:00,5.7200003
2018-11-21 04:00:00,5.99
2018-11-21 04:15:00,5.14
2018-11-21 04:30:00,5.33
2018-11-21 04:45:00,9.41
2018-11-21 05:00:00,18.89
2018-11-21 05:15:00,20.54
2018-11-21 05:30:00,21.65
2018-11-21 05:45:00,27.7
2018-11-21 06:00:00,32.9
2018-11-21 06:15:00,39.82
2018-11-21 06:30:00,49.36
2018-11-21 06:45:00,50.41
2018-11-21 07:00:00,48.83
2018-11-21 07:15:00,57.58
2018-11-21 07:30:00,58.77
2018-11-21 07:45:00,60.08
2018-11-21 08:00:00,49.629997
2018-11-21 08:15:00,43.300003
2018-11-21 08:30:00,45.14
2018-11-21 08:45:00,51.99
2018-11-21 09:00:00,80.479996
2018-11-21 09:15:00,87.850006
2018-11-21 09:30:00,80.22
2018-11-21 09:45:00,74.369995
2018-11-21 10:00:00,64.17
2018-11-21 10:15:00,79.369995
2018-11-21 10:30:00,90.82
2018-11-21 10:45:00,89.240005
2018-11-21 11:00:00,87.46
2018-11-21 11:15:00,66.47
2018-11-21 11:30:00,70.82
2018-11-21 11:45:00,70.22
2018-11-21 12:00:00,63.71
2018-11-21 12:15:00,52.58
2018-11-21 12:30:00,43.309998
2018-11-21 12:45:00,46.59
2018-11-21 13:00:00,41.86
2018-11-21 13:15:00,38.760002
2018-11-21 13:30:00,36.53
2018-11-21 13:45:00,36.27
2018-11-21 14:00:00,38.699997
2018-11-21 14:15:00,29.95
2018-11-21 14:30:00,17.44
2018-11-21 14:45:00,22.57
2018-11-21 15:00:00,28.56
2018-11-21 15:15:00,21.25
2018-11-21 15:30:00,18.619999
2018-11-21 15:45:00,16.32
2018-11-21 16:00:00,18.75
2018-11-21 16:15:00,19.29
2018-11-21 16:30:00,20.46
2018-11-21 16:45:00,14.08
2018-11-21 17:00:00,12.309999
2018-11-21 17:15:00,15.34
2018-11-21 17:30:00,18.5
2018-11-21 17:45:00,17.25
2018-11-21 18:00:00,11.85
2018-11-21 18:15:00,9.35
2018-11-21 18:30:00,10.86
2018-11-21 18:45:00,8.690001
2018-11-21 19:00:00,6.52
2018-11-21 19:15:00,5.4700003
2018-11-21 19:30:00,3.9499998
2018-11-21 19:45:00,3.94
2018-11-21 20:00:00,5.3900003
2018-11-21 20:15:00,3.35
2018-11-21 20:30:00,0.33
2018-11-21 20:45:00,0.2
2018-11-21 21:00:00,0.0
2018-11-21 21:15:00,0.59
2018-11-21 21:30:00,0.92
2018-11-21 21:45:00,0.0
2018-11-21 22:00:00,0.0
2018-11-21 22:15:00,0.0
2018-11-21 22:30:00,0.0
2018-11-21 22:45:00,0.0
2018-11-21 23:00:00,0.0
2018-11-21 23:15:00,0.0
2018-11-21 23:30:00,0.0
2018-11-21 23:45:00,0.0
2018-11-22 00:00:00,0.0
2018-11-22 00:15:00,0.0
2018-11-22 00:30:00,0.0
2018-11-22 00:45:00,0.2
2018-11-22 01:00:00,0.59
2018-11-22 01:15:00,0.59000003
2018-11-22 01:30:00,0.2
2018-11-22 01:45:00,1.3199999
2018-11-22 02:00:00,2.04
2018-11-22 02:15:00,3.03
2018-11-22 02:30:00,2.3000002
2018-11-22 02:45:00,2.8300002
2018-11-22 03:00:00,3.49
2018-11-22 03:15:00,4.6000004
2018-11-22 03:30:00,3.69
2018-11-22 03:45:00,7.1099997
2018-11-22 04:00:00,17.17
2018-11-22 04:15:00,17.380001
2018-11-22 04:30:00,14.35
2018-11-22 04:45:00,15.79
2018-11-22 05:00:00,14.809999
2018-11-22 05:15:00,10.33
2018-11-22 05:30:00,10.33
2018-11-22 05:45:00,11.65
2018-11-22 06:00:00,13.95
2018-11-22 06:15:00,17.77
2018-11-22 06:30:00,20.54
2018-11-22 06:45:00,16.32
2018-11-22 07:00:00,18.16
2018-11-22 07:15:00,16.71
2018-11-22 07:30:00,33.760002
2018-11-22 07:45:00,34.22
2018-11-22 08:00:00,35.93
2018-11-22 08:15:00,40.21
2018-11-22 08:30:00,40.14
2018-11-22 08:45:00,36.79
2018-11-22 09:00:00,29.880001
2018-11-22 09:15:00,37.65
2018-11-22 09:30:00,31.189999
2018-11-22 09:45:00,20.34
2018-11-22 10:00:00,30.08
2018-11-22 10:15:00,20.66
2018-11-22 10:30:00,12.5
2018-11-22 10:45:00,11.52
2018-11-22 11:00:00,3.0900002
2018-11-22 11:15:00,0.0
2018-11-22 11:30:00,0.0
2018-11-22 11:45:00,0.0
2018-11-22 12:00:00,0.0
2018-11-22 12:15:00,0.0
2018-11-22 12:30:00,0.0
2018-11-22 12:45:00,0.0
2018-11-22 13:00:00,0.0
2018-11-22 13:15:00,0.0
2018-11-22 13:30:00,0.0
2018-11-22 13:45:00,0.0
2018-11-22 14:00:00,0.0
2018-11-22 14:15:00,0.0
2018-11-22 14:30:00,0.0
2018-11-22 14:45:00,0.0
2018-11-22 15:00:00,0.0
2018-11-22 15:15:00,0.0
2018-11-22 15:30:00,0.78999996
2018-11-22 15:45:00,16.26
2018-11-22 16:00:00,25.4
2018-11-22 16:15:00,35.53
2018-11-22 16:30:00,36.980003
2018-11-22 16:45:00,32.77
2018-11-22 17:00:00,21.45
2018-11-22 17:15:00,25.27
2018-11-22 17:30:00,36.86
2018-11-22 17:45:00,46.6
2018-11-22 18:00:00,46.199997
2018-11-22 18:15:00,49.23
2018-11-22 18:30:00,47.190002
2018-11-22 18:45:00,52.78
2018-11-22 19:00:00,46.39
2018-11-22 19:15:00,43.760002
2018-11-22 19:30:00,45.67
2018-11-22 19:45:00,46.59
2018-11-22 20:00:00,44.879997
2018-11-22 20:15:00,45.27
2018-11-22 20:30:00,60.55
2018-11-22 20:45:00,61.27
2018-11-22 21:00:00,65.55
2018-11-22 21:15:00,73.380005
2018-11-22 21:30:00,71.8
2018-11-22 21:45:00,87.85
2018-11-22 22:00:00,89.1
2018-11-22 22:15:00,79.7
2018-11-22 22:30:00,73.32
2018-11-22 22:45:00,74.83
2018-11-22 23:00:00,67.66
2018-11-22 23:15:00,77.92
2018-11-22 23:30:00,79.69
2018-11-22 23:45:00,79.03999
2018-11-23 00:00:00,82.990005
2018-11-23 00:15:00,97.53
2018-11-23 00:30:00,120.7
2018-11-23 00:45:00,135.83
2018-11-23 01:00:00,144.98001
2018-11-23 01:15:00,140.18
2018-11-23 01:30:00,140.18
2018-11-23 01:45:00,140.18
2018-11-23 02:00:00,135.0
2018-11-23 02:15:00,135.0
2018-11-23 02:30:00,232.0
2018-11-23 02:45:00,232.0
2018-11-23 03:00:00,194.48
2018-11-23 03:15:00,210.0
2018-11-23 03:30:00,215.92
2018-11-23 03:45:00,220.86
2018-11-23 04:00:00,214.73999
2018-11-23 04:15:00,216.98001
2018-11-23 04:30:00,218.48999
2018-11-23 04:45:00,214.55
2018-11-23 05:00:00,214.81
2018-11-23 05:15:00,215.0
2018-11-23 05:30:00,214.01999
2018-11-23 05:45:00,216.12
2018-11-23 06:00:00,216.19
2018-11-23 06:15:00,213.41998
2018-11-23 06:30:00,213.76
2018-11-23 06:45:00,209.8
2018-11-23 07:00:00,205.0
2018-11-23 07:15:00,206.78
2018-11-23 07:30:00,209.73999
2018-11-23 07:45:00,213.15997
2018-11-23 08:00:00,211.32
2018-11-23 08:15:00,211.84
2018-11-23 08:30:00,211.70999
2018-11-23 08:45:00,207.37
2018-11-23 09:00:00,202.7
2018-11-23 09:15:00,205.79001
2018-11-23 09:30:00,203.21999
2018-11-23 09:45:00,202.37
2018-11-23 10:00:00,199.60999
2018-11-23 10:15:00,199.27
2018-11-23 10:30:00,202.69
2018-11-23 10:45:00,191.51001
2018-11-23 11:00:00,194.34
2018-11-23 11:15:00,179.53998
2018-11-23 11:30:00,170.84
2018-11-23 11:45:00,162.15999
2018-11-23 12:00:00,152.62
2018-11-23 12:15:00,175.25
2018-11-23 12:30:00,168.41
2018-11-23 12:45:00,170.64
2018-11-23 13:00:00,168.73999
2018-11-23 13:15:00,160.25
2018-11-23 13:30:00,152.68
2018-11-23 13:45:00,144.98999
2018-11-23 14:00:00,142.01999
2018-11-23 14:15:00,103.92
2018-11-23 14:30:00,76.53999
2018-11-23 14:45:00,114.64
2018-11-23 15:00:00,116.090004
2018-11-23 15:15:00,158.01001
2018-11-23 15:30:00,174.20001
2018-11-23 15:45:00,176.37
2018-11-23 16:00:00,187.03
2018-11-23 16:15:00,195.26001
2018-11-23 16:30:00,205.14
2018-11-23 16:45:00,206.37999
2018-11-23 17:00:00,208.94998
2018-11-23 17:15:00,203.62
2018-11-23 17:30:00,204.20999
2018-11-23 17:45:00,189.72998
2018-11-23 18:00:00,173.41
2018-11-23 18:15:00,141.82
2018-11-23 18:30:00,124.32
2018-11-23 18:45:00,105.56
2018-11-23 19:00:00,99.05
2018-11-23 19:15:00,91.020004
2018-11-23 19:30:00,90.36
2018-11-23 19:45:00,96.29
2018-11-23 20:00:00,95.3
2018-11-23 20:15:00,106.09
2018-11-23 20:30:00,87.0
2018-11-23 20:45:00,83.18
2018-11-23 21:00:00,82.59
2018-11-23 21:15:00,89.240005
2018-11-23 21:30:00,66.14
2018-11-23 21:45:00,67.85
2018-11-23 22:00:00,59.489998
2018-11-23 22:15:00,19.15
2018-11-23 22:30:00,37.72
2018-11-23 22:45:00,28.7
2018-11-23 23:00:00,21.59
2018-11-23 23:15:00,20.34
2018-11-23 23:30:00,24.75
2018-11-23 23:45:00,27.11
2018-11-24 00:00:00,27.77
2018-11-24 00:15:00,31.26
2018-11-24 00:30:00,24.94
2018-11-24 00:45:00,26.52
2018-11-24 01:00:00,32.84
2018-11-24 01:15:00,44.75
2018-11-24 01:30:00,50.54
2018-11-24 01:45:00,42.64
2018-11-24 02:00:00,44.75
2018-11-24 02:15:00,42.71
2018-11-24 02:30:00,45.61
2018-11-24 02:45:00,49.489998
2018-11-24 03:00:00,49.29
2018-11-24 03:15:00,57.85
2018-11-24 03:30:00,47.59
2018-11-24 03:45:00,45.34
2018-11-24 04:00:00,53.379997
2018-11-24 04:15:00,65.49
2018-11-24 04:30:00,75.22
2018-11-24 04:45:00,56.46
2018-11-24 05:00:00,50.6
2018-11-24 05:15:00,39.949997
2018-11-24 05:30:00,27.84
2018-11-24 05:45:00,33.83
2018-11-24 06:00:00,26.52
2018-11-24 06:15:00,14.61
2018-11-24 06:30:00,15.67
2018-11-24 06:45:00,22.439999
2018-11-24 07:00:00,17.12
2018-11-24 07:15:00,26.189999
2018-11-24 07:30:00,46.85
2018-11-24 07:45:00,60.55
2018-11-24 08:00:00,57.59
2018-11-24 08:15:00,58.44
2018-11-24 08:30:00,42.309998
2018-11-24 08:45:00,38.57
2018-11-24 09:00:00,39.62
2018-11-24 09:15:00,24.74
2018-11-24 09:30:00,23.56
2018-11-24 09:45:00,21.98
2018-11-24 10:00:00,17.11
2018-11-24 10:15:00,10.99
2018-11-24 10:30:00,20.93
2018-11-24 10:45:00,22.5
2018-11-24 11:00:00,26.06
2018-11-24 11:15:00,31.58
2018-11-24 11:30:00,35.67
2018-11-24 11:45:00,23.04
2018-11-24 12:00:00,19.41
2018-11-24 12:15:00,22.18
2018-11-24 12:30:00,23.17
2018-11-24 12:45:00,25.869999
2018-11-24 13:00:00,22.97
2018-11-24 13:15:00,22.77
2018-11-24 13:30:00,24.22
2018-11-24 13:45:00,27.84
2018-11-24 14:00:00,24.95
2018-11-24 14:15:00,30.4
2018-11-24 14:30:00,32.58
2018-11-24 14:45:00,27.84
2018-11-24 15:00:00,28.95
2018-11-24 15:15:00,42.190002
2018-11-24 15:30:00,45.08
2018-11-24 15:45:00,51.93
2018-11-24 16:00:00,48.57
2018-11-24 16:15:00,42.25
2018-11-24 16:30:00,51.199997
2018-11-24 16:45:00,45.14
2018-11-24 17:00:00,42.45
2018-11-24 17:15:00,43.18
2018-11-24 17:30:00,52.91
2018-11-24 17:45:00,72.92
2018-11-24 18:00:00,76.47
2018-11-24 18:15:00,134.26001
2018-11-24 18:30:00,185.45001
2018-11-24 18:45:00,186.90999
2018-11-24 19:00:00,162.82
2018-11-24 19:15:00,181.9
2018-11-24 19:30:00,198.15
2018-11-24 19:45:00,164.92
2018-11-24 20:00:00,174.32999
2018-11-24 20:15:00,183.48
2018-11-24 20:30:00,173.02
2018-11-24 20:45:00,175.12
2018-11-24 21:00:00,184.73
2018-11-24 21:15:00,177.68999
2018-11-24 21:30:00,176.70999
2018-11-24 21:45:00,155.91
2018-11-24 22:00:00,130.18001
2018-11-24 22:15:00,134.38
2018-11-24 22:30:00,117.53
2018-11-24 22:45:00,109.97
2018-11-24 23:00:00,117.47
2018-11-24 23:15:00,109.11
2018-11-24 23:30:00,131.56
2018-11-24 23:45:00,117.139984
2018-11-25 00:00:00,118.850006
2018-11-25 00:15:00,120.43
2018-11-25 00:30:00,103.91
2018-11-25 00:45:00,137.35
2018-11-25 01:00:00,140.69998
2018-11-25 01:15:00,143.67001
2018-11-25 01:30:00,152.81
2018-11-25 01:45:00,124.509995
2018-11-25 02:00:00,129.98
2018-11-25 02:15:00,122.21001
2018-11-25 02:30:00,133.27
2018-11-25 02:45:00,163.54001
2018-11-25 03:00:00,165.70999
2018-11-25 03:15:00,170.12
2018-11-25 03:30:00,183.47998
2018-11-25 03:45:00,186.7
2018-11-25 04:00:00,189.54001
2018-11-25 04:15:00,192.23999
2018-11-25 04:30:00,164.4
2018-11-25 04:45:00,195.65
2018-11-25 05:00:00,197.29999
2018-11-25 05:15:00,199.79999
2018-11-25 05:30:00,201.52
2018-11-25 05:45:00,165.58
2018-11-25 06:00:00,168.81
2018-11-25 06:15:00,170.12
2018-11-25 06:30:00,155.31
2018-11-25 06:45:00,139.06
2018-11-25 07:00:00,129.38
2018-11-25 07:15:00,107.0
2018-11-25 07:30:00,99.770004
2018-11-25 07:45:00,93.97
2018-11-25 08:00:00,103.39
2018-11-25 08:15:00,110.82
2018-11-25 08:30:00,104.18
2018-11-25 08:45:00,100.1
2018-11-25 09:00:00,95.619995
2018-11-25 09:15:00,90.89
2018-11-25 09:30:00,88.18
2018-11-25 09:45:00,77.33
2018-11-25 10:00:00,178.01997
2018-11-25 10:15:00,177.62
2018-11-25 10:30:00,199.01999
2018-11-25 10:45:00,200.45999
2018-11-25 11:00:00,159.59
2018-11-25 11:15:00,126.229996
2018-11-25 11:30:00,119.9
2018-11-25 11:45:00,113.07
2018-11-25 12:00:00,101.350006
2018-11-25 12:15:00,86.15
2018-11-25 12:30:00,79.17
2018-11-25 12:45:00,61.07
2018-11-25 13:00:00,76.14
2018-11-25 13:15:00,89.05
2018-11-25 13:30:00,123.33
2018-11-25 13:45:00,126.88
2018-11-25 14:00:00,125.7
2018-11-25 14:15:00,148.47
2018-11-25 14:30:00,138.93
2018-11-25 14:45:00,170.57999
2018-11-25 15:00:00,194.93
2018-11-25 15:15:00,197.56
2018-11-25 15:30:00,183.15999
2018-11-25 15:45:00,183.35
2018-11-25 16:00:00,219.73999
2018-11-25 16:15:00,220.47
2018-11-25 16:30:00,212.37
2018-11-25 16:45:00,197.23999
2018-11-25 17:00:00,186.37997
2018-11-25 17:15:00,203.87999
2018-11-25 17:30:00,198.16
2018-11-25 17:45:00,146.70001
2018-11-25 18:00:00,164.92
2018-11-25 18:15:00,177.42
2018-11-25 18:30:00,175.91
2018-11-25 18:45:00,187.48999
2018-11-25 19:00:00,175.51999
2018-11-25 19:15:00,158.01001
2018-11-25 19:30:00,155.04999
2018-11-25 19:45:00,150.84
2018-11-25 20:00:00,188.42
2018-11-25 20:15:00,184.4
2018-11-25 20:30:00,169.92
2018-11-25 20:45:00,164.53
2018-11-25 21:00:00,185.98001
2018-11-25 21:15:00,197.95001
2018-11-25 21:30:00,196.45001
2018-11-25 21:45:00,178.15
2018-11-25 22:00:00,171.23999
2018-11-25 22:15:00,160.78
2018-11-25 22:30:00,132.87
2018-11-25 22:45:00,107.21
2018-11-25 23:00:00,99.44
2018-11-25 23:15:00,103.0
2018-11-25 23:30:00,96.68
2018-11-25 23:45:00,83.58
2018-11-26 00:00:00,53.11
2018-11-26 00:15:00,46.07
2018-11-26 00:30:00,33.83
2018-11-26 00:45:00,35.4
2018-11-26 01:00:00,42.120003
2018-11-26 01:15:00,34.88
2018-11-26 01:30:00,31.19
2018-11-26 01:45:00,26.91
2018-11-26 02:00:00,19.54
2018-11-26 02:15:00,13.55
2018-11-26 02:30:00,11.26
2018-11-26 02:45:00,9.219999
2018-11-26 03:00:00,14.28
2018-11-26 03:15:00,17.9
2018-11-26 03:30:00,22.380001
2018-11-26 03:45:00,18.89
2018-11-26 04:00:00,14.02
2018-11-26 04:15:00,7.4300003
2018-11-26 04:30:00,4.74
2018-11-26 04:45:00,8.55
2018-11-26 05:00:00,9.02
2018-11-26 05:15:00,15.01
2018-11-26 05:30:00,8.68
2018-11-26 05:45:00,5.0
2018-11-26 06:00:00,2.7
2018-11-26 06:15:00,2.5
2018-11-26 06:30:00,4.8
2018-11-26 06:45:00,4.6800003
2018-11-26 07:00:00,4.67
2018-11-26 07:15:00,3.42
2018-11-26 07:30:00,6.12
2018-11-26 07:45:00,5.59
2018-11-26 08:00:00,7.24
2018-11-26 08:15:00,12.969999
2018-11-26 08:30:00,12.7
2018-11-26 08:45:00,6.58
2018-11-26 09:00:00,9.21
2018-11-26 09:15:00,16.98
2018-11-26 09:30:00,18.16
2018-11-26 09:45:00,38.239998
2018-11-26 10:00:00,74.44
2018-11-26 10:15:00,51.93
2018-11-26 10:30:00,39.15
2018-11-26 10:45:00,37.65
2018-11-26 11:00:00,25.6
2018-11-26 11:15:00,21.59
2018-11-26 11:30:00,24.15
2018-11-26 11:45:00,19.42
2018-11-26 12:00:00,25.27
2018-11-26 12:15:00,30.87
2018-11-26 12:30:00,33.96
2018-11-26 12:45:00,54.63
2018-11-26 13:00:00,48.239998
2018-11-26 13:15:00,41.2
2018-11-26 13:30:00,33.1
2018-11-26 13:45:00,30.08
2018-11-26 14:00:00,31.189999
2018-11-26 14:15:00,38.57
2018-11-26 14:30:00,16.65
2018-11-26 14:45:00,4.21
2018-11-26 15:00:00,8.09
2018-11-26 15:15:00,9.870001
2018-11-26 15:30:00,13.82
2018-11-26 15:45:00,14.87
2018-11-26 16:00:00,14.34
2018-11-26 16:15:00,9.35
2018-11-26 16:30:00,13.55
2018-11-26 16:45:00,14.870001
2018-11-26 17:00:00,13.559999
2018-11-26 17:15:00,15.86
2018-11-26 17:30:00,18.16
2018-11-26 17:45:00,12.370001
2018-11-26 18:00:00,10.99
2018-11-26 18:15:00,10.059999
2018-11-26 18:30:00,10.6
2018-11-26 18:45:00,7.37
2018-11-26 19:00:00,6.3199997
2018-11-26 19:15:00,3.6200001
2018-11-26 19:30:00,0.0
2018-11-26 19:45:00,0.0
2018-11-26 20:00:00,0.0
2018-11-26 20:15:00,0.0
2018-11-26 20:30:00,0.0
2018-11-26 20:45:00,0.0
2018-11-26 21:00:00,0.0
2018-11-26 21:15:00,0.0
2018-11-26 21:30:00,0.0
2018-11-26 21:45:00,0.0
2018-11-26 22:00:00,0.0
2018-11-26 22:15:00,0.0
2018-11-26 22:30:00,0.0
2018-11-26 22:45:00,0.0
2018-11-26 23:00:00,0.0
2018-11-26 23:15:00,0.0
2018-11-26 23:30:00,0.0
2018-11-26 23:45:00,0.0
2018-11-27 00:00:00,0.0
2018-11-27 00:15:00,0.0
2018-11-27 00:30:00,0.0
2018-11-27 00:45:00,0.0
2018-11-27 01:00:00,0.0
2018-11-27 01:15:00,0.0
2018-11-27 01:30:00,0.0
2018-11-27 01:45:00,0.0
2018-11-27 02:00:00,0.0
2018-11-27 02:15:00,0.0
2018-11-27 02:30:00,0.0
2018-11-27 02:45:00,0.0
2018-11-27 03:00:00,0.0
2018-11-27 03:15:00,0.0
2018-11-27 03:30:00,0.0
2018-11-27 03:45:00,0.0
2018-11-27 04:00:00,0.53
2018-11-27 04:15:00,16.779999
2018-11-27 04:30:00,32.97
2018-11-27 04:45:00,46.199997
2018-11-27 05:00:00,58.239998
2018-11-27 05:15:00,67.13
2018-11-27 05:30:00,63.370003
2018-11-27 05:45:00,57.72
2018-11-27 06:00:00,57.519997
2018-11-27 06:15:00,65.490005
2018-11-27 06:30:00,54.16
2018-11-27 06:45:00,61.79
2018-11-27 07:00:00,64.229996
2018-11-27 07:15:00,68.64
2018-11-27 07:30:00,75.81
2018-11-27 07:45:00,75.94
2018-11-27 08:00:00,93.520004
2018-11-27 08:15:00,106.740005
2018-11-27 08:30:00,103.59
2018-11-27 08:45:00,101.350006
2018-11-27 09:00:00,120.1
2018-11-27 09:15:00,125.7
2018-11-27 09:30:00,126.42
2018-11-27 09:45:00,129.98
2018-11-27 10:00:00,130.49998
2018-11-27 10:15:00,134.25
2018-11-27 10:30:00,134.85
2018-11-27 10:45:00,140.83
2018-11-27 11:00:00,140.57
2018-11-27 11:15:00,133.14
2018-11-27 11:30:00,140.9
2018-11-27 11:45:00,123.79001
2018-11-27 12:00:00,117.93
2018-11-27 12:15:00,115.5
2018-11-27 12:30:00,131.16
2018-11-27 12:45:00,147.62
2018-11-27 13:00:00,143.99
2018-11-27 13:15:00,146.81998
2018-11-27 13:30:00,158.4
2018-11-27 13:45:00,164.99
2018-11-27 14:00:00,155.70999
2018-11-27 14:15:00,141.56
2018-11-27 14:30:00,133.53
2018-11-27 14:45:00,127.02
2018-11-27 15:00:00,127.15
2018-11-27 15:15:00,129.59
2018-11-27 15:30:00,123.58999
2018-11-27 15:45:00,114.770004
2018-11-27 16:00:00,93.520004
2018-11-27 16:15:00,85.62
2018-11-27 16:30:00,76.34
2018-11-27 16:45:00,68.91
2018-11-27 17:00:00,72.520004
2018-11-27 17:15:00,67.520004
2018-11-27 17:30:00,65.149994
2018-11-27 17:45:00,44.949997
2018-11-27 18:00:00,47.45
2018-11-27 18:15:00,50.68
2018-11-27 18:30:00,46.269997
2018-11-27 18:45:00,49.489998
2018-11-27 19:00:00,40.08
2018-11-27 19:15:00,42.18
2018-11-27 19:30:00,51.73
2018-11-27 19:45:00,69.89
2018-11-27 20:00:00,60.68
2018-11-27 20:15:00,59.82
2018-11-27 20:30:00,61.989998
2018-11-27 20:45:00,64.69
2018-11-27 21:00:00,63.18
2018-11-27 21:15:00,61.93
2018-11-27 21:30:00,56.54
2018-11-27 21:45:00,53.43
2018-11-27 22:00:00,61.07
2018-11-27 22:15:00,62.52
2018-11-27 22:30:00,67.32
2018-11-27 22:45:00,51.33
2018-11-27 23:00:00,45.21
2018-11-27 23:15:00,44.75
2018-11-27 23:30:00,41.4
2018-11-27 23:45:00,38.96
2018-11-28 00:00:00,41.07
2018-11-28 00:15:00,51.79
2018-11-28 00:30:00,60.35
2018-11-28 00:45:00,57.84
2018-11-28 01:00:00,95.36
2018-11-28 01:15:00,120.229996
2018-11-28 01:30:00,161.7
2018-11-28 01:45:00,155.96999
2018-11-28 02:00:00,144.0
2018-11-28 02:15:00,141.5
2018-11-28 02:30:00,140.12
2018-11-28 02:45:00,128.26001
2018-11-28 03:00:00,138.07
2018-11-28 03:15:00,147.48001
2018-11-28 03:30:00,162.74998
2018-11-28 03:45:00,163.54
2018-11-28 04:00:00,175.0
2018-11-28 04:15:00,175.92
2018-11-28 04:30:00,184.34
2018-11-28 04:45:00,171.82999
2018-11-28 05:00:00,185.72
2018-11-28 05:15:00,191.31
2018-11-28 05:30:00,196.57999
2018-11-28 05:45:00,210.66
2018-11-28 06:00:00,213.76
2018-11-28 06:15:00,209.48001
2018-11-28 06:30:00,210.79001
2018-11-28 06:45:00,207.17
2018-11-28 07:00:00,198.21999
2018-11-28 07:15:00,195.13
2018-11-28 07:30:00,192.43
2018-11-28 07:45:00,193.29001
2018-11-28 08:00:00,193.82
2018-11-28 08:15:00,202.1
2018-11-28 08:30:00,210.19998
2018-11-28 08:45:00,209.34
2018-11-28 09:00:00,211.85
2018-11-28 09:15:00,208.48999
2018-11-28 09:30:00,204.47
2018-11-28 09:45:00,194.47
2018-11-28 10:00:00,179.98999
2018-11-28 10:15:00,173.41
2018-11-28 10:30:00,167.01999
2018-11-28 10:45:00,162.48999
2018-11-28 11:00:00,158.54
2018-11-28 11:15:00,164.98999
2018-11-28 11:30:00,160.57999
2018-11-28 11:45:00,171.76999
2018-11-28 12:00:00,186.23999
2018-11-28 12:15:00,179.54001
2018-11-28 12:30:00,164.4
2018-11-28 12:45:00,178.01999
2018-11-28 13:00:00,196.51
2018-11-28 13:15:00,203.41998
2018-11-28 13:30:00,179.45999
2018-11-28 13:45:00,178.48001
2018-11-28 14:00:00,180.39
2018-11-28 14:15:00,171.70001
2018-11-28 14:30:00,162.62
2018-11-28 14:45:00,166.97
2018-11-28 15:00:00,167.03
2018-11-28 15:15:00,134.06
2018-11-28 15:30:00,123.59
2018-11-28 15:45:00,103.130005
2018-11-28 16:00:00,103.72
2018-11-28 16:15:00,140.11
2018-11-28 16:30:00,143.07
2018-11-28 16:45:00,165.04999
2018-11-28 17:00:00,171.76999
2018-11-28 17:15:00,180.32999
2018-11-28 17:30:00,186.97
2018-11-28 17:45:00,165.78
2018-11-28 18:00:00,149.59
2018-11-28 18:15:00,153.20999
2018-11-28 18:30:00,128.2
2018-11-28 18:45:00,125.64
2018-11-28 19:00:00,112.41
2018-11-28 19:15:00,131.87999
2018-11-28 19:30:00,115.17
2018-11-28 19:45:00,104.38
2018-11-28 20:00:00,92.0
2018-11-28 20:15:00,102.8
2018-11-28 20:30:00,111.55
2018-11-28 20:45:00,109.58
2018-11-28 21:00:00,90.82
2018-11-28 21:15:00,93.119995
2018-11-28 21:30:00,88.979996
2018-11-28 21:45:00,80.55
2018-11-28 22:00:00,76.41
2018-11-28 22:15:00,80.95
2018-11-28 22:30:00,83.65
2018-11-28 22:45:00,90.880005
2018-11-28 23:00:00,78.06
2018-11-28 23:15:00,86.08
2018-11-28 23:30:00,100.03
2018-11-28 23:45:00,102.14
2018-11-29 00:00:00,93.39
2018-11-29 00:15:00,79.24
2018-11-29 00:30:00,85.89
2018-11-29 00:45:00,113.92
2018-11-29 01:00:00,127.15
2018-11-29 01:15:00,153.07
2018-11-29 01:30:00,170.19
2018-11-29 01:45:00,183.81
2018-11-29 02:00:00,185.38998
2018-11-29 02:15:00,193.68
2018-11-29 02:30:00,197.63
2018-11-29 02:45:00,200.79001
2018-11-29 03:00:00,203.48001
2018-11-29 03:15:00,204.66998
2018-11-29 03:30:00,208.16
2018-11-29 03:45:00,200.79001
2018-11-29 04:00:00,212.9
2018-11-29 04:15:00,209.81
2018-11-29 04:30:00,206.26
2018-11-29 04:45:00,200.59
2018-11-29 05:00:00,202.76001
2018-11-29 05:15:00,206.12
2018-11-29 05:30:00,97.34
2018-11-29 05:45:00,127.08
2018-11-29 06:00:00,183.53998
2018-11-29 06:15:00,54.03
2018-11-29 06:30:00,42.98
2018-11-29 06:45:00,0.0
2018-11-29 07:00:00,0.0
2018-11-29 07:15:00,0.0
2018-11-29 07:30:00,0.0
2018-11-29 07:45:00,0.0
2018-11-29 08:00:00,0.0
2018-11-29 08:15:00,0.0
2018-11-29 08:30:00,0.0
2018-11-29 08:45:00,0.0
2018-11-29 09:00:00,0.0
2018-11-29 09:15:00,0.0
2018-11-29 09:30:00,0.0
2018-11-29 09:45:00,0.0
2018-11-29 10:00:00,0.0
2018-11-29 10:15:00,0.0
2018-11-29 10:30:00,0.0
2018-11-29 10:45:00,72.85
2018-11-29 11:00:00,0.14
2018-11-29 11:15:00,0.0
2018-11-29 11:30:00,183.01999
2018-11-29 11:45:00,182.89
2018-11-29 12:00:00,189.87
2018-11-29 12:15:00,175.72
2018-11-29 12:30:00,172.74998
2018-11-29 12:45:00,169.46
2018-11-29 13:00:00,158.07999
2018-11-29 13:15:00,150.9
2018-11-29 13:30:00,152.81
2018-11-29 13:45:00,159.0
2018-11-29 14:00:00,156.63
2018-11-29 14:15:00,151.56
2018-11-29 14:30:00,146.29999
2018-11-29 14:45:00,125.57
2018-11-29 15:00:00,108.79
2018-11-29 15:15:00,95.03
2018-11-29 15:30:00,89.44
2018-11-29 15:45:00,86.869995
2018-11-29 16:00:00,73.64
2018-11-29 16:15:00,54.5
2018-11-29 16:30:00,38.63
2018-11-29 16:45:00,32.58
2018-11-29 17:00:00,34.42
2018-11-29 17:15:00,39.16
2018-11-29 17:30:00,53.83
2018-11-29 17:45:00,66.4
2018-11-29 18:00:00,59.36
2018-11-29 18:15:00,64.11
2018-11-29 18:30:00,53.04
2018-11-29 18:45:00,50.08
2018-11-29 19:00:00,50.089996
2018-11-29 19:15:00,48.43
2018-11-29 19:30:00,46.46
2018-11-29 19:45:00,29.54
2018-11-29 20:00:00,23.689999
2018-11-29 20:15:00,27.05
2018-11-29 20:30:00,20.07
2018-11-29 20:45:00,10.13
2018-11-29 21:00:00,23.96
2018-11-29 21:15:00,25.41
2018-11-29 21:30:00,16.71
2018-11-29 21:45:00,10.86
2018-11-29 22:00:00,11.59
2018-11-29 22:15:00,15.53
2018-11-29 22:30:00,14.67
2018-11-29 22:45:00,9.940001
2018-11-29 23:00:00,7.37
2018-11-29 23:15:00,9.74
2018-11-29 23:30:00,7.4300003
2018-11-29 23:45:00,4.67
2018-11-30 00:00:00,3.5600002
2018-11-30 00:15:00,6.6400003
2018-11-30 00:30:00,6.25
2018-11-30 00:45:00,4.02
2018-11-30 01:00:00,1.97
2018-11-30 01:15:00,4.6800003
2018-11-30 01:30:00,4.28
2018-11-30 01:45:00,2.23
2018-11-30 02:00:00,3.22
2018-11-30 02:15:00,4.21
2018-11-30 02:30:00,5.59
2018-11-30 02:45:00,22.17
2018-11-30 03:00:00,50.28
2018-11-30 03:15:00,46.4
2018-11-30 03:30:00,51.93
2018-11-30 03:45:00,45.67
2018-11-30 04:00:00,58.510002
2018-11-30 04:15:00,52.98
2018-11-30 04:30:00,80.490005
2018-11-30 04:45:00,94.96
2018-11-30 05:00:00,102.66
2018-11-30 05:15:00,101.68
2018-11-30 05:30:00,116.159996
2018-11-30 05:45:00,109.97
2018-11-30 06:00:00,115.1
2018-11-30 06:15:00,102.47
2018-11-30 06:30:00,92.85
2018-11-30 06:45:00,113.979996
2018-11-30 07:00:00,118.979996
2018-11-30 07:15:00,125.83
2018-11-30 07:30:00,133.73
2018-11-30 07:45:00,137.08
2018-11-30 08:00:00,140.11
2018-11-30 08:15:00,139.19
2018-11-30 08:30:00,136.76001
2018-11-30 08:45:00,140.17
2018-11-30 09:00:00,158.98999
2018-11-30 09:15:00,153.98999
2018-11-30 09:30:00,177.95
2018-11-30 09:45:00,199.41
2018-11-30 10:00:00,198.48999
2018-11-30 10:15:00,200.86
2018-11-30 10:30:00,212.7
2018-11-30 10:45:00,217.69998
2018-11-30 11:00:00,215.92
2018-11-30 11:15:00,214.22
2018-11-30 11:30:00,208.69
2018-11-30 11:45:00,207.11
2018-11-30 12:00:00,196.31
2018-11-30 12:15:00,181.31
2018-11-30 12:30:00,206.77998
2018-11-30 12:45:00,211.12
2018-11-30 13:00:00,224.68
2018-11-30 13:15:00,221.31998
2018-11-30 13:30:00,222.29999
2018-11-30 13:45:00,219.35
2018-11-30 14:00:00,207.83
2018-11-30 14:15:00,214.41
2018-11-30 14:30:00,213.43
2018-11-30 14:45:00,211.45
2018-11-30 15:00:00,182.23001
2018-11-30 15:15:00,177.36
2018-11-30 15:30:00,149.26
2018-11-30 15:45:00,169.66
2018-11-30 16:00:00,198.74998
2018-11-30 16:15:00,175.38
2018-11-30 16:30:00,188.68
2018-11-30 16:45:00,197.29999
2018-11-30 17:00:00,207.31
2018-11-30 17:15:00,209.54
2018-11-30 17:30:00,214.35
2018-11-30 17:45:00,211.65
2018-11-30 18:00:00,213.22
2018-11-30 18:15:00,218.81998
2018-11-30 18:30:00,210.45999
2018-11-30 18:45:00,211.18
2018-11-30 19:00:00,209.73999
2018-11-30 19:15:00,201.51999
2018-11-30 19:30:00,195.4
2018-11-30 19:45:00,196.78
2018-11-30 20:00:00,182.95001
2018-11-30 20:15:00,170.12
2018-11-30 20:30:00,164.4
2018-11-30 20:45:00,97.4
2018-11-30 21:00:00,148.14
2018-11-30 21:15:00,165.19
2018-11-30 21:30:00,111.48
2018-11-30 21:45:00,128.79001
2018-11-30 22:00:00,113.130005
2018-11-30 22:15:00,143.34
2018-11-30 22:30:00,168.07999
2018-11-30 22:45:00,121.22
2018-11-30 23:00:00,170.78
2018-11-30 23:15:00,180.51999
2018-11-30 23:30:00,165.70999
2018-11-30 23:45:00,114.119995
2018-12-01 00:00:00,150.44
2018-12-01 00:15:00,85.1
2018-12-01 00:30:00,100.75
2018-12-01 00:45:00,87.0
2018-12-01 01:00:00,96.479996
2018-12-01 01:15:00,122.54
2018-12-01 01:30:00,145.77
2018-12-01 01:45:00,105.89
2018-12-01 02:00:00,197.95999
2018-12-01 02:15:00,202.04001
2018-12-01 02:30:00,211.12
2018-12-01 02:45:00,196.91
2018-12-01 03:00:00,213.43
2018-12-01 03:15:00,218.41998
2018-12-01 03:30:00,212.7
2018-12-01 03:45:00,213.03
2018-12-01 04:00:00,212.03998
2018-12-01 04:15:00,203.94
2018-12-01 04:30:00,0.0
2018-12-01 04:45:00,0.0
2018-12-01 05:00:00,0.0
2018-12-01 05:15:00,0.0
2018-12-01 05:30:00,0.0
2018-12-01 05:45:00,0.0
2018-12-01 06:00:00,0.0
2018-12-01 06:15:00,0.0
2018-12-01 06:30:00,0.0
2018-12-01 06:45:00,0.0
2018-12-01 07:00:00,0.0
2018-12-01 07:15:00,0.0
2018-12-01 07:30:00,0.0
2018-12-01 07:45:00,0.0
2018-12-01 08:00:00,0.0
2018-12-01 08:15:00,0.0
2018-12-01 08:30:00,0.0
2018-12-01 08:45:00,0.0
2018-12-01 09:00:00,0.0
2018-12-01 09:15:00,0.0
2018-12-01 09:30:00,0.0
2018-12-01 09:45:00,0.0
2018-12-01 10:00:00,0.0
2018-12-01 10:15:00,0.0
2018-12-01 10:30:00,0.0
2018-12-01 10:45:00,0.0
2018-12-01 11:00:00,0.0
2018-12-01 11:15:00,0.0
2018-12-01 11:30:00,142.48
2018-12-01 11:45:00,147.88
2018-12-01 12:00:00,152.22
2018-12-01 12:15:00,160.38
2018-12-01 12:30:00,194.40999
2018-12-01 12:45:00,199.59999
2018-12-01 13:00:00,199.54001
2018-12-01 13:15:00,188.88
2018-12-01 13:30:00,186.51001
2018-12-01 13:45:00,187.29999
2018-12-01 14:00:00,178.66998
2018-12-01 14:15:00,190.77998
2018-12-01 14:30:00,199.41
2018-12-01 14:45:00,198.94
2018-12-01 15:00:00,201.18
2018-12-01 15:15:00,208.62
2018-12-01 15:30:00,205.4
2018-12-01 15:45:00,209.67
2018-12-01 16:00:00,213.56
2018-12-01 16:15:00,211.65
2018-12-01 16:30:00,214.93999
2018-12-01 16:45:00,214.94
2018-12-01 17:00:00,213.95
2018-12-01 17:15:00,211.72
2018-12-01 17:30:00,201.11
2018-12-01 17:45:00,213.74998
2018-12-01 18:00:00,209.48
2018-12-01 18:15:00,214.48
2018-12-01 18:30:00,212.64
2018-12-01 18:45:00,210.66
2018-12-01 19:00:00,204.13998
2018-12-01 19:15:00,209.61
2018-12-01 19:30:00,201.38
2018-12-01 19:45:00,204.40999
2018-12-01 20:00:00,204.00998
2018-12-01 20:15:00,203.03
2018-12-01 20:30:00,206.32
2018-12-01 20:45:00,205.86
2018-12-01 21:00:00,204.54
2018-12-01 21:15:00,205.4
2018-12-01 21:30:00,187.63
2018-12-01 21:45:00,193.22
2018-12-01 22:00:00,185.77998
2018-12-01 22:15:00,176.64
2018-12-01 22:30:00,152.41
2018-12-01 22:45:00,129.45
2018-12-01 23:00:00,116.880005
2018-12-01 23:15:00,90.03
2018-12-01 23:30:00,81.08
2018-12-01 23:45:00,79.9
2018-12-02 00:00:00,54.489998
2018-12-02 00:15:00,61.33
2018-12-02 00:30:00,60.809998
2018-12-02 00:45:00,60.809998
2018-12-02 01:00:00,76.81
2018-12-02 01:15:00,83.380005
2018-12-02 01:30:00,71.87
2018-12-02 01:45:00,66.729996
2018-12-02 02:00:00,50.48
2018-12-02 02:15:00,71.86
2018-12-02 02:30:00,88.380005
2018-12-02 02:45:00,94.17
2018-12-02 03:00:00,88.58
2018-12-02 03:15:00,86.009995
2018-12-02 03:30:00,107.07
2018-12-02 03:45:00,122.15
2018-12-02 04:00:00,118.19
2018-12-02 04:15:00,113.19
2018-12-02 04:30:00,120.76
2018-12-02 04:45:00,138.47
2018-12-02 05:00:00,145.12
2018-12-02 05:15:00,145.64
2018-12-02 05:30:00,124.19
2018-12-02 05:45:00,100.69
2018-12-02 06:00:00,85.55
2018-12-02 06:15:00,72.26
2018-12-02 06:30:00,88.45
2018-12-02 06:45:00,87.99
2018-12-02 07:00:00,88.91
2018-12-02 07:15:00,88.58
2018-12-02 07:30:00,75.22
2018-12-02 07:45:00,61.34
2018-12-02 08:00:00,79.7
2018-12-02 08:15:00,111.09
2018-12-02 08:30:00,172.1
2018-12-02 08:45:00,161.70001
2018-12-02 09:00:00,136.42
2018-12-02 09:15:00,100.89
2018-12-02 09:30:00,52.98
2018-12-02 09:45:00,31.189999
2018-12-02 10:00:00,26.65
2018-12-02 10:15:00,26.59
2018-12-02 10:30:00,40.41
2018-12-02 10:45:00,46.59
2018-12-02 11:00:00,46.33
2018-12-02 11:15:00,49.75
2018-12-02 11:30:00,58.18
2018-12-02 11:45:00,67.520004
2018-12-02 12:00:00,69.83
2018-12-02 12:15:00,48.63
2018-12-02 12:30:00,23.83
2018-12-02 12:45:00,14.15
2018-12-02 13:00:00,7.17
2018-12-02 13:15:00,1.38
2018-12-02 13:30:00,4.02
2018-12-02 13:45:00,8.09
2018-12-02 14:00:00,3.55
2018-12-02 14:15:00,2.77
2018-12-02 14:30:00,5.59
2018-12-02 14:45:00,4.87
2018-12-02 15:00:00,9.809999
2018-12-02 15:15:00,24.15
2018-12-02 15:30:00,30.93
2018-12-02 15:45:00,33.04
2018-12-02 16:00:00,24.55
2018-12-02 16:15:00,25.669998
2018-12-02 16:30:00,20.599998
2018-12-02 16:45:00,14.09
2018-12-02 17:00:00,10.66
2018-12-02 17:15:00,4.14
2018-12-02 17:30:00,1.97
2018-12-02 17:45:00,0.0
2018-12-02 18:00:00,0.0
2018-12-02 18:15:00,0.0
2018-12-02 18:30:00,0.0
2018-12-02 18:45:00,0.0
2018-12-02 19:00:00,0.0
2018-12-02 19:15:00,0.0
2018-12-02 19:30:00,0.0
2018-12-02 19:45:00,0.0
2018-12-02 20:00:00,0.0
2018-12-02 20:15:00,0.0
2018-12-02 20:30:00,0.0
2018-12-02 20:45:00,0.0
2018-12-02 21:00:00,0.0
2018-12-02 21:15:00,0.0
2018-12-02 21:30:00,0.0
2018-12-02 21:45:00,0.0
2018-12-02 22:00:00,0.59
2018-12-02 22:15:00,2.7
2018-12-02 22:30:00,10.8
2018-12-02 22:45:00,11.72
2018-12-02 23:00:00,6.6400003
2018-12-02 23:15:00,6.52
2018-12-02 23:30:00,13.3
2018-12-02 23:45:00,22.77
2018-12-03 00:00:00,34.879997
2018-12-03 00:15:00,40.07
2018-12-03 00:30:00,47.78
2018-12-03 00:45:00,51.4
2018-12-03 01:00:00,65.42
2018-12-03 01:15:00,69.17
2018-12-03 01:30:00,67.46
2018-12-03 01:45:00,71.149994
2018-12-03 02:00:00,75.88
2018-12-03 02:15:00,81.020004
2018-12-03 02:30:00,89.24
2018-12-03 02:45:00,77.33
2018-12-03 03:00:00,78.71
2018-12-03 03:15:00,76.34
2018-12-03 03:30:00,75.55
2018-12-03 03:45:00,71.47
2018-12-03 04:00:00,69.16
2018-12-03 04:15:00,58.9
2018-12-03 04:30:00,56.6
2018-12-03 04:45:00,60.42
2018-12-03 05:00:00,50.6
2018-12-03 05:15:00,44.760002
2018-12-03 05:30:00,37.97
2018-12-03 05:45:00,41.52
2018-12-03 06:00:00,42.510002
2018-12-03 06:15:00,35.4
2018-12-03 06:30:00,26.72
2018-12-03 06:45:00,21.59
2018-12-03 07:00:00,17.57
2018-12-03 07:15:00,22.51
2018-12-03 07:30:00,14.809999
2018-12-03 07:45:00,10.33
2018-12-03 08:00:00,13.49
2018-12-03 08:15:00,11.92
2018-12-03 08:30:00,16.19
2018-12-03 08:45:00,19.220001
2018-12-03 09:00:00,20.2
2018-12-03 09:15:00,12.440001
2018-12-03 09:30:00,9.54
2018-12-03 09:45:00,8.950001
2018-12-03 10:00:00,6.1800003
2018-12-03 10:15:00,11.78
2018-12-03 10:30:00,7.5
2018-12-03 10:45:00,12.7
2018-12-03 11:00:00,7.8900003
2018-12-03 11:15:00,5.13
2018-12-03 11:30:00,3.9499998
2018-12-03 11:45:00,3.9499998
2018-12-03 12:00:00,1.18
2018-12-03 12:15:00,1.97
2018-12-03 12:30:00,3.8799999
2018-12-03 12:45:00,1.58
2018-12-03 13:00:00,2.11
2018-12-03 13:15:00,3.22
2018-12-03 13:30:00,5.79
2018-12-03 13:45:00,19.550001
2018-12-03 14:00:00,14.74
2018-12-03 14:15:00,14.21
2018-12-03 14:30:00,8.03
2018-12-03 14:45:00,3.75
2018-12-03 15:00:00,2.83
2018-12-03 15:15:00,3.0900002
2018-12-03 15:30:00,3.49
2018-12-03 15:45:00,3.75
2018-12-03 16:00:00,4.54
2018-12-03 16:15:00,2.5
2018-12-03 16:30:00,1.58
2018-12-03 16:45:00,1.52
2018-12-03 17:00:00,1.52
2018-12-03 17:15:00,1.51
2018-12-03 17:30:00,2.7
2018-12-03 17:45:00,1.45
2018-12-03 18:00:00,0.59
2018-12-03 18:15:00,0.66
2018-12-03 18:30:00,0.46
2018-12-03 18:45:00,0.0
2018-12-03 19:00:00,0.0
2018-12-03 19:15:00,0.0
2018-12-03 19:30:00,0.0
2018-12-03 19:45:00,0.0
2018-12-03 20:00:00,0.0
2018-12-03 20:15:00,0.0
2018-12-03 20:30:00,0.0
2018-12-03 20:45:00,0.0
2018-12-03 21:00:00,0.0
2018-12-03 21:15:00,0.0
2018-12-03 21:30:00,0.0
2018-12-03 22:02:00,0.79
2018-12-03 22:15:00,1.9100001
2018-12-03 22:30:00,2.1100001
2018-12-03 22:45:00,3.9499998
2018-12-03 23:00:00,12.700001
2018-12-03 23:15:00,21.39
2018-12-03 23:30:00,22.369999
2018-12-03 23:45:00,20.86
2018-12-04 00:00:00,21.13
2018-12-04 00:15:00,24.349998
2018-12-04 00:30:00,31.26
2018-12-04 00:45:00,34.15
2018-12-04 01:00:00,38.1
2018-12-04 01:15:00,43.89
2018-12-04 01:30:00,55.089996
2018-12-04 01:45:00,69.04
2018-12-04 02:00:00,52.190002
2018-12-04 02:15:00,44.22
2018-12-04 02:30:00,56.13
2018-12-04 02:45:00,65.81
2018-12-04 03:00:00,62.91
2018-12-04 03:15:00,60.41
2018-12-04 03:30:00,61.93
2018-12-04 03:45:00,52.05
2018-12-04 04:00:00,54.42
2018-12-04 04:15:00,42.379997
2018-12-04 04:30:00,36.72
2018-12-04 04:45:00,36.19
2018-12-04 05:00:00,35.47
2018-12-04 05:15:00,32.31
2018-12-04 05:30:00,35.21
2018-12-04 05:45:00,37.97
2018-12-04 06:00:00,27.25
2018-12-04 06:15:00,27.38
2018-12-04 06:30:00,21.32
2018-12-04 06:45:00,23.43
2018-12-04 07:00:00,22.12
2018-12-04 07:15:00,21.98
2018-12-04 07:30:00,26.06
2018-12-04 07:45:00,22.310001
2018-12-04 08:00:00,15.27
2018-12-04 08:15:00,11.38
2018-12-04 08:30:00,11.38
2018-12-04 08:45:00,10.0
2018-12-04 09:00:00,9.280001
2018-12-04 09:15:00,9.81
2018-12-04 09:30:00,10.66
2018-12-04 09:45:00,10.53
2018-12-04 10:00:00,11.650001
2018-12-04 10:15:00,12.97
2018-12-04 10:30:00,12.9
2018-12-04 10:45:00,15.2
2018-12-04 11:00:00,17.380001
2018-12-04 11:15:00,14.87
2018-12-04 11:30:00,14.67
2018-12-04 11:45:00,11.97
2018-12-04 12:00:00,14.0199995
2018-12-04 12:15:00,18.619999
2018-12-04 12:30:00,16.189999
2018-12-04 12:45:00,11.719999
2018-12-04 13:00:00,8.690001
2018-12-04 13:15:00,9.41
2018-12-04 13:30:00,6.3199997
2018-12-04 13:45:00,2.5
2018-12-04 14:00:00,0.4
2018-12-04 14:15:00,0.0
2018-12-04 14:30:00,0.0
2018-12-04 14:45:00,0.0
2018-12-04 15:00:00,0.0
2018-12-04 15:15:00,0.0
2018-12-04 15:30:00,0.0
2018-12-04 15:45:00,0.0
2018-12-04 16:00:00,0.0
2018-12-04 16:15:00,0.0
2018-12-04 16:30:00,0.0
2018-12-04 16:45:00,0.0
2018-12-04 17:00:00,0.0
2018-12-04 17:15:00,0.2
2018-12-04 17:30:00,0.07
2018-12-04 17:45:00,1.3199999
2018-12-04 18:00:00,0.98
2018-12-04 18:15:00,0.33
2018-12-04 18:30:00,0.0
2018-12-04 18:45:00,0.0
2018-12-04 19:00:00,0.0
2018-12-04 19:15:00,0.0
2018-12-04 19:30:00,0.0
2018-12-04 19:45:00,0.0
2018-12-04 20:00:00,0.0
2018-12-04 20:15:00,0.0
2018-12-04 20:30:00,0.0
2018-12-04 20:45:00,0.0
2018-12-04 21:00:00,0.0
2018-12-04 21:15:00,0.0
2018-12-04 21:30:00,0.0
2018-12-04 21:45:00,0.0
2018-12-04 22:00:00,0.59
2018-12-04 22:15:00,3.82
2018-12-04 22:30:00,13.56
2018-12-04 22:45:00,25.529999
2018-12-04 23:00:00,28.76
2018-12-04 23:15:00,29.75
2018-12-04 23:30:00,30.93
2018-12-04 23:45:00,34.42
2018-12-05 00:00:00,48.96
2018-12-05 00:15:00,56.33
2018-12-05 00:30:00,74.369995
2018-12-05 00:45:00,81.08
2018-12-05 01:00:00,86.93
2018-12-05 01:15:00,80.16
2018-12-05 01:30:00,76.41
2018-12-05 01:45:00,74.7
2018-12-05 02:00:00,75.42
2018-12-05 02:15:00,69.24
2018-12-05 02:30:00,65.61
2018-12-05 02:45:00,54.629997
2018-12-05 03:00:00,34.480003
2018-12-05 03:15:00,24.68
2018-12-05 03:30:00,20.529999
2018-12-05 03:45:00,18.89
2018-12-05 04:00:00,14.09
2018-12-05 04:15:00,16.65
2018-12-05 04:30:00,14.22
2018-12-05 04:45:00,9.280001
2018-12-05 05:00:00,7.37
2018-12-05 05:15:00,6.38
2018-12-05 05:30:00,7.8900003
2018-12-05 05:45:00,4.67
2018-12-05 06:02:00,2.04
2018-12-05 06:15:00,0.59
2018-12-05 06:30:00,0.4
2018-12-05 06:45:00,0.73
2018-12-05 07:00:00,2.83
2018-12-05 07:15:00,1.31
2018-12-05 07:30:00,2.77
2018-12-05 07:45:00,2.7
2018-12-05 08:00:00,9.28
2018-12-05 08:15:00,30.599998
2018-12-05 08:30:00,19.939999
2018-12-05 08:45:00,10.66
2018-12-05 09:00:00,12.57
2018-12-05 09:15:00,13.82
2018-12-05 09:30:00,22.71
2018-12-05 09:45:00,15.799999
2018-12-05 10:00:00,12.9
2018-12-05 10:15:00,6.25
2018-12-05 10:30:00,10.47
2018-12-05 10:45:00,11.18
2018-12-05 11:00:00,10.33
2018-12-05 11:15:00,7.83
2018-12-05 11:30:00,8.43
2018-12-05 11:45:00,8.49
2018-12-05 12:00:00,11.780001
2018-12-05 12:15:00,14.809999
2018-12-05 12:30:00,13.09
2018-12-05 12:45:00,12.37
2018-12-05 13:00:00,13.360001
2018-12-05 13:15:00,13.16
2018-12-05 13:30:00,18.759998
2018-12-05 13:45:00,33.57
2018-12-05 14:00:00,37.71
2018-12-05 14:15:00,34.68
2018-12-05 14:30:00,32.05
2018-12-05 14:45:00,28.759998
2018-12-05 15:00:00,25.99
2018-12-05 15:15:00,24.490002
2018-12-05 15:30:00,20.6
2018-12-05 15:45:00,23.23
2018-12-05 16:00:00,28.89
2018-12-05 16:15:00,23.689999
2018-12-05 16:30:00,14.93
2018-12-05 16:45:00,12.18
2018-12-05 17:00:00,29.61
2018-12-05 17:15:00,48.239998
2018-12-05 17:30:00,45.28
2018-12-05 17:45:00,53.44
2018-12-05 18:00:00,52.85
2018-12-05 18:15:00,66.47
2018-12-05 18:30:00,74.630005
2018-12-05 18:45:00,55.010002
2018-12-05 19:00:00,57.519997
2018-12-05 19:15:00,62.39
2018-12-05 19:30:00,71.21001
2018-12-05 19:45:00,51.66
2018-12-05 20:00:00,59.82
2018-12-05 20:15:00,56.4
2018-12-05 20:30:00,66.93
2018-12-05 20:45:00,79.770004
2018-12-05 21:00:00,90.29
2018-12-05 21:15:00,91.94
2018-12-05 21:30:00,0.07
2018-12-05 21:45:00,0.0
2018-12-05 22:00:00,0.0
2018-12-05 22:15:00,102.54
2018-12-05 22:30:00,93.520004
2018-12-05 22:45:00,78.91
2018-12-05 23:00:00,66.990005
2018-12-05 23:15:00,64.759995
2018-12-05 23:30:00,69.630005
2018-12-05 23:45:00,60.35
2018-12-06 00:00:00,78.97
2018-12-06 00:15:00,107.66
2018-12-06 00:30:00,122.67
2018-12-06 00:45:00,146.75998
2018-12-06 01:00:00,0.0
2018-12-06 01:15:00,0.0
2018-12-06 01:30:00,0.0
2018-12-06 01:45:00,0.0
2018-12-06 02:00:00,0.0
2018-12-06 02:15:00,0.0
2018-12-06 02:30:00,158.61
2018-12-06 02:45:00,155.90999
2018-12-06 03:00:00,135.24
2018-12-06 03:15:00,26.92
2018-12-06 03:30:00,0.0
2018-12-06 03:45:00,0.0
2018-12-06 04:00:00,0.0
2018-12-06 04:15:00,0.0
2018-12-06 04:30:00,0.0
2018-12-06 04:45:00,0.0
2018-12-06 05:00:00,0.0
2018-12-06 05:15:00,0.0
2018-12-06 05:30:00,0.0
2018-12-06 05:45:00,0.0
2018-12-06 06:00:00,0.0
2018-12-06 06:15:00,0.0
2018-12-06 06:30:00,0.0
2018-12-06 06:45:00,0.0
2018-12-06 07:00:00,0.0
2018-12-06 07:15:00,0.0
2018-12-06 07:30:00,0.0
2018-12-06 07:45:00,0.0
2018-12-06 08:00:00,0.0
2018-12-06 08:15:00,0.0
2018-12-06 08:30:00,0.0
2018-12-06 08:45:00,46.46
2018-12-06 09:00:00,0.0
2018-12-06 09:15:00,0.0
2018-12-06 09:30:00,72.53
2018-12-06 09:45:00,99.11
2018-12-06 10:00:00,99.57
2018-12-06 10:15:00,97.8
2018-12-06 10:30:00,95.619995
2018-12-06 10:45:00,91.869995
2018-12-06 11:00:00,89.499985
2018-12-06 11:15:00,89.11
2018-12-06 11:30:00,95.63
2018-12-06 11:45:00,95.88
2018-12-06 12:00:00,93.19
2018-12-06 12:15:00,92.4
2018-12-06 12:30:00,100.5
2018-12-06 12:45:00,106.54
2018-12-06 13:00:00,100.49
2018-12-06 13:15:00,83.25
2018-12-06 13:30:00,51.600002
2018-12-06 13:45:00,55.879997
2018-12-06 14:00:00,63.91
2018-12-06 14:15:00,46.0
2018-12-06 14:30:00,87.53
2018-12-06 14:45:00,97.67
2018-12-06 15:00:00,53.239998
2018-12-06 15:15:00,0.66
2018-12-06 15:30:00,0.33
2018-12-06 15:45:00,0.0
2018-12-06 16:00:00,0.0
2018-12-06 16:15:00,0.4
2018-12-06 16:30:00,0.0
2018-12-06 16:45:00,0.0
2018-12-06 17:00:00,0.0
2018-12-06 17:15:00,0.0
2018-12-06 17:30:00,0.0
2018-12-06 17:45:00,0.0
2018-12-06 18:00:00,0.0
2018-12-06 18:15:00,2.23
2018-12-06 18:30:00,0.72
2018-12-06 18:45:00,4.54
2018-12-06 19:00:00,7.1800003
2018-12-06 19:15:00,21.33
2018-12-06 19:30:00,21.779999
2018-12-06 19:45:00,31.0
2018-12-06 20:00:00,24.55
2018-12-06 20:15:00,34.68
2018-12-06 20:30:00,43.690002
2018-12-06 20:45:00,38.7
2018-12-06 21:00:00,47.449997
2018-12-06 21:15:00,37.31
2018-12-06 21:30:00,46.6
2018-12-06 21:45:00,45.67
2018-12-06 22:00:00,53.17
2018-12-06 22:15:00,45.47
2018-12-06 22:30:00,52.059998
2018-12-06 22:45:00,52.32
2018-12-06 23:00:00,43.83
2018-12-06 23:15:00,44.89
2018-12-06 23:30:00,42.77
2018-12-06 23:45:00,43.309998
2018-12-07 00:00:00,49.89
2018-12-07 00:15:00,54.95
2018-12-07 00:30:00,44.559998
2018-12-07 00:45:00,45.67
2018-12-07 01:00:00,49.489998
2018-12-07 01:15:00,50.940002
2018-12-07 01:30:00,48.43
2018-12-07 01:45:00,44.75
2018-12-07 02:00:00,43.43
2018-12-07 02:15:00,34.620003
2018-12-07 02:30:00,34.620003
2018-12-07 02:45:00,32.1
2018-12-07 03:00:00,30.8
2018-12-07 03:15:00,30.8
2018-12-07 03:30:00,35.800003
2018-12-07 03:45:00,21.2
2018-12-07 04:00:00,21.2
2018-12-07 04:15:00,32.0
2018-12-07 04:30:00,150.31
2018-12-07 04:45:00,45.15
2018-12-07 05:00:00,26.91
2018-12-07 05:15:00,21.119999
2018-12-07 05:30:00,20.8
2018-12-07 05:45:00,22.83
2018-12-07 06:00:00,27.71
2018-12-07 06:15:00,14.68
2018-12-07 06:30:00,26.060001
2018-12-07 06:45:00,24.68
2018-12-07 07:00:00,28.5
2018-12-07 07:15:00,32.440002
2018-12-07 07:30:00,26.92
2018-12-07 07:45:00,19.02
2018-12-07 08:00:00,14.809999
2018-12-07 08:15:00,16.85
2018-12-07 08:30:00,23.029999
2018-12-07 08:45:00,15.07
2018-12-07 09:00:00,13.88
2018-12-07 09:15:00,24.09
2018-12-07 09:30:00,16.119999
2018-12-07 09:45:00,22.380001
2018-12-07 10:00:00,17.64
2018-12-07 10:15:00,20.47
2018-12-07 10:30:00,18.56
2018-12-07 10:45:00,15.46
2018-12-07 11:00:00,25.07
2018-12-07 11:15:00,25.6
2018-12-07 11:30:00,21.52
2018-12-07 11:45:00,15.070001
2018-12-07 12:00:00,12.57
2018-12-07 12:15:00,10.06
2018-12-07 12:30:00,8.360001
2018-12-07 12:45:00,15.92
2018-12-07 13:00:00,12.83
2018-12-07 13:15:00,31.2
2018-12-07 13:30:00,43.3
2018-12-07 13:45:00,36.39
2018-12-07 14:00:00,22.380001
2018-12-07 14:15:00,10.66
2018-12-07 14:30:00,14.880001
2018-12-07 14:45:00,1.97
2018-12-07 15:00:00,0.0
2018-12-07 15:15:00,0.0
2018-12-07 15:30:00,0.0
2018-12-07 15:45:00,0.0
2018-12-07 16:00:00,0.92999995
2018-12-07 16:15:00,3.5500002
2018-12-07 16:30:00,17.05
2018-12-07 16:45:00,27.64
2018-12-07 17:00:00,18.16
2018-12-07 17:15:00,20.599998
2018-12-07 17:30:00,25.66
2018-12-07 17:45:00,30.34
2018-12-07 18:00:00,45.15
2018-12-07 18:15:00,52.120003
2018-12-07 18:30:00,49.75
2018-12-07 18:45:00,48.7
2018-12-07 19:00:00,40.93
2018-12-07 19:15:00,37.32
2018-12-07 19:30:00,41.14
2018-12-07 19:45:00,42.449997
2018-12-07 20:00:00,53.300003
2018-12-07 20:15:00,59.89
2018-12-07 20:30:00,71.01
2018-12-07 20:45:00,60.75
2018-12-07 21:00:00,67.72
2018-12-07 21:15:00,66.47
2018-12-07 21:30:00,55.47
2018-12-07 21:45:00,50.21
2018-12-07 22:00:00,47.190002
2018-12-07 22:15:00,42.78
2018-12-07 22:30:00,48.17
2018-12-07 22:45:00,30.74
2018-12-07 23:00:00,32.51
2018-12-07 23:15:00,20.21
2018-12-07 23:30:00,25.6
2018-12-07 23:45:00,25.009998
2018-12-08 00:00:00,25.47
2018-12-08 00:15:00,22.11
2018-12-08 00:30:00,23.759998
2018-12-08 00:45:00,32.7
2018-12-08 01:00:00,30.009998
2018-12-08 01:15:00,34.03
2018-12-08 01:30:00,36.92
2018-12-08 01:45:00,27.509998
2018-12-08 02:00:00,28.43
2018-12-08 02:15:00,37.120003
2018-12-08 02:30:00,33.63
2018-12-08 02:45:00,30.599998
2018-12-08 03:00:00,41.4
2018-12-08 03:15:00,49.69
2018-12-08 03:30:00,41.66
2018-12-08 03:45:00,39.88
2018-12-08 04:00:00,59.690002
2018-12-08 04:15:00,63.04
2018-12-08 04:30:00,64.5
2018-12-08 04:45:00,85.479996
2018-12-08 05:00:00,49.16
2018-12-08 05:15:00,67.46
2018-12-08 05:30:00,39.22
2018-12-08 05:45:00,53.760002
2018-12-08 06:00:00,42.18
2018-12-08 06:15:00,42.510002
2018-12-08 06:30:00,45.48
2018-12-08 06:45:00,47.25
2018-12-08 07:00:00,59.43
2018-12-08 07:15:00,49.09
2018-12-08 07:30:00,44.02
2018-12-08 07:45:00,43.11
2018-12-08 08:00:00,39.36
2018-12-08 08:15:00,30.01
2018-12-08 08:30:00,30.47
2018-12-08 08:45:00,31.46
2018-12-08 09:00:00,30.529999
2018-12-08 09:15:00,28.96
2018-12-08 09:30:00,27.31
2018-12-08 09:45:00,26.52
2018-12-08 10:00:00,21.39
2018-12-08 10:15:00,20.73
2018-12-08 10:30:00,19.41
2018-12-08 10:45:00,18.55
2018-12-08 11:00:00,20.21
2018-12-08 11:15:00,18.23
2018-12-08 11:30:00,16.65
2018-12-08 11:45:00,14.01
2018-12-08 12:00:00,10.07
2018-12-08 12:15:00,7.3
2018-12-08 12:30:00,5.79
2018-12-08 12:45:00,3.75
2018-12-08 13:00:00,2.8899999
2018-12-08 13:15:00,1.9
2018-12-08 13:30:00,0.32999998
2018-12-08 13:45:00,0.0
2018-12-08 14:00:00,0.0
2018-12-08 14:15:00,0.0
2018-12-08 14:30:00,2.04
2018-12-08 14:45:00,0.53
2018-12-08 15:00:00,0.46
2018-12-08 15:15:00,0.4
2018-12-08 15:30:00,0.4
2018-12-08 15:45:00,0.66
2018-12-08 16:00:00,0.46
2018-12-08 16:15:00,0.4
2018-12-08 16:30:00,0.33
2018-12-08 16:45:00,0.13
2018-12-08 17:00:00,0.4
2018-12-08 17:15:00,0.53
2018-12-08 17:30:00,1.18
2018-12-08 17:45:00,0.33
2018-12-08 18:00:00,0.66
2018-12-08 18:15:00,0.26
2018-12-08 18:30:00,0.33
2018-12-08 18:45:00,0.0
2018-12-08 19:00:00,0.13
2018-12-08 19:15:00,0.33
2018-12-08 19:30:00,0.2
2018-12-08 19:45:00,0.4
2018-12-08 20:00:00,0.26
2018-12-08 20:15:00,0.07
2018-12-08 20:30:00,0.66
2018-12-08 20:45:00,0.13
2018-12-08 21:00:00,0.53
2018-12-08 21:15:00,0.0
2018-12-08 21:30:00,0.0
2018-12-08 21:45:00,0.0
2018-12-08 22:00:00,0.0
2018-12-08 22:15:00,0.0
2018-12-08 22:30:00,0.0
2018-12-08 22:45:00,0.0
2018-12-08 23:00:00,0.0
2018-12-08 23:15:00,0.0
2018-12-08 23:30:00,0.0
2018-12-08 23:45:00,0.0
2018-12-09 00:00:00,0.0
2018-12-09 00:15:00,0.0
2018-12-09 00:30:00,0.0
2018-12-09 00:45:00,0.0
2018-12-09 01:00:00,0.0
2018-12-09 01:15:00,0.0
2018-12-09 01:30:00,0.0
2018-12-09 01:45:00,0.0
2018-12-09 02:00:00,0.0
2018-12-09 02:15:00,0.0
2018-12-09 02:30:00,0.0
2018-12-09 02:45:00,0.0
2018-12-09 03:00:00,0.0
2018-12-09 03:15:00,0.0
2018-12-09 03:30:00,0.0
2018-12-09 03:45:00,0.0
2018-12-09 04:00:00,0.0
2018-12-09 04:15:00,0.0
2018-12-09 04:30:00,0.0
2018-12-09 04:45:00,0.0
2018-12-09 05:00:00,0.0
2018-12-09 05:15:00,0.0
2018-12-09 05:30:00,0.07
2018-12-09 05:45:00,0.2
2018-12-09 06:00:00,0.2
2018-12-09 06:15:00,0.13
2018-12-09 06:30:00,0.2
2018-12-09 06:45:00,0.2
2018-12-09 07:00:00,0.33
2018-12-09 07:15:00,0.53
2018-12-09 07:30:00,0.4
2018-12-09 07:45:00,0.4
2018-12-09 08:00:00,0.0
2018-12-09 08:15:00,0.53
2018-12-09 08:30:00,0.07
2018-12-09 08:45:00,0.33
2018-12-09 09:00:00,1.12
2018-12-09 09:15:00,1.51
2018-12-09 09:30:00,2.83
2018-12-09 09:45:00,2.8899999
2018-12-09 10:00:00,2.43
2018-12-09 10:15:00,2.63
2018-12-09 10:30:00,1.7800001
2018-12-09 10:45:00,2.3700001
2018-12-09 11:00:00,1.85
2018-12-09 11:15:00,2.69
2018-12-09 11:30:00,3.29
2018-12-09 11:45:00,3.9500003
2018-12-09 12:00:00,4.01
2018-12-09 12:15:00,4.21
2018-12-09 12:30:00,3.03
2018-12-09 12:45:00,3.75
2018-12-09 13:00:00,5.4
2018-12-09 13:15:00,6.05
2018-12-09 13:30:00,8.09
2018-12-09 13:45:00,8.69
2018-12-09 14:00:00,9.67
2018-12-09 14:15:00,9.88
2018-12-09 14:30:00,7.83
2018-12-09 14:45:00,6.65
2018-12-09 15:00:00,6.31
2018-12-09 15:15:00,8.42
2018-12-09 15:30:00,8.56
2018-12-09 15:45:00,5.3999996
2018-12-09 16:00:00,3.1
2018-12-09 16:15:00,4.28
2018-12-09 16:30:00,2.63
2018-12-09 16:45:00,1.1800001
2018-12-09 17:00:00,0.99
2018-12-09 17:15:00,2.1100001
2018-12-09 17:30:00,1.25
2018-12-09 17:45:00,0.59000003
2018-12-09 18:00:00,2.3000002
2018-12-09 18:15:00,2.63
2018-12-09 18:30:00,0.79
2018-12-09 18:45:00,4.67
2018-12-09 19:00:00,1.25
2018-12-09 19:15:00,0.07
2018-12-09 19:30:00,0.0
2018-12-09 19:45:00,0.39
2018-12-09 20:00:00,1.44
2018-12-09 20:15:00,0.2
2018-12-09 20:30:00,0.65999997
2018-12-09 20:45:00,0.53
2018-12-09 21:00:00,1.25
2018-12-09 21:15:00,3.75
2018-12-09 21:30:00,2.76
2018-12-09 21:45:00,3.09
2018-12-09 22:00:00,3.29
2018-12-09 22:15:00,3.75
2018-12-09 22:30:00,3.16
2018-12-09 22:45:00,4.08
2018-12-09 23:00:00,4.6800003
2018-12-09 23:15:00,6.6400003
2018-12-09 23:30:00,6.91
2018-12-09 23:45:00,7.6400003
2018-12-10 00:00:00,6.58
2018-12-10 00:15:00,10.73
2018-12-10 00:30:00,8.75
2018-12-10 00:45:00,6.84
2018-12-10 01:00:00,6.3199997
2018-12-10 01:15:00,6.25
2018-12-10 01:30:00,4.7400002
2018-12-10 01:45:00,2.18
2018-12-10 02:00:00,2.1
2018-12-10 02:15:00,4.35
2018-12-10 02:30:00,8.55
2018-12-10 02:45:00,6.26
2018-12-10 03:00:00,5.99
2018-12-10 03:15:00,19.02
2018-12-10 03:30:00,22.57
2018-12-10 03:45:00,23.43
2018-12-10 04:00:00,13.95
2018-12-10 04:15:00,13.03
2018-12-10 04:30:00,5.79
2018-12-10 04:45:00,6.38
2018-12-10 05:00:00,8.35
2018-12-10 05:15:00,12.570001
2018-12-10 05:30:00,8.16
2018-12-10 05:45:00,8.2300005
2018-12-10 06:00:00,10.2
2018-12-10 06:15:00,16.779999
2018-12-10 06:30:00,11.91
2018-12-10 06:45:00,12.76
2018-12-10 07:00:00,11.059999
2018-12-10 07:15:00,8.49
2018-12-10 07:30:00,8.88
2018-12-10 07:45:00,12.7
2018-12-10 08:00:00,16.18
2018-12-10 08:15:00,16.32
2018-12-10 08:30:00,16.85
2018-12-10 08:45:00,17.5
2018-12-10 09:00:00,20.86
2018-12-10 09:15:00,23.16
2018-12-10 09:30:00,26.0
2018-12-10 09:45:00,23.630001
2018-12-10 10:00:00,22.9
2018-12-10 10:15:00,21.52
2018-12-10 10:30:00,20.47
2018-12-10 10:45:00,23.43
2018-12-10 11:00:00,26.119999
2018-12-10 11:15:00,26.45
2018-12-10 11:30:00,22.38
2018-12-10 11:45:00,21.92
2018-12-10 12:00:00,18.63
2018-12-10 12:15:00,20.07
2018-12-10 12:30:00,19.62
2018-12-10 12:45:00,14.68
2018-12-10 13:00:00,14.67
2018-12-10 13:15:00,16.119999
2018-12-10 13:30:00,18.82
2018-12-10 13:45:00,22.24
2018-12-10 14:00:00,27.25
2018-12-10 14:15:00,27.24
2018-12-10 14:30:00,26.26
2018-12-10 14:45:00,19.34
2018-12-10 15:00:00,15.860001
2018-12-10 15:15:00,17.509998
2018-12-10 15:30:00,17.17
2018-12-10 15:45:00,14.150001
2018-12-10 16:00:00,7.77
2018-12-10 16:15:00,11.190001
2018-12-10 16:30:00,10.46
2018-12-10 16:45:00,6.52
2018-12-10 17:00:00,6.05
2018-12-10 17:15:00,4.2799997
2018-12-10 17:30:00,7.04
2018-12-10 17:45:00,7.83
2018-12-10 18:00:00,7.17
2018-12-10 18:15:00,7.7
2018-12-10 18:30:00,4.94
2018-12-10 18:45:00,1.52
2018-12-10 19:00:00,0.26
2018-12-10 19:15:00,0.0
2018-12-10 19:30:00,0.0
2018-12-10 19:45:00,0.0
2018-12-10 20:00:00,0.0
2018-12-10 20:15:00,0.0
2018-12-10 20:30:00,0.0
2018-12-10 20:45:00,0.0
2018-12-10 21:00:00,0.0
2018-12-10 21:15:00,0.0
2018-12-10 21:30:00,0.0
2018-12-10 21:45:00,0.0
2018-12-10 22:00:00,0.0
2018-12-10 22:15:00,0.0
2018-12-10 22:30:00,0.0
2018-12-10 22:45:00,0.0
2018-12-10 23:00:00,0.0
2018-12-10 23:15:00,0.0
2018-12-10 23:30:00,0.0
2018-12-10 23:45:00,0.0
2018-12-11 00:00:00,0.0
2018-12-11 00:15:00,0.0
2018-12-11 00:30:00,0.0
2018-12-11 00:45:00,0.0
2018-12-11 01:00:00,0.0
2018-12-11 01:15:00,0.0
2018-12-11 01:30:00,0.0
2018-12-11 01:45:00,0.0
2018-12-11 02:00:00,0.32999998
2018-12-11 02:15:00,1.0500001
2018-12-11 02:30:00,5.26
2018-12-11 02:45:00,5.8
2018-12-11 03:00:00,14.610001
2018-12-11 03:15:00,30.14
2018-12-11 03:30:00,35.61
2018-12-11 03:45:00,41.13
2018-12-11 04:00:00,47.58
2018-12-11 04:15:00,54.1
2018-12-11 04:30:00,68.119995
2018-12-11 04:45:00,79.11
2018-12-11 05:00:00,74.5
2018-12-11 05:15:00,84.3
2018-12-11 05:30:00,64.04
2018-12-11 05:45:00,56.86
2018-12-11 06:00:00,66.73
2018-12-11 06:15:00,65.22
2018-12-11 06:30:00,78.38
2018-12-11 06:45:00,88.64
2018-12-11 07:00:00,86.479996
2018-12-11 07:15:00,86.67
2018-12-11 07:30:00,89.7
2018-12-11 07:45:00,85.03
2018-12-11 08:00:00,87.33
2018-12-11 08:15:00,101.61
2018-12-11 08:30:00,114.05
2018-12-11 08:45:00,119.25
2018-12-11 09:00:00,125.44
2018-12-11 09:15:00,127.22
2018-12-11 09:30:00,119.05
2018-12-11 09:45:00,111.87
2018-12-11 10:00:00,118.85
2018-12-11 10:15:00,114.380005
2018-12-11 10:30:00,131.16
2018-12-11 10:45:00,134.18999
2018-12-11 11:00:00,123.99
2018-12-11 11:15:00,128.98999
2018-12-11 11:30:00,144.32
2018-12-11 11:45:00,145.31
2018-12-11 12:00:00,155.38
2018-12-11 12:15:00,185.13
2018-12-11 12:30:00,181.11
2018-12-11 12:45:00,174.93
2018-12-11 13:00:00,179.67
2018-12-11 13:15:00,178.48
2018-12-11 13:30:00,182.83
2018-12-11 13:45:00,160.38
2018-12-11 14:00:00,169.65999
2018-12-11 14:15:00,152.68
2018-12-11 14:30:00,128.66
2018-12-11 14:45:00,145.04999
2018-12-11 15:00:00,151.09999
2018-12-11 15:15:00,183.15
2018-12-11 15:30:00,193.48999
2018-12-11 15:45:00,190.32
2018-12-11 16:00:00,190.45
2018-12-11 16:15:00,179.78998
2018-12-11 16:30:00,191.05
2018-12-11 16:45:00,175.78
2018-12-11 17:00:00,177.02998
2018-12-11 17:15:00,160.38
2018-12-11 17:30:00,177.36
2018-12-11 17:45:00,173.15
2018-12-11 18:00:00,173.02
2018-12-11 18:15:00,179.73
2018-12-11 18:30:00,197.77
2018-12-11 18:45:00,199.40999
2018-12-11 19:00:00,191.37
2018-12-11 19:15:00,206.58
2018-12-11 19:30:00,200.98
2018-12-11 19:45:00,194.93
2018-12-11 20:00:00,187.95999
2018-12-11 20:15:00,189.00998
2018-12-11 20:30:00,200.07
2018-12-11 20:45:00,200.0
2018-12-11 21:00:00,189.6
2018-12-11 21:15:00,191.64
2018-12-11 21:30:00,182.36
2018-12-11 21:45:00,179.07
2018-12-11 22:00:00,167.09
2018-12-11 22:15:00,183.41
2018-12-11 22:30:00,170.25
2018-12-11 22:45:00,167.43
2018-12-11 23:00:00,149.25998
2018-12-11 23:15:00,176.84
2018-12-11 23:30:00,197.35999
2018-12-11 23:45:00,216.84
2018-12-12 00:00:00,205.00998
2018-12-12 00:15:00,205.93
2018-12-12 00:30:00,195.13
2018-12-12 00:45:00,201.64
2018-12-12 01:00:00,197.5
2018-12-12 01:15:00,206.12
2018-12-12 01:30:00,214.61
2018-12-12 01:45:00,217.9
2018-12-12 02:00:00,223.43
2018-12-12 02:15:00,221.59
2018-12-12 02:30:00,220.93
2018-12-12 02:45:00,220.2
2018-12-12 03:00:00,219.60999
2018-12-12 03:15:00,221.65
2018-12-12 03:30:00,223.08997
2018-12-12 03:45:00,214.54001
2018-12-12 04:00:00,218.48999
2018-12-12 04:15:00,220.2
2018-12-12 04:30:00,221.72
2018-12-12 04:45:00,219.00998
2018-12-12 05:00:00,218.48999
2018-12-12 05:15:00,216.98001
2018-12-12 05:30:00,200.32999
2018-12-12 05:45:00,167.36
2018-12-12 06:00:00,179.65999
2018-12-12 06:15:00,208.88998
2018-12-12 06:30:00,214.60999
2018-12-12 06:45:00,195.65
2018-12-12 07:00:00,201.65
2018-12-12 07:15:00,184.87
2018-12-12 07:30:00,141.89
2018-12-12 07:45:00,160.78
2018-12-12 08:00:00,147.94
2018-12-12 08:15:00,164.45999
2018-12-12 08:30:00,136.43
2018-12-12 08:45:00,127.08
2018-12-12 09:00:00,139.45001
2018-12-12 09:15:00,141.62
2018-12-12 09:30:00,144.65
2018-12-12 09:45:00,146.1
2018-12-12 10:00:00,146.95999
2018-12-12 10:15:00,131.69
2018-12-12 10:30:00,141.74998
2018-12-12 10:45:00,116.16
2018-12-12 11:00:00,107.009995
2018-12-12 11:15:00,113.59
2018-12-12 11:30:00,134.26
2018-12-12 11:45:00,124.119995
2018-12-12 12:00:00,129.78
2018-12-12 12:15:00,125.630005
2018-12-12 12:30:00,103.38
2018-12-12 12:45:00,104.31
2018-12-12 13:00:00,80.15
2018-12-12 13:15:00,101.81
2018-12-12 13:30:00,115.04
2018-12-12 13:45:00,126.22
2018-12-12 14:00:00,119.12
2018-12-12 14:15:00,135.37
2018-12-12 14:30:00,125.56999
2018-12-12 14:45:00,109.509995
2018-12-12 15:00:00,99.96
2018-12-12 15:15:00,88.84
2018-12-12 15:30:00,71.01
2018-12-12 15:45:00,53.57
2018-12-12 16:00:00,46.6
2018-12-12 16:15:00,48.89
2018-12-12 16:30:00,47.449997
2018-12-12 16:45:00,45.55
2018-12-12 17:00:00,54.29
2018-12-12 17:15:00,55.22
2018-12-12 17:30:00,66.8
2018-12-12 17:45:00,51.0
2018-12-12 18:00:00,63.83
2018-12-12 18:15:00,68.380005
2018-12-12 18:30:00,88.05
2018-12-12 18:45:00,74.96
2018-12-12 19:00:00,53.25
2018-12-12 19:15:00,45.739998
2018-12-12 19:30:00,36.66
2018-12-12 19:45:00,30.14
2018-12-12 20:00:00,25.8
2018-12-12 20:15:00,30.66
2018-12-12 20:30:00,42.379997
2018-12-12 20:45:00,32.51
2018-12-12 21:00:00,20.2
2018-12-12 21:15:00,12.57
2018-12-12 21:30:00,0.39
2018-12-12 21:45:00,1.32
2018-12-12 22:00:00,16.85
2018-12-12 22:15:00,39.16
2018-12-12 22:30:00,34.879997
2018-12-12 22:45:00,42.91
2018-12-12 23:00:00,41.86
2018-12-12 23:15:00,61.46
2018-12-12 23:30:00,65.15
2018-12-12 23:45:00,68.97
2018-12-13 00:00:00,101.09
2018-12-13 00:15:00,125.03999
2018-12-13 00:30:00,132.41
2018-12-13 00:45:00,129.51
2018-12-13 01:00:00,99.5
2018-12-13 01:15:00,146.89
2018-12-13 01:30:00,164.2
2018-12-13 01:45:00,154.26001
2018-12-13 02:00:00,127.53999
2018-12-13 02:15:00,105.63
2018-12-13 02:30:00,118.19
2018-12-13 02:45:00,147.28
2018-12-13 03:00:00,159.06
2018-12-13 03:15:00,156.11
2018-12-13 03:30:00,136.62
2018-12-13 03:45:00,154.13
2018-12-13 04:00:00,152.75
2018-12-13 04:15:00,138.87
2018-12-13 04:30:00,144.26001
2018-12-13 04:45:00,153.73999
2018-12-13 05:00:00,159.4
2018-12-13 05:15:00,168.68
2018-12-13 05:30:00,159.33
2018-12-13 05:45:00,157.75
2018-12-13 06:00:00,161.9
2018-12-13 06:15:00,159.06
2018-12-13 06:30:00,156.62999
2018-12-13 06:45:00,150.76999
2018-12-13 07:00:00,148.6
2018-12-13 07:15:00,126.43
2018-12-13 07:30:00,124.58
2018-12-13 07:45:00,110.43
2018-12-13 08:00:00,124.380005
2018-12-13 08:15:00,131.23
2018-12-13 08:30:00,144.06
2018-12-13 08:45:00,149.79001
2018-12-13 09:00:00,151.04
2018-12-13 09:15:00,144.13
2018-12-13 09:30:00,158.4
2018-12-13 09:45:00,149.18999
2018-12-13 10:00:00,148.47
2018-12-13 10:15:00,155.7
2018-12-13 10:30:00,147.07999
2018-12-13 10:45:00,149.72
2018-12-13 11:00:00,146.03
2018-12-13 11:15:00,148.41
2018-12-13 11:30:00,142.35
2018-12-13 11:45:00,116.35
2018-12-13 12:00:00,116.55
2018-12-13 12:15:00,130.3
2018-12-13 12:30:00,170.84
2018-12-13 12:45:00,174.93
2018-12-13 13:00:00,182.95999
2018-12-13 13:15:00,179.53998
2018-12-13 13:30:00,216.45
2018-12-13 13:45:00,206.31
2018-12-13 14:00:00,179.13
2018-12-13 14:15:00,179.79
2018-12-13 14:30:00,158.41
2018-12-13 14:45:00,189.14001
2018-12-13 15:00:00,184.73
2018-12-13 15:15:00,201.38
2018-12-13 15:30:00,215.98999
2018-12-13 15:45:00,218.17
2018-12-13 16:00:00,211.45
2018-12-13 16:15:00,214.15
2018-12-13 16:30:00,211.04999
2018-12-13 16:45:00,211.19
2018-12-13 17:00:00,210.2
2018-12-13 17:15:00,204.93
2018-12-13 17:30:00,201.25
2018-12-13 17:45:00,181.04999
2018-12-13 18:00:00,160.64
2018-12-13 18:15:00,155.45
2018-12-13 18:30:00,88.71001
2018-12-13 18:45:00,50.28
2018-12-13 19:00:00,60.670002
2018-12-13 19:15:00,96.869995
2018-12-13 19:30:00,109.32
2018-12-13 19:45:00,119.649994
2018-12-13 20:00:00,142.81
2018-12-13 20:15:00,130.83
2018-12-13 20:30:00,113.86
2018-12-13 20:45:00,102.6
2018-12-13 21:00:00,127.54001
2018-12-13 21:15:00,124.78
2018-12-13 21:30:00,126.490005
2018-12-13 21:45:00,126.56
2018-12-13 22:00:00,125.7
2018-12-13 22:15:00,117.81
2018-12-13 22:30:00,93.32
2018-12-13 22:45:00,99.64
2018-12-13 23:00:00,95.09
2018-12-13 23:15:00,166.43
2018-12-13 23:30:00,179.4
2018-12-13 23:45:00,186.31
2018-12-14 00:00:00,174.6
2018-12-14 00:15:00,205.26
2018-12-14 00:30:00,215.85999
2018-12-14 00:45:00,220.13
2018-12-14 01:00:00,221.51999
2018-12-14 01:15:00,226.51999
2018-12-14 01:30:00,215.26999
2018-12-14 01:45:00,222.76999
2018-12-14 02:00:00,226.32
2018-12-14 02:15:00,225.98999
2018-12-14 02:30:00,226.39
2018-12-14 02:45:00,226.72
2018-12-14 03:00:00,226.65
2018-12-14 03:15:00,225.59998
2018-12-14 03:30:00,220.79999
2018-12-14 03:45:00,223.1
2018-12-14 04:00:00,221.57999
2018-12-14 04:15:00,221.19
2018-12-14 04:30:00,219.41
2018-12-14 04:45:00,226.72
2018-12-14 05:00:00,226.92001
2018-12-14 05:15:00,226.12
2018-12-14 05:30:00,226.59
2018-12-14 05:45:00,227.10999
2018-12-14 06:00:00,226.12
2018-12-14 06:15:00,225.98999
2018-12-14 06:30:00,226.65
2018-12-14 06:45:00,224.48001
2018-12-14 07:00:00,224.15
2018-12-14 07:15:00,223.1
2018-12-14 07:30:00,209.93
2018-12-14 07:45:00,206.84
2018-12-14 08:00:00,211.24998
2018-12-14 08:15:00,210.73
2018-12-14 08:30:00,200.72
2018-12-14 08:45:00,205.71999
2018-12-14 09:00:00,206.25
2018-12-14 09:15:00,200.07
2018-12-14 09:30:00,209.15
2018-12-14 09:45:00,219.35
2018-12-14 10:00:00,222.18
2018-12-14 10:15:00,223.35999
2018-12-14 10:30:00,218.03
2018-12-14 10:45:00,219.66998
2018-12-14 11:00:00,219.68
2018-12-14 11:15:00,217.23999
2018-12-14 11:30:00,215.6
2018-12-14 11:45:00,209.68
2018-12-14 12:00:00,210.2
2018-12-14 12:15:00,213.35999
2018-12-14 12:30:00,218.23
2018-12-14 12:45:00,213.48999
2018-12-14 13:00:00,210.32999
2018-12-14 13:15:00,207.17
2018-12-14 13:30:00,195.25998
2018-12-14 13:45:00,199.8
2018-12-14 14:00:00,210.53
2018-12-14 14:15:00,200.79
2018-12-14 14:30:00,187.03
2018-12-14 14:45:00,188.20999
2018-12-14 15:00:00,194.54001
2018-12-14 15:15:00,171.18
2018-12-14 15:30:00,183.35
2018-12-14 15:45:00,200.72
2018-12-14 16:00:00,187.36
2018-12-14 16:15:00,179.86
2018-12-14 16:30:00,179.53
2018-12-14 16:45:00,173.87
2018-12-14 17:00:00,188.48999
2018-12-14 17:15:00,195.92
2018-12-14 17:30:00,197.11
2018-12-14 17:45:00,196.18
2018-12-14 18:00:00,201.45
2018-12-14 18:15:00,194.87
2018-12-14 18:30:00,190.33
2018-12-14 18:45:00,190.25998
2018-12-14 19:00:00,187.56
2018-12-14 19:15:00,179.14
2018-12-14 19:30:00,179.45999
2018-12-14 19:45:00,164.13
2018-12-14 20:00:00,152.29001
2018-12-14 20:15:00,150.11
2018-12-14 20:30:00,156.23001
2018-12-14 20:45:00,172.62
2018-12-14 21:00:00,191.97
2018-12-14 21:15:00,201.05
2018-12-14 21:30:00,184.07999
2018-12-14 21:45:00,177.63
2018-12-14 22:00:00,166.31
2018-12-14 22:15:00,174.26001
2018-12-14 22:30:00,134.70999
2018-12-14 22:45:00,117.729996
2018-12-14 23:00:00,117.28
2018-12-14 23:15:00,89.83
2018-12-14 23:30:00,83.38
2018-12-14 23:45:00,86.54
2018-12-15 00:00:00,67.06
2018-12-15 00:15:00,57.78
2018-12-15 00:30:00,60.48
2018-12-15 00:45:00,68.83
2018-12-15 01:00:00,72.520004
2018-12-15 01:15:00,75.67999
2018-12-15 01:30:00,67.990005
2018-12-15 01:45:00,70.54
2018-12-15 02:00:00,64.759995
2018-12-15 02:15:00,74.17
2018-12-15 02:30:00,79.9
2018-12-15 02:45:00,69.759995
2018-12-15 03:00:00,72.4
2018-12-15 03:15:00,80.68
2018-12-15 03:30:00,76.47
2018-12-15 03:45:00,66.93
2018-12-15 04:00:00,68.05
2018-12-15 04:15:00,77.39
2018-12-15 04:30:00,73.45
2018-12-15 04:45:00,68.04
2018-12-15 05:00:00,73.32
2018-12-15 05:15:00,78.91
2018-12-15 05:30:00,78.84
2018-12-15 05:45:00,69.62
2018-12-15 06:00:00,58.83
2018-12-15 06:15:00,51.07
2018-12-15 06:30:00,52.840004
2018-12-15 06:45:00,59.299995
2018-12-15 07:00:00,49.550003
2018-12-15 07:15:00,41.59
2018-12-15 07:30:00,30.73
2018-12-15 07:45:00,22.83
2018-12-15 08:00:00,28.04
2018-12-15 08:15:00,28.96
2018-12-15 08:30:00,24.81
2018-12-15 08:45:00,20.93
2018-12-15 09:00:00,17.18
2018-12-15 09:15:00,22.97
2018-12-15 09:30:00,28.56
2018-12-15 09:45:00,47.25
2018-12-15 10:00:00,31.990002
2018-12-15 10:15:00,27.11
2018-12-15 10:30:00,24.279999
2018-12-15 10:45:00,15.73
2018-12-15 11:00:00,11.450001
2018-12-15 11:15:00,6.7799997
2018-12-15 11:30:00,5.7200003
2018-12-15 11:45:00,5.2
2018-12-15 12:00:00,4.6000004
2018-12-15 12:15:00,1.71
2018-12-15 12:30:00,1.8399999
2018-12-15 12:45:00,1.25
2018-12-15 13:00:00,0.0
2018-12-15 13:15:00,0.0
2018-12-15 13:30:00,0.0
2018-12-15 13:45:00,0.0
2018-12-15 14:00:00,0.0
2018-12-15 14:15:00,0.72
2018-12-15 14:30:00,6.06
2018-12-15 14:45:00,12.179999
2018-12-15 15:00:00,12.639999
2018-12-15 15:15:00,10.4
2018-12-15 15:30:00,6.38
2018-12-15 15:45:00,4.8700004
2018-12-15 16:00:00,1.45
2018-12-15 16:15:00,1.38
2018-12-15 16:30:00,2.56
2018-12-15 16:45:00,1.64
2018-12-15 17:00:00,1.78
2018-12-15 17:15:00,1.85
2018-12-15 17:30:00,0.86
2018-12-15 17:45:00,0.99
2018-12-15 18:00:00,2.7
2018-12-15 18:15:00,5.2000003
2018-12-15 18:30:00,5.3999996
2018-12-15 18:45:00,7.8900003
2018-12-15 19:00:00,3.75
2018-12-15 19:15:00,2.7
2018-12-15 19:30:00,3.56
2018-12-15 19:45:00,4.8
2018-12-15 20:00:00,6.6400003
2018-12-15 20:15:00,6.1800003
2018-12-15 20:30:00,6.3100004
2018-12-15 20:45:00,6.84
2018-12-15 21:00:00,3.69
2018-12-15 21:15:00,5.2
2018-12-15 21:30:00,5.4700003
2018-12-15 21:45:00,8.16
2018-12-15 22:00:00,7.9700003
2018-12-15 22:15:00,4.87
2018-12-15 22:30:00,6.26
2018-12-15 22:45:00,10.07
2018-12-15 23:00:00,13.3
2018-12-15 23:15:00,20.6
2018-12-15 23:30:00,28.43
2018-12-15 23:45:00,33.69
2018-12-16 00:00:00,33.36
2018-12-16 00:15:00,36.73
2018-12-16 00:30:00,40.48
2018-12-16 00:45:00,55.48
2018-12-16 01:00:00,61.0
2018-12-16 01:15:00,66.93
2018-12-16 01:30:00,60.739998
2018-12-16 01:45:00,53.43
2018-12-16 02:00:00,42.91
2018-12-16 02:15:00,39.75
2018-12-16 02:30:00,41.73
2018-12-16 02:45:00,50.089996
2018-12-16 03:00:00,52.510002
2018-12-16 03:15:00,67.46
2018-12-16 03:30:00,92.53
2018-12-16 03:45:00,102.07
2018-12-16 04:00:00,85.36
2018-12-16 04:15:00,93.65
2018-12-16 04:30:00,105.96
2018-12-16 04:45:00,112.799995
2018-12-16 05:00:00,115.56
2018-12-16 05:15:00,142.75
2018-12-16 05:30:00,154.72
2018-12-16 05:45:00,144.85
2018-12-16 06:00:00,142.15
2018-12-16 06:15:00,149.59
2018-12-16 06:30:00,150.64
2018-12-16 06:45:00,153.87
2018-12-16 07:00:00,169.32999
2018-12-16 07:15:00,171.77
2018-12-16 07:30:00,168.67
2018-12-16 07:45:00,182.35999
2018-12-16 08:00:00,187.5
2018-12-16 08:15:00,177.36
2018-12-16 08:30:00,197.23
2018-12-16 08:45:00,202.23999
2018-12-16 09:00:00,169.98999
2018-12-16 09:15:00,140.70999
2018-12-16 09:30:00,112.47
2018-12-16 09:45:00,120.89
2018-12-16 10:00:00,128.53
2018-12-16 10:15:00,135.11
2018-12-16 10:30:00,134.38
2018-12-16 10:45:00,106.29
2018-12-16 11:00:00,58.96
2018-12-16 11:15:00,60.02
2018-12-16 11:30:00,61.93
2018-12-16 11:45:00,87.59
2018-12-16 12:00:00,103.850006
2018-12-16 12:15:00,97.990005
2018-12-16 12:30:00,115.240005
2018-12-16 12:45:00,144.98001
2018-12-16 13:00:00,148.6
2018-12-16 13:15:00,131.76001
2018-12-16 13:30:00,130.97
2018-12-16 13:45:00,129.25
2018-12-16 14:00:00,143.79001
2018-12-16 14:15:00,141.29001
2018-12-16 14:30:00,118.520004
2018-12-16 14:45:00,94.7
2018-12-16 15:00:00,67.19
2018-12-16 15:15:00,70.22
2018-12-16 15:30:00,94.89
2018-12-16 15:45:00,89.5
2018-12-16 16:00:00,101.42
2018-12-16 16:15:00,79.83
2018-12-16 16:30:00,85.56
2018-12-16 16:45:00,94.97
2018-12-16 17:00:00,87.130005
2018-12-16 17:15:00,74.57
2018-12-16 17:30:00,66.66
2018-12-16 17:45:00,60.95
2018-12-16 18:00:00,63.44
2018-12-16 18:15:00,40.809998
2018-12-16 18:30:00,37.12
2018-12-16 18:45:00,40.47
2018-12-16 19:00:00,35.86
2018-12-16 19:15:00,28.17
2018-12-16 19:30:00,18.029999
2018-12-16 19:45:00,12.44
2018-12-16 20:00:00,5.0
2018-12-16 20:15:00,6.38
2018-12-16 20:30:00,8.42
2018-12-16 20:45:00,1.64
2018-12-16 21:00:00,3.1000001
2018-12-16 21:15:00,0.92
2018-12-16 21:30:00,0.2
2018-12-16 21:45:00,0.0
2018-12-16 22:00:00,0.72
2018-12-16 22:15:00,0.79
2018-12-16 22:30:00,0.26
2018-12-16 22:45:00,1.12
2018-12-16 23:00:00,0.53
2018-12-16 23:15:00,0.0
2018-12-16 23:30:00,0.0
2018-12-16 23:45:00,0.0
2018-12-17 00:00:00,0.0
2018-12-17 00:15:00,0.0
2018-12-17 00:30:00,0.0
2018-12-17 00:45:00,0.0
2018-12-17 01:00:00,0.0
2018-12-17 01:15:00,0.0
2018-12-17 01:30:00,0.0
2018-12-17 01:45:00,0.0
2018-12-17 02:00:00,0.0
2018-12-17 02:15:00,0.99
2018-12-17 02:30:00,0.0
2018-12-17 02:45:00,0.65999997
2018-12-17 03:00:00,0.0
2018-12-17 03:15:00,0.0
2018-12-17 03:30:00,0.0
2018-12-17 03:45:00,0.0
2018-12-17 04:00:00,0.0
2018-12-17 04:15:00,0.0
2018-12-17 04:30:00,0.07
2018-12-17 04:45:00,0.07
2018-12-17 05:00:00,1.65
2018-12-17 05:15:00,2.17
2018-12-17 05:30:00,1.9
2018-12-17 05:45:00,3.49
2018-12-17 06:00:00,2.9
2018-12-17 06:15:00,0.79
2018-12-17 06:30:00,0.53
2018-12-17 06:45:00,0.0
2018-12-17 07:00:00,1.45
2018-12-17 07:15:00,0.33
2018-12-17 07:30:00,0.13
2018-12-17 07:45:00,0.0
2018-12-17 08:00:00,0.0
2018-12-17 08:15:00,0.0
2018-12-17 08:30:00,0.0
2018-12-17 08:45:00,0.0
2018-12-17 09:00:00,1.58
2018-12-17 09:15:00,2.5700002
2018-12-17 09:30:00,2.31
2018-12-17 09:45:00,0.53
2018-12-17 10:00:00,0.0
2018-12-17 10:15:00,0.0
2018-12-17 10:30:00,0.0
2018-12-17 10:45:00,0.0
2018-12-17 11:00:00,0.0
2018-12-17 11:15:00,0.0
2018-12-17 11:30:00,0.0
2018-12-17 11:45:00,0.0
2018-12-17 12:00:00,0.0
2018-12-17 12:15:00,0.0
2018-12-17 12:30:00,0.0
2018-12-17 12:45:00,0.0
2018-12-17 13:00:00,0.0
2018-12-17 13:15:00,0.0
2018-12-17 13:30:00,0.0
2018-12-17 13:45:00,0.0
2018-12-17 14:00:00,0.0
2018-12-17 14:15:00,0.0
2018-12-17 14:30:00,0.0
2018-12-17 14:45:00,0.99
2018-12-17 15:00:00,0.0
2018-12-17 15:15:00,0.0
2018-12-17 15:30:00,0.0
2018-12-17 15:45:00,0.0
2018-12-17 16:00:00,0.0
2018-12-17 16:15:00,0.0
2018-12-17 16:30:00,0.0
2018-12-17 16:45:00,0.0
2018-12-17 17:00:00,0.0
2018-12-17 17:15:00,0.0
2018-12-17 17:30:00,0.0
2018-12-17 17:45:00,0.0
2018-12-17 18:00:00,0.13
2018-12-17 18:15:00,0.0
2018-12-17 18:30:00,0.0
2018-12-17 18:45:00,0.0
2018-12-17 19:00:00,0.0
2018-12-17 19:15:00,0.0
2018-12-17 19:30:00,0.0
2018-12-17 19:45:00,0.0
2018-12-17 20:00:00,0.0
2018-12-17 20:15:00,0.0
2018-12-17 20:30:00,0.0
2018-12-17 20:45:00,0.0
2018-12-17 21:00:00,0.0
2018-12-17 21:15:00,0.0
2018-12-17 21:30:00,0.0
2018-12-17 21:45:00,9.01
2018-12-17 22:00:00,37.31
2018-12-17 22:15:00,18.17
2018-12-17 22:30:00,3.68
2018-12-17 22:45:00,5.52
2018-12-17 23:00:00,7.04
2018-12-17 23:15:00,3.29
2018-12-17 23:30:00,0.53
2018-12-17 23:45:00,0.0
2018-12-18 00:00:00,0.0
2018-12-18 00:15:00,0.0
2018-12-18 00:30:00,0.0
2018-12-18 00:45:00,0.0
2018-12-18 01:00:00,0.0
2018-12-18 01:15:00,0.0
2018-12-18 01:30:00,0.0
2018-12-18 01:45:00,0.0
2018-12-18 02:00:00,0.0
2018-12-18 02:15:00,0.07
2018-12-18 02:30:00,0.0
2018-12-18 02:45:00,0.0
2018-12-18 03:00:00,0.4
2018-12-18 03:15:00,3.23
2018-12-18 03:30:00,13.88
2018-12-18 03:45:00,31.32
2018-12-18 04:00:00,49.489998
2018-12-18 04:15:00,54.36
2018-12-18 04:30:00,53.699997
2018-12-18 04:45:00,70.55
2018-12-18 05:00:00,98.32
2018-12-18 05:15:00,94.64
2018-12-18 05:30:00,86.8
2018-12-18 05:45:00,88.119995
2018-12-18 06:00:00,81.740005
2018-12-18 06:15:00,82.0
2018-12-18 06:30:00,76.14
2018-12-18 06:45:00,78.64
2018-12-18 07:00:00,73.18
2018-12-18 07:15:00,86.21001
2018-12-18 07:30:00,70.28999
2018-12-18 07:45:00,67.259995
2018-12-18 08:00:00,67.979996
2018-12-18 08:15:00,69.76
2018-12-18 08:30:00,54.23
2018-12-18 08:45:00,54.96
2018-12-18 09:00:00,48.769997
2018-12-18 09:15:00,48.769997
2018-12-18 09:30:00,58.83
2018-12-18 09:45:00,61.0
2018-12-18 10:00:00,58.71
2018-12-18 10:15:00,59.16
2018-12-18 10:30:00,60.35
2018-12-18 10:45:00,72.53
2018-12-18 11:00:00,82.19
2018-12-18 11:15:00,84.369995
2018-12-18 11:30:00,89.9
2018-12-18 11:45:00,81.86
2018-12-18 12:00:00,57.19
2018-12-18 12:15:00,60.219997
2018-12-18 12:30:00,70.479996
2018-12-18 12:45:00,71.6
2018-12-18 13:00:00,65.020004
2018-12-18 13:15:00,86.28
2018-12-18 13:30:00,103.65
2018-12-18 13:45:00,106.21001
2018-12-18 14:00:00,108.649994
2018-12-18 14:15:00,86.21
2018-12-18 14:30:00,75.16
2018-12-18 14:45:00,74.3
2018-12-18 15:00:00,72.06
2018-12-18 15:15:00,57.78
2018-12-18 15:30:00,55.22
2018-12-18 15:45:00,60.88
2018-12-18 16:00:00,80.43
2018-12-18 16:15:00,120.5
2018-12-18 16:30:00,104.57
2018-12-18 16:45:00,77.99
2018-12-18 17:00:00,70.95
2018-12-18 17:15:00,92.990005
2018-12-18 17:30:00,122.41
2018-12-18 17:45:00,125.57
2018-12-18 18:00:00,77.59
2018-12-18 18:15:00,69.100006
2018-12-18 18:30:00,81.8
2018-12-18 18:45:00,72.130005
2018-12-18 19:00:00,72.32
2018-12-18 19:15:00,72.06
2018-12-18 19:30:00,62.79
2018-12-18 19:45:00,59.16
2018-12-18 20:00:00,53.309998
2018-12-18 20:15:00,48.440002
2018-12-18 20:30:00,46.92
2018-12-18 20:45:00,44.22
2018-12-18 21:00:00,39.620003
2018-12-18 21:15:00,39.62
2018-12-18 21:30:00,58.309998
2018-12-18 21:45:00,32.18
2018-12-18 22:00:00,19.15
2018-12-18 22:15:00,26.45
2018-12-18 22:30:00,21.779999
2018-12-18 22:45:00,17.83
2018-12-18 23:00:00,11.25
2018-12-18 23:15:00,0.4
2018-12-18 23:30:00,2.1100001
2018-12-18 23:45:00,0.07
2018-12-19 00:00:00,0.0
2018-12-19 00:15:00,0.0
2018-12-19 00:30:00,0.0
2018-12-19 00:45:00,0.0
2018-12-19 01:00:00,7.76
2018-12-19 01:15:00,6.9700003
2018-12-19 01:30:00,11.12
2018-12-19 01:45:00,23.3
2018-12-19 02:00:00,14.01
2018-12-19 02:15:00,15.13
2018-12-19 02:30:00,16.98
2018-12-19 02:45:00,25.599998
2018-12-19 03:00:00,37.18
2018-12-19 03:15:00,52.78
2018-12-19 03:30:00,74.3
2018-12-19 03:45:00,109.64
2018-12-19 04:00:00,103.79
2018-12-19 04:15:00,81.01
2018-12-19 04:30:00,85.16
2018-12-19 04:45:00,84.56
2018-12-19 05:00:00,79.240005
2018-12-19 05:15:00,71.869995
2018-12-19 05:30:00,105.3
2018-12-19 05:45:00,97.4
2018-12-19 06:00:00,117.86
2018-12-19 06:15:00,116.42
2018-12-19 06:30:00,138.73
2018-12-19 06:45:00,104.84
2018-12-19 07:00:00,97.79
2018-12-19 07:15:00,104.44
2018-12-19 07:30:00,93.649994
2018-12-19 07:45:00,72.26
2018-12-19 08:00:00,62.05
2018-12-19 08:15:00,59.559998
2018-12-19 08:30:00,50.21
2018-12-19 08:45:00,36.92
2018-12-19 09:00:00,30.93
2018-12-19 09:15:00,28.95
2018-12-19 09:30:00,18.43
2018-12-19 09:45:00,17.439999
2018-12-19 10:00:00,18.5
2018-12-19 10:15:00,12.7699995
2018-12-19 10:30:00,9.08
2018-12-19 10:45:00,4.67
2018-12-19 11:00:00,7.37
2018-12-19 11:15:00,8.09
2018-12-19 11:30:00,7.83
2018-12-19 11:45:00,14.940001
2018-12-19 12:00:00,5.79
2018-12-19 12:15:00,4.4700003
2018-12-19 12:30:00,11.52
2018-12-19 12:45:00,16.32
2018-12-19 13:00:00,12.97
2018-12-19 13:15:00,13.42
2018-12-19 13:30:00,10.01
2018-12-19 13:45:00,10.4
2018-12-19 14:00:00,6.12
2018-12-19 14:15:00,7.96
2018-12-19 14:30:00,5.99
2018-12-19 14:45:00,0.59
2018-12-19 15:00:00,0.13
2018-12-19 15:15:00,0.0
2018-12-19 15:30:00,0.0
2018-12-19 15:45:00,0.0
2018-12-19 16:00:00,0.0
2018-12-19 16:15:00,0.0
2018-12-19 16:30:00,0.0
2018-12-19 16:45:00,0.0
2018-12-19 17:00:00,0.0
2018-12-19 17:15:00,0.0
2018-12-19 17:30:00,0.0
2018-12-19 17:45:00,0.0
2018-12-19 18:00:00,0.0
2018-12-19 18:15:00,1.19
2018-12-19 18:30:00,0.86
2018-12-19 18:45:00,0.2
2018-12-19 19:00:00,3.29
2018-12-19 19:15:00,3.03
2018-12-19 19:30:00,4.48
2018-12-19 19:45:00,3.29
2018-12-19 20:00:00,0.53
2018-12-19 20:15:00,0.0
2018-12-19 20:30:00,0.13
2018-12-19 20:45:00,0.2
2018-12-19 21:00:00,0.66
2018-12-19 21:15:00,7.96
2018-12-19 21:30:00,1.32
2018-12-19 21:45:00,4.54
2018-12-19 22:00:00,12.1
2018-12-19 22:15:00,19.74
2018-12-19 22:30:00,19.48
2018-12-19 22:45:00,8.559999
2018-12-19 23:00:00,6.9700003
2018-12-19 23:15:00,7.8999996
2018-12-19 23:30:00,9.42
2018-12-19 23:45:00,3.02
2018-12-20 00:00:00,2.24
2018-12-20 00:15:00,6.25
2018-12-20 00:30:00,11.78
2018-12-20 00:45:00,14.139999
2018-12-20 01:00:00,23.89
2018-12-20 01:15:00,24.74
2018-12-20 01:30:00,23.56
2018-12-20 01:45:00,20.400002
2018-12-20 02:00:00,44.36
2018-12-20 02:15:00,43.63
2018-12-20 02:30:00,60.67
2018-12-20 02:45:00,75.75
2018-12-20 03:00:00,74.04
2018-12-20 03:15:00,57.32
2018-12-20 03:30:00,59.82
2018-12-20 03:45:00,85.82
2018-12-20 04:00:00,80.35
2018-12-20 04:15:00,70.880005
2018-12-20 04:30:00,76.8
2018-12-20 04:45:00,93.58
2018-12-20 05:00:00,104.509995
2018-12-20 05:15:00,120.89
2018-12-20 05:30:00,122.21001
2018-12-20 05:45:00,174.4
2018-12-20 06:00:00,184.73001
2018-12-20 06:15:00,194.28
2018-12-20 06:30:00,193.16
2018-12-20 06:45:00,183.68
2018-12-20 07:00:00,174.26
2018-12-20 07:15:00,156.69
2018-12-20 07:30:00,156.09998
2018-12-20 07:45:00,139.06
2018-12-20 08:00:00,159.79001
2018-12-20 08:15:00,166.7
2018-12-20 08:30:00,170.51
2018-12-20 08:45:00,174.33
2018-12-20 09:00:00,164.72998
2018-12-20 09:15:00,146.89
2018-12-20 09:30:00,161.63
2018-12-20 09:45:00,184.86
2018-12-20 10:00:00,188.27998
2018-12-20 10:15:00,180.45
2018-12-20 10:30:00,178.15
2018-12-20 10:45:00,186.44
2018-12-20 11:00:00,188.61
2018-12-20 11:15:00,203.69
2018-12-20 11:30:00,196.44998
2018-12-20 11:45:00,177.82
2018-12-20 12:00:00,173.55
2018-12-20 12:15:00,184.2
2018-12-20 12:30:00,185.31998
2018-12-20 12:45:00,181.31
2018-12-20 13:00:00,183.28
2018-12-20 13:15:00,183.55
2018-12-20 13:30:00,185.72
2018-12-20 13:45:00,174.53
2018-12-20 14:00:00,150.18
2018-12-20 14:15:00,146.62
2018-12-20 14:30:00,130.95999
2018-12-20 14:45:00,135.37
2018-12-20 15:00:00,165.78
2018-12-20 15:15:00,170.25
2018-12-20 15:30:00,170.38
2018-12-20 15:45:00,164.39
2018-12-20 16:00:00,165.45
2018-12-20 16:15:00,158.73999
2018-12-20 16:30:00,166.18
2018-12-20 16:45:00,164.92
2018-12-20 17:00:00,156.83
2018-12-20 17:15:00,145.10999
2018-12-20 17:30:00,141.29001
2018-12-20 17:45:00,118.979996
2018-12-20 18:00:00,110.89
2018-12-20 18:15:00,120.100006
2018-12-20 18:30:00,140.57
2018-12-20 18:45:00,173.41998
2018-12-20 19:00:00,195.33
2018-12-20 19:15:00,196.38
2018-12-20 19:30:00,207.95999
2018-12-20 19:45:00,205.72
2018-12-20 20:00:00,206.12
2018-12-20 20:15:00,221.25998
2018-12-20 20:30:00,218.54997
2018-12-20 20:45:00,220.58997
2018-12-20 21:00:00,224.35
2018-12-20 21:15:00,222.57
2018-12-20 21:30:00,220.93
2018-12-20 21:45:00,207.9
2018-12-20 22:00:00,204.20999
2018-12-20 22:15:00,203.36
2018-12-20 22:30:00,176.9
2018-12-20 22:45:00,162.88
2018-12-20 23:00:00,144.13
2018-12-20 23:15:00,117.28
2018-12-20 23:30:00,108.26
2018-12-20 23:45:00,89.37
2018-12-21 00:00:00,89.24
2018-12-21 00:15:00,95.36
2018-12-21 00:30:00,88.71
2018-12-21 00:45:00,84.57
2018-12-21 01:00:00,68.7
2018-12-21 01:15:00,51.66
2018-12-21 01:30:00,47.260002
2018-12-21 01:45:00,54.68
2018-12-21 02:00:00,57.909996
2018-12-21 02:15:00,54.489998
2018-12-21 02:30:00,58.3
2018-12-21 02:45:00,60.22
2018-12-21 03:00:00,64.82
2018-12-21 03:15:00,72.46
2018-12-21 03:30:00,72.32
2018-12-21 03:45:00,68.58
2018-12-21 04:00:00,67.72
2018-12-21 04:15:00,61.8
2018-12-21 04:30:00,57.120003
2018-12-21 04:45:00,57.84
2018-12-21 05:00:00,55.739998
2018-12-21 05:15:00,51.86
2018-12-21 05:30:00,51.46
2018-12-21 05:45:00,48.43
2018-12-21 06:00:00,42.379997
2018-12-21 06:15:00,31.78
2018-12-21 06:30:00,15.86
2018-12-21 06:45:00,16.65
2018-12-21 07:00:00,23.89
2018-12-21 07:15:00,26.46
2018-12-21 07:30:00,21.79
2018-12-21 07:45:00,24.42
2018-12-21 08:00:00,21.59
2018-12-21 08:15:00,13.62
2018-12-21 08:30:00,6.7799997
2018-12-21 08:45:00,6.78
2018-12-21 09:00:00,4.15
2018-12-21 09:15:00,3.88
2018-12-21 09:30:00,5.8599997
2018-12-21 09:45:00,4.34
2018-12-21 10:00:00,1.58
2018-12-21 10:15:00,0.53
2018-12-21 10:30:00,0.0
2018-12-21 10:45:00,0.0
2018-12-21 11:00:00,0.0
2018-12-21 11:15:00,0.0
2018-12-21 11:30:00,0.0
2018-12-21 11:45:00,0.0
2018-12-21 12:00:00,0.0
2018-12-21 12:15:00,0.0
2018-12-21 12:30:00,0.0
2018-12-21 12:45:00,0.0
2018-12-21 13:00:00,0.0
2018-12-21 13:15:00,0.0
2018-12-21 13:30:00,0.0
2018-12-21 13:45:00,0.0
2018-12-21 14:00:00,0.0
2018-12-21 14:15:00,0.0
2018-12-21 14:30:00,0.0
2018-12-21 14:45:00,0.59000003
2018-12-21 15:00:00,0.78999996
2018-12-21 15:15:00,0.85
2018-12-21 15:30:00,3.75
2018-12-21 15:45:00,16.91
2018-12-21 16:00:00,15.860001
2018-12-21 16:15:00,23.76
2018-12-21 16:30:00,38.769997
2018-12-21 16:45:00,54.23
2018-12-21 17:00:00,51.989998
2018-12-21 17:15:00,66.73
2018-12-21 17:30:00,73.380005
2018-12-21 17:45:00,97.2
2018-12-21 18:00:00,99.44
2018-12-21 18:15:00,96.09
2018-12-21 18:30:00,96.75
2018-12-21 18:45:00,100.89
2018-12-21 19:00:00,106.74
2018-12-21 19:15:00,113.79
2018-12-21 19:30:00,120.96001
2018-12-21 19:45:00,121.82
2018-12-21 20:00:00,127.87
2018-12-21 20:15:00,133.0
2018-12-21 20:30:00,136.23001
2018-12-21 20:45:00,144.59
2018-12-21 21:00:00,135.37
2018-12-21 21:15:00,127.35
2018-12-21 21:30:00,143.14
2018-12-21 21:45:00,142.87
2018-12-21 22:00:00,150.31
2018-12-21 22:15:00,149.65
2018-12-21 22:30:00,149.06
2018-12-21 22:45:00,128.39
2018-12-21 23:00:00,99.770004
2018-12-21 23:15:00,103.78
2018-12-21 23:30:00,99.770004
2018-12-21 23:45:00,113.46
2018-12-22 00:00:00,136.48999
2018-12-22 00:15:00,135.97
2018-12-22 00:30:00,162.36
2018-12-22 00:45:00,169.2
2018-12-22 01:00:00,190.59
2018-12-22 01:15:00,196.50998
2018-12-22 01:30:00,207.96
2018-12-22 01:45:00,215.67
2018-12-22 02:00:00,217.31
2018-12-22 02:15:00,223.35999
2018-12-22 02:30:00,222.12
2018-12-22 02:45:00,222.83997
2018-12-22 03:00:00,219.67
2018-12-22 03:15:00,214.81
2018-12-22 03:30:00,207.04001
2018-12-22 03:45:00,209.46999
2018-12-22 04:00:00,204.48
2018-12-22 04:15:00,203.22
2018-12-22 04:30:00,214.01999
2018-12-22 04:45:00,216.12
2018-12-22 05:00:00,214.88
2018-12-22 05:15:00,212.37
2018-12-22 05:30:00,211.51999
2018-12-22 05:45:00,204.87
2018-12-22 06:00:00,192.5
2018-12-22 06:15:00,189.4
2018-12-22 06:30:00,197.04001
2018-12-22 06:45:00,197.63
2018-12-22 07:00:00,207.83
2018-12-22 07:15:00,218.56
2018-12-22 07:30:00,211.38998
2018-12-22 07:45:00,203.03
2018-12-22 08:00:00,200.65
2018-12-22 08:15:00,204.20999
2018-12-22 08:30:00,197.76001
2018-12-22 08:45:00,184.6
2018-12-22 09:00:00,188.22
2018-12-22 09:15:00,184.93
2018-12-22 09:30:00,170.39
2018-12-22 09:45:00,157.29001
2018-12-22 10:00:00,144.66
2018-12-22 10:15:00,130.5
2018-12-22 10:30:00,96.61
2018-12-22 10:45:00,93.520004
2018-12-22 11:00:00,88.25
2018-12-22 11:15:00,88.770004
2018-12-22 11:30:00,76.47
2018-12-22 11:45:00,80.49
2018-12-22 12:00:00,69.3
2018-12-22 12:15:00,68.58
2018-12-22 12:30:00,63.64
2018-12-22 12:45:00,57.79
2018-12-22 13:00:00,63.11
2018-12-22 13:15:00,63.37
2018-12-22 13:30:00,72.59
2018-12-22 13:45:00,71.01
2018-12-22 14:00:00,89.83
2018-12-22 14:15:00,100.229996
2018-12-22 14:30:00,89.11
2018-12-22 14:45:00,96.21001
2018-12-22 15:00:00,98.520004
2018-12-22 15:15:00,136.89
2018-12-22 15:30:00,118.0
2018-12-22 15:45:00,109.119995
2018-12-22 16:00:00,119.770004
2018-12-22 16:15:00,97.009995
2018-12-22 16:30:00,93.45
2018-12-22 16:45:00,90.490005
2018-12-22 17:00:00,78.71
2018-12-22 17:15:00,74.240005
2018-12-22 17:30:00,67.259995
2018-12-22 17:45:00,53.83
2018-12-22 18:00:00,62.32
2018-12-22 18:15:00,52.85
2018-12-22 18:30:00,47.78
2018-12-22 18:45:00,44.22
2018-12-22 19:00:00,53.239998
2018-12-22 19:15:00,50.87
2018-12-22 19:30:00,49.3
2018-12-22 19:45:00,38.1
2018-12-22 20:00:00,28.16
2018-12-22 20:15:00,29.09
2018-12-22 20:30:00,27.509998
2018-12-22 20:45:00,28.49
2018-12-22 21:00:00,16.85
2018-12-22 21:15:00,10.72
2018-12-22 21:30:00,4.67
2018-12-22 21:45:00,3.62
2018-12-22 22:00:00,2.69
2018-12-22 22:15:00,2.04
2018-12-22 22:30:00,0.0
2018-12-22 22:45:00,0.0
2018-12-22 23:00:00,0.0
2018-12-22 23:15:00,0.0
2018-12-22 23:30:00,0.0
2018-12-22 23:45:00,0.0
2018-12-23 00:00:00,0.0
2018-12-23 00:15:00,0.0
2018-12-23 00:30:00,0.0
2018-12-23 00:45:00,0.33
2018-12-23 01:00:00,4.28
2018-12-23 01:15:00,17.64
2018-12-23 01:30:00,20.8
2018-12-23 01:45:00,18.099998
2018-12-23 02:00:00,15.34
2018-12-23 02:15:00,9.22
2018-12-23 02:30:00,14.09
2018-12-23 02:45:00,15.8
2018-12-23 03:00:00,8.16
2018-12-23 03:15:00,6.06
2018-12-23 03:30:00,6.7700005
2018-12-23 03:45:00,9.6
2018-12-23 04:00:00,10.13
2018-12-23 04:15:00,13.949999
2018-12-23 04:30:00,12.83
2018-12-23 04:45:00,13.1
2018-12-23 05:00:00,12.24
2018-12-23 05:15:00,15.2
2018-12-23 05:30:00,11.51
2018-12-23 05:45:00,2.6999998
2018-12-23 06:00:00,0.0
2018-12-23 06:15:00,0.0
2018-12-23 06:30:00,42.77
2018-12-23 06:45:00,187.1
2018-12-23 07:00:00,199.93
2018-12-23 07:15:00,193.42
2018-12-23 07:30:00,195.78
2018-12-23 07:45:00,204.28
2018-12-23 08:00:00,208.09
2018-12-23 08:15:00,179.26999
2018-12-23 08:30:00,178.68
2018-12-23 08:45:00,168.47
2018-12-23 09:00:00,182.43
2018-12-23 09:15:00,183.01997
2018-12-23 09:30:00,206.97
2018-12-23 09:45:00,208.62
2018-12-23 10:00:00,201.04999
2018-12-23 10:15:00,212.17
2018-12-23 10:30:00,198.02
2018-12-23 10:45:00,179.79001
2018-12-23 11:00:00,179.27
2018-12-23 11:15:00,178.08
2018-12-23 11:30:00,187.17
2018-12-23 11:45:00,193.35
2018-12-23 12:00:00,191.23999
2018-12-23 12:15:00,178.41
2018-12-23 12:30:00,166.04999
2018-12-23 12:45:00,163.28
2018-12-23 13:00:00,155.44
2018-12-23 13:15:00,151.10999
2018-12-23 13:30:00,143.0
2018-12-23 13:45:00,131.23001
2018-12-23 14:00:00,104.9
2018-12-23 14:15:00,114.44
2018-12-23 14:30:00,104.84
2018-12-23 14:45:00,106.09
2018-12-23 15:00:00,67.39
2018-12-23 15:15:00,53.379997
2018-12-23 15:30:00,47.84
2018-12-23 15:45:00,40.4
2018-12-23 16:00:00,36.39
2018-12-23 16:15:00,35.15
2018-12-23 16:30:00,38.11
2018-12-23 16:45:00,35.739998
2018-12-23 17:00:00,36.86
2018-12-23 17:15:00,32.18
2018-12-23 17:30:00,29.09
2018-12-23 17:45:00,16.45
2018-12-23 18:00:00,12.51
2018-12-23 18:15:00,9.68
2018-12-23 18:30:00,9.93
2018-12-23 18:45:00,8.95
2018-12-23 19:00:00,2.83
2018-12-23 19:15:00,5.99
2018-12-23 19:30:00,5.92
2018-12-23 19:45:00,0.72
2018-12-23 20:00:00,0.0
2018-12-23 20:15:00,0.0
2018-12-23 20:30:00,0.0
2018-12-23 20:45:00,0.0
2018-12-23 21:00:00,0.0
2018-12-23 21:15:00,0.0
2018-12-23 21:30:00,0.0
2018-12-23 21:45:00,0.0
2018-12-23 22:00:00,0.0
2018-12-23 22:15:00,0.0
2018-12-23 22:30:00,0.0
2018-12-23 22:45:00,0.0
2018-12-23 23:00:00,0.0
2018-12-23 23:15:00,0.0
2018-12-23 23:30:00,0.0
2018-12-23 23:45:00,0.0
2018-12-24 00:00:00,0.0
2018-12-24 00:15:00,0.0
2018-12-24 00:30:00,0.0
2018-12-24 00:45:00,0.0
2018-12-24 01:00:00,0.0
2018-12-24 01:15:00,0.0
2018-12-24 01:30:00,0.0
2018-12-24 01:45:00,0.0
2018-12-24 02:00:00,0.26
2018-12-24 02:15:00,0.59
2018-12-24 02:30:00,0.0
2018-12-24 02:45:00,1.6500001
2018-12-24 03:00:00,2.24
2018-12-24 03:15:00,3.75
2018-12-24 03:30:00,10.66
2018-12-24 03:45:00,8.29
2018-12-24 04:00:00,7.96
2018-12-24 04:15:00,19.48
2018-12-24 04:30:00,11.12
2018-12-24 04:45:00,30.93
2018-12-24 05:00:00,53.440002
2018-12-24 05:15:00,27.64
2018-12-24 05:30:00,30.869999
2018-12-24 05:45:00,21.98
2018-12-24 06:00:00,33.629997
2018-12-24 06:15:00,49.69
2018-12-24 06:30:00,63.97
2018-12-24 06:45:00,60.61
2018-12-24 07:00:00,40.34
2018-12-24 07:15:00,30.330002
2018-12-24 07:30:00,23.759998
2018-12-24 07:45:00,36.98
2018-12-24 08:00:00,42.25
2018-12-24 08:15:00,37.18
2018-12-24 08:30:00,34.42
2018-12-24 08:45:00,33.03
2018-12-24 09:00:00,37.18
2018-12-24 09:15:00,48.18
2018-12-24 09:30:00,69.240005
2018-12-24 09:45:00,69.36
2018-12-24 10:00:00,77.2
2018-12-24 10:15:00,75.55
2018-12-24 10:30:00,94.7
2018-12-24 10:45:00,122.08
2018-12-24 11:00:00,121.49
2018-12-24 11:15:00,110.96
2018-12-24 11:30:00,127.54001
2018-12-24 11:45:00,149.33
2018-12-24 12:00:00,152.16
2018-12-24 12:15:00,141.76
2018-12-24 12:30:00,146.89
2018-12-24 12:45:00,186.64001
2018-12-24 13:00:00,196.45
2018-12-24 13:15:00,206.98
2018-12-24 13:30:00,215.45999
2018-12-24 13:45:00,220.93
2018-12-24 14:00:00,220.6
2018-12-24 14:15:00,218.16
2018-12-24 14:30:00,218.81998
2018-12-24 14:45:00,218.95999
2018-12-24 15:00:00,218.76001
2018-12-24 15:15:00,220.26999
2018-12-24 15:30:00,220.07
2018-12-24 15:45:00,219.81
2018-12-24 16:00:00,214.79999
2018-12-24 16:15:00,207.95999
2018-12-24 16:30:00,210.07
2018-12-24 16:45:00,211.91
2018-12-24 17:00:00,205.73
2018-12-24 17:15:00,204.79999
2018-12-24 17:30:00,198.95001
2018-12-24 17:45:00,186.04
2018-12-24 18:00:00,168.81
2018-12-24 18:15:00,165.65
2018-12-24 18:30:00,146.48999
2018-12-24 18:45:00,124.45
2018-12-24 19:00:00,92.729996
2018-12-24 19:15:00,95.82
2018-12-24 19:30:00,102.14
2018-12-24 19:45:00,92.34
2018-12-24 20:00:00,96.54
2018-12-24 20:15:00,87.0
2018-12-24 20:30:00,77.39
2018-12-24 20:45:00,63.12
2018-12-24 21:00:00,60.02
2018-12-24 21:15:00,70.81
2018-12-24 21:30:00,90.16
2018-12-24 21:45:00,91.600006
2018-12-24 22:00:00,87.270004
2018-12-24 22:15:00,82.53
2018-12-24 22:30:00,92.86
2018-12-24 22:45:00,67.72
2018-12-24 23:00:00,47.78
2018-12-24 23:15:00,67.0
2018-12-24 23:30:00,74.24
2018-12-24 23:45:00,76.729996
2018-12-25 00:00:00,89.17
2018-12-25 00:15:00,94.71001
2018-12-25 00:30:00,110.95
2018-12-25 00:45:00,105.1
2018-12-25 01:00:00,118.520004
2018-12-25 01:15:00,109.25
2018-12-25 01:30:00,138.86
2018-12-25 01:45:00,163.81
2018-12-25 02:00:00,154.71999
2018-12-25 02:15:00,150.44
2018-12-25 02:30:00,176.57
2018-12-25 02:45:00,171.56998
2018-12-25 03:00:00,160.32
2018-12-25 03:15:00,161.3
2018-12-25 03:30:00,176.97
2018-12-25 03:45:00,184.73001
2018-12-25 04:00:00,174.91998
2018-12-25 04:15:00,174.06998
2018-12-25 04:30:00,161.04001
2018-12-25 04:45:00,157.35
2018-12-25 05:00:00,161.95999
2018-12-25 05:15:00,159.65999
2018-12-25 05:30:00,159.72
2018-12-25 05:45:00,166.04001
2018-12-25 06:00:00,168.34
2018-12-25 06:15:00,154.51999
2018-12-25 06:30:00,146.89
2018-12-25 06:45:00,155.06
2018-12-25 07:00:00,163.54001
2018-12-25 07:15:00,157.09
2018-12-25 07:30:00,145.44
2018-12-25 07:45:00,142.55
2018-12-25 08:00:00,142.61
2018-12-25 08:15:00,136.62
2018-12-25 08:30:00,135.83
2018-12-25 08:45:00,136.37
2018-12-25 09:00:00,135.89
2018-12-25 09:15:00,129.58
2018-12-25 09:30:00,120.37
2018-12-25 09:45:00,117.20999
2018-12-25 10:00:00,118.98
2018-12-25 10:15:00,119.85
2018-12-25 10:30:00,125.369995
2018-12-25 10:45:00,134.18
2018-12-25 11:00:00,137.21
2018-12-25 11:15:00,140.31
2018-12-25 11:30:00,135.76999
2018-12-25 11:45:00,128.92
2018-12-25 12:00:00,123.26
2018-12-25 12:15:00,113.85
2018-12-25 12:30:00,121.42
2018-12-25 12:45:00,105.3
2018-12-25 13:00:00,95.89
2018-12-25 13:15:00,65.68
2018-12-25 13:30:00,30.99
2018-12-25 13:45:00,20.73
2018-12-25 14:00:00,16.52
2018-12-25 14:15:00,15.07
2018-12-25 14:30:00,13.62
2018-12-25 14:45:00,6.52
2018-12-25 15:00:00,3.16
2018-12-25 15:15:00,1.6500001
2018-12-25 15:30:00,3.9499998
2018-12-25 15:45:00,3.1599998
2018-12-25 16:00:00,0.53000003
2018-12-25 16:15:00,0.0
2018-12-25 16:30:00,0.0
2018-12-25 16:45:00,0.0
2018-12-25 17:00:00,0.92
2018-12-25 17:15:00,5.85
2018-12-25 17:30:00,7.5
2018-12-25 17:45:00,12.370001
2018-12-25 18:00:00,11.12
2018-12-25 18:15:00,5.46
2018-12-25 18:30:00,9.74
2018-12-25 18:45:00,14.02
2018-12-25 19:00:00,30.27
2018-12-25 19:15:00,45.010002
2018-12-25 19:30:00,25.73
2018-12-25 19:45:00,25.73
2018-12-25 20:00:00,20.27
2018-12-25 20:15:00,19.55
2018-12-25 20:30:00,24.880001
2018-12-25 20:45:00,28.169998
2018-12-25 21:00:00,34.95
2018-12-25 21:15:00,31.259998
2018-12-25 21:30:00,32.31
2018-12-25 21:45:00,47.059998
2018-12-25 22:00:00,52.13
2018-12-25 22:15:00,51.73
2018-12-25 22:30:00,49.82
2018-12-25 22:45:00,53.37
2018-12-25 23:00:00,54.489998
2018-12-25 23:15:00,51.6
2018-12-25 23:30:00,42.91
2018-12-25 23:45:00,32.78
2018-12-26 00:00:00,39.550003
2018-12-26 00:15:00,55.809998
2018-12-26 00:30:00,48.44
2018-12-26 00:45:00,30.080002
2018-12-26 01:00:00,44.82
2018-12-26 01:15:00,65.54
2018-12-26 01:30:00,78.78
2018-12-26 01:45:00,66.67
2018-12-26 02:00:00,68.65
2018-12-26 02:15:00,60.61
2018-12-26 02:30:00,67.46
2018-12-26 02:45:00,99.25
2018-12-26 03:00:00,108.649994
2018-12-26 03:15:00,135.31
2018-12-26 03:30:00,184.79001
2018-12-26 03:45:00,206.91
2018-12-26 04:00:00,196.18
2018-12-26 04:15:00,191.77
2018-12-26 04:30:00,188.48
2018-12-26 04:45:00,209.61
2018-12-26 05:00:00,215.47
2018-12-26 05:15:00,201.70999
2018-12-26 05:30:00,181.83
2018-12-26 05:45:00,191.31
2018-12-26 06:00:00,205.39
2018-12-26 06:15:00,221.85
2018-12-26 06:30:00,220.14
2018-12-26 06:45:00,219.87
2018-12-26 07:00:00,220.86
2018-12-26 07:15:00,212.16998
2018-12-26 07:30:00,213.09998
2018-12-26 07:45:00,213.16
2018-12-26 08:00:00,212.89
2018-12-26 08:15:00,212.95999
2018-12-26 08:30:00,214.40997
2018-12-26 08:45:00,202.9
2018-12-26 09:00:00,205.12999
2018-12-26 09:15:00,188.09
2018-12-26 09:30:00,180.58
2018-12-26 09:45:00,193.94998
2018-12-26 10:00:00,198.09
2018-12-26 10:15:00,202.37
2018-12-26 10:30:00,181.9
2018-12-26 10:45:00,173.41
2018-12-26 11:00:00,172.56
2018-12-26 11:15:00,184.34
2018-12-26 11:30:00,185.58
2018-12-26 11:45:00,188.09
2018-12-26 12:00:00,203.28998
2018-12-26 12:15:00,200.78998
2018-12-26 12:30:00,206.45001
2018-12-26 12:45:00,206.45
2018-12-26 13:00:00,204.61
2018-12-26 13:15:00,196.31998
2018-12-26 13:30:00,200.45999
2018-12-26 13:45:00,199.20999
2018-12-26 14:00:00,196.50998
2018-12-26 14:15:00,188.87
2018-12-26 14:30:00,167.94
2018-12-26 14:45:00,130.43
2018-12-26 15:00:00,175.38
2018-12-26 15:15:00,125.7
2018-12-26 15:30:00,0.0
2018-12-26 15:45:00,0.0
2018-12-26 16:00:00,0.0
2018-12-26 16:15:00,0.0
2018-12-26 16:30:00,0.0
2018-12-26 16:45:00,0.0
2018-12-26 17:00:00,0.0
2018-12-26 17:15:00,0.0
2018-12-26 17:30:00,0.0
2018-12-26 17:45:00,0.0
2018-12-26 18:00:00,0.0
2018-12-26 18:15:00,0.0
2018-12-26 18:30:00,1.84
2018-12-26 18:45:00,25.27
2018-12-26 19:00:00,33.17
2018-12-26 19:15:00,46.129997
2018-12-26 19:30:00,73.25
2018-12-26 19:45:00,85.29
2018-12-26 20:00:00,83.25
2018-12-26 20:15:00,107.21
2018-12-26 20:30:00,116.61
2018-12-26 20:45:00,118.72
2018-12-26 21:00:00,121.69
2018-12-26 21:15:00,123.2
2018-12-26 21:30:00,125.5
2018-12-26 21:45:00,123.33
2018-12-26 22:00:00,106.81
2018-12-26 22:15:00,130.83
2018-12-26 22:30:00,139.85
2018-12-26 22:45:00,142.09
2018-12-26 23:00:00,126.020004
2018-12-26 23:15:00,124.32
2018-12-26 23:30:00,139.65
2018-12-26 23:45:00,125.57
2018-12-27 00:00:00,88.71
2018-12-27 00:15:00,80.03
2018-12-27 00:30:00,102.07001
2018-12-27 00:45:00,120.11
2018-12-27 01:00:00,87.990005
2018-12-27 01:15:00,124.19
2018-12-27 01:30:00,123.33
2018-12-27 01:45:00,112.01
2018-12-27 02:00:00,100.43
2018-12-27 02:15:00,79.56
2018-12-27 02:30:00,132.61
2018-12-27 02:45:00,117.8
2018-12-27 03:00:00,97.07
2018-12-27 03:15:00,92.399994
2018-12-27 03:30:00,67.06
2018-12-27 03:45:00,83.84
2018-12-27 04:00:00,72.65
2018-12-27 04:15:00,44.489998
2018-12-27 04:30:00,62.519997
2018-12-27 04:45:00,91.08
2018-12-27 05:00:00,119.51
2018-12-27 05:15:00,93.32
2018-12-27 05:30:00,86.93
2018-12-27 05:45:00,100.82
2018-12-27 06:00:00,112.67
2018-12-27 06:15:00,72.2
2018-12-27 06:30:00,113.72
2018-12-27 06:45:00,140.84
2018-12-27 07:00:00,146.82
2018-12-27 07:15:00,146.89
2018-12-27 07:30:00,145.05
2018-12-27 07:45:00,146.95001
2018-12-27 08:00:00,147.22
2018-12-27 08:15:00,144.85
2018-12-27 08:30:00,143.93
2018-12-27 08:45:00,140.23999
2018-12-27 09:00:00,143.8
2018-12-27 09:15:00,143.92
2018-12-27 09:30:00,143.98999
2018-12-27 09:45:00,144.98001
2018-12-27 10:00:00,145.57
2018-12-27 10:15:00,145.44
2018-12-27 10:30:00,145.03998
2018-12-27 10:45:00,146.36
2018-12-27 11:00:00,147.15
2018-12-27 11:15:00,146.09999
2018-12-27 11:30:00,147.22
2018-12-27 11:45:00,146.94998
2018-12-27 12:00:00,146.57
2018-12-27 12:15:00,146.82999
2018-12-27 12:30:00,143.73001
2018-12-27 12:45:00,145.44
2018-12-27 13:00:00,145.12
2018-12-27 13:15:00,142.54999
2018-12-27 13:30:00,144.66
2018-12-27 13:45:00,146.1
2018-12-27 14:00:00,142.94
2018-12-27 14:15:00,151.63
2018-12-27 14:30:00,151.63
2018-12-27 14:45:00,157.89
2018-12-27 15:00:00,161.8
2018-12-27 15:15:00,175.91
2018-12-27 15:30:00,188.22
2018-12-27 15:45:00,191.11
2018-12-27 16:00:00,195.06
2018-12-27 16:15:00,163.73999
2018-12-27 16:30:00,114.119995
2018-12-27 16:45:00,146.95999
2018-12-27 17:00:00,106.94
2018-12-27 17:15:00,108.06
2018-12-27 17:30:00,74.1
2018-12-27 17:45:00,56.86
2018-12-27 18:00:00,58.440002
2018-12-27 18:15:00,40.010002
2018-12-27 18:30:00,60.54
2018-12-27 18:45:00,46.59
2018-12-27 19:00:00,46.269997
2018-12-27 19:15:00,48.83
2018-12-27 19:30:00,61.129997
2018-12-27 19:45:00,54.23
2018-12-27 20:00:00,56.67
2018-12-27 20:15:00,50.41
2018-12-27 20:30:00,65.61
2018-12-27 20:45:00,59.23
2018-12-27 21:00:00,48.77
2018-12-27 21:15:00,42.72
2018-12-27 21:30:00,34.22
2018-12-27 21:45:00,29.220001
2018-12-27 22:00:00,19.48
2018-12-27 22:15:00,15.4
2018-12-27 22:30:00,12.440001
2018-12-27 22:45:00,3.29
2018-12-27 23:00:00,3.62
2018-12-27 23:15:00,5.79
2018-12-27 23:30:00,3.56
2018-12-27 23:45:00,2.8899999
2018-12-28 00:00:00,0.07
2018-12-28 00:15:00,0.0
2018-12-28 00:30:00,0.0
2018-12-28 00:45:00,0.0
2018-12-28 01:00:00,0.0
2018-12-28 01:15:00,0.0
2018-12-28 01:30:00,0.0
2018-12-28 01:45:00,0.79
2018-12-28 02:00:00,5.5299997
2018-12-28 02:15:00,25.01
2018-12-28 02:30:00,35.739998
2018-12-28 02:45:00,43.7
2018-12-28 03:00:00,53.699997
2018-12-28 03:15:00,50.41
2018-12-28 03:30:00,42.91
2018-12-28 03:45:00,43.43
2018-12-28 04:00:00,50.67
2018-12-28 04:15:00,55.35
2018-12-28 04:30:00,45.08
2018-12-28 04:45:00,46.46
2018-12-28 05:00:00,58.38
2018-12-28 05:15:00,72.0
2018-12-28 05:30:00,70.55
2018-12-28 05:45:00,75.82
2018-12-28 06:00:00,87.86
2018-12-28 06:15:00,162.62
2018-12-28 06:30:00,144.52
2018-12-28 06:45:00,105.89
2018-12-28 07:00:00,107.6
2018-12-28 07:15:00,123.46
2018-12-28 07:30:00,105.229996
2018-12-28 07:45:00,97.14
2018-12-28 08:00:00,124.979996
2018-12-28 08:15:00,107.270004
2018-12-28 08:30:00,95.89
2018-12-28 08:45:00,72.86
2018-12-28 09:00:00,67.850006
2018-12-28 09:15:00,57.98
2018-12-28 09:30:00,67.2
2018-12-28 09:45:00,67.65
2018-12-28 10:00:00,66.729996
2018-12-28 10:15:00,68.32001
2018-12-28 10:30:00,60.35
2018-12-28 10:45:00,55.41
2018-12-28 11:00:00,68.71
2018-12-28 11:15:00,89.240005
2018-12-28 11:30:00,86.74
2018-12-28 11:45:00,94.31
2018-12-28 12:00:00,93.72
2018-12-28 12:15:00,112.86
2018-12-28 12:30:00,113.19
2018-12-28 12:45:00,113.78
2018-12-28 13:00:00,131.42
2018-12-28 13:15:00,124.31
2018-12-28 13:30:00,120.77
2018-12-28 13:45:00,131.76
2018-12-28 14:00:00,129.26001
2018-12-28 14:15:00,138.27
2018-12-28 14:30:00,147.09
2018-12-28 14:45:00,142.42001
2018-12-28 15:00:00,143.20999
2018-12-28 15:15:00,146.48999
2018-12-28 15:30:00,139.39
2018-12-28 15:45:00,131.29001
2018-12-28 16:00:00,105.16
2018-12-28 16:15:00,93.85
2018-12-28 16:30:00,81.28
2018-12-28 16:45:00,73.51
2018-12-28 17:00:00,83.44
2018-12-28 17:15:00,84.1
2018-12-28 17:30:00,80.29
2018-12-28 17:45:00,82.2
2018-12-28 18:00:00,73.57
2018-12-28 18:15:00,64.619995
2018-12-28 18:30:00,65.81
2018-12-28 18:45:00,62.589996
2018-12-28 19:00:00,75.95
2018-12-28 19:15:00,89.770004
2018-12-28 19:30:00,86.47
2018-12-28 19:45:00,104.57
2018-12-28 20:00:00,93.51
2018-12-28 20:15:00,103.39
2018-12-28 20:30:00,103.520004
2018-12-28 20:45:00,96.61
2018-12-28 21:00:00,81.74
2018-12-28 21:15:00,84.43
2018-12-28 21:30:00,74.96
2018-12-28 21:45:00,75.42
2018-12-28 22:00:00,58.699997
2018-12-28 22:15:00,65.54
2018-12-28 22:30:00,78.770004
2018-12-28 22:45:00,81.21001
2018-12-28 23:00:00,83.25
2018-12-28 23:15:00,89.7
2018-12-28 23:30:00,95.5
2018-12-28 23:45:00,91.28
2018-12-29 00:00:00,72.99
2018-12-29 00:15:00,69.240005
2018-12-29 00:30:00,79.9
2018-12-29 00:45:00,68.44
2018-12-29 01:00:00,71.54
2018-12-29 01:15:00,66.07
2018-12-29 01:30:00,74.03999
2018-12-29 01:45:00,73.71
2018-12-29 02:00:00,72.13
2018-12-29 02:15:00,71.14
2018-12-29 02:30:00,73.71
2018-12-29 02:45:00,68.509995
2018-12-29 03:00:00,66.6
2018-12-29 03:15:00,73.97
2018-12-29 03:30:00,60.870003
2018-12-29 03:45:00,80.81
2018-12-29 04:00:00,85.75
2018-12-29 04:15:00,77.66
2018-12-29 04:30:00,84.509995
2018-12-29 04:45:00,50.809998
2018-12-29 05:00:00,44.489998
2018-12-29 05:15:00,39.35
2018-12-29 05:30:00,55.08
2018-12-29 05:45:00,57.26
2018-12-29 06:00:00,51.4
2018-12-29 06:15:00,45.35
2018-12-29 06:30:00,45.68
2018-12-29 06:45:00,46.13
2018-12-29 07:00:00,53.96
2018-12-29 07:15:00,45.21
2018-12-29 07:30:00,41.4
2018-12-29 07:45:00,54.75
2018-12-29 08:00:00,47.19
2018-12-29 08:15:00,52.71
2018-12-29 08:30:00,53.96
2018-12-29 08:45:00,51.07
2018-12-29 09:00:00,51.72
2018-12-29 09:15:00,54.89
2018-12-29 09:30:00,62.19
2018-12-29 09:45:00,47.379997
2018-12-29 10:00:00,61.99
2018-12-29 10:15:00,45.870003
2018-12-29 10:30:00,39.29
2018-12-29 10:45:00,42.38
2018-12-29 11:00:00,44.22
2018-12-29 11:15:00,45.67
2018-12-29 11:30:00,50.41
2018-12-29 11:45:00,76.67
2018-12-29 12:00:00,68.71
2018-12-29 12:15:00,42.84
2018-12-29 12:30:00,36.73
2018-12-29 12:45:00,28.96
2018-12-29 13:00:00,35.54
2018-12-29 13:15:00,32.71
2018-12-29 13:30:00,32.58
2018-12-29 13:45:00,30.009998
2018-12-29 14:00:00,24.880001
2018-12-29 14:15:00,25.4
2018-12-29 14:30:00,25.54
2018-12-29 14:45:00,19.869999
2018-12-29 15:00:00,27.58
2018-12-29 15:15:00,32.51
2018-12-29 15:30:00,31.65
2018-12-29 15:45:00,30.01
2018-12-29 16:00:00,26.06
2018-12-29 16:15:00,31.060001
2018-12-29 16:30:00,24.68
2018-12-29 16:45:00,20.54
2018-12-29 17:00:00,17.630001
2018-12-29 17:15:00,13.29
2018-12-29 17:30:00,13.360001
2018-12-29 17:45:00,11.71
2018-12-29 18:00:00,9.67
2018-12-29 18:15:00,9.15
2018-12-29 18:30:00,9.35
2018-12-29 18:45:00,9.74
2018-12-29 19:00:00,7.4300003
2018-12-29 19:15:00,10.59
2018-12-29 19:30:00,12.37
2018-12-29 19:45:00,17.9
2018-12-29 20:00:00,12.51
2018-12-29 20:15:00,12.77
2018-12-29 20:30:00,12.639999
2018-12-29 20:45:00,9.610001
2018-12-29 21:00:00,7.4300003
2018-12-29 21:15:00,10.79
2018-12-29 21:30:00,12.11
2018-12-29 21:45:00,8.1
2018-12-29 22:00:00,5.99
2018-12-29 22:15:00,5.92
2018-12-29 22:30:00,12.76
2018-12-29 22:45:00,15.139999
2018-12-29 23:00:00,15.07
2018-12-29 23:15:00,14.81
2018-12-29 23:30:00,10.73
2018-12-29 23:45:00,11.059999
2018-12-30 00:00:00,11.32
2018-12-30 00:15:00,8.03
2018-12-30 00:30:00,8.03
2018-12-30 00:45:00,9.41
2018-12-30 01:00:00,11.849999
2018-12-30 01:15:00,3.62
2018-12-30 01:30:00,5.8
2018-12-30 01:45:00,4.7400002
2018-12-30 02:00:00,1.71
2018-12-30 02:15:00,0.86
2018-12-30 02:30:00,0.0
2018-12-30 02:45:00,0.0
2018-12-30 03:00:00,0.0
2018-12-30 03:15:00,0.0
2018-12-30 03:30:00,0.0
2018-12-30 03:45:00,0.0
2018-12-30 04:00:00,0.0
2018-12-30 04:15:00,0.0
2018-12-30 04:30:00,0.0
2018-12-30 04:45:00,0.0
2018-12-30 05:00:00,0.0
2018-12-30 05:15:00,0.0
2018-12-30 05:30:00,0.0
2018-12-30 05:45:00,0.0
2018-12-30 06:00:00,0.0
2018-12-30 06:15:00,0.0
2018-12-30 06:30:00,0.0
2018-12-30 06:45:00,0.0
2018-12-30 07:00:00,0.0
2018-12-30 07:15:00,0.0
2018-12-30 07:30:00,0.0
2018-12-30 07:45:00,0.0
2018-12-30 08:00:00,0.0
2018-12-30 08:15:00,0.0
2018-12-30 08:30:00,0.0
2018-12-30 08:45:00,0.0
2018-12-30 09:00:00,0.0
2018-12-30 09:15:00,0.0
2018-12-30 09:30:00,0.0
2018-12-30 09:45:00,0.0
2018-12-30 10:00:00,0.0
2018-12-30 10:15:00,0.0
2018-12-30 10:30:00,0.0
2018-12-30 10:45:00,0.0
2018-12-30 11:00:00,0.0
2018-12-30 11:15:00,0.0
2018-12-30 11:30:00,0.0
2018-12-30 11:45:00,0.0
2018-12-30 12:00:00,0.0
2018-12-30 12:15:00,0.0
2018-12-30 12:30:00,0.0
2018-12-30 12:45:00,0.0
2018-12-30 13:00:00,0.0
2018-12-30 13:15:00,0.0
2018-12-30 13:30:00,0.0
2018-12-30 13:45:00,0.0
2018-12-30 14:00:00,0.0
2018-12-30 14:15:00,0.0
2018-12-30 14:30:00,0.0
2018-12-30 14:45:00,0.0
2018-12-30 15:00:00,0.0
2018-12-30 15:15:00,0.0
2018-12-30 15:30:00,0.0
2018-12-30 15:45:00,0.0
2018-12-30 16:00:00,0.0
2018-12-30 16:15:00,0.0
2018-12-30 16:30:00,0.0
2018-12-30 16:45:00,0.0
2018-12-30 17:00:00,0.0
2018-12-30 17:15:00,0.0
2018-12-30 17:30:00,0.0
2018-12-30 17:45:00,0.0
2018-12-30 18:00:00,0.0
2018-12-30 18:15:00,0.0
2018-12-30 18:30:00,0.0
2018-12-30 18:45:00,0.0
2018-12-30 19:00:00,0.0
2018-12-30 19:15:00,0.0
2018-12-30 19:30:00,0.0
2018-12-30 19:45:00,0.0
2018-12-30 20:00:00,0.0
2018-12-30 20:15:00,0.0
2018-12-30 20:30:00,0.0
2018-12-30 20:45:00,0.0
2018-12-30 21:00:00,0.0
2018-12-30 21:15:00,0.0
2018-12-30 21:30:00,0.0
2018-12-30 21:45:00,0.0
2018-12-30 22:00:00,0.0
2018-12-30 22:15:00,0.0
2018-12-30 22:30:00,0.0
2018-12-30 22:45:00,0.0
2018-12-30 23:00:00,0.0
2018-12-30 23:15:00,0.0
2018-12-30 23:30:00,2.3
2018-12-30 23:45:00,4.08
2018-12-31 00:00:00,2.76
2018-12-31 00:15:00,1.84
2018-12-31 00:30:00,5.3900003
2018-12-31 00:45:00,1.58
2018-12-31 01:00:00,14.93
2018-12-31 01:15:00,13.1
2018-12-31 01:30:00,1.98
2018-12-31 01:45:00,1.97
2018-12-31 02:00:00,0.0
2018-12-31 02:15:00,0.0
2018-12-31 02:30:00,0.0
2018-12-31 02:45:00,0.0
2018-12-31 03:00:00,0.0
2018-12-31 03:15:00,29.88
2018-12-31 03:30:00,75.880005
2018-12-31 03:45:00,53.97
2018-12-31 04:00:00,65.55
2018-12-31 04:15:00,78.58
2018-12-31 04:30:00,79.04
2018-12-31 04:45:00,41.85
2018-12-31 05:00:00,97.270004
2018-12-31 05:15:00,52.25
2018-12-31 05:30:00,47.84
2018-12-31 05:45:00,22.71
2018-12-31 06:00:00,14.15
2018-12-31 06:15:00,4.1400003
2018-12-31 06:30:00,3.94
2018-12-31 06:45:00,22.64
2018-12-31 07:00:00,165.64
2018-12-31 07:15:00,95.22
2018-12-31 07:30:00,78.380005
2018-12-31 07:45:00,115.95
2018-12-31 08:00:00,106.42
2018-12-31 08:15:00,157.15
2018-12-31 08:30:00,138.59
2018-12-31 08:45:00,123.92
2018-12-31 09:00:00,115.43
2018-12-31 09:15:00,92.600006
2018-12-31 09:30:00,128.85
2018-12-31 09:45:00,139.65
2018-12-31 10:00:00,159.45999
2018-12-31 10:15:00,176.11
2018-12-31 10:30:00,180.97998
2018-12-31 10:45:00,193.69
2018-12-31 11:00:00,199.93
2018-12-31 11:15:00,203.75
2018-12-31 11:30:00,212.7
2018-12-31 11:45:00,206.12
2018-12-31 12:00:00,200.32999
2018-12-31 12:15:00,199.13998
2018-12-31 12:30:00,177.56
2018-12-31 12:45:00,186.18
2018-12-31 13:00:00,152.94
2018-12-31 13:15:00,181.57
2018-12-31 13:30:00,197.9
2018-12-31 13:45:00,207.43
2018-12-31 14:00:00,213.23
2018-12-31 14:15:00,212.63998
2018-12-31 14:30:00,214.48
2018-12-31 14:45:00,213.54997
2018-12-31 15:00:00,212.64
2018-12-31 15:15:00,215.79001
2018-12-31 15:30:00,212.10999
2018-12-31 15:45:00,212.83
2018-12-31 16:00:00,200.12999
2018-12-31 16:15:00,202.09998
2018-12-31 16:30:00,189.98999
2018-12-31 16:45:00,184.98999
2018-12-31 17:00:00,186.18
2018-12-31 17:15:00,193.47998
2018-12-31 17:30:00,188.15
2018-12-31 17:45:00,192.16
2018-12-31 18:00:00,201.39
2018-12-31 18:15:00,197.35999
2018-12-31 18:30:00,193.22
2018-12-31 18:45:00,187.48999
2018-12-31 19:00:00,171.04999
2018-12-31 19:15:00,167.95001
2018-12-31 19:30:00,188.08
2018-12-31 19:45:00,170.45001
2018-12-31 20:00:00,153.87
2018-12-31 20:15:00,128.0
2018-12-31 20:30:00,105.229996
2018-12-31 20:45:00,78.57
2018-12-31 21:00:00,64.76
2018-12-31 21:15:00,63.699997
2018-12-31 21:30:00,62.72
2018-12-31 21:45:00,68.57
2018-12-31 22:00:00,51.6
2018-12-31 22:15:00,40.34
2018-12-31 22:30:00,35.870003
2018-12-31 22:45:00,29.16
2018-12-31 23:00:00,21.91
2018-12-31 23:15:00,15.799999
2018-12-31 23:30:00,13.17
2018-12-31 23:45:00,14.15
