time_stamp,capacity
2018-01-01 06:00:00,0.0
2018-01-01 06:15:00,0.0
2018-01-01 06:30:00,0.0
2018-01-01 06:45:00,0.0
2018-01-01 07:00:00,0.0
2018-01-01 07:15:00,0.0
2018-01-01 07:30:00,0.0
2018-01-01 07:45:00,0.0
2018-01-01 08:00:00,0.0
2018-01-01 08:15:00,0.0
2018-01-01 08:30:00,0.0
2018-01-01 08:45:00,0.0
2018-01-01 09:00:00,0.0
2018-01-01 09:15:00,0.0
2018-01-01 09:30:00,0.0
2018-01-01 09:45:00,0.0
2018-01-01 10:00:00,0.0
2018-01-01 10:15:00,0.0
2018-01-01 10:30:00,0.0
2018-01-01 10:45:00,0.0
2018-01-01 11:00:00,0.0
2018-01-01 11:15:00,0.0
2018-01-01 11:30:00,0.0
2018-01-01 11:45:00,0.0
2018-01-01 12:00:00,0.0
2018-01-01 12:15:00,0.0
2018-01-01 12:30:00,0.0
2018-01-01 12:45:00,0.0
2018-01-01 13:00:00,0.0
2018-01-01 13:15:00,0.0
2018-01-01 13:30:00,0.0
2018-01-01 13:45:00,0.0
2018-01-01 14:00:00,0.0
2018-01-01 14:15:00,0.0
2018-01-01 14:30:00,0.0
2018-01-01 14:45:00,0.0
2018-01-01 15:00:00,0.0
2018-01-01 15:15:00,0.0
2018-01-01 15:30:00,0.0
2018-01-01 15:45:00,0.0
2018-01-01 16:00:00,0.0
2018-01-01 16:15:00,0.0
2018-01-01 16:30:00,0.0
2018-01-01 16:45:00,0.0
2018-01-01 17:00:00,0.0
2018-01-01 17:15:00,0.0
2018-01-01 17:30:00,0.0
2018-01-01 17:45:00,0.0
2018-01-01 18:00:00,0.0
2018-01-01 18:15:00,0.0
2018-01-01 18:30:00,0.0
2018-01-01 18:45:00,0.0
2018-01-01 19:00:00,0.0
2018-01-01 19:15:00,0.0
2018-01-01 19:30:00,0.0
2018-01-01 19:45:00,0.0
2018-01-01 20:00:00,0.0
2018-01-01 20:15:00,0.0
2018-01-01 20:30:00,0.0
2018-01-01 20:45:00,0.0
2018-01-01 21:00:00,0.0
2018-01-01 21:15:00,0.0
2018-01-01 21:30:00,0.0
2018-01-01 21:45:00,0.0
2018-01-01 22:00:00,0.0
2018-01-01 22:15:00,0.0
2018-01-01 22:30:00,0.0
2018-01-01 22:45:00,0.0
2018-01-01 23:00:00,0.0
2018-01-01 23:15:00,0.0
2018-01-01 23:30:00,0.0
2018-01-01 23:45:00,0.0
2018-01-02 00:00:00,0.0
2018-01-02 00:15:00,0.0
2018-01-02 00:30:00,0.0
2018-01-02 00:45:00,0.0
2018-01-02 01:00:00,0.0
2018-01-02 01:15:00,0.0
2018-01-02 01:30:00,0.0
2018-01-02 01:45:00,0.0
2018-01-02 02:00:00,0.0
2018-01-02 02:15:00,0.0
2018-01-02 02:30:00,0.0
2018-01-02 02:45:00,0.0
2018-01-02 03:00:00,0.0
2018-01-02 03:15:00,0.0
2018-01-02 03:30:00,0.0
2018-01-02 03:45:00,0.0
2018-01-02 04:00:00,0.0
2018-01-02 04:15:00,0.0
2018-01-02 04:30:00,0.0
2018-01-02 04:45:00,0.0
2018-01-02 05:00:00,0.0
2018-01-02 05:15:00,0.0
2018-01-02 05:30:00,0.0
2018-01-02 05:45:00,0.0
2018-01-02 06:00:00,0.0
2018-01-02 06:15:00,0.0
2018-01-02 06:30:00,0.0
2018-01-02 06:45:00,0.0
2018-01-02 07:00:00,0.0
2018-01-02 07:15:00,0.0
2018-01-02 07:30:00,0.0
2018-01-02 07:45:00,0.0
2018-01-02 08:00:00,0.0
2018-01-02 08:15:00,0.0
2018-01-02 08:30:00,0.0
2018-01-02 08:45:00,0.0
2018-01-02 09:00:00,0.0
2018-01-02 09:15:00,0.0
2018-01-02 09:30:00,0.0
2018-01-02 09:45:00,0.0
2018-01-02 10:00:00,0.0
2018-01-02 10:15:00,0.0
2018-01-02 10:30:00,0.0
2018-01-02 10:45:00,0.0
2018-01-02 11:00:00,0.0
2018-01-02 11:15:00,0.0
2018-01-02 11:30:00,0.0
2018-01-02 11:45:00,0.0
2018-01-02 12:00:00,0.0
2018-01-02 12:15:00,0.0
2018-01-02 12:30:00,0.0
2018-01-02 12:45:00,0.0
2018-01-02 13:00:00,0.0
2018-01-02 13:15:00,0.0
2018-01-02 13:30:00,0.0
2018-01-02 13:45:00,0.0
2018-01-02 14:00:00,0.0
2018-01-02 14:15:00,0.0
2018-01-02 14:30:00,0.0
2018-01-02 14:45:00,0.0
2018-01-02 15:00:00,0.0
2018-01-02 15:15:00,0.0
2018-01-02 15:30:00,0.0
2018-01-02 15:45:00,0.0
2018-01-02 16:00:00,0.0
2018-01-02 16:15:00,0.0
2018-01-02 16:30:00,0.0
2018-01-02 16:45:00,0.0
2018-01-02 17:00:00,0.0
2018-01-02 17:15:00,0.0
2018-01-02 17:30:00,0.0
2018-01-02 17:45:00,0.0
2018-01-02 18:00:00,0.0
2018-01-02 18:15:00,0.0
2018-01-02 18:30:00,0.0
2018-01-02 18:45:00,0.0
2018-01-02 19:00:00,0.0
2018-01-02 19:15:00,0.0
2018-01-02 19:30:00,0.0
2018-01-02 19:45:00,0.0
2018-01-02 20:00:00,0.0
2018-01-02 20:15:00,0.0
2018-01-02 20:30:00,0.0
2018-01-02 20:45:00,0.0
2018-01-02 21:00:00,0.0
2018-01-02 21:15:00,0.0
2018-01-02 21:30:00,0.0
2018-01-02 21:45:00,0.0
2018-01-02 22:00:00,0.0
2018-01-02 22:15:00,0.0
2018-01-02 22:30:00,0.0
2018-01-02 22:45:00,0.0
2018-01-02 23:00:00,0.0
2018-01-02 23:15:00,0.0
2018-01-02 23:30:00,0.0
2018-01-02 23:45:00,0.0
2018-01-03 00:00:00,0.0
2018-01-03 00:15:00,0.0
2018-01-03 00:30:00,0.0
2018-01-03 00:45:00,0.0
2018-01-03 01:00:00,0.0
2018-01-03 01:15:00,0.0
2018-01-03 01:30:00,0.0
2018-01-03 01:45:00,0.0
2018-01-03 02:00:00,0.0
2018-01-03 02:15:00,0.0
2018-01-03 02:30:00,0.0
2018-01-03 02:45:00,0.0
2018-01-03 03:00:00,0.0
2018-01-03 03:15:00,0.0
2018-01-03 03:30:00,0.0
2018-01-03 03:45:00,0.0
2018-01-03 04:00:00,0.0
2018-01-03 04:15:00,0.0
2018-01-03 04:30:00,0.0
2018-01-03 04:45:00,0.0
2018-01-03 05:00:00,0.0
2018-01-03 05:15:00,0.0
2018-01-03 05:30:00,0.0
2018-01-03 05:45:00,0.0
2018-01-03 06:00:00,0.0
2018-01-03 06:15:00,0.0
2018-01-03 06:30:00,0.0
2018-01-03 06:45:00,0.0
2018-01-03 07:00:00,0.0
2018-01-03 07:15:00,0.0
2018-01-03 07:30:00,0.0
2018-01-03 07:45:00,0.0
2018-01-03 08:00:00,0.0
2018-01-03 08:15:00,0.0
2018-01-03 08:30:00,0.0
2018-01-03 08:45:00,0.0
2018-01-03 09:00:00,0.0
2018-01-03 09:15:00,0.0
2018-01-03 09:30:00,0.0
2018-01-03 09:45:00,0.0
2018-01-03 10:00:00,0.0
2018-01-03 10:15:00,0.0
2018-01-03 10:30:00,0.0
2018-01-03 10:45:00,0.0
2018-01-03 11:00:00,0.0
2018-01-03 11:15:00,0.0
2018-01-03 11:30:00,0.0
2018-01-03 11:45:00,0.0
2018-01-03 12:00:00,0.0
2018-01-03 12:15:00,0.0
2018-01-03 12:30:00,0.0
2018-01-03 12:45:00,0.0
2018-01-03 13:00:00,0.0
2018-01-03 13:15:00,0.0
2018-01-03 13:30:00,0.0
2018-01-03 13:45:00,0.0
2018-01-03 14:00:00,0.0
2018-01-03 14:15:00,0.0
2018-01-03 14:30:00,0.0
2018-01-03 14:45:00,0.0
2018-01-03 15:00:00,0.0
2018-01-03 15:15:00,0.0
2018-01-03 15:30:00,0.0
2018-01-03 15:45:00,0.0
2018-01-03 16:00:00,0.0
2018-01-03 16:15:00,0.0
2018-01-03 16:30:00,0.0
2018-01-03 16:45:00,0.0
2018-01-03 17:00:00,0.0
2018-01-03 17:15:00,0.0
2018-01-03 17:30:00,0.0
2018-01-03 17:45:00,0.0
2018-01-03 18:00:00,0.0
2018-01-03 18:15:00,0.0
2018-01-03 18:30:00,0.0
2018-01-03 18:45:00,0.0
2018-01-03 19:00:00,0.0
2018-01-03 19:15:00,0.0
2018-01-03 19:30:00,0.0
2018-01-03 19:45:00,0.0
2018-01-03 20:00:00,0.0
2018-01-03 20:15:00,0.0
2018-01-03 20:30:00,0.0
2018-01-03 20:45:00,0.0
2018-01-03 21:00:00,0.0
2018-01-03 21:15:00,0.0
2018-01-03 21:30:00,0.0
2018-01-03 21:45:00,0.0
2018-01-03 22:00:00,0.0
2018-01-03 22:15:00,0.0
2018-01-03 22:30:00,0.0
2018-01-03 22:45:00,0.0
2018-01-03 23:00:00,0.0
2018-01-03 23:15:00,0.0
2018-01-03 23:30:00,0.0
2018-01-03 23:45:00,0.0
2018-01-04 00:00:00,0.0
2018-01-04 00:15:00,0.0
2018-01-04 00:30:00,0.0
2018-01-04 00:45:00,0.0
2018-01-04 01:00:00,0.0
2018-01-04 01:15:00,0.0
2018-01-04 01:30:00,0.0
2018-01-04 01:45:00,0.0
2018-01-04 02:00:00,0.0
2018-01-04 02:15:00,0.0
2018-01-04 02:30:00,0.0
2018-01-04 02:45:00,0.0
2018-01-04 03:00:00,0.0
2018-01-04 03:15:00,0.0
2018-01-04 03:30:00,0.0
2018-01-04 03:45:00,0.0
2018-01-04 04:00:00,0.0
2018-01-04 04:15:00,0.0
2018-01-04 04:30:00,0.0
2018-01-04 04:45:00,0.0
2018-01-04 05:00:00,0.0
2018-01-04 05:15:00,0.0
2018-01-04 05:30:00,0.0
2018-01-04 05:45:00,0.0
2018-01-04 06:01:00,0.0
2018-01-04 06:15:00,0.0
2018-01-04 06:30:00,0.0
2018-01-04 06:45:00,0.0
2018-01-04 07:00:00,0.0
2018-01-04 07:15:00,0.0
2018-01-04 07:30:00,0.0
2018-01-04 07:45:00,0.0
2018-01-04 08:00:00,0.0
2018-01-04 08:15:00,0.0
2018-01-04 08:30:00,0.0
2018-01-04 08:45:00,0.0
2018-01-04 09:00:00,0.0
2018-01-04 09:15:00,0.0
2018-01-04 09:30:00,0.0
2018-01-04 09:45:00,0.0
2018-01-04 10:00:00,0.0
2018-01-04 10:15:00,0.0
2018-01-04 10:30:00,0.0
2018-01-04 10:45:00,0.0
2018-01-04 11:00:00,0.0
2018-01-04 11:15:00,0.0
2018-01-04 11:30:00,0.0
2018-01-04 11:45:00,0.0
2018-01-04 12:00:00,0.0
2018-01-04 12:15:00,0.0
2018-01-04 12:30:00,0.0
2018-01-04 12:45:00,0.0
2018-01-04 13:00:00,0.0
2018-01-04 13:15:00,0.0
2018-01-04 13:30:00,0.0
2018-01-04 13:45:00,0.0
2018-01-04 14:00:00,0.0
2018-01-04 14:15:00,0.0
2018-01-04 14:30:00,0.0
2018-01-04 14:45:00,0.0
2018-01-04 15:00:00,0.0
2018-01-04 15:15:00,0.0
2018-01-04 15:30:00,0.0
2018-01-04 15:45:00,0.0
2018-01-04 16:00:00,0.0
2018-01-04 16:15:00,0.0
2018-01-04 16:30:00,0.0
2018-01-04 16:45:00,0.0
2018-01-04 17:00:00,0.0
2018-01-04 17:15:00,0.0
2018-01-04 17:30:00,0.0
2018-01-04 17:45:00,0.0
2018-01-04 18:00:00,0.0
2018-01-04 18:15:00,0.0
2018-01-04 18:30:00,0.0
2018-01-04 18:45:00,0.0
2018-01-04 19:00:00,0.0
2018-01-04 19:15:00,0.0
2018-01-04 19:30:00,0.0
2018-01-04 19:45:00,0.0
2018-01-04 20:00:00,0.0
2018-01-04 20:15:00,0.0
2018-01-04 20:30:00,0.0
2018-01-04 20:45:00,0.0
2018-01-04 21:00:00,0.0
2018-01-04 21:15:00,0.0
2018-01-04 21:30:00,0.0
2018-01-04 21:45:00,0.0
2018-01-04 22:00:00,0.0
2018-01-04 22:15:00,0.0
2018-01-04 22:30:00,0.0
2018-01-04 22:45:00,0.0
2018-01-04 23:00:00,0.0
2018-01-04 23:15:00,0.0
2018-01-04 23:30:00,0.0
2018-01-04 23:45:00,0.0
2018-01-05 00:00:00,0.0
2018-01-05 00:15:00,0.0
2018-01-05 00:30:00,0.0
2018-01-05 00:45:00,0.0
2018-01-05 01:00:00,0.0
2018-01-05 01:15:00,0.0
2018-01-05 01:30:00,0.0
2018-01-05 01:45:00,0.0
2018-01-05 02:00:00,0.0
2018-01-05 02:15:00,0.0
2018-01-05 02:30:00,0.0
2018-01-05 02:45:00,0.0
2018-01-05 03:00:00,0.0
2018-01-05 03:15:00,0.0
2018-01-05 03:30:00,0.0
2018-01-05 03:45:00,0.0
2018-01-05 04:00:00,0.0
2018-01-05 04:15:00,0.0
2018-01-05 04:30:00,0.0
2018-01-05 04:45:00,0.0
2018-01-05 05:00:00,0.0
2018-01-05 05:15:00,0.0
2018-01-05 05:30:00,0.0
2018-01-05 05:45:00,0.0
2018-01-05 06:00:00,0.0
2018-01-05 06:15:00,0.0
2018-01-05 06:30:00,0.0
2018-01-05 06:45:00,0.0
2018-01-05 07:00:00,0.0
2018-01-05 07:15:00,0.0
2018-01-05 07:30:00,0.0
2018-01-05 07:45:00,0.0
2018-01-05 08:00:00,0.0
2018-01-05 08:15:00,0.0
2018-01-05 08:30:00,0.0
2018-01-05 08:45:00,0.0
2018-01-05 09:00:00,0.0
2018-01-05 09:15:00,0.0
2018-01-05 09:30:00,0.0
2018-01-05 09:45:00,0.0
2018-01-05 10:00:00,0.0
2018-01-05 10:15:00,0.0
2018-01-05 10:30:00,0.0
2018-01-05 10:45:00,0.0
2018-01-05 11:00:00,0.0
2018-01-05 11:15:00,0.0
2018-01-05 11:30:00,0.0
2018-01-05 11:45:00,0.0
2018-01-05 12:00:00,0.0
2018-01-05 12:15:00,0.0
2018-01-05 12:30:00,0.0
2018-01-05 12:45:00,0.0
2018-01-05 13:00:00,0.0
2018-01-05 13:15:00,0.0
2018-01-05 13:30:00,0.0
2018-01-05 13:45:00,0.0
2018-01-05 14:00:00,0.0
2018-01-05 14:15:00,0.0
2018-01-05 14:30:00,0.0
2018-01-05 14:45:00,0.0
2018-01-05 15:00:00,0.0
2018-01-05 15:15:00,0.0
2018-01-05 15:30:00,0.0
2018-01-05 15:45:00,0.0
2018-01-05 16:00:00,0.0
2018-01-05 16:15:00,0.0
2018-01-05 16:30:00,0.0
2018-01-05 16:45:00,0.0
2018-01-05 17:00:00,0.0
2018-01-05 17:15:00,0.0
2018-01-05 17:30:00,0.0
2018-01-05 17:45:00,0.0
2018-01-05 18:00:00,0.0
2018-01-05 18:15:00,0.0
2018-01-05 18:30:00,0.0
2018-01-05 18:45:00,0.0
2018-01-05 19:00:00,0.0
2018-01-05 19:15:00,0.0
2018-01-05 19:30:00,0.0
2018-01-05 19:45:00,0.0
2018-01-05 20:00:00,0.0
2018-01-05 20:15:00,0.0
2018-01-05 20:30:00,0.0
2018-01-05 20:45:00,0.0
2018-01-05 21:00:00,0.0
2018-01-05 21:15:00,0.0
2018-01-05 21:30:00,0.0
2018-01-05 21:45:00,0.0
2018-01-05 22:00:00,0.0
2018-01-05 22:15:00,0.0
2018-01-05 22:30:00,0.0
2018-01-05 22:45:00,0.0
2018-01-05 23:00:00,0.0
2018-01-05 23:15:00,0.0
2018-01-05 23:30:00,0.0
2018-01-05 23:45:00,0.0
2018-01-06 00:00:00,0.0
2018-01-06 00:15:00,0.0
2018-01-06 00:30:00,0.0
2018-01-06 00:45:00,0.0
2018-01-06 01:00:00,0.0
2018-01-06 01:15:00,0.0
2018-01-06 01:30:00,0.0
2018-01-06 01:45:00,0.0
2018-01-06 02:00:00,0.0
2018-01-06 02:15:00,0.0
2018-01-06 02:30:00,0.0
2018-01-06 02:45:00,0.0
2018-01-06 03:00:00,0.0
2018-01-06 03:15:00,0.0
2018-01-06 03:30:00,0.0
2018-01-06 03:45:00,0.0
2018-01-06 04:00:00,0.0
2018-01-06 04:15:00,0.0
2018-01-06 04:30:00,0.0
2018-01-06 04:45:00,0.0
2018-01-06 05:00:00,0.0
2018-01-06 05:15:00,0.0
2018-01-06 05:30:00,0.0
2018-01-06 05:45:00,0.0
2018-01-06 06:00:00,0.0
2018-01-06 06:15:00,0.0
2018-01-06 06:30:00,0.0
2018-01-06 06:45:00,0.0
2018-01-06 07:00:00,0.0
2018-01-06 07:15:00,0.0
2018-01-06 07:30:00,0.0
2018-01-06 07:45:00,0.0
2018-01-06 08:00:00,0.0
2018-01-06 08:15:00,0.0
2018-01-06 08:30:00,0.0
2018-01-06 08:45:00,0.0
2018-01-06 09:00:00,0.0
2018-01-06 09:15:00,0.0
2018-01-06 09:30:00,0.0
2018-01-06 09:45:00,0.0
2018-01-06 10:00:00,0.0
2018-01-06 10:15:00,0.0
2018-01-06 10:30:00,0.0
2018-01-06 10:45:00,0.0
2018-01-06 11:00:00,0.0
2018-01-06 11:15:00,0.0
2018-01-06 11:30:00,0.0
2018-01-06 11:45:00,0.0
2018-01-06 12:00:00,0.0
2018-01-06 12:15:00,0.0
2018-01-06 12:30:00,0.0
2018-01-06 12:45:00,0.0
2018-01-06 13:00:00,0.0
2018-01-06 13:15:00,0.0
2018-01-06 13:30:00,0.0
2018-01-06 13:45:00,0.0
2018-01-06 14:00:00,0.0
2018-01-06 14:15:00,0.0
2018-01-06 14:30:00,0.0
2018-01-06 14:45:00,0.0
2018-01-06 15:00:00,0.0
2018-01-06 15:15:00,0.0
2018-01-06 15:30:00,0.0
2018-01-06 15:45:00,0.0
2018-01-06 16:00:00,0.0
2018-01-06 16:15:00,0.0
2018-01-06 16:30:00,0.0
2018-01-06 16:45:00,0.0
2018-01-06 17:00:00,0.0
2018-01-06 17:15:00,0.0
2018-01-06 17:30:00,0.0
2018-01-06 17:45:00,0.0
2018-01-06 18:00:00,0.0
2018-01-06 18:15:00,0.0
2018-01-06 18:30:00,0.0
2018-01-06 18:45:00,0.0
2018-01-06 19:00:00,0.0
2018-01-06 19:15:00,0.0
2018-01-06 19:30:00,0.0
2018-01-06 19:45:00,0.0
2018-01-06 20:00:00,0.0
2018-01-06 20:15:00,0.0
2018-01-06 20:30:00,0.0
2018-01-06 20:45:00,0.0
2018-01-06 21:00:00,0.0
2018-01-06 21:15:00,0.0
2018-01-06 21:30:00,0.0
2018-01-06 21:45:00,0.0
2018-01-06 22:00:00,0.0
2018-01-06 22:15:00,0.0
2018-01-06 22:30:00,0.0
2018-01-06 22:45:00,0.0
2018-01-06 23:00:00,0.0
2018-01-06 23:15:00,0.0
2018-01-06 23:30:00,0.0
2018-01-06 23:45:00,0.0
2018-01-07 00:00:00,0.0
2018-01-07 00:15:00,0.0
2018-01-07 00:30:00,0.0
2018-01-07 00:45:00,0.0
2018-01-07 01:00:00,0.0
2018-01-07 01:15:00,0.0
2018-01-07 01:30:00,0.0
2018-01-07 01:45:00,0.0
2018-01-07 02:00:00,0.0
2018-01-07 02:15:00,0.0
2018-01-07 02:30:00,0.0
2018-01-07 02:45:00,0.0
2018-01-07 03:00:00,0.0
2018-01-07 03:15:00,0.0
2018-01-07 03:30:00,0.0
2018-01-07 03:45:00,0.0
2018-01-07 04:00:00,0.0
2018-01-07 04:15:00,0.0
2018-01-07 04:30:00,0.0
2018-01-07 04:45:00,0.0
2018-01-07 05:00:00,0.0
2018-01-07 05:15:00,0.0
2018-01-07 05:30:00,0.0
2018-01-07 05:45:00,0.0
2018-01-07 06:00:00,0.0
2018-01-07 06:15:00,0.0
2018-01-07 06:30:00,0.0
2018-01-07 06:45:00,0.0
2018-01-07 07:00:00,0.0
2018-01-07 07:15:00,0.0
2018-01-07 07:30:00,0.0
2018-01-07 07:45:00,0.0
2018-01-07 08:00:00,0.0
2018-01-07 08:15:00,0.0
2018-01-07 08:30:00,0.0
2018-01-07 08:45:00,0.0
2018-01-07 09:00:00,0.0
2018-01-07 09:15:00,0.0
2018-01-07 09:30:00,0.0
2018-01-07 09:45:00,0.0
2018-01-07 10:00:00,0.0
2018-01-07 10:15:00,0.0
2018-01-07 10:30:00,0.0
2018-01-07 10:45:00,0.0
2018-01-07 11:00:00,0.0
2018-01-07 11:15:00,0.0
2018-01-07 11:30:00,0.0
2018-01-07 11:45:00,0.0
2018-01-07 12:00:00,0.0
2018-01-07 12:15:00,0.0
2018-01-07 12:30:00,0.0
2018-01-07 12:45:00,0.0
2018-01-07 13:00:00,0.0
2018-01-07 13:15:00,0.0
2018-01-07 13:30:00,0.0
2018-01-07 13:45:00,0.0
2018-01-07 14:00:00,0.0
2018-01-07 14:15:00,0.0
2018-01-07 14:30:00,0.0
2018-01-07 14:45:00,0.0
2018-01-07 15:00:00,0.0
2018-01-07 15:15:00,0.0
2018-01-07 15:30:00,0.0
2018-01-07 15:45:00,0.0
2018-01-07 16:00:00,0.0
2018-01-07 16:15:00,0.0
2018-01-07 16:30:00,0.0
2018-01-07 16:45:00,0.0
2018-01-07 17:00:00,0.0
2018-01-07 17:15:00,0.0
2018-01-07 17:30:00,0.0
2018-01-07 17:45:00,0.0
2018-01-07 18:00:00,0.0
2018-01-07 18:15:00,0.0
2018-01-07 18:30:00,0.0
2018-01-07 18:45:00,0.0
2018-01-07 19:00:00,0.0
2018-01-07 19:15:00,0.0
2018-01-07 19:30:00,0.0
2018-01-07 19:45:00,0.0
2018-01-07 20:00:00,0.0
2018-01-07 20:15:00,0.0
2018-01-07 20:30:00,0.0
2018-01-07 20:45:00,0.0
2018-01-07 21:00:00,0.0
2018-01-07 21:15:00,0.0
2018-01-07 21:30:00,0.0
2018-01-07 21:45:00,0.0
2018-01-07 22:00:00,0.0
2018-01-07 22:15:00,0.0
2018-01-07 22:30:00,0.0
2018-01-07 22:45:00,0.0
2018-01-07 23:00:00,0.0
2018-01-07 23:15:00,0.0
2018-01-07 23:30:00,0.0
2018-01-07 23:45:00,0.0
2018-01-08 00:00:00,0.0
2018-01-08 00:15:00,0.0
2018-01-08 00:30:00,0.0
2018-01-08 00:45:00,0.0
2018-01-08 01:00:00,0.0
2018-01-08 01:15:00,0.0
2018-01-08 01:30:00,0.0
2018-01-08 01:45:00,0.0
2018-01-08 02:00:00,0.0
2018-01-08 02:15:00,0.0
2018-01-08 02:30:00,0.0
2018-01-08 02:45:00,0.0
2018-01-08 03:00:00,0.0
2018-01-08 03:15:00,0.0
2018-01-08 03:30:00,0.0
2018-01-08 03:45:00,0.0
2018-01-08 04:00:00,0.0
2018-01-08 04:15:00,0.0
2018-01-08 04:30:00,0.0
2018-01-08 04:45:00,0.0
2018-01-08 05:00:00,0.0
2018-01-08 05:15:00,0.0
2018-01-08 05:30:00,0.0
2018-01-08 05:45:00,0.0
2018-01-08 06:00:00,0.0
2018-01-08 06:15:00,0.0
2018-01-08 06:30:00,0.0
2018-01-08 06:45:00,0.0
2018-01-08 07:00:00,0.0
2018-01-08 07:15:00,0.0
2018-01-08 07:30:00,0.0
2018-01-08 07:45:00,0.0
2018-01-08 08:00:00,0.0
2018-01-08 08:15:00,0.0
2018-01-08 08:30:00,0.0
2018-01-08 08:45:00,0.0
2018-01-08 09:00:00,0.0
2018-01-08 09:15:00,0.0
2018-01-08 09:30:00,0.0
2018-01-08 09:45:00,0.0
2018-01-08 10:00:00,0.0
2018-01-08 10:15:00,0.0
2018-01-08 10:30:00,0.0
2018-01-08 10:45:00,0.0
2018-01-08 11:00:00,0.0
2018-01-08 11:15:00,0.0
2018-01-08 11:30:00,0.0
2018-01-08 11:45:00,0.0
2018-01-08 12:00:00,0.0
2018-01-08 12:15:00,0.0
2018-01-08 12:30:00,0.0
2018-01-08 12:45:00,0.0
2018-01-08 13:00:00,0.0
2018-01-08 13:15:00,0.0
2018-01-08 13:30:00,0.0
2018-01-08 13:45:00,0.0
2018-01-08 14:00:00,0.0
2018-01-08 14:15:00,0.0
2018-01-08 14:30:00,0.0
2018-01-08 14:45:00,0.0
2018-01-08 15:00:00,0.0
2018-01-08 15:15:00,0.0
2018-01-08 15:30:00,0.0
2018-01-08 15:45:00,0.0
2018-01-08 16:00:00,0.0
2018-01-08 16:15:00,0.0
2018-01-08 16:30:00,0.0
2018-01-08 16:45:00,0.0
2018-01-08 17:00:00,0.0
2018-01-08 17:15:00,0.0
2018-01-08 17:30:00,0.0
2018-01-08 17:45:00,0.0
2018-01-08 18:00:00,0.0
2018-01-08 18:15:00,0.0
2018-01-08 18:30:00,0.0
2018-01-08 18:45:00,0.0
2018-01-08 19:00:00,0.0
2018-01-08 19:15:00,0.0
2018-01-08 19:30:00,0.0
2018-01-08 19:45:00,0.0
2018-01-08 20:00:00,0.0
2018-01-08 20:15:00,0.0
2018-01-08 20:30:00,0.0
2018-01-08 20:45:00,0.0
2018-01-08 21:00:00,0.0
2018-01-08 21:15:00,0.0
2018-01-08 21:30:00,0.0
2018-01-08 21:45:00,0.0
2018-01-08 22:00:00,0.0
2018-01-08 22:15:00,0.0
2018-01-08 22:30:00,0.0
2018-01-08 22:45:00,0.0
2018-01-08 23:00:00,0.0
2018-01-08 23:15:00,0.0
2018-01-08 23:30:00,0.0
2018-01-08 23:45:00,0.0
2018-01-09 00:00:00,0.0
2018-01-09 00:15:00,0.0
2018-01-09 00:30:00,0.0
2018-01-09 00:45:00,0.0
2018-01-09 01:00:00,0.0
2018-01-09 01:15:00,0.0
2018-01-09 01:30:00,0.0
2018-01-09 01:45:00,0.0
2018-01-09 02:00:00,0.0
2018-01-09 02:15:00,0.0
2018-01-09 02:30:00,0.0
2018-01-09 02:45:00,0.0
2018-01-09 03:00:00,0.0
2018-01-09 03:15:00,0.0
2018-01-09 03:30:00,0.0
2018-01-09 03:45:00,0.0
2018-01-09 04:00:00,0.0
2018-01-09 04:15:00,0.0
2018-01-09 04:30:00,0.0
2018-01-09 04:45:00,0.0
2018-01-09 05:00:00,0.0
2018-01-09 05:15:00,0.0
2018-01-09 05:30:00,0.0
2018-01-09 05:45:00,0.0
2018-01-09 06:00:00,0.0
2018-01-09 06:15:00,0.0
2018-01-09 06:30:00,0.0
2018-01-09 06:45:00,0.0
2018-01-09 07:00:00,0.0
2018-01-09 07:15:00,0.0
2018-01-09 07:30:00,0.0
2018-01-09 07:45:00,0.0
2018-01-09 08:00:00,0.0
2018-01-09 08:15:00,0.0
2018-01-09 08:30:00,0.0
2018-01-09 08:45:00,0.0
2018-01-09 09:00:00,0.0
2018-01-09 09:15:00,0.0
2018-01-09 09:30:00,0.0
2018-01-09 09:45:00,0.0
2018-01-09 10:00:00,0.0
2018-01-09 10:15:00,0.0
2018-01-09 10:30:00,0.0
2018-01-09 10:45:00,0.0
2018-01-09 11:00:00,0.0
2018-01-09 11:15:00,0.0
2018-01-09 11:30:00,0.0
2018-01-09 11:45:00,0.0
2018-01-09 12:00:00,0.0
2018-01-09 12:15:00,0.0
2018-01-09 12:30:00,0.0
2018-01-09 12:45:00,0.0
2018-01-09 13:00:00,0.0
2018-01-09 13:15:00,0.0
2018-01-09 13:30:00,0.0
2018-01-09 13:45:00,0.0
2018-01-09 14:00:00,0.0
2018-01-09 14:15:00,0.0
2018-01-09 14:30:00,0.0
2018-01-09 14:45:00,0.0
2018-01-09 15:00:00,0.0
2018-01-09 15:15:00,0.0
2018-01-09 15:30:00,0.0
2018-01-09 15:45:00,0.0
2018-01-09 16:00:00,0.0
2018-01-09 16:15:00,0.0
2018-01-09 16:30:00,0.0
2018-01-09 16:45:00,0.0
2018-01-09 17:00:00,0.0
2018-01-09 17:15:00,0.0
2018-01-09 17:30:00,0.0
2018-01-09 17:45:00,0.0
2018-01-09 18:00:00,0.0
2018-01-09 18:15:00,0.0
2018-01-09 18:30:00,0.0
2018-01-09 18:45:00,0.0
2018-01-09 19:00:00,0.0
2018-01-09 19:15:00,0.0
2018-01-09 19:30:00,0.0
2018-01-09 19:45:00,0.0
2018-01-09 20:00:00,0.0
2018-01-09 20:15:00,0.0
2018-01-09 20:30:00,0.0
2018-01-09 20:45:00,0.0
2018-01-09 21:00:00,0.0
2018-01-09 21:15:00,0.0
2018-01-09 21:30:00,0.0
2018-01-09 21:45:00,0.0
2018-01-09 22:00:00,0.0
2018-01-09 22:15:00,0.0
2018-01-09 22:30:00,0.0
2018-01-09 22:45:00,0.0
2018-01-09 23:00:00,0.0
2018-01-09 23:15:00,0.0
2018-01-09 23:30:00,0.0
2018-01-09 23:45:00,0.0
2018-01-10 00:00:00,0.0
2018-01-10 00:15:00,0.0
2018-01-10 00:30:00,0.0
2018-01-10 00:45:00,0.0
2018-01-10 01:00:00,0.0
2018-01-10 01:15:00,0.0
2018-01-10 01:30:00,0.0
2018-01-10 01:45:00,0.0
2018-01-10 02:00:00,0.0
2018-01-10 02:15:00,0.0
2018-01-10 02:30:00,0.0
2018-01-10 02:45:00,0.0
2018-01-10 03:00:00,0.0
2018-01-10 03:15:00,0.0
2018-01-10 03:30:00,0.0
2018-01-10 03:45:00,0.0
2018-01-10 04:00:00,0.0
2018-01-10 04:15:00,0.0
2018-01-10 04:30:00,0.0
2018-01-10 04:45:00,0.0
2018-01-10 05:00:00,0.0
2018-01-10 05:15:00,0.0
2018-01-10 05:30:00,0.0
2018-01-10 05:45:00,0.0
2018-01-10 06:01:00,0.0
2018-01-10 06:15:00,0.0
2018-01-10 06:30:00,0.0
2018-01-10 06:45:00,0.0
2018-01-10 07:00:00,0.0
2018-01-10 07:15:00,0.0
2018-01-10 07:30:00,0.0
2018-01-10 07:45:00,0.0
2018-01-10 08:00:00,0.0
2018-01-10 08:15:00,0.0
2018-01-10 08:30:00,0.0
2018-01-10 08:45:00,0.0
2018-01-10 09:00:00,0.0
2018-01-10 09:15:00,0.0
2018-01-10 09:30:00,0.0
2018-01-10 09:45:00,0.0
2018-01-10 10:00:00,0.0
2018-01-10 10:15:00,0.0
2018-01-10 10:30:00,0.0
2018-01-10 10:45:00,0.0
2018-01-10 11:00:00,0.0
2018-01-10 11:15:00,0.0
2018-01-10 11:30:00,0.0
2018-01-10 11:45:00,0.0
2018-01-10 12:00:00,0.0
2018-01-10 12:15:00,0.0
2018-01-10 12:30:00,0.0
2018-01-10 12:45:00,0.0
2018-01-10 13:00:00,0.0
2018-01-10 13:15:00,0.0
2018-01-10 13:30:00,0.0
2018-01-10 13:45:00,0.0
2018-01-10 14:00:00,0.0
2018-01-10 14:15:00,0.0
2018-01-10 14:30:00,0.0
2018-01-10 14:45:00,0.0
2018-01-10 15:00:00,0.0
2018-01-10 15:15:00,0.0
2018-01-10 15:30:00,0.0
2018-01-10 15:45:00,0.0
2018-01-10 16:00:00,0.0
2018-01-10 16:15:00,0.0
2018-01-10 16:30:00,0.0
2018-01-10 16:45:00,0.0
2018-01-10 17:00:00,0.0
2018-01-10 17:15:00,0.0
2018-01-10 17:30:00,0.0
2018-01-10 17:45:00,0.0
2018-01-10 18:00:00,0.0
2018-01-10 18:15:00,0.0
2018-01-10 18:30:00,0.0
2018-01-10 18:45:00,0.0
2018-01-10 19:00:00,0.0
2018-01-10 19:15:00,0.0
2018-01-10 19:30:00,0.0
2018-01-10 19:45:00,0.0
2018-01-10 20:00:00,0.0
2018-01-10 20:15:00,0.0
2018-01-10 20:30:00,0.0
2018-01-10 20:45:00,0.0
2018-01-10 21:00:00,0.0
2018-01-10 21:15:00,0.0
2018-01-10 21:30:00,0.0
2018-01-10 21:45:00,0.0
2018-01-10 22:00:00,0.0
2018-01-10 22:15:00,0.0
2018-01-10 22:30:00,0.0
2018-01-10 22:45:00,0.0
2018-01-10 23:00:00,0.0
2018-01-10 23:15:00,0.0
2018-01-10 23:30:00,0.0
2018-01-10 23:45:00,0.0
2018-01-11 00:00:00,0.0
2018-01-11 00:15:00,0.0
2018-01-11 00:30:00,0.0
2018-01-11 00:45:00,0.0
2018-01-11 01:00:00,0.0
2018-01-11 01:15:00,0.0
2018-01-11 01:30:00,0.0
2018-01-11 01:45:00,0.0
2018-01-11 02:00:00,0.0
2018-01-11 02:15:00,0.0
2018-01-11 02:30:00,0.0
2018-01-11 02:45:00,0.0
2018-01-11 03:00:00,0.0
2018-01-11 03:15:00,0.0
2018-01-11 03:30:00,0.0
2018-01-11 03:45:00,0.0
2018-01-11 04:00:00,0.0
2018-01-11 04:15:00,0.0
2018-01-11 04:30:00,0.0
2018-01-11 04:45:00,0.0
2018-01-11 05:00:00,0.0
2018-01-11 05:15:00,0.0
2018-01-11 05:30:00,0.0
2018-01-11 05:45:00,0.0
2018-01-11 06:00:00,0.0
2018-01-11 06:15:00,0.0
2018-01-11 06:30:00,0.0
2018-01-11 06:45:00,0.0
2018-01-11 07:00:00,0.0
2018-01-11 07:15:00,0.0
2018-01-11 07:30:00,0.0
2018-01-11 07:45:00,0.0
2018-01-11 08:00:00,0.0
2018-01-11 08:15:00,0.0
2018-01-11 08:30:00,0.0
2018-01-11 08:45:00,0.0
2018-01-11 09:00:00,0.0
2018-01-11 09:15:00,0.0
2018-01-11 09:30:00,0.0
2018-01-11 09:45:00,0.0
2018-01-11 10:00:00,0.0
2018-01-11 10:15:00,0.0
2018-01-11 10:30:00,0.0
2018-01-11 10:45:00,0.0
2018-01-11 11:00:00,0.0
2018-01-11 11:15:00,0.0
2018-01-11 11:30:00,0.0
2018-01-11 11:45:00,0.0
2018-01-11 12:00:00,0.0
2018-01-11 12:15:00,0.0
2018-01-11 12:30:00,0.0
2018-01-11 12:45:00,0.0
2018-01-11 13:00:00,0.0
2018-01-11 13:15:00,0.0
2018-01-11 13:30:00,0.0
2018-01-11 13:45:00,0.0
2018-01-11 14:00:00,0.0
2018-01-11 14:15:00,0.0
2018-01-11 14:30:00,0.0
2018-01-11 14:45:00,0.0
2018-01-11 15:00:00,0.0
2018-01-11 15:15:00,0.0
2018-01-11 15:30:00,0.0
2018-01-11 15:45:00,0.0
2018-01-11 16:00:00,0.0
2018-01-11 16:15:00,0.0
2018-01-11 16:30:00,0.0
2018-01-11 16:45:00,0.0
2018-01-11 17:00:00,0.0
2018-01-11 17:15:00,0.0
2018-01-11 17:30:00,0.0
2018-01-11 17:45:00,0.0
2018-01-11 18:00:00,0.0
2018-01-11 18:15:00,0.0
2018-01-11 18:30:00,0.0
2018-01-11 18:45:00,0.0
2018-01-11 19:00:00,0.0
2018-01-11 19:15:00,0.0
2018-01-11 19:30:00,0.0
2018-01-11 19:45:00,0.0
2018-01-11 20:00:00,0.0
2018-01-11 20:15:00,0.0
2018-01-11 20:30:00,0.0
2018-01-11 20:45:00,0.0
2018-01-11 21:00:00,0.0
2018-01-11 21:15:00,0.0
2018-01-11 21:30:00,0.0
2018-01-11 21:45:00,0.0
2018-01-11 22:00:00,0.0
2018-01-11 22:15:00,0.0
2018-01-11 22:30:00,0.0
2018-01-11 22:45:00,0.0
2018-01-11 23:00:00,0.0
2018-01-11 23:15:00,0.0
2018-01-11 23:30:00,0.0
2018-01-11 23:45:00,0.0
2018-01-12 00:00:00,0.0
2018-01-12 00:15:00,0.0
2018-01-12 00:30:00,0.0
2018-01-12 00:45:00,0.0
2018-01-12 01:00:00,0.0
2018-01-12 01:15:00,0.0
2018-01-12 01:30:00,0.0
2018-01-12 01:45:00,0.0
2018-01-12 02:00:00,0.0
2018-01-12 02:15:00,0.0
2018-01-12 02:30:00,0.0
2018-01-12 02:45:00,0.0
2018-01-12 03:00:00,0.0
2018-01-12 03:15:00,0.0
2018-01-12 03:30:00,0.0
2018-01-12 03:45:00,0.0
2018-01-12 04:00:00,0.0
2018-01-12 04:15:00,0.0
2018-01-12 04:30:00,0.0
2018-01-12 04:45:00,0.0
2018-01-12 05:00:00,0.0
2018-01-12 05:15:00,0.0
2018-01-12 05:30:00,0.0
2018-01-12 05:45:00,0.0
2018-01-12 06:00:00,0.0
2018-01-12 06:15:00,0.0
2018-01-12 06:30:00,0.0
2018-01-12 06:45:00,0.0
2018-01-12 07:00:00,0.0
2018-01-12 07:15:00,0.0
2018-01-12 07:30:00,0.0
2018-01-12 07:45:00,0.0
2018-01-12 08:00:00,0.0
2018-01-12 08:15:00,0.0
2018-01-12 08:30:00,0.0
2018-01-12 08:45:00,0.0
2018-01-12 09:00:00,0.0
2018-01-12 09:15:00,0.0
2018-01-12 09:30:00,0.0
2018-01-12 09:45:00,0.0
2018-01-12 10:00:00,0.0
2018-01-12 10:15:00,0.0
2018-01-12 10:30:00,0.0
2018-01-12 10:45:00,0.0
2018-01-12 11:00:00,0.0
2018-01-12 11:15:00,0.0
2018-01-12 11:30:00,0.0
2018-01-12 11:45:00,0.0
2018-01-12 12:00:00,0.0
2018-01-12 12:15:00,0.0
2018-01-12 12:30:00,0.0
2018-01-12 12:45:00,0.0
2018-01-12 13:00:00,0.0
2018-01-12 13:15:00,0.0
2018-01-12 13:30:00,0.0
2018-01-12 13:45:00,0.0
2018-01-12 14:00:00,0.0
2018-01-12 14:15:00,0.0
2018-01-12 14:30:00,0.0
2018-01-12 14:45:00,0.0
2018-01-12 15:00:00,0.0
2018-01-12 15:15:00,0.0
2018-01-12 15:30:00,0.0
2018-01-12 15:45:00,0.0
2018-01-12 16:00:00,0.0
2018-01-12 16:15:00,0.0
2018-01-12 16:30:00,0.0
2018-01-12 16:45:00,0.0
2018-01-12 17:00:00,0.0
2018-01-12 17:15:00,0.0
2018-01-12 17:30:00,0.0
2018-01-12 17:45:00,0.0
2018-01-12 18:00:00,0.0
2018-01-12 18:15:00,0.0
2018-01-12 18:30:00,0.0
2018-01-12 18:45:00,0.0
2018-01-12 19:00:00,0.0
2018-01-12 19:15:00,0.0
2018-01-12 19:30:00,0.0
2018-01-12 19:45:00,0.0
2018-01-12 20:00:00,0.0
2018-01-12 20:15:00,0.0
2018-01-12 20:30:00,0.0
2018-01-12 20:45:00,0.0
2018-01-12 21:00:00,0.0
2018-01-12 21:15:00,0.0
2018-01-12 21:30:00,0.0
2018-01-12 21:45:00,0.0
2018-01-12 22:00:00,0.0
2018-01-12 22:15:00,0.0
2018-01-12 22:30:00,0.0
2018-01-12 22:45:00,0.0
2018-01-12 23:00:00,0.0
2018-01-12 23:15:00,0.0
2018-01-12 23:30:00,0.0
2018-01-12 23:45:00,0.0
2018-01-13 00:00:00,0.0
2018-01-13 00:15:00,0.0
2018-01-13 00:30:00,0.0
2018-01-13 00:45:00,0.0
2018-01-13 01:00:00,0.0
2018-01-13 01:15:00,0.0
2018-01-13 01:30:00,0.0
2018-01-13 01:45:00,0.0
2018-01-13 02:00:00,0.0
2018-01-13 02:15:00,0.0
2018-01-13 02:30:00,0.0
2018-01-13 02:45:00,0.0
2018-01-13 03:00:00,0.0
2018-01-13 03:15:00,0.0
2018-01-13 03:30:00,0.0
2018-01-13 03:45:00,0.0
2018-01-13 04:00:00,0.0
2018-01-13 04:15:00,0.0
2018-01-13 04:30:00,0.0
2018-01-13 04:45:00,0.0
2018-01-13 05:00:00,0.0
2018-01-13 05:15:00,0.0
2018-01-13 05:30:00,0.0
2018-01-13 05:45:00,0.0
2018-01-13 06:00:00,0.0
2018-01-13 06:15:00,0.0
2018-01-13 06:30:00,0.0
2018-01-13 06:45:00,0.0
2018-01-13 07:00:00,0.0
2018-01-13 07:15:00,0.0
2018-01-13 07:30:00,0.0
2018-01-13 07:45:00,0.0
2018-01-13 08:00:00,0.0
2018-01-13 08:15:00,0.0
2018-01-13 08:30:00,0.0
2018-01-13 08:45:00,0.0
2018-01-13 09:00:00,0.0
2018-01-13 09:15:00,0.0
2018-01-13 09:30:00,0.0
2018-01-13 09:45:00,0.0
2018-01-13 10:00:00,0.0
2018-01-13 10:15:00,0.0
2018-01-13 10:30:00,0.0
2018-01-13 10:45:00,0.0
2018-01-13 11:00:00,0.0
2018-01-13 11:15:00,0.0
2018-01-13 11:30:00,0.0
2018-01-13 11:45:00,0.0
2018-01-13 12:00:00,0.0
2018-01-13 12:15:00,0.0
2018-01-13 12:30:00,0.0
2018-01-13 12:45:00,0.0
2018-01-13 13:00:00,0.0
2018-01-13 13:15:00,0.0
2018-01-13 13:30:00,0.0
2018-01-13 13:45:00,0.0
2018-01-13 14:00:00,0.0
2018-01-13 14:15:00,0.0
2018-01-13 14:30:00,0.0
2018-01-13 14:45:00,0.0
2018-01-13 15:00:00,0.0
2018-01-13 15:15:00,0.0
2018-01-13 15:30:00,0.0
2018-01-13 15:45:00,0.0
2018-01-13 16:00:00,0.0
2018-01-13 16:15:00,0.0
2018-01-13 16:30:00,0.0
2018-01-13 16:45:00,0.0
2018-01-13 17:00:00,0.0
2018-01-13 17:15:00,0.0
2018-01-13 17:30:00,0.0
2018-01-13 17:45:00,0.0
2018-01-13 18:00:00,0.0
2018-01-13 18:15:00,0.0
2018-01-13 18:30:00,0.0
2018-01-13 18:45:00,0.0
2018-01-13 19:00:00,0.0
2018-01-13 19:15:00,0.0
2018-01-13 19:30:00,0.0
2018-01-13 19:45:00,0.0
2018-01-13 20:00:00,0.0
2018-01-13 20:15:00,0.0
2018-01-13 20:30:00,0.0
2018-01-13 20:45:00,0.0
2018-01-13 21:00:00,0.0
2018-01-13 21:15:00,0.0
2018-01-13 21:30:00,0.0
2018-01-13 21:45:00,0.0
2018-01-13 22:00:00,0.0
2018-01-13 22:15:00,0.0
2018-01-13 22:30:00,0.0
2018-01-13 22:45:00,0.0
2018-01-13 23:00:00,0.0
2018-01-13 23:15:00,0.0
2018-01-13 23:30:00,0.0
2018-01-13 23:45:00,0.0
2018-01-14 00:00:00,0.0
2018-01-14 00:15:00,0.0
2018-01-14 00:30:00,0.0
2018-01-14 00:45:00,0.0
2018-01-14 01:00:00,0.0
2018-01-14 01:15:00,0.0
2018-01-14 01:30:00,0.0
2018-01-14 01:45:00,0.0
2018-01-14 02:00:00,0.0
2018-01-14 02:15:00,0.0
2018-01-14 02:30:00,0.0
2018-01-14 02:45:00,0.0
2018-01-14 03:00:00,0.0
2018-01-14 03:15:00,0.0
2018-01-14 03:30:00,0.0
2018-01-14 03:45:00,0.0
2018-01-14 04:00:00,0.0
2018-01-14 04:15:00,0.0
2018-01-14 04:30:00,0.0
2018-01-14 04:45:00,0.0
2018-01-14 05:00:00,0.0
2018-01-14 05:15:00,0.0
2018-01-14 05:30:00,0.0
2018-01-14 05:45:00,0.0
2018-01-14 06:00:00,0.0
2018-01-14 06:15:00,0.0
2018-01-14 06:30:00,0.0
2018-01-14 06:45:00,0.0
2018-01-14 07:00:00,0.0
2018-01-14 07:15:00,0.0
2018-01-14 07:30:00,0.0
2018-01-14 07:45:00,0.0
2018-01-14 08:00:00,0.0
2018-01-14 08:15:00,0.0
2018-01-14 08:30:00,0.0
2018-01-14 08:45:00,0.0
2018-01-14 09:00:00,0.0
2018-01-14 09:15:00,0.0
2018-01-14 09:30:00,0.0
2018-01-14 09:45:00,0.0
2018-01-14 10:00:00,0.0
2018-01-14 10:15:00,0.0
2018-01-14 10:30:00,0.0
2018-01-14 10:45:00,0.0
2018-01-14 11:00:00,0.0
2018-01-14 11:15:00,0.0
2018-01-14 11:30:00,0.0
2018-01-14 11:45:00,0.0
2018-01-14 12:00:00,0.0
2018-01-14 12:15:00,0.0
2018-01-14 12:30:00,0.0
2018-01-14 12:45:00,0.0
2018-01-14 13:00:00,0.0
2018-01-14 13:15:00,0.0
2018-01-14 13:30:00,0.0
2018-01-14 13:45:00,0.0
2018-01-14 14:00:00,0.0
2018-01-14 14:15:00,0.0
2018-01-14 14:30:00,0.0
2018-01-14 14:45:00,0.0
2018-01-14 15:00:00,0.0
2018-01-14 15:15:00,0.0
2018-01-14 15:30:00,0.0
2018-01-14 15:45:00,0.0
2018-01-14 16:00:00,0.0
2018-01-14 16:15:00,0.0
2018-01-14 16:30:00,0.0
2018-01-14 16:45:00,0.0
2018-01-14 17:00:00,0.0
2018-01-14 17:15:00,0.0
2018-01-14 17:30:00,0.0
2018-01-14 17:45:00,0.0
2018-01-14 18:00:00,0.0
2018-01-14 18:15:00,0.0
2018-01-14 18:30:00,0.0
2018-01-14 18:45:00,0.0
2018-01-14 19:00:00,0.0
2018-01-14 19:15:00,0.0
2018-01-14 19:30:00,0.0
2018-01-14 19:45:00,0.0
2018-01-14 20:00:00,0.0
2018-01-14 20:15:00,0.0
2018-01-14 20:30:00,0.0
2018-01-14 20:45:00,0.0
2018-01-14 21:00:00,0.0
2018-01-14 21:15:00,0.0
2018-01-14 21:30:00,0.0
2018-01-14 21:45:00,0.0
2018-01-14 22:00:00,0.0
2018-01-14 22:15:00,0.0
2018-01-14 22:30:00,0.0
2018-01-14 22:45:00,0.0
2018-01-14 23:00:00,0.0
2018-01-14 23:15:00,0.0
2018-01-14 23:30:00,0.0
2018-01-14 23:45:00,0.0
2018-01-15 00:00:00,0.0
2018-01-15 00:15:00,0.0
2018-01-15 00:30:00,0.0
2018-01-15 00:45:00,0.0
2018-01-15 01:00:00,0.0
2018-01-15 01:15:00,0.0
2018-01-15 01:30:00,0.0
2018-01-15 01:45:00,0.0
2018-01-15 02:00:00,0.0
2018-01-15 02:15:00,0.0
2018-01-15 02:30:00,0.0
2018-01-15 02:45:00,0.0
2018-01-15 03:00:00,0.0
2018-01-15 03:15:00,0.0
2018-01-15 03:30:00,0.0
2018-01-15 03:45:00,0.0
2018-01-15 04:00:00,0.0
2018-01-15 04:15:00,0.0
2018-01-15 04:30:00,0.0
2018-01-15 04:45:00,0.0
2018-01-15 05:00:00,0.0
2018-01-15 05:15:00,0.0
2018-01-15 05:30:00,0.0
2018-01-15 05:45:00,0.0
2018-01-15 06:00:00,0.0
2018-01-15 06:15:00,0.0
2018-01-15 06:30:00,0.0
2018-01-15 06:45:00,0.0
2018-01-15 07:00:00,0.0
2018-01-15 07:15:00,0.0
2018-01-15 07:30:00,0.0
2018-01-15 07:45:00,0.0
2018-01-15 08:00:00,0.0
2018-01-15 08:15:00,0.0
2018-01-15 08:30:00,0.0
2018-01-15 08:45:00,0.0
2018-01-15 09:00:00,0.0
2018-01-15 09:15:00,0.0
2018-01-15 09:30:00,0.0
2018-01-15 09:45:00,0.0
2018-01-15 10:00:00,0.0
2018-01-15 10:15:00,0.0
2018-01-15 10:30:00,0.0
2018-01-15 10:45:00,0.0
2018-01-15 11:00:00,0.0
2018-01-15 11:15:00,0.0
2018-01-15 11:30:00,0.0
2018-01-15 11:45:00,0.0
2018-01-15 12:00:00,0.0
2018-01-15 12:15:00,0.0
2018-01-15 12:30:00,0.0
2018-01-15 12:45:00,0.0
2018-01-15 13:00:00,0.0
2018-01-15 13:15:00,0.0
2018-01-15 13:30:00,0.0
2018-01-15 13:45:00,0.0
2018-01-15 14:00:00,0.0
2018-01-15 14:15:00,0.0
2018-01-15 14:30:00,0.0
2018-01-15 14:45:00,0.0
2018-01-15 15:00:00,0.0
2018-01-15 15:15:00,0.0
2018-01-15 15:30:00,0.0
2018-01-15 15:45:00,0.0
2018-01-15 16:00:00,0.0
2018-01-15 16:15:00,0.0
2018-01-15 16:30:00,0.0
2018-01-15 16:45:00,0.0
2018-01-15 17:00:00,0.0
2018-01-15 17:15:00,0.0
2018-01-15 17:30:00,0.0
2018-01-15 17:45:00,0.0
2018-01-15 18:00:00,0.0
2018-01-15 18:15:00,0.0
2018-01-15 18:30:00,0.0
2018-01-15 18:45:00,0.0
2018-01-15 19:00:00,0.0
2018-01-15 19:15:00,0.0
2018-01-15 19:30:00,0.0
2018-01-15 19:45:00,0.0
2018-01-15 20:00:00,0.0
2018-01-15 20:15:00,0.0
2018-01-15 20:30:00,0.0
2018-01-15 20:45:00,0.0
2018-01-15 21:00:00,0.0
2018-01-15 21:15:00,0.0
2018-01-15 21:30:00,0.0
2018-01-15 21:45:00,0.0
2018-01-15 22:00:00,0.0
2018-01-15 22:15:00,0.0
2018-01-15 22:30:00,0.0
2018-01-15 22:45:00,0.0
2018-01-15 23:00:00,0.0
2018-01-15 23:15:00,0.0
2018-01-15 23:30:00,0.0
2018-01-15 23:45:00,0.0
2018-01-16 00:00:00,0.0
2018-01-16 00:15:00,0.0
2018-01-16 00:30:00,0.0
2018-01-16 00:45:00,0.0
2018-01-16 01:00:00,0.0
2018-01-16 01:15:00,0.0
2018-01-16 01:30:00,0.0
2018-01-16 01:45:00,0.0
2018-01-16 02:00:00,0.0
2018-01-16 02:15:00,0.0
2018-01-16 02:30:00,0.0
2018-01-16 02:45:00,0.0
2018-01-16 03:00:00,0.0
2018-01-16 03:15:00,0.0
2018-01-16 03:30:00,0.0
2018-01-16 03:45:00,0.0
2018-01-16 04:00:00,0.0
2018-01-16 04:15:00,0.0
2018-01-16 04:30:00,0.0
2018-01-16 04:45:00,0.0
2018-01-16 05:00:00,0.0
2018-01-16 05:15:00,0.0
2018-01-16 05:30:00,0.0
2018-01-16 05:45:00,0.0
2018-01-16 06:00:00,0.0
2018-01-16 06:15:00,0.0
2018-01-16 06:30:00,0.0
2018-01-16 06:45:00,0.0
2018-01-16 07:00:00,0.0
2018-01-16 07:15:00,0.0
2018-01-16 07:30:00,0.0
2018-01-16 07:45:00,0.0
2018-01-16 08:00:00,0.0
2018-01-16 08:15:00,0.0
2018-01-16 08:30:00,0.0
2018-01-16 08:45:00,0.0
2018-01-16 09:00:00,0.0
2018-01-16 09:15:00,0.0
2018-01-16 09:30:00,0.0
2018-01-16 09:45:00,0.0
2018-01-16 10:00:00,0.0
2018-01-16 10:15:00,0.0
2018-01-16 10:30:00,0.0
2018-01-16 10:45:00,0.0
2018-01-16 11:00:00,0.0
2018-01-16 11:15:00,0.0
2018-01-16 11:30:00,0.0
2018-01-16 11:45:00,0.0
2018-01-16 12:00:00,0.0
2018-01-16 12:15:00,0.0
2018-01-16 12:30:00,0.0
2018-01-16 12:45:00,0.0
2018-01-16 13:00:00,0.0
2018-01-16 13:15:00,0.0
2018-01-16 13:30:00,0.0
2018-01-16 13:45:00,0.0
2018-01-16 14:00:00,0.0
2018-01-16 14:15:00,0.0
2018-01-16 14:30:00,0.0
2018-01-16 14:45:00,0.0
2018-01-16 15:00:00,0.0
2018-01-16 15:15:00,0.0
2018-01-16 15:30:00,0.0
2018-01-16 15:45:00,0.0
2018-01-16 16:00:00,0.0
2018-01-16 16:15:00,0.0
2018-01-16 16:30:00,0.0
2018-01-16 16:45:00,0.0
2018-01-16 17:00:00,0.0
2018-01-16 17:15:00,0.0
2018-01-16 17:30:00,0.0
2018-01-16 17:45:00,0.0
2018-01-16 18:00:00,0.0
2018-01-16 18:15:00,0.0
2018-01-16 18:30:00,0.0
2018-01-16 18:45:00,0.0
2018-01-16 19:00:00,0.0
2018-01-16 19:15:00,0.0
2018-01-16 19:30:00,0.0
2018-01-16 19:45:00,0.0
2018-01-16 20:00:00,0.0
2018-01-16 20:15:00,0.0
2018-01-16 20:30:00,0.0
2018-01-16 20:45:00,0.0
2018-01-16 21:00:00,0.0
2018-01-16 21:15:00,0.0
2018-01-16 21:30:00,0.0
2018-01-16 21:45:00,0.0
2018-01-16 22:00:00,0.0
2018-01-16 22:15:00,0.0
2018-01-16 22:30:00,0.0
2018-01-16 22:45:00,0.0
2018-01-16 23:00:00,0.0
2018-01-16 23:15:00,0.0
2018-01-16 23:30:00,0.0
2018-01-16 23:45:00,0.0
2018-01-17 00:00:00,0.0
2018-01-17 00:15:00,0.0
2018-01-17 00:30:00,0.0
2018-01-17 00:45:00,0.0
2018-01-17 01:00:00,0.0
2018-01-17 01:15:00,0.0
2018-01-17 01:30:00,0.0
2018-01-17 01:45:00,0.0
2018-01-17 02:00:00,0.0
2018-01-17 02:15:00,0.0
2018-01-17 02:30:00,0.0
2018-01-17 02:45:00,0.0
2018-01-17 03:00:00,0.0
2018-01-17 03:15:00,0.0
2018-01-17 03:30:00,0.0
2018-01-17 03:45:00,0.0
2018-01-17 04:00:00,0.0
2018-01-17 04:15:00,0.0
2018-01-17 04:30:00,0.0
2018-01-17 04:45:00,0.0
2018-01-17 05:00:00,0.0
2018-01-17 05:15:00,0.0
2018-01-17 05:30:00,0.0
2018-01-17 05:45:00,0.0
2018-01-17 06:01:00,0.0
2018-01-17 06:15:00,0.0
2018-01-17 06:30:00,0.0
2018-01-17 06:45:00,0.0
2018-01-17 07:00:00,0.0
2018-01-17 07:15:00,0.0
2018-01-17 07:30:00,0.0
2018-01-17 07:45:00,0.0
2018-01-17 08:00:00,0.0
2018-01-17 08:15:00,0.0
2018-01-17 08:30:00,0.0
2018-01-17 08:45:00,0.0
2018-01-17 09:00:00,0.0
2018-01-17 09:15:00,0.0
2018-01-17 09:30:00,0.0
2018-01-17 09:45:00,0.0
2018-01-17 10:00:00,0.0
2018-01-17 10:15:00,0.0
2018-01-17 10:30:00,0.0
2018-01-17 10:45:00,0.0
2018-01-17 11:00:00,0.0
2018-01-17 11:15:00,0.0
2018-01-17 11:30:00,0.0
2018-01-17 11:45:00,0.0
2018-01-17 12:00:00,0.0
2018-01-17 12:15:00,0.0
2018-01-17 12:30:00,0.0
2018-01-17 12:45:00,0.0
2018-01-17 13:00:00,0.0
2018-01-17 13:15:00,0.0
2018-01-17 13:30:00,0.0
2018-01-17 13:45:00,0.0
2018-01-17 14:00:00,0.0
2018-01-17 14:15:00,0.0
2018-01-17 14:30:00,0.0
2018-01-17 14:45:00,0.0
2018-01-17 15:00:00,0.0
2018-01-17 15:15:00,0.0
2018-01-17 15:30:00,0.0
2018-01-17 15:45:00,0.0
2018-01-17 16:00:00,0.0
2018-01-17 16:15:00,0.0
2018-01-17 16:30:00,0.0
2018-01-17 16:45:00,0.0
2018-01-17 17:00:00,0.0
2018-01-17 17:15:00,0.0
2018-01-17 17:30:00,0.0
2018-01-17 17:45:00,0.0
2018-01-17 18:00:00,0.0
2018-01-17 18:15:00,0.0
2018-01-17 18:30:00,0.0
2018-01-17 18:45:00,0.0
2018-01-17 19:00:00,0.0
2018-01-17 19:15:00,0.0
2018-01-17 19:30:00,0.0
2018-01-17 19:45:00,0.0
2018-01-17 20:00:00,0.0
2018-01-17 20:15:00,0.0
2018-01-17 20:30:00,0.0
2018-01-17 20:45:00,0.0
2018-01-17 21:00:00,0.0
2018-01-17 21:15:00,0.0
2018-01-17 21:30:00,0.0
2018-01-17 21:45:00,0.0
2018-01-17 22:00:00,0.0
2018-01-17 22:15:00,0.0
2018-01-17 22:30:00,0.0
2018-01-17 22:45:00,0.0
2018-01-17 23:00:00,0.0
2018-01-17 23:15:00,0.0
2018-01-17 23:30:00,0.0
2018-01-17 23:45:00,0.0
2018-01-18 00:00:00,0.0
2018-01-18 00:15:00,0.0
2018-01-18 00:30:00,0.0
2018-01-18 00:45:00,0.0
2018-01-18 01:00:00,0.0
2018-01-18 01:15:00,0.0
2018-01-18 01:30:00,0.0
2018-01-18 01:45:00,0.0
2018-01-18 02:00:00,0.0
2018-01-18 02:15:00,0.0
2018-01-18 02:30:00,0.0
2018-01-18 02:45:00,0.0
2018-01-18 03:00:00,0.0
2018-01-18 03:15:00,0.0
2018-01-18 03:30:00,0.0
2018-01-18 03:45:00,0.0
2018-01-18 04:00:00,0.0
2018-01-18 04:15:00,0.0
2018-01-18 04:30:00,0.0
2018-01-18 04:45:00,0.0
2018-01-18 05:00:00,0.0
2018-01-18 05:15:00,0.0
2018-01-18 05:30:00,0.0
2018-01-18 05:45:00,0.0
2018-01-18 06:00:00,0.0
2018-01-18 06:15:00,0.0
2018-01-18 06:30:00,0.0
2018-01-18 06:45:00,0.0
2018-01-18 07:00:00,0.0
2018-01-18 07:15:00,0.0
2018-01-18 07:30:00,0.0
2018-01-18 07:45:00,0.0
2018-01-18 08:00:00,0.0
2018-01-18 08:15:00,0.0
2018-01-18 08:30:00,0.0
2018-01-18 08:45:00,0.0
2018-01-18 09:00:00,0.0
2018-01-18 09:15:00,0.0
2018-01-18 09:30:00,0.0
2018-01-18 09:45:00,0.0
2018-01-18 10:00:00,0.0
2018-01-18 10:15:00,0.0
2018-01-18 10:30:00,0.0
2018-01-18 10:45:00,0.0
2018-01-18 11:00:00,0.0
2018-01-18 11:15:00,0.0
2018-01-18 11:30:00,0.0
2018-01-18 11:45:00,0.0
2018-01-18 12:00:00,0.0
2018-01-18 12:15:00,0.0
2018-01-18 12:30:00,0.0
2018-01-18 12:45:00,0.0
2018-01-18 13:00:00,0.0
2018-01-18 13:15:00,0.0
2018-01-18 13:30:00,0.0
2018-01-18 13:45:00,0.0
2018-01-18 14:00:00,0.0
2018-01-18 14:15:00,0.0
2018-01-18 14:30:00,0.0
2018-01-18 14:45:00,0.0
2018-01-18 15:00:00,0.0
2018-01-18 15:15:00,0.0
2018-01-18 15:30:00,0.0
2018-01-18 15:45:00,0.0
2018-01-18 16:00:00,0.0
2018-01-18 16:15:00,0.0
2018-01-18 16:30:00,0.0
2018-01-18 16:45:00,0.0
2018-01-18 17:00:00,0.0
2018-01-18 17:15:00,0.0
2018-01-18 17:30:00,0.0
2018-01-18 17:45:00,0.0
2018-01-18 18:00:00,0.0
2018-01-18 18:15:00,0.0
2018-01-18 18:30:00,0.0
2018-01-18 18:45:00,0.0
2018-01-18 19:00:00,0.0
2018-01-18 19:15:00,0.0
2018-01-18 19:30:00,0.0
2018-01-18 19:45:00,0.0
2018-01-18 20:00:00,0.0
2018-01-18 20:15:00,0.0
2018-01-18 20:30:00,0.0
2018-01-18 20:45:00,0.0
2018-01-18 21:00:00,0.0
2018-01-18 21:15:00,0.0
2018-01-18 21:30:00,0.0
2018-01-18 21:45:00,0.0
2018-01-18 22:00:00,0.0
2018-01-18 22:15:00,0.0
2018-01-18 22:30:00,0.0
2018-01-18 22:45:00,0.0
2018-01-18 23:00:00,0.0
2018-01-18 23:15:00,0.0
2018-01-18 23:30:00,0.0
2018-01-18 23:45:00,0.0
2018-01-19 00:00:00,0.0
2018-01-19 00:15:00,0.0
2018-01-19 00:30:00,0.0
2018-01-19 00:45:00,0.0
2018-01-19 01:00:00,0.0
2018-01-19 01:15:00,0.0
2018-01-19 01:30:00,0.0
2018-01-19 01:45:00,0.0
2018-01-19 02:00:00,0.0
2018-01-19 02:15:00,0.0
2018-01-19 02:30:00,0.0
2018-01-19 02:45:00,0.0
2018-01-19 03:00:00,0.0
2018-01-19 03:15:00,0.0
2018-01-19 03:30:00,0.0
2018-01-19 03:45:00,0.0
2018-01-19 04:00:00,0.0
2018-01-19 04:15:00,0.0
2018-01-19 04:30:00,0.0
2018-01-19 04:45:00,0.0
2018-01-19 05:00:00,0.0
2018-01-19 05:15:00,0.0
2018-01-19 05:30:00,0.0
2018-01-19 05:45:00,0.0
2018-01-19 06:00:00,0.0
2018-01-19 06:15:00,0.0
2018-01-19 06:30:00,0.0
2018-01-19 06:45:00,0.0
2018-01-19 07:00:00,0.0
2018-01-19 07:15:00,0.0
2018-01-19 07:30:00,0.0
2018-01-19 07:45:00,0.0
2018-01-19 08:00:00,0.0
2018-01-19 08:15:00,0.0
2018-01-19 08:30:00,0.0
2018-01-19 08:45:00,0.0
2018-01-19 09:00:00,0.0
2018-01-19 09:15:00,0.0
2018-01-19 09:30:00,0.0
2018-01-19 09:45:00,0.0
2018-01-19 10:00:00,0.0
2018-01-19 10:15:00,0.0
2018-01-19 10:30:00,0.0
2018-01-19 10:45:00,0.0
2018-01-19 11:00:00,0.0
2018-01-19 11:15:00,0.0
2018-01-19 11:30:00,0.0
2018-01-19 11:45:00,0.0
2018-01-19 12:00:00,0.0
2018-01-19 12:15:00,0.0
2018-01-19 12:30:00,0.0
2018-01-19 12:45:00,0.0
2018-01-19 13:00:00,0.0
2018-01-19 13:15:00,0.0
2018-01-19 13:30:00,0.0
2018-01-19 13:45:00,0.0
2018-01-19 14:00:00,0.0
2018-01-19 14:15:00,0.0
2018-01-19 14:30:00,0.0
2018-01-19 14:45:00,0.0
2018-01-19 15:00:00,0.0
2018-01-19 15:15:00,0.0
2018-01-19 15:30:00,0.0
2018-01-19 15:45:00,0.0
2018-01-19 16:00:00,0.0
2018-01-19 16:15:00,0.0
2018-01-19 16:30:00,0.0
2018-01-19 16:45:00,0.0
2018-01-19 17:00:00,0.0
2018-01-19 17:15:00,0.0
2018-01-19 17:30:00,0.0
2018-01-19 17:45:00,0.0
2018-01-19 18:00:00,0.0
2018-01-19 18:15:00,0.0
2018-01-19 18:30:00,0.0
2018-01-19 18:45:00,0.0
2018-01-19 19:00:00,0.0
2018-01-19 19:15:00,0.0
2018-01-19 19:30:00,0.0
2018-01-19 19:45:00,0.0
2018-01-19 20:00:00,0.0
2018-01-19 20:15:00,0.0
2018-01-19 20:30:00,0.0
2018-01-19 20:45:00,0.0
2018-01-19 21:00:00,0.0
2018-01-19 21:15:00,0.0
2018-01-19 21:30:00,0.0
2018-01-19 21:45:00,0.0
2018-01-19 22:00:00,0.0
2018-01-19 22:15:00,0.0
2018-01-19 22:30:00,0.0
2018-01-19 22:45:00,0.0
2018-01-19 23:00:00,0.0
2018-01-19 23:15:00,0.0
2018-01-19 23:30:00,0.0
2018-01-19 23:45:00,0.0
2018-01-20 00:00:00,0.0
2018-01-20 00:15:00,0.0
2018-01-20 00:30:00,0.0
2018-01-20 00:45:00,0.0
2018-01-20 01:00:00,0.0
2018-01-20 01:15:00,0.0
2018-01-20 01:30:00,0.0
2018-01-20 01:45:00,0.0
2018-01-20 02:00:00,0.0
2018-01-20 02:15:00,0.0
2018-01-20 02:30:00,0.0
2018-01-20 02:45:00,0.0
2018-01-20 03:00:00,0.0
2018-01-20 03:15:00,0.0
2018-01-20 03:30:00,0.0
2018-01-20 03:45:00,0.0
2018-01-20 04:00:00,0.0
2018-01-20 04:15:00,0.0
2018-01-20 04:30:00,0.0
2018-01-20 04:45:00,0.0
2018-01-20 05:00:00,0.0
2018-01-20 05:15:00,0.0
2018-01-20 05:30:00,0.0
2018-01-20 05:45:00,0.0
2018-01-20 06:00:00,0.0
2018-01-20 06:15:00,0.0
2018-01-20 06:30:00,0.0
2018-01-20 06:45:00,0.0
2018-01-20 07:00:00,0.0
2018-01-20 07:15:00,0.0
2018-01-20 07:30:00,0.0
2018-01-20 07:45:00,0.0
2018-01-20 08:00:00,0.0
2018-01-20 08:15:00,0.0
2018-01-20 08:30:00,0.0
2018-01-20 08:45:00,0.0
2018-01-20 09:00:00,0.0
2018-01-20 09:15:00,0.0
2018-01-20 09:30:00,0.0
2018-01-20 09:45:00,0.0
2018-01-20 10:00:00,0.0
2018-01-20 10:15:00,0.0
2018-01-20 10:30:00,0.0
2018-01-20 10:45:00,0.0
2018-01-20 11:00:00,0.0
2018-01-20 11:15:00,0.0
2018-01-20 11:30:00,0.0
2018-01-20 11:45:00,0.0
2018-01-20 12:00:00,0.0
2018-01-20 12:15:00,0.0
2018-01-20 12:30:00,0.0
2018-01-20 12:45:00,0.0
2018-01-20 13:00:00,0.0
2018-01-20 13:15:00,0.0
2018-01-20 13:30:00,0.0
2018-01-20 13:45:00,0.0
2018-01-20 14:00:00,0.0
2018-01-20 14:15:00,0.0
2018-01-20 14:30:00,0.0
2018-01-20 14:45:00,0.0
2018-01-20 15:00:00,0.0
2018-01-20 15:15:00,0.0
2018-01-20 15:30:00,0.0
2018-01-20 15:45:00,0.0
2018-01-20 16:00:00,0.0
2018-01-20 16:15:00,0.0
2018-01-20 16:30:00,0.0
2018-01-20 16:45:00,0.0
2018-01-20 17:00:00,0.0
2018-01-20 17:15:00,0.0
2018-01-20 17:30:00,0.0
2018-01-20 17:45:00,0.0
2018-01-20 18:00:00,0.0
2018-01-20 18:15:00,0.0
2018-01-20 18:30:00,0.0
2018-01-20 18:45:00,0.0
2018-01-20 19:00:00,0.0
2018-01-20 19:15:00,0.0
2018-01-20 19:30:00,0.0
2018-01-20 19:45:00,0.0
2018-01-20 20:00:00,0.0
2018-01-20 20:15:00,0.0
2018-01-20 20:30:00,0.0
2018-01-20 20:45:00,0.0
2018-01-20 21:00:00,0.0
2018-01-20 21:15:00,0.0
2018-01-20 21:30:00,0.0
2018-01-20 21:45:00,0.0
2018-01-20 22:00:00,0.0
2018-01-20 22:15:00,0.0
2018-01-20 22:30:00,0.0
2018-01-20 22:45:00,0.0
2018-01-20 23:00:00,0.0
2018-01-20 23:15:00,0.0
2018-01-20 23:30:00,0.0
2018-01-20 23:45:00,0.0
2018-01-21 00:00:00,0.0
2018-01-21 00:15:00,0.0
2018-01-21 00:30:00,0.0
2018-01-21 00:45:00,0.0
2018-01-21 01:00:00,0.0
2018-01-21 01:15:00,0.0
2018-01-21 01:30:00,0.0
2018-01-21 01:45:00,0.0
2018-01-21 02:00:00,0.0
2018-01-21 02:15:00,0.0
2018-01-21 02:30:00,0.0
2018-01-21 02:45:00,0.0
2018-01-21 03:00:00,0.0
2018-01-21 03:15:00,0.0
2018-01-21 03:30:00,0.0
2018-01-21 03:45:00,0.0
2018-01-21 04:00:00,0.0
2018-01-21 04:15:00,0.0
2018-01-21 04:30:00,0.0
2018-01-21 04:45:00,0.0
2018-01-21 05:00:00,0.0
2018-01-21 05:15:00,0.0
2018-01-21 05:30:00,0.0
2018-01-21 05:45:00,0.0
2018-01-21 06:00:00,0.0
2018-01-21 06:15:00,0.0
2018-01-21 06:30:00,0.0
2018-01-21 06:45:00,0.0
2018-01-21 07:00:00,0.0
2018-01-21 07:15:00,0.0
2018-01-21 07:30:00,0.0
2018-01-21 07:45:00,0.0
2018-01-21 08:00:00,0.0
2018-01-21 08:15:00,0.0
2018-01-21 08:30:00,0.0
2018-01-21 08:45:00,0.0
2018-01-21 09:00:00,0.0
2018-01-21 09:15:00,0.0
2018-01-21 09:30:00,0.0
2018-01-21 09:45:00,0.0
2018-01-21 10:00:00,0.0
2018-01-21 10:15:00,0.0
2018-01-21 10:30:00,0.0
2018-01-21 10:45:00,0.0
2018-01-21 11:00:00,0.0
2018-01-21 11:15:00,0.0
2018-01-21 11:30:00,0.0
2018-01-21 11:45:00,0.0
2018-01-21 12:00:00,0.0
2018-01-21 12:15:00,0.0
2018-01-21 12:30:00,0.0
2018-01-21 12:45:00,0.0
2018-01-21 13:00:00,0.0
2018-01-21 13:15:00,0.0
2018-01-21 13:30:00,0.0
2018-01-21 13:45:00,0.0
2018-01-21 14:00:00,0.0
2018-01-21 14:15:00,0.0
2018-01-21 14:30:00,0.0
2018-01-21 14:45:00,0.0
2018-01-21 15:00:00,0.0
2018-01-21 15:15:00,0.0
2018-01-21 15:30:00,0.0
2018-01-21 15:45:00,0.0
2018-01-21 16:00:00,0.0
2018-01-21 16:15:00,0.0
2018-01-21 16:30:00,0.0
2018-01-21 16:45:00,0.0
2018-01-21 17:00:00,0.0
2018-01-21 17:15:00,0.0
2018-01-21 17:30:00,0.0
2018-01-21 17:45:00,0.0
2018-01-21 18:00:00,0.0
2018-01-21 18:15:00,0.0
2018-01-21 18:30:00,0.0
2018-01-21 18:45:00,0.0
2018-01-21 19:00:00,0.0
2018-01-21 19:15:00,0.0
2018-01-21 19:30:00,0.0
2018-01-21 19:45:00,0.0
2018-01-21 20:00:00,0.0
2018-01-21 20:15:00,0.0
2018-01-21 20:30:00,0.0
2018-01-21 20:45:00,0.0
2018-01-21 21:00:00,0.0
2018-01-21 21:15:00,0.0
2018-01-21 21:30:00,0.0
2018-01-21 21:45:00,0.0
2018-01-21 22:00:00,0.0
2018-01-21 22:15:00,0.0
2018-01-21 22:30:00,0.0
2018-01-21 22:45:00,0.0
2018-01-21 23:00:00,0.0
2018-01-21 23:15:00,0.0
2018-01-21 23:30:00,0.0
2018-01-21 23:45:00,0.0
2018-01-22 00:00:00,0.0
2018-01-22 00:15:00,0.0
2018-01-22 00:30:00,0.0
2018-01-22 00:45:00,0.0
2018-01-22 01:00:00,0.0
2018-01-22 01:15:00,0.0
2018-01-22 01:30:00,0.0
2018-01-22 01:45:00,0.0
2018-01-22 02:00:00,0.0
2018-01-22 02:15:00,0.0
2018-01-22 02:30:00,0.0
2018-01-22 02:45:00,0.0
2018-01-22 03:00:00,0.0
2018-01-22 03:15:00,0.0
2018-01-22 03:30:00,0.0
2018-01-22 03:45:00,0.0
2018-01-22 04:00:00,0.0
2018-01-22 04:15:00,0.0
2018-01-22 04:30:00,0.0
2018-01-22 04:45:00,0.0
2018-01-22 05:00:00,0.0
2018-01-22 05:15:00,0.0
2018-01-22 05:30:00,0.0
2018-01-22 05:45:00,0.0
2018-01-22 06:00:00,0.0
2018-01-22 06:15:00,0.0
2018-01-22 06:30:00,0.0
2018-01-22 06:45:00,0.0
2018-01-22 07:00:00,0.0
2018-01-22 07:15:00,0.0
2018-01-22 07:30:00,0.0
2018-01-22 07:45:00,0.0
2018-01-22 08:00:00,0.0
2018-01-22 08:15:00,0.0
2018-01-22 08:30:00,0.0
2018-01-22 08:45:00,0.0
2018-01-22 09:00:00,0.0
2018-01-22 09:15:00,0.0
2018-01-22 09:30:00,0.0
2018-01-22 09:45:00,0.0
2018-01-22 10:00:00,0.0
2018-01-22 10:15:00,0.0
2018-01-22 10:30:00,0.0
2018-01-22 10:45:00,0.0
2018-01-22 11:00:00,0.0
2018-01-22 11:15:00,0.0
2018-01-22 11:30:00,0.0
2018-01-22 11:45:00,0.0
2018-01-22 12:00:00,0.0
2018-01-22 12:15:00,0.0
2018-01-22 12:30:00,0.0
2018-01-22 12:45:00,0.0
2018-01-22 13:00:00,0.0
2018-01-22 13:15:00,0.0
2018-01-22 13:30:00,0.0
2018-01-22 13:45:00,0.0
2018-01-22 14:00:00,0.0
2018-01-22 14:15:00,0.0
2018-01-22 14:30:00,0.0
2018-01-22 14:45:00,0.0
2018-01-22 15:00:00,0.0
2018-01-22 15:15:00,0.0
2018-01-22 15:30:00,0.0
2018-01-22 15:45:00,0.0
2018-01-22 16:00:00,0.0
2018-01-22 16:15:00,0.0
2018-01-22 16:30:00,0.0
2018-01-22 16:45:00,0.0
2018-01-22 17:00:00,0.0
2018-01-22 17:15:00,0.0
2018-01-22 17:30:00,0.0
2018-01-22 17:45:00,0.0
2018-01-22 18:00:00,0.0
2018-01-22 18:15:00,0.0
2018-01-22 18:30:00,0.0
2018-01-22 18:45:00,0.0
2018-01-22 19:00:00,0.0
2018-01-22 19:15:00,0.0
2018-01-22 19:30:00,0.0
2018-01-22 19:45:00,0.0
2018-01-22 20:00:00,0.0
2018-01-22 20:15:00,0.0
2018-01-22 20:30:00,0.0
2018-01-22 20:45:00,0.0
2018-01-22 21:00:00,0.0
2018-01-22 21:15:00,0.0
2018-01-22 21:30:00,0.0
2018-01-22 21:45:00,0.0
2018-01-22 22:00:00,0.0
2018-01-22 22:15:00,0.0
2018-01-22 22:30:00,0.0
2018-01-22 22:45:00,0.0
2018-01-22 23:00:00,0.0
2018-01-22 23:15:00,0.0
2018-01-22 23:30:00,0.0
2018-01-22 23:45:00,0.0
2018-01-23 00:00:00,0.0
2018-01-23 00:15:00,0.0
2018-01-23 00:30:00,0.0
2018-01-23 00:45:00,0.0
2018-01-23 01:00:00,0.0
2018-01-23 01:15:00,0.0
2018-01-23 01:30:00,0.0
2018-01-23 01:45:00,0.0
2018-01-23 02:00:00,0.0
2018-01-23 02:15:00,0.0
2018-01-23 02:30:00,0.0
2018-01-23 02:45:00,0.0
2018-01-23 03:00:00,0.0
2018-01-23 03:15:00,0.0
2018-01-23 03:30:00,0.0
2018-01-23 03:45:00,0.0
2018-01-23 04:00:00,0.0
2018-01-23 04:15:00,0.0
2018-01-23 04:30:00,0.0
2018-01-23 04:45:00,0.0
2018-01-23 05:00:00,0.0
2018-01-23 05:15:00,0.0
2018-01-23 05:30:00,0.0
2018-01-23 05:45:00,0.0
2018-01-23 06:00:00,0.0
2018-01-23 06:15:00,0.0
2018-01-23 06:30:00,0.0
2018-01-23 06:45:00,0.0
2018-01-23 07:00:00,0.0
2018-01-23 07:15:00,0.0
2018-01-23 07:30:00,0.0
2018-01-23 07:45:00,0.0
2018-01-23 08:00:00,0.0
2018-01-23 08:15:00,0.0
2018-01-23 08:30:00,0.0
2018-01-23 08:45:00,0.0
2018-01-23 09:00:00,0.0
2018-01-23 09:15:00,0.0
2018-01-23 09:30:00,0.0
2018-01-23 09:45:00,0.0
2018-01-23 10:00:00,0.0
2018-01-23 10:15:00,0.0
2018-01-23 10:30:00,0.0
2018-01-23 10:45:00,0.0
2018-01-23 11:00:00,0.0
2018-01-23 11:15:00,0.0
2018-01-23 11:30:00,0.0
2018-01-23 11:45:00,0.0
2018-01-23 12:00:00,0.0
2018-01-23 12:15:00,0.0
2018-01-23 12:30:00,0.0
2018-01-23 12:45:00,0.0
2018-01-23 13:00:00,0.0
2018-01-23 13:15:00,0.0
2018-01-23 13:30:00,0.0
2018-01-23 13:45:00,0.0
2018-01-23 14:00:00,0.0
2018-01-23 14:15:00,0.0
2018-01-23 14:30:00,0.0
2018-01-23 14:45:00,0.0
2018-01-23 15:00:00,0.0
2018-01-23 15:15:00,0.0
2018-01-23 15:30:00,0.0
2018-01-23 15:45:00,0.0
2018-01-23 16:00:00,0.0
2018-01-23 16:15:00,0.0
2018-01-23 16:30:00,0.0
2018-01-23 16:45:00,0.0
2018-01-23 17:00:00,0.0
2018-01-23 17:15:00,0.0
2018-01-23 17:30:00,0.0
2018-01-23 17:45:00,0.0
2018-01-23 18:00:00,0.0
2018-01-23 18:15:00,0.0
2018-01-23 18:30:00,0.0
2018-01-23 18:45:00,0.0
2018-01-23 19:00:00,0.0
2018-01-23 19:15:00,0.0
2018-01-23 19:30:00,0.0
2018-01-23 19:45:00,0.0
2018-01-23 20:00:00,0.0
2018-01-23 20:15:00,0.0
2018-01-23 20:30:00,0.0
2018-01-23 20:45:00,0.0
2018-01-23 21:00:00,0.0
2018-01-23 21:15:00,0.0
2018-01-23 21:30:00,0.0
2018-01-23 21:45:00,0.0
2018-01-23 22:00:00,0.0
2018-01-23 22:15:00,0.0
2018-01-23 22:30:00,0.0
2018-01-23 22:45:00,0.0
2018-01-23 23:00:00,0.0
2018-01-23 23:15:00,0.0
2018-01-23 23:30:00,0.0
2018-01-23 23:45:00,0.0
2018-01-24 00:00:00,0.0
2018-01-24 00:15:00,0.0
2018-01-24 00:30:00,0.0
2018-01-24 00:45:00,0.0
2018-01-24 01:00:00,0.0
2018-01-24 01:15:00,0.0
2018-01-24 01:30:00,0.0
2018-01-24 01:45:00,0.0
2018-01-24 02:00:00,0.0
2018-01-24 02:15:00,0.0
2018-01-24 02:30:00,0.0
2018-01-24 02:45:00,0.0
2018-01-24 03:00:00,0.0
2018-01-24 03:15:00,0.0
2018-01-24 03:30:00,0.0
2018-01-24 03:45:00,0.0
2018-01-24 04:00:00,0.0
2018-01-24 04:15:00,0.0
2018-01-24 04:30:00,0.0
2018-01-24 04:45:00,0.0
2018-01-24 05:00:00,0.0
2018-01-24 05:15:00,0.0
2018-01-24 05:30:00,0.0
2018-01-24 05:45:00,0.0
2018-01-24 06:00:00,0.0
2018-01-24 06:15:00,0.0
2018-01-24 06:30:00,0.0
2018-01-24 06:45:00,0.0
2018-01-24 07:00:00,0.0
2018-01-24 07:15:00,0.0
2018-01-24 07:30:00,0.0
2018-01-24 07:45:00,0.0
2018-01-24 08:00:00,0.0
2018-01-24 08:15:00,0.0
2018-01-24 08:30:00,0.0
2018-01-24 08:45:00,0.0
2018-01-24 09:00:00,0.0
2018-01-24 09:15:00,0.0
2018-01-24 09:30:00,0.0
2018-01-24 09:45:00,0.0
2018-01-24 10:00:00,0.0
2018-01-24 10:15:00,0.0
2018-01-24 10:30:00,0.0
2018-01-24 10:45:00,0.0
2018-01-24 11:00:00,0.0
2018-01-24 11:15:00,0.0
2018-01-24 11:30:00,0.0
2018-01-24 11:45:00,0.0
2018-01-24 12:00:00,0.0
2018-01-24 12:15:00,0.0
2018-01-24 12:30:00,0.0
2018-01-24 12:45:00,0.0
2018-01-24 13:00:00,0.0
2018-01-24 13:15:00,0.0
2018-01-24 13:30:00,0.0
2018-01-24 13:45:00,0.0
2018-01-24 14:00:00,0.0
2018-01-24 14:15:00,0.0
2018-01-24 14:30:00,0.0
2018-01-24 14:45:00,0.0
2018-01-24 15:00:00,0.0
2018-01-24 15:15:00,0.0
2018-01-24 15:30:00,0.0
2018-01-24 15:45:00,0.0
2018-01-24 16:00:00,0.0
2018-01-24 16:15:00,0.0
2018-01-24 16:30:00,0.0
2018-01-24 16:45:00,0.0
2018-01-24 17:00:00,0.0
2018-01-24 17:15:00,0.0
2018-01-24 17:30:00,0.0
2018-01-24 17:45:00,0.0
2018-01-24 18:00:00,0.0
2018-01-24 18:15:00,0.0
2018-01-24 18:30:00,0.0
2018-01-24 18:45:00,0.0
2018-01-24 19:00:00,0.0
2018-01-24 19:15:00,0.0
2018-01-24 19:30:00,0.0
2018-01-24 19:45:00,0.0
2018-01-24 20:00:00,0.0
2018-01-24 20:15:00,0.0
2018-01-24 20:30:00,0.0
2018-01-24 20:45:00,0.0
2018-01-24 21:00:00,0.0
2018-01-24 21:15:00,0.0
2018-01-24 21:30:00,0.0
2018-01-24 21:45:00,0.0
2018-01-24 22:00:00,0.0
2018-01-24 22:15:00,0.0
2018-01-24 22:30:00,0.0
2018-01-24 22:45:00,0.0
2018-01-24 23:00:00,0.0
2018-01-24 23:15:00,0.0
2018-01-24 23:30:00,0.0
2018-01-24 23:45:00,0.0
2018-01-25 00:00:00,0.0
2018-01-25 00:15:00,0.0
2018-01-25 00:30:00,0.0
2018-01-25 00:45:00,0.0
2018-01-25 01:00:00,0.0
2018-01-25 01:15:00,0.0
2018-01-25 01:30:00,0.0
2018-01-25 01:45:00,0.0
2018-01-25 02:00:00,0.0
2018-01-25 02:15:00,0.0
2018-01-25 02:30:00,0.0
2018-01-25 02:45:00,0.0
2018-01-25 03:00:00,0.0
2018-01-25 03:15:00,0.0
2018-01-25 03:30:00,0.0
2018-01-25 03:45:00,0.0
2018-01-25 04:00:00,0.0
2018-01-25 04:15:00,0.0
2018-01-25 04:30:00,0.0
2018-01-25 04:45:00,0.0
2018-01-25 05:00:00,0.0
2018-01-25 05:15:00,0.0
2018-01-25 05:30:00,0.0
2018-01-25 05:45:00,0.0
2018-01-25 06:00:00,0.0
2018-01-25 06:15:00,0.0
2018-01-25 06:30:00,0.0
2018-01-25 06:45:00,0.0
2018-01-25 07:00:00,0.0
2018-01-25 07:15:00,0.0
2018-01-25 07:30:00,0.0
2018-01-25 07:45:00,0.0
2018-01-25 08:00:00,0.0
2018-01-25 08:15:00,0.0
2018-01-25 08:30:00,0.0
2018-01-25 08:45:00,0.0
2018-01-25 09:00:00,0.0
2018-01-25 09:15:00,0.0
2018-01-25 09:30:00,0.0
2018-01-25 09:45:00,0.0
2018-01-25 10:00:00,0.0
2018-01-25 10:15:00,0.0
2018-01-25 10:30:00,0.0
2018-01-25 10:45:00,0.0
2018-01-25 11:00:00,0.0
2018-01-25 11:15:00,0.0
2018-01-25 11:30:00,0.0
2018-01-25 11:45:00,0.0
2018-01-25 12:00:00,0.0
2018-01-25 12:15:00,0.0
2018-01-25 12:30:00,0.0
2018-01-25 12:45:00,0.0
2018-01-25 13:00:00,0.0
2018-01-25 13:15:00,0.0
2018-01-25 13:30:00,0.0
2018-01-25 13:45:00,0.0
2018-01-25 14:00:00,0.0
2018-01-25 14:15:00,0.0
2018-01-25 14:30:00,0.0
2018-01-25 14:45:00,0.0
2018-01-25 15:00:00,0.0
2018-01-25 15:15:00,0.0
2018-01-25 15:30:00,0.0
2018-01-25 15:45:00,0.0
2018-01-25 16:00:00,0.0
2018-01-25 16:15:00,0.0
2018-01-25 16:30:00,0.0
2018-01-25 16:45:00,0.0
2018-01-25 17:00:00,0.0
2018-01-25 17:15:00,0.0
2018-01-25 17:30:00,0.0
2018-01-25 17:45:00,0.0
2018-01-25 18:00:00,0.0
2018-01-25 18:15:00,0.0
2018-01-25 18:30:00,0.0
2018-01-25 18:45:00,0.0
2018-01-25 19:00:00,0.0
2018-01-25 19:15:00,0.0
2018-01-25 19:30:00,0.0
2018-01-25 19:45:00,0.0
2018-01-25 20:00:00,0.0
2018-01-25 20:15:00,0.0
2018-01-25 20:30:00,0.0
2018-01-25 20:45:00,0.0
2018-01-25 21:00:00,0.0
2018-01-25 21:15:00,0.0
2018-01-25 21:30:00,0.0
2018-01-25 21:45:00,0.0
2018-01-25 22:00:00,0.0
2018-01-25 22:15:00,0.0
2018-01-25 22:30:00,0.0
2018-01-25 22:45:00,0.0
2018-01-25 23:00:00,0.0
2018-01-25 23:15:00,0.0
2018-01-25 23:30:00,0.0
2018-01-25 23:45:00,0.0
2018-01-26 00:00:00,0.0
2018-01-26 00:15:00,0.0
2018-01-26 00:30:00,0.0
2018-01-26 00:45:00,0.0
2018-01-26 01:00:00,0.0
2018-01-26 01:15:00,0.0
2018-01-26 01:30:00,0.0
2018-01-26 01:45:00,0.0
2018-01-26 02:00:00,0.0
2018-01-26 02:15:00,0.0
2018-01-26 02:30:00,0.0
2018-01-26 02:45:00,0.0
2018-01-26 03:00:00,0.0
2018-01-26 03:15:00,0.0
2018-01-26 03:30:00,0.0
2018-01-26 03:45:00,0.0
2018-01-26 04:00:00,0.0
2018-01-26 04:15:00,0.0
2018-01-26 04:30:00,0.0
2018-01-26 04:45:00,0.0
2018-01-26 05:00:00,0.0
2018-01-26 05:15:00,0.0
2018-01-26 05:30:00,0.0
2018-01-26 05:45:00,0.0
2018-01-26 06:00:00,0.0
2018-01-26 06:15:00,0.0
2018-01-26 06:30:00,0.0
2018-01-26 06:45:00,0.0
2018-01-26 07:00:00,0.0
2018-01-26 07:15:00,0.0
2018-01-26 07:30:00,0.0
2018-01-26 07:45:00,0.0
2018-01-26 08:00:00,0.0
2018-01-26 08:15:00,0.0
2018-01-26 08:30:00,0.0
2018-01-26 08:45:00,0.0
2018-01-26 09:00:00,0.0
2018-01-26 09:15:00,0.0
2018-01-26 09:30:00,0.0
2018-01-26 09:45:00,0.0
2018-01-26 10:00:00,0.0
2018-01-26 10:15:00,0.0
2018-01-26 10:30:00,0.0
2018-01-26 10:45:00,0.0
2018-01-26 11:00:00,0.0
2018-01-26 11:15:00,0.0
2018-01-26 11:30:00,0.0
2018-01-26 11:45:00,0.0
2018-01-26 12:00:00,0.0
2018-01-26 12:15:00,0.0
2018-01-26 12:30:00,0.0
2018-01-26 12:45:00,0.0
2018-01-26 13:00:00,0.0
2018-01-26 13:15:00,0.0
2018-01-26 13:30:00,0.0
2018-01-26 13:45:00,0.0
2018-01-26 14:00:00,0.0
2018-01-26 14:15:00,0.0
2018-01-26 14:30:00,0.0
2018-01-26 14:45:00,0.0
2018-01-26 15:00:00,0.0
2018-01-26 15:15:00,0.0
2018-01-26 15:30:00,0.0
2018-01-26 15:45:00,0.0
2018-01-26 16:00:00,0.0
2018-01-26 16:15:00,0.0
2018-01-26 16:30:00,0.0
2018-01-26 16:45:00,0.0
2018-01-26 17:00:00,0.0
2018-01-26 17:15:00,0.0
2018-01-26 17:30:00,0.0
2018-01-26 17:45:00,0.0
2018-01-26 18:00:00,0.0
2018-01-26 18:15:00,0.0
2018-01-26 18:30:00,0.0
2018-01-26 18:45:00,0.0
2018-01-26 19:00:00,0.0
2018-01-26 19:15:00,0.0
2018-01-26 19:30:00,0.0
2018-01-26 19:45:00,0.0
2018-01-26 20:00:00,0.0
2018-01-26 20:15:00,0.0
2018-01-26 20:30:00,0.0
2018-01-26 20:45:00,0.0
2018-01-26 21:00:00,0.0
2018-01-26 21:15:00,0.0
2018-01-26 21:30:00,0.0
2018-01-26 21:45:00,0.0
2018-01-26 22:00:00,0.0
2018-01-26 22:15:00,0.0
2018-01-26 22:30:00,0.0
2018-01-26 22:45:00,0.0
2018-01-26 23:00:00,0.0
2018-01-26 23:15:00,0.0
2018-01-26 23:30:00,0.0
2018-01-26 23:45:00,0.0
2018-01-27 00:00:00,0.0
2018-01-27 00:15:00,0.0
2018-01-27 00:30:00,0.0
2018-01-27 00:45:00,0.0
2018-01-27 01:00:00,0.0
2018-01-27 01:15:00,0.0
2018-01-27 01:30:00,0.0
2018-01-27 01:45:00,0.0
2018-01-27 02:00:00,0.0
2018-01-27 02:15:00,0.0
2018-01-27 02:30:00,0.0
2018-01-27 02:45:00,0.0
2018-01-27 03:00:00,0.0
2018-01-27 03:15:00,0.0
2018-01-27 03:30:00,0.0
2018-01-27 03:45:00,0.0
2018-01-27 04:00:00,0.0
2018-01-27 04:15:00,0.0
2018-01-27 04:30:00,0.0
2018-01-27 04:45:00,0.0
2018-01-27 05:00:00,0.0
2018-01-27 05:15:00,0.0
2018-01-27 05:30:00,0.0
2018-01-27 05:45:00,0.0
2018-01-27 06:00:00,0.0
2018-01-27 06:15:00,0.0
2018-01-27 06:30:00,0.0
2018-01-27 06:45:00,0.0
2018-01-27 07:00:00,0.0
2018-01-27 07:15:00,0.0
2018-01-27 07:30:00,0.0
2018-01-27 07:45:00,0.0
2018-01-27 08:00:00,0.0
2018-01-27 08:15:00,0.0
2018-01-27 08:30:00,0.0
2018-01-27 08:45:00,0.0
2018-01-27 09:00:00,0.0
2018-01-27 09:15:00,0.0
2018-01-27 09:30:00,0.0
2018-01-27 09:45:00,0.0
2018-01-27 10:00:00,0.0
2018-01-27 10:15:00,0.0
2018-01-27 10:30:00,0.0
2018-01-27 10:45:00,0.0
2018-01-27 11:00:00,0.0
2018-01-27 11:15:00,0.0
2018-01-27 11:30:00,0.0
2018-01-27 11:45:00,0.0
2018-01-27 12:00:00,0.0
2018-01-27 12:15:00,0.0
2018-01-27 12:30:00,0.0
2018-01-27 12:45:00,0.0
2018-01-27 13:00:00,0.0
2018-01-27 13:15:00,0.0
2018-01-27 13:30:00,0.0
2018-01-27 13:45:00,0.0
2018-01-27 14:00:00,0.0
2018-01-27 14:15:00,0.0
2018-01-27 14:30:00,0.0
2018-01-27 14:45:00,0.0
2018-01-27 15:00:00,0.0
2018-01-27 15:15:00,0.0
2018-01-27 15:30:00,0.0
2018-01-27 15:45:00,0.0
2018-01-27 16:00:00,0.0
2018-01-27 16:15:00,0.0
2018-01-27 16:30:00,0.0
2018-01-27 16:45:00,0.0
2018-01-27 17:00:00,0.0
2018-01-27 17:15:00,0.0
2018-01-27 17:30:00,0.0
2018-01-27 17:45:00,0.0
2018-01-27 18:00:00,0.0
2018-01-27 18:15:00,0.0
2018-01-27 18:30:00,0.0
2018-01-27 18:45:00,0.0
2018-01-27 19:00:00,0.0
2018-01-27 19:15:00,0.0
2018-01-27 19:30:00,0.0
2018-01-27 19:45:00,0.0
2018-01-27 20:00:00,0.0
2018-01-27 20:15:00,0.0
2018-01-27 20:30:00,0.0
2018-01-27 20:45:00,0.0
2018-01-27 21:00:00,0.0
2018-01-27 21:15:00,0.0
2018-01-27 21:30:00,0.0
2018-01-27 21:45:00,0.0
2018-01-27 22:00:00,0.0
2018-01-27 22:15:00,0.0
2018-01-27 22:30:00,0.0
2018-01-27 22:45:00,0.0
2018-01-27 23:00:00,0.0
2018-01-27 23:15:00,0.0
2018-01-27 23:30:00,0.0
2018-01-27 23:45:00,0.0
2018-01-28 00:00:00,0.0
2018-01-28 00:15:00,0.0
2018-01-28 00:30:00,0.0
2018-01-28 00:45:00,0.0
2018-01-28 01:00:00,0.0
2018-01-28 01:15:00,0.0
2018-01-28 01:30:00,0.0
2018-01-28 01:45:00,0.0
2018-01-28 02:00:00,0.0
2018-01-28 02:15:00,0.0
2018-01-28 02:30:00,0.0
2018-01-28 02:45:00,0.0
2018-01-28 03:00:00,0.0
2018-01-28 03:15:00,0.0
2018-01-28 03:30:00,0.0
2018-01-28 03:45:00,0.0
2018-01-28 04:00:00,0.0
2018-01-28 04:15:00,0.0
2018-01-28 04:30:00,0.0
2018-01-28 04:45:00,0.0
2018-01-28 05:00:00,0.0
2018-01-28 05:15:00,0.0
2018-01-28 05:30:00,0.0
2018-01-28 05:45:00,0.0
2018-01-28 06:00:00,0.0
2018-01-28 06:15:00,0.0
2018-01-28 06:30:00,0.0
2018-01-28 06:45:00,0.0
2018-01-28 07:00:00,0.0
2018-01-28 07:15:00,0.0
2018-01-28 07:30:00,0.0
2018-01-28 07:45:00,0.0
2018-01-28 08:00:00,0.0
2018-01-28 08:15:00,0.0
2018-01-28 08:30:00,0.0
2018-01-28 08:45:00,0.0
2018-01-28 09:00:00,0.0
2018-01-28 09:15:00,0.0
2018-01-28 09:30:00,0.0
2018-01-28 09:45:00,0.0
2018-01-28 10:00:00,0.0
2018-01-28 10:15:00,0.0
2018-01-28 10:30:00,0.0
2018-01-28 10:45:00,0.0
2018-01-28 11:00:00,0.0
2018-01-28 11:15:00,0.0
2018-01-28 11:30:00,0.0
2018-01-28 11:45:00,0.0
2018-01-28 12:00:00,0.0
2018-01-28 12:15:00,0.0
2018-01-28 12:30:00,0.0
2018-01-28 12:45:00,0.0
2018-01-28 13:00:00,0.0
2018-01-28 13:15:00,0.0
2018-01-28 13:30:00,0.0
2018-01-28 13:45:00,0.0
2018-01-28 14:00:00,0.0
2018-01-28 14:15:00,0.0
2018-01-28 14:30:00,0.0
2018-01-28 14:45:00,0.0
2018-01-28 15:00:00,0.0
2018-01-28 15:15:00,0.0
2018-01-28 15:30:00,0.0
2018-01-28 15:45:00,0.0
2018-01-28 16:00:00,0.0
2018-01-28 16:15:00,0.0
2018-01-28 16:30:00,0.0
2018-01-28 16:45:00,0.0
2018-01-28 17:00:00,0.0
2018-01-28 17:15:00,0.0
2018-01-28 17:30:00,0.0
2018-01-28 17:45:00,0.0
2018-01-28 18:00:00,0.0
2018-01-28 18:15:00,0.0
2018-01-28 18:30:00,0.0
2018-01-28 18:45:00,0.0
2018-01-28 19:00:00,0.0
2018-01-28 19:15:00,0.0
2018-01-28 19:30:00,0.0
2018-01-28 19:45:00,0.0
2018-01-28 20:00:00,0.0
2018-01-28 20:15:00,0.0
2018-01-28 20:30:00,0.0
2018-01-28 20:45:00,0.0
2018-01-28 21:00:00,0.0
2018-01-28 21:15:00,0.0
2018-01-28 21:30:00,0.0
2018-01-28 21:45:00,0.0
2018-01-28 22:00:00,0.0
2018-01-28 22:15:00,0.0
2018-01-28 22:30:00,0.0
2018-01-28 22:45:00,0.0
2018-01-28 23:00:00,0.0
2018-01-28 23:15:00,0.0
2018-01-28 23:30:00,0.0
2018-01-28 23:45:00,0.0
2018-01-29 00:00:00,0.0
2018-01-29 00:15:00,0.0
2018-01-29 00:30:00,0.0
2018-01-29 00:45:00,0.0
2018-01-29 01:00:00,0.0
2018-01-29 01:15:00,0.0
2018-01-29 01:30:00,0.0
2018-01-29 01:45:00,0.0
2018-01-29 02:00:00,0.0
2018-01-29 02:15:00,0.0
2018-01-29 02:30:00,0.0
2018-01-29 02:45:00,0.0
2018-01-29 03:00:00,0.0
2018-01-29 03:15:00,0.0
2018-01-29 03:30:00,0.0
2018-01-29 03:45:00,0.0
2018-01-29 04:00:00,0.0
2018-01-29 04:15:00,0.0
2018-01-29 04:30:00,0.0
2018-01-29 04:45:00,0.0
2018-01-29 05:00:00,0.0
2018-01-29 05:15:00,0.0
2018-01-29 05:30:00,0.0
2018-01-29 05:45:00,0.0
2018-01-29 06:00:00,0.0
2018-01-29 06:15:00,0.0
2018-01-29 06:30:00,0.0
2018-01-29 06:45:00,0.0
2018-01-29 07:00:00,0.0
2018-01-29 07:15:00,0.0
2018-01-29 07:30:00,0.0
2018-01-29 07:45:00,0.0
2018-01-29 08:00:00,0.0
2018-01-29 08:15:00,0.0
2018-01-29 08:30:00,0.0
2018-01-29 08:45:00,0.0
2018-01-29 09:00:00,0.0
2018-01-29 09:15:00,0.0
2018-01-29 09:30:00,0.0
2018-01-29 09:45:00,0.0
2018-01-29 10:00:00,0.0
2018-01-29 10:15:00,0.0
2018-01-29 10:30:00,0.0
2018-01-29 10:45:00,0.0
2018-01-29 11:00:00,0.0
2018-01-29 11:15:00,0.0
2018-01-29 11:30:00,0.0
2018-01-29 11:45:00,0.0
2018-01-29 12:00:00,0.0
2018-01-29 12:15:00,0.0
2018-01-29 12:30:00,0.0
2018-01-29 12:45:00,0.0
2018-01-29 13:00:00,0.0
2018-01-29 13:15:00,0.0
2018-01-29 13:30:00,0.0
2018-01-29 13:45:00,0.0
2018-01-29 14:00:00,0.0
2018-01-29 14:15:00,0.0
2018-01-29 14:30:00,0.0
2018-01-29 14:45:00,0.0
2018-01-29 15:00:00,0.0
2018-01-29 15:15:00,0.0
2018-01-29 15:30:00,0.0
2018-01-29 15:45:00,0.0
2018-01-29 16:00:00,0.0
2018-01-29 16:15:00,0.0
2018-01-29 16:30:00,0.0
2018-01-29 16:45:00,0.0
2018-01-29 17:00:00,0.0
2018-01-29 17:15:00,0.0
2018-01-29 17:30:00,0.0
2018-01-29 17:45:00,0.0
2018-01-29 18:00:00,0.0
2018-01-29 18:15:00,0.0
2018-01-29 18:30:00,0.0
2018-01-29 18:45:00,0.0
2018-01-29 19:00:00,0.0
2018-01-29 19:15:00,0.0
2018-01-29 19:30:00,0.0
2018-01-29 19:45:00,0.0
2018-01-29 20:00:00,0.0
2018-01-29 20:15:00,0.0
2018-01-29 20:30:00,0.0
2018-01-29 20:45:00,0.0
2018-01-29 21:00:00,0.0
2018-01-29 21:15:00,0.0
2018-01-29 21:30:00,0.0
2018-01-29 21:45:00,0.0
2018-01-29 22:00:00,0.0
2018-01-29 22:15:00,0.0
2018-01-29 22:30:00,0.0
2018-01-29 22:45:00,0.0
2018-01-29 23:00:00,0.0
2018-01-29 23:15:00,0.0
2018-01-29 23:30:00,0.0
2018-01-29 23:45:00,0.0
2018-01-30 00:00:00,0.0
2018-01-30 00:15:00,0.0
2018-01-30 00:30:00,0.0
2018-01-30 00:45:00,0.0
2018-01-30 01:00:00,0.0
2018-01-30 01:15:00,0.0
2018-01-30 01:30:00,0.0
2018-01-30 01:45:00,0.0
2018-01-30 02:00:00,0.0
2018-01-30 02:15:00,0.0
2018-01-30 02:30:00,0.0
2018-01-30 02:45:00,0.0
2018-01-30 03:00:00,0.0
2018-01-30 03:15:00,0.0
2018-01-30 03:30:00,0.0
2018-01-30 03:45:00,0.0
2018-01-30 04:00:00,0.0
2018-01-30 04:15:00,0.0
2018-01-30 04:30:00,0.0
2018-01-30 04:45:00,0.0
2018-01-30 05:00:00,0.0
2018-01-30 05:15:00,0.0
2018-01-30 05:30:00,0.0
2018-01-30 05:45:00,0.0
2018-01-30 06:00:00,0.0
2018-01-30 06:15:00,0.0
2018-01-30 06:30:00,0.0
2018-01-30 06:45:00,0.0
2018-01-30 07:00:00,0.0
2018-01-30 07:15:00,0.0
2018-01-30 07:30:00,0.0
2018-01-30 07:45:00,0.0
2018-01-30 08:00:00,0.0
2018-01-30 08:15:00,0.0
2018-01-30 08:30:00,0.0
2018-01-30 08:45:00,0.0
2018-01-30 09:00:00,0.0
2018-01-30 09:15:00,0.0
2018-01-30 09:30:00,0.0
2018-01-30 09:45:00,0.0
2018-01-30 10:00:00,0.0
2018-01-30 10:15:00,0.0
2018-01-30 10:30:00,0.0
2018-01-30 10:45:00,0.0
2018-01-30 11:00:00,0.0
2018-01-30 11:15:00,0.0
2018-01-30 11:30:00,0.0
2018-01-30 11:45:00,0.0
2018-01-30 12:00:00,0.0
2018-01-30 12:15:00,0.0
2018-01-30 12:30:00,0.0
2018-01-30 12:45:00,0.0
2018-01-30 13:00:00,0.0
2018-01-30 13:15:00,0.0
2018-01-30 13:30:00,0.0
2018-01-30 13:45:00,0.0
2018-01-30 14:00:00,0.0
2018-01-30 14:15:00,0.0
2018-01-30 14:30:00,0.0
2018-01-30 14:45:00,0.0
2018-01-30 15:00:00,0.0
2018-01-30 15:15:00,0.0
2018-01-30 15:30:00,0.0
2018-01-30 15:45:00,0.0
2018-01-30 16:00:00,0.0
2018-01-30 16:15:00,0.0
2018-01-30 16:30:00,0.0
2018-01-30 16:45:00,0.0
2018-01-30 17:00:00,0.0
2018-01-30 17:15:00,0.0
2018-01-30 17:30:00,0.0
2018-01-30 17:45:00,0.0
2018-01-30 18:00:00,0.0
2018-01-30 18:15:00,0.0
2018-01-30 18:30:00,0.0
2018-01-30 18:45:00,0.0
2018-01-30 19:00:00,0.0
2018-01-30 19:15:00,0.0
2018-01-30 19:30:00,0.0
2018-01-30 19:45:00,0.0
2018-01-30 20:00:00,0.0
2018-01-30 20:15:00,0.0
2018-01-30 20:30:00,0.0
2018-01-30 20:45:00,0.0
2018-01-30 21:00:00,0.0
2018-01-30 21:15:00,0.0
2018-01-30 21:30:00,0.0
2018-01-30 21:45:00,0.0
2018-01-30 22:00:00,0.0
2018-01-30 22:15:00,0.0
2018-01-30 22:30:00,0.0
2018-01-30 22:45:00,0.0
2018-01-30 23:00:00,0.0
2018-01-30 23:15:00,0.0
2018-01-30 23:30:00,0.0
2018-01-30 23:45:00,0.0
2018-01-31 00:00:00,0.0
2018-01-31 00:15:00,0.0
2018-01-31 00:30:00,0.0
2018-01-31 00:45:00,0.0
2018-01-31 01:00:00,0.0
2018-01-31 01:15:00,0.0
2018-01-31 01:30:00,0.0
2018-01-31 01:45:00,0.0
2018-01-31 02:00:00,0.0
2018-01-31 02:15:00,0.0
2018-01-31 02:30:00,0.0
2018-01-31 02:45:00,0.0
2018-01-31 03:00:00,0.0
2018-01-31 03:15:00,0.0
2018-01-31 03:30:00,0.0
2018-01-31 03:45:00,0.0
2018-01-31 04:00:00,0.0
2018-01-31 04:15:00,0.0
2018-01-31 04:30:00,0.0
2018-01-31 04:45:00,0.0
2018-01-31 05:00:00,0.0
2018-01-31 05:15:00,0.0
2018-01-31 05:30:00,0.0
2018-01-31 05:45:00,0.0
2018-01-31 06:00:00,0.0
2018-01-31 06:15:00,0.0
2018-01-31 06:30:00,0.0
2018-01-31 06:45:00,0.0
2018-01-31 07:00:00,0.0
2018-01-31 07:15:00,0.0
2018-01-31 07:30:00,0.0
2018-01-31 07:45:00,0.0
2018-01-31 08:00:00,0.0
2018-01-31 08:15:00,0.0
2018-01-31 08:30:00,0.0
2018-01-31 08:45:00,0.0
2018-01-31 09:00:00,0.0
2018-01-31 09:15:00,0.0
2018-01-31 09:30:00,0.0
2018-01-31 09:45:00,0.0
2018-01-31 10:00:00,0.0
2018-01-31 10:15:00,0.0
2018-01-31 10:30:00,0.0
2018-01-31 10:45:00,0.0
2018-01-31 11:00:00,0.0
2018-01-31 11:15:00,0.0
2018-01-31 11:30:00,0.0
2018-01-31 11:45:00,0.0
2018-01-31 12:00:00,0.0
2018-01-31 12:15:00,0.0
2018-01-31 12:30:00,0.0
2018-01-31 12:45:00,0.0
2018-01-31 13:00:00,0.0
2018-01-31 13:15:00,0.0
2018-01-31 13:30:00,0.0
2018-01-31 13:45:00,0.0
2018-01-31 14:00:00,0.0
2018-01-31 14:15:00,0.0
2018-01-31 14:30:00,0.0
2018-01-31 14:45:00,0.0
2018-01-31 15:00:00,0.0
2018-01-31 15:15:00,0.0
2018-01-31 15:30:00,0.0
2018-01-31 15:45:00,0.0
2018-01-31 16:00:00,0.0
2018-01-31 16:15:00,0.0
2018-01-31 16:30:00,0.0
2018-01-31 16:45:00,0.0
2018-01-31 17:00:00,0.0
2018-01-31 17:15:00,0.0
2018-01-31 17:30:00,0.0
2018-01-31 17:45:00,0.0
2018-01-31 18:00:00,0.0
2018-01-31 18:15:00,0.0
2018-01-31 18:30:00,0.0
2018-01-31 18:45:00,0.0
2018-01-31 19:00:00,0.0
2018-01-31 19:15:00,0.0
2018-01-31 19:30:00,0.0
2018-01-31 19:45:00,0.0
2018-01-31 20:00:00,0.0
2018-01-31 20:15:00,0.0
2018-01-31 20:30:00,0.0
2018-01-31 20:45:00,0.0
2018-01-31 21:00:00,0.0
2018-01-31 21:15:00,0.0
2018-01-31 21:30:00,0.0
2018-01-31 21:45:00,0.0
2018-01-31 22:00:00,0.0
2018-01-31 22:15:00,0.0
2018-01-31 22:30:00,0.0
2018-01-31 22:45:00,0.0
2018-01-31 23:00:00,0.0
2018-01-31 23:15:00,0.0
2018-01-31 23:30:00,0.0
2018-01-31 23:45:00,0.0
2018-02-01 00:00:00,0.0
2018-02-01 00:15:00,0.0
2018-02-01 00:30:00,0.0
2018-02-01 00:45:00,0.0
2018-02-01 01:00:00,0.0
2018-02-01 01:15:00,0.0
2018-02-01 01:30:00,0.0
2018-02-01 01:45:00,0.0
2018-02-01 02:00:00,0.0
2018-02-01 02:15:00,0.0
2018-02-01 02:30:00,0.0
2018-02-01 02:45:00,0.0
2018-02-01 03:00:00,0.0
2018-02-01 03:15:00,0.0
2018-02-01 03:30:00,0.0
2018-02-01 03:45:00,0.0
2018-02-01 04:00:00,0.0
2018-02-01 04:15:00,0.0
2018-02-01 04:30:00,0.0
2018-02-01 04:45:00,0.0
2018-02-01 05:00:00,0.0
2018-02-01 05:15:00,0.0
2018-02-01 05:30:00,0.0
2018-02-01 05:45:00,0.0
2018-02-01 06:01:00,0.0
2018-02-01 06:15:00,0.0
2018-02-01 06:30:00,0.0
2018-02-01 06:45:00,0.0
2018-02-01 07:00:00,0.0
2018-02-01 07:15:00,0.0
2018-02-01 07:30:00,0.0
2018-02-01 07:45:00,0.0
2018-02-01 08:00:00,0.0
2018-02-01 08:15:00,0.0
2018-02-01 08:30:00,0.0
2018-02-01 08:45:00,0.0
2018-02-01 09:00:00,0.0
2018-02-01 09:15:00,0.0
2018-02-01 09:30:00,0.0
2018-02-01 09:45:00,0.0
2018-02-01 10:00:00,0.0
2018-02-01 10:15:00,0.0
2018-02-01 10:30:00,0.0
2018-02-01 10:45:00,0.0
2018-02-01 11:00:00,0.0
2018-02-01 11:15:00,0.0
2018-02-01 11:30:00,0.0
2018-02-01 11:45:00,0.0
2018-02-01 12:00:00,0.0
2018-02-01 12:15:00,0.0
2018-02-01 12:30:00,0.0
2018-02-01 12:45:00,0.0
2018-02-01 13:00:00,0.0
2018-02-01 13:15:00,0.0
2018-02-01 13:30:00,0.0
2018-02-01 13:45:00,0.0
2018-02-01 14:00:00,0.0
2018-02-01 14:15:00,0.0
2018-02-01 14:30:00,0.0
2018-02-01 14:45:00,0.0
2018-02-01 15:00:00,0.0
2018-02-01 15:15:00,0.0
2018-02-01 15:30:00,0.0
2018-02-01 15:45:00,0.0
2018-02-01 16:00:00,0.0
2018-02-01 16:15:00,0.0
2018-02-01 16:30:00,0.0
2018-02-01 16:45:00,0.0
2018-02-01 17:00:00,0.0
2018-02-01 17:15:00,0.0
2018-02-01 17:30:00,0.0
2018-02-01 17:45:00,0.0
2018-02-01 18:00:00,0.0
2018-02-01 18:15:00,0.0
2018-02-01 18:30:00,0.0
2018-02-01 18:45:00,0.0
2018-02-01 19:00:00,0.0
2018-02-01 19:15:00,0.0
2018-02-01 19:30:00,0.0
2018-02-01 19:45:00,0.0
2018-02-01 20:00:00,0.0
2018-02-01 20:15:00,0.0
2018-02-01 20:30:00,0.0
2018-02-01 20:45:00,0.0
2018-02-01 21:00:00,0.0
2018-02-01 21:15:00,0.0
2018-02-01 21:30:00,0.0
2018-02-01 21:45:00,0.0
2018-02-01 22:00:00,0.0
2018-02-01 22:15:00,0.0
2018-02-01 22:30:00,0.0
2018-02-01 22:45:00,0.0
2018-02-01 23:00:00,0.0
2018-02-01 23:15:00,0.0
2018-02-01 23:30:00,0.0
2018-02-01 23:45:00,0.0
2018-02-02 00:00:00,0.0
2018-02-02 00:15:00,0.0
2018-02-02 00:30:00,0.0
2018-02-02 00:45:00,0.0
2018-02-02 01:00:00,0.0
2018-02-02 01:15:00,0.0
2018-02-02 01:30:00,0.0
2018-02-02 01:45:00,0.0
2018-02-02 02:00:00,0.0
2018-02-02 02:15:00,0.0
2018-02-02 02:30:00,0.0
2018-02-02 02:45:00,0.0
2018-02-02 03:00:00,0.0
2018-02-02 03:15:00,0.0
2018-02-02 03:30:00,0.0
2018-02-02 03:45:00,0.0
2018-02-02 04:00:00,0.0
2018-02-02 04:15:00,0.0
2018-02-02 04:30:00,0.0
2018-02-02 04:45:00,0.0
2018-02-02 05:00:00,0.0
2018-02-02 05:15:00,0.0
2018-02-02 05:30:00,0.0
2018-02-02 05:45:00,0.0
2018-02-02 06:00:00,0.0
2018-02-02 06:15:00,0.0
2018-02-02 06:30:00,0.0
2018-02-02 06:45:00,0.0
2018-02-02 07:00:00,0.0
2018-02-02 07:15:00,0.0
2018-02-02 07:30:00,0.0
2018-02-02 07:45:00,0.0
2018-02-02 08:00:00,0.0
2018-02-02 08:15:00,0.0
2018-02-02 08:30:00,0.0
2018-02-02 08:45:00,0.0
2018-02-02 09:00:00,0.0
2018-02-02 09:15:00,0.0
2018-02-02 09:30:00,0.0
2018-02-02 09:45:00,0.0
2018-02-02 10:00:00,0.0
2018-02-02 10:15:00,0.0
2018-02-02 10:30:00,0.0
2018-02-02 10:45:00,0.0
2018-02-02 11:00:00,0.0
2018-02-02 11:15:00,0.0
2018-02-02 11:30:00,0.0
2018-02-02 11:45:00,0.0
2018-02-02 12:00:00,0.0
2018-02-02 12:15:00,0.0
2018-02-02 12:30:00,0.0
2018-02-02 12:45:00,0.0
2018-02-02 13:00:00,0.0
2018-02-02 13:15:00,0.0
2018-02-02 13:30:00,0.0
2018-02-02 13:45:00,0.0
2018-02-02 14:00:00,0.0
2018-02-02 14:15:00,0.0
2018-02-02 14:30:00,0.0
2018-02-02 14:45:00,0.0
2018-02-02 15:00:00,0.0
2018-02-02 15:15:00,0.0
2018-02-02 15:30:00,0.0
2018-02-02 15:45:00,0.0
2018-02-02 16:00:00,0.0
2018-02-02 16:15:00,0.0
2018-02-02 16:30:00,0.0
2018-02-02 16:45:00,0.0
2018-02-02 17:00:00,0.0
2018-02-02 17:15:00,0.0
2018-02-02 17:30:00,0.0
2018-02-02 17:45:00,0.0
2018-02-02 18:00:00,0.0
2018-02-02 18:15:00,0.0
2018-02-02 18:30:00,0.0
2018-02-02 18:45:00,0.0
2018-02-02 19:00:00,0.0
2018-02-02 19:15:00,0.0
2018-02-02 19:30:00,0.0
2018-02-02 19:45:00,0.0
2018-02-02 20:00:00,0.0
2018-02-02 20:15:00,0.0
2018-02-02 20:30:00,0.0
2018-02-02 20:45:00,0.0
2018-02-02 21:00:00,0.0
2018-02-02 21:15:00,0.0
2018-02-02 21:30:00,0.0
2018-02-02 21:45:00,0.0
2018-02-02 22:00:00,0.0
2018-02-02 22:15:00,0.0
2018-02-02 22:30:00,0.0
2018-02-02 22:45:00,0.0
2018-02-02 23:00:00,0.0
2018-02-02 23:15:00,0.0
2018-02-02 23:30:00,0.0
2018-02-02 23:45:00,0.0
2018-02-03 00:00:00,0.0
2018-02-03 00:15:00,0.0
2018-02-03 00:30:00,0.0
2018-02-03 00:45:00,0.0
2018-02-03 01:00:00,0.0
2018-02-03 01:15:00,0.0
2018-02-03 01:30:00,0.0
2018-02-03 01:45:00,0.0
2018-02-03 02:00:00,0.0
2018-02-03 02:15:00,0.0
2018-02-03 02:30:00,0.0
2018-02-03 02:45:00,0.0
2018-02-03 03:00:00,0.0
2018-02-03 03:15:00,0.0
2018-02-03 03:30:00,0.0
2018-02-03 03:45:00,0.0
2018-02-03 04:00:00,0.0
2018-02-03 04:15:00,0.0
2018-02-03 04:30:00,0.0
2018-02-03 04:45:00,0.0
2018-02-03 05:00:00,0.0
2018-02-03 05:15:00,0.0
2018-02-03 05:30:00,0.0
2018-02-03 05:45:00,0.0
2018-02-03 06:00:00,0.0
2018-02-03 06:15:00,0.0
2018-02-03 06:30:00,0.0
2018-02-03 06:45:00,0.0
2018-02-03 07:00:00,0.0
2018-02-03 07:15:00,0.0
2018-02-03 07:30:00,0.0
2018-02-03 07:45:00,0.0
2018-02-03 08:00:00,0.0
2018-02-03 08:15:00,0.0
2018-02-03 08:30:00,0.0
2018-02-03 08:45:00,0.0
2018-02-03 09:00:00,0.0
2018-02-03 09:15:00,0.0
2018-02-03 09:30:00,0.0
2018-02-03 09:45:00,0.0
2018-02-03 10:00:00,0.0
2018-02-03 10:15:00,0.0
2018-02-03 10:30:00,0.0
2018-02-03 10:45:00,0.0
2018-02-03 11:00:00,0.0
2018-02-03 11:15:00,0.0
2018-02-03 11:30:00,0.0
2018-02-03 11:45:00,0.0
2018-02-03 12:00:00,0.0
2018-02-03 12:15:00,0.0
2018-02-03 12:30:00,0.0
2018-02-03 12:45:00,0.0
2018-02-03 13:00:00,0.0
2018-02-03 13:15:00,0.0
2018-02-03 13:30:00,0.0
2018-02-03 13:45:00,0.0
2018-02-03 14:00:00,0.0
2018-02-03 14:15:00,0.0
2018-02-03 14:30:00,0.0
2018-02-03 14:45:00,0.0
2018-02-03 15:00:00,0.0
2018-02-03 15:15:00,0.0
2018-02-03 15:30:00,0.0
2018-02-03 15:45:00,0.0
2018-02-03 16:00:00,0.0
2018-02-03 16:15:00,0.0
2018-02-03 16:30:00,0.0
2018-02-03 16:45:00,0.0
2018-02-03 17:00:00,0.0
2018-02-03 17:15:00,0.0
2018-02-03 17:30:00,0.0
2018-02-03 17:45:00,0.0
2018-02-03 18:00:00,0.0
2018-02-03 18:15:00,0.0
2018-02-03 18:30:00,0.0
2018-02-03 18:45:00,0.0
2018-02-03 19:00:00,0.0
2018-02-03 19:15:00,0.0
2018-02-03 19:30:00,0.0
2018-02-03 19:45:00,0.0
2018-02-03 20:00:00,0.0
2018-02-03 20:15:00,0.0
2018-02-03 20:30:00,0.0
2018-02-03 20:45:00,0.0
2018-02-03 21:00:00,0.0
2018-02-03 21:15:00,0.0
2018-02-03 21:30:00,0.0
2018-02-03 21:45:00,0.0
2018-02-03 22:00:00,0.0
2018-02-03 22:15:00,0.0
2018-02-03 22:30:00,0.0
2018-02-03 22:45:00,0.0
2018-02-03 23:00:00,0.0
2018-02-03 23:15:00,0.0
2018-02-03 23:30:00,0.0
2018-02-03 23:45:00,0.0
2018-02-04 00:00:00,0.0
2018-02-04 00:15:00,0.0
2018-02-04 00:30:00,0.0
2018-02-04 00:45:00,0.0
2018-02-04 01:00:00,0.0
2018-02-04 01:15:00,0.0
2018-02-04 01:30:00,0.0
2018-02-04 01:45:00,0.0
2018-02-04 02:00:00,0.0
2018-02-04 02:15:00,0.0
2018-02-04 02:30:00,0.0
2018-02-04 02:45:00,0.0
2018-02-04 03:00:00,0.0
2018-02-04 03:15:00,0.0
2018-02-04 03:30:00,0.0
2018-02-04 03:45:00,0.0
2018-02-04 04:00:00,0.0
2018-02-04 04:15:00,0.0
2018-02-04 04:30:00,0.0
2018-02-04 04:45:00,0.0
2018-02-04 05:00:00,0.0
2018-02-04 05:15:00,0.0
2018-02-04 05:30:00,0.0
2018-02-04 05:45:00,0.0
2018-02-04 06:00:00,0.0
2018-02-04 06:15:00,0.0
2018-02-04 06:30:00,0.0
2018-02-04 06:45:00,0.0
2018-02-04 07:00:00,0.0
2018-02-04 07:15:00,0.0
2018-02-04 07:30:00,0.0
2018-02-04 07:45:00,0.0
2018-02-04 08:00:00,0.0
2018-02-04 08:15:00,0.0
2018-02-04 08:30:00,0.0
2018-02-04 08:45:00,0.0
2018-02-04 09:00:00,0.0
2018-02-04 09:15:00,0.0
2018-02-04 09:30:00,0.0
2018-02-04 09:45:00,0.0
2018-02-04 10:00:00,0.0
2018-02-04 10:15:00,0.0
2018-02-04 10:30:00,0.0
2018-02-04 10:45:00,0.0
2018-02-04 11:00:00,0.0
2018-02-04 11:15:00,0.0
2018-02-04 11:30:00,0.0
2018-02-04 11:45:00,0.0
2018-02-04 12:00:00,0.0
2018-02-04 12:15:00,0.0
2018-02-04 12:30:00,0.0
2018-02-04 12:45:00,0.0
2018-02-04 13:00:00,0.0
2018-02-04 13:15:00,0.0
2018-02-04 13:30:00,0.0
2018-02-04 13:45:00,0.0
2018-02-04 14:00:00,0.0
2018-02-04 14:15:00,0.0
2018-02-04 14:30:00,0.0
2018-02-04 14:45:00,0.0
2018-02-04 15:00:00,0.0
2018-02-04 15:15:00,0.0
2018-02-04 15:30:00,0.0
2018-02-04 15:45:00,0.0
2018-02-04 16:00:00,0.0
2018-02-04 16:15:00,0.0
2018-02-04 16:30:00,0.0
2018-02-04 16:45:00,0.0
2018-02-04 17:00:00,0.0
2018-02-04 17:15:00,0.0
2018-02-04 17:30:00,0.0
2018-02-04 17:45:00,0.0
2018-02-04 18:00:00,0.0
2018-02-04 18:15:00,0.0
2018-02-04 18:30:00,0.0
2018-02-04 18:45:00,0.0
2018-02-04 19:00:00,0.0
2018-02-04 19:15:00,0.0
2018-02-04 19:30:00,0.0
2018-02-04 19:45:00,0.0
2018-02-04 20:00:00,0.0
2018-02-04 20:15:00,0.0
2018-02-04 20:30:00,0.0
2018-02-04 20:45:00,0.0
2018-02-04 21:00:00,0.0
2018-02-04 21:15:00,0.0
2018-02-04 21:30:00,0.0
2018-02-04 21:45:00,0.0
2018-02-04 22:00:00,0.0
2018-02-04 22:15:00,0.0
2018-02-04 22:30:00,0.0
2018-02-04 22:45:00,0.0
2018-02-04 23:00:00,0.0
2018-02-04 23:15:00,0.0
2018-02-04 23:30:00,0.0
2018-02-04 23:45:00,0.0
2018-02-05 00:00:00,0.0
2018-02-05 00:15:00,0.0
2018-02-05 00:30:00,0.0
2018-02-05 00:45:00,0.0
2018-02-05 01:00:00,0.0
2018-02-05 01:15:00,0.0
2018-02-05 01:30:00,0.0
2018-02-05 01:45:00,0.0
2018-02-05 02:00:00,0.0
2018-02-05 02:15:00,0.0
2018-02-05 02:30:00,0.0
2018-02-05 02:45:00,0.0
2018-02-05 03:00:00,0.0
2018-02-05 03:15:00,0.0
2018-02-05 03:30:00,0.0
2018-02-05 03:45:00,0.0
2018-02-05 04:00:00,0.0
2018-02-05 04:15:00,0.0
2018-02-05 04:30:00,0.0
2018-02-05 04:45:00,0.0
2018-02-05 05:00:00,0.0
2018-02-05 05:15:00,0.0
2018-02-05 05:30:00,0.0
2018-02-05 05:45:00,0.0
2018-02-05 06:00:00,0.0
2018-02-05 06:15:00,0.0
2018-02-05 06:30:00,0.0
2018-02-05 06:45:00,0.0
2018-02-05 07:00:00,0.0
2018-02-05 07:15:00,0.0
2018-02-05 07:30:00,0.0
2018-02-05 07:45:00,0.0
2018-02-05 08:00:00,0.0
2018-02-05 08:15:00,0.0
2018-02-05 08:30:00,0.0
2018-02-05 08:45:00,0.0
2018-02-05 09:00:00,0.0
2018-02-05 09:15:00,0.0
2018-02-05 09:30:00,0.0
2018-02-05 09:45:00,0.0
2018-02-05 10:00:00,0.0
2018-02-05 10:15:00,0.0
2018-02-05 10:30:00,0.0
2018-02-05 10:45:00,0.0
2018-02-05 11:00:00,0.0
2018-02-05 11:15:00,0.0
2018-02-05 11:30:00,0.0
2018-02-05 11:45:00,0.0
2018-02-05 12:00:00,0.0
2018-02-05 12:15:00,0.0
2018-02-05 12:30:00,0.0
2018-02-05 12:45:00,0.0
2018-02-05 13:00:00,0.0
2018-02-05 13:15:00,0.0
2018-02-05 13:30:00,0.0
2018-02-05 13:45:00,0.0
2018-02-05 14:00:00,0.0
2018-02-05 14:15:00,0.0
2018-02-05 14:30:00,0.0
2018-02-05 14:45:00,0.0
2018-02-05 15:00:00,0.0
2018-02-05 15:15:00,0.0
2018-02-05 15:30:00,0.0
2018-02-05 15:45:00,0.0
2018-02-05 16:00:00,0.0
2018-02-05 16:15:00,0.0
2018-02-05 16:30:00,0.0
2018-02-05 16:45:00,0.0
2018-02-05 17:00:00,0.0
2018-02-05 17:15:00,0.0
2018-02-05 17:30:00,0.0
2018-02-05 17:45:00,0.0
2018-02-05 18:00:00,0.0
2018-02-05 18:15:00,0.0
2018-02-05 18:30:00,0.0
2018-02-05 18:45:00,0.0
2018-02-05 19:00:00,0.0
2018-02-05 19:15:00,0.0
2018-02-05 19:30:00,0.0
2018-02-05 19:45:00,0.0
2018-02-05 20:00:00,0.0
2018-02-05 20:15:00,0.0
2018-02-05 20:30:00,0.0
2018-02-05 20:45:00,0.0
2018-02-05 21:00:00,0.0
2018-02-05 21:15:00,0.0
2018-02-05 21:30:00,0.0
2018-02-05 21:45:00,0.0
2018-02-05 22:00:00,0.0
2018-02-05 22:15:00,0.0
2018-02-05 22:30:00,0.0
2018-02-05 22:45:00,0.0
2018-02-05 23:00:00,0.0
2018-02-05 23:15:00,0.0
2018-02-05 23:30:00,0.0
2018-02-05 23:45:00,0.0
2018-02-06 00:00:00,0.0
2018-02-06 00:15:00,0.0
2018-02-06 00:30:00,0.0
2018-02-06 00:45:00,0.0
2018-02-06 01:00:00,0.0
2018-02-06 01:15:00,0.0
2018-02-06 01:30:00,0.0
2018-02-06 01:45:00,0.0
2018-02-06 02:00:00,0.0
2018-02-06 02:15:00,0.0
2018-02-06 02:30:00,0.0
2018-02-06 02:45:00,0.0
2018-02-06 03:00:00,0.0
2018-02-06 03:15:00,0.0
2018-02-06 03:30:00,0.0
2018-02-06 03:45:00,0.0
2018-02-06 04:00:00,0.0
2018-02-06 04:15:00,0.0
2018-02-06 04:30:00,0.0
2018-02-06 04:45:00,0.0
2018-02-06 05:00:00,0.0
2018-02-06 05:15:00,0.0
2018-02-06 05:30:00,0.0
2018-02-06 05:45:00,0.0
2018-02-06 06:00:00,0.0
2018-02-06 06:15:00,0.0
2018-02-06 06:30:00,0.0
2018-02-06 06:45:00,0.0
2018-02-06 07:00:00,0.0
2018-02-06 07:15:00,0.0
2018-02-06 07:30:00,0.0
2018-02-06 07:45:00,0.0
2018-02-06 08:00:00,0.0
2018-02-06 08:15:00,0.0
2018-02-06 08:30:00,0.0
2018-02-06 08:45:00,0.0
2018-02-06 09:00:00,0.0
2018-02-06 09:15:00,0.0
2018-02-06 09:30:00,0.0
2018-02-06 09:45:00,0.0
2018-02-06 10:00:00,0.0
2018-02-06 10:15:00,0.0
2018-02-06 10:30:00,0.0
2018-02-06 10:45:00,0.0
2018-02-06 11:00:00,0.0
2018-02-06 11:15:00,0.0
2018-02-06 11:30:00,0.0
2018-02-06 11:45:00,0.0
2018-02-06 12:00:00,0.0
2018-02-06 12:15:00,0.0
2018-02-06 12:30:00,0.0
2018-02-06 12:45:00,0.0
2018-02-06 13:00:00,0.0
2018-02-06 13:15:00,0.0
2018-02-06 13:30:00,0.0
2018-02-06 13:45:00,0.0
2018-02-06 14:00:00,0.0
2018-02-06 14:15:00,0.0
2018-02-06 14:30:00,0.0
2018-02-06 14:45:00,0.0
2018-02-06 15:00:00,0.0
2018-02-06 15:15:00,0.0
2018-02-06 15:30:00,0.0
2018-02-06 15:45:00,0.0
2018-02-06 16:00:00,0.0
2018-02-06 16:15:00,0.0
2018-02-06 16:30:00,0.0
2018-02-06 16:45:00,0.0
2018-02-06 17:00:00,0.0
2018-02-06 17:15:00,0.0
2018-02-06 17:30:00,0.0
2018-02-06 17:45:00,0.0
2018-02-06 18:00:00,0.0
2018-02-06 18:15:00,0.0
2018-02-06 18:30:00,0.0
2018-02-06 18:45:00,0.0
2018-02-06 19:00:00,0.0
2018-02-06 19:15:00,0.0
2018-02-06 19:30:00,0.0
2018-02-06 19:45:00,0.0
2018-02-06 20:00:00,0.0
2018-02-06 20:15:00,0.0
2018-02-06 20:30:00,0.0
2018-02-06 20:45:00,0.0
2018-02-06 21:00:00,0.0
2018-02-06 21:15:00,0.0
2018-02-06 21:30:00,0.0
2018-02-06 21:45:00,0.0
2018-02-06 22:00:00,0.0
2018-02-06 22:15:00,0.0
2018-02-06 22:30:00,0.0
2018-02-06 22:45:00,0.0
2018-02-06 23:00:00,0.0
2018-02-06 23:15:00,0.0
2018-02-06 23:30:00,0.0
2018-02-06 23:45:00,0.0
2018-02-07 00:00:00,0.0
2018-02-07 00:15:00,0.0
2018-02-07 00:30:00,0.0
2018-02-07 00:45:00,0.0
2018-02-07 01:00:00,0.0
2018-02-07 01:15:00,0.0
2018-02-07 01:30:00,0.0
2018-02-07 01:45:00,0.0
2018-02-07 02:00:00,0.0
2018-02-07 02:15:00,0.0
2018-02-07 02:30:00,0.0
2018-02-07 02:45:00,0.0
2018-02-07 03:00:00,0.0
2018-02-07 03:15:00,0.0
2018-02-07 03:30:00,0.0
2018-02-07 03:45:00,0.0
2018-02-07 04:00:00,0.0
2018-02-07 04:15:00,0.0
2018-02-07 04:30:00,0.0
2018-02-07 04:45:00,0.0
2018-02-07 05:00:00,0.0
2018-02-07 05:15:00,0.0
2018-02-07 05:30:00,0.0
2018-02-07 05:45:00,0.0
2018-02-07 06:00:00,0.0
2018-02-07 06:15:00,0.0
2018-02-07 06:30:00,0.0
2018-02-07 06:45:00,0.0
2018-02-07 07:00:00,0.0
2018-02-07 07:15:00,0.0
2018-02-07 07:30:00,0.0
2018-02-07 07:45:00,0.0
2018-02-07 08:00:00,0.0
2018-02-07 08:15:00,0.0
2018-02-07 08:30:00,0.0
2018-02-07 08:45:00,0.0
2018-02-07 09:00:00,0.0
2018-02-07 09:15:00,0.0
2018-02-07 09:30:00,0.0
2018-02-07 09:45:00,0.0
2018-02-07 10:00:00,0.0
2018-02-07 10:15:00,0.0
2018-02-07 10:30:00,0.0
2018-02-07 10:45:00,0.0
2018-02-07 11:00:00,0.0
2018-02-07 11:15:00,0.0
2018-02-07 11:30:00,0.0
2018-02-07 11:45:00,0.0
2018-02-07 12:00:00,0.0
2018-02-07 12:15:00,0.0
2018-02-07 12:30:00,0.0
2018-02-07 12:45:00,0.0
2018-02-07 13:00:00,0.0
2018-02-07 13:15:00,0.0
2018-02-07 13:30:00,0.0
2018-02-07 13:45:00,0.0
2018-02-07 14:00:00,0.0
2018-02-07 14:15:00,0.0
2018-02-07 14:30:00,0.0
2018-02-07 14:45:00,0.0
2018-02-07 15:00:00,0.0
2018-02-07 15:15:00,0.0
2018-02-07 15:30:00,0.0
2018-02-07 15:45:00,0.0
2018-02-07 16:00:00,0.0
2018-02-07 16:15:00,0.0
2018-02-07 16:30:00,0.0
2018-02-07 16:45:00,0.0
2018-02-07 17:00:00,0.0
2018-02-07 17:15:00,0.0
2018-02-07 17:30:00,0.0
2018-02-07 17:45:00,0.0
2018-02-07 18:00:00,0.0
2018-02-07 18:15:00,0.0
2018-02-07 18:30:00,0.0
2018-02-07 18:45:00,0.0
2018-02-07 19:00:00,0.0
2018-02-07 19:15:00,0.0
2018-02-07 19:30:00,0.0
2018-02-07 19:45:00,0.0
2018-02-07 20:00:00,0.0
2018-02-07 20:15:00,0.0
2018-02-07 20:30:00,0.0
2018-02-07 20:45:00,0.0
2018-02-07 21:00:00,0.0
2018-02-07 21:15:00,0.0
2018-02-07 21:30:00,0.0
2018-02-07 21:45:00,0.0
2018-02-07 22:00:00,0.0
2018-02-07 22:15:00,0.0
2018-02-07 22:30:00,0.0
2018-02-07 22:45:00,0.0
2018-02-07 23:00:00,0.0
2018-02-07 23:15:00,0.0
2018-02-07 23:30:00,0.0
2018-02-07 23:45:00,0.0
2018-02-08 00:00:00,0.0
2018-02-08 00:15:00,0.0
2018-02-08 00:30:00,0.0
2018-02-08 00:45:00,0.0
2018-02-08 01:00:00,0.0
2018-02-08 01:15:00,0.0
2018-02-08 01:30:00,0.0
2018-02-08 01:45:00,0.0
2018-02-08 02:00:00,0.0
2018-02-08 02:15:00,0.0
2018-02-08 02:30:00,0.0
2018-02-08 02:45:00,0.0
2018-02-08 03:00:00,0.0
2018-02-08 03:15:00,0.0
2018-02-08 03:30:00,0.0
2018-02-08 03:45:00,0.0
2018-02-08 04:00:00,0.0
2018-02-08 04:15:00,0.0
2018-02-08 04:30:00,0.0
2018-02-08 04:45:00,0.0
2018-02-08 05:00:00,0.0
2018-02-08 05:15:00,0.0
2018-02-08 05:30:00,0.0
2018-02-08 05:45:00,0.0
2018-02-08 06:00:00,0.0
2018-02-08 06:15:00,0.0
2018-02-08 06:30:00,0.0
2018-02-08 06:45:00,0.0
2018-02-08 07:00:00,0.0
2018-02-08 07:15:00,0.0
2018-02-08 07:30:00,0.0
2018-02-08 07:45:00,0.0
2018-02-08 08:00:00,0.0
2018-02-08 08:15:00,0.0
2018-02-08 08:30:00,0.0
2018-02-08 08:45:00,0.0
2018-02-08 09:00:00,0.0
2018-02-08 09:15:00,0.0
2018-02-08 09:30:00,0.0
2018-02-08 09:45:00,0.0
2018-02-08 10:00:00,0.0
2018-02-08 10:15:00,0.0
2018-02-08 10:30:00,0.0
2018-02-08 10:45:00,0.0
2018-02-08 11:00:00,0.0
2018-02-08 11:15:00,0.0
2018-02-08 11:30:00,0.0
2018-02-08 11:45:00,0.0
2018-02-08 12:00:00,0.0
2018-02-08 12:15:00,0.0
2018-02-08 12:30:00,0.0
2018-02-08 12:45:00,0.0
2018-02-08 13:00:00,0.0
2018-02-08 13:15:00,0.0
2018-02-08 13:30:00,0.0
2018-02-08 13:45:00,0.0
2018-02-08 14:00:00,0.0
2018-02-08 14:15:00,0.0
2018-02-08 14:30:00,0.0
2018-02-08 14:45:00,0.0
2018-02-08 15:00:00,0.0
2018-02-08 15:15:00,0.0
2018-02-08 15:30:00,0.0
2018-02-08 15:45:00,0.0
2018-02-08 16:00:00,0.0
2018-02-08 16:15:00,0.0
2018-02-08 16:30:00,0.0
2018-02-08 16:45:00,0.0
2018-02-08 17:00:00,0.0
2018-02-08 17:15:00,0.0
2018-02-08 17:30:00,0.0
2018-02-08 17:45:00,0.0
2018-02-08 18:00:00,0.0
2018-02-08 18:15:00,0.0
2018-02-08 18:30:00,0.0
2018-02-08 18:45:00,0.0
2018-02-08 19:00:00,0.0
2018-02-08 19:15:00,0.0
2018-02-08 19:30:00,0.0
2018-02-08 19:45:00,0.0
2018-02-08 20:00:00,0.0
2018-02-08 20:15:00,0.0
2018-02-08 20:30:00,0.0
2018-02-08 20:45:00,0.0
2018-02-08 21:00:00,0.0
2018-02-08 21:15:00,0.0
2018-02-08 21:30:00,0.0
2018-02-08 21:45:00,0.0
2018-02-08 22:00:00,0.0
2018-02-08 22:15:00,0.0
2018-02-08 22:30:00,0.0
2018-02-08 22:45:00,0.0
2018-02-08 23:00:00,0.0
2018-02-08 23:15:00,0.0
2018-02-08 23:30:00,0.0
2018-02-08 23:45:00,0.0
2018-02-09 00:00:00,0.0
2018-02-09 00:15:00,0.0
2018-02-09 00:30:00,0.0
2018-02-09 00:45:00,0.0
2018-02-09 01:00:00,0.0
2018-02-09 01:15:00,0.0
2018-02-09 01:30:00,0.0
2018-02-09 01:45:00,0.0
2018-02-09 02:00:00,0.0
2018-02-09 02:15:00,0.0
2018-02-09 02:30:00,0.0
2018-02-09 02:45:00,0.0
2018-02-09 03:00:00,0.0
2018-02-09 03:15:00,0.0
2018-02-09 03:30:00,0.0
2018-02-09 03:45:00,0.0
2018-02-09 04:00:00,0.0
2018-02-09 04:15:00,0.0
2018-02-09 04:30:00,0.0
2018-02-09 04:45:00,0.0
2018-02-09 05:00:00,0.0
2018-02-09 05:15:00,0.0
2018-02-09 05:30:00,0.0
2018-02-09 05:45:00,0.0
2018-02-09 06:00:00,0.0
2018-02-09 06:15:00,0.0
2018-02-09 06:30:00,0.0
2018-02-09 06:45:00,0.0
2018-02-09 07:00:00,0.0
2018-02-09 07:15:00,0.0
2018-02-09 07:30:00,0.0
2018-02-09 07:45:00,0.0
2018-02-09 08:00:00,0.0
2018-02-09 08:15:00,0.0
2018-02-09 08:30:00,0.0
2018-02-09 08:45:00,0.0
2018-02-09 09:00:00,0.0
2018-02-09 09:15:00,0.0
2018-02-09 09:30:00,0.0
2018-02-09 09:45:00,0.0
2018-02-09 10:00:00,0.0
2018-02-09 10:15:00,0.0
2018-02-09 10:30:00,0.0
2018-02-09 10:45:00,0.0
2018-02-09 11:00:00,0.0
2018-02-09 11:15:00,0.0
2018-02-09 11:30:00,0.0
2018-02-09 11:45:00,0.0
2018-02-09 12:00:00,0.0
2018-02-09 12:15:00,0.0
2018-02-09 12:30:00,0.0
2018-02-09 12:45:00,0.0
2018-02-09 13:00:00,0.0
2018-02-09 13:15:00,0.0
2018-02-09 13:30:00,0.0
2018-02-09 13:45:00,0.0
2018-02-09 14:00:00,0.0
2018-02-09 14:15:00,0.0
2018-02-09 14:30:00,0.0
2018-02-09 14:45:00,0.0
2018-02-09 15:00:00,0.0
2018-02-09 15:15:00,0.0
2018-02-09 15:30:00,0.0
2018-02-09 15:45:00,0.0
2018-02-09 16:00:00,0.0
2018-02-09 16:15:00,0.0
2018-02-09 16:30:00,0.0
2018-02-09 16:45:00,0.0
2018-02-09 17:00:00,0.0
2018-02-09 17:15:00,0.0
2018-02-09 17:30:00,0.0
2018-02-09 17:45:00,0.0
2018-02-09 18:00:00,0.0
2018-02-09 18:15:00,0.0
2018-02-09 18:30:00,0.0
2018-02-09 18:45:00,0.0
2018-02-09 19:00:00,0.0
2018-02-09 19:15:00,0.0
2018-02-09 19:30:00,0.0
2018-02-09 19:45:00,0.0
2018-02-09 20:00:00,0.0
2018-02-09 20:15:00,0.0
2018-02-09 20:30:00,0.0
2018-02-09 20:45:00,0.0
2018-02-09 21:00:00,0.0
2018-02-09 21:15:00,0.0
2018-02-09 21:30:00,0.0
2018-02-09 21:45:00,0.0
2018-02-09 22:00:00,0.0
2018-02-09 22:15:00,0.0
2018-02-09 22:30:00,0.0
2018-02-09 22:45:00,0.0
2018-02-09 23:00:00,0.0
2018-02-09 23:15:00,0.0
2018-02-09 23:30:00,0.0
2018-02-09 23:45:00,0.0
2018-02-10 00:00:00,0.0
2018-02-10 00:15:00,0.0
2018-02-10 00:30:00,0.0
2018-02-10 00:45:00,0.0
2018-02-10 01:00:00,0.0
2018-02-10 01:15:00,0.0
2018-02-10 01:30:00,0.0
2018-02-10 01:45:00,0.0
2018-02-10 02:00:00,0.0
2018-02-10 02:15:00,0.0
2018-02-10 02:30:00,0.0
2018-02-10 02:45:00,0.0
2018-02-10 03:00:00,0.0
2018-02-10 03:15:00,0.0
2018-02-10 03:30:00,0.0
2018-02-10 03:45:00,0.0
2018-02-10 04:00:00,0.0
2018-02-10 04:15:00,0.0
2018-02-10 04:30:00,0.0
2018-02-10 04:45:00,0.0
2018-02-10 05:00:00,0.0
2018-02-10 05:15:00,0.0
2018-02-10 05:30:00,0.0
2018-02-10 05:45:00,0.0
2018-02-10 06:00:00,0.0
2018-02-10 06:15:00,0.0
2018-02-10 06:30:00,0.0
2018-02-10 06:45:00,0.0
2018-02-10 07:00:00,0.0
2018-02-10 07:15:00,0.0
2018-02-10 07:30:00,0.0
2018-02-10 07:45:00,0.0
2018-02-10 08:00:00,0.0
2018-02-10 08:15:00,0.0
2018-02-10 08:30:00,0.0
2018-02-10 08:45:00,0.0
2018-02-10 09:00:00,0.0
2018-02-10 09:15:00,0.0
2018-02-10 09:30:00,0.0
2018-02-10 09:45:00,0.0
2018-02-10 10:00:00,0.0
2018-02-10 10:15:00,0.0
2018-02-10 10:30:00,0.0
2018-02-10 10:45:00,0.0
2018-02-10 11:00:00,0.0
2018-02-10 11:15:00,0.0
2018-02-10 11:30:00,0.0
2018-02-10 11:45:00,0.0
2018-02-10 12:00:00,0.0
2018-02-10 12:15:00,0.0
2018-02-10 12:30:00,0.0
2018-02-10 12:45:00,0.0
2018-02-10 13:00:00,0.0
2018-02-10 13:15:00,0.0
2018-02-10 13:30:00,0.0
2018-02-10 13:45:00,0.0
2018-02-10 14:00:00,0.0
2018-02-10 14:15:00,0.0
2018-02-10 14:30:00,0.0
2018-02-10 14:45:00,0.0
2018-02-10 15:00:00,0.0
2018-02-10 15:15:00,0.0
2018-02-10 15:30:00,0.0
2018-02-10 15:45:00,0.0
2018-02-10 16:00:00,0.0
2018-02-10 16:15:00,0.0
2018-02-10 16:30:00,0.0
2018-02-10 16:45:00,0.0
2018-02-10 17:00:00,0.0
2018-02-10 17:15:00,0.0
2018-02-10 17:30:00,0.0
2018-02-10 17:45:00,0.0
2018-02-10 18:00:00,0.0
2018-02-10 18:15:00,0.0
2018-02-10 18:30:00,0.0
2018-02-10 18:45:00,0.0
2018-02-10 19:00:00,0.0
2018-02-10 19:15:00,0.0
2018-02-10 19:30:00,0.0
2018-02-10 19:45:00,0.0
2018-02-10 20:00:00,0.0
2018-02-10 20:15:00,0.0
2018-02-10 20:30:00,0.0
2018-02-10 20:45:00,0.0
2018-02-10 21:00:00,0.0
2018-02-10 21:15:00,0.0
2018-02-10 21:30:00,0.0
2018-02-10 21:45:00,0.0
2018-02-10 22:00:00,0.0
2018-02-10 22:15:00,0.0
2018-02-10 22:30:00,0.0
2018-02-10 22:45:00,0.0
2018-02-10 23:00:00,0.0
2018-02-10 23:15:00,0.0
2018-02-10 23:30:00,0.0
2018-02-10 23:45:00,0.0
2018-02-11 00:00:00,0.0
2018-02-11 00:15:00,0.0
2018-02-11 00:30:00,0.0
2018-02-11 00:45:00,0.0
2018-02-11 01:00:00,0.0
2018-02-11 01:15:00,0.0
2018-02-11 01:30:00,0.0
2018-02-11 01:45:00,0.0
2018-02-11 02:00:00,0.0
2018-02-11 02:15:00,0.0
2018-02-11 02:30:00,0.0
2018-02-11 02:45:00,0.0
2018-02-11 03:00:00,0.0
2018-02-11 03:15:00,0.0
2018-02-11 03:30:00,0.0
2018-02-11 03:45:00,0.0
2018-02-11 04:00:00,0.0
2018-02-11 04:15:00,0.0
2018-02-11 04:30:00,0.0
2018-02-11 04:45:00,0.0
2018-02-11 05:00:00,0.0
2018-02-11 05:15:00,0.0
2018-02-11 05:30:00,0.0
2018-02-11 05:45:00,0.0
2018-02-11 06:00:00,0.0
2018-02-11 06:15:00,0.0
2018-02-11 06:30:00,0.0
2018-02-11 06:45:00,0.0
2018-02-11 07:00:00,0.0
2018-02-11 07:15:00,0.0
2018-02-11 07:30:00,0.0
2018-02-11 07:45:00,0.0
2018-02-11 08:00:00,0.0
2018-02-11 08:15:00,0.0
2018-02-11 08:30:00,0.0
2018-02-11 08:45:00,0.0
2018-02-11 09:00:00,0.0
2018-02-11 09:15:00,0.0
2018-02-11 09:30:00,0.0
2018-02-11 09:45:00,0.0
2018-02-11 10:00:00,0.0
2018-02-11 10:15:00,0.0
2018-02-11 10:30:00,0.0
2018-02-11 10:45:00,0.0
2018-02-11 11:00:00,0.0
2018-02-11 11:15:00,0.0
2018-02-11 11:30:00,0.0
2018-02-11 11:45:00,0.0
2018-02-11 12:00:00,0.0
2018-02-11 12:15:00,0.0
2018-02-11 12:30:00,0.0
2018-02-11 12:45:00,0.0
2018-02-11 13:00:00,0.0
2018-02-11 13:15:00,0.0
2018-02-11 13:30:00,0.0
2018-02-11 13:45:00,0.0
2018-02-11 14:00:00,0.0
2018-02-11 14:15:00,0.0
2018-02-11 14:30:00,0.0
2018-02-11 14:45:00,0.0
2018-02-11 15:00:00,0.0
2018-02-11 15:15:00,0.0
2018-02-11 15:30:00,0.0
2018-02-11 15:45:00,0.0
2018-02-11 16:00:00,0.0
2018-02-11 16:15:00,0.0
2018-02-11 16:30:00,0.0
2018-02-11 16:45:00,0.0
2018-02-11 17:00:00,0.0
2018-02-11 17:15:00,0.0
2018-02-11 17:30:00,0.0
2018-02-11 17:45:00,0.0
2018-02-11 18:00:00,0.0
2018-02-11 18:15:00,0.0
2018-02-11 18:30:00,0.0
2018-02-11 18:45:00,0.0
2018-02-11 19:00:00,0.0
2018-02-11 19:15:00,0.0
2018-02-11 19:30:00,0.0
2018-02-11 19:45:00,0.0
2018-02-11 20:00:00,0.0
2018-02-11 20:15:00,0.0
2018-02-11 20:30:00,0.0
2018-02-11 20:45:00,0.0
2018-02-11 21:00:00,0.0
2018-02-11 21:15:00,0.0
2018-02-11 21:30:00,0.0
2018-02-11 21:45:00,0.0
2018-02-11 22:00:00,0.0
2018-02-11 22:15:00,0.0
2018-02-11 22:30:00,0.0
2018-02-11 22:45:00,0.0
2018-02-11 23:00:00,0.0
2018-02-11 23:15:00,0.0
2018-02-11 23:30:00,0.0
2018-02-11 23:45:00,0.0
2018-02-12 00:00:00,0.0
2018-02-12 00:15:00,0.0
2018-02-12 00:30:00,0.0
2018-02-12 00:45:00,0.0
2018-02-12 01:00:00,0.0
2018-02-12 01:15:00,0.0
2018-02-12 01:30:00,0.0
2018-02-12 01:45:00,0.0
2018-02-12 02:00:00,0.0
2018-02-12 02:15:00,0.0
2018-02-12 02:30:00,0.0
2018-02-12 02:45:00,0.0
2018-02-12 03:00:00,0.0
2018-02-12 03:15:00,0.0
2018-02-12 03:30:00,0.0
2018-02-12 03:45:00,0.0
2018-02-12 04:00:00,0.0
2018-02-12 04:15:00,0.0
2018-02-12 04:30:00,0.0
2018-02-12 04:45:00,0.0
2018-02-12 05:00:00,0.0
2018-02-12 05:15:00,0.0
2018-02-12 05:30:00,0.0
2018-02-12 05:45:00,0.0
2018-02-12 06:00:00,0.0
2018-02-12 06:15:00,0.0
2018-02-12 06:30:00,0.0
2018-02-12 06:45:00,0.0
2018-02-12 07:00:00,0.0
2018-02-12 07:15:00,0.0
2018-02-12 07:30:00,0.0
2018-02-12 07:45:00,0.0
2018-02-12 08:00:00,0.0
2018-02-12 08:15:00,0.0
2018-02-12 08:30:00,0.0
2018-02-12 08:45:00,0.0
2018-02-12 09:00:00,0.0
2018-02-12 09:15:00,0.0
2018-02-12 09:30:00,0.0
2018-02-12 09:45:00,0.0
2018-02-12 10:00:00,0.0
2018-02-12 10:15:00,0.0
2018-02-12 10:30:00,0.0
2018-02-12 10:45:00,0.0
2018-02-12 11:00:00,0.0
2018-02-12 11:15:00,0.0
2018-02-12 11:30:00,0.0
2018-02-12 11:45:00,0.0
2018-02-12 12:00:00,0.0
2018-02-12 12:15:00,0.0
2018-02-12 12:30:00,0.0
2018-02-12 12:45:00,0.0
2018-02-12 13:00:00,0.0
2018-02-12 13:15:00,0.0
2018-02-12 13:30:00,0.0
2018-02-12 13:45:00,0.0
2018-02-12 14:00:00,0.0
2018-02-12 14:15:00,0.0
2018-02-12 14:30:00,0.0
2018-02-12 14:45:00,0.0
2018-02-12 15:00:00,0.0
2018-02-12 15:15:00,0.0
2018-02-12 15:30:00,0.0
2018-02-12 15:45:00,0.0
2018-02-12 16:00:00,0.0
2018-02-12 16:15:00,0.0
2018-02-12 16:30:00,0.0
2018-02-12 16:45:00,0.0
2018-02-12 17:00:00,0.0
2018-02-12 17:15:00,0.0
2018-02-12 17:30:00,0.0
2018-02-12 17:45:00,0.0
2018-02-12 18:00:00,0.0
2018-02-12 18:15:00,0.0
2018-02-12 18:30:00,0.0
2018-02-12 18:45:00,0.0
2018-02-12 19:00:00,0.0
2018-02-12 19:15:00,0.0
2018-02-12 19:30:00,0.0
2018-02-12 19:45:00,0.0
2018-02-12 20:00:00,0.0
2018-02-12 20:15:00,0.0
2018-02-12 20:30:00,0.0
2018-02-12 20:45:00,0.0
2018-02-12 21:00:00,0.0
2018-02-12 21:15:00,0.0
2018-02-12 21:30:00,0.0
2018-02-12 21:45:00,0.0
2018-02-12 22:00:00,0.0
2018-02-12 22:15:00,0.0
2018-02-12 22:30:00,0.0
2018-02-12 22:45:00,0.0
2018-02-12 23:00:00,0.0
2018-02-12 23:15:00,0.0
2018-02-12 23:30:00,0.0
2018-02-12 23:45:00,0.0
2018-02-13 00:00:00,0.0
2018-02-13 00:15:00,0.0
2018-02-13 00:30:00,0.0
2018-02-13 00:45:00,0.0
2018-02-13 01:00:00,0.0
2018-02-13 01:15:00,0.0
2018-02-13 01:30:00,0.0
2018-02-13 01:45:00,0.0
2018-02-13 02:00:00,0.0
2018-02-13 02:15:00,0.0
2018-02-13 02:30:00,0.0
2018-02-13 02:45:00,0.0
2018-02-13 03:00:00,0.0
2018-02-13 03:15:00,0.0
2018-02-13 03:30:00,0.0
2018-02-13 03:45:00,0.0
2018-02-13 04:00:00,0.0
2018-02-13 04:15:00,0.0
2018-02-13 04:30:00,0.0
2018-02-13 04:45:00,0.0
2018-02-13 05:00:00,0.0
2018-02-13 05:15:00,0.0
2018-02-13 05:30:00,0.0
2018-02-13 05:45:00,0.0
2018-02-13 06:00:00,0.0
2018-02-13 06:15:00,0.0
2018-02-13 06:30:00,0.0
2018-02-13 06:45:00,0.0
2018-02-13 07:00:00,0.0
2018-02-13 07:15:00,0.0
2018-02-13 07:30:00,0.0
2018-02-13 07:45:00,0.0
2018-02-13 08:00:00,0.0
2018-02-13 08:15:00,0.0
2018-02-13 08:30:00,0.0
2018-02-13 08:45:00,0.0
2018-02-13 09:00:00,0.0
2018-02-13 09:15:00,0.0
2018-02-13 09:30:00,0.0
2018-02-13 09:45:00,0.0
2018-02-13 10:00:00,0.0
2018-02-13 10:15:00,0.0
2018-02-13 10:30:00,0.0
2018-02-13 10:45:00,0.0
2018-02-13 11:00:00,0.0
2018-02-13 11:15:00,0.0
2018-02-13 11:30:00,0.0
2018-02-13 11:45:00,0.0
2018-02-13 12:00:00,0.0
2018-02-13 12:15:00,0.0
2018-02-13 12:30:00,0.0
2018-02-13 12:45:00,0.0
2018-02-13 13:00:00,0.0
2018-02-13 13:15:00,0.0
2018-02-13 13:30:00,0.0
2018-02-13 13:45:00,0.0
2018-02-13 14:00:00,0.0
2018-02-13 14:15:00,0.0
2018-02-13 14:30:00,0.0
2018-02-13 14:45:00,0.0
2018-02-13 15:00:00,0.0
2018-02-13 15:15:00,0.0
2018-02-13 15:30:00,0.0
2018-02-13 15:45:00,0.0
2018-02-13 16:00:00,0.0
2018-02-13 16:15:00,0.0
2018-02-13 16:30:00,0.0
2018-02-13 16:45:00,0.0
2018-02-13 17:00:00,0.0
2018-02-13 17:15:00,0.0
2018-02-13 17:30:00,0.0
2018-02-13 17:45:00,0.0
2018-02-13 18:00:00,0.0
2018-02-13 18:15:00,0.0
2018-02-13 18:30:00,0.0
2018-02-13 18:45:00,0.0
2018-02-13 19:00:00,0.0
2018-02-13 19:15:00,0.0
2018-02-13 19:30:00,0.0
2018-02-13 19:45:00,0.0
2018-02-13 20:00:00,0.0
2018-02-13 20:15:00,0.0
2018-02-13 20:30:00,0.0
2018-02-13 20:45:00,0.0
2018-02-13 21:00:00,0.0
2018-02-13 21:15:00,0.0
2018-02-13 21:30:00,0.0
2018-02-13 21:45:00,0.0
2018-02-13 22:00:00,0.0
2018-02-13 22:15:00,0.0
2018-02-13 22:30:00,0.0
2018-02-13 22:45:00,0.0
2018-02-13 23:00:00,0.0
2018-02-13 23:15:00,0.0
2018-02-13 23:30:00,0.0
2018-02-13 23:45:00,0.0
2018-02-14 00:00:00,0.0
2018-02-14 00:15:00,0.0
2018-02-14 00:30:00,0.0
2018-02-14 00:45:00,0.0
2018-02-14 01:00:00,0.0
2018-02-14 01:15:00,0.0
2018-02-14 01:30:00,0.0
2018-02-14 01:45:00,0.0
2018-02-14 02:00:00,0.0
2018-02-14 02:15:00,0.0
2018-02-14 02:30:00,0.0
2018-02-14 02:45:00,0.0
2018-02-14 03:00:00,0.0
2018-02-14 03:15:00,0.0
2018-02-14 03:30:00,0.0
2018-02-14 03:45:00,0.0
2018-02-14 04:00:00,0.0
2018-02-14 04:15:00,0.0
2018-02-14 04:30:00,0.0
2018-02-14 04:45:00,0.0
2018-02-14 05:00:00,0.0
2018-02-14 05:15:00,0.0
2018-02-14 05:30:00,0.0
2018-02-14 05:45:00,0.0
2018-02-14 06:01:00,0.0
2018-02-14 06:15:00,0.0
2018-02-14 06:30:00,0.0
2018-02-14 06:45:00,0.0
2018-02-14 07:00:00,0.0
2018-02-14 07:15:00,0.0
2018-02-14 07:30:00,0.0
2018-02-14 07:45:00,0.0
2018-02-14 08:00:00,0.0
2018-02-14 08:15:00,0.0
2018-02-14 08:30:00,0.0
2018-02-14 08:45:00,0.0
2018-02-14 09:00:00,0.0
2018-02-14 09:15:00,0.0
2018-02-14 09:30:00,0.0
2018-02-14 09:45:00,0.0
2018-02-14 10:00:00,0.0
2018-02-14 10:15:00,0.0
2018-02-14 10:30:00,0.0
2018-02-14 10:45:00,0.0
2018-02-14 11:00:00,0.0
2018-02-14 11:15:00,0.0
2018-02-14 11:30:00,0.0
2018-02-14 11:45:00,0.0
2018-02-14 12:00:00,0.0
2018-02-14 12:15:00,0.0
2018-02-14 12:30:00,0.0
2018-02-14 12:45:00,0.0
2018-02-14 13:00:00,0.0
2018-02-14 13:15:00,0.0
2018-02-14 13:30:00,0.0
2018-02-14 13:45:00,0.0
2018-02-14 14:00:00,0.0
2018-02-14 14:15:00,0.0
2018-02-14 14:30:00,0.0
2018-02-14 14:45:00,0.0
2018-02-14 15:00:00,0.0
2018-02-14 15:15:00,0.0
2018-02-14 15:30:00,0.0
2018-02-14 15:45:00,0.0
2018-02-14 16:00:00,0.0
2018-02-14 16:15:00,0.0
2018-02-14 16:30:00,0.0
2018-02-14 16:45:00,0.0
2018-02-14 17:00:00,0.0
2018-02-14 17:15:00,0.0
2018-02-14 17:30:00,0.0
2018-02-14 17:45:00,0.0
2018-02-14 18:00:00,0.0
2018-02-14 18:15:00,0.0
2018-02-14 18:30:00,0.0
2018-02-14 18:45:00,0.0
2018-02-14 19:00:00,0.0
2018-02-14 19:15:00,0.0
2018-02-14 19:30:00,0.0
2018-02-14 19:45:00,0.0
2018-02-14 20:00:00,0.0
2018-02-14 20:15:00,0.0
2018-02-14 20:30:00,0.0
2018-02-14 20:45:00,0.0
2018-02-14 21:00:00,0.0
2018-02-14 21:15:00,0.0
2018-02-14 21:30:00,0.0
2018-02-14 21:45:00,0.0
2018-02-14 22:00:00,0.0
2018-02-14 22:15:00,0.0
2018-02-14 22:30:00,0.0
2018-02-14 22:45:00,0.0
2018-02-14 23:00:00,0.0
2018-02-14 23:15:00,0.0
2018-02-14 23:30:00,0.0
2018-02-14 23:45:00,0.0
2018-02-15 00:00:00,0.0
2018-02-15 00:15:00,0.0
2018-02-15 00:30:00,0.0
2018-02-15 00:45:00,0.0
2018-02-15 01:00:00,0.0
2018-02-15 01:15:00,0.0
2018-02-15 01:30:00,0.0
2018-02-15 01:45:00,0.0
2018-02-15 02:00:00,0.0
2018-02-15 02:15:00,0.0
2018-02-15 02:30:00,0.0
2018-02-15 02:45:00,0.0
2018-02-15 03:00:00,0.0
2018-02-15 03:15:00,0.0
2018-02-15 03:30:00,0.0
2018-02-15 03:45:00,0.0
2018-02-15 04:00:00,0.0
2018-02-15 04:15:00,0.0
2018-02-15 04:30:00,0.0
2018-02-15 04:45:00,0.0
2018-02-15 05:00:00,0.0
2018-02-15 05:15:00,0.0
2018-02-15 05:30:00,0.0
2018-02-15 05:45:00,0.0
2018-02-15 06:00:00,0.0
2018-02-15 06:15:00,0.0
2018-02-15 06:30:00,0.0
2018-02-15 06:45:00,0.0
2018-02-15 07:00:00,0.0
2018-02-15 07:15:00,0.0
2018-02-15 07:30:00,0.0
2018-02-15 07:45:00,0.0
2018-02-15 08:00:00,0.0
2018-02-15 08:15:00,0.0
2018-02-15 08:30:00,0.0
2018-02-15 08:45:00,0.0
2018-02-15 09:00:00,0.0
2018-02-15 09:15:00,0.0
2018-02-15 09:30:00,0.0
2018-02-15 09:45:00,0.0
2018-02-15 10:00:00,0.0
2018-02-15 10:15:00,0.0
2018-02-15 10:30:00,0.0
2018-02-15 10:45:00,0.0
2018-02-15 11:00:00,0.0
2018-02-15 11:15:00,0.0
2018-02-15 11:30:00,0.0
2018-02-15 11:45:00,0.0
2018-02-15 12:00:00,0.0
2018-02-15 12:15:00,0.0
2018-02-15 12:30:00,0.0
2018-02-15 12:45:00,0.0
2018-02-15 13:00:00,0.0
2018-02-15 13:15:00,0.0
2018-02-15 13:30:00,0.0
2018-02-15 13:45:00,0.0
2018-02-15 14:00:00,0.0
2018-02-15 14:15:00,0.0
2018-02-15 14:30:00,0.0
2018-02-15 14:45:00,0.0
2018-02-15 15:00:00,0.0
2018-02-15 15:15:00,0.0
2018-02-15 15:30:00,0.0
2018-02-15 15:45:00,0.0
2018-02-15 16:00:00,0.0
2018-02-15 16:15:00,0.0
2018-02-15 16:30:00,0.0
2018-02-15 16:45:00,0.0
2018-02-15 17:00:00,0.0
2018-02-15 17:15:00,0.0
2018-02-15 17:30:00,0.0
2018-02-15 17:45:00,0.0
2018-02-15 18:00:00,0.0
2018-02-15 18:15:00,0.0
2018-02-15 18:30:00,0.0
2018-02-15 18:45:00,0.0
2018-02-15 19:00:00,0.0
2018-02-15 19:15:00,0.0
2018-02-15 19:30:00,0.0
2018-02-15 19:45:00,0.0
2018-02-15 20:00:00,0.0
2018-02-15 20:15:00,0.0
2018-02-15 20:30:00,0.0
2018-02-15 20:45:00,0.0
2018-02-15 21:00:00,0.0
2018-02-15 21:15:00,0.0
2018-02-15 21:30:00,0.0
2018-02-15 21:45:00,0.0
2018-02-15 22:00:00,0.0
2018-02-15 22:15:00,0.0
2018-02-15 22:30:00,0.0
2018-02-15 22:45:00,0.0
2018-02-15 23:00:00,0.0
2018-02-15 23:15:00,0.0
2018-02-15 23:30:00,0.0
2018-02-15 23:45:00,0.0
2018-02-16 00:00:00,0.0
2018-02-16 00:15:00,0.0
2018-02-16 00:30:00,0.0
2018-02-16 00:45:00,0.0
2018-02-16 01:00:00,0.0
2018-02-16 01:15:00,0.0
2018-02-16 01:30:00,0.0
2018-02-16 01:45:00,0.0
2018-02-16 02:00:00,0.0
2018-02-16 02:15:00,0.0
2018-02-16 02:30:00,0.0
2018-02-16 02:45:00,0.0
2018-02-16 03:00:00,0.0
2018-02-16 03:15:00,0.0
2018-02-16 03:30:00,0.0
2018-02-16 03:45:00,0.0
2018-02-16 04:00:00,0.0
2018-02-16 04:15:00,0.0
2018-02-16 04:30:00,0.0
2018-02-16 04:45:00,0.0
2018-02-16 05:00:00,0.0
2018-02-16 05:15:00,0.0
2018-02-16 05:30:00,0.0
2018-02-16 05:45:00,0.0
2018-02-16 06:00:00,0.0
2018-02-16 06:15:00,0.0
2018-02-16 06:30:00,0.0
2018-02-16 06:45:00,0.0
2018-02-16 07:00:00,0.0
2018-02-16 07:15:00,0.0
2018-02-16 07:30:00,0.0
2018-02-16 07:45:00,0.0
2018-02-16 08:00:00,0.0
2018-02-16 08:15:00,0.0
2018-02-16 08:30:00,0.0
2018-02-16 08:45:00,0.0
2018-02-16 09:00:00,0.0
2018-02-16 09:15:00,0.0
2018-02-16 09:30:00,0.0
2018-02-16 09:45:00,0.0
2018-02-16 10:00:00,0.0
2018-02-16 10:15:00,0.0
2018-02-16 10:30:00,0.0
2018-02-16 10:45:00,0.0
2018-02-16 11:00:00,0.0
2018-02-16 11:15:00,0.0
2018-02-16 11:30:00,0.0
2018-02-16 11:45:00,0.0
2018-02-16 12:00:00,0.0
2018-02-16 12:15:00,0.0
2018-02-16 12:30:00,0.0
2018-02-16 12:45:00,0.0
2018-02-16 13:00:00,0.0
2018-02-16 13:15:00,0.0
2018-02-16 13:30:00,0.0
2018-02-16 13:45:00,0.0
2018-02-16 14:00:00,0.0
2018-02-16 14:15:00,0.0
2018-02-16 14:30:00,0.0
2018-02-16 14:45:00,0.0
2018-02-16 15:00:00,0.0
2018-02-16 15:15:00,0.0
2018-02-16 15:30:00,0.0
2018-02-16 15:45:00,0.0
2018-02-16 16:00:00,0.0
2018-02-16 16:15:00,0.0
2018-02-16 16:30:00,0.0
2018-02-16 16:45:00,0.0
2018-02-16 17:00:00,0.0
2018-02-16 17:15:00,0.0
2018-02-16 17:30:00,0.0
2018-02-16 17:45:00,0.0
2018-02-16 18:00:00,0.0
2018-02-16 18:15:00,0.0
2018-02-16 18:30:00,0.0
2018-02-16 18:45:00,0.0
2018-02-16 19:00:00,0.0
2018-02-16 19:15:00,0.0
2018-02-16 19:30:00,0.0
2018-02-16 19:45:00,0.0
2018-02-16 20:00:00,0.0
2018-02-16 20:15:00,0.0
2018-02-16 20:30:00,0.0
2018-02-16 20:45:00,0.0
2018-02-16 21:00:00,0.0
2018-02-16 21:15:00,0.0
2018-02-16 21:30:00,0.0
2018-02-16 21:45:00,0.0
2018-02-16 22:00:00,0.0
2018-02-16 22:15:00,0.0
2018-02-16 22:30:00,0.0
2018-02-16 22:45:00,0.0
2018-02-16 23:00:00,0.0
2018-02-16 23:15:00,0.0
2018-02-16 23:30:00,0.0
2018-02-16 23:45:00,0.0
2018-02-17 00:00:00,0.0
2018-02-17 00:15:00,0.0
2018-02-17 00:30:00,0.0
2018-02-17 00:45:00,0.0
2018-02-17 01:00:00,0.0
2018-02-17 01:15:00,0.0
2018-02-17 01:30:00,0.0
2018-02-17 01:45:00,0.0
2018-02-17 02:00:00,0.0
2018-02-17 02:15:00,0.0
2018-02-17 02:30:00,0.0
2018-02-17 02:45:00,0.0
2018-02-17 03:00:00,0.0
2018-02-17 03:15:00,0.0
2018-02-17 03:30:00,0.0
2018-02-17 03:45:00,0.0
2018-02-17 04:00:00,0.0
2018-02-17 04:15:00,0.0
2018-02-17 04:30:00,0.0
2018-02-17 04:45:00,0.0
2018-02-17 05:00:00,0.0
2018-02-17 05:15:00,0.0
2018-02-17 05:30:00,0.0
2018-02-17 05:45:00,0.0
2018-02-17 06:00:00,0.0
2018-02-17 06:15:00,0.0
2018-02-17 06:30:00,0.0
2018-02-17 06:45:00,0.0
2018-02-17 07:00:00,0.0
2018-02-17 07:15:00,0.0
2018-02-17 07:30:00,0.0
2018-02-17 07:45:00,0.0
2018-02-17 08:00:00,0.0
2018-02-17 08:15:00,0.0
2018-02-17 08:30:00,0.0
2018-02-17 08:45:00,0.0
2018-02-17 09:00:00,0.0
2018-02-17 09:15:00,0.0
2018-02-17 09:30:00,0.0
2018-02-17 09:45:00,0.0
2018-02-17 10:00:00,0.0
2018-02-17 10:15:00,0.0
2018-02-17 10:30:00,0.0
2018-02-17 10:45:00,0.0
2018-02-17 11:00:00,0.0
2018-02-17 11:15:00,0.0
2018-02-17 11:30:00,0.0
2018-02-17 11:45:00,0.0
2018-02-17 12:00:00,0.0
2018-02-17 12:15:00,0.0
2018-02-17 12:30:00,0.0
2018-02-17 12:45:00,0.0
2018-02-17 13:00:00,0.0
2018-02-17 13:15:00,0.0
2018-02-17 13:30:00,0.0
2018-02-17 13:45:00,0.0
2018-02-17 14:00:00,0.0
2018-02-17 14:15:00,0.0
2018-02-17 14:30:00,0.0
2018-02-17 14:45:00,0.0
2018-02-17 15:00:00,0.0
2018-02-17 15:15:00,0.0
2018-02-17 15:30:00,0.0
2018-02-17 15:45:00,0.0
2018-02-17 16:00:00,0.0
2018-02-17 16:15:00,0.0
2018-02-17 16:30:00,0.0
2018-02-17 16:45:00,0.0
2018-02-17 17:00:00,0.0
2018-02-17 17:15:00,0.0
2018-02-17 17:30:00,0.0
2018-02-17 17:45:00,0.0
2018-02-17 18:00:00,0.0
2018-02-17 18:15:00,0.0
2018-02-17 18:30:00,0.0
2018-02-17 18:45:00,0.0
2018-02-17 19:00:00,0.0
2018-02-17 19:15:00,0.0
2018-02-17 19:30:00,0.0
2018-02-17 19:45:00,0.0
2018-02-17 20:00:00,0.0
2018-02-17 20:15:00,0.0
2018-02-17 20:30:00,0.0
2018-02-17 20:45:00,0.0
2018-02-17 21:00:00,0.0
2018-02-17 21:15:00,0.0
2018-02-17 21:30:00,0.0
2018-02-17 21:45:00,0.0
2018-02-17 22:00:00,0.0
2018-02-17 22:15:00,0.0
2018-02-17 22:30:00,0.0
2018-02-17 22:45:00,0.0
2018-02-17 23:00:00,0.0
2018-02-17 23:15:00,0.0
2018-02-17 23:30:00,0.0
2018-02-17 23:45:00,0.0
2018-02-18 00:00:00,0.0
2018-02-18 00:15:00,0.0
2018-02-18 00:30:00,0.0
2018-02-18 00:45:00,0.0
2018-02-18 01:00:00,0.0
2018-02-18 01:15:00,0.0
2018-02-18 01:30:00,0.0
2018-02-18 01:45:00,0.0
2018-02-18 02:00:00,0.0
2018-02-18 02:15:00,0.0
2018-02-18 02:30:00,0.0
2018-02-18 02:45:00,0.0
2018-02-18 03:00:00,0.0
2018-02-18 03:15:00,0.0
2018-02-18 03:30:00,0.0
2018-02-18 03:45:00,0.0
2018-02-18 04:00:00,0.0
2018-02-18 04:15:00,0.0
2018-02-18 04:30:00,0.0
2018-02-18 04:45:00,0.0
2018-02-18 05:00:00,0.0
2018-02-18 05:15:00,0.0
2018-02-18 05:30:00,0.0
2018-02-18 05:45:00,0.0
2018-02-18 06:00:00,0.0
2018-02-18 06:15:00,0.0
2018-02-18 06:30:00,0.0
2018-02-18 06:45:00,0.0
2018-02-18 07:00:00,0.0
2018-02-18 07:15:00,0.0
2018-02-18 07:30:00,0.0
2018-02-18 07:45:00,0.0
2018-02-18 08:00:00,0.0
2018-02-18 08:15:00,0.0
2018-02-18 08:30:00,0.0
2018-02-18 08:45:00,0.0
2018-02-18 09:00:00,0.0
2018-02-18 09:15:00,0.0
2018-02-18 09:30:00,0.0
2018-02-18 09:45:00,0.0
2018-02-18 10:00:00,0.0
2018-02-18 10:15:00,0.0
2018-02-18 10:30:00,0.0
2018-02-18 10:45:00,0.0
2018-02-18 11:00:00,0.0
2018-02-18 11:15:00,0.0
2018-02-18 11:30:00,0.0
2018-02-18 11:45:00,0.0
2018-02-18 12:00:00,0.0
2018-02-18 12:15:00,0.0
2018-02-18 12:30:00,0.0
2018-02-18 12:45:00,0.0
2018-02-18 13:00:00,0.0
2018-02-18 13:15:00,0.0
2018-02-18 13:30:00,0.0
2018-02-18 13:45:00,0.0
2018-02-18 14:00:00,0.0
2018-02-18 14:15:00,0.0
2018-02-18 14:30:00,0.0
2018-02-18 14:45:00,0.0
2018-02-18 15:00:00,0.0
2018-02-18 15:15:00,0.0
2018-02-18 15:30:00,0.0
2018-02-18 15:45:00,0.0
2018-02-18 16:00:00,0.0
2018-02-18 16:15:00,0.0
2018-02-18 16:30:00,0.0
2018-02-18 16:45:00,0.0
2018-02-18 17:00:00,0.0
2018-02-18 17:15:00,0.0
2018-02-18 17:30:00,0.0
2018-02-18 17:45:00,0.0
2018-02-18 18:00:00,0.0
2018-02-18 18:15:00,0.0
2018-02-18 18:30:00,0.0
2018-02-18 18:45:00,0.0
2018-02-18 19:00:00,0.0
2018-02-18 19:15:00,0.0
2018-02-18 19:30:00,0.0
2018-02-18 19:45:00,0.0
2018-02-18 20:00:00,0.0
2018-02-18 20:15:00,0.0
2018-02-18 20:30:00,0.0
2018-02-18 20:45:00,0.0
2018-02-18 21:00:00,0.0
2018-02-18 21:15:00,0.0
2018-02-18 21:30:00,0.0
2018-02-18 21:45:00,0.0
2018-02-18 22:00:00,0.0
2018-02-18 22:15:00,0.0
2018-02-18 22:30:00,0.0
2018-02-18 22:45:00,0.0
2018-02-18 23:00:00,0.0
2018-02-18 23:15:00,0.0
2018-02-18 23:30:00,0.0
2018-02-18 23:45:00,0.0
2018-02-19 00:00:00,0.0
2018-02-19 00:15:00,0.0
2018-02-19 00:30:00,0.0
2018-02-19 00:45:00,0.0
2018-02-19 01:00:00,0.0
2018-02-19 01:15:00,0.0
2018-02-19 01:30:00,0.0
2018-02-19 01:45:00,0.0
2018-02-19 02:00:00,0.0
2018-02-19 02:15:00,0.0
2018-02-19 02:30:00,0.0
2018-02-19 02:45:00,0.0
2018-02-19 03:00:00,0.0
2018-02-19 03:15:00,0.0
2018-02-19 03:30:00,0.0
2018-02-19 03:45:00,0.0
2018-02-19 04:00:00,0.0
2018-02-19 04:15:00,0.0
2018-02-19 04:30:00,0.0
2018-02-19 04:45:00,0.0
2018-02-19 05:00:00,0.0
2018-02-19 05:15:00,0.0
2018-02-19 05:30:00,0.0
2018-02-19 05:45:00,0.0
2018-02-19 06:00:00,0.0
2018-02-19 06:15:00,0.0
2018-02-19 06:30:00,0.0
2018-02-19 06:45:00,0.0
2018-02-19 07:00:00,0.0
2018-02-19 07:15:00,0.0
2018-02-19 07:30:00,0.0
2018-02-19 07:45:00,0.0
2018-02-19 08:00:00,0.0
2018-02-19 08:15:00,0.0
2018-02-19 08:30:00,0.0
2018-02-19 08:45:00,0.0
2018-02-19 09:00:00,0.0
2018-02-19 09:15:00,0.0
2018-02-19 09:30:00,0.0
2018-02-19 09:45:00,0.0
2018-02-19 10:00:00,0.0
2018-02-19 10:15:00,0.0
2018-02-19 10:30:00,0.0
2018-02-19 10:45:00,0.0
2018-02-19 11:00:00,0.0
2018-02-19 11:15:00,0.0
2018-02-19 11:30:00,0.0
2018-02-19 11:45:00,0.0
2018-02-19 12:00:00,0.0
2018-02-19 12:15:00,0.0
2018-02-19 12:30:00,0.0
2018-02-19 12:45:00,0.0
2018-02-19 13:00:00,0.0
2018-02-19 13:15:00,0.0
2018-02-19 13:30:00,0.0
2018-02-19 13:45:00,0.0
2018-02-19 14:00:00,0.0
2018-02-19 14:15:00,0.0
2018-02-19 14:30:00,0.0
2018-02-19 14:45:00,0.0
2018-02-19 15:00:00,0.0
2018-02-19 15:15:00,0.0
2018-02-19 15:30:00,0.0
2018-02-19 15:45:00,0.0
2018-02-19 16:00:00,0.0
2018-02-19 16:15:00,0.0
2018-02-19 16:30:00,0.0
2018-02-19 16:45:00,0.0
2018-02-19 17:00:00,0.0
2018-02-19 17:15:00,0.0
2018-02-19 17:30:00,0.0
2018-02-19 17:45:00,0.0
2018-02-19 18:00:00,0.0
2018-02-19 18:15:00,0.0
2018-02-19 18:30:00,0.0
2018-02-19 18:45:00,0.0
2018-02-19 19:00:00,0.0
2018-02-19 19:15:00,0.0
2018-02-19 19:30:00,0.0
2018-02-19 19:45:00,0.0
2018-02-19 20:00:00,0.0
2018-02-19 20:15:00,0.0
2018-02-19 20:30:00,0.0
2018-02-19 20:45:00,0.0
2018-02-19 21:00:00,0.0
2018-02-19 21:15:00,0.0
2018-02-19 21:30:00,0.0
2018-02-19 21:45:00,0.0
2018-02-19 22:00:00,0.0
2018-02-19 22:15:00,0.0
2018-02-19 22:30:00,0.0
2018-02-19 22:45:00,0.0
2018-02-19 23:00:00,0.0
2018-02-19 23:15:00,0.0
2018-02-19 23:30:00,0.0
2018-02-19 23:45:00,0.0
2018-02-20 00:00:00,0.0
2018-02-20 00:15:00,0.0
2018-02-20 00:30:00,0.0
2018-02-20 00:45:00,0.0
2018-02-20 01:00:00,0.0
2018-02-20 01:15:00,0.0
2018-02-20 01:30:00,0.0
2018-02-20 01:45:00,0.0
2018-02-20 02:00:00,0.0
2018-02-20 02:15:00,0.0
2018-02-20 02:30:00,0.0
2018-02-20 02:45:00,0.0
2018-02-20 03:00:00,0.0
2018-02-20 03:15:00,0.0
2018-02-20 03:30:00,0.0
2018-02-20 03:45:00,0.0
2018-02-20 04:00:00,0.0
2018-02-20 04:15:00,0.0
2018-02-20 04:30:00,0.0
2018-02-20 04:45:00,0.0
2018-02-20 05:00:00,0.0
2018-02-20 05:15:00,0.0
2018-02-20 05:30:00,0.0
2018-02-20 05:45:00,0.0
2018-02-20 06:00:00,0.0
2018-02-20 06:15:00,0.0
2018-02-20 06:30:00,0.0
2018-02-20 06:45:00,0.0
2018-02-20 07:00:00,0.0
2018-02-20 07:15:00,0.0
2018-02-20 07:30:00,0.0
2018-02-20 07:45:00,0.0
2018-02-20 08:00:00,0.0
2018-02-20 08:15:00,0.0
2018-02-20 08:30:00,0.0
2018-02-20 08:45:00,0.0
2018-02-20 09:00:00,0.0
2018-02-20 09:15:00,0.0
2018-02-20 09:30:00,0.0
2018-02-20 09:45:00,0.0
2018-02-20 10:00:00,0.0
2018-02-20 10:15:00,0.0
2018-02-20 10:30:00,0.0
2018-02-20 10:45:00,0.0
2018-02-20 11:00:00,0.0
2018-02-20 11:15:00,0.0
2018-02-20 11:30:00,0.0
2018-02-20 11:45:00,0.0
2018-02-20 12:00:00,0.0
2018-02-20 12:15:00,0.0
2018-02-20 12:30:00,0.0
2018-02-20 12:45:00,0.0
2018-02-20 13:00:00,0.0
2018-02-20 13:15:00,0.0
2018-02-20 13:30:00,0.0
2018-02-20 13:45:00,0.0
2018-02-20 14:00:00,0.0
2018-02-20 14:15:00,0.0
2018-02-20 14:30:00,0.0
2018-02-20 14:45:00,0.0
2018-02-20 15:00:00,0.0
2018-02-20 15:15:00,0.0
2018-02-20 15:30:00,0.0
2018-02-20 15:45:00,0.0
2018-02-20 16:00:00,0.0
2018-02-20 16:15:00,0.0
2018-02-20 16:30:00,0.0
2018-02-20 16:45:00,0.0
2018-02-20 17:00:00,0.0
2018-02-20 17:15:00,0.0
2018-02-20 17:30:00,0.0
2018-02-20 17:45:00,0.0
2018-02-20 18:00:00,0.0
2018-02-20 18:15:00,0.0
2018-02-20 18:30:00,0.0
2018-02-20 18:45:00,0.0
2018-02-20 19:00:00,0.0
2018-02-20 19:15:00,0.0
2018-02-20 19:30:00,0.0
2018-02-20 19:45:00,0.0
2018-02-20 20:00:00,0.0
2018-02-20 20:15:00,0.0
2018-02-20 20:30:00,0.0
2018-02-20 20:45:00,0.0
2018-02-20 21:00:00,0.0
2018-02-20 21:15:00,0.0
2018-02-20 21:30:00,0.0
2018-02-20 21:45:00,0.0
2018-02-20 22:00:00,0.0
2018-02-20 22:15:00,0.0
2018-02-20 22:30:00,0.0
2018-02-20 22:45:00,0.0
2018-02-20 23:00:00,0.0
2018-02-20 23:15:00,0.0
2018-02-20 23:30:00,0.0
2018-02-20 23:45:00,0.0
2018-02-21 00:00:00,0.0
2018-02-21 00:15:00,0.0
2018-02-21 00:30:00,0.0
2018-02-21 00:45:00,0.0
2018-02-21 01:00:00,0.0
2018-02-21 01:15:00,0.0
2018-02-21 01:30:00,0.0
2018-02-21 01:45:00,0.0
2018-02-21 02:00:00,0.0
2018-02-21 02:15:00,0.0
2018-02-21 02:30:00,0.0
2018-02-21 02:45:00,0.0
2018-02-21 03:00:00,0.0
2018-02-21 03:15:00,0.0
2018-02-21 03:30:00,0.0
2018-02-21 03:45:00,0.0
2018-02-21 04:00:00,0.0
2018-02-21 04:15:00,0.0
2018-02-21 04:30:00,0.0
2018-02-21 04:45:00,0.0
2018-02-21 05:00:00,0.0
2018-02-21 05:15:00,0.0
2018-02-21 05:30:00,0.0
2018-02-21 05:45:00,0.0
2018-02-21 06:00:00,0.0
2018-02-21 06:15:00,0.0
2018-02-21 06:30:00,0.0
2018-02-21 06:45:00,0.0
2018-02-21 07:00:00,0.0
2018-02-21 07:15:00,0.0
2018-02-21 07:30:00,0.0
2018-02-21 07:45:00,0.0
2018-02-21 08:00:00,0.0
2018-02-21 08:15:00,0.0
2018-02-21 08:30:00,0.0
2018-02-21 08:45:00,0.0
2018-02-21 09:00:00,0.0
2018-02-21 09:15:00,0.0
2018-02-21 09:30:00,0.0
2018-02-21 09:45:00,0.0
2018-02-21 10:00:00,0.0
2018-02-21 10:15:00,0.0
2018-02-21 10:30:00,0.0
2018-02-21 10:45:00,0.0
2018-02-21 11:00:00,0.0
2018-02-21 11:15:00,0.0
2018-02-21 11:30:00,0.0
2018-02-21 11:45:00,0.0
2018-02-21 12:00:00,0.0
2018-02-21 12:15:00,0.0
2018-02-21 12:30:00,0.0
2018-02-21 12:45:00,0.0
2018-02-21 13:00:00,0.0
2018-02-21 13:15:00,0.0
2018-02-21 13:30:00,0.0
2018-02-21 13:45:00,0.0
2018-02-21 14:00:00,0.0
2018-02-21 14:15:00,0.0
2018-02-21 14:30:00,0.0
2018-02-21 14:45:00,0.0
2018-02-21 15:00:00,0.0
2018-02-21 15:15:00,0.0
2018-02-21 15:30:00,0.0
2018-02-21 15:45:00,0.0
2018-02-21 16:00:00,0.0
2018-02-21 16:15:00,0.0
2018-02-21 16:30:00,0.0
2018-02-21 16:45:00,0.0
2018-02-21 17:00:00,0.0
2018-02-21 17:15:00,0.0
2018-02-21 17:30:00,0.0
2018-02-21 17:45:00,0.0
2018-02-21 18:00:00,0.0
2018-02-21 18:15:00,0.0
2018-02-21 18:30:00,0.0
2018-02-21 18:45:00,0.0
2018-02-21 19:00:00,0.0
2018-02-21 19:15:00,0.0
2018-02-21 19:30:00,0.0
2018-02-21 19:45:00,0.0
2018-02-21 20:00:00,0.0
2018-02-21 20:15:00,0.0
2018-02-21 20:30:00,0.0
2018-02-21 20:45:00,0.0
2018-02-21 21:00:00,0.0
2018-02-21 21:15:00,0.0
2018-02-21 21:30:00,0.0
2018-02-21 21:45:00,0.0
2018-02-21 22:00:00,0.0
2018-02-21 22:15:00,0.0
2018-02-21 22:30:00,0.0
2018-02-21 22:45:00,0.0
2018-02-21 23:00:00,0.0
2018-02-21 23:15:00,0.0
2018-02-21 23:30:00,0.0
2018-02-21 23:45:00,0.0
2018-02-22 00:00:00,0.0
2018-02-22 00:15:00,0.0
2018-02-22 00:30:00,0.0
2018-02-22 00:45:00,0.0
2018-02-22 01:00:00,0.0
2018-02-22 01:15:00,0.0
2018-02-22 01:30:00,0.0
2018-02-22 01:45:00,0.0
2018-02-22 02:00:00,0.0
2018-02-22 02:15:00,0.0
2018-02-22 02:30:00,0.0
2018-02-22 02:45:00,0.0
2018-02-22 03:00:00,0.0
2018-02-22 03:15:00,0.0
2018-02-22 03:30:00,0.0
2018-02-22 03:45:00,0.0
2018-02-22 04:00:00,0.0
2018-02-22 04:15:00,0.0
2018-02-22 04:30:00,0.0
2018-02-22 04:45:00,0.0
2018-02-22 05:00:00,0.0
2018-02-22 05:15:00,0.0
2018-02-22 05:30:00,0.0
2018-02-22 05:45:00,0.0
2018-02-22 06:00:00,0.0
2018-02-22 06:15:00,0.0
2018-02-22 06:30:00,0.0
2018-02-22 06:45:00,0.0
2018-02-22 07:00:00,0.0
2018-02-22 07:15:00,0.0
2018-02-22 07:30:00,0.0
2018-02-22 07:45:00,0.0
2018-02-22 08:00:00,0.0
2018-02-22 08:15:00,0.0
2018-02-22 08:30:00,0.0
2018-02-22 08:45:00,0.0
2018-02-22 09:00:00,0.0
2018-02-22 09:15:00,0.0
2018-02-22 09:30:00,0.0
2018-02-22 09:45:00,0.0
2018-02-22 10:00:00,0.0
2018-02-22 10:15:00,0.0
2018-02-22 10:30:00,0.0
2018-02-22 10:45:00,0.0
2018-02-22 11:00:00,0.0
2018-02-22 11:15:00,0.0
2018-02-22 11:30:00,0.0
2018-02-22 11:45:00,0.0
2018-02-22 12:00:00,0.0
2018-02-22 12:15:00,0.0
2018-02-22 12:30:00,0.0
2018-02-22 12:45:00,0.0
2018-02-22 13:00:00,0.0
2018-02-22 13:15:00,0.0
2018-02-22 13:30:00,0.0
2018-02-22 13:45:00,0.0
2018-02-22 14:00:00,0.0
2018-02-22 14:15:00,0.0
2018-02-22 14:30:00,0.0
2018-02-22 14:45:00,0.0
2018-02-22 15:00:00,0.0
2018-02-22 15:15:00,0.0
2018-02-22 15:30:00,0.0
2018-02-22 15:45:00,0.0
2018-02-22 16:00:00,0.0
2018-02-22 16:15:00,0.0
2018-02-22 16:30:00,0.0
2018-02-22 16:45:00,0.0
2018-02-22 17:00:00,0.0
2018-02-22 17:15:00,0.0
2018-02-22 17:30:00,0.0
2018-02-22 17:45:00,0.0
2018-02-22 18:00:00,0.0
2018-02-22 18:15:00,0.0
2018-02-22 18:30:00,0.0
2018-02-22 18:45:00,0.0
2018-02-22 19:00:00,0.0
2018-02-22 19:15:00,0.0
2018-02-22 19:30:00,0.0
2018-02-22 19:45:00,0.0
2018-02-22 20:00:00,0.0
2018-02-22 20:15:00,0.0
2018-02-22 20:30:00,0.0
2018-02-22 20:45:00,0.0
2018-02-22 21:00:00,0.0
2018-02-22 21:15:00,0.0
2018-02-22 21:30:00,0.0
2018-02-22 21:45:00,0.0
2018-02-22 22:00:00,0.0
2018-02-22 22:15:00,0.0
2018-02-22 22:30:00,0.0
2018-02-22 22:45:00,0.0
2018-02-22 23:00:00,0.0
2018-02-22 23:15:00,0.0
2018-02-22 23:30:00,0.0
2018-02-22 23:45:00,0.0
2018-02-23 00:00:00,0.0
2018-02-23 00:15:00,0.0
2018-02-23 00:30:00,0.0
2018-02-23 00:45:00,0.0
2018-02-23 01:00:00,0.0
2018-02-23 01:15:00,0.0
2018-02-23 01:30:00,0.0
2018-02-23 01:45:00,0.0
2018-02-23 02:00:00,0.0
2018-02-23 02:15:00,0.0
2018-02-23 02:30:00,0.0
2018-02-23 02:45:00,0.0
2018-02-23 03:00:00,0.0
2018-02-23 03:15:00,0.0
2018-02-23 03:30:00,0.0
2018-02-23 03:45:00,0.0
2018-02-23 04:00:00,0.0
2018-02-23 04:15:00,0.0
2018-02-23 04:30:00,0.0
2018-02-23 04:45:00,0.0
2018-02-23 05:00:00,0.0
2018-02-23 05:15:00,0.0
2018-02-23 05:30:00,0.0
2018-02-23 05:45:00,0.0
2018-02-23 06:00:00,0.0
2018-02-23 06:15:00,0.0
2018-02-23 06:30:00,0.0
2018-02-23 06:45:00,0.0
2018-02-23 07:00:00,0.0
2018-02-23 07:15:00,0.0
2018-02-23 07:30:00,0.0
2018-02-23 07:45:00,0.0
2018-02-23 08:00:00,0.0
2018-02-23 08:15:00,0.0
2018-02-23 08:30:00,0.0
2018-02-23 08:45:00,0.0
2018-02-23 09:00:00,0.0
2018-02-23 09:15:00,0.0
2018-02-23 09:30:00,0.0
2018-02-23 09:45:00,0.0
2018-02-23 10:00:00,0.0
2018-02-23 10:15:00,0.0
2018-02-23 10:30:00,0.0
2018-02-23 10:45:00,0.0
2018-02-23 11:00:00,0.0
2018-02-23 11:15:00,0.0
2018-02-23 11:30:00,0.0
2018-02-23 11:45:00,0.0
2018-02-23 12:00:00,0.0
2018-02-23 12:15:00,0.0
2018-02-23 12:30:00,0.0
2018-02-23 12:45:00,0.0
2018-02-23 13:00:00,0.0
2018-02-23 13:15:00,0.0
2018-02-23 13:30:00,0.0
2018-02-23 13:45:00,0.0
2018-02-23 14:00:00,0.0
2018-02-23 14:15:00,0.0
2018-02-23 14:30:00,0.0
2018-02-23 14:45:00,0.0
2018-02-23 15:00:00,0.0
2018-02-23 15:15:00,0.0
2018-02-23 15:30:00,0.0
2018-02-23 15:45:00,0.0
2018-02-23 16:00:00,0.0
2018-02-23 16:15:00,0.0
2018-02-23 16:30:00,0.0
2018-02-23 16:45:00,0.0
2018-02-23 17:00:00,0.0
2018-02-23 17:15:00,0.0
2018-02-23 17:30:00,0.0
2018-02-23 17:45:00,0.0
2018-02-23 18:00:00,0.0
2018-02-23 18:15:00,0.0
2018-02-23 18:30:00,0.0
2018-02-23 18:45:00,0.0
2018-02-23 19:00:00,0.0
2018-02-23 19:15:00,0.0
2018-02-23 19:30:00,0.0
2018-02-23 19:45:00,0.0
2018-02-23 20:00:00,0.0
2018-02-23 20:15:00,0.0
2018-02-23 20:30:00,0.0
2018-02-23 20:45:00,0.0
2018-02-23 21:00:00,0.0
2018-02-23 21:15:00,0.0
2018-02-23 21:30:00,0.0
2018-02-23 21:45:00,0.0
2018-02-23 22:00:00,0.0
2018-02-23 22:15:00,0.0
2018-02-23 22:30:00,0.0
2018-02-23 22:45:00,0.0
2018-02-23 23:00:00,0.0
2018-02-23 23:15:00,0.0
2018-02-23 23:30:00,0.0
2018-02-23 23:45:00,0.0
2018-02-24 00:00:00,0.0
2018-02-24 00:15:00,0.0
2018-02-24 00:30:00,0.0
2018-02-24 00:45:00,0.0
2018-02-24 01:00:00,0.0
2018-02-24 01:15:00,0.0
2018-02-24 01:30:00,0.0
2018-02-24 01:45:00,0.0
2018-02-24 02:00:00,0.0
2018-02-24 02:15:00,0.0
2018-02-24 02:30:00,0.0
2018-02-24 02:45:00,0.0
2018-02-24 03:00:00,0.0
2018-02-24 03:15:00,0.0
2018-02-24 03:30:00,0.0
2018-02-24 03:45:00,0.0
2018-02-24 04:00:00,0.0
2018-02-24 04:15:00,0.0
2018-02-24 04:30:00,0.0
2018-02-24 04:45:00,0.0
2018-02-24 05:00:00,0.0
2018-02-24 05:15:00,0.0
2018-02-24 05:30:00,0.0
2018-02-24 05:45:00,0.0
2018-02-24 06:00:00,0.0
2018-02-24 06:15:00,0.0
2018-02-24 06:30:00,0.0
2018-02-24 06:45:00,0.0
2018-02-24 07:00:00,0.0
2018-02-24 07:15:00,0.0
2018-02-24 07:30:00,0.0
2018-02-24 07:45:00,0.0
2018-02-24 08:00:00,0.0
2018-02-24 08:15:00,0.0
2018-02-24 08:30:00,0.0
2018-02-24 08:45:00,0.0
2018-02-24 09:00:00,0.0
2018-02-24 09:15:00,0.0
2018-02-24 09:30:00,0.0
2018-02-24 09:45:00,0.0
2018-02-24 10:00:00,0.0
2018-02-24 10:15:00,0.0
2018-02-24 10:30:00,0.0
2018-02-24 10:45:00,0.0
2018-02-24 11:00:00,0.0
2018-02-24 11:15:00,0.0
2018-02-24 11:30:00,0.0
2018-02-24 11:45:00,0.0
2018-02-24 12:00:00,0.0
2018-02-24 12:15:00,0.0
2018-02-24 12:30:00,0.0
2018-02-24 12:45:00,0.0
2018-02-24 13:00:00,0.0
2018-02-24 13:15:00,0.0
2018-02-24 13:30:00,0.0
2018-02-24 13:45:00,0.0
2018-02-24 14:00:00,0.0
2018-02-24 14:15:00,0.0
2018-02-24 14:30:00,0.0
2018-02-24 14:45:00,0.0
2018-02-24 15:00:00,0.0
2018-02-24 15:15:00,0.0
2018-02-24 15:30:00,0.0
2018-02-24 15:45:00,0.0
2018-02-24 16:00:00,0.0
2018-02-24 16:15:00,0.0
2018-02-24 16:30:00,0.0
2018-02-24 16:45:00,0.0
2018-02-24 17:00:00,0.0
2018-02-24 17:15:00,0.0
2018-02-24 17:30:00,0.0
2018-02-24 17:45:00,0.0
2018-02-24 18:00:00,0.0
2018-02-24 18:15:00,0.0
2018-02-24 18:30:00,0.0
2018-02-24 18:45:00,0.0
2018-02-24 19:00:00,0.0
2018-02-24 19:15:00,0.0
2018-02-24 19:30:00,0.0
2018-02-24 19:45:00,0.0
2018-02-24 20:00:00,0.0
2018-02-24 20:15:00,0.0
2018-02-24 20:30:00,0.0
2018-02-24 20:45:00,0.0
2018-02-24 21:00:00,0.0
2018-02-24 21:15:00,0.0
2018-02-24 21:30:00,0.0
2018-02-24 21:45:00,0.0
2018-02-24 22:00:00,0.0
2018-02-24 22:15:00,0.0
2018-02-24 22:30:00,0.0
2018-02-24 22:45:00,0.0
2018-02-24 23:00:00,0.0
2018-02-24 23:15:00,0.0
2018-02-24 23:30:00,0.0
2018-02-24 23:45:00,0.0
2018-02-25 00:00:00,0.0
2018-02-25 00:15:00,0.0
2018-02-25 00:30:00,0.0
2018-02-25 00:45:00,0.0
2018-02-25 01:00:00,0.0
2018-02-25 01:15:00,0.0
2018-02-25 01:30:00,0.0
2018-02-25 01:45:00,0.0
2018-02-25 02:00:00,0.0
2018-02-25 02:15:00,0.0
2018-02-25 02:30:00,0.0
2018-02-25 02:45:00,0.0
2018-02-25 03:00:00,0.0
2018-02-25 03:15:00,0.0
2018-02-25 03:30:00,0.0
2018-02-25 03:45:00,0.0
2018-02-25 04:00:00,0.0
2018-02-25 04:15:00,0.0
2018-02-25 04:30:00,0.0
2018-02-25 04:45:00,0.0
2018-02-25 05:00:00,0.0
2018-02-25 05:15:00,0.0
2018-02-25 05:30:00,0.0
2018-02-25 05:45:00,0.0
2018-02-25 06:00:00,0.0
2018-02-25 06:15:00,0.0
2018-02-25 06:30:00,0.0
2018-02-25 06:45:00,0.0
2018-02-25 07:00:00,0.0
2018-02-25 07:15:00,0.0
2018-02-25 07:30:00,0.0
2018-02-25 07:45:00,0.0
2018-02-25 08:00:00,0.0
2018-02-25 08:15:00,0.0
2018-02-25 08:30:00,0.0
2018-02-25 08:45:00,0.0
2018-02-25 09:00:00,0.0
2018-02-25 09:15:00,0.0
2018-02-25 09:30:00,0.0
2018-02-25 09:45:00,0.0
2018-02-25 10:00:00,0.0
2018-02-25 10:15:00,0.0
2018-02-25 10:30:00,0.0
2018-02-25 10:45:00,0.0
2018-02-25 11:00:00,0.0
2018-02-25 11:15:00,0.0
2018-02-25 11:30:00,0.0
2018-02-25 11:45:00,0.0
2018-02-25 12:00:00,0.0
2018-02-25 12:15:00,0.0
2018-02-25 12:30:00,0.0
2018-02-25 12:45:00,0.0
2018-02-25 13:00:00,0.0
2018-02-25 13:15:00,0.0
2018-02-25 13:30:00,0.0
2018-02-25 13:45:00,0.0
2018-02-25 14:00:00,0.0
2018-02-25 14:15:00,0.0
2018-02-25 14:30:00,0.0
2018-02-25 14:45:00,0.0
2018-02-25 15:00:00,0.0
2018-02-25 15:15:00,0.0
2018-02-25 15:30:00,0.0
2018-02-25 15:45:00,0.0
2018-02-25 16:00:00,0.0
2018-02-25 16:15:00,0.0
2018-02-25 16:30:00,0.0
2018-02-25 16:45:00,0.0
2018-02-25 17:00:00,0.0
2018-02-25 17:15:00,0.0
2018-02-25 17:30:00,0.0
2018-02-25 17:45:00,0.0
2018-02-25 18:00:00,0.0
2018-02-25 18:15:00,0.0
2018-02-25 18:30:00,0.0
2018-02-25 18:45:00,0.0
2018-02-25 19:00:00,0.0
2018-02-25 19:15:00,0.0
2018-02-25 19:30:00,0.0
2018-02-25 19:45:00,0.0
2018-02-25 20:00:00,0.0
2018-02-25 20:15:00,0.0
2018-02-25 20:30:00,0.0
2018-02-25 20:45:00,0.0
2018-02-25 21:00:00,0.0
2018-02-25 21:15:00,0.0
2018-02-25 21:30:00,0.0
2018-02-25 21:45:00,0.0
2018-02-25 22:00:00,0.0
2018-02-25 22:15:00,0.0
2018-02-25 22:30:00,0.0
2018-02-25 22:45:00,0.0
2018-02-25 23:00:00,0.0
2018-02-25 23:15:00,0.0
2018-02-25 23:30:00,0.0
2018-02-25 23:45:00,0.0
2018-02-26 00:00:00,0.0
2018-02-26 00:15:00,0.0
2018-02-26 00:30:00,0.0
2018-02-26 00:45:00,0.0
2018-02-26 01:00:00,0.0
2018-02-26 01:15:00,0.0
2018-02-26 01:30:00,0.0
2018-02-26 01:45:00,0.0
2018-02-26 02:00:00,0.0
2018-02-26 02:15:00,0.0
2018-02-26 02:30:00,0.0
2018-02-26 02:45:00,0.0
2018-02-26 03:00:00,0.0
2018-02-26 03:15:00,0.0
2018-02-26 03:30:00,0.0
2018-02-26 03:45:00,0.0
2018-02-26 04:00:00,0.0
2018-02-26 04:15:00,0.0
2018-02-26 04:30:00,0.0
2018-02-26 04:45:00,0.0
2018-02-26 05:00:00,0.0
2018-02-26 05:15:00,0.0
2018-02-26 05:30:00,0.0
2018-02-26 05:45:00,0.0
2018-02-26 06:00:00,0.0
2018-02-26 06:15:00,0.0
2018-02-26 06:30:00,0.0
2018-02-26 06:45:00,0.0
2018-02-26 07:00:00,0.0
2018-02-26 07:15:00,0.0
2018-02-26 07:30:00,0.0
2018-02-26 07:45:00,0.0
2018-02-26 08:00:00,0.0
2018-02-26 08:15:00,0.0
2018-02-26 08:30:00,0.0
2018-02-26 08:45:00,0.0
2018-02-26 09:00:00,0.0
2018-02-26 09:15:00,0.0
2018-02-26 09:30:00,0.0
2018-02-26 09:45:00,0.0
2018-02-26 10:00:00,0.0
2018-02-26 10:15:00,0.0
2018-02-26 10:30:00,0.0
2018-02-26 10:45:00,0.0
2018-02-26 11:00:00,0.0
2018-02-26 11:15:00,0.0
2018-02-26 11:30:00,0.0
2018-02-26 11:45:00,0.0
2018-02-26 12:00:00,0.0
2018-02-26 12:15:00,0.0
2018-02-26 12:30:00,0.0
2018-02-26 12:45:00,0.0
2018-02-26 13:00:00,0.0
2018-02-26 13:15:00,0.0
2018-02-26 13:30:00,0.0
2018-02-26 13:45:00,0.0
2018-02-26 14:00:00,0.0
2018-02-26 14:15:00,0.0
2018-02-26 14:30:00,0.0
2018-02-26 14:45:00,0.0
2018-02-26 15:00:00,0.0
2018-02-26 15:15:00,0.0
2018-02-26 15:30:00,0.0
2018-02-26 15:45:00,0.0
2018-02-26 16:00:00,0.0
2018-02-26 16:15:00,0.0
2018-02-26 16:30:00,0.0
2018-02-26 16:45:00,0.0
2018-02-26 17:00:00,0.0
2018-02-26 17:15:00,0.0
2018-02-26 17:30:00,0.0
2018-02-26 17:45:00,0.0
2018-02-26 18:00:00,0.0
2018-02-26 18:15:00,0.0
2018-02-26 18:30:00,0.0
2018-02-26 18:45:00,0.0
2018-02-26 19:00:00,0.0
2018-02-26 19:15:00,0.0
2018-02-26 19:30:00,0.0
2018-02-26 19:45:00,0.0
2018-02-26 20:00:00,0.0
2018-02-26 20:15:00,0.0
2018-02-26 20:30:00,0.0
2018-02-26 20:45:00,0.0
2018-02-26 21:00:00,0.0
2018-02-26 21:15:00,0.0
2018-02-26 21:30:00,0.0
2018-02-26 21:45:00,0.0
2018-02-26 22:00:00,0.0
2018-02-26 22:15:00,0.0
2018-02-26 22:30:00,0.0
2018-02-26 22:45:00,0.0
2018-02-26 23:00:00,0.0
2018-02-26 23:15:00,0.0
2018-02-26 23:30:00,0.0
2018-02-26 23:45:00,0.0
2018-02-27 00:00:00,0.0
2018-02-27 00:15:00,0.0
2018-02-27 00:30:00,0.0
2018-02-27 00:45:00,0.0
2018-02-27 01:00:00,0.0
2018-02-27 01:15:00,0.0
2018-02-27 01:30:00,0.0
2018-02-27 01:45:00,0.0
2018-02-27 02:00:00,0.0
2018-02-27 02:15:00,0.0
2018-02-27 02:30:00,0.0
2018-02-27 02:45:00,0.0
2018-02-27 03:00:00,0.0
2018-02-27 03:15:00,0.0
2018-02-27 03:30:00,0.0
2018-02-27 03:45:00,0.0
2018-02-27 04:00:00,0.0
2018-02-27 04:15:00,0.0
2018-02-27 04:30:00,0.0
2018-02-27 04:45:00,0.0
2018-02-27 05:00:00,0.0
2018-02-27 05:15:00,0.0
2018-02-27 05:30:00,0.0
2018-02-27 05:45:00,0.0
2018-02-27 06:00:00,0.0
2018-02-27 06:15:00,0.0
2018-02-27 06:30:00,0.0
2018-02-27 06:45:00,0.0
2018-02-27 07:00:00,0.0
2018-02-27 07:15:00,0.0
2018-02-27 07:30:00,0.0
2018-02-27 07:45:00,0.0
2018-02-27 08:00:00,0.0
2018-02-27 08:15:00,0.0
2018-02-27 08:30:00,0.0
2018-02-27 08:45:00,0.0
2018-02-27 09:00:00,0.0
2018-02-27 09:15:00,0.0
2018-02-27 09:30:00,0.0
2018-02-27 09:45:00,0.0
2018-02-27 10:00:00,0.0
2018-02-27 10:15:00,0.0
2018-02-27 10:30:00,0.0
2018-02-27 10:45:00,0.0
2018-02-27 11:00:00,0.0
2018-02-27 11:15:00,0.0
2018-02-27 11:30:00,0.0
2018-02-27 11:45:00,0.0
2018-02-27 12:00:00,0.0
2018-02-27 12:15:00,0.0
2018-02-27 12:30:00,0.0
2018-02-27 12:45:00,0.0
2018-02-27 13:00:00,0.0
2018-02-27 13:15:00,0.0
2018-02-27 13:30:00,0.0
2018-02-27 13:45:00,0.0
2018-02-27 14:00:00,0.0
2018-02-27 14:15:00,0.0
2018-02-27 14:30:00,0.0
2018-02-27 14:45:00,0.0
2018-02-27 15:00:00,0.0
2018-02-27 15:15:00,0.0
2018-02-27 15:30:00,0.0
2018-02-27 15:45:00,0.0
2018-02-27 16:00:00,0.0
2018-02-27 16:15:00,0.0
2018-02-27 16:30:00,0.0
2018-02-27 16:45:00,0.0
2018-02-27 17:00:00,0.0
2018-02-27 17:15:00,0.0
2018-02-27 17:30:00,0.0
2018-02-27 17:45:00,0.0
2018-02-27 18:00:00,0.0
2018-02-27 18:15:00,0.0
2018-02-27 18:30:00,0.0
2018-02-27 18:45:00,0.0
2018-02-27 19:00:00,0.0
2018-02-27 19:15:00,0.0
2018-02-27 19:30:00,0.0
2018-02-27 19:45:00,0.0
2018-02-27 20:00:00,0.0
2018-02-27 20:15:00,0.0
2018-02-27 20:30:00,0.0
2018-02-27 20:45:00,0.0
2018-02-27 21:00:00,0.0
2018-02-27 21:15:00,0.0
2018-02-27 21:30:00,0.0
2018-02-27 21:45:00,0.0
2018-02-27 22:00:00,0.0
2018-02-27 22:15:00,0.0
2018-02-27 22:30:00,0.0
2018-02-27 22:45:00,0.0
2018-02-27 23:00:00,0.0
2018-02-27 23:15:00,0.0
2018-02-27 23:30:00,0.0
2018-02-27 23:45:00,0.0
2018-02-28 00:00:00,0.0
2018-02-28 00:15:00,0.0
2018-02-28 00:30:00,0.0
2018-02-28 00:45:00,0.0
2018-02-28 01:00:00,0.0
2018-02-28 01:15:00,0.0
2018-02-28 01:30:00,0.0
2018-02-28 01:45:00,0.0
2018-02-28 02:00:00,0.0
2018-02-28 02:15:00,0.0
2018-02-28 02:30:00,0.0
2018-02-28 02:45:00,0.0
2018-02-28 03:00:00,0.0
2018-02-28 03:15:00,0.0
2018-02-28 03:30:00,0.0
2018-02-28 03:45:00,0.0
2018-02-28 04:00:00,0.0
2018-02-28 04:15:00,0.0
2018-02-28 04:30:00,0.0
2018-02-28 04:45:00,0.0
2018-02-28 05:00:00,0.0
2018-02-28 05:15:00,0.0
2018-02-28 05:30:00,0.0
2018-02-28 05:45:00,0.0
2018-02-28 06:00:00,0.0
2018-02-28 06:15:00,0.0
2018-02-28 06:30:00,0.0
2018-02-28 06:45:00,0.0
2018-02-28 07:00:00,0.0
2018-02-28 07:15:00,0.0
2018-02-28 07:30:00,0.0
2018-02-28 07:45:00,0.0
2018-02-28 08:00:00,0.0
2018-02-28 08:15:00,0.0
2018-02-28 08:30:00,0.0
2018-02-28 08:45:00,0.0
2018-02-28 09:00:00,0.0
2018-02-28 09:15:00,0.0
2018-02-28 09:30:00,0.0
2018-02-28 09:45:00,0.0
2018-02-28 10:00:00,0.0
2018-02-28 10:15:00,0.0
2018-02-28 10:30:00,0.0
2018-02-28 10:45:00,0.0
2018-02-28 11:00:00,0.0
2018-02-28 11:15:00,0.0
2018-02-28 11:30:00,0.0
2018-02-28 11:45:00,0.0
2018-02-28 12:00:00,0.0
2018-02-28 12:15:00,0.0
2018-02-28 12:30:00,0.0
2018-02-28 12:45:00,0.0
2018-02-28 13:00:00,0.0
2018-02-28 13:15:00,0.0
2018-02-28 13:30:00,0.0
2018-02-28 13:45:00,0.0
2018-02-28 14:00:00,0.0
2018-02-28 14:15:00,0.0
2018-02-28 14:30:00,0.0
2018-02-28 14:45:00,0.0
2018-02-28 15:00:00,0.0
2018-02-28 15:15:00,0.0
2018-02-28 15:30:00,0.0
2018-02-28 15:45:00,0.0
2018-02-28 16:00:00,0.0
2018-02-28 16:15:00,0.0
2018-02-28 16:30:00,0.0
2018-02-28 16:45:00,0.0
2018-02-28 17:00:00,0.0
2018-02-28 17:15:00,0.0
2018-02-28 17:30:00,0.0
2018-02-28 17:45:00,0.0
2018-02-28 18:00:00,0.0
2018-02-28 18:15:00,0.0
2018-02-28 18:30:00,0.0
2018-02-28 18:45:00,0.0
2018-02-28 19:00:00,0.0
2018-02-28 19:15:00,0.0
2018-02-28 19:30:00,0.0
2018-02-28 19:45:00,0.0
2018-02-28 20:00:00,0.0
2018-02-28 20:15:00,0.0
2018-02-28 20:30:00,0.0
2018-02-28 20:45:00,0.0
2018-02-28 21:00:00,0.0
2018-02-28 21:15:00,0.0
2018-02-28 21:30:00,0.0
2018-02-28 21:45:00,0.0
2018-02-28 22:00:00,0.0
2018-02-28 22:15:00,0.0
2018-02-28 22:30:00,0.0
2018-02-28 22:45:00,0.0
2018-02-28 23:00:00,0.0
2018-02-28 23:15:00,0.0
2018-02-28 23:30:00,0.0
2018-02-28 23:45:00,0.0
2018-03-01 00:00:00,0.0
2018-03-01 00:15:00,0.0
2018-03-01 00:30:00,0.0
2018-03-01 00:45:00,0.0
2018-03-01 01:00:00,0.0
2018-03-01 01:15:00,0.0
2018-03-01 01:30:00,0.0
2018-03-01 01:45:00,0.0
2018-03-01 02:00:00,0.0
2018-03-01 02:15:00,0.0
2018-03-01 02:30:00,0.0
2018-03-01 02:45:00,0.0
2018-03-01 03:00:00,0.0
2018-03-01 03:15:00,0.0
2018-03-01 03:30:00,0.0
2018-03-01 03:45:00,0.0
2018-03-01 04:00:00,0.0
2018-03-01 04:15:00,0.0
2018-03-01 04:30:00,0.0
2018-03-01 04:45:00,0.0
2018-03-01 05:00:00,0.0
2018-03-01 05:15:00,0.0
2018-03-01 05:30:00,0.0
2018-03-01 05:45:00,0.0
2018-03-01 06:01:00,0.0
2018-03-01 06:15:00,0.0
2018-03-01 06:30:00,0.0
2018-03-01 06:45:00,0.0
2018-03-01 07:00:00,0.0
2018-03-01 07:15:00,0.0
2018-03-01 07:30:00,0.0
2018-03-01 07:45:00,0.0
2018-03-01 08:00:00,0.0
2018-03-01 08:15:00,0.0
2018-03-01 08:30:00,0.0
2018-03-01 08:45:00,0.0
2018-03-01 09:00:00,0.0
2018-03-01 09:15:00,0.0
2018-03-01 09:30:00,0.0
2018-03-01 09:45:00,0.0
2018-03-01 10:00:00,0.0
2018-03-01 10:15:00,0.0
2018-03-01 10:30:00,0.0
2018-03-01 10:45:00,0.0
2018-03-01 11:00:00,0.0
2018-03-01 11:15:00,0.0
2018-03-01 11:30:00,0.0
2018-03-01 11:45:00,0.0
2018-03-01 12:00:00,0.0
2018-03-01 12:15:00,0.0
2018-03-01 12:30:00,0.0
2018-03-01 12:45:00,0.0
2018-03-01 13:00:00,0.0
2018-03-01 13:15:00,0.0
2018-03-01 13:30:00,0.0
2018-03-01 13:45:00,0.0
2018-03-01 14:00:00,0.0
2018-03-01 14:15:00,0.0
2018-03-01 14:30:00,0.0
2018-03-01 14:45:00,0.0
2018-03-01 15:00:00,0.0
2018-03-01 15:15:00,0.0
2018-03-01 15:30:00,0.0
2018-03-01 15:45:00,0.0
2018-03-01 16:00:00,0.0
2018-03-01 16:15:00,0.0
2018-03-01 16:30:00,0.0
2018-03-01 16:45:00,0.0
2018-03-01 17:00:00,0.0
2018-03-01 17:15:00,0.0
2018-03-01 17:30:00,0.0
2018-03-01 17:45:00,0.0
2018-03-01 18:00:00,0.0
2018-03-01 18:15:00,0.0
2018-03-01 18:30:00,0.0
2018-03-01 18:45:00,0.0
2018-03-01 19:00:00,0.0
2018-03-01 19:15:00,0.0
2018-03-01 19:30:00,0.0
2018-03-01 19:45:00,0.0
2018-03-01 20:00:00,0.0
2018-03-01 20:15:00,0.0
2018-03-01 20:30:00,0.0
2018-03-01 20:45:00,0.0
2018-03-01 21:00:00,0.0
2018-03-01 21:15:00,0.0
2018-03-01 21:30:00,0.0
2018-03-01 21:45:00,0.0
2018-03-01 22:00:00,0.0
2018-03-01 22:15:00,0.0
2018-03-01 22:30:00,0.0
2018-03-01 22:45:00,0.0
2018-03-01 23:00:00,0.0
2018-03-01 23:15:00,0.0
2018-03-01 23:30:00,0.0
2018-03-01 23:45:00,0.0
2018-03-02 00:00:00,0.0
2018-03-02 00:15:00,0.0
2018-03-02 00:30:00,0.0
2018-03-02 00:45:00,0.0
2018-03-02 01:00:00,0.0
2018-03-02 01:15:00,0.0
2018-03-02 01:30:00,0.0
2018-03-02 01:45:00,0.0
2018-03-02 02:00:00,0.0
2018-03-02 02:15:00,0.0
2018-03-02 02:30:00,0.0
2018-03-02 02:45:00,0.0
2018-03-02 03:00:00,0.0
2018-03-02 03:15:00,0.0
2018-03-02 03:30:00,0.0
2018-03-02 03:45:00,0.0
2018-03-02 04:00:00,0.0
2018-03-02 04:15:00,0.0
2018-03-02 04:30:00,0.0
2018-03-02 04:45:00,0.0
2018-03-02 05:00:00,0.0
2018-03-02 05:15:00,0.0
2018-03-02 05:30:00,0.0
2018-03-02 05:45:00,0.0
2018-03-02 06:00:00,0.0
2018-03-02 06:15:00,0.0
2018-03-02 06:30:00,0.0
2018-03-02 06:45:00,0.0
2018-03-02 07:00:00,0.0
2018-03-02 07:15:00,0.0
2018-03-02 07:30:00,0.0
2018-03-02 07:45:00,0.0
2018-03-02 08:00:00,0.0
2018-03-02 08:15:00,0.0
2018-03-02 08:30:00,0.0
2018-03-02 08:45:00,0.0
2018-03-02 09:00:00,0.0
2018-03-02 09:15:00,0.0
2018-03-02 09:30:00,0.0
2018-03-02 09:45:00,0.0
2018-03-02 10:00:00,0.0
2018-03-02 10:15:00,0.0
2018-03-02 10:30:00,0.0
2018-03-02 10:45:00,0.0
2018-03-02 11:00:00,0.0
2018-03-02 11:15:00,0.0
2018-03-02 11:30:00,0.0
2018-03-02 11:45:00,0.0
2018-03-02 12:00:00,0.0
2018-03-02 12:15:00,0.0
2018-03-02 12:30:00,0.0
2018-03-02 12:45:00,0.0
2018-03-02 13:00:00,0.0
2018-03-02 13:15:00,0.0
2018-03-02 13:30:00,0.0
2018-03-02 13:45:00,0.0
2018-03-02 14:00:00,0.0
2018-03-02 14:15:00,0.0
2018-03-02 14:30:00,0.0
2018-03-02 14:45:00,0.0
2018-03-02 15:00:00,0.0
2018-03-02 15:15:00,0.0
2018-03-02 15:30:00,0.0
2018-03-02 15:45:00,0.0
2018-03-02 16:00:00,0.0
2018-03-02 16:15:00,0.0
2018-03-02 16:30:00,0.0
2018-03-02 16:45:00,0.0
2018-03-02 17:00:00,0.0
2018-03-02 17:15:00,0.0
2018-03-02 17:30:00,0.0
2018-03-02 17:45:00,0.0
2018-03-02 18:00:00,0.0
2018-03-02 18:15:00,0.0
2018-03-02 18:30:00,0.0
2018-03-02 18:45:00,0.0
2018-03-02 19:00:00,0.0
2018-03-02 19:15:00,0.0
2018-03-02 19:30:00,0.0
2018-03-02 19:45:00,0.0
2018-03-02 20:00:00,0.0
2018-03-02 20:15:00,0.0
2018-03-02 20:30:00,0.0
2018-03-02 20:45:00,0.0
2018-03-02 21:00:00,0.0
2018-03-02 21:15:00,0.0
2018-03-02 21:30:00,0.0
2018-03-02 21:45:00,0.0
2018-03-02 22:00:00,0.0
2018-03-02 22:15:00,0.0
2018-03-02 22:30:00,0.0
2018-03-02 22:45:00,0.0
2018-03-02 23:00:00,0.0
2018-03-02 23:15:00,0.0
2018-03-02 23:30:00,0.0
2018-03-02 23:45:00,0.0
2018-03-03 00:00:00,0.0
2018-03-03 00:15:00,0.0
2018-03-03 00:30:00,0.0
2018-03-03 00:45:00,0.0
2018-03-03 01:00:00,0.0
2018-03-03 01:15:00,0.0
2018-03-03 01:30:00,0.0
2018-03-03 01:45:00,0.0
2018-03-03 02:00:00,0.0
2018-03-03 02:15:00,0.0
2018-03-03 02:30:00,0.0
2018-03-03 02:45:00,0.0
2018-03-03 03:00:00,0.0
2018-03-03 03:15:00,0.0
2018-03-03 03:30:00,0.0
2018-03-03 03:45:00,0.0
2018-03-03 04:00:00,0.0
2018-03-03 04:15:00,0.0
2018-03-03 04:30:00,0.0
2018-03-03 04:45:00,0.0
2018-03-03 05:00:00,0.0
2018-03-03 05:15:00,0.0
2018-03-03 05:30:00,0.0
2018-03-03 05:45:00,0.0
2018-03-03 06:00:00,0.0
2018-03-03 06:15:00,0.0
2018-03-03 06:30:00,0.0
2018-03-03 06:45:00,0.0
2018-03-03 07:00:00,0.0
2018-03-03 07:15:00,0.0
2018-03-03 07:30:00,0.0
2018-03-03 07:45:00,0.0
2018-03-03 08:00:00,0.0
2018-03-03 08:15:00,0.0
2018-03-03 08:30:00,0.0
2018-03-03 08:45:00,0.0
2018-03-03 09:00:00,0.0
2018-03-03 09:15:00,0.0
2018-03-03 09:30:00,0.0
2018-03-03 09:45:00,0.0
2018-03-03 10:00:00,0.0
2018-03-03 10:15:00,0.0
2018-03-03 10:30:00,0.0
2018-03-03 10:45:00,0.0
2018-03-03 11:00:00,0.0
2018-03-03 11:15:00,0.0
2018-03-03 11:30:00,0.0
2018-03-03 11:45:00,0.0
2018-03-03 12:00:00,0.0
2018-03-03 12:15:00,0.0
2018-03-03 12:30:00,0.0
2018-03-03 12:45:00,0.0
2018-03-03 13:00:00,0.0
2018-03-03 13:15:00,0.0
2018-03-03 13:30:00,0.0
2018-03-03 13:45:00,0.0
2018-03-03 14:00:00,0.0
2018-03-03 14:15:00,0.0
2018-03-03 14:30:00,0.0
2018-03-03 14:45:00,0.0
2018-03-03 15:00:00,0.0
2018-03-03 15:15:00,0.0
2018-03-03 15:30:00,0.0
2018-03-03 15:45:00,0.0
2018-03-03 16:00:00,0.0
2018-03-03 16:15:00,0.0
2018-03-03 16:30:00,0.0
2018-03-03 16:45:00,0.0
2018-03-03 17:00:00,0.0
2018-03-03 17:15:00,0.0
2018-03-03 17:30:00,0.0
2018-03-03 17:45:00,0.0
2018-03-03 18:00:00,0.0
2018-03-03 18:15:00,0.0
2018-03-03 18:30:00,0.0
2018-03-03 18:45:00,0.0
2018-03-03 19:00:00,0.0
2018-03-03 19:15:00,0.0
2018-03-03 19:30:00,0.0
2018-03-03 19:45:00,0.0
2018-03-03 20:00:00,0.0
2018-03-03 20:15:00,0.0
2018-03-03 20:30:00,0.0
2018-03-03 20:45:00,0.0
2018-03-03 21:00:00,0.0
2018-03-03 21:15:00,0.0
2018-03-03 21:30:00,0.0
2018-03-03 21:45:00,0.0
2018-03-03 22:00:00,0.0
2018-03-03 22:15:00,0.0
2018-03-03 22:30:00,0.0
2018-03-03 22:45:00,0.0
2018-03-03 23:00:00,0.0
2018-03-03 23:15:00,0.0
2018-03-03 23:30:00,0.0
2018-03-03 23:45:00,0.0
2018-03-04 00:00:00,0.0
2018-03-04 00:15:00,0.0
2018-03-04 00:30:00,0.0
2018-03-04 00:45:00,0.0
2018-03-04 01:00:00,0.0
2018-03-04 01:15:00,0.0
2018-03-04 01:30:00,0.0
2018-03-04 01:45:00,0.0
2018-03-04 02:00:00,0.0
2018-03-04 02:15:00,0.0
2018-03-04 02:30:00,0.0
2018-03-04 02:45:00,0.0
2018-03-04 03:00:00,0.0
2018-03-04 03:15:00,0.0
2018-03-04 03:30:00,0.0
2018-03-04 03:45:00,0.0
2018-03-04 04:00:00,0.0
2018-03-04 04:15:00,0.0
2018-03-04 04:30:00,0.0
2018-03-04 04:45:00,0.0
2018-03-04 05:00:00,0.0
2018-03-04 05:15:00,0.0
2018-03-04 05:30:00,0.0
2018-03-04 05:45:00,0.0
2018-03-04 06:00:00,0.0
2018-03-04 06:15:00,0.0
2018-03-04 06:30:00,0.0
2018-03-04 06:45:00,0.0
2018-03-04 07:00:00,0.0
2018-03-04 07:15:00,0.0
2018-03-04 07:30:00,0.0
2018-03-04 07:45:00,0.0
2018-03-04 08:00:00,0.0
2018-03-04 08:15:00,0.0
2018-03-04 08:30:00,0.0
2018-03-04 08:45:00,0.0
2018-03-04 09:00:00,0.0
2018-03-04 09:15:00,0.0
2018-03-04 09:30:00,0.0
2018-03-04 09:45:00,0.0
2018-03-04 10:00:00,0.0
2018-03-04 10:15:00,0.0
2018-03-04 10:30:00,0.0
2018-03-04 10:45:00,0.0
2018-03-04 11:00:00,0.0
2018-03-04 11:15:00,0.0
2018-03-04 11:30:00,0.0
2018-03-04 11:45:00,0.0
2018-03-04 12:00:00,0.0
2018-03-04 12:15:00,0.0
2018-03-04 12:30:00,0.0
2018-03-04 12:45:00,0.0
2018-03-04 13:00:00,0.0
2018-03-04 13:15:00,0.0
2018-03-04 13:30:00,0.0
2018-03-04 13:45:00,0.0
2018-03-04 14:00:00,0.0
2018-03-04 14:15:00,0.0
2018-03-04 14:30:00,0.0
2018-03-04 14:45:00,0.0
2018-03-04 15:00:00,0.0
2018-03-04 15:15:00,0.0
2018-03-04 15:30:00,0.0
2018-03-04 15:45:00,0.0
2018-03-04 16:00:00,0.0
2018-03-04 16:15:00,0.0
2018-03-04 16:30:00,0.0
2018-03-04 16:45:00,0.0
2018-03-04 17:00:00,0.0
2018-03-04 17:15:00,0.0
2018-03-04 17:30:00,0.0
2018-03-04 17:45:00,0.0
2018-03-04 18:00:00,0.0
2018-03-04 18:15:00,0.0
2018-03-04 18:30:00,0.0
2018-03-04 18:45:00,0.0
2018-03-04 19:00:00,0.0
2018-03-04 19:15:00,0.0
2018-03-04 19:30:00,0.0
2018-03-04 19:45:00,0.0
2018-03-04 20:00:00,0.0
2018-03-04 20:15:00,0.0
2018-03-04 20:30:00,0.0
2018-03-04 20:45:00,0.0
2018-03-04 21:00:00,0.0
2018-03-04 21:15:00,0.0
2018-03-04 21:30:00,0.0
2018-03-04 21:45:00,0.0
2018-03-04 22:00:00,0.0
2018-03-04 22:15:00,0.0
2018-03-04 22:30:00,0.0
2018-03-04 22:45:00,0.0
2018-03-04 23:00:00,0.0
2018-03-04 23:15:00,0.0
2018-03-04 23:30:00,0.0
2018-03-04 23:45:00,0.0
2018-03-05 00:00:00,0.0
2018-03-05 00:15:00,0.0
2018-03-05 00:30:00,0.0
2018-03-05 00:45:00,0.0
2018-03-05 01:00:00,0.0
2018-03-05 01:15:00,0.0
2018-03-05 01:30:00,0.0
2018-03-05 01:45:00,0.0
2018-03-05 02:00:00,0.0
2018-03-05 02:15:00,0.0
2018-03-05 02:30:00,0.0
2018-03-05 02:45:00,0.0
2018-03-05 03:00:00,0.0
2018-03-05 03:15:00,0.0
2018-03-05 03:30:00,0.0
2018-03-05 03:45:00,0.0
2018-03-05 04:00:00,0.0
2018-03-05 04:15:00,0.0
2018-03-05 04:30:00,0.0
2018-03-05 04:45:00,0.0
2018-03-05 05:00:00,0.0
2018-03-05 05:15:00,0.0
2018-03-05 05:30:00,0.0
2018-03-05 05:45:00,0.0
2018-03-05 06:00:00,0.0
2018-03-05 06:15:00,0.0
2018-03-05 06:30:00,0.0
2018-03-05 06:45:00,0.0
2018-03-05 07:00:00,0.0
2018-03-05 07:15:00,0.0
2018-03-05 07:30:00,0.0
2018-03-05 07:45:00,0.0
2018-03-05 08:00:00,0.0
2018-03-05 08:15:00,0.0
2018-03-05 08:30:00,0.0
2018-03-05 08:45:00,0.0
2018-03-05 09:00:00,0.0
2018-03-05 09:15:00,0.0
2018-03-05 09:30:00,0.0
2018-03-05 09:45:00,0.0
2018-03-05 10:00:00,0.0
2018-03-05 10:15:00,0.0
2018-03-05 10:30:00,0.0
2018-03-05 10:45:00,0.0
2018-03-05 11:00:00,0.0
2018-03-05 11:15:00,0.0
2018-03-05 11:30:00,0.0
2018-03-05 11:45:00,0.0
2018-03-05 12:00:00,0.0
2018-03-05 12:15:00,0.0
2018-03-05 12:30:00,0.0
2018-03-05 12:45:00,0.0
2018-03-05 13:00:00,0.0
2018-03-05 13:15:00,0.0
2018-03-05 13:30:00,0.0
2018-03-05 13:45:00,0.0
2018-03-05 14:00:00,0.0
2018-03-05 14:15:00,0.0
2018-03-05 14:30:00,0.0
2018-03-05 14:45:00,0.0
2018-03-05 15:00:00,0.0
2018-03-05 15:15:00,0.0
2018-03-05 15:30:00,0.0
2018-03-05 15:45:00,0.0
2018-03-05 16:00:00,0.0
2018-03-05 16:15:00,0.0
2018-03-05 16:30:00,0.0
2018-03-05 16:45:00,0.0
2018-03-05 17:00:00,0.0
2018-03-05 17:15:00,0.0
2018-03-05 17:30:00,0.0
2018-03-05 17:45:00,0.0
2018-03-05 18:00:00,0.0
2018-03-05 18:15:00,0.0
2018-03-05 18:30:00,0.0
2018-03-05 18:45:00,0.0
2018-03-05 19:00:00,0.0
2018-03-05 19:15:00,0.0
2018-03-05 19:30:00,0.0
2018-03-05 19:45:00,0.0
2018-03-05 20:00:00,0.0
2018-03-05 20:15:00,0.0
2018-03-05 20:30:00,0.0
2018-03-05 20:45:00,0.0
2018-03-05 21:00:00,0.0
2018-03-05 21:15:00,0.0
2018-03-05 21:30:00,0.0
2018-03-05 21:45:00,0.0
2018-03-05 22:00:00,0.0
2018-03-05 22:15:00,0.0
2018-03-05 22:30:00,0.0
2018-03-05 22:45:00,0.0
2018-03-05 23:00:00,0.0
2018-03-05 23:15:00,0.0
2018-03-05 23:30:00,0.0
2018-03-05 23:45:00,0.0
2018-03-06 00:00:00,0.0
2018-03-06 00:15:00,0.0
2018-03-06 00:30:00,0.0
2018-03-06 00:45:00,0.0
2018-03-06 01:00:00,0.0
2018-03-06 01:15:00,0.0
2018-03-06 01:30:00,0.0
2018-03-06 01:45:00,0.0
2018-03-06 02:00:00,0.0
2018-03-06 02:15:00,0.0
2018-03-06 02:30:00,0.0
2018-03-06 02:45:00,0.0
2018-03-06 03:00:00,0.0
2018-03-06 03:15:00,0.0
2018-03-06 03:30:00,0.0
2018-03-06 03:45:00,0.0
2018-03-06 04:00:00,0.0
2018-03-06 04:15:00,0.0
2018-03-06 04:30:00,0.0
2018-03-06 04:45:00,0.0
2018-03-06 05:00:00,0.0
2018-03-06 05:15:00,0.0
2018-03-06 05:30:00,0.0
2018-03-06 05:45:00,0.0
2018-03-06 06:00:00,0.0
2018-03-06 06:15:00,0.0
2018-03-06 06:30:00,0.0
2018-03-06 06:45:00,0.0
2018-03-06 07:00:00,0.0
2018-03-06 07:15:00,0.0
2018-03-06 07:30:00,0.0
2018-03-06 07:45:00,0.0
2018-03-06 08:00:00,0.0
2018-03-06 08:15:00,0.0
2018-03-06 08:30:00,0.0
2018-03-06 08:45:00,0.0
2018-03-06 09:00:00,0.0
2018-03-06 09:15:00,0.0
2018-03-06 09:30:00,0.0
2018-03-06 09:45:00,0.0
2018-03-06 10:00:00,0.0
2018-03-06 10:15:00,0.0
2018-03-06 10:30:00,0.0
2018-03-06 10:45:00,0.0
2018-03-06 11:00:00,0.0
2018-03-06 11:15:00,0.0
2018-03-06 11:30:00,0.0
2018-03-06 11:45:00,0.0
2018-03-06 12:00:00,0.0
2018-03-06 12:15:00,0.0
2018-03-06 12:30:00,0.0
2018-03-06 12:45:00,0.0
2018-03-06 13:00:00,0.0
2018-03-06 13:15:00,0.0
2018-03-06 13:30:00,0.0
2018-03-06 13:45:00,0.0
2018-03-06 14:00:00,0.0
2018-03-06 14:15:00,0.0
2018-03-06 14:30:00,0.0
2018-03-06 14:45:00,0.0
2018-03-06 15:00:00,0.0
2018-03-06 15:15:00,0.0
2018-03-06 15:30:00,0.0
2018-03-06 15:45:00,0.0
2018-03-06 16:00:00,0.0
2018-03-06 16:15:00,0.0
2018-03-06 16:30:00,0.0
2018-03-06 16:45:00,0.0
2018-03-06 17:00:00,0.0
2018-03-06 17:15:00,0.0
2018-03-06 17:30:00,0.0
2018-03-06 17:45:00,0.0
2018-03-06 18:00:00,0.0
2018-03-06 18:15:00,0.0
2018-03-06 18:30:00,0.0
2018-03-06 18:45:00,0.0
2018-03-06 19:00:00,0.0
2018-03-06 19:15:00,0.0
2018-03-06 19:30:00,0.0
2018-03-06 19:45:00,0.0
2018-03-06 20:00:00,0.0
2018-03-06 20:15:00,0.0
2018-03-06 20:30:00,0.0
2018-03-06 20:45:00,0.0
2018-03-06 21:00:00,0.0
2018-03-06 21:15:00,0.0
2018-03-06 21:30:00,0.0
2018-03-06 21:45:00,0.0
2018-03-06 22:00:00,0.0
2018-03-06 22:15:00,0.0
2018-03-06 22:30:00,0.0
2018-03-06 22:45:00,0.0
2018-03-06 23:00:00,0.0
2018-03-06 23:15:00,0.0
2018-03-06 23:30:00,0.0
2018-03-06 23:45:00,0.0
2018-03-07 00:00:00,0.0
2018-03-07 00:15:00,0.0
2018-03-07 00:30:00,0.0
2018-03-07 00:45:00,0.0
2018-03-07 01:00:00,0.0
2018-03-07 01:15:00,0.0
2018-03-07 01:30:00,0.0
2018-03-07 01:45:00,0.0
2018-03-07 02:00:00,0.0
2018-03-07 02:15:00,0.0
2018-03-07 02:30:00,0.0
2018-03-07 02:45:00,0.0
2018-03-07 03:00:00,0.0
2018-03-07 03:15:00,0.0
2018-03-07 03:30:00,0.0
2018-03-07 03:45:00,0.0
2018-03-07 04:00:00,0.0
2018-03-07 04:15:00,0.0
2018-03-07 04:30:00,0.0
2018-03-07 04:45:00,0.0
2018-03-07 05:00:00,0.0
2018-03-07 05:15:00,0.0
2018-03-07 05:30:00,0.0
2018-03-07 05:45:00,0.0
2018-03-07 06:00:00,0.0
2018-03-07 06:15:00,0.0
2018-03-07 06:30:00,0.0
2018-03-07 06:45:00,0.0
2018-03-07 07:00:00,0.0
2018-03-07 07:15:00,0.0
2018-03-07 07:30:00,0.0
2018-03-07 07:45:00,0.0
2018-03-07 08:00:00,0.0
2018-03-07 08:15:00,0.0
2018-03-07 08:30:00,0.0
2018-03-07 08:45:00,0.0
2018-03-07 09:00:00,0.0
2018-03-07 09:15:00,0.0
2018-03-07 09:30:00,0.0
2018-03-07 09:45:00,0.0
2018-03-07 10:00:00,0.0
2018-03-07 10:15:00,0.0
2018-03-07 10:30:00,0.0
2018-03-07 10:45:00,0.0
2018-03-07 11:00:00,0.0
2018-03-07 11:15:00,0.0
2018-03-07 11:30:00,0.0
2018-03-07 11:45:00,0.0
2018-03-07 12:00:00,0.0
2018-03-07 12:15:00,0.0
2018-03-07 12:30:00,0.0
2018-03-07 12:45:00,0.0
2018-03-07 13:00:00,0.0
2018-03-07 13:15:00,0.0
2018-03-07 13:30:00,0.0
2018-03-07 13:45:00,0.0
2018-03-07 14:00:00,0.0
2018-03-07 14:15:00,0.0
2018-03-07 14:30:00,0.0
2018-03-07 14:45:00,0.0
2018-03-07 15:00:00,0.0
2018-03-07 15:15:00,0.0
2018-03-07 15:30:00,0.0
2018-03-07 15:45:00,0.0
2018-03-07 16:00:00,0.0
2018-03-07 16:15:00,0.0
2018-03-07 16:30:00,0.0
2018-03-07 16:45:00,0.0
2018-03-07 17:00:00,0.0
2018-03-07 17:15:00,0.0
2018-03-07 17:30:00,0.0
2018-03-07 17:45:00,0.0
2018-03-07 18:00:00,0.0
2018-03-07 18:15:00,0.0
2018-03-07 18:30:00,0.0
2018-03-07 18:45:00,0.0
2018-03-07 19:00:00,0.0
2018-03-07 19:15:00,0.0
2018-03-07 19:30:00,0.0
2018-03-07 19:45:00,0.0
2018-03-07 20:00:00,0.0
2018-03-07 20:15:00,0.0
2018-03-07 20:30:00,0.0
2018-03-07 20:45:00,0.0
2018-03-07 21:00:00,0.0
2018-03-07 21:15:00,0.0
2018-03-07 21:30:00,0.0
2018-03-07 21:45:00,0.0
2018-03-07 22:00:00,0.0
2018-03-07 22:15:00,0.0
2018-03-07 22:30:00,0.0
2018-03-07 22:45:00,0.0
2018-03-07 23:00:00,0.0
2018-03-07 23:15:00,0.0
2018-03-07 23:30:00,0.0
2018-03-07 23:45:00,0.0
2018-03-08 00:00:00,0.0
2018-03-08 00:15:00,0.0
2018-03-08 00:30:00,0.0
2018-03-08 00:45:00,0.0
2018-03-08 01:00:00,0.0
2018-03-08 01:15:00,0.0
2018-03-08 01:30:00,0.0
2018-03-08 01:45:00,0.0
2018-03-08 02:00:00,0.0
2018-03-08 02:15:00,0.0
2018-03-08 02:30:00,0.0
2018-03-08 02:45:00,0.0
2018-03-08 03:00:00,0.0
2018-03-08 03:15:00,0.0
2018-03-08 03:30:00,0.0
2018-03-08 03:45:00,0.0
2018-03-08 04:00:00,0.0
2018-03-08 04:15:00,0.0
2018-03-08 04:30:00,0.0
2018-03-08 04:45:00,0.0
2018-03-08 05:00:00,0.0
2018-03-08 05:15:00,0.0
2018-03-08 05:30:00,0.0
2018-03-08 05:45:00,0.0
2018-03-08 06:00:00,0.0
2018-03-08 06:15:00,0.0
2018-03-08 06:30:00,0.0
2018-03-08 06:45:00,0.0
2018-03-08 07:00:00,0.0
2018-03-08 07:15:00,0.0
2018-03-08 07:30:00,0.0
2018-03-08 07:45:00,0.0
2018-03-08 08:00:00,0.0
2018-03-08 08:15:00,0.0
2018-03-08 08:30:00,0.0
2018-03-08 08:45:00,0.0
2018-03-08 09:00:00,0.0
2018-03-08 09:15:00,0.0
2018-03-08 09:30:00,0.0
2018-03-08 09:45:00,0.0
2018-03-08 10:00:00,0.0
2018-03-08 10:15:00,0.0
2018-03-08 10:30:00,0.0
2018-03-08 10:45:00,0.0
2018-03-08 11:00:00,0.0
2018-03-08 11:15:00,0.0
2018-03-08 11:30:00,0.0
2018-03-08 11:45:00,0.0
2018-03-08 12:00:00,0.0
2018-03-08 12:15:00,0.0
2018-03-08 12:30:00,0.0
2018-03-08 12:45:00,0.0
2018-03-08 13:00:00,0.0
2018-03-08 13:15:00,0.0
2018-03-08 13:30:00,0.0
2018-03-08 13:45:00,0.0
2018-03-08 14:00:00,0.0
2018-03-08 14:15:00,0.0
2018-03-08 14:30:00,0.0
2018-03-08 14:45:00,0.0
2018-03-08 15:00:00,0.0
2018-03-08 15:15:00,0.0
2018-03-08 15:30:00,0.0
2018-03-08 15:45:00,0.0
2018-03-08 16:00:00,0.0
2018-03-08 16:15:00,0.0
2018-03-08 16:30:00,0.0
2018-03-08 16:45:00,0.0
2018-03-08 17:00:00,0.0
2018-03-08 17:15:00,0.0
2018-03-08 17:30:00,0.0
2018-03-08 17:45:00,0.0
2018-03-08 18:00:00,0.0
2018-03-08 18:15:00,0.0
2018-03-08 18:30:00,0.0
2018-03-08 18:45:00,0.0
2018-03-08 19:00:00,0.0
2018-03-08 19:15:00,0.0
2018-03-08 19:30:00,0.0
2018-03-08 19:45:00,0.0
2018-03-08 20:00:00,0.0
2018-03-08 20:15:00,0.0
2018-03-08 20:30:00,0.0
2018-03-08 20:45:00,0.0
2018-03-08 21:00:00,0.0
2018-03-08 21:15:00,0.0
2018-03-08 21:30:00,0.0
2018-03-08 21:45:00,0.0
2018-03-08 22:00:00,0.0
2018-03-08 22:15:00,0.0
2018-03-08 22:30:00,0.0
2018-03-08 22:45:00,0.0
2018-03-08 23:00:00,0.0
2018-03-08 23:15:00,0.0
2018-03-08 23:30:00,0.0
2018-03-08 23:45:00,0.0
2018-03-09 00:00:00,0.0
2018-03-09 00:15:00,0.0
2018-03-09 00:30:00,0.0
2018-03-09 00:45:00,0.0
2018-03-09 01:00:00,0.0
2018-03-09 01:15:00,0.0
2018-03-09 01:30:00,0.0
2018-03-09 01:45:00,0.0
2018-03-09 02:00:00,0.0
2018-03-09 02:15:00,0.0
2018-03-09 02:30:00,0.0
2018-03-09 02:45:00,0.0
2018-03-09 03:00:00,0.0
2018-03-09 03:15:00,0.0
2018-03-09 03:30:00,0.0
2018-03-09 03:45:00,0.0
2018-03-09 04:00:00,0.0
2018-03-09 04:15:00,0.0
2018-03-09 04:30:00,0.0
2018-03-09 04:45:00,0.0
2018-03-09 05:00:00,0.0
2018-03-09 05:15:00,0.0
2018-03-09 05:30:00,0.0
2018-03-09 05:45:00,0.0
2018-03-09 06:00:00,0.0
2018-03-09 06:15:00,0.0
2018-03-09 06:30:00,0.0
2018-03-09 06:45:00,0.0
2018-03-09 07:00:00,0.0
2018-03-09 07:15:00,0.0
2018-03-09 07:30:00,0.0
2018-03-09 07:45:00,0.0
2018-03-09 08:00:00,0.0
2018-03-09 08:15:00,0.0
2018-03-09 08:30:00,0.0
2018-03-09 08:45:00,0.0
2018-03-09 09:00:00,0.0
2018-03-09 09:15:00,0.0
2018-03-09 09:30:00,0.0
2018-03-09 09:45:00,0.0
2018-03-09 10:00:00,0.0
2018-03-09 10:15:00,0.0
2018-03-09 10:30:00,0.0
2018-03-09 10:45:00,0.0
2018-03-09 11:00:00,0.0
2018-03-09 11:15:00,0.0
2018-03-09 11:30:00,0.0
2018-03-09 11:45:00,0.0
2018-03-09 12:00:00,0.0
2018-03-09 12:15:00,0.0
2018-03-09 12:30:00,0.0
2018-03-09 12:45:00,0.0
2018-03-09 13:00:00,0.0
2018-03-09 13:15:00,0.0
2018-03-09 13:30:00,0.0
2018-03-09 13:45:00,0.0
2018-03-09 14:00:00,0.0
2018-03-09 14:15:00,0.0
2018-03-09 14:30:00,0.0
2018-03-09 14:45:00,0.0
2018-03-09 15:00:00,0.0
2018-03-09 15:15:00,0.0
2018-03-09 15:30:00,0.0
2018-03-09 15:45:00,0.0
2018-03-09 16:00:00,0.0
2018-03-09 16:15:00,0.0
2018-03-09 16:30:00,0.0
2018-03-09 16:45:00,0.0
2018-03-09 17:00:00,0.0
2018-03-09 17:15:00,0.0
2018-03-09 17:30:00,0.0
2018-03-09 17:45:00,0.0
2018-03-09 18:00:00,0.0
2018-03-09 18:15:00,0.0
2018-03-09 18:30:00,0.0
2018-03-09 18:45:00,0.0
2018-03-09 19:00:00,0.0
2018-03-09 19:15:00,0.0
2018-03-09 19:30:00,0.0
2018-03-09 19:45:00,0.0
2018-03-09 20:00:00,0.0
2018-03-09 20:15:00,0.0
2018-03-09 20:30:00,0.0
2018-03-09 20:45:00,0.0
2018-03-09 21:00:00,0.0
2018-03-09 21:15:00,0.0
2018-03-09 21:30:00,0.0
2018-03-09 21:45:00,0.0
2018-03-09 22:00:00,0.0
2018-03-09 22:15:00,0.0
2018-03-09 22:30:00,0.0
2018-03-09 22:45:00,0.0
2018-03-09 23:00:00,0.0
2018-03-09 23:15:00,0.0
2018-03-09 23:30:00,0.0
2018-03-09 23:45:00,0.0
2018-03-10 00:00:00,0.0
2018-03-10 00:15:00,0.0
2018-03-10 00:30:00,0.0
2018-03-10 00:45:00,0.0
2018-03-10 01:00:00,0.0
2018-03-10 01:15:00,0.0
2018-03-10 01:30:00,0.0
2018-03-10 01:45:00,0.0
2018-03-10 02:00:00,0.0
2018-03-10 02:15:00,0.0
2018-03-10 02:30:00,0.0
2018-03-10 02:45:00,0.0
2018-03-10 03:00:00,0.0
2018-03-10 03:15:00,0.0
2018-03-10 03:30:00,0.0
2018-03-10 03:45:00,0.0
2018-03-10 04:00:00,0.0
2018-03-10 04:15:00,0.0
2018-03-10 04:30:00,0.0
2018-03-10 04:45:00,0.0
2018-03-10 05:00:00,0.0
2018-03-10 05:15:00,0.0
2018-03-10 05:30:00,0.0
2018-03-10 05:45:00,0.0
2018-03-10 06:00:00,0.0
2018-03-10 06:15:00,0.0
2018-03-10 06:30:00,0.0
2018-03-10 06:45:00,0.0
2018-03-10 07:00:00,0.0
2018-03-10 07:15:00,0.0
2018-03-10 07:30:00,0.0
2018-03-10 07:45:00,0.0
2018-03-10 08:00:00,0.0
2018-03-10 08:15:00,0.0
2018-03-10 08:30:00,0.0
2018-03-10 08:45:00,0.0
2018-03-10 09:00:00,0.0
2018-03-10 09:15:00,0.0
2018-03-10 09:30:00,0.0
2018-03-10 09:45:00,0.0
2018-03-10 10:00:00,0.0
2018-03-10 10:15:00,0.0
2018-03-10 10:30:00,0.0
2018-03-10 10:45:00,0.0
2018-03-10 11:00:00,0.0
2018-03-10 11:15:00,0.0
2018-03-10 11:30:00,0.0
2018-03-10 11:45:00,0.0
2018-03-10 12:00:00,0.0
2018-03-10 12:15:00,0.0
2018-03-10 12:30:00,0.0
2018-03-10 12:45:00,0.0
2018-03-10 13:00:00,0.0
2018-03-10 13:15:00,0.0
2018-03-10 13:30:00,0.0
2018-03-10 13:45:00,0.0
2018-03-10 14:00:00,0.0
2018-03-10 14:15:00,0.0
2018-03-10 14:30:00,0.0
2018-03-10 14:45:00,0.0
2018-03-10 15:00:00,0.0
2018-03-10 15:15:00,0.0
2018-03-10 15:30:00,0.0
2018-03-10 15:45:00,0.0
2018-03-10 16:00:00,0.0
2018-03-10 16:15:00,0.0
2018-03-10 16:30:00,0.0
2018-03-10 16:45:00,0.0
2018-03-10 17:00:00,0.0
2018-03-10 17:15:00,0.0
2018-03-10 17:30:00,0.0
2018-03-10 17:45:00,0.0
2018-03-10 18:00:00,0.0
2018-03-10 18:15:00,0.0
2018-03-10 18:30:00,0.0
2018-03-10 18:45:00,0.0
2018-03-10 19:00:00,0.0
2018-03-10 19:15:00,0.0
2018-03-10 19:30:00,0.0
2018-03-10 19:45:00,0.0
2018-03-10 20:00:00,0.0
2018-03-10 20:15:00,0.0
2018-03-10 20:30:00,0.0
2018-03-10 20:45:00,0.0
2018-03-10 21:00:00,0.0
2018-03-10 21:15:00,0.0
2018-03-10 21:30:00,0.0
2018-03-10 21:45:00,0.0
2018-03-10 22:00:00,0.0
2018-03-10 22:15:00,0.0
2018-03-10 22:30:00,0.0
2018-03-10 22:45:00,0.0
2018-03-10 23:00:00,0.0
2018-03-10 23:15:00,0.0
2018-03-10 23:30:00,0.0
2018-03-10 23:45:00,0.0
2018-03-11 00:00:00,0.0
2018-03-11 00:15:00,0.0
2018-03-11 00:30:00,0.0
2018-03-11 00:45:00,0.0
2018-03-11 01:00:00,0.0
2018-03-11 01:15:00,0.0
2018-03-11 01:30:00,0.0
2018-03-11 01:45:00,0.0
2018-03-11 02:00:00,0.0
2018-03-11 02:15:00,0.0
2018-03-11 02:30:00,0.0
2018-03-11 02:45:00,0.0
2018-03-11 03:00:00,0.0
2018-03-11 03:15:00,0.0
2018-03-11 03:30:00,0.0
2018-03-11 03:45:00,0.0
2018-03-11 04:00:00,0.0
2018-03-11 04:15:00,0.0
2018-03-11 04:30:00,0.0
2018-03-11 04:45:00,0.0
2018-03-11 05:00:00,0.0
2018-03-11 05:15:00,0.0
2018-03-11 05:30:00,0.0
2018-03-11 05:45:00,0.0
2018-03-11 06:00:00,0.0
2018-03-11 06:15:00,0.0
2018-03-11 06:30:00,0.0
2018-03-11 06:45:00,0.0
2018-03-11 07:00:00,0.0
2018-03-11 07:15:00,0.0
2018-03-11 07:30:00,0.0
2018-03-11 07:45:00,0.0
2018-03-11 08:00:00,0.0
2018-03-11 08:15:00,0.0
2018-03-11 08:30:00,0.0
2018-03-11 08:45:00,0.0
2018-03-11 09:00:00,0.0
2018-03-11 09:15:00,0.0
2018-03-11 09:30:00,0.0
2018-03-11 09:45:00,0.0
2018-03-11 10:00:00,0.0
2018-03-11 10:15:00,0.0
2018-03-11 10:30:00,0.0
2018-03-11 10:45:00,0.0
2018-03-11 11:00:00,0.0
2018-03-11 11:15:00,0.0
2018-03-11 11:30:00,0.0
2018-03-11 11:45:00,0.0
2018-03-11 12:00:00,0.0
2018-03-11 12:15:00,0.0
2018-03-11 12:30:00,0.0
2018-03-11 12:45:00,0.0
2018-03-11 13:00:00,0.0
2018-03-11 13:15:00,0.0
2018-03-11 13:30:00,0.0
2018-03-11 13:45:00,0.0
2018-03-11 14:00:00,0.0
2018-03-11 14:15:00,0.0
2018-03-11 14:30:00,0.0
2018-03-11 14:45:00,0.0
2018-03-11 15:00:00,0.0
2018-03-11 15:15:00,0.0
2018-03-11 15:30:00,0.0
2018-03-11 15:45:00,0.0
2018-03-11 16:00:00,0.0
2018-03-11 16:15:00,0.0
2018-03-11 16:30:00,0.0
2018-03-11 16:45:00,0.0
2018-03-11 17:00:00,0.0
2018-03-11 17:15:00,0.0
2018-03-11 17:30:00,0.0
2018-03-11 17:45:00,0.0
2018-03-11 18:00:00,0.0
2018-03-11 18:15:00,0.0
2018-03-11 18:30:00,0.0
2018-03-11 18:45:00,0.0
2018-03-11 19:00:00,0.0
2018-03-11 19:15:00,0.0
2018-03-11 19:30:00,0.0
2018-03-11 19:45:00,0.0
2018-03-11 20:00:00,0.0
2018-03-11 20:15:00,0.0
2018-03-11 20:30:00,0.0
2018-03-11 20:45:00,0.0
2018-03-11 21:00:00,0.0
2018-03-11 21:15:00,0.0
2018-03-11 21:30:00,0.0
2018-03-11 21:45:00,0.0
2018-03-11 22:00:00,0.0
2018-03-11 22:15:00,0.0
2018-03-11 22:30:00,0.0
2018-03-11 22:45:00,0.0
2018-03-11 23:00:00,0.0
2018-03-11 23:15:00,0.0
2018-03-11 23:30:00,0.0
2018-03-11 23:45:00,0.0
2018-03-12 00:00:00,0.0
2018-03-12 00:15:00,0.0
2018-03-12 00:30:00,0.0
2018-03-12 00:45:00,0.0
2018-03-12 01:00:00,0.0
2018-03-12 01:15:00,0.0
2018-03-12 01:30:00,0.0
2018-03-12 01:45:00,0.0
2018-03-12 02:00:00,0.0
2018-03-12 02:15:00,0.0
2018-03-12 02:30:00,0.0
2018-03-12 02:45:00,0.0
2018-03-12 03:00:00,0.0
2018-03-12 03:15:00,0.0
2018-03-12 03:30:00,0.0
2018-03-12 03:45:00,0.0
2018-03-12 04:00:00,0.0
2018-03-12 04:15:00,0.0
2018-03-12 04:30:00,0.0
2018-03-12 04:45:00,0.0
2018-03-12 05:00:00,0.0
2018-03-12 05:15:00,0.0
2018-03-12 05:30:00,0.0
2018-03-12 05:45:00,0.0
2018-03-12 06:00:00,0.0
2018-03-12 06:15:00,0.0
2018-03-12 06:30:00,0.0
2018-03-12 06:45:00,0.0
2018-03-12 07:00:00,0.0
2018-03-12 07:15:00,0.0
2018-03-12 07:30:00,0.0
2018-03-12 07:45:00,0.0
2018-03-12 08:00:00,0.0
2018-03-12 08:15:00,0.0
2018-03-12 08:30:00,0.0
2018-03-12 08:45:00,0.0
2018-03-12 09:00:00,0.0
2018-03-12 09:15:00,0.0
2018-03-12 09:30:00,0.0
2018-03-12 09:45:00,0.0
2018-03-12 10:00:00,0.0
2018-03-12 10:15:00,0.0
2018-03-12 10:30:00,0.0
2018-03-12 10:45:00,0.0
2018-03-12 11:00:00,0.0
2018-03-12 11:15:00,0.0
2018-03-12 11:30:00,0.0
2018-03-12 11:45:00,0.0
2018-03-12 12:00:00,0.0
2018-03-12 12:15:00,0.0
2018-03-12 12:30:00,0.0
2018-03-12 12:45:00,0.0
2018-03-12 13:00:00,0.0
2018-03-12 13:15:00,0.0
2018-03-12 13:30:00,0.0
2018-03-12 13:45:00,0.0
2018-03-12 14:00:00,0.0
2018-03-12 14:15:00,0.0
2018-03-12 14:30:00,0.0
2018-03-12 14:45:00,0.0
2018-03-12 15:00:00,0.0
2018-03-12 15:15:00,0.0
2018-03-12 15:30:00,0.0
2018-03-12 15:45:00,0.0
2018-03-12 16:00:00,0.0
2018-03-12 16:15:00,0.0
2018-03-12 16:30:00,0.0
2018-03-12 16:45:00,0.0
2018-03-12 17:00:00,0.0
2018-03-12 17:15:00,0.0
2018-03-12 17:30:00,0.0
2018-03-12 17:45:00,0.0
2018-03-12 18:00:00,0.0
2018-03-12 18:15:00,0.0
2018-03-12 18:30:00,0.0
2018-03-12 18:45:00,0.0
2018-03-12 19:00:00,0.0
2018-03-12 19:15:00,0.0
2018-03-12 19:30:00,0.0
2018-03-12 19:45:00,0.0
2018-03-12 20:00:00,0.0
2018-03-12 20:15:00,0.0
2018-03-12 20:30:00,0.0
2018-03-12 20:45:00,0.0
2018-03-12 21:00:00,0.0
2018-03-12 21:15:00,0.0
2018-03-12 21:30:00,0.0
2018-03-12 21:45:00,0.0
2018-03-12 22:00:00,0.0
2018-03-12 22:15:00,0.0
2018-03-12 22:30:00,0.0
2018-03-12 22:45:00,0.0
2018-03-12 23:00:00,0.0
2018-03-12 23:15:00,0.0
2018-03-12 23:30:00,0.0
2018-03-12 23:45:00,0.0
2018-03-13 00:00:00,0.0
2018-03-13 00:15:00,0.0
2018-03-13 00:30:00,0.0
2018-03-13 00:45:00,0.0
2018-03-13 01:00:00,0.0
2018-03-13 01:15:00,0.0
2018-03-13 01:30:00,0.0
2018-03-13 01:45:00,0.0
2018-03-13 02:00:00,0.0
2018-03-13 02:15:00,0.0
2018-03-13 02:30:00,0.0
2018-03-13 02:45:00,0.0
2018-03-13 03:00:00,0.0
2018-03-13 03:15:00,0.0
2018-03-13 03:30:00,0.0
2018-03-13 03:45:00,0.0
2018-03-13 04:00:00,0.0
2018-03-13 04:15:00,0.0
2018-03-13 04:30:00,0.0
2018-03-13 04:45:00,0.0
2018-03-13 05:00:00,0.0
2018-03-13 05:15:00,0.0
2018-03-13 05:30:00,0.0
2018-03-13 05:45:00,0.0
2018-03-13 06:00:00,0.0
2018-03-13 06:15:00,0.0
2018-03-13 06:30:00,0.0
2018-03-13 06:45:00,0.0
2018-03-13 07:00:00,0.0
2018-03-13 07:15:00,0.0
2018-03-13 07:30:00,0.0
2018-03-13 07:45:00,0.0
2018-03-13 08:00:00,0.0
2018-03-13 08:15:00,0.0
2018-03-13 08:30:00,0.0
2018-03-13 08:45:00,0.0
2018-03-13 09:00:00,0.0
2018-03-13 09:15:00,0.0
2018-03-13 09:30:00,0.0
2018-03-13 09:45:00,0.0
2018-03-13 10:00:00,0.0
2018-03-13 10:15:00,0.0
2018-03-13 10:30:00,0.0
2018-03-13 10:45:00,0.0
2018-03-13 11:00:00,0.0
2018-03-13 11:15:00,0.0
2018-03-13 11:30:00,0.0
2018-03-13 11:45:00,0.0
2018-03-13 12:00:00,0.0
2018-03-13 12:15:00,0.0
2018-03-13 12:30:00,0.0
2018-03-13 12:45:00,0.0
2018-03-13 13:00:00,0.0
2018-03-13 13:15:00,0.0
2018-03-13 13:30:00,0.0
2018-03-13 13:45:00,0.0
2018-03-13 14:00:00,0.0
2018-03-13 14:15:00,0.0
2018-03-13 14:30:00,0.0
2018-03-13 14:45:00,0.0
2018-03-13 15:00:00,0.0
2018-03-13 15:15:00,0.0
2018-03-13 15:30:00,0.0
2018-03-13 15:45:00,0.0
2018-03-13 16:00:00,0.0
2018-03-13 16:15:00,0.0
2018-03-13 16:30:00,0.0
2018-03-13 16:45:00,0.0
2018-03-13 17:00:00,0.0
2018-03-13 17:15:00,0.0
2018-03-13 17:30:00,0.0
2018-03-13 17:45:00,0.0
2018-03-13 18:00:00,0.0
2018-03-13 18:15:00,0.0
2018-03-13 18:30:00,0.0
2018-03-13 18:45:00,0.0
2018-03-13 19:00:00,0.0
2018-03-13 19:15:00,0.0
2018-03-13 19:30:00,0.0
2018-03-13 19:45:00,0.0
2018-03-13 20:00:00,0.0
2018-03-13 20:15:00,0.0
2018-03-13 20:30:00,0.0
2018-03-13 20:45:00,0.0
2018-03-13 21:00:00,0.0
2018-03-13 21:15:00,0.0
2018-03-13 21:30:00,0.0
2018-03-13 21:45:00,0.0
2018-03-13 22:00:00,0.0
2018-03-13 22:15:00,0.0
2018-03-13 22:30:00,0.0
2018-03-13 22:45:00,0.0
2018-03-13 23:00:00,0.0
2018-03-13 23:15:00,0.0
2018-03-13 23:30:00,0.0
2018-03-13 23:45:00,0.0
2018-03-14 00:00:00,0.0
2018-03-14 00:15:00,0.0
2018-03-14 00:30:00,0.0
2018-03-14 00:45:00,0.0
2018-03-14 01:00:00,0.0
2018-03-14 01:15:00,0.0
2018-03-14 01:30:00,0.0
2018-03-14 01:45:00,0.0
2018-03-14 02:00:00,0.0
2018-03-14 02:15:00,0.0
2018-03-14 02:30:00,0.0
2018-03-14 02:45:00,0.0
2018-03-14 03:00:00,0.0
2018-03-14 03:15:00,0.0
2018-03-14 03:30:00,0.0
2018-03-14 03:45:00,0.0
2018-03-14 04:00:00,0.0
2018-03-14 04:15:00,0.0
2018-03-14 04:30:00,0.0
2018-03-14 04:45:00,0.0
2018-03-14 05:00:00,0.0
2018-03-14 05:15:00,0.0
2018-03-14 05:30:00,0.0
2018-03-14 05:45:00,0.0
2018-03-14 06:00:00,0.0
2018-03-14 06:15:00,0.0
2018-03-14 06:30:00,0.0
2018-03-14 06:45:00,0.0
2018-03-14 07:00:00,0.0
2018-03-14 07:15:00,0.0
2018-03-14 07:30:00,0.0
2018-03-14 07:45:00,0.0
2018-03-14 08:00:00,0.0
2018-03-14 08:15:00,0.0
2018-03-14 08:30:00,0.0
2018-03-14 08:45:00,0.0
2018-03-14 09:00:00,0.0
2018-03-14 09:15:00,0.0
2018-03-14 09:30:00,0.0
2018-03-14 09:45:00,0.0
2018-03-14 10:00:00,0.0
2018-03-14 10:15:00,0.0
2018-03-14 10:30:00,0.0
2018-03-14 10:45:00,0.0
2018-03-14 11:00:00,0.0
2018-03-14 11:15:00,0.0
2018-03-14 11:30:00,0.0
2018-03-14 11:45:00,0.0
2018-03-14 12:00:00,0.0
2018-03-14 12:15:00,0.0
2018-03-14 12:30:00,0.0
2018-03-14 12:45:00,0.0
2018-03-14 13:00:00,0.0
2018-03-14 13:15:00,0.0
2018-03-14 13:30:00,0.0
2018-03-14 13:45:00,0.0
2018-03-14 14:00:00,0.0
2018-03-14 14:15:00,0.0
2018-03-14 14:30:00,0.0
2018-03-14 14:45:00,0.0
2018-03-14 15:00:00,0.0
2018-03-14 15:15:00,0.0
2018-03-14 15:30:00,0.0
2018-03-14 15:45:00,0.0
2018-03-14 16:00:00,0.0
2018-03-14 16:15:00,0.0
2018-03-14 16:30:00,0.0
2018-03-14 16:45:00,0.0
2018-03-14 17:00:00,0.0
2018-03-14 17:15:00,0.0
2018-03-14 17:30:00,0.0
2018-03-14 17:45:00,0.0
2018-03-14 18:00:00,0.0
2018-03-14 18:15:00,0.0
2018-03-14 18:30:00,0.0
2018-03-14 18:45:00,0.0
2018-03-14 19:00:00,0.0
2018-03-14 19:15:00,0.0
2018-03-14 19:30:00,0.0
2018-03-14 19:45:00,0.0
2018-03-14 20:00:00,0.0
2018-03-14 20:15:00,0.0
2018-03-14 20:30:00,0.0
2018-03-14 20:45:00,0.0
2018-03-14 21:00:00,0.0
2018-03-14 21:15:00,0.0
2018-03-14 21:30:00,0.0
2018-03-14 21:45:00,0.0
2018-03-14 22:00:00,0.0
2018-03-14 22:15:00,0.0
2018-03-14 22:30:00,0.0
2018-03-14 22:45:00,0.0
2018-03-14 23:00:00,0.0
2018-03-14 23:15:00,0.0
2018-03-14 23:30:00,0.0
2018-03-14 23:45:00,0.0
2018-03-15 00:00:00,0.0
2018-03-15 00:15:00,0.0
2018-03-15 00:30:00,0.0
2018-03-15 00:45:00,0.0
2018-03-15 01:00:00,0.0
2018-03-15 01:15:00,0.0
2018-03-15 01:30:00,0.0
2018-03-15 01:45:00,0.0
2018-03-15 02:00:00,0.0
2018-03-15 02:15:00,0.0
2018-03-15 02:30:00,0.0
2018-03-15 02:45:00,0.0
2018-03-15 03:00:00,0.0
2018-03-15 03:15:00,0.0
2018-03-15 03:30:00,0.0
2018-03-15 03:45:00,0.0
2018-03-15 04:00:00,0.0
2018-03-15 04:15:00,0.0
2018-03-15 04:30:00,0.0
2018-03-15 04:45:00,0.0
2018-03-15 05:00:00,0.0
2018-03-15 05:15:00,0.0
2018-03-15 05:30:00,0.0
2018-03-15 05:45:00,0.0
2018-03-15 06:00:00,0.0
2018-03-15 06:15:00,0.0
2018-03-15 06:30:00,0.0
2018-03-15 06:45:00,0.0
2018-03-15 07:00:00,0.0
2018-03-15 07:15:00,0.0
2018-03-15 07:30:00,0.0
2018-03-15 07:45:00,0.0
2018-03-15 08:00:00,0.0
2018-03-15 08:15:00,0.0
2018-03-15 08:30:00,0.0
2018-03-15 08:45:00,0.0
2018-03-15 09:00:00,0.0
2018-03-15 09:15:00,0.0
2018-03-15 09:30:00,0.0
2018-03-15 09:45:00,0.0
2018-03-15 10:00:00,0.0
2018-03-15 10:15:00,0.0
2018-03-15 10:30:00,0.0
2018-03-15 10:45:00,0.0
2018-03-15 11:00:00,0.0
2018-03-15 11:15:00,0.0
2018-03-15 11:30:00,0.0
2018-03-15 11:45:00,0.0
2018-03-15 12:00:00,0.0
2018-03-15 12:15:00,0.0
2018-03-15 12:30:00,0.0
2018-03-15 12:45:00,0.0
2018-03-15 13:00:00,0.0
2018-03-15 13:15:00,0.0
2018-03-15 13:30:00,0.0
2018-03-15 13:45:00,0.0
2018-03-15 14:00:00,0.0
2018-03-15 14:15:00,0.0
2018-03-15 14:30:00,0.0
2018-03-15 14:45:00,0.0
2018-03-15 15:00:00,0.0
2018-03-15 15:15:00,0.0
2018-03-15 15:30:00,0.0
2018-03-15 15:45:00,0.0
2018-03-15 16:00:00,0.0
2018-03-15 16:15:00,0.0
2018-03-15 16:30:00,0.0
2018-03-15 16:45:00,0.0
2018-03-15 17:00:00,0.0
2018-03-15 17:15:00,0.0
2018-03-15 17:30:00,0.0
2018-03-15 17:45:00,0.0
2018-03-15 18:00:00,0.0
2018-03-15 18:15:00,0.0
2018-03-15 18:30:00,0.0
2018-03-15 18:45:00,0.0
2018-03-15 19:00:00,0.0
2018-03-15 19:15:00,0.0
2018-03-15 19:30:00,0.0
2018-03-15 19:45:00,0.0
2018-03-15 20:00:00,0.0
2018-03-15 20:15:00,0.0
2018-03-15 20:30:00,0.0
2018-03-15 20:45:00,0.0
2018-03-15 21:00:00,0.0
2018-03-15 21:15:00,0.0
2018-03-15 21:30:00,0.0
2018-03-15 21:45:00,0.0
2018-03-15 22:00:00,0.0
2018-03-15 22:15:00,0.0
2018-03-15 22:30:00,0.0
2018-03-15 22:45:00,0.0
2018-03-15 23:00:00,0.0
2018-03-15 23:15:00,0.0
2018-03-15 23:30:00,0.0
2018-03-15 23:45:00,0.0
2018-03-16 00:00:00,0.0
2018-03-16 00:15:00,0.0
2018-03-16 00:30:00,0.0
2018-03-16 00:45:00,0.0
2018-03-16 01:00:00,0.0
2018-03-16 01:15:00,0.0
2018-03-16 01:30:00,0.0
2018-03-16 01:45:00,0.0
2018-03-16 02:00:00,0.0
2018-03-16 02:15:00,0.0
2018-03-16 02:30:00,0.0
2018-03-16 02:45:00,0.0
2018-03-16 03:00:00,0.0
2018-03-16 03:15:00,0.0
2018-03-16 03:30:00,0.0
2018-03-16 03:45:00,0.0
2018-03-16 04:00:00,0.0
2018-03-16 04:15:00,0.0
2018-03-16 04:30:00,0.0
2018-03-16 04:45:00,0.0
2018-03-16 05:00:00,0.0
2018-03-16 05:15:00,0.0
2018-03-16 05:30:00,0.0
2018-03-16 05:45:00,0.0
2018-03-16 06:00:00,0.0
2018-03-16 06:15:00,0.0
2018-03-16 06:30:00,0.0
2018-03-16 06:45:00,0.0
2018-03-16 07:00:00,0.0
2018-03-16 07:15:00,0.0
2018-03-16 07:30:00,0.0
2018-03-16 07:45:00,0.0
2018-03-16 08:00:00,0.0
2018-03-16 08:15:00,0.0
2018-03-16 08:30:00,0.0
2018-03-16 08:45:00,0.0
2018-03-16 09:00:00,0.0
2018-03-16 09:15:00,0.0
2018-03-16 09:30:00,0.0
2018-03-16 09:45:00,0.0
2018-03-16 10:00:00,0.0
2018-03-16 10:15:00,0.0
2018-03-16 10:30:00,0.0
2018-03-16 10:45:00,0.0
2018-03-16 11:00:00,0.0
2018-03-16 11:15:00,0.0
2018-03-16 11:30:00,0.0
2018-03-16 11:45:00,0.0
2018-03-16 12:00:00,0.0
2018-03-16 12:15:00,0.0
2018-03-16 12:30:00,0.0
2018-03-16 12:45:00,0.0
2018-03-16 13:00:00,0.0
2018-03-16 13:15:00,0.0
2018-03-16 13:30:00,0.0
2018-03-16 13:45:00,0.0
2018-03-16 14:00:00,0.0
2018-03-16 14:15:00,0.0
2018-03-16 14:30:00,0.0
2018-03-16 14:45:00,0.0
2018-03-16 15:00:00,0.0
2018-03-16 15:15:00,0.0
2018-03-16 15:30:00,0.0
2018-03-16 15:45:00,0.0
2018-03-16 16:00:00,0.0
2018-03-16 16:15:00,0.0
2018-03-16 16:30:00,0.0
2018-03-16 16:45:00,0.0
2018-03-16 17:00:00,0.0
2018-03-16 17:15:00,0.0
2018-03-16 17:30:00,0.0
2018-03-16 17:45:00,0.0
2018-03-16 18:00:00,0.0
2018-03-16 18:15:00,0.0
2018-03-16 18:30:00,0.0
2018-03-16 18:45:00,0.0
2018-03-16 19:00:00,0.0
2018-03-16 19:15:00,0.0
2018-03-16 19:30:00,0.0
2018-03-16 19:45:00,0.0
2018-03-16 20:00:00,0.0
2018-03-16 20:15:00,0.0
2018-03-16 20:30:00,0.0
2018-03-16 20:45:00,0.0
2018-03-16 21:00:00,0.0
2018-03-16 21:15:00,0.0
2018-03-16 21:30:00,0.0
2018-03-16 21:45:00,0.0
2018-03-16 22:00:00,0.0
2018-03-16 22:15:00,0.0
2018-03-16 22:30:00,0.0
2018-03-16 22:45:00,0.0
2018-03-16 23:00:00,0.0
2018-03-16 23:15:00,0.0
2018-03-16 23:30:00,0.0
2018-03-16 23:45:00,0.0
2018-03-17 00:00:00,0.0
2018-03-17 00:15:00,0.0
2018-03-17 00:30:00,0.0
2018-03-17 00:45:00,0.0
2018-03-17 01:00:00,0.0
2018-03-17 01:15:00,0.0
2018-03-17 01:30:00,0.0
2018-03-17 01:45:00,0.0
2018-03-17 02:00:00,0.0
2018-03-17 02:15:00,0.0
2018-03-17 02:30:00,0.0
2018-03-17 02:45:00,0.0
2018-03-17 03:00:00,0.0
2018-03-17 03:15:00,0.0
2018-03-17 03:30:00,0.0
2018-03-17 03:45:00,0.0
2018-03-17 04:00:00,0.0
2018-03-17 04:15:00,0.0
2018-03-17 04:30:00,0.0
2018-03-17 04:45:00,0.0
2018-03-17 05:00:00,0.0
2018-03-17 05:15:00,0.0
2018-03-17 05:30:00,0.0
2018-03-17 05:45:00,0.0
2018-03-17 06:00:00,0.0
2018-03-17 06:15:00,0.0
2018-03-17 06:30:00,0.0
2018-03-17 06:45:00,0.0
2018-03-17 07:00:00,0.0
2018-03-17 07:15:00,0.0
2018-03-17 07:30:00,0.0
2018-03-17 07:45:00,0.0
2018-03-17 08:00:00,0.0
2018-03-17 08:15:00,0.0
2018-03-17 08:30:00,0.0
2018-03-17 08:45:00,0.0
2018-03-17 09:00:00,0.0
2018-03-17 09:15:00,0.0
2018-03-17 09:30:00,0.0
2018-03-17 09:45:00,0.0
2018-03-17 10:00:00,0.0
2018-03-17 10:15:00,0.0
2018-03-17 10:30:00,0.0
2018-03-17 10:45:00,0.0
2018-03-17 11:00:00,0.0
2018-03-17 11:15:00,0.0
2018-03-17 11:30:00,0.0
2018-03-17 11:45:00,0.0
2018-03-17 12:00:00,0.0
2018-03-17 12:15:00,0.0
2018-03-17 12:30:00,0.0
2018-03-17 12:45:00,0.0
2018-03-17 13:00:00,0.0
2018-03-17 13:15:00,0.0
2018-03-17 13:30:00,0.0
2018-03-17 13:45:00,0.0
2018-03-17 14:00:00,0.0
2018-03-17 14:15:00,0.0
2018-03-17 14:30:00,0.0
2018-03-17 14:45:00,0.0
2018-03-17 15:00:00,0.0
2018-03-17 15:15:00,0.0
2018-03-17 15:30:00,0.0
2018-03-17 15:45:00,0.0
2018-03-17 16:00:00,0.0
2018-03-17 16:15:00,0.0
2018-03-17 16:30:00,0.0
2018-03-17 16:45:00,0.0
2018-03-17 17:00:00,0.0
2018-03-17 17:15:00,0.0
2018-03-17 17:30:00,0.0
2018-03-17 17:45:00,0.0
2018-03-17 18:00:00,0.0
2018-03-17 18:15:00,0.0
2018-03-17 18:30:00,0.0
2018-03-17 18:45:00,0.0
2018-03-17 19:00:00,0.0
2018-03-17 19:15:00,0.0
2018-03-17 19:30:00,0.0
2018-03-17 19:45:00,0.0
2018-03-17 20:00:00,0.0
2018-03-17 20:15:00,0.0
2018-03-17 20:30:00,0.0
2018-03-17 20:45:00,0.0
2018-03-17 21:00:00,0.0
2018-03-17 21:15:00,0.0
2018-03-17 21:30:00,0.0
2018-03-17 21:45:00,0.0
2018-03-17 22:00:00,0.0
2018-03-17 22:15:00,0.0
2018-03-17 22:30:00,0.0
2018-03-17 22:45:00,0.0
2018-03-17 23:00:00,0.0
2018-03-17 23:15:00,0.0
2018-03-17 23:30:00,0.0
2018-03-17 23:45:00,0.0
2018-03-18 00:00:00,0.0
2018-03-18 00:15:00,0.0
2018-03-18 00:30:00,0.0
2018-03-18 00:45:00,0.0
2018-03-18 01:00:00,0.0
2018-03-18 01:15:00,0.0
2018-03-18 01:30:00,0.0
2018-03-18 01:45:00,0.0
2018-03-18 02:00:00,0.0
2018-03-18 02:15:00,0.0
2018-03-18 02:30:00,0.0
2018-03-18 02:45:00,0.0
2018-03-18 03:00:00,0.0
2018-03-18 03:15:00,0.0
2018-03-18 03:30:00,0.0
2018-03-18 03:45:00,0.0
2018-03-18 04:00:00,0.0
2018-03-18 04:15:00,0.0
2018-03-18 04:30:00,0.0
2018-03-18 04:45:00,0.0
2018-03-18 05:00:00,0.0
2018-03-18 05:15:00,0.0
2018-03-18 05:30:00,0.0
2018-03-18 05:45:00,0.0
2018-03-18 06:00:00,0.0
2018-03-18 06:15:00,0.0
2018-03-18 06:30:00,0.0
2018-03-18 06:45:00,0.0
2018-03-18 07:00:00,0.0
2018-03-18 07:15:00,0.0
2018-03-18 07:30:00,0.0
2018-03-18 07:45:00,0.0
2018-03-18 08:00:00,0.0
2018-03-18 08:15:00,0.0
2018-03-18 08:30:00,0.0
2018-03-18 08:45:00,0.0
2018-03-18 09:00:00,0.0
2018-03-18 09:15:00,0.0
2018-03-18 09:30:00,0.0
2018-03-18 09:45:00,0.0
2018-03-18 10:00:00,0.0
2018-03-18 10:15:00,0.0
2018-03-18 10:30:00,0.0
2018-03-18 10:45:00,0.0
2018-03-18 11:00:00,0.0
2018-03-18 11:15:00,0.0
2018-03-18 11:30:00,0.0
2018-03-18 11:45:00,0.0
2018-03-18 12:00:00,0.0
2018-03-18 12:15:00,0.0
2018-03-18 12:30:00,0.0
2018-03-18 12:45:00,0.0
2018-03-18 13:00:00,0.0
2018-03-18 13:15:00,0.0
2018-03-18 13:30:00,0.0
2018-03-18 13:45:00,0.0
2018-03-18 14:00:00,0.0
2018-03-18 14:15:00,0.0
2018-03-18 14:30:00,0.0
2018-03-18 14:45:00,0.0
2018-03-18 15:00:00,0.0
2018-03-18 15:15:00,0.0
2018-03-18 15:30:00,0.0
2018-03-18 15:45:00,0.0
2018-03-18 16:00:00,0.0
2018-03-18 16:15:00,0.0
2018-03-18 16:30:00,0.0
2018-03-18 16:45:00,0.0
2018-03-18 17:00:00,0.0
2018-03-18 17:15:00,0.0
2018-03-18 17:30:00,0.0
2018-03-18 17:45:00,0.0
2018-03-18 18:00:00,0.0
2018-03-18 18:15:00,0.0
2018-03-18 18:30:00,0.0
2018-03-18 18:45:00,0.0
2018-03-18 19:00:00,0.0
2018-03-18 19:15:00,0.0
2018-03-18 19:30:00,0.0
2018-03-18 19:45:00,0.0
2018-03-18 20:00:00,0.0
2018-03-18 20:15:00,0.0
2018-03-18 20:30:00,0.0
2018-03-18 20:45:00,0.0
2018-03-18 21:00:00,0.0
2018-03-18 21:15:00,0.0
2018-03-18 21:30:00,0.0
2018-03-18 21:45:00,0.0
2018-03-18 22:00:00,0.0
2018-03-18 22:15:00,0.0
2018-03-18 22:30:00,0.0
2018-03-18 22:45:00,0.0
2018-03-18 23:00:00,0.0
2018-03-18 23:15:00,0.0
2018-03-18 23:30:00,0.0
2018-03-18 23:45:00,0.0
2018-03-19 00:00:00,0.0
2018-03-19 00:15:00,0.0
2018-03-19 00:30:00,0.0
2018-03-19 00:45:00,0.0
2018-03-19 01:00:00,0.0
2018-03-19 01:15:00,0.0
2018-03-19 01:30:00,0.0
2018-03-19 01:45:00,0.0
2018-03-19 02:00:00,0.0
2018-03-19 02:15:00,0.0
2018-03-19 02:30:00,0.0
2018-03-19 02:45:00,0.0
2018-03-19 03:00:00,0.0
2018-03-19 03:15:00,0.0
2018-03-19 03:30:00,0.0
2018-03-19 03:45:00,0.0
2018-03-19 04:00:00,0.0
2018-03-19 04:15:00,0.0
2018-03-19 04:30:00,0.0
2018-03-19 04:45:00,0.0
2018-03-19 05:00:00,0.0
2018-03-19 05:15:00,0.0
2018-03-19 05:30:00,0.0
2018-03-19 05:45:00,0.0
2018-03-19 06:00:00,0.0
2018-03-19 06:15:00,0.0
2018-03-19 06:30:00,0.0
2018-03-19 06:45:00,0.0
2018-03-19 07:00:00,0.0
2018-03-19 07:15:00,0.0
2018-03-19 07:30:00,0.0
2018-03-19 07:45:00,0.0
2018-03-19 08:00:00,0.0
2018-03-19 08:15:00,0.0
2018-03-19 08:30:00,0.0
2018-03-19 08:45:00,0.0
2018-03-19 09:00:00,0.0
2018-03-19 09:15:00,0.0
2018-03-19 09:30:00,0.0
2018-03-19 09:45:00,0.0
2018-03-19 10:00:00,0.0
2018-03-19 10:15:00,0.0
2018-03-19 10:30:00,0.0
2018-03-19 10:45:00,0.0
2018-03-19 11:00:00,0.0
2018-03-19 11:15:00,0.0
2018-03-19 11:30:00,0.0
2018-03-19 11:45:00,0.0
2018-03-19 12:00:00,0.0
2018-03-19 12:15:00,0.0
2018-03-19 12:30:00,0.0
2018-03-19 12:45:00,0.0
2018-03-19 13:00:00,0.0
2018-03-19 13:15:00,0.0
2018-03-19 13:30:00,0.0
2018-03-19 13:45:00,0.0
2018-03-19 14:00:00,0.0
2018-03-19 14:15:00,0.0
2018-03-19 14:30:00,0.0
2018-03-19 14:45:00,0.0
2018-03-19 15:00:00,0.0
2018-03-19 15:15:00,0.0
2018-03-19 15:30:00,0.0
2018-03-19 15:45:00,0.0
2018-03-19 16:00:00,0.0
2018-03-19 16:15:00,0.0
2018-03-19 16:30:00,0.0
2018-03-19 16:45:00,0.0
2018-03-19 17:00:00,0.0
2018-03-19 17:15:00,0.0
2018-03-19 17:30:00,0.0
2018-03-19 17:45:00,0.0
2018-03-19 18:00:00,0.0
2018-03-19 18:15:00,0.0
2018-03-19 18:30:00,0.0
2018-03-19 18:45:00,0.0
2018-03-19 19:00:00,0.0
2018-03-19 19:15:00,0.0
2018-03-19 19:30:00,0.0
2018-03-19 19:45:00,0.0
2018-03-19 20:00:00,0.0
2018-03-19 20:15:00,0.0
2018-03-19 20:30:00,0.0
2018-03-19 20:45:00,0.0
2018-03-19 21:00:00,0.0
2018-03-19 21:15:00,0.0
2018-03-19 21:30:00,0.0
2018-03-19 21:45:00,0.0
2018-03-19 22:00:00,0.0
2018-03-19 22:15:00,0.0
2018-03-19 22:30:00,0.0
2018-03-19 22:45:00,0.0
2018-03-19 23:00:00,0.0
2018-03-19 23:15:00,0.0
2018-03-19 23:30:00,0.0
2018-03-19 23:45:00,0.0
2018-03-20 00:00:00,0.0
2018-03-20 00:15:00,0.0
2018-03-20 00:30:00,0.0
2018-03-20 00:45:00,0.0
2018-03-20 01:00:00,0.0
2018-03-20 01:15:00,0.0
2018-03-20 01:30:00,0.0
2018-03-20 01:45:00,0.0
2018-03-20 02:00:00,0.0
2018-03-20 02:15:00,0.0
2018-03-20 02:30:00,0.0
2018-03-20 02:45:00,0.0
2018-03-20 03:00:00,0.0
2018-03-20 03:15:00,0.0
2018-03-20 03:30:00,0.0
2018-03-20 03:45:00,0.0
2018-03-20 04:00:00,0.0
2018-03-20 04:15:00,0.0
2018-03-20 04:30:00,0.0
2018-03-20 04:45:00,0.0
2018-03-20 05:00:00,0.0
2018-03-20 05:15:00,0.0
2018-03-20 05:30:00,0.0
2018-03-20 05:45:00,0.0
2018-03-20 06:00:00,0.0
2018-03-20 06:15:00,0.0
2018-03-20 06:30:00,0.0
2018-03-20 06:45:00,0.0
2018-03-20 07:00:00,0.0
2018-03-20 07:15:00,0.0
2018-03-20 07:30:00,0.0
2018-03-20 07:45:00,0.0
2018-03-20 08:00:00,0.0
2018-03-20 08:15:00,0.0
2018-03-20 08:30:00,0.0
2018-03-20 08:45:00,0.0
2018-03-20 09:00:00,0.0
2018-03-20 09:15:00,0.0
2018-03-20 09:30:00,0.0
2018-03-20 09:45:00,0.0
2018-03-20 10:00:00,0.0
2018-03-20 10:15:00,0.0
2018-03-20 10:30:00,0.0
2018-03-20 10:45:00,0.0
2018-03-20 11:00:00,0.0
2018-03-20 11:15:00,0.0
2018-03-20 11:30:00,0.0
2018-03-20 11:45:00,0.0
2018-03-20 12:00:00,0.0
2018-03-20 12:15:00,0.0
2018-03-20 12:30:00,0.0
2018-03-20 12:45:00,0.0
2018-03-20 13:00:00,0.0
2018-03-20 13:15:00,0.0
2018-03-20 13:30:00,0.0
2018-03-20 13:45:00,0.0
2018-03-20 14:00:00,0.0
2018-03-20 14:15:00,0.0
2018-03-20 14:30:00,0.0
2018-03-20 14:45:00,0.0
2018-03-20 15:00:00,0.0
2018-03-20 15:15:00,0.0
2018-03-20 15:30:00,0.0
2018-03-20 15:45:00,0.0
2018-03-20 16:00:00,0.0
2018-03-20 16:15:00,0.0
2018-03-20 16:30:00,0.0
2018-03-20 16:45:00,0.0
2018-03-20 17:00:00,0.0
2018-03-20 17:15:00,0.0
2018-03-20 17:30:00,0.0
2018-03-20 17:45:00,0.0
2018-03-20 18:00:00,0.0
2018-03-20 18:15:00,0.0
2018-03-20 18:30:00,0.0
2018-03-20 18:45:00,0.0
2018-03-20 19:00:00,0.0
2018-03-20 19:15:00,0.0
2018-03-20 19:30:00,0.0
2018-03-20 19:45:00,0.0
2018-03-20 20:00:00,0.0
2018-03-20 20:15:00,0.0
2018-03-20 20:30:00,0.0
2018-03-20 20:45:00,0.0
2018-03-20 21:00:00,0.0
2018-03-20 21:15:00,0.0
2018-03-20 21:30:00,0.0
2018-03-20 21:45:00,0.0
2018-03-20 22:00:00,0.0
2018-03-20 22:15:00,0.0
2018-03-20 22:30:00,0.0
2018-03-20 22:45:00,0.0
2018-03-20 23:00:00,0.0
2018-03-20 23:15:00,0.0
2018-03-20 23:30:00,0.0
2018-03-20 23:45:00,0.0
2018-03-21 00:00:00,0.0
2018-03-21 00:15:00,0.0
2018-03-21 00:30:00,0.0
2018-03-21 00:45:00,0.0
2018-03-21 01:00:00,0.0
2018-03-21 01:15:00,0.0
2018-03-21 01:30:00,0.0
2018-03-21 01:45:00,0.0
2018-03-21 02:00:00,0.0
2018-03-21 02:15:00,0.0
2018-03-21 02:30:00,0.0
2018-03-21 02:45:00,0.0
2018-03-21 03:00:00,0.0
2018-03-21 03:15:00,0.0
2018-03-21 03:30:00,0.0
2018-03-21 03:45:00,0.0
2018-03-21 04:00:00,0.0
2018-03-21 04:15:00,0.0
2018-03-21 04:30:00,0.0
2018-03-21 04:45:00,0.0
2018-03-21 05:00:00,0.0
2018-03-21 05:15:00,0.0
2018-03-21 05:30:00,0.0
2018-03-21 05:45:00,0.0
2018-03-21 06:00:00,0.0
2018-03-21 06:15:00,0.0
2018-03-21 06:30:00,0.0
2018-03-21 06:45:00,0.0
2018-03-21 07:00:00,0.0
2018-03-21 07:15:00,0.0
2018-03-21 07:30:00,0.0
2018-03-21 07:45:00,0.0
2018-03-21 08:00:00,0.0
2018-03-21 08:15:00,0.0
2018-03-21 08:30:00,0.0
2018-03-21 08:45:00,0.0
2018-03-21 09:00:00,0.0
2018-03-21 09:15:00,0.0
2018-03-21 09:30:00,0.0
2018-03-21 09:45:00,0.0
2018-03-21 10:00:00,0.0
2018-03-21 10:15:00,0.0
2018-03-21 10:30:00,0.0
2018-03-21 10:45:00,0.0
2018-03-21 11:00:00,0.0
2018-03-21 11:15:00,0.0
2018-03-21 11:30:00,0.0
2018-03-21 11:45:00,0.0
2018-03-21 12:00:00,0.0
2018-03-21 12:15:00,0.0
2018-03-21 12:30:00,0.0
2018-03-21 12:45:00,0.0
2018-03-21 13:00:00,0.0
2018-03-21 13:15:00,0.0
2018-03-21 13:30:00,0.0
2018-03-21 13:45:00,0.0
2018-03-21 14:00:00,0.0
2018-03-21 14:15:00,0.0
2018-03-21 14:30:00,0.0
2018-03-21 14:45:00,0.0
2018-03-21 15:00:00,0.0
2018-03-21 15:15:00,0.0
2018-03-21 15:30:00,0.0
2018-03-21 15:45:00,0.0
2018-03-21 16:00:00,0.0
2018-03-21 16:15:00,0.0
2018-03-21 16:30:00,0.0
2018-03-21 16:45:00,0.0
2018-03-21 17:00:00,0.0
2018-03-21 17:15:00,0.0
2018-03-21 17:30:00,0.0
2018-03-21 17:45:00,0.0
2018-03-21 18:00:00,0.0
2018-03-21 18:15:00,0.0
2018-03-21 18:30:00,0.0
2018-03-21 18:45:00,0.0
2018-03-21 19:00:00,0.0
2018-03-21 19:15:00,0.0
2018-03-21 19:30:00,0.0
2018-03-21 19:45:00,0.0
2018-03-21 20:00:00,0.0
2018-03-21 20:15:00,0.0
2018-03-21 20:30:00,0.0
2018-03-21 20:45:00,0.0
2018-03-21 21:00:00,0.0
2018-03-21 21:15:00,0.0
2018-03-21 21:30:00,0.0
2018-03-21 21:45:00,0.0
2018-03-21 22:00:00,0.0
2018-03-21 22:15:00,0.0
2018-03-21 22:30:00,0.0
2018-03-21 22:45:00,0.0
2018-03-21 23:00:00,0.0
2018-03-21 23:15:00,0.0
2018-03-21 23:30:00,0.0
2018-03-21 23:45:00,0.0
2018-03-22 00:00:00,0.0
2018-03-22 00:15:00,0.0
2018-03-22 00:30:00,0.0
2018-03-22 00:45:00,0.0
2018-03-22 01:00:00,0.0
2018-03-22 01:15:00,0.0
2018-03-22 01:30:00,0.0
2018-03-22 01:45:00,0.0
2018-03-22 02:00:00,0.0
2018-03-22 02:15:00,0.0
2018-03-22 02:30:00,0.0
2018-03-22 02:45:00,0.0
2018-03-22 03:00:00,0.0
2018-03-22 03:15:00,0.0
2018-03-22 03:30:00,0.0
2018-03-22 03:45:00,0.0
2018-03-22 04:00:00,0.0
2018-03-22 04:15:00,0.0
2018-03-22 04:30:00,0.0
2018-03-22 04:45:00,0.0
2018-03-22 05:00:00,0.0
2018-03-22 05:15:00,0.0
2018-03-22 05:30:00,0.0
2018-03-22 05:45:00,0.0
2018-03-22 06:00:00,0.0
2018-03-22 06:15:00,0.0
2018-03-22 06:30:00,0.0
2018-03-22 06:45:00,0.0
2018-03-22 07:00:00,0.0
2018-03-22 07:15:00,0.0
2018-03-22 07:30:00,0.0
2018-03-22 07:45:00,0.0
2018-03-22 08:00:00,0.0
2018-03-22 08:15:00,0.0
2018-03-22 08:30:00,0.0
2018-03-22 08:45:00,0.0
2018-03-22 09:00:00,0.0
2018-03-22 09:15:00,0.0
2018-03-22 09:30:00,0.0
2018-03-22 09:45:00,0.0
2018-03-22 10:00:00,0.0
2018-03-22 10:15:00,0.0
2018-03-22 10:30:00,0.0
2018-03-22 10:45:00,0.0
2018-03-22 11:00:00,0.0
2018-03-22 11:15:00,0.0
2018-03-22 11:30:00,0.0
2018-03-22 11:45:00,0.0
2018-03-22 12:00:00,0.0
2018-03-22 12:15:00,0.0
2018-03-22 12:30:00,0.0
2018-03-22 12:45:00,0.0
2018-03-22 13:00:00,0.0
2018-03-22 13:15:00,0.0
2018-03-22 13:30:00,0.0
2018-03-22 13:45:00,0.0
2018-03-22 14:00:00,0.0
2018-03-22 14:15:00,0.0
2018-03-22 14:30:00,0.0
2018-03-22 14:45:00,0.0
2018-03-22 15:00:00,0.0
2018-03-22 15:15:00,0.0
2018-03-22 15:30:00,0.0
2018-03-22 15:45:00,0.0
2018-03-22 16:00:00,0.0
2018-03-22 16:15:00,0.0
2018-03-22 16:30:00,0.0
2018-03-22 16:45:00,0.0
2018-03-22 17:00:00,0.0
2018-03-22 17:15:00,0.0
2018-03-22 17:30:00,0.0
2018-03-22 17:45:00,0.0
2018-03-22 18:00:00,0.0
2018-03-22 18:15:00,0.0
2018-03-22 18:30:00,0.0
2018-03-22 18:45:00,0.0
2018-03-22 19:00:00,0.0
2018-03-22 19:15:00,0.0
2018-03-22 19:30:00,0.0
2018-03-22 19:45:00,0.0
2018-03-22 20:00:00,0.0
2018-03-22 20:15:00,0.0
2018-03-22 20:30:00,0.0
2018-03-22 20:45:00,0.0
2018-03-22 21:00:00,0.0
2018-03-22 21:15:00,0.0
2018-03-22 21:30:00,0.0
2018-03-22 21:45:00,0.0
2018-03-22 22:00:00,0.0
2018-03-22 22:15:00,0.0
2018-03-22 22:30:00,0.0
2018-03-22 22:45:00,0.0
2018-03-22 23:00:00,0.0
2018-03-22 23:15:00,0.0
2018-03-22 23:30:00,0.0
2018-03-22 23:45:00,0.0
2018-03-23 00:00:00,0.0
2018-03-23 00:15:00,0.0
2018-03-23 00:30:00,0.0
2018-03-23 00:45:00,0.0
2018-03-23 01:00:00,0.0
2018-03-23 01:15:00,0.0
2018-03-23 01:30:00,0.0
2018-03-23 01:45:00,0.0
2018-03-23 02:00:00,0.0
2018-03-23 02:15:00,0.0
2018-03-23 02:30:00,0.0
2018-03-23 02:45:00,0.0
2018-03-23 03:00:00,0.0
2018-03-23 03:15:00,0.0
2018-03-23 03:30:00,0.0
2018-03-23 03:45:00,0.0
2018-03-23 04:00:00,0.0
2018-03-23 04:15:00,0.0
2018-03-23 04:30:00,0.0
2018-03-23 04:45:00,0.0
2018-03-23 05:00:00,0.0
2018-03-23 05:15:00,0.0
2018-03-23 05:30:00,0.0
2018-03-23 05:45:00,0.0
2018-03-23 06:00:00,0.0
2018-03-23 06:15:00,0.0
2018-03-23 06:30:00,0.0
2018-03-23 06:45:00,0.0
2018-03-23 07:00:00,0.0
2018-03-23 07:15:00,0.0
2018-03-23 07:30:00,0.0
2018-03-23 07:45:00,0.0
2018-03-23 08:00:00,0.0
2018-03-23 08:15:00,0.0
2018-03-23 08:30:00,0.0
2018-03-23 08:45:00,0.0
2018-03-23 09:00:00,0.0
2018-03-23 09:15:00,0.0
2018-03-23 09:30:00,0.0
2018-03-23 09:45:00,0.0
2018-03-23 10:00:00,0.0
2018-03-23 10:15:00,0.0
2018-03-23 10:30:00,0.0
2018-03-23 10:45:00,0.0
2018-03-23 11:00:00,0.0
2018-03-23 11:15:00,0.0
2018-03-23 11:30:00,0.0
2018-03-23 11:45:00,0.0
2018-03-23 12:00:00,0.0
2018-03-23 12:15:00,0.0
2018-03-23 12:30:00,0.0
2018-03-23 12:45:00,0.0
2018-03-23 13:00:00,0.0
2018-03-23 13:15:00,0.0
2018-03-23 13:30:00,0.0
2018-03-23 13:45:00,0.0
2018-03-23 14:00:00,0.0
2018-03-23 14:15:00,0.0
2018-03-23 14:30:00,0.0
2018-03-23 14:45:00,0.0
2018-03-23 15:00:00,0.0
2018-03-23 15:15:00,0.0
2018-03-23 15:30:00,0.0
2018-03-23 15:45:00,0.0
2018-03-23 16:00:00,0.0
2018-03-23 16:15:00,0.0
2018-03-23 16:30:00,0.0
2018-03-23 16:45:00,0.0
2018-03-23 17:00:00,0.0
2018-03-23 17:15:00,0.0
2018-03-23 17:30:00,0.0
2018-03-23 17:45:00,0.0
2018-03-23 18:00:00,0.0
2018-03-23 18:15:00,0.0
2018-03-23 18:30:00,0.0
2018-03-23 18:45:00,0.0
2018-03-23 19:00:00,0.0
2018-03-23 19:15:00,0.0
2018-03-23 19:30:00,0.0
2018-03-23 19:45:00,0.0
2018-03-23 20:00:00,0.0
2018-03-23 20:15:00,0.0
2018-03-23 20:30:00,0.0
2018-03-23 20:45:00,0.0
2018-03-23 21:00:00,0.0
2018-03-23 21:15:00,0.0
2018-03-23 21:30:00,0.0
2018-03-23 21:45:00,0.0
2018-03-23 22:00:00,0.0
2018-03-23 22:15:00,0.0
2018-03-23 22:30:00,0.0
2018-03-23 22:45:00,0.0
2018-03-23 23:00:00,0.0
2018-03-23 23:15:00,0.0
2018-03-23 23:30:00,0.0
2018-03-23 23:45:00,0.0
2018-03-24 00:00:00,0.0
2018-03-24 00:15:00,0.0
2018-03-24 00:30:00,0.0
2018-03-24 00:45:00,0.0
2018-03-24 01:00:00,0.0
2018-03-24 01:15:00,0.0
2018-03-24 01:30:00,0.0
2018-03-24 01:45:00,0.0
2018-03-24 02:00:00,0.0
2018-03-24 02:15:00,0.0
2018-03-24 02:30:00,0.0
2018-03-24 02:45:00,0.0
2018-03-24 03:00:00,0.0
2018-03-24 03:15:00,0.0
2018-03-24 03:30:00,0.0
2018-03-24 03:45:00,0.0
2018-03-24 04:00:00,0.0
2018-03-24 04:15:00,0.0
2018-03-24 04:30:00,0.0
2018-03-24 04:45:00,0.0
2018-03-24 05:00:00,0.0
2018-03-24 05:15:00,0.0
2018-03-24 05:30:00,0.0
2018-03-24 05:45:00,0.0
2018-03-24 06:00:00,0.0
2018-03-24 06:15:00,0.0
2018-03-24 06:30:00,0.0
2018-03-24 06:45:00,0.0
2018-03-24 07:00:00,0.0
2018-03-24 07:15:00,0.0
2018-03-24 07:30:00,0.0
2018-03-24 07:45:00,0.0
2018-03-24 08:00:00,0.0
2018-03-24 08:15:00,0.0
2018-03-24 08:30:00,0.0
2018-03-24 08:45:00,0.0
2018-03-24 09:00:00,0.0
2018-03-24 09:15:00,0.0
2018-03-24 09:30:00,0.0
2018-03-24 09:45:00,0.0
2018-03-24 10:00:00,0.0
2018-03-24 10:15:00,0.0
2018-03-24 10:30:00,0.0
2018-03-24 10:45:00,0.0
2018-03-24 11:00:00,0.0
2018-03-24 11:15:00,0.0
2018-03-24 11:30:00,0.0
2018-03-24 11:45:00,0.0
2018-03-24 12:00:00,0.0
2018-03-24 12:15:00,0.0
2018-03-24 12:30:00,0.0
2018-03-24 12:45:00,0.0
2018-03-24 13:00:00,0.0
2018-03-24 13:15:00,0.0
2018-03-24 13:30:00,0.0
2018-03-24 13:45:00,0.0
2018-03-24 14:00:00,0.0
2018-03-24 14:15:00,0.0
2018-03-24 14:30:00,0.0
2018-03-24 14:45:00,0.0
2018-03-24 15:00:00,0.0
2018-03-24 15:15:00,0.0
2018-03-24 15:30:00,0.0
2018-03-24 15:45:00,0.0
2018-03-24 16:00:00,0.0
2018-03-24 16:15:00,0.0
2018-03-24 16:30:00,0.0
2018-03-24 16:45:00,0.0
2018-03-24 17:00:00,0.0
2018-03-24 17:15:00,0.0
2018-03-24 17:30:00,0.0
2018-03-24 17:45:00,0.0
2018-03-24 18:00:00,0.0
2018-03-24 18:15:00,0.0
2018-03-24 18:30:00,0.0
2018-03-24 18:45:00,0.0
2018-03-24 19:00:00,0.0
2018-03-24 19:15:00,0.0
2018-03-24 19:30:00,0.0
2018-03-24 19:45:00,0.0
2018-03-24 20:00:00,0.0
2018-03-24 20:15:00,0.0
2018-03-24 20:30:00,0.0
2018-03-24 20:45:00,0.0
2018-03-24 21:00:00,0.0
2018-03-24 21:15:00,0.0
2018-03-24 21:30:00,0.0
2018-03-24 21:45:00,0.0
2018-03-24 22:00:00,0.0
2018-03-24 22:15:00,0.0
2018-03-24 22:30:00,0.0
2018-03-24 22:45:00,0.0
2018-03-24 23:00:00,0.0
2018-03-24 23:15:00,0.0
2018-03-24 23:30:00,0.0
2018-03-24 23:45:00,0.0
2018-03-25 00:00:00,0.0
2018-03-25 00:15:00,0.0
2018-03-25 00:30:00,0.0
2018-03-25 00:45:00,0.0
2018-03-25 01:00:00,0.0
2018-03-25 01:15:00,0.0
2018-03-25 01:30:00,0.0
2018-03-25 01:45:00,0.0
2018-03-25 02:00:00,0.0
2018-03-25 02:15:00,0.0
2018-03-25 02:30:00,0.0
2018-03-25 02:45:00,0.0
2018-03-25 03:00:00,0.0
2018-03-25 03:15:00,0.0
2018-03-25 03:30:00,0.0
2018-03-25 03:45:00,0.0
2018-03-25 04:00:00,0.0
2018-03-25 04:15:00,0.0
2018-03-25 04:30:00,0.0
2018-03-25 04:45:00,0.0
2018-03-25 05:00:00,0.0
2018-03-25 05:15:00,0.0
2018-03-25 05:30:00,0.0
2018-03-25 05:45:00,0.0
2018-03-25 06:00:00,0.0
2018-03-25 06:15:00,0.0
2018-03-25 06:30:00,0.0
2018-03-25 06:45:00,0.0
2018-03-25 07:00:00,0.0
2018-03-25 07:15:00,0.0
2018-03-25 07:30:00,0.0
2018-03-25 07:45:00,0.0
2018-03-25 08:00:00,0.0
2018-03-25 08:15:00,0.0
2018-03-25 08:30:00,0.0
2018-03-25 08:45:00,0.0
2018-03-25 09:00:00,0.0
2018-03-25 09:15:00,0.0
2018-03-25 09:30:00,0.0
2018-03-25 09:45:00,0.0
2018-03-25 10:00:00,0.0
2018-03-25 10:15:00,0.0
2018-03-25 10:30:00,0.0
2018-03-25 10:45:00,0.0
2018-03-25 11:00:00,0.0
2018-03-25 11:15:00,0.0
2018-03-25 11:30:00,0.0
2018-03-25 11:45:00,0.0
2018-03-25 12:00:00,0.0
2018-03-25 12:15:00,0.0
2018-03-25 12:30:00,0.0
2018-03-25 12:45:00,0.0
2018-03-25 13:00:00,0.0
2018-03-25 13:15:00,0.0
2018-03-25 13:30:00,0.0
2018-03-25 13:45:00,0.0
2018-03-25 14:00:00,0.0
2018-03-25 14:15:00,0.0
2018-03-25 14:30:00,0.0
2018-03-25 14:45:00,0.0
2018-03-25 15:00:00,0.0
2018-03-25 15:15:00,0.0
2018-03-25 15:30:00,0.0
2018-03-25 15:45:00,0.0
2018-03-25 16:00:00,0.0
2018-03-25 16:15:00,0.0
2018-03-25 16:30:00,0.0
2018-03-25 16:45:00,0.0
2018-03-25 17:00:00,0.0
2018-03-25 17:15:00,0.0
2018-03-25 17:30:00,0.0
2018-03-25 17:45:00,0.0
2018-03-25 18:00:00,0.0
2018-03-25 18:15:00,0.0
2018-03-25 18:30:00,0.0
2018-03-25 18:45:00,0.0
2018-03-25 19:00:00,0.0
2018-03-25 19:15:00,0.0
2018-03-25 19:30:00,0.0
2018-03-25 19:45:00,0.0
2018-03-25 20:00:00,0.0
2018-03-25 20:15:00,0.0
2018-03-25 20:30:00,0.0
2018-03-25 20:45:00,0.0
2018-03-25 21:00:00,0.0
2018-03-25 21:15:00,0.0
2018-03-25 21:30:00,0.0
2018-03-25 21:45:00,0.0
2018-03-25 22:00:00,0.0
2018-03-25 22:15:00,0.0
2018-03-25 22:30:00,0.0
2018-03-25 22:45:00,0.0
2018-03-25 23:00:00,0.0
2018-03-25 23:15:00,0.0
2018-03-25 23:30:00,0.0
2018-03-25 23:45:00,0.0
2018-03-26 00:00:00,0.0
2018-03-26 00:15:00,0.0
2018-03-26 00:30:00,0.0
2018-03-26 00:45:00,0.0
2018-03-26 01:00:00,0.0
2018-03-26 01:15:00,0.0
2018-03-26 01:30:00,0.0
2018-03-26 01:45:00,0.0
2018-03-26 02:00:00,0.0
2018-03-26 02:15:00,0.0
2018-03-26 02:30:00,0.0
2018-03-26 02:45:00,0.0
2018-03-26 03:00:00,0.0
2018-03-26 03:15:00,0.0
2018-03-26 03:30:00,0.0
2018-03-26 03:45:00,0.0
2018-03-26 04:00:00,0.0
2018-03-26 04:15:00,0.0
2018-03-26 04:30:00,0.0
2018-03-26 04:45:00,0.0
2018-03-26 05:00:00,0.0
2018-03-26 05:15:00,0.0
2018-03-26 05:30:00,0.0
2018-03-26 05:45:00,0.0
2018-03-26 06:00:00,0.0
2018-03-26 06:15:00,0.0
2018-03-26 06:30:00,0.0
2018-03-26 06:45:00,0.0
2018-03-26 07:00:00,0.0
2018-03-26 07:15:00,0.0
2018-03-26 07:30:00,0.0
2018-03-26 07:45:00,0.0
2018-03-26 08:00:00,0.0
2018-03-26 08:15:00,0.0
2018-03-26 08:30:00,0.0
2018-03-26 08:45:00,0.0
2018-03-26 09:00:00,0.0
2018-03-26 09:15:00,0.0
2018-03-26 09:30:00,0.0
2018-03-26 09:45:00,0.0
2018-03-26 10:00:00,0.0
2018-03-26 10:15:00,0.0
2018-03-26 10:30:00,0.0
2018-03-26 10:45:00,0.0
2018-03-26 11:00:00,0.0
2018-03-26 11:15:00,0.0
2018-03-26 11:30:00,0.0
2018-03-26 11:45:00,0.0
2018-03-26 12:00:00,0.0
2018-03-26 12:15:00,0.0
2018-03-26 12:30:00,0.0
2018-03-26 12:45:00,0.0
2018-03-26 13:00:00,0.0
2018-03-26 13:15:00,0.0
2018-03-26 13:30:00,0.0
2018-03-26 13:45:00,0.0
2018-03-26 14:00:00,0.0
2018-03-26 14:15:00,0.0
2018-03-26 14:30:00,0.0
2018-03-26 14:45:00,0.0
2018-03-26 15:00:00,0.0
2018-03-26 15:15:00,0.0
2018-03-26 15:30:00,0.0
2018-03-26 15:45:00,0.0
2018-03-26 16:00:00,0.0
2018-03-26 16:15:00,0.0
2018-03-26 16:30:00,0.0
2018-03-26 16:45:00,0.0
2018-03-26 17:00:00,0.0
2018-03-26 17:15:00,0.0
2018-03-26 17:30:00,0.0
2018-03-26 17:45:00,0.0
2018-03-26 18:00:00,0.0
2018-03-26 18:15:00,0.0
2018-03-26 18:30:00,0.0
2018-03-26 18:45:00,0.0
2018-03-26 19:00:00,0.0
2018-03-26 19:15:00,0.0
2018-03-26 19:30:00,0.0
2018-03-26 19:45:00,0.0
2018-03-26 20:00:00,0.0
2018-03-26 20:15:00,0.0
2018-03-26 20:30:00,0.0
2018-03-26 20:45:00,0.0
2018-03-26 21:00:00,0.0
2018-03-26 21:15:00,0.0
2018-03-26 21:30:00,0.0
2018-03-26 21:45:00,0.0
2018-03-26 22:00:00,0.0
2018-03-26 22:15:00,0.0
2018-03-26 22:30:00,0.0
2018-03-26 22:45:00,0.0
2018-03-26 23:00:00,0.0
2018-03-26 23:15:00,0.0
2018-03-26 23:30:00,0.0
2018-03-26 23:45:00,0.0
2018-03-27 00:00:00,0.0
2018-03-27 00:15:00,0.0
2018-03-27 00:30:00,0.0
2018-03-27 00:45:00,0.0
2018-03-27 01:00:00,0.0
2018-03-27 01:15:00,0.0
2018-03-27 01:30:00,0.0
2018-03-27 01:45:00,0.0
2018-03-27 02:00:00,0.0
2018-03-27 02:15:00,0.0
2018-03-27 02:30:00,0.0
2018-03-27 02:45:00,0.0
2018-03-27 03:00:00,0.0
2018-03-27 03:15:00,0.0
2018-03-27 03:30:00,0.0
2018-03-27 03:45:00,0.0
2018-03-27 04:00:00,0.0
2018-03-27 04:15:00,0.0
2018-03-27 04:30:00,0.0
2018-03-27 04:45:00,0.0
2018-03-27 05:00:00,0.0
2018-03-27 05:15:00,0.0
2018-03-27 05:30:00,0.0
2018-03-27 05:45:00,0.0
2018-03-27 06:00:00,0.0
2018-03-27 06:15:00,0.0
2018-03-27 06:30:00,0.0
2018-03-27 06:45:00,0.0
2018-03-27 07:00:00,0.0
2018-03-27 07:15:00,0.0
2018-03-27 07:30:00,0.0
2018-03-27 07:45:00,0.0
2018-03-27 08:00:00,0.0
2018-03-27 08:15:00,0.0
2018-03-27 08:30:00,0.0
2018-03-27 08:45:00,0.0
2018-03-27 09:00:00,0.0
2018-03-27 09:15:00,0.0
2018-03-27 09:30:00,0.0
2018-03-27 09:45:00,0.0
2018-03-27 10:00:00,0.0
2018-03-27 10:15:00,0.0
2018-03-27 10:30:00,0.0
2018-03-27 10:45:00,0.0
2018-03-27 11:00:00,0.0
2018-03-27 11:15:00,0.0
2018-03-27 11:30:00,0.0
2018-03-27 11:45:00,0.0
2018-03-27 12:00:00,0.0
2018-03-27 12:15:00,0.0
2018-03-27 12:30:00,0.0
2018-03-27 12:45:00,0.0
2018-03-27 13:00:00,0.0
2018-03-27 13:15:00,0.0
2018-03-27 13:30:00,0.0
2018-03-27 13:45:00,0.0
2018-03-27 14:00:00,0.0
2018-03-27 14:15:00,0.0
2018-03-27 14:30:00,0.0
2018-03-27 14:45:00,0.0
2018-03-27 15:00:00,0.0
2018-03-27 15:15:00,0.0
2018-03-27 15:30:00,0.0
2018-03-27 15:45:00,0.0
2018-03-27 16:00:00,0.0
2018-03-27 16:15:00,0.0
2018-03-27 16:30:00,0.0
2018-03-27 16:45:00,0.0
2018-03-27 17:00:00,0.0
2018-03-27 17:15:00,0.0
2018-03-27 17:30:00,0.0
2018-03-27 17:45:00,0.0
2018-03-27 18:00:00,0.0
2018-03-27 18:15:00,0.0
2018-03-27 18:30:00,0.0
2018-03-27 18:45:00,0.0
2018-03-27 19:00:00,0.0
2018-03-27 19:15:00,0.0
2018-03-27 19:30:00,0.0
2018-03-27 19:45:00,0.0
2018-03-27 20:00:00,0.0
2018-03-27 20:15:00,0.0
2018-03-27 20:30:00,0.0
2018-03-27 20:45:00,0.0
2018-03-27 21:00:00,0.0
2018-03-27 21:15:00,0.0
2018-03-27 21:30:00,0.0
2018-03-27 21:45:00,0.0
2018-03-27 22:00:00,0.0
2018-03-27 22:15:00,0.0
2018-03-27 22:30:00,0.0
2018-03-27 22:45:00,0.0
2018-03-27 23:00:00,0.0
2018-03-27 23:15:00,0.0
2018-03-27 23:30:00,0.0
2018-03-27 23:45:00,0.0
2018-03-28 00:00:00,0.0
2018-03-28 00:15:00,0.0
2018-03-28 00:30:00,0.0
2018-03-28 00:45:00,0.0
2018-03-28 01:00:00,0.0
2018-03-28 01:15:00,0.0
2018-03-28 01:30:00,0.0
2018-03-28 01:45:00,0.0
2018-03-28 02:00:00,0.0
2018-03-28 02:15:00,0.0
2018-03-28 02:30:00,0.0
2018-03-28 02:45:00,0.0
2018-03-28 03:00:00,0.0
2018-03-28 03:15:00,0.0
2018-03-28 03:30:00,0.0
2018-03-28 03:45:00,0.0
2018-03-28 04:00:00,0.0
2018-03-28 04:15:00,0.0
2018-03-28 04:30:00,0.0
2018-03-28 04:45:00,0.0
2018-03-28 05:00:00,0.0
2018-03-28 05:15:00,0.0
2018-03-28 05:30:00,0.0
2018-03-28 05:45:00,0.0
2018-03-28 06:00:00,0.0
2018-03-28 06:15:00,0.0
2018-03-28 06:30:00,0.0
2018-03-28 06:45:00,0.0
2018-03-28 07:00:00,0.0
2018-03-28 07:15:00,0.0
2018-03-28 07:30:00,0.0
2018-03-28 07:45:00,0.0
2018-03-28 08:00:00,0.0
2018-03-28 08:15:00,0.0
2018-03-28 08:30:00,0.0
2018-03-28 08:45:00,0.0
2018-03-28 09:00:00,0.0
2018-03-28 09:15:00,0.0
2018-03-28 09:30:00,0.0
2018-03-28 09:45:00,0.0
2018-03-28 10:00:00,0.0
2018-03-28 10:15:00,0.0
2018-03-28 10:30:00,0.0
2018-03-28 10:45:00,0.0
2018-03-28 11:00:00,0.0
2018-03-28 11:15:00,0.0
2018-03-28 11:30:00,0.0
2018-03-28 11:45:00,0.0
2018-03-28 12:00:00,0.0
2018-03-28 12:15:00,0.0
2018-03-28 12:30:00,0.0
2018-03-28 12:45:00,0.0
2018-03-28 13:00:00,0.0
2018-03-28 13:15:00,0.0
2018-03-28 13:30:00,0.0
2018-03-28 13:45:00,0.0
2018-03-28 14:00:00,0.0
2018-03-28 14:15:00,0.0
2018-03-28 14:30:00,0.0
2018-03-28 14:45:00,0.0
2018-03-28 15:00:00,0.0
2018-03-28 15:15:00,0.0
2018-03-28 15:30:00,0.0
2018-03-28 15:45:00,0.0
2018-03-28 16:00:00,0.0
2018-03-28 16:15:00,0.0
2018-03-28 16:30:00,0.0
2018-03-28 16:45:00,0.0
2018-03-28 17:00:00,0.0
2018-03-28 17:15:00,0.0
2018-03-28 17:30:00,0.0
2018-03-28 17:45:00,0.0
2018-03-28 18:00:00,0.0
2018-03-28 18:15:00,0.0
2018-03-28 18:30:00,0.0
2018-03-28 18:45:00,0.0
2018-03-28 19:00:00,0.0
2018-03-28 19:15:00,0.0
2018-03-28 19:30:00,0.0
2018-03-28 19:45:00,0.0
2018-03-28 20:00:00,0.0
2018-03-28 20:15:00,0.0
2018-03-28 20:30:00,0.0
2018-03-28 20:45:00,0.0
2018-03-28 21:00:00,0.0
2018-03-28 21:15:00,0.0
2018-03-28 21:30:00,0.0
2018-03-28 21:45:00,0.0
2018-03-28 22:00:00,0.0
2018-03-28 22:15:00,0.0
2018-03-28 22:30:00,0.0
2018-03-28 22:45:00,0.0
2018-03-28 23:00:00,0.0
2018-03-28 23:15:00,0.0
2018-03-28 23:30:00,0.0
2018-03-28 23:45:00,0.0
2018-03-29 00:00:00,0.0
2018-03-29 00:15:00,0.0
2018-03-29 00:30:00,0.0
2018-03-29 00:45:00,0.0
2018-03-29 01:00:00,0.0
2018-03-29 01:15:00,0.0
2018-03-29 01:30:00,0.0
2018-03-29 01:45:00,0.0
2018-03-29 02:00:00,0.0
2018-03-29 02:15:00,0.0
2018-03-29 02:30:00,0.0
2018-03-29 02:45:00,0.0
2018-03-29 03:00:00,0.0
2018-03-29 03:15:00,0.0
2018-03-29 03:30:00,0.0
2018-03-29 03:45:00,0.0
2018-03-29 04:00:00,0.0
2018-03-29 04:15:00,0.0
2018-03-29 04:30:00,0.0
2018-03-29 04:45:00,0.0
2018-03-29 05:00:00,0.0
2018-03-29 05:15:00,0.0
2018-03-29 05:30:00,0.0
2018-03-29 05:45:00,0.0
2018-03-29 06:00:00,0.0
2018-03-29 06:15:00,0.0
2018-03-29 06:30:00,0.0
2018-03-29 06:45:00,0.0
2018-03-29 07:00:00,0.0
2018-03-29 07:15:00,0.0
2018-03-29 07:30:00,0.0
2018-03-29 07:45:00,0.0
2018-03-29 08:00:00,0.0
2018-03-29 08:15:00,0.0
2018-03-29 08:30:00,0.0
2018-03-29 08:45:00,0.0
2018-03-29 09:00:00,0.0
2018-03-29 09:15:00,0.0
2018-03-29 09:30:00,0.0
2018-03-29 09:45:00,0.0
2018-03-29 10:00:00,0.0
2018-03-29 10:15:00,0.0
2018-03-29 10:30:00,0.0
2018-03-29 10:45:00,0.0
2018-03-29 11:00:00,0.0
2018-03-29 11:15:00,0.0
2018-03-29 11:30:00,0.0
2018-03-29 11:45:00,0.0
2018-03-29 12:00:00,0.0
2018-03-29 12:15:00,0.0
2018-03-29 12:30:00,0.0
2018-03-29 12:45:00,0.0
2018-03-29 13:00:00,0.0
2018-03-29 13:15:00,0.0
2018-03-29 13:30:00,0.0
2018-03-29 13:45:00,0.0
2018-03-29 14:00:00,0.0
2018-03-29 14:15:00,0.0
2018-03-29 14:30:00,0.0
2018-03-29 14:45:00,0.0
2018-03-29 15:00:00,0.0
2018-03-29 15:15:00,0.0
2018-03-29 15:30:00,0.0
2018-03-29 15:45:00,0.0
2018-03-29 16:00:00,0.0
2018-03-29 16:15:00,0.0
2018-03-29 16:30:00,0.0
2018-03-29 16:45:00,0.0
2018-03-29 17:00:00,0.0
2018-03-29 17:15:00,0.0
2018-03-29 17:30:00,0.0
2018-03-29 17:45:00,0.0
2018-03-29 18:00:00,0.0
2018-03-29 18:15:00,0.0
2018-03-29 18:30:00,0.0
2018-03-29 18:45:00,0.0
2018-03-29 19:00:00,0.0
2018-03-29 19:15:00,0.0
2018-03-29 19:30:00,0.0
2018-03-29 19:45:00,0.0
2018-03-29 20:00:00,0.0
2018-03-29 20:15:00,0.0
2018-03-29 20:30:00,0.0
2018-03-29 20:45:00,0.0
2018-03-29 21:00:00,0.0
2018-03-29 21:15:00,0.0
2018-03-29 21:30:00,0.0
2018-03-29 21:45:00,0.0
2018-03-29 22:00:00,0.0
2018-03-29 22:15:00,0.0
2018-03-29 22:30:00,0.0
2018-03-29 22:45:00,0.0
2018-03-29 23:00:00,0.0
2018-03-29 23:15:00,0.0
2018-03-29 23:30:00,0.0
2018-03-29 23:45:00,0.0
2018-03-30 00:00:00,0.0
2018-03-30 00:15:00,0.0
2018-03-30 00:30:00,0.0
2018-03-30 00:45:00,0.0
2018-03-30 01:00:00,0.0
2018-03-30 01:15:00,0.0
2018-03-30 01:30:00,0.0
2018-03-30 01:45:00,0.0
2018-03-30 02:00:00,0.0
2018-03-30 02:15:00,0.0
2018-03-30 02:30:00,0.0
2018-03-30 02:45:00,0.0
2018-03-30 03:00:00,0.0
2018-03-30 03:15:00,0.0
2018-03-30 03:30:00,0.0
2018-03-30 03:45:00,0.0
2018-03-30 04:00:00,0.0
2018-03-30 04:15:00,0.0
2018-03-30 04:30:00,0.0
2018-03-30 04:45:00,0.0
2018-03-30 05:00:00,0.0
2018-03-30 05:15:00,0.0
2018-03-30 05:30:00,0.0
2018-03-30 05:45:00,0.0
2018-03-30 06:00:00,0.0
2018-03-30 06:15:00,0.0
2018-03-30 06:30:00,0.0
2018-03-30 06:45:00,0.0
2018-03-30 07:00:00,0.0
2018-03-30 07:15:00,0.0
2018-03-30 07:30:00,0.0
2018-03-30 07:45:00,0.0
2018-03-30 08:00:00,0.0
2018-03-30 08:15:00,0.0
2018-03-30 08:30:00,0.0
2018-03-30 08:45:00,0.0
2018-03-30 09:00:00,0.0
2018-03-30 09:15:00,0.0
2018-03-30 09:30:00,0.0
2018-03-30 09:45:00,0.0
2018-03-30 10:00:00,0.0
2018-03-30 10:15:00,0.0
2018-03-30 10:30:00,0.0
2018-03-30 10:45:00,0.0
2018-03-30 11:00:00,0.0
2018-03-30 11:15:00,0.0
2018-03-30 11:30:00,0.0
2018-03-30 11:45:00,0.0
2018-03-30 12:00:00,0.0
2018-03-30 12:15:00,0.0
2018-03-30 12:30:00,0.0
2018-03-30 12:45:00,0.0
2018-03-30 13:00:00,0.0
2018-03-30 13:15:00,0.0
2018-03-30 13:30:00,0.0
2018-03-30 13:45:00,0.0
2018-03-30 14:00:00,0.0
2018-03-30 14:15:00,0.0
2018-03-30 14:30:00,0.0
2018-03-30 14:45:00,0.0
2018-03-30 15:00:00,0.0
2018-03-30 15:15:00,0.0
2018-03-30 15:30:00,0.0
2018-03-30 15:45:00,0.0
2018-03-30 16:00:00,0.0
2018-03-30 16:15:00,0.0
2018-03-30 16:30:00,0.0
2018-03-30 16:45:00,0.0
2018-03-30 17:00:00,0.0
2018-03-30 17:15:00,0.0
2018-03-30 17:30:00,0.0
2018-03-30 17:45:00,0.0
2018-03-30 18:00:00,0.0
2018-03-30 18:15:00,0.0
2018-03-30 18:30:00,0.0
2018-03-30 18:45:00,0.0
2018-03-30 19:00:00,0.0
2018-03-30 19:15:00,0.0
2018-03-30 19:30:00,0.0
2018-03-30 19:45:00,0.0
2018-03-30 20:00:00,0.0
2018-03-30 20:15:00,0.0
2018-03-30 20:30:00,0.0
2018-03-30 20:45:00,0.0
2018-03-30 21:00:00,0.0
2018-03-30 21:15:00,0.0
2018-03-30 21:30:00,0.0
2018-03-30 21:45:00,0.0
2018-03-30 22:00:00,0.0
2018-03-30 22:15:00,0.0
2018-03-30 22:30:00,0.0
2018-03-30 22:45:00,0.0
2018-03-30 23:00:00,0.0
2018-03-30 23:15:00,0.0
2018-03-30 23:30:00,0.0
2018-03-30 23:45:00,0.0
2018-03-31 00:00:00,0.0
2018-03-31 00:15:00,0.0
2018-03-31 00:30:00,0.0
2018-03-31 00:45:00,0.0
2018-03-31 01:00:00,0.0
2018-03-31 01:15:00,0.0
2018-03-31 01:30:00,0.0
2018-03-31 01:45:00,0.0
2018-03-31 02:00:00,0.0
2018-03-31 02:15:00,0.0
2018-03-31 02:30:00,0.0
2018-03-31 02:45:00,0.0
2018-03-31 03:00:00,0.0
2018-03-31 03:15:00,0.0
2018-03-31 03:30:00,0.0
2018-03-31 03:45:00,0.0
2018-03-31 04:00:00,0.0
2018-03-31 04:15:00,0.0
2018-03-31 04:30:00,0.0
2018-03-31 04:45:00,0.0
2018-03-31 05:00:00,0.0
2018-03-31 05:15:00,0.0
2018-03-31 05:30:00,0.0
2018-03-31 05:45:00,0.0
2018-03-31 06:00:00,0.0
2018-03-31 06:15:00,0.0
2018-03-31 06:30:00,0.0
2018-03-31 06:45:00,0.0
2018-03-31 07:00:00,0.0
2018-03-31 07:15:00,0.0
2018-03-31 07:30:00,0.0
2018-03-31 07:45:00,0.0
2018-03-31 08:00:00,0.0
2018-03-31 08:15:00,0.0
2018-03-31 08:30:00,0.0
2018-03-31 08:45:00,0.0
2018-03-31 09:00:00,0.0
2018-03-31 09:15:00,0.0
2018-03-31 09:30:00,0.0
2018-03-31 09:45:00,0.0
2018-03-31 10:00:00,0.0
2018-03-31 10:15:00,0.0
2018-03-31 10:30:00,0.0
2018-03-31 10:45:00,0.0
2018-03-31 11:00:00,0.0
2018-03-31 11:15:00,0.0
2018-03-31 11:30:00,0.0
2018-03-31 11:45:00,0.0
2018-03-31 12:00:00,0.0
2018-03-31 12:15:00,0.0
2018-03-31 12:30:00,0.0
2018-03-31 12:45:00,0.0
2018-03-31 13:00:00,0.0
2018-03-31 13:15:00,0.0
2018-03-31 13:30:00,0.0
2018-03-31 13:45:00,0.0
2018-03-31 14:00:00,0.0
2018-03-31 14:15:00,0.0
2018-03-31 14:30:00,0.0
2018-03-31 14:45:00,0.0
2018-03-31 15:00:00,0.0
2018-03-31 15:15:00,0.0
2018-03-31 15:30:00,0.0
2018-03-31 15:45:00,0.0
2018-03-31 16:00:00,0.0
2018-03-31 16:15:00,0.0
2018-03-31 16:30:00,0.0
2018-03-31 16:45:00,0.0
2018-03-31 17:00:00,0.0
2018-03-31 17:15:00,0.0
2018-03-31 17:30:00,0.0
2018-03-31 17:45:00,0.0
2018-03-31 18:00:00,0.0
2018-03-31 18:15:00,0.0
2018-03-31 18:30:00,0.0
2018-03-31 18:45:00,0.0
2018-03-31 19:00:00,0.0
2018-03-31 19:15:00,0.0
2018-03-31 19:30:00,0.0
2018-03-31 19:45:00,0.0
2018-03-31 20:00:00,0.0
2018-03-31 20:15:00,0.0
2018-03-31 20:30:00,0.0
2018-03-31 20:45:00,0.0
2018-03-31 21:00:00,0.0
2018-03-31 21:15:00,0.0
2018-03-31 21:30:00,0.0
2018-03-31 21:45:00,0.0
2018-03-31 22:00:00,0.0
2018-03-31 22:15:00,0.0
2018-03-31 22:30:00,0.0
2018-03-31 22:45:00,0.0
2018-03-31 23:00:00,0.0
2018-03-31 23:15:00,0.0
2018-03-31 23:30:00,0.0
2018-03-31 23:45:00,0.0
2018-04-01 00:00:00,0.0
2018-04-01 00:15:00,0.0
2018-04-01 00:30:00,0.0
2018-04-01 00:45:00,0.0
2018-04-01 01:00:00,0.0
2018-04-01 01:15:00,0.0
2018-04-01 01:30:00,0.0
2018-04-01 01:45:00,0.0
2018-04-01 02:00:00,0.0
2018-04-01 02:15:00,0.0
2018-04-01 02:30:00,0.0
2018-04-01 02:45:00,0.0
2018-04-01 03:00:00,0.0
2018-04-01 03:15:00,0.0
2018-04-01 03:30:00,0.0
2018-04-01 03:45:00,0.0
2018-04-01 04:00:00,0.0
2018-04-01 04:15:00,0.0
2018-04-01 04:30:00,0.0
2018-04-01 04:45:00,0.0
2018-04-01 05:00:00,0.0
2018-04-01 05:15:00,0.0
2018-04-01 05:30:00,0.0
2018-04-01 05:45:00,0.0
2018-04-01 06:00:00,0.0
2018-04-01 06:15:00,0.0
2018-04-01 06:30:00,0.0
2018-04-01 06:45:00,0.0
2018-04-01 07:00:00,0.0
2018-04-01 07:15:00,0.0
2018-04-01 07:30:00,0.0
2018-04-01 07:45:00,0.0
2018-04-01 08:00:00,0.0
2018-04-01 08:15:00,0.0
2018-04-01 08:30:00,0.0
2018-04-01 08:45:00,0.0
2018-04-01 09:00:00,0.0
2018-04-01 09:15:00,0.0
2018-04-01 09:30:00,0.0
2018-04-01 09:45:00,0.0
2018-04-01 10:00:00,0.0
2018-04-01 10:15:00,0.0
2018-04-01 10:30:00,0.0
2018-04-01 10:45:00,0.0
2018-04-01 11:00:00,0.0
2018-04-01 11:15:00,0.0
2018-04-01 11:30:00,0.0
2018-04-01 11:45:00,0.0
2018-04-01 12:00:00,0.0
2018-04-01 12:15:00,0.0
2018-04-01 12:30:00,0.0
2018-04-01 12:45:00,0.0
2018-04-01 13:00:00,0.0
2018-04-01 13:15:00,0.0
2018-04-01 13:30:00,0.0
2018-04-01 13:45:00,0.0
2018-04-01 14:00:00,0.0
2018-04-01 14:15:00,0.0
2018-04-01 14:30:00,0.0
2018-04-01 14:45:00,0.0
2018-04-01 15:00:00,0.0
2018-04-01 15:15:00,0.0
2018-04-01 15:30:00,0.0
2018-04-01 15:45:00,0.0
2018-04-01 16:00:00,0.0
2018-04-01 16:15:00,0.0
2018-04-01 16:30:00,0.0
2018-04-01 16:45:00,0.0
2018-04-01 17:00:00,0.0
2018-04-01 17:15:00,0.0
2018-04-01 17:30:00,0.0
2018-04-01 17:45:00,0.0
2018-04-01 18:00:00,0.0
2018-04-01 18:15:00,0.0
2018-04-01 18:30:00,0.0
2018-04-01 18:45:00,0.0
2018-04-01 19:00:00,0.0
2018-04-01 19:15:00,0.0
2018-04-01 19:30:00,0.0
2018-04-01 19:45:00,0.0
2018-04-01 20:00:00,0.0
2018-04-01 20:15:00,0.0
2018-04-01 20:30:00,0.0
2018-04-01 20:45:00,0.0
2018-04-01 21:00:00,0.0
2018-04-01 21:15:00,0.0
2018-04-01 21:30:00,0.0
2018-04-01 21:45:00,0.0
2018-04-01 22:00:00,0.0
2018-04-01 22:15:00,0.0
2018-04-01 22:30:00,0.0
2018-04-01 22:45:00,0.0
2018-04-01 23:00:00,0.0
2018-04-01 23:15:00,0.0
2018-04-01 23:30:00,0.0
2018-04-01 23:45:00,0.0
2018-04-02 00:00:00,0.0
2018-04-02 00:15:00,0.0
2018-04-02 00:30:00,0.0
2018-04-02 00:45:00,0.0
2018-04-02 01:00:00,0.0
2018-04-02 01:15:00,0.0
2018-04-02 01:30:00,0.0
2018-04-02 01:45:00,0.0
2018-04-02 02:00:00,0.0
2018-04-02 02:15:00,0.0
2018-04-02 02:30:00,0.0
2018-04-02 02:45:00,0.0
2018-04-02 03:00:00,0.0
2018-04-02 03:15:00,0.0
2018-04-02 03:30:00,0.0
2018-04-02 03:45:00,0.0
2018-04-02 04:00:00,0.0
2018-04-02 04:15:00,0.0
2018-04-02 04:30:00,0.0
2018-04-02 04:45:00,0.0
2018-04-02 05:00:00,0.0
2018-04-02 05:15:00,0.0
2018-04-02 05:30:00,0.0
2018-04-02 05:45:00,0.0
2018-04-02 06:00:00,0.0
2018-04-02 06:15:00,0.0
2018-04-02 06:30:00,0.0
2018-04-02 06:45:00,0.0
2018-04-02 07:00:00,0.0
2018-04-02 07:15:00,0.0
2018-04-02 07:30:00,0.0
2018-04-02 07:45:00,0.0
2018-04-02 08:00:00,0.0
2018-04-02 08:15:00,0.0
2018-04-02 08:30:00,0.0
2018-04-02 08:45:00,0.0
2018-04-02 09:00:00,0.0
2018-04-02 09:15:00,0.0
2018-04-02 09:30:00,0.0
2018-04-02 09:45:00,0.0
2018-04-02 10:00:00,0.0
2018-04-02 10:15:00,0.0
2018-04-02 10:30:00,0.0
2018-04-02 10:45:00,0.0
2018-04-02 11:00:00,0.0
2018-04-02 11:15:00,0.0
2018-04-02 11:30:00,0.0
2018-04-02 11:45:00,0.0
2018-04-02 12:00:00,0.0
2018-04-02 12:15:00,0.0
2018-04-02 12:30:00,0.0
2018-04-02 12:45:00,0.0
2018-04-02 13:00:00,0.0
2018-04-02 13:15:00,0.0
2018-04-02 13:30:00,0.0
2018-04-02 13:45:00,0.0
2018-04-02 14:00:00,0.0
2018-04-02 14:15:00,0.0
2018-04-02 14:30:00,0.0
2018-04-02 14:45:00,0.0
2018-04-02 15:00:00,0.0
2018-04-02 15:15:00,0.0
2018-04-02 15:30:00,0.0
2018-04-02 15:45:00,0.0
2018-04-02 16:00:00,0.0
2018-04-02 16:15:00,0.0
2018-04-02 16:30:00,0.0
2018-04-02 16:45:00,0.0
2018-04-02 17:00:00,0.0
2018-04-02 17:15:00,0.0
2018-04-02 17:30:00,0.0
2018-04-02 17:45:00,0.0
2018-04-02 18:00:00,0.0
2018-04-02 18:15:00,0.0
2018-04-02 18:30:00,0.0
2018-04-02 18:45:00,0.0
2018-04-02 19:00:00,0.0
2018-04-02 19:15:00,0.0
2018-04-02 19:30:00,0.0
2018-04-02 19:45:00,0.0
2018-04-02 20:00:00,0.0
2018-04-02 20:15:00,0.0
2018-04-02 20:30:00,0.0
2018-04-02 20:45:00,0.0
2018-04-02 21:00:00,0.0
2018-04-02 21:15:00,0.0
2018-04-02 21:30:00,0.0
2018-04-02 21:45:00,0.0
2018-04-02 22:00:00,0.0
2018-04-02 22:15:00,0.0
2018-04-02 22:30:00,0.0
2018-04-02 22:45:00,0.0
2018-04-02 23:00:00,0.0
2018-04-02 23:15:00,0.0
2018-04-02 23:30:00,0.0
2018-04-02 23:45:00,0.0
2018-04-03 00:00:00,0.0
2018-04-03 00:15:00,0.0
2018-04-03 00:30:00,0.0
2018-04-03 00:45:00,0.0
2018-04-03 01:00:00,0.0
2018-04-03 01:15:00,0.0
2018-04-03 01:30:00,0.0
2018-04-03 01:45:00,0.0
2018-04-03 02:00:00,0.0
2018-04-03 02:15:00,0.0
2018-04-03 02:30:00,0.0
2018-04-03 02:45:00,0.0
2018-04-03 03:00:00,0.0
2018-04-03 03:15:00,0.0
2018-04-03 03:30:00,0.0
2018-04-03 03:45:00,0.0
2018-04-03 04:00:00,0.0
2018-04-03 04:15:00,0.0
2018-04-03 04:30:00,0.0
2018-04-03 04:45:00,0.0
2018-04-03 05:00:00,0.0
2018-04-03 05:15:00,0.0
2018-04-03 05:30:00,0.0
2018-04-03 05:45:00,0.0
2018-04-03 06:00:00,0.0
2018-04-03 06:15:00,0.0
2018-04-03 06:30:00,0.0
2018-04-03 06:45:00,0.0
2018-04-03 07:00:00,0.0
2018-04-03 07:15:00,0.0
2018-04-03 07:30:00,0.0
2018-04-03 07:45:00,0.0
2018-04-03 08:00:00,0.0
2018-04-03 08:15:00,0.0
2018-04-03 08:30:00,0.0
2018-04-03 08:45:00,0.0
2018-04-03 09:00:00,0.0
2018-04-03 09:15:00,0.0
2018-04-03 09:30:00,0.0
2018-04-03 09:45:00,0.0
2018-04-03 10:00:00,0.0
2018-04-03 10:15:00,0.0
2018-04-03 10:30:00,0.0
2018-04-03 10:45:00,0.0
2018-04-03 11:00:00,0.0
2018-04-03 11:15:00,0.0
2018-04-03 11:30:00,0.0
2018-04-03 11:45:00,0.0
2018-04-03 12:00:00,0.0
2018-04-03 12:15:00,0.0
2018-04-03 12:30:00,0.0
2018-04-03 12:45:00,0.0
2018-04-03 13:00:00,0.0
2018-04-03 13:15:00,0.0
2018-04-03 13:30:00,0.0
2018-04-03 13:45:00,0.0
2018-04-03 14:00:00,0.0
2018-04-03 14:15:00,0.0
2018-04-03 14:30:00,0.0
2018-04-03 14:45:00,0.0
2018-04-03 15:00:00,0.0
2018-04-03 15:15:00,0.0
2018-04-03 15:30:00,0.0
2018-04-03 15:45:00,0.0
2018-04-03 16:00:00,0.0
2018-04-03 16:15:00,0.0
2018-04-03 16:30:00,0.0
2018-04-03 16:45:00,0.0
2018-04-03 17:00:00,0.0
2018-04-03 17:15:00,0.0
2018-04-03 17:30:00,0.0
2018-04-03 17:45:00,0.0
2018-04-03 18:00:00,0.0
2018-04-03 18:15:00,0.0
2018-04-03 18:30:00,0.0
2018-04-03 18:45:00,0.0
2018-04-03 19:00:00,0.0
2018-04-03 19:15:00,0.0
2018-04-03 19:30:00,0.0
2018-04-03 19:45:00,0.0
2018-04-03 20:00:00,0.0
2018-04-03 20:15:00,0.0
2018-04-03 20:30:00,0.0
2018-04-03 20:45:00,0.0
2018-04-03 21:00:00,0.0
2018-04-03 21:15:00,0.0
2018-04-03 21:30:00,0.0
2018-04-03 21:45:00,0.0
2018-04-03 22:00:00,0.0
2018-04-03 22:15:00,0.0
2018-04-03 22:30:00,0.0
2018-04-03 22:45:00,0.0
2018-04-03 23:00:00,0.0
2018-04-03 23:15:00,0.0
2018-04-03 23:30:00,0.0
2018-04-03 23:45:00,0.0
2018-04-04 00:00:00,0.0
2018-04-04 00:15:00,0.0
2018-04-04 00:30:00,0.0
2018-04-04 00:45:00,0.0
2018-04-04 01:00:00,0.0
2018-04-04 01:15:00,0.0
2018-04-04 01:30:00,0.0
2018-04-04 01:45:00,0.0
2018-04-04 02:00:00,0.0
2018-04-04 02:15:00,0.0
2018-04-04 02:30:00,0.0
2018-04-04 02:45:00,0.0
2018-04-04 03:00:00,0.0
2018-04-04 03:15:00,0.0
2018-04-04 03:30:00,0.0
2018-04-04 03:45:00,0.0
2018-04-04 04:00:00,0.0
2018-04-04 04:15:00,0.0
2018-04-04 04:30:00,0.0
2018-04-04 04:45:00,0.0
2018-04-04 05:00:00,0.0
2018-04-04 05:15:00,0.0
2018-04-04 05:30:00,0.0
2018-04-04 05:45:00,0.0
2018-04-04 06:00:00,0.0
2018-04-04 06:15:00,0.0
2018-04-04 06:30:00,0.0
2018-04-04 06:45:00,0.0
2018-04-04 07:00:00,0.0
2018-04-04 07:15:00,0.0
2018-04-04 07:30:00,0.0
2018-04-04 07:45:00,0.0
2018-04-04 08:00:00,0.0
2018-04-04 08:15:00,0.0
2018-04-04 08:30:00,0.0
2018-04-04 08:45:00,0.0
2018-04-04 09:00:00,0.0
2018-04-04 09:15:00,0.0
2018-04-04 09:30:00,0.0
2018-04-04 09:45:00,0.0
2018-04-04 10:00:00,0.0
2018-04-04 10:15:00,0.0
2018-04-04 10:30:00,0.0
2018-04-04 10:45:00,0.0
2018-04-04 11:00:00,0.0
2018-04-04 11:15:00,0.0
2018-04-04 11:30:00,0.0
2018-04-04 11:45:00,0.0
2018-04-04 12:00:00,0.0
2018-04-04 12:15:00,0.0
2018-04-04 12:30:00,0.0
2018-04-04 12:45:00,0.0
2018-04-04 13:00:00,0.0
2018-04-04 13:15:00,0.0
2018-04-04 13:30:00,0.0
2018-04-04 13:45:00,0.0
2018-04-04 14:00:00,0.0
2018-04-04 14:15:00,0.0
2018-04-04 14:30:00,0.0
2018-04-04 14:45:00,0.0
2018-04-04 15:00:00,0.0
2018-04-04 15:15:00,0.0
2018-04-04 15:30:00,0.0
2018-04-04 15:45:00,0.0
2018-04-04 16:00:00,0.0
2018-04-04 16:15:00,0.0
2018-04-04 16:30:00,0.0
2018-04-04 16:45:00,0.0
2018-04-04 17:00:00,0.0
2018-04-04 17:15:00,0.0
2018-04-04 17:30:00,0.0
2018-04-04 17:45:00,0.0
2018-04-04 18:00:00,0.0
2018-04-04 18:15:00,0.0
2018-04-04 18:30:00,0.0
2018-04-04 18:45:00,0.0
2018-04-04 19:00:00,0.0
2018-04-04 19:15:00,0.0
2018-04-04 19:30:00,0.0
2018-04-04 19:45:00,0.0
2018-04-04 20:00:00,0.0
2018-04-04 20:15:00,0.0
2018-04-04 20:30:00,0.0
2018-04-04 20:45:00,0.0
2018-04-04 21:00:00,0.0
2018-04-04 21:15:00,0.0
2018-04-04 21:33:00,0.0
2018-04-04 21:45:00,0.0
2018-04-04 22:00:00,0.0
2018-04-04 22:15:00,0.0
2018-04-04 22:30:00,0.0
2018-04-04 22:45:00,0.0
2018-04-04 23:00:00,0.0
2018-04-04 23:15:00,0.0
2018-04-04 23:30:00,0.0
2018-04-04 23:45:00,0.0
2018-04-05 00:00:00,0.0
2018-04-05 00:15:00,0.0
2018-04-05 00:30:00,0.0
2018-04-05 00:45:00,0.0
2018-04-05 01:00:00,0.0
2018-04-05 01:15:00,0.0
2018-04-05 01:30:00,0.0
2018-04-05 01:45:00,0.0
2018-04-05 02:00:00,0.0
2018-04-05 02:15:00,0.0
2018-04-05 02:30:00,0.0
2018-04-05 02:45:00,0.0
2018-04-05 03:00:00,0.0
2018-04-05 03:15:00,0.0
2018-04-05 03:30:00,0.0
2018-04-05 03:45:00,0.0
2018-04-05 04:00:00,0.0
2018-04-05 04:15:00,0.0
2018-04-05 04:30:00,0.0
2018-04-05 04:45:00,0.0
2018-04-05 05:00:00,0.0
2018-04-05 05:15:00,0.0
2018-04-05 05:30:00,0.0
2018-04-05 05:45:00,0.0
2018-04-05 06:00:00,0.0
2018-04-05 06:15:00,0.0
2018-04-05 06:30:00,0.0
2018-04-05 06:45:00,0.0
2018-04-05 07:00:00,0.0
2018-04-05 07:15:00,0.0
2018-04-05 07:30:00,0.0
2018-04-05 07:45:00,0.0
2018-04-05 08:00:00,0.0
2018-04-05 08:15:00,0.0
2018-04-05 08:30:00,0.0
2018-04-05 08:45:00,0.0
2018-04-05 09:00:00,0.0
2018-04-05 09:15:00,0.0
2018-04-05 09:30:00,0.0
2018-04-05 09:45:00,0.0
2018-04-05 10:00:00,0.0
2018-04-05 10:15:00,0.0
2018-04-05 10:30:00,0.0
2018-04-05 10:45:00,0.0
2018-04-05 11:00:00,0.0
2018-04-05 11:15:00,0.0
2018-04-05 11:30:00,0.0
2018-04-05 11:45:00,0.0
2018-04-05 12:00:00,0.0
2018-04-05 12:15:00,0.0
2018-04-05 12:30:00,0.0
2018-04-05 12:45:00,0.0
2018-04-05 13:00:00,0.0
2018-04-05 13:15:00,0.0
2018-04-05 13:30:00,0.0
2018-04-05 13:45:00,0.0
2018-04-05 14:00:00,0.0
2018-04-05 14:15:00,0.0
2018-04-05 14:30:00,0.0
2018-04-05 14:45:00,0.0
2018-04-05 15:00:00,0.0
2018-04-05 15:15:00,0.0
2018-04-05 15:30:00,0.0
2018-04-05 15:45:00,0.0
2018-04-05 16:00:00,0.0
2018-04-05 16:15:00,0.0
2018-04-05 16:30:00,0.0
2018-04-05 16:45:00,0.0
2018-04-05 17:00:00,0.0
2018-04-05 17:15:00,0.0
2018-04-05 17:30:00,0.0
2018-04-05 17:45:00,0.0
2018-04-05 18:00:00,0.0
2018-04-05 18:15:00,0.0
2018-04-05 18:30:00,0.0
2018-04-05 18:45:00,0.0
2018-04-05 19:00:00,0.0
2018-04-05 19:15:00,0.0
2018-04-05 19:30:00,0.0
2018-04-05 19:45:00,0.0
2018-04-05 20:00:00,0.0
2018-04-05 20:15:00,0.0
2018-04-05 20:30:00,0.0
2018-04-05 20:45:00,0.0
2018-04-05 21:00:00,0.0
2018-04-05 21:15:00,0.0
2018-04-05 21:30:00,0.0
2018-04-05 21:45:00,0.0
2018-04-05 22:00:00,0.0
2018-04-05 22:15:00,0.0
2018-04-05 22:30:00,0.0
2018-04-05 22:45:00,0.0
2018-04-05 23:00:00,0.0
2018-04-05 23:15:00,0.0
2018-04-05 23:30:00,0.0
2018-04-05 23:45:00,0.0
2018-04-06 00:00:00,0.0
2018-04-06 00:15:00,0.0
2018-04-06 00:30:00,0.0
2018-04-06 00:45:00,0.0
2018-04-06 01:00:00,0.0
2018-04-06 01:15:00,0.0
2018-04-06 01:30:00,0.0
2018-04-06 01:45:00,0.0
2018-04-06 02:00:00,0.0
2018-04-06 02:15:00,0.0
2018-04-06 02:30:00,0.0
2018-04-06 02:45:00,0.0
2018-04-06 03:00:00,0.0
2018-04-06 03:15:00,0.0
2018-04-06 03:30:00,0.0
2018-04-06 03:45:00,0.0
2018-04-06 04:00:00,0.0
2018-04-06 04:15:00,0.0
2018-04-06 04:30:00,0.0
2018-04-06 04:45:00,0.0
2018-04-06 05:00:00,0.0
2018-04-06 05:15:00,0.0
2018-04-06 05:30:00,0.0
2018-04-06 05:45:00,0.0
2018-04-06 06:00:00,0.0
2018-04-06 06:15:00,0.0
2018-04-06 06:30:00,0.0
2018-04-06 06:45:00,0.0
2018-04-06 07:00:00,0.0
2018-04-06 07:15:00,0.0
2018-04-06 07:30:00,0.0
2018-04-06 07:45:00,0.0
2018-04-06 08:00:00,0.0
2018-04-06 08:15:00,0.0
2018-04-06 08:30:00,0.0
2018-04-06 08:45:00,0.0
2018-04-06 09:00:00,0.0
2018-04-06 09:15:00,0.0
2018-04-06 09:30:00,0.0
2018-04-06 09:45:00,0.0
2018-04-06 10:00:00,0.0
2018-04-06 10:15:00,0.0
2018-04-06 10:30:00,0.0
2018-04-06 10:45:00,0.0
2018-04-06 11:00:00,0.0
2018-04-06 11:15:00,0.0
2018-04-06 11:30:00,0.0
2018-04-06 11:45:00,0.0
2018-04-06 12:00:00,0.0
2018-04-06 12:15:00,0.0
2018-04-06 12:30:00,0.0
2018-04-06 12:45:00,0.0
2018-04-06 13:00:00,0.0
2018-04-06 13:15:00,0.0
2018-04-06 13:30:00,0.0
2018-04-06 13:45:00,0.0
2018-04-06 14:00:00,0.0
2018-04-06 14:15:00,0.0
2018-04-06 14:30:00,0.0
2018-04-06 14:45:00,0.0
2018-04-06 15:00:00,0.0
2018-04-06 15:15:00,0.0
2018-04-06 15:30:00,0.0
2018-04-06 15:45:00,0.0
2018-04-06 16:00:00,0.0
2018-04-06 16:15:00,0.0
2018-04-06 16:30:00,0.0
2018-04-06 16:45:00,0.0
2018-04-06 17:00:00,0.0
2018-04-06 17:15:00,0.0
2018-04-06 17:30:00,0.0
2018-04-06 17:45:00,0.0
2018-04-06 18:00:00,0.0
2018-04-06 18:15:00,0.0
2018-04-06 18:30:00,0.0
2018-04-06 18:45:00,0.0
2018-04-06 19:00:00,0.0
2018-04-06 19:15:00,0.0
2018-04-06 19:30:00,0.0
2018-04-06 19:45:00,0.0
2018-04-06 20:00:00,0.0
2018-04-06 20:15:00,0.0
2018-04-06 20:30:00,0.0
2018-04-06 20:45:00,0.0
2018-04-06 21:00:00,0.0
2018-04-06 21:15:00,0.0
2018-04-06 21:30:00,0.0
2018-04-06 21:45:00,0.0
2018-04-06 22:00:00,0.0
2018-04-06 22:15:00,0.0
2018-04-06 22:30:00,0.0
2018-04-06 22:45:00,0.0
2018-04-06 23:00:00,0.0
2018-04-06 23:15:00,0.0
2018-04-06 23:30:00,0.0
2018-04-06 23:45:00,0.0
2018-04-07 00:00:00,0.0
2018-04-07 00:15:00,0.0
2018-04-07 00:30:00,0.0
2018-04-07 00:45:00,0.0
2018-04-07 01:00:00,0.0
2018-04-07 01:15:00,0.0
2018-04-07 01:30:00,0.0
2018-04-07 01:45:00,0.0
2018-04-07 02:00:00,0.0
2018-04-07 02:15:00,0.0
2018-04-07 02:30:00,0.0
2018-04-07 02:45:00,0.0
2018-04-07 03:00:00,0.0
2018-04-07 03:15:00,0.0
2018-04-07 03:30:00,0.0
2018-04-07 03:45:00,0.0
2018-04-07 04:00:00,0.0
2018-04-07 04:15:00,0.0
2018-04-07 04:30:00,0.0
2018-04-07 04:45:00,0.0
2018-04-07 05:00:00,0.0
2018-04-07 05:15:00,0.0
2018-04-07 05:30:00,0.0
2018-04-07 05:45:00,0.0
2018-04-07 06:00:00,0.0
2018-04-07 06:15:00,0.0
2018-04-07 06:30:00,0.0
2018-04-07 06:45:00,0.0
2018-04-07 07:00:00,0.0
2018-04-07 07:15:00,0.0
2018-04-07 07:30:00,0.0
2018-04-07 07:45:00,0.0
2018-04-07 08:00:00,0.0
2018-04-07 08:15:00,0.0
2018-04-07 08:30:00,0.0
2018-04-07 08:45:00,0.0
2018-04-07 09:00:00,0.0
2018-04-07 09:15:00,0.0
2018-04-07 09:30:00,0.0
2018-04-07 09:45:00,0.0
2018-04-07 10:00:00,0.0
2018-04-07 10:15:00,0.0
2018-04-07 10:30:00,0.0
2018-04-07 10:45:00,0.0
2018-04-07 11:00:00,0.0
2018-04-07 11:15:00,0.0
2018-04-07 11:30:00,0.0
2018-04-07 11:45:00,0.0
2018-04-07 12:00:00,0.0
2018-04-07 12:15:00,0.0
2018-04-07 12:30:00,0.0
2018-04-07 12:45:00,0.0
2018-04-07 13:00:00,0.0
2018-04-07 13:15:00,0.0
2018-04-07 13:30:00,0.0
2018-04-07 13:45:00,0.0
2018-04-07 14:00:00,0.0
2018-04-07 14:15:00,0.0
2018-04-07 14:30:00,0.0
2018-04-07 14:45:00,0.0
2018-04-07 15:00:00,0.0
2018-04-07 15:15:00,0.0
2018-04-07 15:30:00,0.0
2018-04-07 15:45:00,0.0
2018-04-07 16:00:00,0.0
2018-04-07 16:15:00,0.0
2018-04-07 16:30:00,0.0
2018-04-07 16:45:00,0.0
2018-04-07 17:00:00,0.0
2018-04-07 17:15:00,0.0
2018-04-07 17:30:00,0.0
2018-04-07 17:45:00,0.0
2018-04-07 18:00:00,0.0
2018-04-07 18:15:00,0.0
2018-04-07 18:30:00,0.0
2018-04-07 18:45:00,0.0
2018-04-07 19:00:00,0.0
2018-04-07 19:15:00,0.0
2018-04-07 19:30:00,0.0
2018-04-07 19:45:00,0.0
2018-04-07 20:00:00,0.0
2018-04-07 20:15:00,0.0
2018-04-07 20:30:00,0.0
2018-04-07 20:45:00,0.0
2018-04-07 21:00:00,0.0
2018-04-07 21:15:00,0.0
2018-04-07 21:30:00,0.0
2018-04-07 21:45:00,0.0
2018-04-07 22:00:00,0.0
2018-04-07 22:15:00,0.0
2018-04-07 22:30:00,0.0
2018-04-07 22:45:00,0.0
2018-04-07 23:00:00,0.0
2018-04-07 23:15:00,0.0
2018-04-07 23:30:00,0.0
2018-04-07 23:45:00,0.0
2018-04-08 00:00:00,0.0
2018-04-08 00:15:00,0.0
2018-04-08 00:30:00,0.0
2018-04-08 00:45:00,0.0
2018-04-08 01:00:00,0.0
2018-04-08 01:15:00,0.0
2018-04-08 01:30:00,0.0
2018-04-08 01:45:00,0.0
2018-04-08 02:00:00,0.0
2018-04-08 02:15:00,0.0
2018-04-08 02:30:00,0.0
2018-04-08 02:45:00,0.0
2018-04-08 03:00:00,0.0
2018-04-08 03:15:00,0.0
2018-04-08 03:30:00,0.0
2018-04-08 03:45:00,0.0
2018-04-08 04:00:00,0.0
2018-04-08 04:15:00,0.0
2018-04-08 04:30:00,0.0
2018-04-08 04:45:00,0.0
2018-04-08 05:00:00,0.0
2018-04-08 05:15:00,0.0
2018-04-08 05:30:00,0.0
2018-04-08 05:45:00,0.0
2018-04-08 06:00:00,0.0
2018-04-08 06:15:00,0.0
2018-04-08 06:30:00,0.0
2018-04-08 06:45:00,0.0
2018-04-08 07:00:00,0.0
2018-04-08 07:15:00,0.0
2018-04-08 07:30:00,0.0
2018-04-08 07:45:00,0.0
2018-04-08 08:00:00,0.0
2018-04-08 08:15:00,0.0
2018-04-08 08:30:00,0.0
2018-04-08 08:45:00,0.0
2018-04-08 09:00:00,0.0
2018-04-08 09:15:00,0.0
2018-04-08 09:30:00,0.0
2018-04-08 09:45:00,0.0
2018-04-08 10:00:00,0.0
2018-04-08 10:15:00,0.0
2018-04-08 10:30:00,0.0
2018-04-08 10:45:00,0.0
2018-04-08 11:00:00,0.0
2018-04-08 11:15:00,0.0
2018-04-08 11:30:00,0.0
2018-04-08 11:45:00,0.0
2018-04-08 12:00:00,0.0
2018-04-08 12:15:00,0.0
2018-04-08 12:30:00,0.0
2018-04-08 12:45:00,0.0
2018-04-08 13:00:00,0.0
2018-04-08 13:15:00,0.0
2018-04-08 13:30:00,0.0
2018-04-08 13:45:00,0.0
2018-04-08 14:00:00,0.0
2018-04-08 14:15:00,0.0
2018-04-08 14:30:00,0.0
2018-04-08 14:45:00,0.0
2018-04-08 15:00:00,0.0
2018-04-08 15:15:00,0.0
2018-04-08 15:30:00,0.0
2018-04-08 15:45:00,0.0
2018-04-08 16:00:00,0.0
2018-04-08 16:15:00,0.0
2018-04-08 16:30:00,0.0
2018-04-08 16:45:00,0.0
2018-04-08 17:00:00,0.0
2018-04-08 17:15:00,0.0
2018-04-08 17:30:00,0.0
2018-04-08 17:45:00,0.0
2018-04-08 18:00:00,0.0
2018-04-08 18:15:00,0.0
2018-04-08 18:30:00,0.0
2018-04-08 18:45:00,0.0
2018-04-08 19:00:00,0.0
2018-04-08 19:15:00,0.0
2018-04-08 19:30:00,0.0
2018-04-08 19:45:00,0.0
2018-04-08 20:00:00,0.0
2018-04-08 20:15:00,0.0
2018-04-08 20:30:00,0.0
2018-04-08 20:45:00,0.0
2018-04-08 21:00:00,0.0
2018-04-08 21:15:00,0.0
2018-04-08 21:30:00,0.0
2018-04-08 21:45:00,0.0
2018-04-08 22:00:00,0.0
2018-04-08 22:15:00,0.0
2018-04-08 22:30:00,0.0
2018-04-08 22:45:00,0.0
2018-04-08 23:00:00,0.0
2018-04-08 23:15:00,0.0
2018-04-08 23:30:00,0.0
2018-04-08 23:45:00,0.0
2018-04-09 00:00:00,0.0
2018-04-09 00:15:00,0.0
2018-04-09 00:30:00,0.0
2018-04-09 00:45:00,0.0
2018-04-09 01:00:00,0.0
2018-04-09 01:15:00,0.0
2018-04-09 01:30:00,0.0
2018-04-09 01:45:00,0.0
2018-04-09 02:00:00,0.0
2018-04-09 02:15:00,0.0
2018-04-09 02:30:00,0.0
2018-04-09 02:45:00,0.0
2018-04-09 03:00:00,0.0
2018-04-09 03:15:00,0.0
2018-04-09 03:30:00,0.0
2018-04-09 03:45:00,0.0
2018-04-09 04:00:00,0.0
2018-04-09 04:15:00,0.0
2018-04-09 04:30:00,0.0
2018-04-09 04:45:00,0.0
2018-04-09 05:00:00,0.0
2018-04-09 05:15:00,0.0
2018-04-09 05:30:00,0.0
2018-04-09 05:45:00,0.0
2018-04-09 06:00:00,0.0
2018-04-09 06:15:00,0.0
2018-04-09 06:30:00,0.0
2018-04-09 06:45:00,0.0
2018-04-09 07:00:00,0.0
2018-04-09 07:15:00,0.0
2018-04-09 07:30:00,0.0
2018-04-09 07:45:00,0.0
2018-04-09 08:00:00,0.0
2018-04-09 08:15:00,0.0
2018-04-09 08:30:00,0.0
2018-04-09 08:45:00,0.0
2018-04-09 09:00:00,0.0
2018-04-09 09:15:00,0.0
2018-04-09 09:30:00,0.0
2018-04-09 09:45:00,0.0
2018-04-09 10:00:00,0.0
2018-04-09 10:15:00,0.0
2018-04-09 10:30:00,0.0
2018-04-09 10:45:00,0.0
2018-04-09 11:00:00,0.0
2018-04-09 11:15:00,0.0
2018-04-09 11:30:00,0.0
2018-04-09 11:45:00,0.0
2018-04-09 12:00:00,0.0
2018-04-09 12:15:00,0.0
2018-04-09 12:30:00,0.0
2018-04-09 12:45:00,0.0
2018-04-09 13:00:00,0.0
2018-04-09 13:15:00,0.0
2018-04-09 13:30:00,0.0
2018-04-09 13:45:00,0.0
2018-04-09 14:00:00,0.0
2018-04-09 14:15:00,0.0
2018-04-09 14:30:00,0.0
2018-04-09 14:45:00,0.0
2018-04-09 15:00:00,0.0
2018-04-09 15:15:00,0.0
2018-04-09 15:30:00,0.0
2018-04-09 15:45:00,0.0
2018-04-09 16:00:00,0.0
2018-04-09 16:15:00,0.0
2018-04-09 16:30:00,0.0
2018-04-09 16:45:00,0.0
2018-04-09 17:00:00,0.0
2018-04-09 17:15:00,0.0
2018-04-09 17:30:00,0.0
2018-04-09 17:45:00,0.0
2018-04-09 18:00:00,0.0
2018-04-09 18:15:00,0.0
2018-04-09 18:30:00,0.0
2018-04-09 18:45:00,0.0
2018-04-09 19:00:00,0.0
2018-04-09 19:15:00,0.0
2018-04-09 19:30:00,0.0
2018-04-09 19:45:00,0.0
2018-04-09 20:00:00,0.0
2018-04-09 20:15:00,0.0
2018-04-09 20:30:00,0.0
2018-04-09 20:45:00,0.0
2018-04-09 21:00:00,0.0
2018-04-09 21:15:00,0.0
2018-04-09 21:30:00,0.0
2018-04-09 21:45:00,0.0
2018-04-09 22:00:00,0.0
2018-04-09 22:15:00,0.0
2018-04-09 22:30:00,0.0
2018-04-09 22:45:00,0.0
2018-04-09 23:00:00,0.0
2018-04-09 23:15:00,0.0
2018-04-09 23:30:00,0.0
2018-04-09 23:45:00,0.0
2018-04-10 00:00:00,0.0
2018-04-10 00:15:00,0.0
2018-04-10 00:30:00,0.0
2018-04-10 00:45:00,0.0
2018-04-10 01:00:00,0.0
2018-04-10 01:15:00,0.0
2018-04-10 01:30:00,0.0
2018-04-10 01:45:00,0.0
2018-04-10 02:00:00,0.0
2018-04-10 02:15:00,0.0
2018-04-10 02:30:00,0.0
2018-04-10 02:45:00,0.0
2018-04-10 03:00:00,0.0
2018-04-10 03:15:00,0.0
2018-04-10 03:30:00,0.0
2018-04-10 03:45:00,0.0
2018-04-10 04:00:00,0.0
2018-04-10 04:15:00,0.0
2018-04-10 04:30:00,0.0
2018-04-10 04:45:00,0.0
2018-04-10 05:00:00,0.0
2018-04-10 05:15:00,0.0
2018-04-10 05:30:00,0.0
2018-04-10 05:45:00,0.0
2018-04-10 06:00:00,0.0
2018-04-10 06:15:00,0.0
2018-04-10 06:30:00,0.0
2018-04-10 06:45:00,0.0
2018-04-10 07:00:00,0.0
2018-04-10 07:15:00,0.0
2018-04-10 07:30:00,0.0
2018-04-10 07:45:00,0.0
2018-04-10 08:00:00,0.0
2018-04-10 08:15:00,0.0
2018-04-10 08:30:00,0.0
2018-04-10 08:45:00,0.0
2018-04-10 09:00:00,0.0
2018-04-10 09:15:00,0.0
2018-04-10 09:30:00,0.0
2018-04-10 09:45:00,0.0
2018-04-10 10:00:00,0.0
2018-04-10 10:15:00,0.0
2018-04-10 10:30:00,0.0
2018-04-10 10:45:00,0.0
2018-04-10 11:00:00,0.0
2018-04-10 11:15:00,0.0
2018-04-10 11:30:00,0.0
2018-04-10 11:45:00,0.0
2018-04-10 12:00:00,0.0
2018-04-10 12:15:00,0.0
2018-04-10 12:30:00,0.0
2018-04-10 12:45:00,0.0
2018-04-10 13:00:00,0.0
2018-04-10 13:15:00,0.0
2018-04-10 13:30:00,0.0
2018-04-10 13:45:00,0.0
2018-04-10 14:00:00,0.0
2018-04-10 14:15:00,0.0
2018-04-10 14:30:00,0.0
2018-04-10 14:45:00,0.0
2018-04-10 15:00:00,0.0
2018-04-10 15:15:00,0.0
2018-04-10 15:30:00,138.84
2018-04-10 15:45:00,0.0
2018-04-10 16:00:00,0.0
2018-04-10 16:15:00,0.0
2018-04-10 16:30:00,0.0
2018-04-10 16:45:00,0.0
2018-04-10 17:00:00,0.0
2018-04-10 17:15:00,0.0
2018-04-10 17:30:00,0.0
2018-04-10 17:45:00,0.0
2018-04-10 18:00:00,0.0
2018-04-10 18:15:00,0.0
2018-04-10 18:30:00,0.0
2018-04-10 18:45:00,0.0
2018-04-10 19:00:00,0.0
2018-04-10 19:15:00,0.0
2018-04-10 19:30:00,0.0
2018-04-10 19:45:00,0.0
2018-04-10 20:00:00,0.0
2018-04-10 20:15:00,0.0
2018-04-10 20:30:00,0.0
2018-04-10 20:45:00,0.0
2018-04-10 21:00:00,0.0
2018-04-10 21:15:00,0.0
2018-04-10 21:30:00,0.0
2018-04-10 21:45:00,0.0
2018-04-10 22:00:00,0.0
2018-04-10 22:15:00,0.0
2018-04-10 22:30:00,0.0
2018-04-10 22:45:00,0.0
2018-04-10 23:00:00,0.0
2018-04-10 23:15:00,0.0
2018-04-10 23:30:00,0.0
2018-04-10 23:45:00,0.0
2018-04-11 00:00:00,0.0
2018-04-11 00:15:00,0.0
2018-04-11 00:30:00,0.0
2018-04-11 00:45:00,0.0
2018-04-11 01:00:00,0.0
2018-04-11 01:15:00,0.0
2018-04-11 01:30:00,0.0
2018-04-11 01:45:00,0.0
2018-04-11 02:00:00,0.0
2018-04-11 02:15:00,0.0
2018-04-11 02:30:00,0.0
2018-04-11 02:45:00,0.0
2018-04-11 03:00:00,0.0
2018-04-11 03:15:00,0.0
2018-04-11 03:30:00,0.0
2018-04-11 03:45:00,0.0
2018-04-11 04:00:00,0.0
2018-04-11 04:15:00,0.0
2018-04-11 04:30:00,0.0
2018-04-11 04:45:00,0.0
2018-04-11 05:01:00,0.0
2018-04-11 05:15:00,0.0
2018-04-11 05:30:00,0.0
2018-04-11 05:45:00,0.0
2018-04-11 06:00:00,0.0
2018-04-11 06:15:00,0.0
2018-04-11 06:30:00,0.0
2018-04-11 06:45:00,0.0
2018-04-11 07:00:00,0.0
2018-04-11 07:15:00,0.0
2018-04-11 07:30:00,0.0
2018-04-11 07:45:00,0.0
2018-04-11 08:00:00,0.0
2018-04-11 08:15:00,0.0
2018-04-11 08:30:00,0.0
2018-04-11 08:45:00,0.0
2018-04-11 09:00:00,0.0
2018-04-11 09:15:00,0.0
2018-04-11 09:30:00,0.0
2018-04-11 09:45:00,0.0
2018-04-11 10:00:00,0.0
2018-04-11 10:15:00,0.0
2018-04-11 10:30:00,0.0
2018-04-11 10:45:00,0.0
2018-04-11 11:00:00,0.0
2018-04-11 11:15:00,0.0
2018-04-11 11:30:00,0.0
2018-04-11 11:45:00,0.0
2018-04-11 12:00:00,0.0
2018-04-11 12:15:00,0.0
2018-04-11 12:30:00,0.0
2018-04-11 12:45:00,0.0
2018-04-11 13:00:00,0.0
2018-04-11 13:15:00,0.0
2018-04-11 13:30:00,0.0
2018-04-11 13:45:00,0.0
2018-04-11 14:00:00,0.0
2018-04-11 14:15:00,0.0
2018-04-11 14:30:00,0.0
2018-04-11 14:45:00,0.0
2018-04-11 15:00:00,0.0
2018-04-11 15:15:00,0.0
2018-04-11 15:30:00,0.0
2018-04-11 15:45:00,0.0
2018-04-11 16:00:00,0.0
2018-04-11 16:15:00,0.0
2018-04-11 16:30:00,0.0
2018-04-11 16:45:00,0.0
2018-04-11 17:00:00,0.0
2018-04-11 17:15:00,0.0
2018-04-11 17:30:00,0.0
2018-04-11 17:45:00,0.0
2018-04-11 18:00:00,0.0
2018-04-11 18:15:00,0.0
2018-04-11 18:30:00,0.0
2018-04-11 18:45:00,0.0
2018-04-11 19:00:00,0.0
2018-04-11 19:15:00,0.0
2018-04-11 19:30:00,0.0
2018-04-11 19:45:00,0.0
2018-04-11 20:00:00,0.0
2018-04-11 20:15:00,0.0
2018-04-11 20:30:00,0.0
2018-04-11 20:45:00,0.0
2018-04-11 21:00:00,0.0
2018-04-11 21:15:00,0.0
2018-04-11 21:30:00,0.0
2018-04-11 21:45:00,0.0
2018-04-11 22:00:00,0.0
2018-04-11 22:15:00,0.0
2018-04-11 22:30:00,0.0
2018-04-11 22:45:00,0.0
2018-04-11 23:00:00,0.0
2018-04-11 23:15:00,0.0
2018-04-11 23:30:00,0.0
2018-04-11 23:45:00,0.0
2018-04-12 00:00:00,0.0
2018-04-12 00:15:00,0.0
2018-04-12 00:30:00,0.0
2018-04-12 00:45:00,0.0
2018-04-12 01:00:00,0.0
2018-04-12 01:15:00,0.0
2018-04-12 01:30:00,0.0
2018-04-12 01:45:00,0.0
2018-04-12 02:00:00,0.0
2018-04-12 02:15:00,0.0
2018-04-12 02:30:00,0.0
2018-04-12 02:45:00,0.0
2018-04-12 03:00:00,0.0
2018-04-12 03:15:00,0.0
2018-04-12 03:30:00,0.0
2018-04-12 03:45:00,0.0
2018-04-12 04:00:00,0.0
2018-04-12 04:15:00,0.0
2018-04-12 04:30:00,0.0
2018-04-12 04:45:00,0.0
2018-04-12 05:00:00,0.0
2018-04-12 05:15:00,0.0
2018-04-12 05:30:00,0.0
2018-04-12 05:45:00,0.0
2018-04-12 06:00:00,0.0
2018-04-12 06:15:00,0.0
2018-04-12 06:30:00,0.0
2018-04-12 06:45:00,0.0
2018-04-12 07:00:00,0.0
2018-04-12 07:15:00,0.0
2018-04-12 07:30:00,0.0
2018-04-12 07:45:00,0.0
2018-04-12 08:00:00,0.0
2018-04-12 08:15:00,0.0
2018-04-12 08:30:00,0.0
2018-04-12 08:45:00,0.0
2018-04-12 09:00:00,0.0
2018-04-12 09:15:00,0.0
2018-04-12 09:30:00,0.0
2018-04-12 09:45:00,0.0
2018-04-12 10:00:00,0.0
2018-04-12 10:15:00,0.0
2018-04-12 10:30:00,0.0
2018-04-12 10:45:00,0.0
2018-04-12 11:00:00,0.0
2018-04-12 11:15:00,0.0
2018-04-12 11:30:00,0.0
2018-04-12 11:45:00,0.0
2018-04-12 12:00:00,0.0
2018-04-12 12:15:00,0.0
2018-04-12 12:30:00,0.0
2018-04-12 12:45:00,0.0
2018-04-12 13:00:00,0.0
2018-04-12 13:15:00,0.0
2018-04-12 13:30:00,0.0
2018-04-12 13:45:00,0.0
2018-04-12 14:00:00,0.0
2018-04-12 14:15:00,0.0
2018-04-12 14:30:00,0.0
2018-04-12 14:45:00,0.0
2018-04-12 15:00:00,0.0
2018-04-12 15:15:00,0.0
2018-04-12 15:30:00,0.0
2018-04-12 15:45:00,0.0
2018-04-12 16:00:00,0.0
2018-04-12 16:15:00,0.0
2018-04-12 16:30:00,0.0
2018-04-12 16:45:00,0.0
2018-04-12 17:00:00,0.0
2018-04-12 17:15:00,0.0
2018-04-12 17:30:00,0.0
2018-04-12 17:45:00,0.0
2018-04-12 18:00:00,0.0
2018-04-12 18:15:00,0.0
2018-04-12 18:30:00,0.0
2018-04-12 18:45:00,0.0
2018-04-12 19:00:00,0.0
2018-04-12 19:15:00,0.0
2018-04-12 19:30:00,0.0
2018-04-12 19:45:00,0.0
2018-04-12 20:00:00,0.0
2018-04-12 20:15:00,0.0
2018-04-12 20:30:00,0.0
2018-04-12 20:45:00,0.0
2018-04-12 21:00:00,0.0
2018-04-12 21:15:00,0.0
2018-04-12 21:30:00,0.0
2018-04-12 21:45:00,0.0
2018-04-12 22:00:00,0.0
2018-04-12 22:15:00,0.0
2018-04-12 22:30:00,0.0
2018-04-12 22:45:00,0.0
2018-04-12 23:00:00,0.0
2018-04-12 23:15:00,0.0
2018-04-12 23:30:00,0.0
2018-04-12 23:45:00,0.0
2018-04-13 00:00:00,0.0
2018-04-13 00:15:00,0.0
2018-04-13 00:30:00,0.0
2018-04-13 00:45:00,0.0
2018-04-13 01:00:00,0.0
2018-04-13 01:15:00,0.0
2018-04-13 01:30:00,0.0
2018-04-13 01:45:00,0.0
2018-04-13 02:00:00,0.0
2018-04-13 02:15:00,0.0
2018-04-13 02:30:00,0.0
2018-04-13 02:45:00,0.0
2018-04-13 03:00:00,0.0
2018-04-13 03:15:00,0.0
2018-04-13 03:30:00,0.0
2018-04-13 03:45:00,0.0
2018-04-13 04:00:00,0.0
2018-04-13 04:15:00,0.0
2018-04-13 04:30:00,0.0
2018-04-13 04:45:00,0.0
2018-04-13 05:00:00,0.0
2018-04-13 05:15:00,0.0
2018-04-13 05:30:00,0.0
2018-04-13 05:45:00,0.0
2018-04-13 06:00:00,0.0
2018-04-13 06:15:00,0.0
2018-04-13 06:30:00,0.0
2018-04-13 06:45:00,0.0
2018-04-13 07:00:00,0.0
2018-04-13 07:15:00,0.0
2018-04-13 07:30:00,0.0
2018-04-13 07:45:00,0.0
2018-04-13 08:00:00,0.0
2018-04-13 08:15:00,0.0
2018-04-13 08:30:00,0.0
2018-04-13 08:45:00,0.0
2018-04-13 09:00:00,0.0
2018-04-13 09:15:00,0.0
2018-04-13 09:30:00,0.0
2018-04-13 09:45:00,0.0
2018-04-13 10:00:00,0.0
2018-04-13 10:15:00,0.0
2018-04-13 10:30:00,0.0
2018-04-13 10:45:00,0.0
2018-04-13 11:00:00,0.0
2018-04-13 11:15:00,0.0
2018-04-13 11:30:00,0.0
2018-04-13 11:45:00,0.0
2018-04-13 12:00:00,0.0
2018-04-13 12:15:00,0.0
2018-04-13 12:30:00,0.0
2018-04-13 12:45:00,0.0
2018-04-13 13:00:00,0.0
2018-04-13 13:15:00,0.0
2018-04-13 13:30:00,0.0
2018-04-13 13:45:00,0.0
2018-04-13 14:00:00,0.0
2018-04-13 14:15:00,0.0
2018-04-13 14:30:00,0.0
2018-04-13 14:45:00,0.0
2018-04-13 15:00:00,0.0
2018-04-13 15:15:00,0.0
2018-04-13 15:30:00,0.0
2018-04-13 15:45:00,0.0
2018-04-13 16:00:00,0.0
2018-04-13 16:15:00,0.0
2018-04-13 16:30:00,0.0
2018-04-13 16:45:00,0.0
2018-04-13 17:00:00,0.0
2018-04-13 17:15:00,0.0
2018-04-13 17:30:00,0.0
2018-04-13 17:45:00,0.0
2018-04-13 18:00:00,0.0
2018-04-13 18:15:00,0.0
2018-04-13 18:30:00,0.0
2018-04-13 18:45:00,0.0
2018-04-13 19:00:00,0.0
2018-04-13 19:15:00,0.0
2018-04-13 19:30:00,0.0
2018-04-13 19:45:00,0.0
2018-04-13 20:00:00,0.0
2018-04-13 20:15:00,0.0
2018-04-13 20:30:00,0.0
2018-04-13 20:45:00,0.0
2018-04-13 21:00:00,0.0
2018-04-13 21:15:00,0.0
2018-04-13 21:30:00,0.0
2018-04-13 21:45:00,0.0
2018-04-13 22:00:00,0.0
2018-04-13 22:15:00,0.0
2018-04-13 22:30:00,0.0
2018-04-13 22:45:00,0.0
2018-04-13 23:00:00,0.0
2018-04-13 23:15:00,0.0
2018-04-13 23:30:00,0.0
2018-04-13 23:45:00,0.0
2018-04-14 00:00:00,0.0
2018-04-14 00:15:00,0.0
2018-04-14 00:30:00,0.0
2018-04-14 00:45:00,0.0
2018-04-14 01:00:00,0.0
2018-04-14 01:15:00,0.0
2018-04-14 01:30:00,0.0
2018-04-14 01:45:00,0.0
2018-04-14 02:00:00,0.0
2018-04-14 02:15:00,0.0
2018-04-14 02:30:00,0.0
2018-04-14 02:45:00,0.0
2018-04-14 03:00:00,0.0
2018-04-14 03:15:00,0.0
2018-04-14 03:30:00,0.0
2018-04-14 03:45:00,0.0
2018-04-14 04:00:00,0.0
2018-04-14 04:15:00,0.0
2018-04-14 04:30:00,0.0
2018-04-14 04:45:00,0.0
2018-04-14 05:00:00,0.0
2018-04-14 05:15:00,0.0
2018-04-14 05:30:00,0.0
2018-04-14 05:45:00,0.0
2018-04-14 06:00:00,0.0
2018-04-14 06:15:00,0.0
2018-04-14 06:30:00,0.0
2018-04-14 06:45:00,0.0
2018-04-14 07:00:00,0.0
2018-04-14 07:15:00,0.0
2018-04-14 07:30:00,0.0
2018-04-14 07:45:00,0.0
2018-04-14 08:00:00,0.0
2018-04-14 08:15:00,0.0
2018-04-14 08:30:00,0.0
2018-04-14 08:45:00,0.0
2018-04-14 09:00:00,0.0
2018-04-14 09:15:00,0.0
2018-04-14 09:30:00,0.0
2018-04-14 09:45:00,0.0
2018-04-14 10:00:00,0.0
2018-04-14 10:15:00,0.0
2018-04-14 10:30:00,0.0
2018-04-14 10:45:00,0.0
2018-04-14 11:00:00,0.0
2018-04-14 11:15:00,0.0
2018-04-14 11:30:00,0.0
2018-04-14 11:45:00,0.0
2018-04-14 12:00:00,0.0
2018-04-14 12:15:00,0.0
2018-04-14 12:30:00,0.0
2018-04-14 12:45:00,0.0
2018-04-14 13:00:00,0.0
2018-04-14 13:15:00,0.0
2018-04-14 13:30:00,0.0
2018-04-14 13:45:00,0.0
2018-04-14 14:00:00,0.0
2018-04-14 14:15:00,0.0
2018-04-14 14:30:00,0.0
2018-04-14 14:45:00,0.0
2018-04-14 15:00:00,0.0
2018-04-14 15:15:00,0.0
2018-04-14 15:30:00,0.0
2018-04-14 15:45:00,0.0
2018-04-14 16:00:00,0.0
2018-04-14 16:15:00,0.0
2018-04-14 16:30:00,0.0
2018-04-14 16:45:00,0.0
2018-04-14 17:00:00,0.0
2018-04-14 17:15:00,0.0
2018-04-14 17:30:00,0.0
2018-04-14 17:45:00,0.0
2018-04-14 18:00:00,0.0
2018-04-14 18:15:00,0.0
2018-04-14 18:30:00,0.0
2018-04-14 18:45:00,0.0
2018-04-14 19:00:00,0.0
2018-04-14 19:15:00,0.0
2018-04-14 19:30:00,0.0
2018-04-14 19:45:00,0.0
2018-04-14 20:00:00,0.0
2018-04-14 20:15:00,0.0
2018-04-14 20:30:00,0.0
2018-04-14 20:45:00,0.0
2018-04-14 21:00:00,0.0
2018-04-14 21:15:00,0.0
2018-04-14 21:30:00,0.0
2018-04-14 21:45:00,0.0
2018-04-14 22:00:00,0.0
2018-04-14 22:15:00,0.0
2018-04-14 22:30:00,0.0
2018-04-14 22:45:00,0.0
2018-04-14 23:00:00,0.0
2018-04-14 23:15:00,0.0
2018-04-14 23:30:00,0.0
2018-04-14 23:45:00,0.0
2018-04-15 00:00:00,0.0
2018-04-15 00:15:00,0.0
2018-04-15 00:30:00,0.0
2018-04-15 00:45:00,0.0
2018-04-15 01:00:00,0.0
2018-04-15 01:15:00,0.0
2018-04-15 01:30:00,0.0
2018-04-15 01:45:00,0.0
2018-04-15 02:00:00,0.0
2018-04-15 02:15:00,0.0
2018-04-15 02:30:00,0.0
2018-04-15 02:45:00,0.0
2018-04-15 03:00:00,0.0
2018-04-15 03:15:00,0.0
2018-04-15 03:30:00,0.0
2018-04-15 03:45:00,0.0
2018-04-15 04:00:00,0.0
2018-04-15 04:15:00,0.0
2018-04-15 04:30:00,0.0
2018-04-15 04:45:00,0.0
2018-04-15 05:00:00,0.0
2018-04-15 05:15:00,0.0
2018-04-15 05:30:00,0.0
2018-04-15 05:45:00,0.0
2018-04-15 06:00:00,0.0
2018-04-15 06:15:00,0.0
2018-04-15 06:30:00,0.0
2018-04-15 06:45:00,0.0
2018-04-15 07:00:00,0.0
2018-04-15 07:15:00,0.0
2018-04-15 07:30:00,0.0
2018-04-15 07:45:00,0.0
2018-04-15 08:00:00,0.0
2018-04-15 08:15:00,0.0
2018-04-15 08:30:00,0.0
2018-04-15 08:45:00,0.0
2018-04-15 09:00:00,0.0
2018-04-15 09:15:00,0.0
2018-04-15 09:30:00,0.0
2018-04-15 09:45:00,0.0
2018-04-15 10:00:00,0.0
2018-04-15 10:15:00,0.0
2018-04-15 10:30:00,0.0
2018-04-15 10:45:00,0.0
2018-04-15 11:00:00,0.0
2018-04-15 11:15:00,0.0
2018-04-15 11:30:00,0.0
2018-04-15 11:45:00,0.0
2018-04-15 12:00:00,0.0
2018-04-15 12:15:00,0.0
2018-04-15 12:30:00,0.0
2018-04-15 12:45:00,0.0
2018-04-15 13:00:00,0.0
2018-04-15 13:15:00,0.0
2018-04-15 13:30:00,0.0
2018-04-15 13:45:00,0.0
2018-04-15 14:00:00,0.0
2018-04-15 14:15:00,0.0
2018-04-15 14:30:00,0.0
2018-04-15 14:45:00,0.0
2018-04-15 15:00:00,0.0
2018-04-15 15:15:00,0.0
2018-04-15 15:30:00,0.0
2018-04-15 15:45:00,0.0
2018-04-15 16:00:00,0.0
2018-04-15 16:15:00,0.0
2018-04-15 16:30:00,0.0
2018-04-15 16:45:00,0.0
2018-04-15 17:00:00,0.0
2018-04-15 17:15:00,0.0
2018-04-15 17:30:00,0.0
2018-04-15 17:45:00,0.0
2018-04-15 18:00:00,0.0
2018-04-15 18:15:00,0.0
2018-04-15 18:30:00,0.0
2018-04-15 18:45:00,0.0
2018-04-15 19:00:00,0.0
2018-04-15 19:15:00,0.0
2018-04-15 19:30:00,0.0
2018-04-15 19:45:00,0.0
2018-04-15 20:00:00,0.0
2018-04-15 20:15:00,0.0
2018-04-15 20:30:00,0.0
2018-04-15 20:45:00,0.0
2018-04-15 21:00:00,0.0
2018-04-15 21:15:00,0.0
2018-04-15 21:30:00,0.0
2018-04-15 21:45:00,0.0
2018-04-15 22:00:00,0.0
2018-04-15 22:15:00,0.0
2018-04-15 22:30:00,0.0
2018-04-15 22:45:00,0.0
2018-04-15 23:00:00,0.0
2018-04-15 23:15:00,0.0
2018-04-15 23:30:00,0.0
2018-04-15 23:45:00,0.0
2018-04-16 00:00:00,0.0
2018-04-16 00:15:00,0.0
2018-04-16 00:30:00,0.0
2018-04-16 00:45:00,0.0
2018-04-16 01:00:00,0.0
2018-04-16 01:15:00,0.0
2018-04-16 01:30:00,0.0
2018-04-16 01:45:00,0.0
2018-04-16 02:00:00,0.0
2018-04-16 02:15:00,0.0
2018-04-16 02:30:00,0.0
2018-04-16 02:45:00,0.0
2018-04-16 03:00:00,0.0
2018-04-16 03:15:00,0.0
2018-04-16 03:30:00,0.0
2018-04-16 03:45:00,0.0
2018-04-16 04:00:00,0.0
2018-04-16 04:15:00,0.0
2018-04-16 04:30:00,0.0
2018-04-16 04:45:00,0.0
2018-04-16 05:00:00,0.0
2018-04-16 05:15:00,0.0
2018-04-16 05:30:00,0.0
2018-04-16 05:45:00,0.0
2018-04-16 06:00:00,0.0
2018-04-16 06:15:00,0.0
2018-04-16 06:30:00,0.0
2018-04-16 06:45:00,0.0
2018-04-16 07:00:00,0.0
2018-04-16 07:15:00,0.0
2018-04-16 07:30:00,0.0
2018-04-16 07:45:00,0.0
2018-04-16 08:00:00,0.0
2018-04-16 08:15:00,0.0
2018-04-16 08:30:00,0.0
2018-04-16 08:45:00,0.0
2018-04-16 09:00:00,0.0
2018-04-16 09:15:00,0.0
2018-04-16 09:30:00,0.0
2018-04-16 09:45:00,0.0
2018-04-16 10:00:00,0.0
2018-04-16 10:15:00,0.0
2018-04-16 10:30:00,0.0
2018-04-16 10:45:00,0.0
2018-04-16 11:00:00,0.0
2018-04-16 11:15:00,0.0
2018-04-16 11:30:00,0.0
2018-04-16 11:45:00,0.0
2018-04-16 12:00:00,0.0
2018-04-16 12:15:00,0.0
2018-04-16 12:30:00,0.0
2018-04-16 12:45:00,0.0
2018-04-16 13:00:00,0.0
2018-04-16 13:15:00,0.0
2018-04-16 13:30:00,0.0
2018-04-16 13:45:00,0.0
2018-04-16 14:00:00,0.0
2018-04-16 14:15:00,0.0
2018-04-16 14:30:00,0.0
2018-04-16 14:45:00,0.0
2018-04-16 15:00:00,0.0
2018-04-16 15:15:00,0.0
2018-04-16 15:30:00,0.0
2018-04-16 15:45:00,0.0
2018-04-16 16:00:00,0.0
2018-04-16 16:15:00,0.0
2018-04-16 16:30:00,0.0
2018-04-16 16:45:00,0.0
2018-04-16 17:00:00,0.0
2018-04-16 17:15:00,0.0
2018-04-16 17:30:00,0.0
2018-04-16 17:45:00,0.0
2018-04-16 18:00:00,0.0
2018-04-16 18:15:00,0.0
2018-04-16 18:30:00,0.0
2018-04-16 18:45:00,0.0
2018-04-16 19:00:00,0.0
2018-04-16 19:15:00,0.0
2018-04-16 19:30:00,0.0
2018-04-16 19:45:00,0.0
2018-04-16 20:00:00,0.0
2018-04-16 20:15:00,0.0
2018-04-16 20:30:00,0.0
2018-04-16 20:45:00,0.0
2018-04-16 21:00:00,0.0
2018-04-16 21:15:00,0.0
2018-04-16 21:30:00,0.0
2018-04-16 21:45:00,0.0
2018-04-16 22:00:00,0.0
2018-04-16 22:15:00,0.0
2018-04-16 22:30:00,0.0
2018-04-16 22:45:00,0.0
2018-04-16 23:00:00,0.0
2018-04-16 23:15:00,0.0
2018-04-16 23:30:00,0.0
2018-04-16 23:45:00,0.0
2018-04-17 00:00:00,0.0
2018-04-17 00:15:00,0.0
2018-04-17 00:30:00,0.0
2018-04-17 00:45:00,0.0
2018-04-17 01:00:00,0.0
2018-04-17 01:15:00,0.0
2018-04-17 01:30:00,0.0
2018-04-17 01:45:00,0.0
2018-04-17 02:00:00,0.0
2018-04-17 02:15:00,0.0
2018-04-17 02:30:00,0.0
2018-04-17 02:45:00,0.0
2018-04-17 03:00:00,0.0
2018-04-17 03:15:00,0.0
2018-04-17 03:30:00,0.0
2018-04-17 03:45:00,0.0
2018-04-17 04:00:00,0.0
2018-04-17 04:15:00,0.0
2018-04-17 04:30:00,0.0
2018-04-17 04:45:00,0.0
2018-04-17 05:00:00,0.0
2018-04-17 05:15:00,0.0
2018-04-17 05:30:00,0.0
2018-04-17 05:45:00,0.0
2018-04-17 06:00:00,0.0
2018-04-17 06:15:00,0.0
2018-04-17 06:30:00,0.0
2018-04-17 06:45:00,0.0
2018-04-17 07:00:00,0.0
2018-04-17 07:15:00,0.0
2018-04-17 07:30:00,0.0
2018-04-17 07:45:00,0.0
2018-04-17 08:00:00,0.0
2018-04-17 08:15:00,0.0
2018-04-17 08:30:00,0.0
2018-04-17 08:45:00,0.0
2018-04-17 09:00:00,0.0
2018-04-17 09:15:00,0.0
2018-04-17 09:30:00,0.0
2018-04-17 09:45:00,0.0
2018-04-17 10:00:00,0.0
2018-04-17 10:15:00,0.0
2018-04-17 10:30:00,0.0
2018-04-17 10:45:00,0.0
2018-04-17 11:00:00,0.0
2018-04-17 11:15:00,0.0
2018-04-17 11:30:00,0.0
2018-04-17 11:45:00,0.0
2018-04-17 12:00:00,0.0
2018-04-17 12:15:00,0.0
2018-04-17 12:30:00,0.0
2018-04-17 12:45:00,0.0
2018-04-17 13:00:00,0.0
2018-04-17 13:15:00,0.0
2018-04-17 13:30:00,0.0
2018-04-17 13:45:00,0.0
2018-04-17 14:00:00,0.0
2018-04-17 14:15:00,0.0
2018-04-17 14:30:00,0.0
2018-04-17 14:45:00,0.0
2018-04-17 15:00:00,0.0
2018-04-17 15:15:00,0.0
2018-04-17 15:30:00,0.0
2018-04-17 15:45:00,0.0
2018-04-17 16:00:00,0.0
2018-04-17 16:21:00,0.0
2018-04-17 16:30:00,0.0
2018-04-17 16:45:00,0.0
2018-04-17 17:00:00,0.0
2018-04-17 17:15:00,0.0
2018-04-17 17:30:00,0.0
2018-04-17 17:45:00,0.0
2018-04-17 18:00:00,0.0
2018-04-17 18:15:00,0.0
2018-04-17 18:30:00,0.0
2018-04-17 18:45:00,0.0
2018-04-17 19:00:00,0.0
2018-04-17 19:15:00,0.0
2018-04-17 19:30:00,0.0
2018-04-17 19:45:00,0.0
2018-04-17 20:00:00,0.0
2018-04-17 20:15:00,0.0
2018-04-17 20:30:00,0.0
2018-04-17 20:45:00,0.0
2018-04-17 21:00:00,0.0
2018-04-17 21:15:00,0.0
2018-04-17 21:30:00,0.0
2018-04-17 21:45:00,0.0
2018-04-17 22:00:00,0.0
2018-04-17 22:15:00,0.0
2018-04-17 22:30:00,0.0
2018-04-17 22:45:00,0.0
2018-04-17 23:00:00,0.0
2018-04-17 23:15:00,0.0
2018-04-17 23:30:00,0.0
2018-04-17 23:45:00,0.0
2018-04-18 00:00:00,0.0
2018-04-18 00:15:00,0.0
2018-04-18 00:30:00,0.0
2018-04-18 00:45:00,0.0
2018-04-18 01:00:00,0.0
2018-04-18 01:15:00,0.0
2018-04-18 01:30:00,0.0
2018-04-18 01:45:00,0.0
2018-04-18 02:00:00,0.0
2018-04-18 02:15:00,0.0
2018-04-18 02:30:00,0.0
2018-04-18 02:45:00,0.0
2018-04-18 03:00:00,0.0
2018-04-18 03:15:00,0.0
2018-04-18 03:30:00,0.0
2018-04-18 03:45:00,0.0
2018-04-18 04:00:00,0.0
2018-04-18 04:15:00,0.0
2018-04-18 04:30:00,0.0
2018-04-18 04:45:00,0.0
2018-04-18 05:01:00,0.0
2018-04-18 05:15:00,0.0
2018-04-18 05:30:00,0.0
2018-04-18 05:45:00,0.0
2018-04-18 06:00:00,0.0
2018-04-18 06:15:00,0.0
2018-04-18 06:30:00,0.0
2018-04-18 06:45:00,0.0
2018-04-18 07:00:00,0.0
2018-04-18 07:15:00,0.0
2018-04-18 07:30:00,0.0
2018-04-18 07:45:00,0.0
2018-04-18 08:00:00,0.0
2018-04-18 08:15:00,0.0
2018-04-18 08:30:00,0.0
2018-04-18 08:45:00,0.0
2018-04-18 09:00:00,0.0
2018-04-18 09:15:00,0.0
2018-04-18 09:30:00,0.0
2018-04-18 09:45:00,0.0
2018-04-18 10:00:00,0.0
2018-04-18 10:15:00,0.0
2018-04-18 10:30:00,0.0
2018-04-18 10:45:00,0.0
2018-04-18 11:00:00,0.0
2018-04-18 11:15:00,0.0
2018-04-18 11:30:00,0.0
2018-04-18 11:45:00,0.0
2018-04-18 12:00:00,0.0
2018-04-18 12:15:00,0.0
2018-04-18 12:30:00,0.0
2018-04-18 12:45:00,0.0
2018-04-18 13:00:00,0.0
2018-04-18 13:15:00,0.0
2018-04-18 13:30:00,0.0
2018-04-18 13:45:00,0.0
2018-04-18 14:00:00,0.0
2018-04-18 14:15:00,0.0
2018-04-18 14:30:00,0.0
2018-04-18 14:45:00,0.0
2018-04-18 15:00:00,0.0
2018-04-18 15:15:00,0.0
2018-04-18 15:30:00,0.0
2018-04-18 15:45:00,0.0
2018-04-18 16:00:00,0.0
2018-04-18 16:15:00,0.0
2018-04-18 16:30:00,0.0
2018-04-18 16:45:00,0.0
2018-04-18 17:00:00,0.0
2018-04-18 17:15:00,0.0
2018-04-18 17:30:00,0.0
2018-04-18 17:45:00,0.0
2018-04-18 18:00:00,0.0
2018-04-18 18:15:00,0.0
2018-04-18 18:30:00,0.0
2018-04-18 18:45:00,0.0
2018-04-18 19:00:00,0.0
2018-04-18 19:15:00,0.0
2018-04-18 19:30:00,0.0
2018-04-18 19:45:00,0.0
2018-04-18 20:00:00,0.0
2018-04-18 20:15:00,0.0
2018-04-18 20:30:00,0.0
2018-04-18 20:45:00,0.0
2018-04-18 21:00:00,0.0
2018-04-18 21:15:00,0.0
2018-04-18 21:30:00,0.0
2018-04-18 21:45:00,0.0
2018-04-18 22:00:00,0.0
2018-04-18 22:15:00,0.0
2018-04-18 22:30:00,0.0
2018-04-18 22:45:00,0.0
2018-04-18 23:00:00,0.0
2018-04-18 23:15:00,0.0
2018-04-18 23:30:00,0.0
2018-04-18 23:45:00,0.0
2018-04-19 00:00:00,0.0
2018-04-19 00:15:00,0.0
2018-04-19 00:30:00,0.0
2018-04-19 00:45:00,0.0
2018-04-19 01:00:00,0.0
2018-04-19 01:15:00,0.0
2018-04-19 01:30:00,0.0
2018-04-19 01:45:00,0.0
2018-04-19 02:00:00,0.0
2018-04-19 02:15:00,0.0
2018-04-19 02:30:00,0.0
2018-04-19 02:45:00,0.0
2018-04-19 03:00:00,0.0
2018-04-19 03:15:00,0.0
2018-04-19 03:30:00,0.0
2018-04-19 03:45:00,0.0
2018-04-19 04:00:00,0.0
2018-04-19 04:15:00,0.0
2018-04-19 04:30:00,0.0
2018-04-19 04:45:00,0.0
2018-04-19 05:00:00,0.0
2018-04-19 05:15:00,0.0
2018-04-19 05:30:00,0.0
2018-04-19 05:45:00,0.0
2018-04-19 06:00:00,0.0
2018-04-19 06:15:00,0.0
2018-04-19 06:30:00,0.0
2018-04-19 06:45:00,0.0
2018-04-19 07:00:00,0.0
2018-04-19 07:15:00,0.0
2018-04-19 07:30:00,0.0
2018-04-19 07:45:00,0.0
2018-04-19 08:00:00,0.0
2018-04-19 08:15:00,0.0
2018-04-19 08:30:00,0.0
2018-04-19 08:45:00,0.0
2018-04-19 09:00:00,0.0
2018-04-19 09:15:00,0.0
2018-04-19 09:30:00,0.0
2018-04-19 09:45:00,0.0
2018-04-19 10:00:00,0.0
2018-04-19 10:15:00,0.0
2018-04-19 10:30:00,0.0
2018-04-19 10:45:00,0.0
2018-04-19 11:00:00,0.0
2018-04-19 11:15:00,0.0
2018-04-19 11:30:00,0.0
2018-04-19 11:45:00,0.0
2018-04-19 12:00:00,0.0
2018-04-19 12:15:00,0.0
2018-04-19 12:30:00,0.0
2018-04-19 12:45:00,0.0
2018-04-19 13:00:00,0.0
2018-04-19 13:15:00,0.0
2018-04-19 13:30:00,0.0
2018-04-19 13:45:00,0.0
2018-04-19 14:00:00,0.0
2018-04-19 14:15:00,0.0
2018-04-19 14:30:00,0.0
2018-04-19 14:45:00,0.0
2018-04-19 15:00:00,0.0
2018-04-19 15:15:00,0.0
2018-04-19 15:30:00,0.0
2018-04-19 15:45:00,0.0
2018-04-19 16:00:00,0.0
2018-04-19 16:15:00,0.0
2018-04-19 16:30:00,0.0
2018-04-19 16:45:00,0.0
2018-04-19 17:00:00,0.0
2018-04-19 17:15:00,0.0
2018-04-19 17:30:00,0.0
2018-04-19 17:45:00,0.0
2018-04-19 18:00:00,0.0
2018-04-19 18:15:00,0.0
2018-04-19 18:30:00,0.0
2018-04-19 18:45:00,0.0
2018-04-19 19:00:00,0.0
2018-04-19 19:15:00,0.0
2018-04-19 19:30:00,0.0
2018-04-19 19:45:00,0.0
2018-04-19 20:00:00,0.0
2018-04-19 20:15:00,0.0
2018-04-19 20:30:00,0.0
2018-04-19 20:45:00,0.0
2018-04-19 21:00:00,0.0
2018-04-19 21:15:00,0.0
2018-04-19 21:30:00,0.0
2018-04-19 21:45:00,0.0
2018-04-19 22:00:00,0.0
2018-04-19 22:15:00,0.0
2018-04-19 22:30:00,0.0
2018-04-19 22:45:00,0.0
2018-04-19 23:00:00,0.0
2018-04-19 23:15:00,0.0
2018-04-19 23:30:00,0.0
2018-04-19 23:45:00,0.0
2018-04-20 00:00:00,0.0
2018-04-20 00:15:00,0.0
2018-04-20 00:30:00,0.0
2018-04-20 00:45:00,0.0
2018-04-20 01:00:00,0.0
2018-04-20 01:15:00,0.0
2018-04-20 01:30:00,0.0
2018-04-20 01:45:00,0.0
2018-04-20 02:00:00,0.0
2018-04-20 02:15:00,0.0
2018-04-20 02:30:00,0.0
2018-04-20 02:45:00,0.0
2018-04-20 03:00:00,0.0
2018-04-20 03:15:00,0.0
2018-04-20 03:30:00,0.0
2018-04-20 03:45:00,0.0
2018-04-20 04:00:00,0.0
2018-04-20 04:15:00,0.0
2018-04-20 04:30:00,0.0
2018-04-20 04:45:00,0.0
2018-04-20 05:00:00,0.0
2018-04-20 05:15:00,0.0
2018-04-20 05:30:00,0.0
2018-04-20 05:45:00,0.0
2018-04-20 06:00:00,0.0
2018-04-20 06:15:00,0.0
2018-04-20 06:30:00,0.0
2018-04-20 06:45:00,0.0
2018-04-20 07:00:00,0.0
2018-04-20 07:15:00,0.0
2018-04-20 07:30:00,0.0
2018-04-20 07:45:00,0.0
2018-04-20 08:00:00,0.0
2018-04-20 08:15:00,0.0
2018-04-20 08:30:00,0.0
2018-04-20 08:45:00,0.0
2018-04-20 09:00:00,0.0
2018-04-20 09:15:00,0.0
2018-04-20 09:30:00,0.0
2018-04-20 09:45:00,0.0
2018-04-20 10:00:00,0.0
2018-04-20 10:15:00,0.0
2018-04-20 10:30:00,0.0
2018-04-20 10:45:00,0.0
2018-04-20 11:00:00,0.0
2018-04-20 11:15:00,0.0
2018-04-20 11:30:00,0.0
2018-04-20 11:45:00,0.0
2018-04-20 12:00:00,0.0
2018-04-20 12:15:00,0.0
2018-04-20 12:30:00,0.0
2018-04-20 12:45:00,0.0
2018-04-20 13:00:00,0.0
2018-04-20 13:15:00,0.0
2018-04-20 13:30:00,0.0
2018-04-20 13:45:00,0.0
2018-04-20 14:00:00,0.0
2018-04-20 14:15:00,0.0
2018-04-20 14:30:00,0.0
2018-04-20 14:45:00,0.0
2018-04-20 15:00:00,0.0
2018-04-20 15:15:00,0.0
2018-04-20 15:30:00,0.0
2018-04-20 15:45:00,0.0
2018-04-20 16:00:00,0.0
2018-04-20 16:15:00,0.0
2018-04-20 16:30:00,0.0
2018-04-20 16:45:00,0.0
2018-04-20 17:00:00,0.0
2018-04-20 17:15:00,0.0
2018-04-20 17:30:00,0.0
2018-04-20 17:45:00,0.0
2018-04-20 18:00:00,0.0
2018-04-20 18:15:00,0.0
2018-04-20 18:30:00,0.0
2018-04-20 18:45:00,0.0
2018-04-20 19:00:00,0.0
2018-04-20 19:15:00,0.0
2018-04-20 19:30:00,0.0
2018-04-20 19:45:00,0.0
2018-04-20 20:00:00,0.0
2018-04-20 20:15:00,0.0
2018-04-20 20:30:00,0.0
2018-04-20 20:45:00,0.0
2018-04-20 21:00:00,0.0
2018-04-20 21:15:00,0.0
2018-04-20 21:30:00,0.0
2018-04-20 21:45:00,0.0
2018-04-20 22:00:00,0.0
2018-04-20 22:15:00,0.0
2018-04-20 22:30:00,0.0
2018-04-20 22:45:00,0.0
2018-04-20 23:00:00,0.0
2018-04-20 23:15:00,0.0
2018-04-20 23:30:00,0.0
2018-04-20 23:45:00,0.0
2018-04-21 00:00:00,0.0
2018-04-21 00:15:00,0.0
2018-04-21 00:30:00,0.0
2018-04-21 00:45:00,0.0
2018-04-21 01:00:00,0.0
2018-04-21 01:15:00,0.0
2018-04-21 01:30:00,0.0
2018-04-21 01:45:00,0.0
2018-04-21 02:00:00,0.0
2018-04-21 02:15:00,0.0
2018-04-21 02:30:00,0.0
2018-04-21 02:45:00,0.0
2018-04-21 03:00:00,0.0
2018-04-21 03:15:00,0.0
2018-04-21 03:30:00,0.0
2018-04-21 03:45:00,0.0
2018-04-21 04:00:00,0.0
2018-04-21 04:15:00,0.0
2018-04-21 04:30:00,0.0
2018-04-21 04:45:00,0.0
2018-04-21 05:00:00,0.0
2018-04-21 05:15:00,0.0
2018-04-21 05:30:00,0.0
2018-04-21 05:45:00,0.0
2018-04-21 06:00:00,0.0
2018-04-21 06:15:00,0.0
2018-04-21 06:30:00,0.0
2018-04-21 06:45:00,0.0
2018-04-21 07:00:00,0.0
2018-04-21 07:15:00,0.0
2018-04-21 07:30:00,0.0
2018-04-21 07:45:00,0.0
2018-04-21 08:00:00,0.0
2018-04-21 08:15:00,0.0
2018-04-21 08:30:00,0.0
2018-04-21 08:45:00,0.0
2018-04-21 09:00:00,0.0
2018-04-21 09:15:00,0.0
2018-04-21 09:30:00,0.0
2018-04-21 09:45:00,0.0
2018-04-21 10:00:00,0.0
2018-04-21 10:15:00,0.0
2018-04-21 10:30:00,0.0
2018-04-21 10:45:00,0.0
2018-04-21 11:00:00,0.0
2018-04-21 11:15:00,0.0
2018-04-21 11:30:00,0.0
2018-04-21 11:45:00,0.0
2018-04-21 12:00:00,0.0
2018-04-21 12:15:00,0.0
2018-04-21 12:30:00,0.0
2018-04-21 12:45:00,0.0
2018-04-21 13:00:00,0.0
2018-04-21 13:15:00,0.0
2018-04-21 13:30:00,0.0
2018-04-21 13:45:00,0.0
2018-04-21 14:00:00,0.0
2018-04-21 14:15:00,0.0
2018-04-21 14:30:00,0.0
2018-04-21 14:45:00,0.0
2018-04-21 15:00:00,0.0
2018-04-21 15:15:00,0.0
2018-04-21 15:30:00,0.0
2018-04-21 15:45:00,0.0
2018-04-21 16:00:00,0.0
2018-04-21 16:15:00,0.0
2018-04-21 16:30:00,0.0
2018-04-21 16:45:00,0.0
2018-04-21 17:00:00,0.0
2018-04-21 17:15:00,0.0
2018-04-21 17:30:00,0.0
2018-04-21 17:45:00,0.0
2018-04-21 18:00:00,0.0
2018-04-21 18:15:00,0.0
2018-04-21 18:30:00,0.0
2018-04-21 18:45:00,0.0
2018-04-21 19:00:00,0.0
2018-04-21 19:15:00,0.0
2018-04-21 19:30:00,0.0
2018-04-21 19:45:00,0.0
2018-04-21 20:00:00,0.0
2018-04-21 20:15:00,0.0
2018-04-21 20:30:00,0.0
2018-04-21 20:45:00,0.0
2018-04-21 21:00:00,0.0
2018-04-21 21:15:00,0.0
2018-04-21 21:30:00,0.0
2018-04-21 21:45:00,0.0
2018-04-21 22:00:00,0.0
2018-04-21 22:15:00,0.0
2018-04-21 22:30:00,0.0
2018-04-21 22:45:00,0.0
2018-04-21 23:00:00,0.0
2018-04-21 23:15:00,0.0
2018-04-21 23:30:00,0.0
2018-04-21 23:45:00,0.0
2018-04-22 00:00:00,0.0
2018-04-22 00:15:00,0.0
2018-04-22 00:30:00,0.0
2018-04-22 00:45:00,0.0
2018-04-22 01:00:00,0.0
2018-04-22 01:15:00,0.0
2018-04-22 01:30:00,0.0
2018-04-22 01:45:00,0.0
2018-04-22 02:00:00,0.0
2018-04-22 02:15:00,0.0
2018-04-22 02:30:00,0.0
2018-04-22 02:45:00,0.0
2018-04-22 03:00:00,0.0
2018-04-22 03:15:00,0.0
2018-04-22 03:30:00,0.0
2018-04-22 03:45:00,0.0
2018-04-22 04:00:00,0.0
2018-04-22 04:15:00,0.0
2018-04-22 04:30:00,0.0
2018-04-22 04:45:00,0.0
2018-04-22 05:00:00,0.0
2018-04-22 05:15:00,0.0
2018-04-22 05:30:00,0.0
2018-04-22 05:45:00,0.0
2018-04-22 06:00:00,0.0
2018-04-22 06:15:00,0.0
2018-04-22 06:30:00,0.0
2018-04-22 06:45:00,0.0
2018-04-22 07:00:00,0.0
2018-04-22 07:15:00,0.0
2018-04-22 07:30:00,0.0
2018-04-22 07:45:00,0.0
2018-04-22 08:00:00,0.0
2018-04-22 08:15:00,0.0
2018-04-22 08:30:00,0.0
2018-04-22 08:45:00,0.0
2018-04-22 09:00:00,0.0
2018-04-22 09:15:00,0.0
2018-04-22 09:30:00,0.0
2018-04-22 09:45:00,0.0
2018-04-22 10:00:00,0.0
2018-04-22 10:15:00,0.0
2018-04-22 10:30:00,0.0
2018-04-22 10:45:00,0.0
2018-04-22 11:00:00,0.0
2018-04-22 11:15:00,0.0
2018-04-22 11:30:00,0.0
2018-04-22 11:45:00,0.0
2018-04-22 12:00:00,0.0
2018-04-22 12:15:00,0.0
2018-04-22 12:30:00,0.0
2018-04-22 12:45:00,0.0
2018-04-22 13:00:00,0.0
2018-04-22 13:15:00,0.0
2018-04-22 13:30:00,0.0
2018-04-22 13:45:00,0.0
2018-04-22 14:00:00,0.0
2018-04-22 14:15:00,0.0
2018-04-22 14:30:00,0.0
2018-04-22 14:45:00,0.0
2018-04-22 15:00:00,0.0
2018-04-22 15:15:00,0.0
2018-04-22 15:30:00,0.0
2018-04-22 15:45:00,0.0
2018-04-22 16:00:00,0.0
2018-04-22 16:15:00,0.0
2018-04-22 16:30:00,0.0
2018-04-22 16:45:00,0.0
2018-04-22 17:00:00,0.0
2018-04-22 17:15:00,0.0
2018-04-22 17:30:00,0.0
2018-04-22 17:45:00,0.0
2018-04-22 18:00:00,0.0
2018-04-22 18:15:00,0.0
2018-04-22 18:30:00,0.0
2018-04-22 18:45:00,0.0
2018-04-22 19:00:00,0.0
2018-04-22 19:15:00,0.0
2018-04-22 19:30:00,0.0
2018-04-22 19:45:00,0.0
2018-04-22 20:00:00,0.0
2018-04-22 20:15:00,0.0
2018-04-22 20:30:00,0.0
2018-04-22 20:45:00,0.0
2018-04-22 21:00:00,0.0
2018-04-22 21:15:00,0.0
2018-04-22 21:30:00,0.0
2018-04-22 21:45:00,0.0
2018-04-22 22:00:00,0.0
2018-04-22 22:15:00,0.0
2018-04-22 22:30:00,0.0
2018-04-22 22:45:00,0.0
2018-04-22 23:00:00,0.0
2018-04-22 23:15:00,0.0
2018-04-22 23:30:00,0.0
2018-04-22 23:45:00,0.0
2018-04-23 00:00:00,0.0
2018-04-23 00:15:00,0.0
2018-04-23 00:30:00,0.0
2018-04-23 00:45:00,0.0
2018-04-23 01:00:00,0.0
2018-04-23 01:15:00,0.0
2018-04-23 01:30:00,0.0
2018-04-23 01:45:00,0.0
2018-04-23 02:00:00,0.0
2018-04-23 02:15:00,0.0
2018-04-23 02:30:00,0.0
2018-04-23 02:45:00,0.0
2018-04-23 03:00:00,0.0
2018-04-23 03:15:00,0.0
2018-04-23 03:30:00,0.0
2018-04-23 03:45:00,0.0
2018-04-23 04:00:00,0.0
2018-04-23 04:15:00,0.0
2018-04-23 04:30:00,0.0
2018-04-23 04:45:00,0.0
2018-04-23 05:00:00,0.0
2018-04-23 05:15:00,0.0
2018-04-23 05:30:00,0.0
2018-04-23 05:45:00,0.0
2018-04-23 06:00:00,0.0
2018-04-23 06:15:00,0.0
2018-04-23 06:30:00,0.0
2018-04-23 06:45:00,0.0
2018-04-23 07:00:00,0.0
2018-04-23 07:15:00,0.0
2018-04-23 07:30:00,0.0
2018-04-23 07:45:00,0.0
2018-04-23 08:00:00,0.0
2018-04-23 08:15:00,0.0
2018-04-23 08:30:00,0.0
2018-04-23 08:45:00,0.0
2018-04-23 09:00:00,0.0
2018-04-23 09:15:00,0.0
2018-04-23 09:30:00,0.0
2018-04-23 09:45:00,0.0
2018-04-23 10:00:00,0.0
2018-04-23 10:15:00,0.0
2018-04-23 10:30:00,0.0
2018-04-23 10:45:00,0.0
2018-04-23 11:00:00,0.0
2018-04-23 11:15:00,0.0
2018-04-23 11:30:00,0.0
2018-04-23 11:45:00,0.0
2018-04-23 12:00:00,0.0
2018-04-23 12:15:00,0.0
2018-04-23 12:30:00,0.0
2018-04-23 12:45:00,0.0
2018-04-23 13:00:00,0.0
2018-04-23 13:15:00,0.0
2018-04-23 13:30:00,0.0
2018-04-23 13:45:00,0.0
2018-04-23 14:00:00,0.0
2018-04-23 14:15:00,0.0
2018-04-23 14:30:00,0.0
2018-04-23 14:45:00,0.0
2018-04-23 15:00:00,0.0
2018-04-23 15:15:00,0.0
2018-04-23 15:30:00,0.0
2018-04-23 15:45:00,0.0
2018-04-23 16:00:00,0.0
2018-04-23 16:15:00,0.0
2018-04-23 16:30:00,0.0
2018-04-23 16:45:00,0.0
2018-04-23 17:00:00,0.0
2018-04-23 17:15:00,0.0
2018-04-23 17:30:00,0.0
2018-04-23 17:45:00,0.0
2018-04-23 18:00:00,0.0
2018-04-23 18:15:00,0.0
2018-04-23 18:30:00,0.0
2018-04-23 18:45:00,0.0
2018-04-23 19:00:00,0.0
2018-04-23 19:15:00,0.0
2018-04-23 19:30:00,0.0
2018-04-23 19:45:00,0.0
2018-04-23 20:00:00,0.0
2018-04-23 20:15:00,0.0
2018-04-23 20:30:00,0.0
2018-04-23 20:45:00,0.0
2018-04-23 21:00:00,0.0
2018-04-23 21:15:00,0.0
2018-04-23 21:30:00,0.0
2018-04-23 21:45:00,0.0
2018-04-23 22:00:00,0.0
2018-04-23 22:15:00,0.0
2018-04-23 22:30:00,0.0
2018-04-23 22:45:00,0.0
2018-04-23 23:00:00,0.0
2018-04-23 23:15:00,0.0
2018-04-23 23:30:00,0.0
2018-04-23 23:45:00,0.0
2018-04-24 00:00:00,0.0
2018-04-24 00:15:00,0.0
2018-04-24 00:30:00,0.0
2018-04-24 00:45:00,0.0
2018-04-24 01:00:00,0.0
2018-04-24 01:15:00,0.0
2018-04-24 01:30:00,0.0
2018-04-24 01:45:00,0.0
2018-04-24 02:00:00,0.0
2018-04-24 02:15:00,0.0
2018-04-24 02:30:00,0.0
2018-04-24 02:45:00,0.0
2018-04-24 03:00:00,0.0
2018-04-24 03:15:00,0.0
2018-04-24 03:30:00,0.0
2018-04-24 03:45:00,0.0
2018-04-24 04:00:00,0.0
2018-04-24 04:15:00,0.0
2018-04-24 04:30:00,0.0
2018-04-24 04:45:00,0.0
2018-04-24 05:00:00,0.0
2018-04-24 05:15:00,0.0
2018-04-24 05:30:00,0.0
2018-04-24 05:45:00,0.0
2018-04-24 06:00:00,0.0
2018-04-24 06:15:00,0.0
2018-04-24 06:30:00,0.0
2018-04-24 06:45:00,0.0
2018-04-24 07:00:00,0.0
2018-04-24 07:15:00,0.0
2018-04-24 07:30:00,0.0
2018-04-24 07:45:00,0.0
2018-04-24 08:00:00,0.0
2018-04-24 08:15:00,0.0
2018-04-24 08:30:00,0.0
2018-04-24 08:45:00,0.0
2018-04-24 09:00:00,0.0
2018-04-24 09:15:00,0.0
2018-04-24 09:30:00,0.0
2018-04-24 09:45:00,0.0
2018-04-24 10:00:00,0.0
2018-04-24 10:15:00,0.0
2018-04-24 10:30:00,0.0
2018-04-24 10:45:00,0.0
2018-04-24 11:00:00,0.0
2018-04-24 11:15:00,0.0
2018-04-24 11:30:00,0.0
2018-04-24 11:45:00,0.0
2018-04-24 12:00:00,0.0
2018-04-24 12:15:00,0.0
2018-04-24 12:30:00,0.0
2018-04-24 12:45:00,0.0
2018-04-24 13:00:00,0.0
2018-04-24 13:15:00,0.0
2018-04-24 13:30:00,0.0
2018-04-24 13:45:00,0.0
2018-04-24 14:00:00,0.0
2018-04-24 14:15:00,0.0
2018-04-24 14:30:00,0.0
2018-04-24 14:45:00,0.0
2018-04-24 15:00:00,0.0
2018-04-24 15:15:00,0.0
2018-04-24 15:30:00,0.0
2018-04-24 15:45:00,0.0
2018-04-24 16:00:00,0.0
2018-04-24 16:15:00,0.0
2018-04-24 16:30:00,0.0
2018-04-24 16:45:00,0.0
2018-04-24 17:00:00,0.0
2018-04-24 17:15:00,0.0
2018-04-24 17:30:00,0.0
2018-04-24 17:45:00,0.0
2018-04-24 18:00:00,0.0
2018-04-24 18:15:00,0.0
2018-04-24 18:30:00,0.0
2018-04-24 18:45:00,0.0
2018-04-24 19:00:00,0.0
2018-04-24 19:15:00,0.0
2018-04-24 19:30:00,0.0
2018-04-24 19:45:00,0.0
2018-04-24 20:00:00,0.0
2018-04-24 20:15:00,0.0
2018-04-24 20:30:00,0.0
2018-04-24 20:45:00,0.0
2018-04-24 21:00:00,0.0
2018-04-24 21:15:00,0.0
2018-04-24 21:30:00,0.0
2018-04-24 21:45:00,0.0
2018-04-24 22:00:00,0.0
2018-04-24 22:15:00,0.0
2018-04-24 22:30:00,0.0
2018-04-24 22:45:00,0.0
2018-04-24 23:00:00,0.0
2018-04-24 23:15:00,0.0
2018-04-24 23:30:00,0.0
2018-04-24 23:45:00,0.0
2018-04-25 00:00:00,0.0
2018-04-25 00:15:00,0.0
2018-04-25 00:30:00,0.0
2018-04-25 00:45:00,0.0
2018-04-25 01:00:00,0.0
2018-04-25 01:15:00,0.0
2018-04-25 01:30:00,0.0
2018-04-25 01:45:00,0.0
2018-04-25 02:00:00,0.0
2018-04-25 02:15:00,0.0
2018-04-25 02:30:00,0.0
2018-04-25 02:45:00,0.0
2018-04-25 03:00:00,0.0
2018-04-25 03:15:00,0.0
2018-04-25 03:30:00,0.0
2018-04-25 03:45:00,0.0
2018-04-25 04:00:00,0.0
2018-04-25 04:15:00,0.0
2018-04-25 04:30:00,0.0
2018-04-25 04:45:00,0.0
2018-04-25 05:00:00,0.0
2018-04-25 05:15:00,0.0
2018-04-25 05:30:00,0.0
2018-04-25 05:45:00,0.0
2018-04-25 06:00:00,0.0
2018-04-25 06:15:00,0.0
2018-04-25 06:30:00,0.0
2018-04-25 06:45:00,0.0
2018-04-25 07:00:00,0.0
2018-04-25 07:15:00,0.0
2018-04-25 07:30:00,0.0
2018-04-25 07:45:00,0.0
2018-04-25 08:00:00,0.0
2018-04-25 08:15:00,0.0
2018-04-25 08:30:00,0.0
2018-04-25 08:45:00,0.0
2018-04-25 09:00:00,0.0
2018-04-25 09:15:00,0.0
2018-04-25 09:30:00,0.0
2018-04-25 09:45:00,0.0
2018-04-25 10:00:00,0.0
2018-04-25 10:15:00,0.0
2018-04-25 10:30:00,0.0
2018-04-25 10:45:00,0.0
2018-04-25 11:00:00,0.0
2018-04-25 11:15:00,0.0
2018-04-25 11:30:00,0.0
2018-04-25 11:45:00,0.0
2018-04-25 12:00:00,0.0
2018-04-25 12:15:00,0.0
2018-04-25 12:30:00,0.0
2018-04-25 12:45:00,0.0
2018-04-25 13:00:00,0.0
2018-04-25 13:15:00,0.0
2018-04-25 13:30:00,0.0
2018-04-25 13:45:00,0.0
2018-04-25 14:00:00,0.0
2018-04-25 14:15:00,0.0
2018-04-25 14:30:00,0.0
2018-04-25 14:45:00,0.0
2018-04-25 15:00:00,0.0
2018-04-25 15:15:00,0.0
2018-04-25 15:30:00,0.0
2018-04-25 15:45:00,0.0
2018-04-25 16:00:00,0.0
2018-04-25 16:15:00,0.0
2018-04-25 16:30:00,0.0
2018-04-25 16:45:00,0.0
2018-04-25 17:00:00,0.0
2018-04-25 17:15:00,0.0
2018-04-25 17:30:00,0.0
2018-04-25 17:45:00,0.0
2018-04-25 18:00:00,0.0
2018-04-25 18:15:00,0.0
2018-04-25 18:30:00,0.0
2018-04-25 18:45:00,0.0
2018-04-25 19:00:00,0.0
2018-04-25 19:15:00,0.0
2018-04-25 19:30:00,0.0
2018-04-25 19:45:00,0.0
2018-04-25 20:00:00,0.0
2018-04-25 20:15:00,0.0
2018-04-25 20:30:00,0.0
2018-04-25 20:45:00,0.0
2018-04-25 21:00:00,0.0
2018-04-25 21:15:00,0.0
2018-04-25 21:30:00,0.0
2018-04-25 21:45:00,0.0
2018-04-25 22:00:00,0.0
2018-04-25 22:15:00,0.0
2018-04-25 22:30:00,0.0
2018-04-25 22:45:00,0.0
2018-04-25 23:00:00,0.0
2018-04-25 23:15:00,0.0
2018-04-25 23:30:00,0.0
2018-04-25 23:45:00,0.0
2018-04-26 00:00:00,0.0
2018-04-26 00:15:00,0.0
2018-04-26 00:30:00,0.0
2018-04-26 00:45:00,0.0
2018-04-26 01:00:00,0.0
2018-04-26 01:15:00,0.0
2018-04-26 01:30:00,0.0
2018-04-26 01:45:00,0.0
2018-04-26 02:00:00,0.0
2018-04-26 02:15:00,0.0
2018-04-26 02:30:00,0.0
2018-04-26 02:45:00,0.0
2018-04-26 03:00:00,0.0
2018-04-26 03:15:00,0.0
2018-04-26 03:30:00,0.0
2018-04-26 03:45:00,0.0
2018-04-26 04:00:00,0.0
2018-04-26 04:15:00,0.0
2018-04-26 04:30:00,0.0
2018-04-26 04:45:00,0.0
2018-04-26 05:00:00,0.0
2018-04-26 05:15:00,0.0
2018-04-26 05:30:00,0.0
2018-04-26 05:45:00,0.0
2018-04-26 06:00:00,0.0
2018-04-26 06:15:00,0.0
2018-04-26 06:30:00,0.0
2018-04-26 06:45:00,0.0
2018-04-26 07:00:00,0.0
2018-04-26 07:15:00,0.0
2018-04-26 07:30:00,0.0
2018-04-26 07:45:00,0.0
2018-04-26 08:00:00,0.0
2018-04-26 08:15:00,0.0
2018-04-26 08:30:00,0.0
2018-04-26 08:45:00,0.0
2018-04-26 09:00:00,0.0
2018-04-26 09:15:00,0.0
2018-04-26 09:30:00,0.0
2018-04-26 09:45:00,0.0
2018-04-26 10:00:00,0.0
2018-04-26 10:15:00,0.0
2018-04-26 10:30:00,0.0
2018-04-26 10:45:00,0.0
2018-04-26 11:00:00,0.0
2018-04-26 11:15:00,0.0
2018-04-26 11:30:00,0.0
2018-04-26 11:45:00,0.0
2018-04-26 12:00:00,0.0
2018-04-26 12:15:00,0.0
2018-04-26 12:30:00,0.0
2018-04-26 12:45:00,0.0
2018-04-26 13:00:00,0.0
2018-04-26 13:15:00,0.0
2018-04-26 13:30:00,0.0
2018-04-26 13:45:00,0.0
2018-04-26 14:00:00,0.0
2018-04-26 14:15:00,0.0
2018-04-26 14:30:00,0.0
2018-04-26 14:45:00,0.0
2018-04-26 15:00:00,0.0
2018-04-26 15:15:00,0.0
2018-04-26 15:30:00,0.0
2018-04-26 15:45:00,0.0
2018-04-26 16:00:00,0.0
2018-04-26 16:15:00,0.0
2018-04-26 16:30:00,0.0
2018-04-26 16:45:00,0.0
2018-04-26 17:00:00,0.0
2018-04-26 17:15:00,0.0
2018-04-26 17:30:00,0.0
2018-04-26 17:45:00,0.0
2018-04-26 18:00:00,0.0
2018-04-26 18:15:00,0.0
2018-04-26 18:30:00,0.0
2018-04-26 18:45:00,0.0
2018-04-26 19:00:00,0.0
2018-04-26 19:15:00,0.0
2018-04-26 19:30:00,0.0
2018-04-26 19:45:00,0.0
2018-04-26 20:00:00,0.0
2018-04-26 20:15:00,0.0
2018-04-26 20:30:00,0.0
2018-04-26 20:45:00,0.0
2018-04-26 21:00:00,0.0
2018-04-26 21:15:00,0.0
2018-04-26 21:30:00,0.0
2018-04-26 21:45:00,0.0
2018-04-26 22:00:00,0.0
2018-04-26 22:15:00,0.0
2018-04-26 22:30:00,0.0
2018-04-26 22:45:00,0.0
2018-04-26 23:00:00,0.0
2018-04-26 23:15:00,0.0
2018-04-26 23:30:00,0.0
2018-04-26 23:45:00,0.0
2018-04-27 00:00:00,0.0
2018-04-27 00:15:00,0.0
2018-04-27 00:30:00,0.0
2018-04-27 00:45:00,0.0
2018-04-27 01:00:00,0.0
2018-04-27 01:15:00,0.0
2018-04-27 01:30:00,0.0
2018-04-27 01:45:00,0.0
2018-04-27 02:00:00,0.0
2018-04-27 02:15:00,0.0
2018-04-27 02:30:00,0.0
2018-04-27 02:45:00,0.0
2018-04-27 03:00:00,0.0
2018-04-27 03:15:00,0.0
2018-04-27 03:30:00,0.0
2018-04-27 03:45:00,0.0
2018-04-27 04:00:00,0.0
2018-04-27 04:15:00,0.0
2018-04-27 04:30:00,0.0
2018-04-27 04:45:00,0.0
2018-04-27 05:00:00,0.0
2018-04-27 05:15:00,0.0
2018-04-27 05:30:00,0.0
2018-04-27 05:45:00,0.0
2018-04-27 06:00:00,0.0
2018-04-27 06:15:00,0.0
2018-04-27 06:30:00,0.0
2018-04-27 06:45:00,0.0
2018-04-27 07:00:00,0.0
2018-04-27 07:15:00,0.0
2018-04-27 07:30:00,0.0
2018-04-27 07:45:00,0.0
2018-04-27 08:00:00,0.0
2018-04-27 08:15:00,0.0
2018-04-27 08:30:00,0.0
2018-04-27 08:45:00,0.0
2018-04-27 09:00:00,0.0
2018-04-27 09:15:00,0.0
2018-04-27 09:30:00,0.0
2018-04-27 09:45:00,0.0
2018-04-27 10:00:00,0.0
2018-04-27 10:15:00,0.0
2018-04-27 10:30:00,0.0
2018-04-27 10:45:00,0.0
2018-04-27 11:00:00,0.0
2018-04-27 11:15:00,0.0
2018-04-27 11:30:00,0.0
2018-04-27 11:45:00,0.0
2018-04-27 12:00:00,0.0
2018-04-27 12:15:00,0.0
2018-04-27 12:30:00,0.0
2018-04-27 12:45:00,0.0
2018-04-27 13:00:00,0.0
2018-04-27 13:15:00,0.0
2018-04-27 13:30:00,0.0
2018-04-27 13:45:00,0.0
2018-04-27 14:00:00,0.0
2018-04-27 14:15:00,0.0
2018-04-27 14:30:00,0.0
2018-04-27 14:45:00,0.0
2018-04-27 15:00:00,0.0
2018-04-27 15:15:00,0.0
2018-04-27 15:30:00,0.0
2018-04-27 15:45:00,0.0
2018-04-27 16:00:00,0.0
2018-04-27 16:15:00,0.0
2018-04-27 16:30:00,0.0
2018-04-27 16:45:00,0.0
2018-04-27 17:00:00,0.0
2018-04-27 17:15:00,0.0
2018-04-27 17:30:00,0.0
2018-04-27 17:45:00,0.0
2018-04-27 18:00:00,0.0
2018-04-27 18:15:00,0.0
2018-04-27 18:30:00,0.0
2018-04-27 18:45:00,0.0
2018-04-27 19:00:00,0.0
2018-04-27 19:15:00,0.0
2018-04-27 19:30:00,0.0
2018-04-27 19:45:00,0.0
2018-04-27 20:00:00,0.0
2018-04-27 20:15:00,0.0
2018-04-27 20:30:00,0.0
2018-04-27 20:45:00,0.0
2018-04-27 21:00:00,0.0
2018-04-27 21:15:00,0.0
2018-04-27 21:30:00,0.0
2018-04-27 21:45:00,0.0
2018-04-27 22:00:00,0.0
2018-04-27 22:15:00,0.0
2018-04-27 22:30:00,0.0
2018-04-27 22:45:00,0.0
2018-04-27 23:00:00,0.0
2018-04-27 23:15:00,0.0
2018-04-27 23:30:00,0.0
2018-04-27 23:45:00,0.0
2018-04-28 00:00:00,0.0
2018-04-28 00:15:00,0.0
2018-04-28 00:30:00,0.0
2018-04-28 00:45:00,0.0
2018-04-28 01:00:00,0.0
2018-04-28 01:15:00,0.0
2018-04-28 01:30:00,0.0
2018-04-28 01:45:00,0.0
2018-04-28 02:00:00,0.0
2018-04-28 02:15:00,0.0
2018-04-28 02:30:00,0.0
2018-04-28 02:45:00,0.0
2018-04-28 03:00:00,0.0
2018-04-28 03:15:00,0.0
2018-04-28 03:30:00,0.0
2018-04-28 03:45:00,0.0
2018-04-28 04:00:00,0.0
2018-04-28 04:15:00,0.0
2018-04-28 04:30:00,0.0
2018-04-28 04:45:00,0.0
2018-04-28 05:00:00,0.0
2018-04-28 05:15:00,0.0
2018-04-28 05:30:00,0.0
2018-04-28 05:45:00,0.0
2018-04-28 06:00:00,0.0
2018-04-28 06:15:00,0.0
2018-04-28 06:30:00,0.0
2018-04-28 06:45:00,0.0
2018-04-28 07:00:00,0.0
2018-04-28 07:15:00,0.0
2018-04-28 07:30:00,0.0
2018-04-28 07:45:00,0.0
2018-04-28 08:00:00,0.0
2018-04-28 08:15:00,0.0
2018-04-28 08:30:00,0.0
2018-04-28 08:45:00,0.0
2018-04-28 09:00:00,0.0
2018-04-28 09:15:00,0.0
2018-04-28 09:30:00,0.0
2018-04-28 09:45:00,0.0
2018-04-28 10:00:00,0.0
2018-04-28 10:15:00,0.0
2018-04-28 10:30:00,0.0
2018-04-28 10:45:00,0.0
2018-04-28 11:00:00,0.0
2018-04-28 11:15:00,0.0
2018-04-28 11:30:00,0.0
2018-04-28 11:45:00,0.0
2018-04-28 12:00:00,0.0
2018-04-28 12:15:00,0.0
2018-04-28 12:30:00,0.0
2018-04-28 12:45:00,0.0
2018-04-28 13:00:00,0.0
2018-04-28 13:15:00,0.0
2018-04-28 13:30:00,0.0
2018-04-28 13:45:00,0.0
2018-04-28 14:00:00,0.0
2018-04-28 14:15:00,0.0
2018-04-28 14:30:00,0.0
2018-04-28 14:45:00,0.0
2018-04-28 15:00:00,0.0
2018-04-28 15:15:00,0.0
2018-04-28 15:30:00,0.0
2018-04-28 15:45:00,0.0
2018-04-28 16:00:00,0.0
2018-04-28 16:15:00,0.0
2018-04-28 16:30:00,0.0
2018-04-28 16:45:00,0.0
2018-04-28 17:00:00,0.0
2018-04-28 17:15:00,0.0
2018-04-28 17:30:00,0.0
2018-04-28 17:45:00,0.0
2018-04-28 18:00:00,0.0
2018-04-28 18:15:00,0.0
2018-04-28 18:30:00,0.0
2018-04-28 18:45:00,0.0
2018-04-28 19:00:00,0.0
2018-04-28 19:15:00,0.0
2018-04-28 19:30:00,0.0
2018-04-28 19:45:00,0.0
2018-04-28 20:00:00,0.0
2018-04-28 20:15:00,0.0
2018-04-28 20:30:00,0.0
2018-04-28 20:45:00,0.0
2018-04-28 21:00:00,0.0
2018-04-28 21:15:00,0.0
2018-04-28 21:30:00,0.0
2018-04-28 21:45:00,0.0
2018-04-28 22:00:00,0.0
2018-04-28 22:15:00,0.0
2018-04-28 22:30:00,0.0
2018-04-28 22:45:00,0.0
2018-04-28 23:00:00,0.0
2018-04-28 23:15:00,0.0
2018-04-28 23:30:00,0.0
2018-04-28 23:45:00,0.0
2018-04-29 00:00:00,0.0
2018-04-29 00:15:00,0.0
2018-04-29 00:30:00,0.0
2018-04-29 00:45:00,0.0
2018-04-29 01:00:00,0.0
2018-04-29 01:15:00,0.0
2018-04-29 01:30:00,0.0
2018-04-29 01:45:00,0.0
2018-04-29 02:00:00,0.0
2018-04-29 02:15:00,0.0
2018-04-29 02:30:00,0.0
2018-04-29 02:45:00,0.0
2018-04-29 03:00:00,0.0
2018-04-29 03:15:00,0.0
2018-04-29 03:30:00,0.0
2018-04-29 03:45:00,0.0
2018-04-29 04:00:00,0.0
2018-04-29 04:15:00,0.0
2018-04-29 04:30:00,0.0
2018-04-29 04:45:00,0.0
2018-04-29 05:00:00,0.0
2018-04-29 05:15:00,0.0
2018-04-29 05:30:00,0.0
2018-04-29 05:45:00,0.0
2018-04-29 06:00:00,0.0
2018-04-29 06:15:00,0.0
2018-04-29 06:30:00,0.0
2018-04-29 06:45:00,0.0
2018-04-29 07:00:00,0.0
2018-04-29 07:15:00,0.0
2018-04-29 07:30:00,0.0
2018-04-29 07:45:00,0.0
2018-04-29 08:00:00,0.0
2018-04-29 08:15:00,0.0
2018-04-29 08:30:00,0.0
2018-04-29 08:45:00,0.0
2018-04-29 09:00:00,0.0
2018-04-29 09:15:00,0.0
2018-04-29 09:30:00,0.0
2018-04-29 09:45:00,0.0
2018-04-29 10:00:00,0.0
2018-04-29 10:15:00,0.0
2018-04-29 10:30:00,0.0
2018-04-29 10:45:00,0.0
2018-04-29 11:00:00,0.0
2018-04-29 11:15:00,0.0
2018-04-29 11:30:00,0.0
2018-04-29 11:45:00,0.0
2018-04-29 12:00:00,0.0
2018-04-29 12:15:00,0.0
2018-04-29 12:30:00,0.0
2018-04-29 12:45:00,0.0
2018-04-29 13:00:00,0.0
2018-04-29 13:15:00,0.0
2018-04-29 13:30:00,0.0
2018-04-29 13:45:00,0.0
2018-04-29 14:00:00,0.0
2018-04-29 14:15:00,0.0
2018-04-29 14:30:00,0.0
2018-04-29 14:45:00,0.0
2018-04-29 15:00:00,0.0
2018-04-29 15:15:00,0.0
2018-04-29 15:30:00,0.0
2018-04-29 15:45:00,0.0
2018-04-29 16:00:00,0.0
2018-04-29 16:15:00,0.0
2018-04-29 16:30:00,0.0
2018-04-29 16:45:00,0.0
2018-04-29 17:00:00,0.0
2018-04-29 17:15:00,0.0
2018-04-29 17:30:00,0.0
2018-04-29 17:45:00,0.0
2018-04-29 18:00:00,0.0
2018-04-29 18:15:00,0.0
2018-04-29 18:30:00,0.0
2018-04-29 18:45:00,0.0
2018-04-29 19:00:00,0.0
2018-04-29 19:15:00,0.0
2018-04-29 19:30:00,0.0
2018-04-29 19:45:00,0.0
2018-04-29 20:00:00,0.0
2018-04-29 20:15:00,0.0
2018-04-29 20:30:00,0.0
2018-04-29 20:45:00,0.0
2018-04-29 21:00:00,0.0
2018-04-29 21:15:00,0.0
2018-04-29 21:30:00,0.0
2018-04-29 21:45:00,0.0
2018-04-29 22:00:00,0.0
2018-04-29 22:15:00,0.0
2018-04-29 22:30:00,0.0
2018-04-29 22:45:00,0.0
2018-04-29 23:00:00,0.0
2018-04-29 23:15:00,0.0
2018-04-29 23:30:00,0.0
2018-04-29 23:45:00,0.0
2018-04-30 00:00:00,0.0
2018-04-30 00:15:00,0.0
2018-04-30 00:30:00,0.0
2018-04-30 00:45:00,0.0
2018-04-30 01:00:00,0.0
2018-04-30 01:15:00,0.0
2018-04-30 01:30:00,0.0
2018-04-30 01:45:00,0.0
2018-04-30 02:00:00,0.0
2018-04-30 02:15:00,0.0
2018-04-30 02:30:00,0.0
2018-04-30 02:45:00,0.0
2018-04-30 03:00:00,0.0
2018-04-30 03:15:00,0.0
2018-04-30 03:30:00,0.0
2018-04-30 03:45:00,0.0
2018-04-30 04:00:00,0.0
2018-04-30 04:15:00,0.0
2018-04-30 04:30:00,0.0
2018-04-30 04:45:00,0.0
2018-04-30 05:00:00,0.0
2018-04-30 05:15:00,0.0
2018-04-30 05:30:00,0.0
2018-04-30 05:45:00,0.0
2018-04-30 06:00:00,0.0
2018-04-30 06:15:00,0.0
2018-04-30 06:30:00,0.0
2018-04-30 06:45:00,0.0
2018-04-30 07:00:00,0.0
2018-04-30 07:15:00,0.0
2018-04-30 07:30:00,0.0
2018-04-30 07:45:00,0.0
2018-04-30 08:00:00,0.0
2018-04-30 08:15:00,0.0
2018-04-30 08:30:00,0.0
2018-04-30 08:45:00,0.0
2018-04-30 09:00:00,0.0
2018-04-30 09:15:00,0.0
2018-04-30 09:30:00,0.0
2018-04-30 09:45:00,0.0
2018-04-30 10:00:00,0.0
2018-04-30 10:15:00,0.0
2018-04-30 10:30:00,0.0
2018-04-30 10:45:00,0.0
2018-04-30 11:00:00,0.0
2018-04-30 11:15:00,0.0
2018-04-30 11:30:00,0.0
2018-04-30 11:45:00,0.0
2018-04-30 12:00:00,0.0
2018-04-30 12:15:00,0.0
2018-04-30 12:30:00,0.0
2018-04-30 12:45:00,0.0
2018-04-30 13:00:00,0.0
2018-04-30 13:15:00,0.0
2018-04-30 13:30:00,0.0
2018-04-30 13:45:00,0.0
2018-04-30 14:00:00,0.0
2018-04-30 14:15:00,0.0
2018-04-30 14:30:00,0.0
2018-04-30 14:45:00,0.0
2018-04-30 15:00:00,0.0
2018-04-30 15:15:00,0.0
2018-04-30 15:30:00,0.0
2018-04-30 15:45:00,0.0
2018-04-30 16:00:00,0.0
2018-04-30 16:15:00,0.0
2018-04-30 16:30:00,0.0
2018-04-30 16:45:00,0.0
2018-04-30 17:00:00,0.0
2018-04-30 17:15:00,0.0
2018-04-30 17:30:00,0.0
2018-04-30 17:45:00,0.0
2018-04-30 18:00:00,0.0
2018-04-30 18:15:00,0.0
2018-04-30 18:30:00,0.0
2018-04-30 18:45:00,0.0
2018-04-30 19:00:00,0.0
2018-04-30 19:15:00,0.0
2018-04-30 19:30:00,0.0
2018-04-30 19:45:00,0.0
2018-04-30 20:00:00,0.0
2018-04-30 20:15:00,0.0
2018-04-30 20:30:00,0.0
2018-04-30 20:45:00,0.0
2018-04-30 21:00:00,0.0
2018-04-30 21:15:00,0.0
2018-04-30 21:30:00,0.0
2018-04-30 21:45:00,0.0
2018-04-30 22:00:00,0.0
2018-04-30 22:15:00,0.0
2018-04-30 22:30:00,0.0
2018-04-30 22:45:00,0.0
2018-04-30 23:00:00,0.0
2018-04-30 23:15:00,0.0
2018-04-30 23:30:00,0.0
2018-04-30 23:45:00,0.0
2018-05-01 00:00:00,0.0
2018-05-01 00:15:00,0.0
2018-05-01 00:30:00,0.0
2018-05-01 00:45:00,0.0
2018-05-01 01:00:00,0.0
2018-05-01 01:15:00,0.0
2018-05-01 01:30:00,0.0
2018-05-01 01:45:00,0.0
2018-05-01 02:00:00,0.0
2018-05-01 02:15:00,0.0
2018-05-01 02:30:00,0.0
2018-05-01 02:45:00,0.0
2018-05-01 03:00:00,0.0
2018-05-01 03:15:00,0.0
2018-05-01 03:30:00,0.0
2018-05-01 03:45:00,0.0
2018-05-01 04:00:00,0.0
2018-05-01 04:15:00,0.0
2018-05-01 04:30:00,0.0
2018-05-01 04:45:00,0.0
2018-05-01 05:00:00,0.0
2018-05-01 05:15:00,0.0
2018-05-01 05:30:00,0.0
2018-05-01 05:45:00,0.0
2018-05-01 06:00:00,0.0
2018-05-01 06:15:00,0.0
2018-05-01 06:30:00,0.0
2018-05-01 06:45:00,0.0
2018-05-01 07:00:00,0.0
2018-05-01 07:15:00,0.0
2018-05-01 07:30:00,0.0
2018-05-01 07:45:00,0.0
2018-05-01 08:00:00,0.0
2018-05-01 08:15:00,0.0
2018-05-01 08:30:00,0.0
2018-05-01 08:45:00,0.0
2018-05-01 09:00:00,0.0
2018-05-01 09:15:00,0.0
2018-05-01 09:30:00,0.0
2018-05-01 09:45:00,0.0
2018-05-01 10:00:00,0.0
2018-05-01 10:15:00,0.0
2018-05-01 10:30:00,0.0
2018-05-01 10:45:00,0.0
2018-05-01 11:00:00,0.0
2018-05-01 11:15:00,0.0
2018-05-01 11:30:00,0.0
2018-05-01 11:45:00,0.0
2018-05-01 12:00:00,0.0
2018-05-01 12:15:00,0.0
2018-05-01 12:30:00,0.0
2018-05-01 12:45:00,0.0
2018-05-01 13:00:00,0.0
2018-05-01 13:15:00,0.0
2018-05-01 13:30:00,0.0
2018-05-01 13:45:00,0.0
2018-05-01 14:00:00,0.0
2018-05-01 14:15:00,0.0
2018-05-01 14:30:00,0.0
2018-05-01 14:45:00,0.0
2018-05-01 15:00:00,0.0
2018-05-01 15:15:00,0.0
2018-05-01 15:30:00,0.0
2018-05-01 15:45:00,0.0
2018-05-01 16:00:00,0.0
2018-05-01 16:15:00,0.0
2018-05-01 16:30:00,0.0
2018-05-01 16:45:00,0.0
2018-05-01 17:00:00,0.0
2018-05-01 17:15:00,0.0
2018-05-01 17:30:00,0.0
2018-05-01 17:45:00,0.0
2018-05-01 18:00:00,0.0
2018-05-01 18:15:00,0.0
2018-05-01 18:30:00,0.0
2018-05-01 18:45:00,0.0
2018-05-01 19:00:00,0.0
2018-05-01 19:15:00,0.0
2018-05-01 19:30:00,0.0
2018-05-01 19:45:00,0.0
2018-05-01 20:00:00,0.0
2018-05-01 20:15:00,0.0
2018-05-01 20:30:00,0.0
2018-05-01 20:45:00,0.0
2018-05-01 21:00:00,0.0
2018-05-01 21:15:00,0.0
2018-05-01 21:30:00,0.0
2018-05-01 21:45:00,0.0
2018-05-01 22:00:00,0.0
2018-05-01 22:15:00,0.0
2018-05-01 22:30:00,0.0
2018-05-01 22:45:00,0.0
2018-05-01 23:00:00,0.0
2018-05-01 23:15:00,0.0
2018-05-01 23:30:00,0.0
2018-05-01 23:45:00,0.0
2018-05-02 00:00:00,0.0
2018-05-02 00:15:00,0.0
2018-05-02 00:30:00,0.0
2018-05-02 00:45:00,0.0
2018-05-02 01:00:00,0.0
2018-05-02 01:15:00,0.0
2018-05-02 01:30:00,0.0
2018-05-02 01:45:00,0.0
2018-05-02 02:00:00,0.0
2018-05-02 02:15:00,0.0
2018-05-02 02:30:00,0.0
2018-05-02 02:45:00,0.0
2018-05-02 03:00:00,0.0
2018-05-02 03:15:00,0.0
2018-05-02 03:30:00,0.0
2018-05-02 03:45:00,0.0
2018-05-02 04:00:00,0.0
2018-05-02 04:15:00,0.0
2018-05-02 04:30:00,0.0
2018-05-02 04:45:00,0.0
2018-05-02 05:02:00,0.0
2018-05-02 05:15:00,0.0
2018-05-02 05:30:00,0.0
2018-05-02 05:45:00,0.0
2018-05-02 06:00:00,0.0
2018-05-02 06:15:00,0.0
2018-05-02 06:30:00,0.0
2018-05-02 06:45:00,0.0
2018-05-02 07:00:00,0.0
2018-05-02 07:15:00,0.0
2018-05-02 07:30:00,0.0
2018-05-02 07:45:00,0.0
2018-05-02 08:00:00,0.0
2018-05-02 08:15:00,0.0
2018-05-02 08:30:00,0.0
2018-05-02 08:45:00,0.0
2018-05-02 09:00:00,0.0
2018-05-02 09:15:00,0.0
2018-05-02 09:30:00,0.0
2018-05-02 09:45:00,0.0
2018-05-02 10:00:00,0.0
2018-05-02 10:15:00,0.0
2018-05-02 10:30:00,0.0
2018-05-02 10:45:00,0.0
2018-05-02 11:00:00,0.0
2018-05-02 11:15:00,0.0
2018-05-02 11:30:00,0.0
2018-05-02 11:45:00,0.0
2018-05-02 12:00:00,0.0
2018-05-02 12:15:00,0.0
2018-05-02 12:30:00,0.0
2018-05-02 12:45:00,0.0
2018-05-02 13:00:00,0.0
2018-05-02 13:15:00,0.0
2018-05-02 13:30:00,0.0
2018-05-02 13:45:00,0.0
2018-05-02 14:00:00,0.0
2018-05-02 14:15:00,0.0
2018-05-02 14:30:00,0.0
2018-05-02 14:45:00,0.0
2018-05-02 15:00:00,0.0
2018-05-02 15:15:00,0.0
2018-05-02 15:30:00,0.0
2018-05-02 15:45:00,0.0
2018-05-02 16:00:00,0.0
2018-05-02 16:15:00,0.0
2018-05-02 16:30:00,0.0
2018-05-02 16:45:00,0.0
2018-05-02 17:00:00,0.0
2018-05-02 17:15:00,0.0
2018-05-02 17:30:00,0.0
2018-05-02 17:45:00,0.0
2018-05-02 18:00:00,0.0
2018-05-02 18:15:00,0.0
2018-05-02 18:30:00,0.0
2018-05-02 18:45:00,0.0
2018-05-02 19:00:00,0.0
2018-05-02 19:15:00,0.0
2018-05-02 19:30:00,0.0
2018-05-02 19:45:00,0.0
2018-05-02 20:00:00,0.0
2018-05-02 20:15:00,0.0
2018-05-02 20:30:00,0.0
2018-05-02 20:45:00,0.0
2018-05-02 21:00:00,0.0
2018-05-02 21:15:00,0.0
2018-05-02 21:30:00,0.0
2018-05-02 21:45:00,0.0
2018-05-02 22:00:00,0.0
2018-05-02 22:15:00,0.0
2018-05-02 22:30:00,0.0
2018-05-02 22:45:00,0.0
2018-05-02 23:00:00,0.0
2018-05-02 23:15:00,0.0
2018-05-02 23:30:00,0.0
2018-05-02 23:45:00,0.0
2018-05-03 00:00:00,0.0
2018-05-03 00:15:00,0.0
2018-05-03 00:30:00,0.0
2018-05-03 00:45:00,0.0
2018-05-03 01:00:00,0.0
2018-05-03 01:15:00,0.0
2018-05-03 01:30:00,0.0
2018-05-03 01:45:00,0.0
2018-05-03 02:00:00,0.0
2018-05-03 02:15:00,0.0
2018-05-03 02:30:00,0.0
2018-05-03 02:45:00,0.0
2018-05-03 03:00:00,0.0
2018-05-03 03:15:00,0.0
2018-05-03 03:30:00,0.0
2018-05-03 03:45:00,0.0
2018-05-03 04:00:00,0.0
2018-05-03 04:15:00,0.0
2018-05-03 04:30:00,0.0
2018-05-03 04:45:00,0.0
2018-05-03 05:00:00,0.0
2018-05-03 05:15:00,0.0
2018-05-03 05:30:00,0.0
2018-05-03 05:45:00,0.0
2018-05-03 06:00:00,0.0
2018-05-03 06:15:00,0.0
2018-05-03 06:30:00,0.0
2018-05-03 06:45:00,0.0
2018-05-03 07:00:00,0.0
2018-05-03 07:15:00,0.0
2018-05-03 07:30:00,0.0
2018-05-03 07:45:00,0.0
2018-05-03 08:00:00,0.0
2018-05-03 08:15:00,0.0
2018-05-03 08:30:00,0.0
2018-05-03 08:45:00,0.0
2018-05-03 09:00:00,0.0
2018-05-03 09:15:00,0.0
2018-05-03 09:30:00,0.0
2018-05-03 09:45:00,0.0
2018-05-03 10:00:00,0.0
2018-05-03 10:15:00,0.0
2018-05-03 10:30:00,0.0
2018-05-03 10:45:00,0.0
2018-05-03 11:00:00,0.0
2018-05-03 11:15:00,0.0
2018-05-03 11:30:00,0.0
2018-05-03 11:45:00,0.0
2018-05-03 12:00:00,0.0
2018-05-03 12:15:00,0.0
2018-05-03 12:30:00,0.0
2018-05-03 12:45:00,0.0
2018-05-03 13:00:00,0.0
2018-05-03 13:15:00,0.0
2018-05-03 13:30:00,0.0
2018-05-03 13:45:00,0.0
2018-05-03 14:00:00,0.0
2018-05-03 14:15:00,0.0
2018-05-03 14:30:00,0.0
2018-05-03 14:45:00,0.0
2018-05-03 15:00:00,0.0
2018-05-03 15:15:00,0.0
2018-05-03 15:30:00,0.0
2018-05-03 15:45:00,0.0
2018-05-03 16:00:00,0.0
2018-05-03 16:15:00,0.0
2018-05-03 16:30:00,0.0
2018-05-03 16:45:00,0.0
2018-05-03 17:00:00,0.0
2018-05-03 17:15:00,0.0
2018-05-03 17:30:00,0.0
2018-05-03 17:45:00,0.0
2018-05-03 18:00:00,0.0
2018-05-03 18:15:00,0.0
2018-05-03 18:30:00,0.0
2018-05-03 18:45:00,0.0
2018-05-03 19:00:00,0.0
2018-05-03 19:15:00,0.0
2018-05-03 19:30:00,0.0
2018-05-03 19:45:00,0.0
2018-05-03 20:00:00,0.0
2018-05-03 20:15:00,0.0
2018-05-03 20:30:00,0.0
2018-05-03 20:45:00,0.0
2018-05-03 21:00:00,0.0
2018-05-03 21:15:00,0.0
2018-05-03 21:30:00,0.0
2018-05-03 21:45:00,0.0
2018-05-03 22:00:00,0.0
2018-05-03 22:15:00,0.0
2018-05-03 22:30:00,0.0
2018-05-03 22:45:00,0.0
2018-05-03 23:00:00,0.0
2018-05-03 23:15:00,0.0
2018-05-03 23:30:00,0.0
2018-05-03 23:45:00,0.0
2018-05-04 00:00:00,0.0
2018-05-04 00:15:00,0.0
2018-05-04 00:30:00,0.0
2018-05-04 00:45:00,0.0
2018-05-04 01:00:00,0.0
2018-05-04 01:15:00,0.0
2018-05-04 01:30:00,0.0
2018-05-04 01:45:00,0.0
2018-05-04 02:00:00,0.0
2018-05-04 02:15:00,0.0
2018-05-04 02:30:00,0.0
2018-05-04 02:45:00,0.0
2018-05-04 03:00:00,0.0
2018-05-04 03:15:00,0.0
2018-05-04 03:30:00,0.0
2018-05-04 03:45:00,0.0
2018-05-04 04:00:00,0.0
2018-05-04 04:15:00,0.0
2018-05-04 04:30:00,0.0
2018-05-04 04:45:00,0.0
2018-05-04 05:00:00,0.0
2018-05-04 05:15:00,0.0
2018-05-04 05:30:00,0.0
2018-05-04 05:45:00,0.0
2018-05-04 06:00:00,0.0
2018-05-04 06:15:00,0.0
2018-05-04 06:30:00,0.0
2018-05-04 06:45:00,0.0
2018-05-04 07:00:00,0.0
2018-05-04 07:15:00,0.0
2018-05-04 07:30:00,0.0
2018-05-04 07:45:00,0.0
2018-05-04 08:00:00,0.0
2018-05-04 08:15:00,0.0
2018-05-04 08:30:00,0.0
2018-05-04 08:45:00,0.0
2018-05-04 09:00:00,0.0
2018-05-04 09:15:00,0.0
2018-05-04 09:30:00,0.0
2018-05-04 09:45:00,0.0
2018-05-04 10:00:00,0.0
2018-05-04 10:15:00,0.0
2018-05-04 10:30:00,0.0
2018-05-04 10:45:00,0.0
2018-05-04 11:00:00,0.0
2018-05-04 11:15:00,0.0
2018-05-04 11:30:00,0.0
2018-05-04 11:45:00,0.0
2018-05-04 12:00:00,0.0
2018-05-04 12:15:00,0.0
2018-05-04 12:30:00,0.0
2018-05-04 12:45:00,0.0
2018-05-04 13:00:00,0.0
2018-05-04 13:15:00,0.0
2018-05-04 13:30:00,0.0
2018-05-04 13:45:00,0.0
2018-05-04 14:00:00,0.0
2018-05-04 14:15:00,0.0
2018-05-04 14:30:00,0.0
2018-05-04 14:45:00,0.0
2018-05-04 15:00:00,0.0
2018-05-04 15:15:00,0.0
2018-05-04 15:30:00,0.0
2018-05-04 15:45:00,0.0
2018-05-04 16:00:00,0.0
2018-05-04 16:15:00,0.0
2018-05-04 16:30:00,0.0
2018-05-04 16:45:00,0.0
2018-05-04 17:00:00,0.0
2018-05-04 17:15:00,0.0
2018-05-04 17:30:00,0.0
2018-05-04 17:45:00,0.0
2018-05-04 18:00:00,0.0
2018-05-04 18:15:00,0.0
2018-05-04 18:30:00,0.0
2018-05-04 18:45:00,0.0
2018-05-04 19:00:00,0.0
2018-05-04 19:15:00,0.0
2018-05-04 19:30:00,0.0
2018-05-04 19:45:00,0.0
2018-05-04 20:00:00,0.0
2018-05-04 20:15:00,0.0
2018-05-04 20:30:00,0.0
2018-05-04 20:45:00,0.0
2018-05-04 21:00:00,0.0
2018-05-04 21:15:00,0.0
2018-05-04 21:30:00,0.0
2018-05-04 21:45:00,0.0
2018-05-04 22:00:00,0.0
2018-05-04 22:15:00,0.0
2018-05-04 22:30:00,0.0
2018-05-04 22:45:00,0.0
2018-05-04 23:00:00,0.0
2018-05-04 23:15:00,0.0
2018-05-04 23:30:00,0.0
2018-05-04 23:45:00,0.0
2018-05-05 00:00:00,0.0
2018-05-05 00:15:00,0.0
2018-05-05 00:30:00,0.0
2018-05-05 00:45:00,0.0
2018-05-05 01:00:00,0.0
2018-05-05 01:15:00,0.0
2018-05-05 01:30:00,0.0
2018-05-05 01:45:00,0.0
2018-05-05 02:00:00,0.0
2018-05-05 02:15:00,0.0
2018-05-05 02:30:00,0.0
2018-05-05 02:45:00,0.0
2018-05-05 03:00:00,0.0
2018-05-05 03:15:00,0.0
2018-05-05 03:30:00,0.0
2018-05-05 03:45:00,0.0
2018-05-05 04:00:00,0.0
2018-05-05 04:15:00,0.0
2018-05-05 04:30:00,0.0
2018-05-05 04:45:00,0.0
2018-05-05 05:00:00,0.0
2018-05-05 05:15:00,0.0
2018-05-05 05:30:00,0.0
2018-05-05 05:45:00,0.0
2018-05-05 06:00:00,0.0
2018-05-05 06:15:00,0.0
2018-05-05 06:30:00,0.0
2018-05-05 06:45:00,0.0
2018-05-05 07:00:00,0.0
2018-05-05 07:15:00,0.0
2018-05-05 07:30:00,0.0
2018-05-05 07:45:00,0.0
2018-05-05 08:00:00,0.0
2018-05-05 08:15:00,0.0
2018-05-05 08:30:00,0.0
2018-05-05 08:45:00,0.0
2018-05-05 09:00:00,0.0
2018-05-05 09:15:00,0.0
2018-05-05 09:30:00,0.0
2018-05-05 09:45:00,0.0
2018-05-05 10:00:00,0.0
2018-05-05 10:15:00,0.0
2018-05-05 10:30:00,0.0
2018-05-05 10:45:00,0.0
2018-05-05 11:00:00,0.0
2018-05-05 11:15:00,0.0
2018-05-05 11:30:00,0.0
2018-05-05 11:45:00,0.0
2018-05-05 12:00:00,0.0
2018-05-05 12:15:00,0.0
2018-05-05 12:30:00,0.0
2018-05-05 12:45:00,0.0
2018-05-05 13:00:00,0.0
2018-05-05 13:15:00,0.0
2018-05-05 13:30:00,0.0
2018-05-05 13:45:00,0.0
2018-05-05 14:00:00,0.0
2018-05-05 14:15:00,0.0
2018-05-05 14:30:00,0.0
2018-05-05 14:45:00,0.0
2018-05-05 15:00:00,0.0
2018-05-05 15:15:00,0.0
2018-05-05 15:30:00,0.0
2018-05-05 15:45:00,0.0
2018-05-05 16:00:00,0.0
2018-05-05 16:15:00,0.0
2018-05-05 16:30:00,0.0
2018-05-05 16:45:00,0.0
2018-05-05 17:00:00,0.0
2018-05-05 17:15:00,0.0
2018-05-05 17:30:00,0.0
2018-05-05 17:45:00,0.0
2018-05-05 18:00:00,0.0
2018-05-05 18:15:00,0.0
2018-05-05 18:30:00,0.0
2018-05-05 18:45:00,0.0
2018-05-05 19:00:00,0.0
2018-05-05 19:15:00,0.0
2018-05-05 19:30:00,0.0
2018-05-05 19:45:00,0.0
2018-05-05 20:00:00,0.0
2018-05-05 20:15:00,0.0
2018-05-05 20:30:00,0.0
2018-05-05 20:45:00,0.0
2018-05-05 21:00:00,0.0
2018-05-05 21:15:00,0.0
2018-05-05 21:30:00,0.0
2018-05-05 21:45:00,0.0
2018-05-05 22:00:00,0.0
2018-05-05 22:15:00,0.0
2018-05-05 22:30:00,0.0
2018-05-05 22:45:00,0.0
2018-05-05 23:00:00,0.0
2018-05-05 23:15:00,0.0
2018-05-05 23:30:00,0.0
2018-05-05 23:45:00,0.0
2018-05-06 00:00:00,0.0
2018-05-06 00:15:00,0.0
2018-05-06 00:30:00,0.0
2018-05-06 00:45:00,0.0
2018-05-06 01:00:00,0.0
2018-05-06 01:15:00,0.0
2018-05-06 01:30:00,0.0
2018-05-06 01:45:00,0.0
2018-05-06 02:00:00,0.0
2018-05-06 02:15:00,0.0
2018-05-06 02:30:00,0.0
2018-05-06 02:45:00,0.0
2018-05-06 03:00:00,0.0
2018-05-06 03:15:00,0.0
2018-05-06 03:30:00,0.0
2018-05-06 03:45:00,0.0
2018-05-06 04:00:00,0.0
2018-05-06 04:15:00,0.0
2018-05-06 04:30:00,0.0
2018-05-06 04:45:00,0.0
2018-05-06 05:00:00,0.0
2018-05-06 05:15:00,0.0
2018-05-06 05:30:00,0.0
2018-05-06 05:45:00,0.0
2018-05-06 06:00:00,0.0
2018-05-06 06:15:00,0.0
2018-05-06 06:30:00,0.0
2018-05-06 06:45:00,0.0
2018-05-06 07:00:00,0.0
2018-05-06 07:15:00,0.0
2018-05-06 07:30:00,0.0
2018-05-06 07:45:00,0.0
2018-05-06 08:00:00,0.0
2018-05-06 08:15:00,0.0
2018-05-06 08:30:00,0.0
2018-05-06 08:45:00,0.0
2018-05-06 09:00:00,0.0
2018-05-06 09:15:00,0.0
2018-05-06 09:30:00,0.0
2018-05-06 09:45:00,0.0
2018-05-06 10:00:00,0.0
2018-05-06 10:15:00,0.0
2018-05-06 10:30:00,0.0
2018-05-06 10:45:00,0.0
2018-05-06 11:00:00,0.0
2018-05-06 11:15:00,0.0
2018-05-06 11:30:00,0.0
2018-05-06 11:45:00,0.0
2018-05-06 12:00:00,0.0
2018-05-06 12:15:00,0.0
2018-05-06 12:30:00,0.0
2018-05-06 12:45:00,0.0
2018-05-06 13:00:00,0.0
2018-05-06 13:15:00,0.0
2018-05-06 13:30:00,0.0
2018-05-06 13:45:00,0.0
2018-05-06 14:00:00,0.0
2018-05-06 14:15:00,0.0
2018-05-06 14:30:00,0.0
2018-05-06 14:45:00,0.0
2018-05-06 15:00:00,0.0
2018-05-06 15:15:00,0.0
2018-05-06 15:30:00,0.0
2018-05-06 15:45:00,0.0
2018-05-06 16:00:00,0.0
2018-05-06 16:15:00,0.0
2018-05-06 16:30:00,0.0
2018-05-06 16:45:00,0.0
2018-05-06 17:00:00,0.0
2018-05-06 17:15:00,0.0
2018-05-06 17:30:00,0.0
2018-05-06 17:45:00,0.0
2018-05-06 18:00:00,0.0
2018-05-06 18:15:00,0.0
2018-05-06 18:30:00,0.0
2018-05-06 18:45:00,0.0
2018-05-06 19:00:00,0.0
2018-05-06 19:15:00,0.0
2018-05-06 19:30:00,0.0
2018-05-06 19:45:00,0.0
2018-05-06 20:00:00,0.0
2018-05-06 20:15:00,0.0
2018-05-06 20:30:00,0.0
2018-05-06 20:45:00,0.0
2018-05-06 21:00:00,0.0
2018-05-06 21:15:00,0.0
2018-05-06 21:30:00,0.0
2018-05-06 21:45:00,0.0
2018-05-06 22:00:00,0.0
2018-05-06 22:15:00,0.0
2018-05-06 22:30:00,0.0
2018-05-06 22:45:00,0.0
2018-05-06 23:00:00,0.0
2018-05-06 23:15:00,0.0
2018-05-06 23:30:00,0.0
2018-05-06 23:45:00,0.0
2018-05-07 00:00:00,0.0
2018-05-07 00:15:00,0.0
2018-05-07 00:30:00,0.0
2018-05-07 00:45:00,0.0
2018-05-07 01:00:00,0.0
2018-05-07 01:15:00,0.0
2018-05-07 01:30:00,0.0
2018-05-07 01:45:00,0.0
2018-05-07 02:00:00,0.0
2018-05-07 02:15:00,0.0
2018-05-07 02:30:00,0.0
2018-05-07 02:45:00,0.0
2018-05-07 03:00:00,0.0
2018-05-07 03:15:00,0.0
2018-05-07 03:30:00,0.0
2018-05-07 03:45:00,0.0
2018-05-07 04:00:00,0.0
2018-05-07 04:15:00,0.0
2018-05-07 04:30:00,0.0
2018-05-07 04:45:00,0.0
2018-05-07 05:00:00,0.0
2018-05-07 05:15:00,0.0
2018-05-07 05:30:00,0.0
2018-05-07 05:45:00,0.0
2018-05-07 06:00:00,0.0
2018-05-07 06:15:00,0.0
2018-05-07 06:30:00,0.0
2018-05-07 06:45:00,0.0
2018-05-07 07:00:00,0.0
2018-05-07 07:15:00,0.0
2018-05-07 07:30:00,0.0
2018-05-07 07:45:00,0.0
2018-05-07 08:00:00,0.0
2018-05-07 08:15:00,0.0
2018-05-07 08:30:00,0.0
2018-05-07 08:45:00,0.0
2018-05-07 09:00:00,0.0
2018-05-07 09:15:00,0.0
2018-05-07 09:30:00,0.0
2018-05-07 09:45:00,0.0
2018-05-07 10:00:00,0.0
2018-05-07 10:15:00,0.0
2018-05-07 10:30:00,0.0
2018-05-07 10:45:00,0.0
2018-05-07 11:00:00,0.0
2018-05-07 11:15:00,0.0
2018-05-07 11:30:00,0.0
2018-05-07 11:45:00,0.0
2018-05-07 12:00:00,0.0
2018-05-07 12:15:00,0.0
2018-05-07 12:30:00,0.0
2018-05-07 12:45:00,0.0
2018-05-07 13:00:00,0.0
2018-05-07 13:15:00,0.0
2018-05-07 13:30:00,0.0
2018-05-07 13:45:00,0.0
2018-05-07 14:00:00,0.0
2018-05-07 14:15:00,0.0
2018-05-07 14:30:00,0.0
2018-05-07 14:45:00,0.0
2018-05-07 15:00:00,0.0
2018-05-07 15:15:00,0.0
2018-05-07 15:30:00,0.0
2018-05-07 15:45:00,0.0
2018-05-07 16:00:00,0.0
2018-05-07 16:15:00,0.0
2018-05-07 16:30:00,0.0
2018-05-07 16:45:00,0.0
2018-05-07 17:00:00,0.0
2018-05-07 17:15:00,0.0
2018-05-07 17:30:00,0.0
2018-05-07 17:45:00,0.0
2018-05-07 18:00:00,0.0
2018-05-07 18:15:00,0.0
2018-05-07 18:30:00,0.0
2018-05-07 18:45:00,0.0
2018-05-07 19:00:00,0.0
2018-05-07 19:15:00,0.0
2018-05-07 19:30:00,0.0
2018-05-07 19:45:00,0.0
2018-05-07 20:00:00,0.0
2018-05-07 20:15:00,0.0
2018-05-07 20:30:00,0.0
2018-05-07 20:45:00,0.0
2018-05-07 21:00:00,0.0
2018-05-07 21:15:00,0.0
2018-05-07 21:30:00,0.0
2018-05-07 21:45:00,0.0
2018-05-07 22:00:00,0.0
2018-05-07 22:15:00,0.0
2018-05-07 22:30:00,0.0
2018-05-07 22:45:00,0.0
2018-05-07 23:00:00,0.0
2018-05-07 23:15:00,0.0
2018-05-07 23:30:00,0.0
2018-05-07 23:45:00,0.0
2018-05-08 00:00:00,0.0
2018-05-08 00:15:00,0.0
2018-05-08 00:30:00,0.0
2018-05-08 00:45:00,0.0
2018-05-08 01:00:00,0.0
2018-05-08 01:15:00,0.0
2018-05-08 01:30:00,0.0
2018-05-08 01:45:00,0.0
2018-05-08 02:00:00,0.0
2018-05-08 02:15:00,0.0
2018-05-08 02:30:00,0.0
2018-05-08 02:45:00,0.0
2018-05-08 03:00:00,0.0
2018-05-08 03:15:00,0.0
2018-05-08 03:30:00,0.0
2018-05-08 03:45:00,0.0
2018-05-08 04:00:00,0.0
2018-05-08 04:15:00,0.0
2018-05-08 04:30:00,0.0
2018-05-08 04:45:00,0.0
2018-05-08 05:00:00,0.0
2018-05-08 05:15:00,0.0
2018-05-08 05:30:00,0.0
2018-05-08 05:45:00,0.0
2018-05-08 06:00:00,0.0
2018-05-08 06:15:00,0.0
2018-05-08 06:30:00,0.0
2018-05-08 06:45:00,0.0
2018-05-08 07:00:00,0.0
2018-05-08 07:15:00,0.0
2018-05-08 07:30:00,0.0
2018-05-08 07:45:00,0.0
2018-05-08 08:00:00,0.0
2018-05-08 08:15:00,0.0
2018-05-08 08:30:00,0.0
2018-05-08 08:45:00,0.0
2018-05-08 09:00:00,0.0
2018-05-08 09:15:00,0.0
2018-05-08 09:30:00,0.0
2018-05-08 09:45:00,0.0
2018-05-08 10:00:00,0.0
2018-05-08 10:15:00,0.0
2018-05-08 10:30:00,0.0
2018-05-08 10:45:00,0.0
2018-05-08 11:00:00,0.0
2018-05-08 11:15:00,0.0
2018-05-08 11:30:00,0.0
2018-05-08 11:45:00,0.0
2018-05-08 12:00:00,0.0
2018-05-08 12:15:00,0.0
2018-05-08 12:30:00,0.0
2018-05-08 12:45:00,0.0
2018-05-08 13:00:00,0.0
2018-05-08 13:15:00,0.0
2018-05-08 13:30:00,0.0
2018-05-08 13:45:00,0.0
2018-05-08 14:00:00,0.0
2018-05-08 14:15:00,0.0
2018-05-08 14:30:00,0.0
2018-05-08 14:45:00,0.0
2018-05-08 15:00:00,0.0
2018-05-08 15:15:00,0.0
2018-05-08 15:30:00,0.0
2018-05-08 15:45:00,0.0
2018-05-08 16:00:00,0.0
2018-05-08 16:15:00,0.0
2018-05-08 16:30:00,0.0
2018-05-08 16:45:00,0.0
2018-05-08 17:00:00,0.0
2018-05-08 17:15:00,0.0
2018-05-08 17:30:00,0.0
2018-05-08 17:45:00,0.0
2018-05-08 18:00:00,0.0
2018-05-08 18:15:00,0.0
2018-05-08 18:30:00,0.0
2018-05-08 18:45:00,0.0
2018-05-08 19:00:00,0.0
2018-05-08 19:15:00,0.0
2018-05-08 19:30:00,0.0
2018-05-08 19:45:00,0.0
2018-05-08 20:00:00,0.0
2018-05-08 20:15:00,0.0
2018-05-08 20:30:00,0.0
2018-05-08 20:45:00,0.0
2018-05-08 21:00:00,0.0
2018-05-08 21:15:00,0.0
2018-05-08 21:30:00,0.0
2018-05-08 21:45:00,0.0
2018-05-08 22:00:00,0.0
2018-05-08 22:15:00,0.0
2018-05-08 22:30:00,0.0
2018-05-08 22:45:00,0.0
2018-05-08 23:00:00,0.0
2018-05-08 23:15:00,0.0
2018-05-08 23:30:00,0.0
2018-05-08 23:45:00,0.0
2018-05-09 00:00:00,0.0
2018-05-09 00:15:00,0.0
2018-05-09 00:30:00,0.0
2018-05-09 00:45:00,0.0
2018-05-09 01:00:00,0.0
2018-05-09 01:15:00,0.0
2018-05-09 01:30:00,0.0
2018-05-09 01:45:00,0.0
2018-05-09 02:00:00,0.0
2018-05-09 02:15:00,0.0
2018-05-09 02:30:00,0.0
2018-05-09 02:45:00,0.0
2018-05-09 03:00:00,0.0
2018-05-09 03:15:00,0.0
2018-05-09 03:30:00,0.0
2018-05-09 03:45:00,0.0
2018-05-09 04:00:00,0.0
2018-05-09 04:15:00,0.0
2018-05-09 04:30:00,0.0
2018-05-09 04:45:00,0.0
2018-05-09 05:01:00,0.0
2018-05-09 05:15:00,0.0
2018-05-09 05:30:00,0.0
2018-05-09 05:45:00,0.0
2018-05-09 06:00:00,0.0
2018-05-09 06:15:00,0.0
2018-05-09 06:30:00,0.0
2018-05-09 06:45:00,0.0
2018-05-09 07:00:00,0.0
2018-05-09 07:15:00,0.0
2018-05-09 07:30:00,0.0
2018-05-09 07:45:00,0.0
2018-05-09 08:00:00,0.0
2018-05-09 08:15:00,0.0
2018-05-09 08:30:00,0.0
2018-05-09 08:45:00,0.0
2018-05-09 09:00:00,0.0
2018-05-09 09:15:00,0.0
2018-05-09 09:30:00,0.0
2018-05-09 09:45:00,0.0
2018-05-09 10:00:00,0.0
2018-05-09 10:15:00,0.0
2018-05-09 10:30:00,0.0
2018-05-09 10:45:00,0.0
2018-05-09 11:00:00,0.0
2018-05-09 11:15:00,0.0
2018-05-09 11:30:00,0.0
2018-05-09 11:45:00,0.0
2018-05-09 12:00:00,0.0
2018-05-09 12:15:00,0.0
2018-05-09 12:30:00,0.0
2018-05-09 12:45:00,0.0
2018-05-09 13:00:00,0.0
2018-05-09 13:15:00,0.0
2018-05-09 13:30:00,0.0
2018-05-09 13:45:00,0.0
2018-05-09 14:00:00,0.0
2018-05-09 14:15:00,0.0
2018-05-09 14:30:00,0.0
2018-05-09 14:45:00,0.0
2018-05-09 15:00:00,0.0
2018-05-09 15:15:00,0.0
2018-05-09 15:30:00,0.0
2018-05-09 15:45:00,0.0
2018-05-09 16:00:00,0.0
2018-05-09 16:15:00,0.0
2018-05-09 16:30:00,0.0
2018-05-09 16:45:00,0.0
2018-05-09 17:00:00,0.0
2018-05-09 17:15:00,0.0
2018-05-09 17:30:00,0.0
2018-05-09 17:45:00,0.0
2018-05-09 18:00:00,0.0
2018-05-09 18:15:00,0.0
2018-05-09 18:30:00,0.0
2018-05-09 18:45:00,0.0
2018-05-09 19:00:00,0.0
2018-05-09 19:15:00,0.0
2018-05-09 19:30:00,0.0
2018-05-09 19:45:00,0.0
2018-05-09 20:00:00,0.0
2018-05-09 20:15:00,0.0
2018-05-09 20:30:00,0.0
2018-05-09 20:45:00,0.0
2018-05-09 21:00:00,0.0
2018-05-09 21:15:00,0.0
2018-05-09 21:30:00,0.0
2018-05-09 21:45:00,0.0
2018-05-09 22:00:00,0.0
2018-05-09 22:15:00,0.0
2018-05-09 22:30:00,0.0
2018-05-09 22:45:00,0.0
2018-05-09 23:00:00,0.0
2018-05-09 23:15:00,0.0
2018-05-09 23:30:00,0.0
2018-05-09 23:45:00,0.0
2018-05-10 00:00:00,0.0
2018-05-10 00:15:00,0.0
2018-05-10 00:30:00,0.0
2018-05-10 00:45:00,0.0
2018-05-10 01:00:00,0.0
2018-05-10 01:15:00,0.0
2018-05-10 01:30:00,0.0
2018-05-10 01:45:00,0.0
2018-05-10 02:00:00,0.0
2018-05-10 02:15:00,0.0
2018-05-10 02:30:00,0.0
2018-05-10 02:45:00,0.0
2018-05-10 03:00:00,0.0
2018-05-10 03:15:00,0.0
2018-05-10 03:30:00,0.0
2018-05-10 03:45:00,0.0
2018-05-10 04:00:00,0.0
2018-05-10 04:15:00,0.0
2018-05-10 04:30:00,0.0
2018-05-10 04:45:00,0.0
2018-05-10 05:00:00,0.0
2018-05-10 05:15:00,0.0
2018-05-10 05:30:00,0.0
2018-05-10 05:45:00,0.0
2018-05-10 06:00:00,0.0
2018-05-10 06:15:00,0.0
2018-05-10 06:30:00,0.0
2018-05-10 06:45:00,0.0
2018-05-10 07:00:00,0.0
2018-05-10 07:15:00,0.0
2018-05-10 07:30:00,0.0
2018-05-10 07:45:00,0.0
2018-05-10 08:00:00,0.0
2018-05-10 08:15:00,0.0
2018-05-10 08:30:00,0.0
2018-05-10 08:45:00,0.0
2018-05-10 09:00:00,0.0
2018-05-10 09:15:00,0.0
2018-05-10 09:30:00,0.0
2018-05-10 09:45:00,0.0
2018-05-10 10:00:00,0.0
2018-05-10 10:15:00,0.0
2018-05-10 10:30:00,0.0
2018-05-10 10:45:00,0.0
2018-05-10 11:00:00,0.0
2018-05-10 11:15:00,0.0
2018-05-10 11:30:00,0.0
2018-05-10 11:45:00,0.0
2018-05-10 12:00:00,0.0
2018-05-10 12:15:00,0.0
2018-05-10 12:30:00,0.0
2018-05-10 12:45:00,0.0
2018-05-10 13:00:00,0.0
2018-05-10 13:15:00,0.0
2018-05-10 13:30:00,0.0
2018-05-10 13:45:00,0.0
2018-05-10 14:00:00,0.0
2018-05-10 14:15:00,0.0
2018-05-10 14:30:00,0.0
2018-05-10 14:45:00,0.0
2018-05-10 15:00:00,0.0
2018-05-10 15:15:00,0.0
2018-05-10 15:30:00,0.0
2018-05-10 15:45:00,0.0
2018-05-10 16:00:00,0.0
2018-05-10 16:15:00,0.0
2018-05-10 16:30:00,0.0
2018-05-10 16:45:00,0.0
2018-05-10 17:00:00,0.0
2018-05-10 17:15:00,0.0
2018-05-10 17:30:00,0.0
2018-05-10 17:45:00,0.0
2018-05-10 18:00:00,0.0
2018-05-10 18:15:00,0.0
2018-05-10 18:30:00,0.0
2018-05-10 18:45:00,0.0
2018-05-10 19:00:00,0.0
2018-05-10 19:15:00,0.0
2018-05-10 19:30:00,0.0
2018-05-10 19:45:00,0.0
2018-05-10 20:00:00,0.0
2018-05-10 20:15:00,0.0
2018-05-10 20:30:00,0.0
2018-05-10 20:45:00,0.0
2018-05-10 21:00:00,0.0
2018-05-10 21:15:00,0.0
2018-05-10 21:30:00,0.0
2018-05-10 21:45:00,0.0
2018-05-10 22:00:00,0.0
2018-05-10 22:15:00,0.0
2018-05-10 22:30:00,0.0
2018-05-10 22:45:00,0.0
2018-05-10 23:00:00,0.0
2018-05-10 23:15:00,0.0
2018-05-10 23:30:00,0.0
2018-05-10 23:45:00,0.0
2018-05-11 00:00:00,0.0
2018-05-11 00:15:00,0.0
2018-05-11 00:30:00,0.0
2018-05-11 00:45:00,0.0
2018-05-11 01:00:00,0.0
2018-05-11 01:15:00,0.0
2018-05-11 01:30:00,0.0
2018-05-11 01:45:00,0.0
2018-05-11 02:00:00,0.0
2018-05-11 02:15:00,0.0
2018-05-11 02:30:00,0.0
2018-05-11 02:45:00,0.0
2018-05-11 03:00:00,0.0
2018-05-11 03:15:00,0.0
2018-05-11 03:30:00,0.0
2018-05-11 03:45:00,0.0
2018-05-11 04:00:00,0.0
2018-05-11 04:15:00,0.0
2018-05-11 04:30:00,0.0
2018-05-11 04:45:00,0.0
2018-05-11 05:00:00,0.0
2018-05-11 05:15:00,0.0
2018-05-11 05:30:00,0.0
2018-05-11 05:45:00,0.0
2018-05-11 06:00:00,0.0
2018-05-11 06:15:00,0.0
2018-05-11 06:30:00,0.0
2018-05-11 06:45:00,0.0
2018-05-11 07:00:00,0.0
2018-05-11 07:15:00,0.0
2018-05-11 07:30:00,0.0
2018-05-11 07:45:00,0.0
2018-05-11 08:00:00,0.0
2018-05-11 08:15:00,0.0
2018-05-11 08:30:00,0.0
2018-05-11 08:45:00,0.0
2018-05-11 09:00:00,0.0
2018-05-11 09:15:00,0.0
2018-05-11 09:30:00,0.0
2018-05-11 09:45:00,0.0
2018-05-11 10:00:00,0.0
2018-05-11 10:15:00,0.0
2018-05-11 10:30:00,0.0
2018-05-11 10:45:00,0.0
2018-05-11 11:00:00,0.0
2018-05-11 11:15:00,0.0
2018-05-11 11:30:00,0.0
2018-05-11 11:45:00,0.0
2018-05-11 12:00:00,0.0
2018-05-11 12:15:00,0.0
2018-05-11 12:30:00,0.0
2018-05-11 12:45:00,0.0
2018-05-11 13:00:00,0.0
2018-05-11 13:15:00,0.0
2018-05-11 13:30:00,0.0
2018-05-11 13:45:00,0.0
2018-05-11 14:00:00,0.0
2018-05-11 14:15:00,0.0
2018-05-11 14:30:00,0.0
2018-05-11 14:45:00,0.0
2018-05-11 15:00:00,0.0
2018-05-11 15:15:00,0.0
2018-05-11 15:30:00,0.0
2018-05-11 15:45:00,0.0
2018-05-11 16:00:00,0.0
2018-05-11 16:15:00,0.0
2018-05-11 16:30:00,0.0
2018-05-11 16:45:00,0.0
2018-05-11 17:00:00,0.0
2018-05-11 17:15:00,0.0
2018-05-11 17:30:00,0.0
2018-05-11 17:45:00,0.0
2018-05-11 18:00:00,0.0
2018-05-11 18:15:00,0.0
2018-05-11 18:30:00,0.0
2018-05-11 18:45:00,0.0
2018-05-11 19:00:00,0.0
2018-05-11 19:15:00,0.0
2018-05-11 19:30:00,0.0
2018-05-11 19:45:00,0.0
2018-05-11 20:00:00,0.0
2018-05-11 20:15:00,0.0
2018-05-11 20:30:00,0.0
2018-05-11 20:45:00,0.0
2018-05-11 21:00:00,0.0
2018-05-11 21:15:00,0.0
2018-05-11 21:30:00,0.0
2018-05-11 21:45:00,0.0
2018-05-11 22:00:00,0.0
2018-05-11 22:15:00,0.0
2018-05-11 22:30:00,0.0
2018-05-11 22:45:00,0.0
2018-05-11 23:00:00,0.0
2018-05-11 23:15:00,0.0
2018-05-11 23:30:00,0.0
2018-05-11 23:45:00,0.0
2018-05-12 00:00:00,0.0
2018-05-12 00:15:00,0.0
2018-05-12 00:30:00,0.0
2018-05-12 00:45:00,0.0
2018-05-12 01:00:00,0.0
2018-05-12 01:15:00,0.0
2018-05-12 01:30:00,0.0
2018-05-12 01:45:00,0.0
2018-05-12 02:00:00,0.0
2018-05-12 02:15:00,0.0
2018-05-12 02:30:00,0.0
2018-05-12 02:45:00,0.0
2018-05-12 03:00:00,0.0
2018-05-12 03:15:00,0.0
2018-05-12 03:30:00,0.0
2018-05-12 03:45:00,0.0
2018-05-12 04:00:00,0.0
2018-05-12 04:15:00,0.0
2018-05-12 04:30:00,0.0
2018-05-12 04:45:00,0.0
2018-05-12 05:00:00,0.0
2018-05-12 05:15:00,0.0
2018-05-12 05:30:00,0.0
2018-05-12 05:45:00,0.0
2018-05-12 06:00:00,0.0
2018-05-12 06:15:00,0.0
2018-05-12 06:30:00,0.0
2018-05-12 06:45:00,0.0
2018-05-12 07:00:00,0.0
2018-05-12 07:15:00,0.0
2018-05-12 07:30:00,0.0
2018-05-12 07:45:00,0.0
2018-05-12 08:00:00,0.0
2018-05-12 08:15:00,0.0
2018-05-12 08:30:00,0.0
2018-05-12 08:45:00,0.0
2018-05-12 09:00:00,0.0
2018-05-12 09:15:00,0.0
2018-05-12 09:30:00,0.0
2018-05-12 09:45:00,0.0
2018-05-12 10:00:00,0.0
2018-05-12 10:15:00,0.0
2018-05-12 10:30:00,0.0
2018-05-12 10:45:00,0.0
2018-05-12 11:00:00,0.0
2018-05-12 11:15:00,0.0
2018-05-12 11:30:00,0.0
2018-05-12 11:45:00,0.0
2018-05-12 12:00:00,0.0
2018-05-12 12:15:00,0.0
2018-05-12 12:30:00,0.0
2018-05-12 12:45:00,0.0
2018-05-12 13:00:00,0.0
2018-05-12 13:15:00,0.0
2018-05-12 13:30:00,0.0
2018-05-12 13:45:00,0.0
2018-05-12 14:00:00,0.0
2018-05-12 14:15:00,0.0
2018-05-12 14:30:00,0.0
2018-05-12 14:45:00,0.0
2018-05-12 15:00:00,0.0
2018-05-12 15:15:00,0.0
2018-05-12 15:30:00,0.0
2018-05-12 15:45:00,0.0
2018-05-12 16:00:00,0.0
2018-05-12 16:15:00,0.0
2018-05-12 16:30:00,0.0
2018-05-12 16:45:00,0.0
2018-05-12 17:00:00,0.0
2018-05-12 17:15:00,0.0
2018-05-12 17:30:00,0.0
2018-05-12 17:45:00,0.0
2018-05-12 18:00:00,0.0
2018-05-12 18:15:00,0.0
2018-05-12 18:30:00,0.0
2018-05-12 18:45:00,0.0
2018-05-12 19:00:00,0.0
2018-05-12 19:15:00,0.0
2018-05-12 19:30:00,0.0
2018-05-12 19:45:00,0.0
2018-05-12 20:00:00,0.0
2018-05-12 20:15:00,0.0
2018-05-12 20:30:00,0.0
2018-05-12 20:45:00,0.0
2018-05-12 21:00:00,0.0
2018-05-12 21:15:00,0.0
2018-05-12 21:30:00,0.0
2018-05-12 21:45:00,0.0
2018-05-12 22:00:00,0.0
2018-05-12 22:15:00,0.0
2018-05-12 22:30:00,0.0
2018-05-12 22:45:00,0.0
2018-05-12 23:00:00,0.0
2018-05-12 23:15:00,0.0
2018-05-12 23:30:00,0.0
2018-05-12 23:45:00,0.0
2018-05-13 00:00:00,0.0
2018-05-13 00:15:00,0.0
2018-05-13 00:30:00,0.0
2018-05-13 00:45:00,0.0
2018-05-13 01:00:00,0.0
2018-05-13 01:15:00,0.0
2018-05-13 01:30:00,0.0
2018-05-13 01:45:00,0.0
2018-05-13 02:00:00,0.0
2018-05-13 02:15:00,0.0
2018-05-13 02:30:00,0.0
2018-05-13 02:45:00,0.0
2018-05-13 03:00:00,0.0
2018-05-13 03:15:00,0.0
2018-05-13 03:30:00,0.0
2018-05-13 03:45:00,0.0
2018-05-13 04:00:00,0.0
2018-05-13 04:15:00,0.0
2018-05-13 04:30:00,0.0
2018-05-13 04:45:00,0.0
2018-05-13 05:00:00,0.0
2018-05-13 05:15:00,0.0
2018-05-13 05:30:00,0.0
2018-05-13 05:45:00,0.0
2018-05-13 06:00:00,0.0
2018-05-13 06:15:00,0.0
2018-05-13 06:30:00,0.0
2018-05-13 06:45:00,0.0
2018-05-13 07:00:00,0.0
2018-05-13 07:15:00,0.0
2018-05-13 07:30:00,0.0
2018-05-13 07:45:00,0.0
2018-05-13 08:00:00,0.0
2018-05-13 08:15:00,0.0
2018-05-13 08:30:00,0.0
2018-05-13 08:45:00,0.0
2018-05-13 09:00:00,0.0
2018-05-13 09:15:00,0.0
2018-05-13 09:30:00,0.0
2018-05-13 09:45:00,0.0
2018-05-13 10:00:00,0.0
2018-05-13 10:15:00,0.0
2018-05-13 10:30:00,0.0
2018-05-13 10:45:00,0.0
2018-05-13 11:00:00,0.0
2018-05-13 11:15:00,0.0
2018-05-13 11:30:00,0.0
2018-05-13 11:45:00,0.0
2018-05-13 12:00:00,0.0
2018-05-13 12:15:00,0.0
2018-05-13 12:30:00,0.0
2018-05-13 12:45:00,0.0
2018-05-13 13:00:00,0.0
2018-05-13 13:15:00,0.0
2018-05-13 13:30:00,0.0
2018-05-13 13:45:00,0.0
2018-05-13 14:00:00,0.0
2018-05-13 14:15:00,0.0
2018-05-13 14:30:00,0.0
2018-05-13 14:45:00,0.0
2018-05-13 15:00:00,0.0
2018-05-13 15:15:00,0.0
2018-05-13 15:30:00,0.0
2018-05-13 15:45:00,0.0
2018-05-13 16:00:00,0.0
2018-05-13 16:15:00,0.0
2018-05-13 16:30:00,0.0
2018-05-13 16:45:00,0.0
2018-05-13 17:00:00,0.0
2018-05-13 17:15:00,0.0
2018-05-13 17:30:00,0.0
2018-05-13 17:45:00,0.0
2018-05-13 18:00:00,0.0
2018-05-13 18:15:00,0.0
2018-05-13 18:30:00,0.0
2018-05-13 18:45:00,0.0
2018-05-13 19:00:00,0.0
2018-05-13 19:15:00,0.0
2018-05-13 19:30:00,0.0
2018-05-13 19:45:00,0.0
2018-05-13 20:00:00,0.0
2018-05-13 20:15:00,0.0
2018-05-13 20:30:00,0.0
2018-05-13 20:45:00,0.0
2018-05-13 21:00:00,0.0
2018-05-13 21:15:00,0.0
2018-05-13 21:30:00,0.0
2018-05-13 21:45:00,0.0
2018-05-13 22:00:00,0.0
2018-05-13 22:15:00,0.0
2018-05-13 22:30:00,0.0
2018-05-13 22:45:00,0.0
2018-05-13 23:00:00,0.0
2018-05-13 23:15:00,0.0
2018-05-13 23:30:00,0.0
2018-05-13 23:45:00,0.0
2018-05-14 00:00:00,0.0
2018-05-14 00:15:00,0.0
2018-05-14 00:30:00,0.0
2018-05-14 00:45:00,0.0
2018-05-14 01:00:00,0.0
2018-05-14 01:15:00,0.0
2018-05-14 01:30:00,0.0
2018-05-14 01:45:00,0.0
2018-05-14 02:00:00,0.0
2018-05-14 02:15:00,0.0
2018-05-14 02:30:00,0.0
2018-05-14 02:45:00,0.0
2018-05-14 03:00:00,0.0
2018-05-14 03:15:00,0.0
2018-05-14 03:30:00,0.0
2018-05-14 03:45:00,0.0
2018-05-14 04:00:00,0.0
2018-05-14 04:15:00,0.0
2018-05-14 04:30:00,0.0
2018-05-14 04:45:00,0.0
2018-05-14 05:00:00,0.0
2018-05-14 05:15:00,0.0
2018-05-14 05:30:00,0.0
2018-05-14 05:45:00,0.0
2018-05-14 06:00:00,0.0
2018-05-14 06:15:00,0.0
2018-05-14 06:30:00,0.0
2018-05-14 06:45:00,0.0
2018-05-14 07:00:00,0.0
2018-05-14 07:15:00,0.0
2018-05-14 07:30:00,0.0
2018-05-14 07:45:00,0.0
2018-05-14 08:00:00,0.0
2018-05-14 08:15:00,0.0
2018-05-14 08:30:00,0.0
2018-05-14 08:45:00,0.0
2018-05-14 09:00:00,0.0
2018-05-14 09:15:00,0.0
2018-05-14 09:30:00,0.0
2018-05-14 09:45:00,0.0
2018-05-14 10:00:00,0.0
2018-05-14 10:15:00,0.0
2018-05-14 10:30:00,0.0
2018-05-14 10:45:00,0.0
2018-05-14 11:00:00,0.0
2018-05-14 11:15:00,0.0
2018-05-14 11:30:00,0.0
2018-05-14 11:45:00,0.0
2018-05-14 12:00:00,0.0
2018-05-14 12:15:00,0.0
2018-05-14 12:30:00,0.0
2018-05-14 12:45:00,0.0
2018-05-14 13:00:00,0.0
2018-05-14 13:15:00,0.0
2018-05-14 13:30:00,0.0
2018-05-14 13:45:00,0.0
2018-05-14 14:00:00,0.0
2018-05-14 14:15:00,0.0
2018-05-14 14:30:00,0.0
2018-05-14 14:45:00,0.0
2018-05-14 15:00:00,0.0
2018-05-14 15:15:00,0.0
2018-05-14 15:30:00,0.0
2018-05-14 15:45:00,0.0
2018-05-14 16:00:00,0.0
2018-05-14 16:15:00,0.0
2018-05-14 16:30:00,0.0
2018-05-14 16:45:00,0.0
2018-05-14 17:00:00,0.0
2018-05-14 17:15:00,0.0
2018-05-14 17:30:00,0.0
2018-05-14 17:45:00,0.0
2018-05-14 18:00:00,0.0
2018-05-14 18:15:00,0.0
2018-05-14 18:30:00,0.0
2018-05-14 18:45:00,0.0
2018-05-14 19:00:00,0.0
2018-05-14 19:15:00,0.0
2018-05-14 19:30:00,0.0
2018-05-14 19:45:00,0.0
2018-05-14 20:00:00,0.0
2018-05-14 20:15:00,0.0
2018-05-14 20:30:00,0.0
2018-05-14 20:45:00,0.0
2018-05-14 21:00:00,0.0
2018-05-14 21:15:00,0.0
2018-05-14 21:30:00,0.0
2018-05-14 21:45:00,0.0
2018-05-14 22:00:00,0.0
2018-05-14 22:15:00,0.0
2018-05-14 22:30:00,0.0
2018-05-14 22:45:00,0.0
2018-05-14 23:00:00,0.0
2018-05-14 23:15:00,0.0
2018-05-14 23:30:00,0.0
2018-05-14 23:45:00,0.0
2018-05-15 00:00:00,0.0
2018-05-15 00:15:00,0.0
2018-05-15 00:30:00,0.0
2018-05-15 00:45:00,0.0
2018-05-15 01:00:00,0.0
2018-05-15 01:15:00,0.0
2018-05-15 01:30:00,0.0
2018-05-15 01:45:00,0.0
2018-05-15 02:00:00,0.0
2018-05-15 02:15:00,0.0
2018-05-15 02:30:00,0.0
2018-05-15 02:45:00,0.0
2018-05-15 03:00:00,0.0
2018-05-15 03:15:00,0.0
2018-05-15 03:30:00,0.0
2018-05-15 03:45:00,0.0
2018-05-15 04:00:00,0.0
2018-05-15 04:15:00,0.0
2018-05-15 04:30:00,0.0
2018-05-15 04:45:00,0.0
2018-05-15 05:00:00,0.0
2018-05-15 05:15:00,0.0
2018-05-15 05:30:00,0.0
2018-05-15 05:45:00,0.0
2018-05-15 06:00:00,0.0
2018-05-15 06:15:00,0.0
2018-05-15 06:30:00,0.0
2018-05-15 06:45:00,0.0
2018-05-15 07:00:00,0.0
2018-05-15 07:15:00,0.0
2018-05-15 07:30:00,0.0
2018-05-15 07:45:00,0.0
2018-05-15 08:00:00,0.0
2018-05-15 08:15:00,0.0
2018-05-15 08:30:00,0.0
2018-05-15 08:45:00,0.0
2018-05-15 09:00:00,0.0
2018-05-15 09:15:00,0.0
2018-05-15 09:30:00,0.0
2018-05-15 09:45:00,0.0
2018-05-15 10:00:00,0.0
2018-05-15 10:15:00,0.0
2018-05-15 10:30:00,0.0
2018-05-15 10:45:00,0.0
2018-05-15 11:00:00,0.0
2018-05-15 11:15:00,0.0
2018-05-15 11:30:00,0.0
2018-05-15 11:45:00,0.0
2018-05-15 12:00:00,0.0
2018-05-15 12:15:00,0.0
2018-05-15 12:30:00,0.0
2018-05-15 12:45:00,0.0
2018-05-15 13:00:00,0.0
2018-05-15 13:15:00,0.0
2018-05-15 13:30:00,0.0
2018-05-15 13:45:00,0.0
2018-05-15 14:00:00,0.0
2018-05-15 14:15:00,0.0
2018-05-15 14:30:00,0.0
2018-05-15 14:45:00,0.0
2018-05-15 15:00:00,0.0
2018-05-15 15:15:00,0.0
2018-05-15 15:30:00,0.0
2018-05-15 15:45:00,0.0
2018-05-15 16:00:00,0.0
2018-05-15 16:15:00,0.0
2018-05-15 16:30:00,0.0
2018-05-15 16:45:00,0.0
2018-05-15 17:00:00,0.0
2018-05-15 17:15:00,0.0
2018-05-15 17:30:00,0.0
2018-05-15 17:45:00,0.0
2018-05-15 18:00:00,0.0
2018-05-15 18:15:00,0.0
2018-05-15 18:30:00,0.0
2018-05-15 18:45:00,0.0
2018-05-15 19:00:00,0.0
2018-05-15 19:15:00,0.0
2018-05-15 19:30:00,0.0
2018-05-15 19:45:00,0.0
2018-05-15 20:00:00,0.0
2018-05-15 20:15:00,0.0
2018-05-15 20:30:00,0.0
2018-05-15 20:45:00,0.0
2018-05-15 21:00:00,0.0
2018-05-15 21:15:00,0.0
2018-05-15 21:30:00,0.0
2018-05-15 21:45:00,0.0
2018-05-15 22:00:00,0.0
2018-05-15 22:15:00,0.0
2018-05-15 22:30:00,0.0
2018-05-15 22:45:00,0.0
2018-05-15 23:00:00,0.0
2018-05-15 23:15:00,0.0
2018-05-15 23:30:00,0.0
2018-05-15 23:45:00,0.0
2018-05-16 00:00:00,0.0
2018-05-16 00:15:00,0.0
2018-05-16 00:30:00,0.0
2018-05-16 00:45:00,0.0
2018-05-16 01:00:00,0.0
2018-05-16 01:15:00,0.0
2018-05-16 01:30:00,0.0
2018-05-16 01:45:00,0.0
2018-05-16 02:00:00,0.0
2018-05-16 02:15:00,0.0
2018-05-16 02:30:00,0.0
2018-05-16 02:45:00,0.0
2018-05-16 03:00:00,0.0
2018-05-16 03:15:00,0.0
2018-05-16 03:30:00,0.0
2018-05-16 03:45:00,0.0
2018-05-16 04:00:00,0.0
2018-05-16 04:15:00,0.0
2018-05-16 04:30:00,0.0
2018-05-16 04:45:00,0.0
2018-05-16 05:00:00,0.0
2018-05-16 05:15:00,0.0
2018-05-16 05:30:00,0.0
2018-05-16 05:45:00,0.0
2018-05-16 06:00:00,0.0
2018-05-16 06:15:00,0.0
2018-05-16 06:30:00,0.0
2018-05-16 06:45:00,0.0
2018-05-16 07:00:00,0.0
2018-05-16 07:15:00,0.0
2018-05-16 07:30:00,0.0
2018-05-16 07:45:00,0.0
2018-05-16 08:00:00,0.0
2018-05-16 08:15:00,0.0
2018-05-16 08:30:00,0.0
2018-05-16 08:45:00,0.0
2018-05-16 09:00:00,0.0
2018-05-16 09:15:00,0.0
2018-05-16 09:30:00,0.0
2018-05-16 09:45:00,0.0
2018-05-16 10:00:00,0.0
2018-05-16 10:15:00,0.0
2018-05-16 10:30:00,0.0
2018-05-16 10:45:00,0.0
2018-05-16 11:00:00,0.0
2018-05-16 11:15:00,0.0
2018-05-16 11:30:00,0.0
2018-05-16 11:45:00,0.0
2018-05-16 12:00:00,0.0
2018-05-16 12:15:00,0.0
2018-05-16 12:30:00,0.0
2018-05-16 12:45:00,0.0
2018-05-16 13:00:00,0.0
2018-05-16 13:15:00,0.0
2018-05-16 13:30:00,0.0
2018-05-16 13:45:00,0.0
2018-05-16 14:00:00,0.0
2018-05-16 14:15:00,0.0
2018-05-16 14:30:00,0.0
2018-05-16 14:45:00,0.0
2018-05-16 15:00:00,0.0
2018-05-16 15:15:00,0.0
2018-05-16 15:30:00,0.0
2018-05-16 15:45:00,0.0
2018-05-16 16:00:00,0.0
2018-05-16 16:15:00,0.0
2018-05-16 16:30:00,0.0
2018-05-16 16:45:00,0.0
2018-05-16 17:00:00,0.0
2018-05-16 17:15:00,0.0
2018-05-16 17:30:00,0.0
2018-05-16 17:45:00,0.0
2018-05-16 18:00:00,0.0
2018-05-16 18:15:00,0.0
2018-05-16 18:30:00,0.0
2018-05-16 18:45:00,0.0
2018-05-16 19:00:00,0.0
2018-05-16 19:15:00,0.0
2018-05-16 19:30:00,0.0
2018-05-16 19:45:00,0.0
2018-05-16 20:00:00,0.0
2018-05-16 20:15:00,0.0
2018-05-16 20:30:00,0.0
2018-05-16 20:45:00,0.0
2018-05-16 21:00:00,0.0
2018-05-16 21:15:00,0.0
2018-05-16 21:30:00,0.0
2018-05-16 21:45:00,0.0
2018-05-16 22:00:00,0.0
2018-05-16 22:15:00,0.0
2018-05-16 22:30:00,0.0
2018-05-16 22:45:00,0.0
2018-05-16 23:00:00,0.0
2018-05-16 23:15:00,0.0
2018-05-16 23:30:00,0.0
2018-05-16 23:45:00,0.0
2018-05-17 00:00:00,0.0
2018-05-17 00:15:00,0.0
2018-05-17 00:30:00,0.0
2018-05-17 00:45:00,0.0
2018-05-17 01:00:00,0.0
2018-05-17 01:15:00,0.0
2018-05-17 01:30:00,0.0
2018-05-17 01:45:00,0.0
2018-05-17 02:00:00,0.0
2018-05-17 02:15:00,0.0
2018-05-17 02:30:00,0.0
2018-05-17 02:45:00,0.0
2018-05-17 03:00:00,0.0
2018-05-17 03:15:00,0.0
2018-05-17 03:30:00,0.0
2018-05-17 03:45:00,0.0
2018-05-17 04:00:00,0.0
2018-05-17 04:15:00,0.0
2018-05-17 04:30:00,0.0
2018-05-17 04:45:00,0.0
2018-05-17 05:00:00,0.0
2018-05-17 05:15:00,0.0
2018-05-17 05:30:00,0.0
2018-05-17 05:45:00,0.0
2018-05-17 06:00:00,0.0
2018-05-17 06:15:00,0.0
2018-05-17 06:30:00,0.0
2018-05-17 06:45:00,0.0
2018-05-17 07:00:00,0.0
2018-05-17 07:15:00,0.0
2018-05-17 07:30:00,0.0
2018-05-17 07:45:00,0.0
2018-05-17 08:00:00,0.0
2018-05-17 08:15:00,0.0
2018-05-17 08:30:00,0.0
2018-05-17 08:45:00,0.0
2018-05-17 09:00:00,0.0
2018-05-17 09:15:00,0.0
2018-05-17 09:30:00,0.0
2018-05-17 09:45:00,0.0
2018-05-17 10:00:00,0.0
2018-05-17 10:15:00,0.0
2018-05-17 10:30:00,0.0
2018-05-17 10:45:00,0.0
2018-05-17 11:00:00,0.0
2018-05-17 11:15:00,0.0
2018-05-17 11:30:00,0.0
2018-05-17 11:45:00,0.0
2018-05-17 12:00:00,0.0
2018-05-17 12:15:00,0.0
2018-05-17 12:30:00,0.0
2018-05-17 12:45:00,0.0
2018-05-17 13:00:00,0.0
2018-05-17 13:15:00,0.0
2018-05-17 13:30:00,0.0
2018-05-17 13:45:00,0.0
2018-05-17 14:00:00,0.0
2018-05-17 14:15:00,0.0
2018-05-17 14:30:00,0.0
2018-05-17 14:45:00,0.0
2018-05-17 15:00:00,0.0
2018-05-17 15:15:00,0.0
2018-05-17 15:30:00,0.0
2018-05-17 15:45:00,0.0
2018-05-17 16:00:00,0.0
2018-05-17 16:15:00,0.0
2018-05-17 16:30:00,0.0
2018-05-17 16:45:00,0.0
2018-05-17 17:00:00,0.0
2018-05-17 17:15:00,0.0
2018-05-17 17:30:00,0.0
2018-05-17 17:45:00,0.0
2018-05-17 18:00:00,0.0
2018-05-17 18:15:00,0.0
2018-05-17 18:30:00,0.0
2018-05-17 18:45:00,0.0
2018-05-17 19:00:00,0.0
2018-05-17 19:15:00,0.0
2018-05-17 19:30:00,0.0
2018-05-17 19:45:00,0.0
2018-05-17 20:00:00,0.0
2018-05-17 20:15:00,0.0
2018-05-17 20:30:00,0.0
2018-05-17 20:45:00,0.0
2018-05-17 21:00:00,0.0
2018-05-17 21:15:00,0.0
2018-05-17 21:30:00,0.0
2018-05-17 21:45:00,0.0
2018-05-17 22:00:00,0.0
2018-05-17 22:15:00,0.0
2018-05-17 22:30:00,0.0
2018-05-17 22:45:00,0.0
2018-05-17 23:00:00,0.0
2018-05-17 23:15:00,0.0
2018-05-17 23:30:00,0.0
2018-05-17 23:45:00,0.0
2018-05-18 00:00:00,0.0
2018-05-18 00:15:00,0.0
2018-05-18 00:30:00,0.0
2018-05-18 00:45:00,0.0
2018-05-18 01:00:00,0.0
2018-05-18 01:15:00,0.0
2018-05-18 01:30:00,0.0
2018-05-18 01:45:00,0.0
2018-05-18 02:00:00,0.0
2018-05-18 02:15:00,0.0
2018-05-18 02:30:00,0.0
2018-05-18 02:45:00,0.0
2018-05-18 03:00:00,0.0
2018-05-18 03:15:00,0.0
2018-05-18 03:30:00,0.0
2018-05-18 03:45:00,0.0
2018-05-18 04:00:00,0.0
2018-05-18 04:15:00,0.0
2018-05-18 04:30:00,0.0
2018-05-18 04:45:00,0.0
2018-05-18 05:00:00,0.0
2018-05-18 05:15:00,0.0
2018-05-18 05:30:00,0.0
2018-05-18 05:45:00,0.0
2018-05-18 06:00:00,0.0
2018-05-18 06:15:00,0.0
2018-05-18 06:30:00,0.0
2018-05-18 06:45:00,0.0
2018-05-18 07:00:00,0.0
2018-05-18 07:15:00,0.0
2018-05-18 07:30:00,0.0
2018-05-18 07:45:00,0.0
2018-05-18 08:00:00,0.0
2018-05-18 08:15:00,0.0
2018-05-18 08:30:00,0.0
2018-05-18 08:45:00,0.0
2018-05-18 09:00:00,0.0
2018-05-18 09:15:00,0.0
2018-05-18 09:30:00,0.0
2018-05-18 09:45:00,0.0
2018-05-18 10:00:00,0.0
2018-05-18 10:15:00,0.0
2018-05-18 10:30:00,0.0
2018-05-18 10:45:00,0.0
2018-05-18 11:00:00,0.0
2018-05-18 11:15:00,0.0
2018-05-18 11:30:00,0.0
2018-05-18 11:45:00,0.0
2018-05-18 12:00:00,0.0
2018-05-18 12:15:00,0.0
2018-05-18 12:30:00,0.0
2018-05-18 12:45:00,0.0
2018-05-18 13:00:00,0.0
2018-05-18 13:15:00,0.0
2018-05-18 13:30:00,0.0
2018-05-18 13:45:00,0.0
2018-05-18 14:00:00,0.0
2018-05-18 14:15:00,0.0
2018-05-18 14:30:00,0.0
2018-05-18 14:45:00,0.0
2018-05-18 15:00:00,0.0
2018-05-18 15:15:00,0.0
2018-05-18 15:30:00,0.0
2018-05-18 15:45:00,0.0
2018-05-18 16:00:00,0.0
2018-05-18 16:15:00,0.0
2018-05-18 16:30:00,0.0
2018-05-18 16:45:00,0.0
2018-05-18 17:00:00,0.0
2018-05-18 17:15:00,0.0
2018-05-18 17:30:00,0.0
2018-05-18 17:45:00,0.0
2018-05-18 18:00:00,0.0
2018-05-18 18:15:00,0.0
2018-05-18 18:30:00,0.0
2018-05-18 18:45:00,0.0
2018-05-18 19:00:00,0.0
2018-05-18 19:15:00,0.0
2018-05-18 19:30:00,0.0
2018-05-18 19:45:00,0.0
2018-05-18 20:00:00,0.0
2018-05-18 20:15:00,0.0
2018-05-18 20:30:00,0.0
2018-05-18 20:45:00,0.0
2018-05-18 21:00:00,0.0
2018-05-18 21:15:00,0.0
2018-05-18 21:30:00,0.0
2018-05-18 21:45:00,0.0
2018-05-18 22:00:00,0.0
2018-05-18 22:15:00,0.0
2018-05-18 22:30:00,0.0
2018-05-18 22:45:00,0.0
2018-05-18 23:00:00,0.0
2018-05-18 23:15:00,0.0
2018-05-18 23:30:00,0.0
2018-05-18 23:45:00,0.0
2018-05-19 00:00:00,0.0
2018-05-19 00:15:00,0.0
2018-05-19 00:30:00,0.0
2018-05-19 00:45:00,0.0
2018-05-19 01:00:00,0.0
2018-05-19 01:15:00,0.0
2018-05-19 01:30:00,0.0
2018-05-19 01:45:00,0.0
2018-05-19 02:00:00,0.0
2018-05-19 02:15:00,0.0
2018-05-19 02:30:00,0.0
2018-05-19 02:45:00,0.0
2018-05-19 03:00:00,0.0
2018-05-19 03:15:00,0.0
2018-05-19 03:30:00,0.0
2018-05-19 03:45:00,0.0
2018-05-19 04:00:00,0.0
2018-05-19 04:15:00,0.0
2018-05-19 04:30:00,0.0
2018-05-19 04:45:00,0.0
2018-05-19 05:00:00,0.0
2018-05-19 05:15:00,0.0
2018-05-19 05:30:00,0.0
2018-05-19 05:45:00,0.0
2018-05-19 06:00:00,0.0
2018-05-19 06:15:00,0.0
2018-05-19 06:30:00,0.0
2018-05-19 06:45:00,0.0
2018-05-19 07:00:00,0.0
2018-05-19 07:15:00,0.0
2018-05-19 07:30:00,0.0
2018-05-19 07:45:00,0.0
2018-05-19 08:00:00,0.0
2018-05-19 08:15:00,0.0
2018-05-19 08:30:00,0.0
2018-05-19 08:45:00,0.0
2018-05-19 09:00:00,0.0
2018-05-19 09:15:00,0.0
2018-05-19 09:30:00,0.0
2018-05-19 09:45:00,0.0
2018-05-19 10:00:00,0.0
2018-05-19 10:15:00,0.0
2018-05-19 10:30:00,0.0
2018-05-19 10:45:00,0.0
2018-05-19 11:00:00,0.0
2018-05-19 11:15:00,0.0
2018-05-19 11:30:00,0.0
2018-05-19 11:45:00,0.0
2018-05-19 12:00:00,0.0
2018-05-19 12:15:00,0.0
2018-05-19 12:30:00,0.0
2018-05-19 12:45:00,0.0
2018-05-19 13:00:00,0.0
2018-05-19 13:15:00,0.0
2018-05-19 13:30:00,0.0
2018-05-19 13:45:00,0.0
2018-05-19 14:00:00,0.0
2018-05-19 14:15:00,0.0
2018-05-19 14:30:00,0.0
2018-05-19 14:45:00,0.0
2018-05-19 15:00:00,0.0
2018-05-19 15:15:00,0.0
2018-05-19 15:30:00,0.0
2018-05-19 15:45:00,0.0
2018-05-19 16:00:00,0.0
2018-05-19 16:15:00,0.0
2018-05-19 16:30:00,0.0
2018-05-19 16:45:00,0.0
2018-05-19 17:00:00,0.0
2018-05-19 17:15:00,0.0
2018-05-19 17:30:00,0.0
2018-05-19 17:45:00,0.0
2018-05-19 18:00:00,0.0
2018-05-19 18:15:00,0.0
2018-05-19 18:30:00,0.0
2018-05-19 18:45:00,0.0
2018-05-19 19:00:00,0.0
2018-05-19 19:15:00,0.0
2018-05-19 19:30:00,0.0
2018-05-19 19:45:00,0.0
2018-05-19 20:00:00,0.0
2018-05-19 20:15:00,0.0
2018-05-19 20:30:00,0.0
2018-05-19 20:45:00,0.0
2018-05-19 21:00:00,0.0
2018-05-19 21:15:00,0.0
2018-05-19 21:30:00,0.0
2018-05-19 21:45:00,0.0
2018-05-19 22:00:00,0.0
2018-05-19 22:15:00,0.0
2018-05-19 22:30:00,0.0
2018-05-19 22:45:00,0.0
2018-05-19 23:00:00,0.0
2018-05-19 23:15:00,0.0
2018-05-19 23:30:00,0.0
2018-05-19 23:45:00,0.0
2018-05-20 00:00:00,0.0
2018-05-20 00:15:00,0.0
2018-05-20 00:30:00,0.0
2018-05-20 00:45:00,0.0
2018-05-20 01:00:00,0.0
2018-05-20 01:15:00,0.0
2018-05-20 01:30:00,0.0
2018-05-20 01:45:00,0.0
2018-05-20 02:00:00,0.0
2018-05-20 02:15:00,0.0
2018-05-20 02:30:00,0.0
2018-05-20 02:45:00,0.0
2018-05-20 03:00:00,0.0
2018-05-20 03:15:00,0.0
2018-05-20 03:30:00,0.0
2018-05-20 03:45:00,0.0
2018-05-20 04:00:00,0.0
2018-05-20 04:15:00,0.0
2018-05-20 04:30:00,0.0
2018-05-20 04:45:00,0.0
2018-05-20 05:00:00,0.0
2018-05-20 05:15:00,0.0
2018-05-20 05:30:00,0.0
2018-05-20 05:45:00,0.0
2018-05-20 06:00:00,0.0
2018-05-20 06:15:00,0.0
2018-05-20 06:30:00,0.0
2018-05-20 06:45:00,0.0
2018-05-20 07:00:00,0.0
2018-05-20 07:15:00,0.0
2018-05-20 07:30:00,0.0
2018-05-20 07:45:00,0.0
2018-05-20 08:00:00,0.0
2018-05-20 08:15:00,0.0
2018-05-20 08:30:00,0.0
2018-05-20 08:45:00,0.0
2018-05-20 09:00:00,0.0
2018-05-20 09:15:00,0.0
2018-05-20 09:30:00,0.0
2018-05-20 09:45:00,0.0
2018-05-20 10:00:00,0.0
2018-05-20 10:15:00,0.0
2018-05-20 10:30:00,0.0
2018-05-20 10:45:00,0.0
2018-05-20 11:00:00,0.0
2018-05-20 11:15:00,0.0
2018-05-20 11:30:00,0.0
2018-05-20 11:45:00,0.0
2018-05-20 12:00:00,0.0
2018-05-20 12:15:00,0.0
2018-05-20 12:30:00,0.0
2018-05-20 12:45:00,0.0
2018-05-20 13:00:00,0.0
2018-05-20 13:15:00,0.0
2018-05-20 13:30:00,0.0
2018-05-20 13:45:00,0.0
2018-05-20 14:00:00,0.0
2018-05-20 14:15:00,0.0
2018-05-20 14:30:00,0.0
2018-05-20 14:45:00,0.0
2018-05-20 15:00:00,0.0
2018-05-20 15:15:00,0.0
2018-05-20 15:30:00,0.0
2018-05-20 15:45:00,0.0
2018-05-20 16:00:00,0.0
2018-05-20 16:15:00,0.0
2018-05-20 16:30:00,0.0
2018-05-20 16:45:00,0.0
2018-05-20 17:00:00,0.0
2018-05-20 17:15:00,0.0
2018-05-20 17:30:00,0.0
2018-05-20 17:45:00,0.0
2018-05-20 18:00:00,0.0
2018-05-20 18:15:00,0.0
2018-05-20 18:30:00,0.0
2018-05-20 18:45:00,0.0
2018-05-20 19:00:00,0.0
2018-05-20 19:15:00,0.0
2018-05-20 19:30:00,0.0
2018-05-20 19:45:00,0.0
2018-05-20 20:00:00,0.0
2018-05-20 20:15:00,0.0
2018-05-20 20:30:00,0.0
2018-05-20 20:45:00,0.0
2018-05-20 21:00:00,0.0
2018-05-20 21:15:00,0.0
2018-05-20 21:30:00,0.0
2018-05-20 21:45:00,0.0
2018-05-20 22:00:00,0.0
2018-05-20 22:15:00,0.0
2018-05-20 22:30:00,0.0
2018-05-20 22:45:00,0.0
2018-05-20 23:00:00,0.0
2018-05-20 23:15:00,0.0
2018-05-20 23:30:00,0.0
2018-05-20 23:45:00,0.0
2018-05-21 00:00:00,0.0
2018-05-21 00:15:00,0.0
2018-05-21 00:30:00,0.0
2018-05-21 00:45:00,0.0
2018-05-21 01:00:00,0.0
2018-05-21 01:15:00,0.0
2018-05-21 01:30:00,0.0
2018-05-21 01:45:00,0.0
2018-05-21 02:00:00,0.0
2018-05-21 02:15:00,0.0
2018-05-21 02:30:00,0.0
2018-05-21 02:45:00,0.0
2018-05-21 03:00:00,0.0
2018-05-21 03:15:00,0.0
2018-05-21 03:30:00,0.0
2018-05-21 03:45:00,0.0
2018-05-21 04:00:00,0.0
2018-05-21 04:15:00,0.0
2018-05-21 04:30:00,0.0
2018-05-21 04:45:00,0.0
2018-05-21 05:00:00,0.0
2018-05-21 05:15:00,0.0
2018-05-21 05:30:00,0.0
2018-05-21 05:45:00,0.0
2018-05-21 06:00:00,0.0
2018-05-21 06:15:00,0.0
2018-05-21 06:30:00,0.0
2018-05-21 06:45:00,0.0
2018-05-21 07:00:00,0.0
2018-05-21 07:15:00,0.0
2018-05-21 07:30:00,0.0
2018-05-21 07:45:00,0.0
2018-05-21 08:00:00,0.0
2018-05-21 08:15:00,0.0
2018-05-21 08:30:00,0.0
2018-05-21 08:45:00,0.0
2018-05-21 09:00:00,0.0
2018-05-21 09:15:00,0.0
2018-05-21 09:30:00,0.0
2018-05-21 09:45:00,0.0
2018-05-21 10:00:00,0.0
2018-05-21 10:15:00,0.0
2018-05-21 10:30:00,0.0
2018-05-21 10:45:00,0.0
2018-05-21 11:00:00,0.0
2018-05-21 11:15:00,0.0
2018-05-21 11:30:00,0.0
2018-05-21 11:45:00,0.0
2018-05-21 12:00:00,0.0
2018-05-21 12:15:00,0.0
2018-05-21 12:30:00,0.0
2018-05-21 12:45:00,0.0
2018-05-21 13:00:00,0.0
2018-05-21 13:15:00,0.0
2018-05-21 13:30:00,0.0
2018-05-21 13:45:00,0.0
2018-05-21 14:00:00,0.0
2018-05-21 14:15:00,0.0
2018-05-21 14:30:00,0.0
2018-05-21 14:45:00,0.0
2018-05-21 15:00:00,0.0
2018-05-21 15:15:00,0.0
2018-05-21 15:30:00,0.0
2018-05-21 15:45:00,0.0
2018-05-21 16:00:00,0.0
2018-05-21 16:15:00,0.0
2018-05-21 16:30:00,0.0
2018-05-21 16:45:00,0.0
2018-05-21 17:00:00,0.0
2018-05-21 17:15:00,0.0
2018-05-21 17:30:00,0.0
2018-05-21 17:45:00,0.0
2018-05-21 18:00:00,0.0
2018-05-21 18:15:00,0.0
2018-05-21 18:30:00,0.0
2018-05-21 18:45:00,0.0
2018-05-21 19:00:00,0.0
2018-05-21 19:15:00,0.0
2018-05-21 19:30:00,0.0
2018-05-21 19:45:00,0.0
2018-05-21 20:00:00,0.0
2018-05-21 20:15:00,0.0
2018-05-21 20:30:00,0.0
2018-05-21 20:45:00,0.0
2018-05-21 21:00:00,0.0
2018-05-21 21:15:00,0.0
2018-05-21 21:30:00,0.0
2018-05-21 21:45:00,0.0
2018-05-21 22:00:00,0.0
2018-05-21 22:15:00,0.0
2018-05-21 22:30:00,0.0
2018-05-21 22:45:00,0.0
2018-05-21 23:00:00,0.0
2018-05-21 23:15:00,0.0
2018-05-21 23:30:00,0.0
2018-05-21 23:45:00,0.0
2018-05-22 00:00:00,0.0
2018-05-22 00:15:00,0.0
2018-05-22 00:30:00,0.0
2018-05-22 00:45:00,0.0
2018-05-22 01:00:00,0.0
2018-05-22 01:15:00,0.0
2018-05-22 01:30:00,0.0
2018-05-22 01:45:00,0.0
2018-05-22 02:00:00,0.0
2018-05-22 02:15:00,0.0
2018-05-22 02:30:00,0.0
2018-05-22 02:45:00,0.0
2018-05-22 03:00:00,0.0
2018-05-22 03:15:00,0.0
2018-05-22 03:30:00,0.0
2018-05-22 03:45:00,0.0
2018-05-22 04:00:00,0.0
2018-05-22 04:15:00,0.0
2018-05-22 04:30:00,0.0
2018-05-22 04:45:00,0.0
2018-05-22 05:00:00,0.0
2018-05-22 05:15:00,0.0
2018-05-22 05:30:00,0.0
2018-05-22 05:45:00,0.0
2018-05-22 06:00:00,0.0
2018-05-22 06:15:00,0.0
2018-05-22 06:30:00,0.0
2018-05-22 06:45:00,0.0
2018-05-22 07:00:00,0.0
2018-05-22 07:15:00,0.0
2018-05-22 07:30:00,0.0
2018-05-22 07:45:00,0.0
2018-05-22 08:00:00,0.0
2018-05-22 08:15:00,0.0
2018-05-22 08:30:00,0.0
2018-05-22 08:45:00,0.0
2018-05-22 09:00:00,0.0
2018-05-22 09:15:00,0.0
2018-05-22 09:30:00,0.0
2018-05-22 09:45:00,0.0
2018-05-22 10:00:00,0.0
2018-05-22 10:15:00,0.0
2018-05-22 10:30:00,0.0
2018-05-22 10:45:00,0.0
2018-05-22 11:00:00,0.0
2018-05-22 11:15:00,0.0
2018-05-22 11:30:00,0.0
2018-05-22 11:45:00,0.0
2018-05-22 12:00:00,0.0
2018-05-22 12:15:00,0.0
2018-05-22 12:30:00,0.0
2018-05-22 12:45:00,0.0
2018-05-22 13:00:00,0.0
2018-05-22 13:15:00,0.0
2018-05-22 13:30:00,0.0
2018-05-22 13:45:00,0.0
2018-05-22 14:00:00,0.0
2018-05-22 14:15:00,0.0
2018-05-22 14:30:00,0.0
2018-05-22 14:45:00,0.0
2018-05-22 15:00:00,0.0
2018-05-22 15:15:00,0.0
2018-05-22 15:30:00,0.0
2018-05-22 15:45:00,0.0
2018-05-22 16:00:00,0.0
2018-05-22 16:15:00,0.0
2018-05-22 16:30:00,0.0
2018-05-22 16:45:00,0.0
2018-05-22 17:00:00,0.0
2018-05-22 17:15:00,0.0
2018-05-22 17:30:00,0.0
2018-05-22 17:45:00,0.0
2018-05-22 18:00:00,0.0
2018-05-22 18:15:00,0.0
2018-05-22 18:30:00,0.0
2018-05-22 18:45:00,0.0
2018-05-22 19:00:00,0.0
2018-05-22 19:15:00,0.0
2018-05-22 19:30:00,0.0
2018-05-22 19:45:00,0.0
2018-05-22 20:00:00,0.0
2018-05-22 20:15:00,0.0
2018-05-22 20:30:00,0.0
2018-05-22 20:45:00,0.0
2018-05-22 21:00:00,0.0
2018-05-22 21:15:00,0.0
2018-05-22 21:30:00,0.0
2018-05-22 21:45:00,0.0
2018-05-22 22:00:00,0.0
2018-05-22 22:15:00,0.0
2018-05-22 22:30:00,0.0
2018-05-22 22:45:00,0.0
2018-05-22 23:00:00,0.0
2018-05-22 23:15:00,0.0
2018-05-22 23:30:00,0.0
2018-05-22 23:45:00,0.0
2018-05-23 00:00:00,0.0
2018-05-23 00:15:00,0.0
2018-05-23 00:30:00,0.0
2018-05-23 00:45:00,0.0
2018-05-23 01:00:00,0.0
2018-05-23 01:15:00,0.0
2018-05-23 01:30:00,0.0
2018-05-23 01:45:00,0.0
2018-05-23 02:00:00,0.0
2018-05-23 02:15:00,0.0
2018-05-23 02:30:00,0.0
2018-05-23 02:45:00,0.0
2018-05-23 03:00:00,0.0
2018-05-23 03:15:00,0.0
2018-05-23 03:30:00,0.0
2018-05-23 03:45:00,0.0
2018-05-23 04:00:00,0.0
2018-05-23 04:15:00,0.0
2018-05-23 04:30:00,0.0
2018-05-23 04:45:00,0.0
2018-05-23 05:00:00,0.0
2018-05-23 05:15:00,0.0
2018-05-23 05:30:00,0.0
2018-05-23 05:45:00,0.0
2018-05-23 06:00:00,0.0
2018-05-23 06:15:00,0.0
2018-05-23 06:30:00,0.0
2018-05-23 06:45:00,0.0
2018-05-23 07:00:00,0.0
2018-05-23 07:15:00,0.0
2018-05-23 07:30:00,0.0
2018-05-23 07:45:00,0.0
2018-05-23 08:00:00,0.0
2018-05-23 08:15:00,0.0
2018-05-23 08:30:00,0.0
2018-05-23 08:45:00,0.0
2018-05-23 09:00:00,0.0
2018-05-23 09:15:00,0.0
2018-05-23 09:30:00,0.0
2018-05-23 09:45:00,0.0
2018-05-23 10:00:00,0.0
2018-05-23 10:15:00,0.0
2018-05-23 10:30:00,0.0
2018-05-23 10:45:00,0.0
2018-05-23 11:00:00,0.0
2018-05-23 11:15:00,0.0
2018-05-23 11:30:00,0.0
2018-05-23 11:45:00,0.0
2018-05-23 12:00:00,0.0
2018-05-23 12:15:00,0.0
2018-05-23 12:30:00,0.0
2018-05-23 12:45:00,0.0
2018-05-23 13:00:00,0.0
2018-05-23 13:15:00,0.0
2018-05-23 13:30:00,0.0
2018-05-23 13:45:00,0.0
2018-05-23 14:00:00,0.0
2018-05-23 14:15:00,0.0
2018-05-23 14:30:00,0.0
2018-05-23 14:45:00,0.0
2018-05-23 15:00:00,0.0
2018-05-23 15:15:00,0.0
2018-05-23 15:30:00,0.0
2018-05-23 15:45:00,0.0
2018-05-23 16:00:00,0.0
2018-05-23 16:15:00,0.0
2018-05-23 16:30:00,0.0
2018-05-23 16:45:00,0.0
2018-05-23 17:00:00,0.0
2018-05-23 17:15:00,0.0
2018-05-23 17:30:00,0.0
2018-05-23 17:45:00,0.0
2018-05-23 18:00:00,0.0
2018-05-23 18:15:00,0.0
2018-05-23 18:30:00,0.0
2018-05-23 18:45:00,0.0
2018-05-23 19:00:00,0.0
2018-05-23 19:15:00,0.0
2018-05-23 19:30:00,0.0
2018-05-23 19:45:00,0.0
2018-05-23 20:00:00,0.0
2018-05-23 20:15:00,0.0
2018-05-23 20:30:00,0.0
2018-05-23 20:45:00,0.0
2018-05-23 21:00:00,0.0
2018-05-23 21:15:00,0.0
2018-05-23 21:30:00,0.0
2018-05-23 21:45:00,0.0
2018-05-23 22:00:00,0.0
2018-05-23 22:15:00,0.0
2018-05-23 22:30:00,0.0
2018-05-23 22:45:00,0.0
2018-05-23 23:00:00,0.0
2018-05-23 23:15:00,0.0
2018-05-23 23:30:00,0.0
2018-05-23 23:45:00,0.0
2018-05-24 00:00:00,0.0
2018-05-24 00:15:00,0.0
2018-05-24 00:30:00,0.0
2018-05-24 00:45:00,0.0
2018-05-24 01:00:00,0.0
2018-05-24 01:15:00,0.0
2018-05-24 01:30:00,0.0
2018-05-24 01:45:00,0.0
2018-05-24 02:00:00,0.0
2018-05-24 02:15:00,0.0
2018-05-24 02:30:00,0.0
2018-05-24 02:45:00,0.0
2018-05-24 03:00:00,0.0
2018-05-24 03:15:00,0.0
2018-05-24 03:30:00,0.0
2018-05-24 03:45:00,0.0
2018-05-24 04:00:00,0.0
2018-05-24 04:15:00,0.0
2018-05-24 04:30:00,0.0
2018-05-24 04:45:00,0.0
2018-05-24 05:00:00,0.0
2018-05-24 05:15:00,0.0
2018-05-24 05:30:00,0.0
2018-05-24 05:45:00,0.0
2018-05-24 06:00:00,0.0
2018-05-24 06:15:00,0.0
2018-05-24 06:30:00,0.0
2018-05-24 06:45:00,0.0
2018-05-24 07:00:00,0.0
2018-05-24 07:15:00,0.0
2018-05-24 07:30:00,0.0
2018-05-24 07:45:00,0.0
2018-05-24 08:00:00,0.0
2018-05-24 08:15:00,0.0
2018-05-24 08:30:00,0.0
2018-05-24 08:45:00,0.0
2018-05-24 09:00:00,0.0
2018-05-24 09:15:00,0.0
2018-05-24 09:30:00,0.0
2018-05-24 09:45:00,0.0
2018-05-24 10:00:00,0.0
2018-05-24 10:15:00,0.0
2018-05-24 10:30:00,0.0
2018-05-24 10:45:00,0.0
2018-05-24 11:00:00,0.0
2018-05-24 11:15:00,0.0
2018-05-24 11:30:00,0.0
2018-05-24 11:45:00,0.0
2018-05-24 12:00:00,0.0
2018-05-24 12:15:00,0.0
2018-05-24 12:30:00,0.0
2018-05-24 12:45:00,0.0
2018-05-24 13:00:00,0.0
2018-05-24 13:15:00,0.0
2018-05-24 13:30:00,0.0
2018-05-24 13:45:00,0.0
2018-05-24 14:00:00,0.0
2018-05-24 14:15:00,0.0
2018-05-24 14:30:00,0.0
2018-05-24 14:45:00,0.0
2018-05-24 15:00:00,0.0
2018-05-24 15:15:00,0.0
2018-05-24 15:30:00,0.0
2018-05-24 15:45:00,0.0
2018-05-24 16:00:00,0.0
2018-05-24 16:15:00,0.0
2018-05-24 16:30:00,0.0
2018-05-24 16:45:00,0.0
2018-05-24 17:00:00,0.0
2018-05-24 17:15:00,0.0
2018-05-24 17:30:00,0.0
2018-05-24 17:45:00,0.0
2018-05-24 18:00:00,0.0
2018-05-24 18:15:00,0.0
2018-05-24 18:30:00,0.0
2018-05-24 18:45:00,0.0
2018-05-24 19:00:00,0.0
2018-05-24 19:15:00,0.0
2018-05-24 19:30:00,0.0
2018-05-24 19:45:00,0.0
2018-05-24 20:00:00,0.0
2018-05-24 20:15:00,0.0
2018-05-24 20:30:00,0.0
2018-05-24 20:45:00,0.0
2018-05-24 21:00:00,0.0
2018-05-24 21:15:00,0.0
2018-05-24 21:30:00,0.0
2018-05-24 21:45:00,0.0
2018-05-24 22:00:00,0.0
2018-05-24 22:15:00,0.0
2018-05-24 22:30:00,0.0
2018-05-24 22:45:00,0.0
2018-05-24 23:00:00,0.0
2018-05-24 23:15:00,0.0
2018-05-24 23:30:00,0.0
2018-05-24 23:45:00,0.0
2018-05-25 00:00:00,0.0
2018-05-25 00:15:00,0.0
2018-05-25 00:30:00,0.0
2018-05-25 00:45:00,0.0
2018-05-25 01:00:00,0.0
2018-05-25 01:15:00,0.0
2018-05-25 01:30:00,0.0
2018-05-25 01:45:00,0.0
2018-05-25 02:00:00,0.0
2018-05-25 02:15:00,0.0
2018-05-25 02:30:00,0.0
2018-05-25 02:45:00,0.0
2018-05-25 03:00:00,0.0
2018-05-25 03:15:00,0.0
2018-05-25 03:30:00,0.0
2018-05-25 03:45:00,0.0
2018-05-25 04:00:00,0.0
2018-05-25 04:15:00,0.0
2018-05-25 04:30:00,0.0
2018-05-25 04:45:00,0.0
2018-05-25 05:00:00,0.0
2018-05-25 05:15:00,0.0
2018-05-25 05:30:00,0.0
2018-05-25 05:45:00,0.0
2018-05-25 06:00:00,0.0
2018-05-25 06:15:00,0.0
2018-05-25 06:30:00,0.0
2018-05-25 06:45:00,0.0
2018-05-25 07:00:00,0.0
2018-05-25 07:15:00,0.0
2018-05-25 07:30:00,0.0
2018-05-25 07:45:00,0.0
2018-05-25 08:00:00,0.0
2018-05-25 08:15:00,0.0
2018-05-25 08:30:00,0.0
2018-05-25 08:45:00,0.0
2018-05-25 09:00:00,0.0
2018-05-25 09:15:00,0.0
2018-05-25 09:30:00,0.0
2018-05-25 09:45:00,0.0
2018-05-25 10:00:00,0.0
2018-05-25 10:15:00,0.0
2018-05-25 10:30:00,0.0
2018-05-25 10:45:00,0.0
2018-05-25 11:00:00,0.0
2018-05-25 11:15:00,0.0
2018-05-25 11:30:00,0.0
2018-05-25 11:45:00,0.0
2018-05-25 12:00:00,0.0
2018-05-25 12:15:00,0.0
2018-05-25 12:30:00,0.0
2018-05-25 12:45:00,0.0
2018-05-25 13:00:00,0.0
2018-05-25 13:15:00,0.0
2018-05-25 13:30:00,0.0
2018-05-25 13:45:00,0.0
2018-05-25 14:00:00,0.0
2018-05-25 14:15:00,0.0
2018-05-25 14:30:00,0.0
2018-05-25 14:45:00,0.0
2018-05-25 15:00:00,0.0
2018-05-25 15:15:00,0.0
2018-05-25 15:30:00,0.0
2018-05-25 15:45:00,0.0
2018-05-25 16:00:00,0.0
2018-05-25 16:15:00,0.0
2018-05-25 16:30:00,0.0
2018-05-25 16:45:00,0.0
2018-05-25 17:00:00,0.0
2018-05-25 17:15:00,0.0
2018-05-25 17:30:00,0.0
2018-05-25 17:45:00,0.0
2018-05-25 18:00:00,0.0
2018-05-25 18:15:00,0.0
2018-05-25 18:30:00,0.0
2018-05-25 18:45:00,0.0
2018-05-25 19:00:00,0.0
2018-05-25 19:15:00,0.0
2018-05-25 19:30:00,0.0
2018-05-25 19:45:00,0.0
2018-05-25 20:00:00,0.0
2018-05-25 20:15:00,0.0
2018-05-25 20:30:00,0.0
2018-05-25 20:45:00,0.0
2018-05-25 21:00:00,0.0
2018-05-25 21:15:00,0.0
2018-05-25 21:30:00,0.0
2018-05-25 21:45:00,0.0
2018-05-25 22:00:00,0.0
2018-05-25 22:15:00,0.0
2018-05-25 22:30:00,0.0
2018-05-25 22:45:00,0.0
2018-05-25 23:00:00,0.0
2018-05-25 23:15:00,0.0
2018-05-25 23:30:00,0.0
2018-05-25 23:45:00,0.0
2018-05-26 00:00:00,0.0
2018-05-26 00:15:00,0.0
2018-05-26 00:30:00,0.0
2018-05-26 00:45:00,0.0
2018-05-26 01:00:00,0.0
2018-05-26 01:15:00,0.0
2018-05-26 01:30:00,0.0
2018-05-26 01:45:00,0.0
2018-05-26 02:00:00,0.0
2018-05-26 02:15:00,0.0
2018-05-26 02:30:00,0.0
2018-05-26 02:45:00,0.0
2018-05-26 03:00:00,0.0
2018-05-26 03:15:00,0.0
2018-05-26 03:30:00,0.0
2018-05-26 03:45:00,0.0
2018-05-26 04:00:00,0.0
2018-05-26 04:15:00,0.0
2018-05-26 04:30:00,0.0
2018-05-26 04:45:00,0.0
2018-05-26 05:00:00,0.0
2018-05-26 05:15:00,0.0
2018-05-26 05:30:00,0.0
2018-05-26 05:45:00,0.0
2018-05-26 06:00:00,0.0
2018-05-26 06:15:00,0.0
2018-05-26 06:30:00,0.0
2018-05-26 06:45:00,0.0
2018-05-26 07:00:00,0.0
2018-05-26 07:15:00,0.0
2018-05-26 07:30:00,0.0
2018-05-26 07:45:00,0.0
2018-05-26 08:00:00,0.0
2018-05-26 08:15:00,0.0
2018-05-26 08:30:00,0.0
2018-05-26 08:45:00,0.0
2018-05-26 09:00:00,0.0
2018-05-26 09:15:00,0.0
2018-05-26 09:30:00,0.0
2018-05-26 09:45:00,0.0
2018-05-26 10:00:00,0.0
2018-05-26 10:15:00,0.0
2018-05-26 10:30:00,0.0
2018-05-26 10:45:00,0.0
2018-05-26 11:00:00,0.0
2018-05-26 11:15:00,0.0
2018-05-26 11:30:00,0.0
2018-05-26 11:45:00,0.0
2018-05-26 12:00:00,0.0
2018-05-26 12:15:00,0.0
2018-05-26 12:30:00,0.0
2018-05-26 12:45:00,0.0
2018-05-26 13:00:00,0.0
2018-05-26 13:15:00,0.0
2018-05-26 13:30:00,0.0
2018-05-26 13:45:00,0.0
2018-05-26 14:00:00,0.0
2018-05-26 14:15:00,0.0
2018-05-26 14:30:00,0.0
2018-05-26 14:45:00,0.0
2018-05-26 15:00:00,0.0
2018-05-26 15:15:00,0.0
2018-05-26 15:30:00,0.0
2018-05-26 15:45:00,0.0
2018-05-26 16:00:00,0.0
2018-05-26 16:15:00,0.0
2018-05-26 16:30:00,0.0
2018-05-26 16:45:00,0.0
2018-05-26 17:00:00,0.0
2018-05-26 17:15:00,0.0
2018-05-26 17:30:00,0.0
2018-05-26 17:45:00,0.0
2018-05-26 18:00:00,0.0
2018-05-26 18:15:00,0.0
2018-05-26 18:30:00,0.0
2018-05-26 18:45:00,0.0
2018-05-26 19:00:00,0.0
2018-05-26 19:15:00,0.0
2018-05-26 19:30:00,0.0
2018-05-26 19:45:00,0.0
2018-05-26 20:00:00,0.0
2018-05-26 20:15:00,0.0
2018-05-26 20:30:00,0.0
2018-05-26 20:45:00,0.0
2018-05-26 21:00:00,0.0
2018-05-26 21:15:00,0.0
2018-05-26 21:30:00,0.0
2018-05-26 21:45:00,0.0
2018-05-26 22:00:00,0.0
2018-05-26 22:15:00,0.0
2018-05-26 22:30:00,0.0
2018-05-26 22:45:00,0.0
2018-05-26 23:00:00,0.0
2018-05-26 23:15:00,0.0
2018-05-26 23:30:00,0.0
2018-05-26 23:45:00,0.0
2018-05-27 00:00:00,0.0
2018-05-27 00:15:00,0.0
2018-05-27 00:30:00,0.0
2018-05-27 00:45:00,0.0
2018-05-27 01:00:00,0.0
2018-05-27 01:15:00,0.0
2018-05-27 01:30:00,0.0
2018-05-27 01:45:00,0.0
2018-05-27 02:00:00,0.0
2018-05-27 02:15:00,0.0
2018-05-27 02:30:00,0.0
2018-05-27 02:45:00,0.0
2018-05-27 03:00:00,0.0
2018-05-27 03:15:00,0.0
2018-05-27 03:30:00,0.0
2018-05-27 03:45:00,0.0
2018-05-27 04:00:00,0.0
2018-05-27 04:15:00,0.0
2018-05-27 04:30:00,0.0
2018-05-27 04:45:00,0.0
2018-05-27 05:00:00,0.0
2018-05-27 05:15:00,0.0
2018-05-27 05:30:00,0.0
2018-05-27 05:45:00,0.0
2018-05-27 06:00:00,0.0
2018-05-27 06:15:00,0.0
2018-05-27 06:30:00,0.0
2018-05-27 06:45:00,0.0
2018-05-27 07:00:00,0.0
2018-05-27 07:15:00,0.0
2018-05-27 07:30:00,0.0
2018-05-27 07:45:00,0.0
2018-05-27 08:00:00,0.0
2018-05-27 08:15:00,0.0
2018-05-27 08:30:00,0.0
2018-05-27 08:45:00,0.0
2018-05-27 09:00:00,0.0
2018-05-27 09:15:00,0.0
2018-05-27 09:30:00,0.0
2018-05-27 09:45:00,0.0
2018-05-27 10:00:00,0.0
2018-05-27 10:15:00,0.0
2018-05-27 10:30:00,0.0
2018-05-27 10:45:00,0.0
2018-05-27 11:00:00,0.0
2018-05-27 11:15:00,0.0
2018-05-27 11:30:00,0.0
2018-05-27 11:45:00,0.0
2018-05-27 12:00:00,0.0
2018-05-27 12:15:00,0.0
2018-05-27 12:30:00,0.0
2018-05-27 12:45:00,0.0
2018-05-27 13:00:00,0.0
2018-05-27 13:15:00,0.0
2018-05-27 13:30:00,0.0
2018-05-27 13:45:00,0.0
2018-05-27 14:00:00,0.0
2018-05-27 14:15:00,0.0
2018-05-27 14:30:00,0.0
2018-05-27 14:45:00,0.0
2018-05-27 15:00:00,0.0
2018-05-27 15:15:00,0.0
2018-05-27 15:30:00,0.0
2018-05-27 15:45:00,0.0
2018-05-27 16:00:00,0.0
2018-05-27 16:15:00,0.0
2018-05-27 16:30:00,0.0
2018-05-27 16:45:00,0.0
2018-05-27 17:00:00,0.0
2018-05-27 17:15:00,0.0
2018-05-27 17:30:00,0.0
2018-05-27 17:45:00,0.0
2018-05-27 18:00:00,0.0
2018-05-27 18:15:00,0.0
2018-05-27 18:30:00,0.0
2018-05-27 18:45:00,0.0
2018-05-27 19:00:00,0.0
2018-05-27 19:15:00,0.0
2018-05-27 19:30:00,0.0
2018-05-27 19:45:00,0.0
2018-05-27 20:00:00,0.0
2018-05-27 20:15:00,0.0
2018-05-27 20:30:00,0.0
2018-05-27 20:45:00,0.0
2018-05-27 21:00:00,0.0
2018-05-27 21:15:00,0.0
2018-05-27 21:30:00,0.0
2018-05-27 21:45:00,0.0
2018-05-27 22:00:00,0.0
2018-05-27 22:15:00,0.0
2018-05-27 22:30:00,0.0
2018-05-27 22:45:00,0.0
2018-05-27 23:00:00,0.0
2018-05-27 23:15:00,0.0
2018-05-27 23:30:00,0.0
2018-05-27 23:45:00,0.0
2018-05-28 00:00:00,0.0
2018-05-28 00:15:00,0.0
2018-05-28 00:30:00,0.0
2018-05-28 00:45:00,0.0
2018-05-28 01:00:00,0.0
2018-05-28 01:15:00,0.0
2018-05-28 01:30:00,0.0
2018-05-28 01:45:00,0.0
2018-05-28 02:00:00,0.0
2018-05-28 02:15:00,0.0
2018-05-28 02:30:00,0.0
2018-05-28 02:45:00,0.0
2018-05-28 03:00:00,0.0
2018-05-28 03:15:00,0.0
2018-05-28 03:30:00,0.0
2018-05-28 03:45:00,0.0
2018-05-28 04:00:00,0.0
2018-05-28 04:15:00,0.0
2018-05-28 04:30:00,0.0
2018-05-28 04:45:00,0.0
2018-05-28 05:00:00,0.0
2018-05-28 05:15:00,0.0
2018-05-28 05:30:00,0.0
2018-05-28 05:45:00,0.0
2018-05-28 06:00:00,0.0
2018-05-28 06:15:00,0.0
2018-05-28 06:30:00,0.0
2018-05-28 06:45:00,0.0
2018-05-28 07:00:00,0.0
2018-05-28 07:15:00,0.0
2018-05-28 07:30:00,0.0
2018-05-28 07:45:00,0.0
2018-05-28 08:00:00,0.0
2018-05-28 08:15:00,0.0
2018-05-28 08:30:00,0.0
2018-05-28 08:45:00,0.0
2018-05-28 09:00:00,0.0
2018-05-28 09:15:00,0.0
2018-05-28 09:30:00,0.0
2018-05-28 09:45:00,0.0
2018-05-28 10:00:00,0.0
2018-05-28 10:15:00,0.0
2018-05-28 10:30:00,0.0
2018-05-28 10:45:00,0.0
2018-05-28 11:00:00,0.0
2018-05-28 11:15:00,0.0
2018-05-28 11:30:00,0.0
2018-05-28 11:45:00,0.0
2018-05-28 12:00:00,0.0
2018-05-28 12:15:00,0.0
2018-05-28 12:30:00,0.0
2018-05-28 12:45:00,0.0
2018-05-28 13:00:00,0.0
2018-05-28 13:15:00,0.0
2018-05-28 13:30:00,0.0
2018-05-28 13:45:00,0.0
2018-05-28 14:00:00,0.0
2018-05-28 14:15:00,0.0
2018-05-28 14:30:00,0.0
2018-05-28 14:45:00,0.0
2018-05-28 15:00:00,0.0
2018-05-28 15:15:00,0.0
2018-05-28 15:30:00,0.0
2018-05-28 15:45:00,0.0
2018-05-28 16:00:00,0.0
2018-05-28 16:15:00,0.0
2018-05-28 16:30:00,0.0
2018-05-28 16:45:00,0.0
2018-05-28 17:00:00,0.0
2018-05-28 17:15:00,0.0
2018-05-28 17:30:00,0.0
2018-05-28 17:45:00,0.0
2018-05-28 18:00:00,0.0
2018-05-28 18:15:00,0.0
2018-05-28 18:30:00,0.0
2018-05-28 18:45:00,0.0
2018-05-28 19:00:00,0.0
2018-05-28 19:15:00,0.0
2018-05-28 19:30:00,0.0
2018-05-28 19:45:00,0.0
2018-05-28 20:00:00,0.0
2018-05-28 20:15:00,0.0
2018-05-28 20:30:00,0.0
2018-05-28 20:45:00,0.0
2018-05-28 21:00:00,0.0
2018-05-28 21:15:00,0.0
2018-05-28 21:30:00,0.0
2018-05-28 21:45:00,0.0
2018-05-28 22:00:00,0.0
2018-05-28 22:15:00,0.0
2018-05-28 22:30:00,0.0
2018-05-28 22:45:00,0.0
2018-05-28 23:00:00,0.0
2018-05-28 23:15:00,0.0
2018-05-28 23:30:00,0.0
2018-05-28 23:45:00,0.0
2018-05-29 00:00:00,0.0
2018-05-29 00:15:00,0.0
2018-05-29 00:30:00,0.0
2018-05-29 00:45:00,0.0
2018-05-29 01:00:00,0.0
2018-05-29 01:15:00,0.0
2018-05-29 01:30:00,0.0
2018-05-29 01:45:00,0.0
2018-05-29 02:00:00,0.0
2018-05-29 02:15:00,0.0
2018-05-29 02:30:00,0.0
2018-05-29 02:45:00,0.0
2018-05-29 03:00:00,0.0
2018-05-29 03:15:00,0.0
2018-05-29 03:30:00,0.0
2018-05-29 03:45:00,0.0
2018-05-29 04:00:00,0.0
2018-05-29 04:15:00,0.0
2018-05-29 04:30:00,0.0
2018-05-29 04:45:00,0.0
2018-05-29 05:00:00,0.0
2018-05-29 05:15:00,0.0
2018-05-29 05:30:00,0.0
2018-05-29 05:45:00,0.0
2018-05-29 06:00:00,0.0
2018-05-29 06:15:00,0.0
2018-05-29 06:30:00,0.0
2018-05-29 06:45:00,0.0
2018-05-29 07:00:00,0.0
2018-05-29 07:15:00,0.0
2018-05-29 07:30:00,0.0
2018-05-29 07:45:00,0.0
2018-05-29 08:00:00,0.0
2018-05-29 08:15:00,0.0
2018-05-29 08:30:00,0.0
2018-05-29 08:45:00,0.0
2018-05-29 09:00:00,0.0
2018-05-29 09:15:00,0.0
2018-05-29 09:30:00,0.0
2018-05-29 09:45:00,0.0
2018-05-29 10:00:00,0.0
2018-05-29 10:15:00,0.0
2018-05-29 10:30:00,0.0
2018-05-29 10:45:00,0.0
2018-05-29 11:00:00,0.0
2018-05-29 11:15:00,0.0
2018-05-29 11:30:00,0.0
2018-05-29 11:45:00,0.0
2018-05-29 12:00:00,0.0
2018-05-29 12:15:00,0.0
2018-05-29 12:30:00,0.0
2018-05-29 12:45:00,0.0
2018-05-29 13:00:00,0.0
2018-05-29 13:15:00,0.0
2018-05-29 13:30:00,0.0
2018-05-29 13:45:00,0.0
2018-05-29 14:00:00,0.0
2018-05-29 14:15:00,0.0
2018-05-29 14:30:00,0.0
2018-05-29 14:45:00,0.0
2018-05-29 15:00:00,0.0
2018-05-29 15:15:00,0.0
2018-05-29 15:30:00,0.0
2018-05-29 15:45:00,0.0
2018-05-29 16:00:00,0.0
2018-05-29 16:15:00,0.0
2018-05-29 16:30:00,0.0
2018-05-29 16:45:00,0.0
2018-05-29 17:00:00,0.0
2018-05-29 17:15:00,0.0
2018-05-29 17:30:00,0.0
2018-05-29 17:45:00,0.0
2018-05-29 18:00:00,0.0
2018-05-29 18:15:00,0.0
2018-05-29 18:30:00,0.0
2018-05-29 18:45:00,0.0
2018-05-29 19:00:00,0.0
2018-05-29 19:15:00,0.0
2018-05-29 19:30:00,0.0
2018-05-29 19:45:00,0.0
2018-05-29 20:00:00,0.0
2018-05-29 20:15:00,0.0
2018-05-29 20:30:00,0.0
2018-05-29 20:45:00,0.0
2018-05-29 21:00:00,0.0
2018-05-29 21:15:00,0.0
2018-05-29 21:30:00,0.0
2018-05-29 21:45:00,0.0
2018-05-29 22:00:00,0.0
2018-05-29 22:15:00,0.0
2018-05-29 22:30:00,0.0
2018-05-29 22:45:00,0.0
2018-05-29 23:00:00,0.0
2018-05-29 23:15:00,0.0
2018-05-29 23:30:00,0.0
2018-05-29 23:45:00,0.0
2018-05-30 00:00:00,0.0
2018-05-30 00:15:00,0.0
2018-05-30 00:30:00,0.0
2018-05-30 00:45:00,0.0
2018-05-30 01:00:00,0.0
2018-05-30 01:15:00,0.0
2018-05-30 01:30:00,0.0
2018-05-30 01:45:00,0.0
2018-05-30 02:00:00,0.0
2018-05-30 02:15:00,0.0
2018-05-30 02:30:00,0.0
2018-05-30 02:45:00,0.0
2018-05-30 03:00:00,0.0
2018-05-30 03:15:00,0.0
2018-05-30 03:30:00,0.0
2018-05-30 03:45:00,0.0
2018-05-30 04:00:00,0.0
2018-05-30 04:15:00,0.0
2018-05-30 04:30:00,0.0
2018-05-30 04:45:00,0.0
2018-05-30 05:00:00,0.0
2018-05-30 05:15:00,0.0
2018-05-30 05:30:00,0.0
2018-05-30 05:45:00,0.0
2018-05-30 06:00:00,0.0
2018-05-30 06:15:00,0.0
2018-05-30 06:30:00,0.0
2018-05-30 06:45:00,0.0
2018-05-30 07:00:00,0.0
2018-05-30 07:15:00,0.0
2018-05-30 07:30:00,0.0
2018-05-30 07:45:00,0.0
2018-05-30 08:00:00,0.0
2018-05-30 08:15:00,0.0
2018-05-30 08:30:00,0.0
2018-05-30 08:45:00,0.0
2018-05-30 09:00:00,0.0
2018-05-30 09:15:00,0.0
2018-05-30 09:30:00,0.0
2018-05-30 09:45:00,0.0
2018-05-30 10:00:00,0.0
2018-05-30 10:15:00,0.0
2018-05-30 10:30:00,0.0
2018-05-30 10:45:00,0.0
2018-05-30 11:00:00,0.0
2018-05-30 11:15:00,0.0
2018-05-30 11:30:00,0.0
2018-05-30 11:45:00,0.0
2018-05-30 12:00:00,0.0
2018-05-30 12:15:00,0.0
2018-05-30 12:30:00,0.0
2018-05-30 12:45:00,0.0
2018-05-30 13:00:00,0.0
2018-05-30 13:15:00,0.0
2018-05-30 13:30:00,0.0
2018-05-30 13:45:00,0.0
2018-05-30 14:00:00,0.0
2018-05-30 14:15:00,0.0
2018-05-30 14:30:00,0.0
2018-05-30 14:45:00,0.0
2018-05-30 15:00:00,0.0
2018-05-30 15:15:00,0.0
2018-05-30 15:30:00,0.0
2018-05-30 15:45:00,0.0
2018-05-30 16:00:00,0.0
2018-05-30 16:15:00,0.0
2018-05-30 16:30:00,0.0
2018-05-30 16:45:00,0.0
2018-05-30 17:00:00,0.0
2018-05-30 17:15:00,0.0
2018-05-30 17:30:00,0.0
2018-05-30 17:45:00,0.0
2018-05-30 18:00:00,0.0
2018-05-30 18:15:00,0.0
2018-05-30 18:30:00,0.0
2018-05-30 18:45:00,0.0
2018-05-30 19:00:00,0.0
2018-05-30 19:15:00,0.0
2018-05-30 19:30:00,0.0
2018-05-30 19:45:00,0.0
2018-05-30 20:00:00,0.0
2018-05-30 20:15:00,0.0
2018-05-30 20:30:00,0.0
2018-05-30 20:45:00,0.0
2018-05-30 21:00:00,0.0
2018-05-30 21:15:00,0.0
2018-05-30 21:30:00,0.0
2018-05-30 21:45:00,0.0
2018-05-30 22:00:00,0.0
2018-05-30 22:15:00,0.0
2018-05-30 22:30:00,0.0
2018-05-30 22:45:00,0.0
2018-05-30 23:00:00,0.0
2018-05-30 23:15:00,0.0
2018-05-30 23:30:00,0.0
2018-05-30 23:45:00,0.0
2018-05-31 00:00:00,0.0
2018-05-31 00:15:00,0.0
2018-05-31 00:30:00,0.0
2018-05-31 00:45:00,0.0
2018-05-31 01:00:00,0.0
2018-05-31 01:15:00,0.0
2018-05-31 01:30:00,0.0
2018-05-31 01:45:00,0.0
2018-05-31 02:00:00,0.0
2018-05-31 02:15:00,0.0
2018-05-31 02:30:00,0.0
2018-05-31 02:45:00,0.0
2018-05-31 03:00:00,0.0
2018-05-31 03:15:00,0.0
2018-05-31 03:30:00,0.0
2018-05-31 03:45:00,0.0
2018-05-31 04:00:00,0.0
2018-05-31 04:15:00,0.0
2018-05-31 04:30:00,0.0
2018-05-31 04:45:00,0.0
2018-05-31 05:00:00,0.0
2018-05-31 05:15:00,0.0
2018-05-31 05:30:00,0.0
2018-05-31 05:45:00,0.0
2018-05-31 06:00:00,0.0
2018-05-31 06:15:00,0.0
2018-05-31 06:30:00,0.0
2018-05-31 06:45:00,0.0
2018-05-31 07:00:00,0.0
2018-05-31 07:15:00,0.0
2018-05-31 07:30:00,0.0
2018-05-31 07:45:00,0.0
2018-05-31 08:00:00,0.0
2018-05-31 08:15:00,0.0
2018-05-31 08:30:00,0.0
2018-05-31 08:45:00,0.0
2018-05-31 09:00:00,0.0
2018-05-31 09:15:00,0.0
2018-05-31 09:30:00,0.0
2018-05-31 09:45:00,0.0
2018-05-31 10:00:00,0.0
2018-05-31 10:15:00,0.0
2018-05-31 10:30:00,0.0
2018-05-31 10:45:00,0.0
2018-05-31 11:00:00,0.0
2018-05-31 11:15:00,0.0
2018-05-31 11:30:00,0.0
2018-05-31 11:45:00,0.0
2018-05-31 12:00:00,0.0
2018-05-31 12:15:00,0.0
2018-05-31 12:30:00,0.0
2018-05-31 12:45:00,0.0
2018-05-31 13:00:00,0.0
2018-05-31 13:15:00,0.0
2018-05-31 13:30:00,0.0
2018-05-31 13:45:00,0.0
2018-05-31 14:00:00,0.0
2018-05-31 14:15:00,0.0
2018-05-31 14:30:00,0.0
2018-05-31 14:45:00,0.0
2018-05-31 15:00:00,0.0
2018-05-31 15:15:00,0.0
2018-05-31 15:30:00,0.0
2018-05-31 15:45:00,0.0
2018-05-31 16:00:00,0.0
2018-05-31 16:15:00,0.0
2018-05-31 16:30:00,0.0
2018-05-31 16:45:00,0.0
2018-05-31 17:00:00,0.0
2018-05-31 17:15:00,0.0
2018-05-31 17:30:00,0.0
2018-05-31 17:45:00,0.0
2018-05-31 18:00:00,0.0
2018-05-31 18:15:00,0.0
2018-05-31 18:30:00,0.0
2018-05-31 18:45:00,0.0
2018-05-31 19:00:00,0.0
2018-05-31 19:15:00,0.0
2018-05-31 19:30:00,0.0
2018-05-31 19:45:00,0.0
2018-05-31 20:00:00,0.0
2018-05-31 20:15:00,0.0
2018-05-31 20:30:00,0.0
2018-05-31 20:45:00,0.0
2018-05-31 21:00:00,0.0
2018-05-31 21:15:00,0.0
2018-05-31 21:30:00,0.0
2018-05-31 21:45:00,0.0
2018-05-31 22:00:00,0.0
2018-05-31 22:15:00,0.0
2018-05-31 22:30:00,0.0
2018-05-31 22:45:00,0.0
2018-05-31 23:00:00,0.0
2018-05-31 23:15:00,0.0
2018-05-31 23:30:00,0.0
2018-05-31 23:45:00,0.0
2018-06-01 00:00:00,0.0
2018-06-01 00:15:00,0.0
2018-06-01 00:30:00,0.0
2018-06-01 00:45:00,0.0
2018-06-01 01:00:00,0.0
2018-06-01 01:15:00,0.0
2018-06-01 01:30:00,0.0
2018-06-01 01:45:00,0.0
2018-06-01 02:00:00,0.0
2018-06-01 02:15:00,0.0
2018-06-01 02:30:00,0.0
2018-06-01 02:45:00,0.0
2018-06-01 03:00:00,0.0
2018-06-01 03:15:00,0.0
2018-06-01 03:30:00,0.0
2018-06-01 03:45:00,0.0
2018-06-01 04:00:00,0.0
2018-06-01 04:15:00,0.0
2018-06-01 04:30:00,0.0
2018-06-01 04:45:00,0.0
2018-06-01 05:01:00,0.0
2018-06-01 05:15:00,0.0
2018-06-01 05:30:00,0.0
2018-06-01 05:45:00,0.0
2018-06-01 06:00:00,0.0
2018-06-01 06:15:00,0.0
2018-06-01 06:30:00,0.0
2018-06-01 06:45:00,0.0
2018-06-01 07:00:00,0.0
2018-06-01 07:15:00,0.0
2018-06-01 07:30:00,0.0
2018-06-01 07:45:00,0.0
2018-06-01 08:00:00,0.0
2018-06-01 08:15:00,0.0
2018-06-01 08:30:00,0.0
2018-06-01 08:45:00,0.0
2018-06-01 09:00:00,0.0
2018-06-01 09:15:00,0.0
2018-06-01 09:30:00,0.0
2018-06-01 09:45:00,0.0
2018-06-01 10:00:00,0.0
2018-06-01 10:15:00,0.0
2018-06-01 10:30:00,0.0
2018-06-01 10:45:00,0.0
2018-06-01 11:00:00,0.0
2018-06-01 11:15:00,0.0
2018-06-01 11:30:00,0.0
2018-06-01 11:45:00,0.0
2018-06-01 12:00:00,0.0
2018-06-01 12:15:00,0.0
2018-06-01 12:30:00,0.0
2018-06-01 12:45:00,0.0
2018-06-01 13:00:00,0.0
2018-06-01 13:15:00,0.0
2018-06-01 13:30:00,0.0
2018-06-01 13:45:00,0.0
2018-06-01 14:00:00,0.0
2018-06-01 14:15:00,0.0
2018-06-01 14:30:00,0.0
2018-06-01 14:45:00,0.0
2018-06-01 15:00:00,0.0
2018-06-01 15:15:00,0.0
2018-06-01 15:30:00,0.0
2018-06-01 15:45:00,0.0
2018-06-01 16:00:00,0.0
2018-06-01 16:15:00,0.0
2018-06-01 16:30:00,0.0
2018-06-01 16:45:00,0.0
2018-06-01 17:00:00,0.0
2018-06-01 17:15:00,0.0
2018-06-01 17:30:00,0.0
2018-06-01 17:45:00,0.0
2018-06-01 18:00:00,0.0
2018-06-01 18:15:00,0.0
2018-06-01 18:30:00,0.0
2018-06-01 18:45:00,0.0
2018-06-01 19:00:00,0.0
2018-06-01 19:15:00,0.0
2018-06-01 19:30:00,0.0
2018-06-01 19:45:00,0.0
2018-06-01 20:00:00,0.0
2018-06-01 20:15:00,0.0
2018-06-01 20:30:00,0.0
2018-06-01 20:45:00,0.0
2018-06-01 21:00:00,0.0
2018-06-01 21:15:00,0.0
2018-06-01 21:30:00,0.0
2018-06-01 21:45:00,0.0
2018-06-01 22:00:00,0.0
2018-06-01 22:15:00,0.0
2018-06-01 22:30:00,0.0
2018-06-01 22:45:00,0.0
2018-06-01 23:00:00,0.0
2018-06-01 23:15:00,0.0
2018-06-01 23:30:00,0.0
2018-06-01 23:45:00,0.0
2018-06-02 00:00:00,0.0
2018-06-02 00:15:00,0.0
2018-06-02 00:30:00,0.0
2018-06-02 00:45:00,0.0
2018-06-02 01:00:00,0.0
2018-06-02 01:15:00,0.0
2018-06-02 01:30:00,0.0
2018-06-02 01:45:00,0.0
2018-06-02 02:00:00,0.0
2018-06-02 02:15:00,0.0
2018-06-02 02:30:00,0.0
2018-06-02 02:45:00,0.0
2018-06-02 03:00:00,0.0
2018-06-02 03:15:00,0.0
2018-06-02 03:30:00,0.0
2018-06-02 03:45:00,0.0
2018-06-02 04:00:00,0.0
2018-06-02 04:15:00,0.0
2018-06-02 04:30:00,0.0
2018-06-02 04:45:00,0.0
2018-06-02 05:00:00,0.0
2018-06-02 05:15:00,0.0
2018-06-02 05:30:00,0.0
2018-06-02 05:45:00,0.0
2018-06-02 06:00:00,0.0
2018-06-02 06:15:00,0.0
2018-06-02 06:30:00,0.0
2018-06-02 06:45:00,0.0
2018-06-02 07:00:00,0.0
2018-06-02 07:15:00,0.0
2018-06-02 07:30:00,0.0
2018-06-02 07:45:00,0.0
2018-06-02 08:00:00,0.0
2018-06-02 08:15:00,0.0
2018-06-02 08:30:00,0.0
2018-06-02 08:45:00,0.0
2018-06-02 09:00:00,0.0
2018-06-02 09:15:00,0.0
2018-06-02 09:30:00,0.0
2018-06-02 09:45:00,0.0
2018-06-02 10:00:00,0.0
2018-06-02 10:15:00,0.0
2018-06-02 10:30:00,0.0
2018-06-02 10:45:00,0.0
2018-06-02 11:00:00,0.0
2018-06-02 11:15:00,0.0
2018-06-02 11:30:00,0.0
2018-06-02 11:45:00,0.0
2018-06-02 12:00:00,0.0
2018-06-02 12:15:00,0.0
2018-06-02 12:30:00,0.0
2018-06-02 12:45:00,0.0
2018-06-02 13:00:00,0.0
2018-06-02 13:15:00,0.0
2018-06-02 13:30:00,0.0
2018-06-02 13:45:00,0.0
2018-06-02 14:00:00,0.0
2018-06-02 14:15:00,0.0
2018-06-02 14:30:00,0.0
2018-06-02 14:45:00,0.0
2018-06-02 15:00:00,0.0
2018-06-02 15:15:00,0.0
2018-06-02 15:30:00,0.0
2018-06-02 15:45:00,0.0
2018-06-02 16:00:00,0.0
2018-06-02 16:15:00,0.0
2018-06-02 16:30:00,0.0
2018-06-02 16:45:00,0.0
2018-06-02 17:00:00,0.0
2018-06-02 17:15:00,0.0
2018-06-02 17:30:00,0.0
2018-06-02 17:45:00,0.0
2018-06-02 18:00:00,0.0
2018-06-02 18:15:00,0.0
2018-06-02 18:30:00,0.0
2018-06-02 18:45:00,0.0
2018-06-02 19:00:00,0.0
2018-06-02 19:15:00,0.0
2018-06-02 19:30:00,0.0
2018-06-02 19:45:00,0.0
2018-06-02 20:00:00,0.0
2018-06-02 20:15:00,0.0
2018-06-02 20:30:00,0.0
2018-06-02 20:45:00,0.0
2018-06-02 21:00:00,0.0
2018-06-02 21:15:00,0.0
2018-06-02 21:30:00,0.0
2018-06-02 21:45:00,0.0
2018-06-02 22:00:00,0.0
2018-06-02 22:15:00,0.0
2018-06-02 22:30:00,0.0
2018-06-02 22:45:00,0.0
2018-06-02 23:00:00,0.0
2018-06-02 23:15:00,0.0
2018-06-02 23:30:00,0.0
2018-06-02 23:45:00,0.0
2018-06-03 00:00:00,0.0
2018-06-03 00:15:00,0.0
2018-06-03 00:30:00,0.0
2018-06-03 00:45:00,0.0
2018-06-03 01:00:00,0.0
2018-06-03 01:15:00,0.0
2018-06-03 01:30:00,0.0
2018-06-03 01:45:00,0.0
2018-06-03 02:00:00,0.0
2018-06-03 02:15:00,0.0
2018-06-03 02:30:00,0.0
2018-06-03 02:45:00,0.0
2018-06-03 03:00:00,0.0
2018-06-03 03:15:00,0.0
2018-06-03 03:30:00,0.0
2018-06-03 03:45:00,0.0
2018-06-03 04:00:00,0.0
2018-06-03 04:15:00,0.0
2018-06-03 04:30:00,0.0
2018-06-03 04:45:00,0.0
2018-06-03 05:00:00,0.0
2018-06-03 05:15:00,0.0
2018-06-03 05:30:00,0.0
2018-06-03 05:45:00,0.0
2018-06-03 06:00:00,0.0
2018-06-03 06:15:00,0.0
2018-06-03 06:30:00,0.0
2018-06-03 06:45:00,0.0
2018-06-03 07:00:00,0.0
2018-06-03 07:15:00,0.0
2018-06-03 07:30:00,0.0
2018-06-03 07:45:00,0.0
2018-06-03 08:00:00,0.0
2018-06-03 08:15:00,0.0
2018-06-03 08:30:00,0.0
2018-06-03 08:45:00,0.0
2018-06-03 09:00:00,0.0
2018-06-03 09:15:00,0.0
2018-06-03 09:30:00,0.0
2018-06-03 09:45:00,0.0
2018-06-03 10:00:00,0.0
2018-06-03 10:15:00,0.0
2018-06-03 10:30:00,0.0
2018-06-03 10:45:00,0.0
2018-06-03 11:00:00,0.0
2018-06-03 11:15:00,0.0
2018-06-03 11:30:00,0.0
2018-06-03 11:45:00,0.0
2018-06-03 12:00:00,0.0
2018-06-03 12:15:00,0.0
2018-06-03 12:30:00,0.0
2018-06-03 12:45:00,0.0
2018-06-03 13:00:00,0.0
2018-06-03 13:15:00,0.0
2018-06-03 13:30:00,0.0
2018-06-03 13:45:00,0.0
2018-06-03 14:00:00,0.0
2018-06-03 14:15:00,0.0
2018-06-03 14:30:00,0.0
2018-06-03 14:45:00,0.0
2018-06-03 15:00:00,0.0
2018-06-03 15:15:00,0.0
2018-06-03 15:30:00,0.0
2018-06-03 15:45:00,0.0
2018-06-03 16:00:00,0.0
2018-06-03 16:15:00,0.0
2018-06-03 16:30:00,0.0
2018-06-03 16:45:00,0.0
2018-06-03 17:00:00,0.0
2018-06-03 17:15:00,0.0
2018-06-03 17:30:00,0.0
2018-06-03 17:45:00,0.0
2018-06-03 18:00:00,0.0
2018-06-03 18:15:00,0.0
2018-06-03 18:30:00,0.0
2018-06-03 18:45:00,0.0
2018-06-03 19:00:00,0.0
2018-06-03 19:15:00,0.0
2018-06-03 19:30:00,0.0
2018-06-03 19:45:00,0.0
2018-06-03 20:00:00,0.0
2018-06-03 20:15:00,0.0
2018-06-03 20:30:00,0.0
2018-06-03 20:45:00,0.0
2018-06-03 21:00:00,0.0
2018-06-03 21:15:00,0.0
2018-06-03 21:30:00,0.0
2018-06-03 21:45:00,0.0
2018-06-03 22:00:00,0.0
2018-06-03 22:15:00,0.0
2018-06-03 22:30:00,0.0
2018-06-03 22:45:00,0.0
2018-06-03 23:00:00,0.0
2018-06-03 23:15:00,0.0
2018-06-03 23:30:00,0.0
2018-06-03 23:45:00,0.0
2018-06-04 00:00:00,0.0
2018-06-04 00:15:00,0.0
2018-06-04 00:30:00,0.0
2018-06-04 00:45:00,0.0
2018-06-04 01:00:00,0.0
2018-06-04 01:15:00,0.0
2018-06-04 01:30:00,0.0
2018-06-04 01:45:00,0.0
2018-06-04 02:00:00,0.0
2018-06-04 02:15:00,0.0
2018-06-04 02:30:00,0.0
2018-06-04 02:45:00,0.0
2018-06-04 03:00:00,0.0
2018-06-04 03:15:00,0.0
2018-06-04 03:30:00,0.0
2018-06-04 03:45:00,0.0
2018-06-04 04:00:00,0.0
2018-06-04 04:15:00,0.0
2018-06-04 04:30:00,0.0
2018-06-04 04:45:00,0.0
2018-06-04 05:00:00,0.0
2018-06-04 05:15:00,0.0
2018-06-04 05:30:00,0.0
2018-06-04 05:45:00,0.0
2018-06-04 06:00:00,0.0
2018-06-04 06:15:00,0.0
2018-06-04 06:30:00,0.0
2018-06-04 06:45:00,0.0
2018-06-04 07:00:00,0.0
2018-06-04 07:15:00,0.0
2018-06-04 07:30:00,0.0
2018-06-04 07:45:00,0.0
2018-06-04 08:00:00,0.0
2018-06-04 08:15:00,0.0
2018-06-04 08:30:00,0.0
2018-06-04 08:45:00,0.0
2018-06-04 09:00:00,0.0
2018-06-04 09:15:00,0.0
2018-06-04 09:30:00,0.0
2018-06-04 09:45:00,0.0
2018-06-04 10:00:00,0.0
2018-06-04 10:15:00,0.0
2018-06-04 10:30:00,0.0
2018-06-04 10:45:00,0.0
2018-06-04 11:00:00,0.0
2018-06-04 11:15:00,0.0
2018-06-04 11:30:00,0.0
2018-06-04 11:45:00,0.0
2018-06-04 12:00:00,0.0
2018-06-04 12:15:00,0.0
2018-06-04 12:30:00,0.0
2018-06-04 12:45:00,0.0
2018-06-04 13:00:00,0.0
2018-06-04 13:15:00,0.0
2018-06-04 13:30:00,0.0
2018-06-04 13:45:00,0.0
2018-06-04 14:00:00,0.0
2018-06-04 14:15:00,0.0
2018-06-04 14:30:00,0.0
2018-06-04 14:45:00,0.0
2018-06-04 15:00:00,0.0
2018-06-04 15:15:00,0.0
2018-06-04 15:30:00,0.0
2018-06-04 15:45:00,0.0
2018-06-04 16:00:00,0.0
2018-06-04 16:15:00,0.0
2018-06-04 16:30:00,0.0
2018-06-04 16:45:00,0.0
2018-06-04 17:00:00,0.0
2018-06-04 17:15:00,0.0
2018-06-04 17:30:00,0.0
2018-06-04 17:45:00,0.0
2018-06-04 18:00:00,0.0
2018-06-04 18:15:00,0.0
2018-06-04 18:30:00,0.0
2018-06-04 18:45:00,0.0
2018-06-04 19:00:00,0.0
2018-06-04 19:15:00,0.0
2018-06-04 19:30:00,0.0
2018-06-04 19:45:00,0.0
2018-06-04 20:00:00,0.0
2018-06-04 20:15:00,0.0
2018-06-04 20:30:00,0.0
2018-06-04 20:45:00,0.0
2018-06-04 21:00:00,0.0
2018-06-04 21:15:00,0.0
2018-06-04 21:30:00,0.0
2018-06-04 21:45:00,0.0
2018-06-04 22:00:00,0.0
2018-06-04 22:15:00,0.0
2018-06-04 22:30:00,0.0
2018-06-04 22:45:00,0.0
2018-06-04 23:00:00,0.0
2018-06-04 23:15:00,0.0
2018-06-04 23:30:00,0.0
2018-06-04 23:45:00,0.0
2018-06-05 00:00:00,0.0
2018-06-05 00:15:00,0.0
2018-06-05 00:30:00,0.0
2018-06-05 00:45:00,0.0
2018-06-05 01:00:00,0.0
2018-06-05 01:15:00,0.0
2018-06-05 01:30:00,0.0
2018-06-05 01:45:00,0.0
2018-06-05 02:00:00,0.0
2018-06-05 02:15:00,0.0
2018-06-05 02:30:00,0.0
2018-06-05 02:45:00,0.0
2018-06-05 03:00:00,0.0
2018-06-05 03:15:00,0.0
2018-06-05 03:30:00,0.0
2018-06-05 03:45:00,0.0
2018-06-05 04:00:00,0.0
2018-06-05 04:15:00,0.0
2018-06-05 04:30:00,0.0
2018-06-05 04:45:00,0.0
2018-06-05 05:00:00,0.0
2018-06-05 05:15:00,0.0
2018-06-05 05:30:00,0.0
2018-06-05 05:45:00,0.0
2018-06-05 06:00:00,0.0
2018-06-05 06:15:00,0.0
2018-06-05 06:30:00,0.0
2018-06-05 06:45:00,0.0
2018-06-05 07:00:00,0.0
2018-06-05 07:15:00,0.0
2018-06-05 07:30:00,0.0
2018-06-05 07:45:00,0.0
2018-06-05 08:00:00,0.0
2018-06-05 08:15:00,0.0
2018-06-05 08:30:00,0.0
2018-06-05 08:45:00,0.0
2018-06-05 09:00:00,0.0
2018-06-05 09:15:00,0.0
2018-06-05 09:30:00,0.0
2018-06-05 09:45:00,0.0
2018-06-05 10:00:00,0.0
2018-06-05 10:15:00,0.0
2018-06-05 10:30:00,0.0
2018-06-05 10:45:00,0.0
2018-06-05 11:00:00,0.0
2018-06-05 11:15:00,0.0
2018-06-05 11:30:00,0.0
2018-06-05 11:45:00,0.0
2018-06-05 12:00:00,0.0
2018-06-05 12:15:00,0.0
2018-06-05 12:30:00,0.0
2018-06-05 12:45:00,0.0
2018-06-05 13:00:00,0.0
2018-06-05 13:15:00,0.0
2018-06-05 13:30:00,0.0
2018-06-05 13:45:00,0.0
2018-06-05 14:00:00,0.0
2018-06-05 14:15:00,0.0
2018-06-05 14:30:00,0.0
2018-06-05 14:45:00,0.0
2018-06-05 15:00:00,0.0
2018-06-05 15:15:00,0.0
2018-06-05 15:30:00,0.0
2018-06-05 15:45:00,0.0
2018-06-05 16:00:00,0.0
2018-06-05 16:15:00,0.0
2018-06-05 16:30:00,0.0
2018-06-05 16:45:00,0.0
2018-06-05 17:00:00,0.0
2018-06-05 17:15:00,0.0
2018-06-05 17:30:00,0.0
2018-06-05 17:45:00,0.0
2018-06-05 18:00:00,0.0
2018-06-05 18:15:00,0.0
2018-06-05 18:30:00,0.0
2018-06-05 18:45:00,0.0
2018-06-05 19:00:00,0.0
2018-06-05 19:15:00,0.0
2018-06-05 19:30:00,0.0
2018-06-05 19:45:00,0.0
2018-06-05 20:00:00,0.0
2018-06-05 20:15:00,0.0
2018-06-05 20:30:00,0.0
2018-06-05 20:45:00,0.0
2018-06-05 21:00:00,0.0
2018-06-05 21:15:00,0.0
2018-06-05 21:30:00,0.0
2018-06-05 21:45:00,0.0
2018-06-05 22:00:00,0.0
2018-06-05 22:15:00,0.0
2018-06-05 22:30:00,0.0
2018-06-05 22:45:00,0.0
2018-06-05 23:00:00,0.0
2018-06-05 23:15:00,0.0
2018-06-05 23:30:00,0.0
2018-06-05 23:45:00,0.0
2018-06-06 00:00:00,0.0
2018-06-06 00:15:00,0.0
2018-06-06 00:30:00,0.0
2018-06-06 00:45:00,0.0
2018-06-06 01:00:00,0.0
2018-06-06 01:15:00,0.0
2018-06-06 01:30:00,0.0
2018-06-06 01:45:00,0.0
2018-06-06 02:00:00,0.0
2018-06-06 02:15:00,0.0
2018-06-06 02:30:00,0.0
2018-06-06 02:45:00,0.0
2018-06-06 03:00:00,0.0
2018-06-06 03:15:00,0.0
2018-06-06 03:30:00,0.0
2018-06-06 03:45:00,0.0
2018-06-06 04:00:00,0.0
2018-06-06 04:15:00,0.0
2018-06-06 04:30:00,0.0
2018-06-06 04:45:00,0.0
2018-06-06 05:00:00,0.0
2018-06-06 05:15:00,0.0
2018-06-06 05:30:00,0.0
2018-06-06 05:45:00,0.0
2018-06-06 06:00:00,0.0
2018-06-06 06:15:00,0.0
2018-06-06 06:30:00,0.0
2018-06-06 06:45:00,0.0
2018-06-06 07:00:00,0.0
2018-06-06 07:15:00,0.0
2018-06-06 07:30:00,0.0
2018-06-06 07:45:00,0.0
2018-06-06 08:00:00,0.0
2018-06-06 08:15:00,0.0
2018-06-06 08:30:00,0.0
2018-06-06 08:45:00,0.0
2018-06-06 09:00:00,0.0
2018-06-06 09:15:00,0.0
2018-06-06 09:30:00,0.0
2018-06-06 09:45:00,0.0
2018-06-06 10:00:00,0.0
2018-06-06 10:15:00,0.0
2018-06-06 10:30:00,0.0
2018-06-06 10:45:00,0.0
2018-06-06 11:00:00,0.0
2018-06-06 11:15:00,0.0
2018-06-06 11:30:00,0.0
2018-06-06 11:45:00,0.0
2018-06-06 12:00:00,0.0
2018-06-06 12:15:00,0.0
2018-06-06 12:30:00,0.0
2018-06-06 12:45:00,25.4
2018-06-06 13:00:00,27.8
2018-06-06 13:15:00,54.1
2018-06-06 13:30:00,26.3
2018-06-06 13:45:00,15.9
2018-06-06 14:00:00,13.3
2018-06-06 14:15:00,10.9
2018-06-06 14:30:00,10.6
2018-06-06 14:45:00,23.9
2018-06-06 15:00:00,25.1
2018-06-06 15:15:00,29.7
2018-06-06 15:30:00,47.8
2018-06-06 15:45:00,62.3
2018-06-06 16:00:00,42.8
2018-06-06 16:15:00,29.5
2018-06-06 16:30:00,30.4
2018-06-06 16:45:00,26.6
2018-06-06 17:00:00,32.8
2018-06-06 17:15:00,57.3
2018-06-06 17:30:00,34.1
2018-06-06 17:45:00,42.4
2018-06-06 18:00:00,49.8
2018-06-06 18:15:00,67.5
2018-06-06 18:30:00,75.89999
2018-06-06 18:45:00,65.0
2018-06-06 19:00:00,62.3
2018-06-06 19:15:00,55.3
2018-06-06 19:30:00,52.4
2018-06-06 19:45:00,48.3
2018-06-06 20:00:00,46.0
2018-06-06 20:15:00,32.7
2018-06-06 20:30:00,24.3
2018-06-06 20:45:00,26.0
2018-06-06 21:00:00,31.4
2018-06-06 21:15:00,31.6
2018-06-06 21:30:00,35.3
2018-06-06 21:45:00,38.1
2018-06-06 22:00:00,42.8
2018-06-06 22:15:00,34.3
2018-06-06 22:30:00,39.7
2018-06-06 22:45:00,40.9
2018-06-06 23:00:00,51.6
2018-06-06 23:15:00,51.8
2018-06-06 23:30:00,65.6
2018-06-06 23:45:00,93.7
2018-06-07 00:00:00,108.89999
2018-06-07 00:15:00,124.89999
2018-06-07 00:30:00,114.1
2018-06-07 00:45:00,102.8
2018-06-07 01:00:00,104.39999
2018-06-07 01:15:00,105.6
2018-06-07 01:30:00,99.1
2018-06-07 01:45:00,114.7
2018-06-07 02:00:00,94.39999
2018-06-07 02:15:00,84.8
2018-06-07 02:30:00,91.2
2018-06-07 02:45:00,110.6
2018-06-07 03:00:00,131.0
2018-06-07 03:15:00,153.0
2018-06-07 03:30:00,157.4
2018-06-07 03:45:00,157.4
2018-06-07 04:00:00,157.4
2018-06-07 04:15:00,157.4
2018-06-07 04:30:00,157.4
2018-06-07 04:45:00,157.4
2018-06-07 05:00:00,157.4
2018-06-07 05:15:00,157.4
2018-06-07 05:30:00,157.4
2018-06-07 05:45:00,157.4
2018-06-07 06:00:00,157.4
2018-06-07 06:15:00,157.4
2018-06-07 06:30:00,157.4
2018-06-07 06:45:00,157.4
2018-06-07 07:00:00,156.0
2018-06-07 07:15:00,158.0
2018-06-07 07:30:00,158.0
2018-06-07 07:45:00,158.0
2018-06-07 08:00:00,157.9
2018-06-07 08:15:00,139.7
2018-06-07 08:30:00,145.5
2018-06-07 08:45:00,152.09999
2018-06-07 09:00:00,151.59999
2018-06-07 09:15:00,148.29999
2018-06-07 09:30:00,153.79999
2018-06-07 09:45:00,152.9
2018-06-07 10:00:00,145.7
2018-06-07 10:15:00,134.29999
2018-06-07 10:30:00,130.2
2018-06-07 10:45:00,119.8
2018-06-07 11:00:00,97.89999
2018-06-07 11:15:00,110.1
2018-06-07 11:30:00,126.2
2018-06-07 11:45:00,117.5
2018-06-07 12:00:00,127.1
2018-06-07 12:15:00,122.1
2018-06-07 12:30:00,113.5
2018-06-07 12:45:00,102.6
2018-06-07 13:00:00,103.6
2018-06-07 13:15:00,92.7
2018-06-07 13:30:00,96.5
2018-06-07 13:45:00,111.89999
2018-06-07 14:00:00,117.3
2018-06-07 14:15:00,127.8
2018-06-07 14:30:00,140.5
2018-06-07 14:45:00,137.9
2018-06-07 15:00:00,123.6
2018-06-07 15:15:00,127.2
2018-06-07 15:30:00,124.0
2018-06-07 15:45:00,99.5
2018-06-07 16:00:00,95.2
2018-06-07 16:15:00,93.2
2018-06-07 16:30:00,121.0
2018-06-07 16:45:00,134.2
2018-06-07 17:00:00,131.5
2018-06-07 17:15:00,124.89999
2018-06-07 17:30:00,130.79999
2018-06-07 17:45:00,121.89999
2018-06-07 18:00:00,120.1
2018-06-07 18:15:00,123.6
2018-06-07 18:30:00,131.4
2018-06-07 18:45:00,131.4
2018-06-07 19:00:00,146.29999
2018-06-07 19:15:00,135.2
2018-06-07 19:30:00,132.0
2018-06-07 19:45:00,145.4
2018-06-07 20:00:00,132.2
2018-06-07 20:15:00,132.2
2018-06-07 20:30:00,139.29999
2018-06-07 20:45:00,149.9
2018-06-07 21:00:00,151.2
2018-06-07 21:15:00,141.09999
2018-06-07 21:30:00,144.4
2018-06-07 21:45:00,149.9
2018-06-07 22:00:00,150.09999
2018-06-07 22:15:00,150.9
2018-06-07 22:30:00,155.59999
2018-06-07 22:45:00,156.09999
2018-06-07 23:00:00,157.09999
2018-06-07 23:15:00,155.29999
2018-06-07 23:30:00,152.09999
2018-06-07 23:45:00,157.5
2018-06-08 00:00:00,157.9
2018-06-08 00:15:00,157.9
2018-06-08 00:30:00,157.9
2018-06-08 00:45:00,158.0
2018-06-08 01:00:00,158.0
2018-06-08 01:15:00,157.9
2018-06-08 01:30:00,157.9
2018-06-08 01:45:00,157.9
2018-06-08 02:00:00,108.6
2018-06-08 02:15:00,110.6
2018-06-08 02:30:00,157.9
2018-06-08 02:45:00,147.0
2018-06-08 03:00:00,121.5
2018-06-08 03:15:00,156.9
2018-06-08 03:30:00,144.09999
2018-06-08 03:45:00,156.9
2018-06-08 04:00:00,157.2
2018-06-08 04:15:00,109.1
2018-06-08 04:30:00,91.6
2018-06-08 04:45:00,68.0
2018-06-08 05:00:00,30.3
2018-06-08 05:15:00,35.9
2018-06-08 05:30:00,135.0
2018-06-08 05:45:00,157.5
2018-06-08 06:00:00,157.5
2018-06-08 06:15:00,157.5
2018-06-08 06:30:00,130.2
2018-06-08 06:45:00,138.5
2018-06-08 07:00:00,157.79999
2018-06-08 07:15:00,157.5
2018-06-08 07:30:00,146.29999
2018-06-08 07:45:00,149.9
2018-06-08 08:00:00,156.2
2018-06-08 08:15:00,156.2
2018-06-08 08:30:00,118.5
2018-06-08 08:45:00,123.1
2018-06-08 09:00:00,43.8
2018-06-08 09:15:00,26.8
2018-06-08 09:30:00,29.3
2018-06-08 09:45:00,66.2
2018-06-08 10:00:00,104.0
2018-06-08 10:15:00,96.7
2018-06-08 10:30:00,73.7
2018-06-08 10:45:00,38.3
2018-06-08 11:00:00,4.9
2018-06-08 11:15:00,152.09999
2018-06-08 11:30:00,112.39999
2018-06-08 11:45:00,73.3
2018-06-08 12:00:00,34.5
2018-06-08 12:15:00,19.2
2018-06-08 12:30:00,10.9
2018-06-08 12:45:00,8.1
2018-06-08 13:00:00,11.4
2018-06-08 13:15:00,4.0
2018-06-08 13:30:00,0.0
2018-06-08 13:45:00,0.0
2018-06-08 14:00:00,3.6
2018-06-08 14:15:00,27.5
2018-06-08 14:30:00,58.4
2018-06-08 14:45:00,89.39999
2018-06-08 15:00:00,92.0
2018-06-08 15:15:00,96.89999
2018-06-08 15:30:00,138.29999
2018-06-08 15:45:00,157.59999
2018-06-08 16:00:00,157.59999
2018-06-08 16:15:00,157.9
2018-06-08 16:30:00,138.5
2018-06-08 16:45:00,140.2
2018-06-08 17:00:00,127.3
2018-06-08 17:15:00,139.9
2018-06-08 17:30:00,154.59999
2018-06-08 17:45:00,157.2
2018-06-08 18:00:00,156.5
2018-06-08 18:15:00,154.4
2018-06-08 18:30:00,130.5
2018-06-08 18:45:00,123.8
2018-06-08 19:00:00,126.39999
2018-06-08 19:15:00,119.3
2018-06-08 19:30:00,110.6
2018-06-08 19:45:00,112.39999
2018-06-08 20:00:00,108.1
2018-06-08 20:15:00,81.8
2018-06-08 20:30:00,67.0
2018-06-08 20:45:00,68.7
2018-06-08 21:00:00,71.0
2018-06-08 21:15:00,60.6
2018-06-08 21:30:00,51.9
2018-06-08 21:45:00,38.9
2018-06-08 22:00:00,45.4
2018-06-08 22:15:00,48.6
2018-06-08 22:30:00,60.0
2018-06-08 22:45:00,51.1
2018-06-08 23:00:00,48.6
2018-06-08 23:15:00,54.4
2018-06-08 23:30:00,47.5
2018-06-08 23:45:00,55.1
2018-06-09 00:00:00,51.4
2018-06-09 00:15:00,45.2
2018-06-09 00:30:00,43.3
2018-06-09 00:45:00,42.3
2018-06-09 01:00:00,46.2
2018-06-09 01:15:00,65.3
2018-06-09 01:30:00,68.2
2018-06-09 01:45:00,69.6
2018-06-09 02:00:00,71.39999
2018-06-09 02:15:00,79.2
2018-06-09 02:30:00,76.39999
2018-06-09 02:45:00,80.7
2018-06-09 03:00:00,99.2
2018-06-09 03:15:00,99.6
2018-06-09 03:30:00,93.5
2018-06-09 03:45:00,94.2
2018-06-09 04:00:00,104.0
2018-06-09 04:15:00,103.3
2018-06-09 04:30:00,119.8
2018-06-09 04:45:00,118.2
2018-06-09 05:00:00,126.3
2018-06-09 05:15:00,146.5
2018-06-09 05:30:00,147.09999
2018-06-09 05:45:00,152.79999
2018-06-09 06:00:00,132.29999
2018-06-09 06:15:00,137.5
2018-06-09 06:30:00,134.0
2018-06-09 06:45:00,121.89999
2018-06-09 07:00:00,127.8
2018-06-09 07:15:00,130.4
2018-06-09 07:30:00,151.59999
2018-06-09 07:45:00,142.79999
2018-06-09 08:00:00,126.5
2018-06-09 08:15:00,116.5
2018-06-09 08:30:00,110.0
2018-06-09 08:45:00,114.7
2018-06-09 09:00:00,120.7
2018-06-09 09:15:00,114.89999
2018-06-09 09:30:00,113.7
2018-06-09 09:45:00,120.7
2018-06-09 10:00:00,116.6
2018-06-09 10:15:00,120.7
2018-06-09 10:30:00,104.8
2018-06-09 10:45:00,94.7
2018-06-09 11:00:00,87.2
2018-06-09 11:15:00,98.0
2018-06-09 11:30:00,88.2
2018-06-09 11:45:00,93.89999
2018-06-09 12:00:00,89.5
2018-06-09 12:15:00,85.6
2018-06-09 12:30:00,87.5
2018-06-09 12:45:00,87.89999
2018-06-09 13:00:00,79.2
2018-06-09 13:15:00,69.2
2018-06-09 13:30:00,71.8
2018-06-09 13:45:00,93.0
2018-06-09 14:00:00,90.89999
2018-06-09 14:15:00,107.5
2018-06-09 14:30:00,95.5
2018-06-09 14:45:00,83.1
2018-06-09 15:00:00,83.6
2018-06-09 15:15:00,97.39999
2018-06-09 15:30:00,83.89999
2018-06-09 15:45:00,76.89999
2018-06-09 16:00:00,75.5
2018-06-09 16:15:00,76.0
2018-06-09 16:30:00,73.3
2018-06-09 16:45:00,62.3
2018-06-09 17:00:00,67.0
2018-06-09 17:15:00,63.2
2018-06-09 17:30:00,57.4
2018-06-09 17:45:00,54.3
2018-06-09 18:00:00,60.3
2018-06-09 18:15:00,67.89999
2018-06-09 18:30:00,67.8
2018-06-09 18:45:00,58.9
2018-06-09 19:00:00,62.2
2018-06-09 19:15:00,62.8
2018-06-09 19:30:00,84.89999
2018-06-09 19:45:00,105.89999
2018-06-09 20:00:00,66.2
2018-06-09 20:15:00,71.5
2018-06-09 20:30:00,60.0
2018-06-09 20:45:00,76.1
2018-06-09 21:00:00,64.2
2018-06-09 21:15:00,52.5
2018-06-09 21:30:00,54.7
2018-06-09 21:45:00,51.8
2018-06-09 22:00:00,67.7
2018-06-09 22:15:00,69.3
2018-06-09 22:30:00,60.0
2018-06-09 22:45:00,68.8
2018-06-09 23:00:00,55.8
2018-06-09 23:15:00,50.5
2018-06-09 23:30:00,51.8
2018-06-09 23:45:00,44.3
2018-06-10 00:00:00,59.3
2018-06-10 00:15:00,48.8
2018-06-10 00:30:00,40.2
2018-06-10 00:45:00,45.8
2018-06-10 01:00:00,37.8
2018-06-10 01:15:00,31.8
2018-06-10 01:30:00,36.3
2018-06-10 01:45:00,40.9
2018-06-10 02:00:00,63.2
2018-06-10 02:15:00,60.5
2018-06-10 02:30:00,71.3
2018-06-10 02:45:00,80.8
2018-06-10 03:00:00,78.39999
2018-06-10 03:15:00,78.39999
2018-06-10 03:30:00,87.0
2018-06-10 03:45:00,80.2
2018-06-10 04:00:00,75.0
2018-06-10 04:15:00,88.7
2018-06-10 04:30:00,95.7
2018-06-10 04:45:00,107.1
2018-06-10 05:00:00,85.0
2018-06-10 05:15:00,106.39999
2018-06-10 05:30:00,110.3
2018-06-10 05:45:00,105.7
2018-06-10 06:00:00,119.7
2018-06-10 06:15:00,119.39999
2018-06-10 06:30:00,101.8
2018-06-10 06:45:00,120.7
2018-06-10 07:00:00,132.9
2018-06-10 07:15:00,118.0
2018-06-10 07:30:00,103.7
2018-06-10 07:45:00,96.7
2018-06-10 08:00:00,81.8
2018-06-10 08:15:00,75.3
2018-06-10 08:30:00,86.5
2018-06-10 08:45:00,79.5
2018-06-10 09:00:00,82.8
2018-06-10 09:15:00,78.5
2018-06-10 09:30:00,62.2
2018-06-10 09:45:00,67.0
2018-06-10 10:00:00,67.0
2018-06-10 10:15:00,67.2
2018-06-10 10:30:00,66.1
2018-06-10 10:45:00,59.3
2018-06-10 11:00:00,62.4
2018-06-10 11:15:00,68.89999
2018-06-10 11:30:00,66.2
2018-06-10 11:45:00,65.1
2018-06-10 12:00:00,56.3
2018-06-10 12:15:00,52.2
2018-06-10 12:30:00,44.8
2018-06-10 12:45:00,28.0
2018-06-10 13:00:00,31.5
2018-06-10 13:15:00,40.3
2018-06-10 13:30:00,55.8
2018-06-10 13:45:00,84.0
2018-06-10 14:00:00,109.6
2018-06-10 14:15:00,112.39999
2018-06-10 14:30:00,93.7
2018-06-10 14:45:00,78.0
2018-06-10 15:00:00,85.7
2018-06-10 15:15:00,77.89999
2018-06-10 15:30:00,79.5
2018-06-10 15:45:00,81.7
2018-06-10 16:00:00,72.39999
2018-06-10 16:15:00,66.5
2018-06-10 16:30:00,58.4
2018-06-10 16:45:00,55.3
2018-06-10 17:00:00,71.1
2018-06-10 17:15:00,78.5
2018-06-10 17:30:00,82.6
2018-06-10 17:45:00,94.8
2018-06-10 18:00:00,89.5
2018-06-10 18:15:00,100.5
2018-06-10 18:30:00,92.3
2018-06-10 18:45:00,94.8
2018-06-10 19:00:00,87.6
2018-06-10 19:15:00,90.5
2018-06-10 19:30:00,81.89999
2018-06-10 19:45:00,108.89999
2018-06-10 20:00:00,92.8
2018-06-10 20:15:00,90.1
2018-06-10 20:30:00,118.1
2018-06-10 20:45:00,92.3
2018-06-10 21:00:00,58.0
2018-06-10 21:15:00,56.1
2018-06-10 21:30:00,85.89999
2018-06-10 21:45:00,84.7
2018-06-10 22:00:00,87.89999
2018-06-10 22:15:00,81.3
2018-06-10 22:30:00,77.2
2018-06-10 22:45:00,103.2
2018-06-10 23:00:00,88.5
2018-06-10 23:15:00,67.39999
2018-06-10 23:30:00,98.7
2018-06-10 23:45:00,104.8
2018-06-11 00:00:00,93.8
2018-06-11 00:15:00,102.2
2018-06-11 00:30:00,92.5
2018-06-11 00:45:00,98.0
2018-06-11 01:00:00,106.7
2018-06-11 01:15:00,111.6
2018-06-11 01:30:00,127.39999
2018-06-11 01:45:00,130.2
2018-06-11 02:00:00,152.0
2018-06-11 02:15:00,155.0
2018-06-11 02:30:00,154.29999
2018-06-11 02:45:00,144.7
2018-06-11 03:00:00,151.7
2018-06-11 03:15:00,147.0
2018-06-11 03:30:00,150.59999
2018-06-11 03:45:00,150.29999
2018-06-11 04:00:00,146.59999
2018-06-11 04:15:00,136.09999
2018-06-11 04:30:00,125.3
2018-06-11 04:45:00,149.09999
2018-06-11 05:00:00,141.59999
2018-06-11 05:15:00,130.2
2018-06-11 05:30:00,96.5
2018-06-11 05:45:00,100.0
2018-06-11 06:00:00,85.7
2018-06-11 06:15:00,78.39999
2018-06-11 06:30:00,76.0
2018-06-11 06:45:00,114.1
2018-06-11 07:00:00,119.39999
2018-06-11 07:15:00,110.1
2018-06-11 07:30:00,90.5
2018-06-11 07:45:00,101.39999
2018-06-11 08:00:00,93.39999
2018-06-11 08:15:00,82.6
2018-06-11 08:30:00,106.7
2018-06-11 08:45:00,127.39999
2018-06-11 09:00:00,146.9
2018-06-11 09:15:00,151.2
2018-06-11 09:30:00,140.4
2018-06-11 09:45:00,137.5
2018-06-11 10:00:00,142.4
2018-06-11 10:15:00,147.2
2018-06-11 10:30:00,143.09999
2018-06-11 10:45:00,147.2
2018-06-11 11:00:00,146.4
2018-06-11 11:15:00,141.5
2018-06-11 11:30:00,141.4
2018-06-11 11:45:00,147.4
2018-06-11 12:00:00,142.5
2018-06-11 12:15:00,147.2
2018-06-11 12:30:00,149.29999
2018-06-11 12:45:00,145.9
2018-06-11 13:00:00,147.2
2018-06-11 13:15:00,144.09999
2018-06-11 13:30:00,147.59999
2018-06-11 13:45:00,152.79999
2018-06-11 14:00:00,157.2
2018-06-11 14:15:00,157.9
2018-06-11 14:30:00,157.59999
2018-06-11 14:45:00,157.59999
2018-06-11 15:00:00,157.59999
2018-06-11 15:15:00,157.59999
2018-06-11 15:30:00,157.79999
2018-06-11 15:45:00,155.9
2018-06-11 16:00:00,152.4
2018-06-11 16:15:00,156.59999
2018-06-11 16:30:00,157.29999
2018-06-11 16:45:00,153.79999
2018-06-11 17:00:00,158.0
2018-06-11 17:15:00,155.2
2018-06-11 17:30:00,144.09999
2018-06-11 17:45:00,146.9
2018-06-11 18:00:00,137.29999
2018-06-11 18:15:00,127.0
2018-06-11 18:30:00,128.0
2018-06-11 18:45:00,113.1
2018-06-11 19:00:00,107.39999
2018-06-11 19:15:00,107.89999
2018-06-11 19:30:00,101.7
2018-06-11 19:45:00,121.8
2018-06-11 20:00:00,108.6
2018-06-11 20:15:00,111.8
2018-06-11 20:30:00,107.5
2018-06-11 20:45:00,107.5
2018-06-11 21:00:00,98.8
2018-06-11 21:15:00,87.89999
2018-06-11 21:30:00,82.2
2018-06-11 21:45:00,82.39999
2018-06-11 22:00:00,90.39999
2018-06-11 22:15:00,95.5
2018-06-11 22:30:00,83.3
2018-06-11 22:45:00,89.6
2018-06-11 23:00:00,99.1
2018-06-11 23:15:00,92.89999
2018-06-11 23:30:00,93.2
2018-06-11 23:45:00,96.39999
2018-06-12 00:00:00,99.1
2018-06-12 00:15:00,90.8
2018-06-12 00:30:00,95.89999
2018-06-12 00:45:00,79.0
2018-06-12 01:00:00,83.1
2018-06-12 01:15:00,95.89999
2018-06-12 01:30:00,99.89999
2018-06-12 01:45:00,112.1
2018-06-12 02:00:00,130.29999
2018-06-12 02:15:00,142.09999
2018-06-12 02:30:00,143.29999
2018-06-12 02:45:00,157.7
2018-06-12 03:00:00,155.59999
2018-06-12 03:15:00,115.39999
2018-06-12 03:30:00,139.29999
2018-06-12 03:45:00,158.0
2018-06-12 04:00:00,158.0
2018-06-12 04:15:00,157.29999
2018-06-12 04:30:00,157.29999
2018-06-12 04:45:00,157.29999
2018-06-12 05:00:00,157.29999
2018-06-12 05:15:00,157.29999
2018-06-12 05:30:00,157.29999
2018-06-12 05:45:00,157.29999
2018-06-12 06:00:00,157.29999
2018-06-12 06:15:00,157.79999
2018-06-12 06:30:00,153.29999
2018-06-12 06:45:00,158.0
2018-06-12 07:00:00,158.0
2018-06-12 07:15:00,158.0
2018-06-12 07:30:00,158.0
2018-06-12 07:45:00,158.0
2018-06-12 08:00:00,158.0
2018-06-12 08:15:00,158.0
2018-06-12 08:30:00,158.0
2018-06-12 08:45:00,157.7
2018-06-12 09:00:00,157.7
2018-06-12 09:15:00,157.7
2018-06-12 09:30:00,151.59999
2018-06-12 09:45:00,154.29999
2018-06-12 10:00:00,151.79999
2018-06-12 10:15:00,155.0
2018-06-12 10:30:00,150.4
2018-06-12 10:45:00,152.59999
2018-06-12 11:00:00,158.0
2018-06-12 11:15:00,156.79999
2018-06-12 11:30:00,158.0
2018-06-12 11:45:00,153.2
2018-06-12 12:00:00,148.4
2018-06-12 12:15:00,139.0
2018-06-12 12:30:00,135.4
2018-06-12 12:45:00,118.5
2018-06-12 13:00:00,93.2
2018-06-12 13:15:00,92.89999
2018-06-12 13:30:00,105.3
2018-06-12 13:45:00,106.3
2018-06-12 14:00:00,118.8
2018-06-12 14:15:00,120.8
2018-06-12 14:30:00,119.7
2018-06-12 14:45:00,112.0
2018-06-12 15:00:00,111.1
2018-06-12 15:15:00,117.8
2018-06-12 15:30:00,112.1
2018-06-12 15:45:00,119.39999
2018-06-12 16:00:00,112.0
2018-06-12 16:15:00,112.2
2018-06-12 16:30:00,110.5
2018-06-12 16:45:00,119.8
2018-06-12 17:00:00,113.2
2018-06-12 17:15:00,115.8
2018-06-12 17:30:00,112.3
2018-06-12 17:45:00,116.1
2018-06-12 18:00:00,112.8
2018-06-12 18:15:00,108.2
2018-06-12 18:30:00,104.3
2018-06-12 18:45:00,104.2
2018-06-12 19:00:00,107.2
2018-06-12 19:15:00,103.2
2018-06-12 19:30:00,101.5
2018-06-12 19:45:00,96.0
2018-06-12 20:00:00,83.3
2018-06-12 20:15:00,94.3
2018-06-12 20:30:00,89.2
2018-06-12 20:45:00,82.0
2018-06-12 21:00:00,81.6
2018-06-12 21:15:00,102.5
2018-06-12 21:30:00,107.89999
2018-06-12 21:45:00,111.3
2018-06-12 22:00:00,119.2
2018-06-12 22:15:00,121.39999
2018-06-12 22:30:00,112.39999
2018-06-12 22:45:00,99.5
2018-06-12 23:00:00,111.3
2018-06-12 23:15:00,101.6
2018-06-12 23:30:00,137.29999
2018-06-12 23:45:00,109.89999
2018-06-13 00:00:00,99.0
2018-06-13 00:15:00,94.6
2018-06-13 00:30:00,71.5
2018-06-13 00:45:00,53.6
2018-06-13 01:00:00,54.3
2018-06-13 01:15:00,44.3
2018-06-13 01:30:00,38.8
2018-06-13 01:45:00,42.6
2018-06-13 02:00:00,50.2
2018-06-13 02:15:00,50.9
2018-06-13 02:30:00,61.2
2018-06-13 02:45:00,63.6
2018-06-13 03:00:00,74.0
2018-06-13 03:15:00,76.8
2018-06-13 03:30:00,80.7
2018-06-13 03:45:00,94.0
2018-06-13 04:00:00,124.0
2018-06-13 04:15:00,111.3
2018-06-13 04:30:00,112.6
2018-06-13 04:45:00,126.2
2018-06-13 05:01:00,122.7
2018-06-13 05:15:00,141.4
2018-06-13 05:30:00,137.09999
2018-06-13 05:45:00,136.79999
2018-06-13 06:00:00,118.3
2018-06-13 06:15:00,106.0
2018-06-13 06:30:00,90.3
2018-06-13 06:45:00,89.5
2018-06-13 07:00:00,73.7
2018-06-13 07:15:00,78.2
2018-06-13 07:30:00,85.6
2018-06-13 07:45:00,103.2
2018-06-13 08:00:00,120.39999
2018-06-13 08:15:00,138.59999
2018-06-13 08:30:00,145.4
2018-06-13 08:45:00,125.7
2018-06-13 09:00:00,101.1
2018-06-13 09:15:00,96.0
2018-06-13 09:30:00,81.1
2018-06-13 09:45:00,86.5
2018-06-13 10:00:00,88.8
2018-06-13 10:15:00,67.89999
2018-06-13 10:30:00,47.2
2018-06-13 10:45:00,44.0
2018-06-13 11:00:00,46.7
2018-06-13 11:15:00,31.3
2018-06-13 11:30:00,28.2
2018-06-13 11:45:00,41.6
2018-06-13 12:00:00,54.1
2018-06-13 12:15:00,0.0
2018-06-13 12:30:00,0.7
2018-06-13 12:45:00,0.0
2018-06-13 13:00:00,0.0
2018-06-13 13:15:00,0.0
2018-06-13 13:30:00,0.0
2018-06-13 13:45:00,0.0
2018-06-13 14:00:00,0.0
2018-06-13 14:15:00,0.0
2018-06-13 14:30:00,0.0
2018-06-13 14:45:00,1.6
2018-06-13 15:00:00,4.6
2018-06-13 15:15:00,0.0
2018-06-13 15:30:00,0.1
2018-06-13 15:45:00,0.0
2018-06-13 16:00:00,0.0
2018-06-13 16:15:00,1.7
2018-06-13 16:30:00,2.8
2018-06-13 16:45:00,3.6
2018-06-13 17:00:00,1.1
2018-06-13 17:15:00,0.0
2018-06-13 17:30:00,1.3
2018-06-13 17:45:00,0.8
2018-06-13 18:00:00,4.0
2018-06-13 18:15:00,5.2
2018-06-13 18:30:00,12.1
2018-06-13 18:45:00,8.2
2018-06-13 19:00:00,7.7
2018-06-13 19:15:00,10.0
2018-06-13 19:30:00,11.4
2018-06-13 19:45:00,16.9
2018-06-13 20:00:00,20.5
2018-06-13 20:15:00,15.8
2018-06-13 20:30:00,26.3
2018-06-13 20:45:00,30.1
2018-06-13 21:00:00,35.6
2018-06-13 21:15:00,65.39999
2018-06-13 21:30:00,86.3
2018-06-13 21:45:00,73.5
2018-06-13 22:00:00,78.5
2018-06-13 22:15:00,78.0
2018-06-13 22:30:00,69.2
2018-06-13 22:45:00,61.4
2018-06-13 23:00:00,63.8
2018-06-13 23:15:00,77.39999
2018-06-13 23:30:00,84.2
2018-06-13 23:45:00,82.8
2018-06-14 00:00:00,56.9
2018-06-14 00:15:00,63.4
2018-06-14 00:30:00,34.3
2018-06-14 00:45:00,38.7
2018-06-14 01:00:00,31.6
2018-06-14 01:15:00,33.7
2018-06-14 01:30:00,30.9
2018-06-14 01:45:00,30.6
2018-06-14 02:00:00,33.5
2018-06-14 02:15:00,33.1
2018-06-14 02:30:00,33.2
2018-06-14 02:45:00,55.4
2018-06-14 03:00:00,62.5
2018-06-14 03:15:00,77.39999
2018-06-14 03:30:00,111.5
2018-06-14 03:45:00,86.3
2018-06-14 04:00:00,90.8
2018-06-14 04:15:00,112.39999
2018-06-14 04:30:00,100.1
2018-06-14 04:45:00,100.89999
2018-06-14 05:00:00,96.89999
2018-06-14 05:15:00,92.2
2018-06-14 05:30:00,102.3
2018-06-14 05:45:00,86.8
2018-06-14 06:00:00,86.2
2018-06-14 06:15:00,87.2
2018-06-14 06:30:00,103.1
2018-06-14 06:45:00,102.2
2018-06-14 07:00:00,99.7
2018-06-14 07:15:00,93.3
2018-06-14 07:30:00,93.7
2018-06-14 07:45:00,101.8
2018-06-14 08:00:00,90.39999
2018-06-14 08:15:00,87.89999
2018-06-14 08:30:00,147.0
2018-06-14 08:45:00,146.0
2018-06-14 09:00:00,155.7
2018-06-14 09:15:00,157.2
2018-06-14 09:30:00,157.2
2018-06-14 09:45:00,157.5
2018-06-14 10:00:00,146.29999
2018-06-14 10:15:00,133.5
2018-06-14 10:30:00,130.59999
2018-06-14 10:45:00,119.1
2018-06-14 11:00:00,114.3
2018-06-14 11:15:00,108.0
2018-06-14 11:30:00,109.3
2018-06-14 11:45:00,114.6
2018-06-14 12:00:00,108.89999
2018-06-14 12:15:00,98.8
2018-06-14 12:30:00,91.5
2018-06-14 12:45:00,80.2
2018-06-14 13:00:00,60.7
2018-06-14 13:15:00,46.3
2018-06-14 13:30:00,54.9
2018-06-14 13:45:00,62.7
2018-06-14 14:00:00,59.7
2018-06-14 14:15:00,34.4
2018-06-14 14:30:00,46.8
2018-06-14 14:45:00,46.1
2018-06-14 15:00:00,46.3
2018-06-14 15:15:00,49.7
2018-06-14 15:30:00,54.2
2018-06-14 15:45:00,43.1
2018-06-14 16:00:00,58.0
2018-06-14 16:15:00,59.9
2018-06-14 16:30:00,56.2
2018-06-14 16:45:00,58.4
2018-06-14 17:00:00,73.0
2018-06-14 17:15:00,75.6
2018-06-14 17:30:00,74.7
2018-06-14 17:45:00,94.5
2018-06-14 18:00:00,94.0
2018-06-14 18:15:00,84.7
2018-06-14 18:30:00,101.3
2018-06-14 18:45:00,90.0
2018-06-14 19:00:00,88.6
2018-06-14 19:15:00,82.6
2018-06-14 19:30:00,78.1
2018-06-14 19:45:00,87.6
2018-06-14 20:00:00,96.8
2018-06-14 20:15:00,84.7
2018-06-14 20:30:00,90.1
2018-06-14 20:45:00,101.1
2018-06-14 21:00:00,67.0
2018-06-14 21:15:00,84.5
2018-06-14 21:30:00,80.0
2018-06-14 21:45:00,75.0
2018-06-14 22:00:00,80.5
2018-06-14 22:15:00,105.6
2018-06-14 22:30:00,89.0
2018-06-14 22:45:00,93.1
2018-06-14 23:00:00,100.6
2018-06-14 23:15:00,112.0
2018-06-14 23:30:00,95.6
2018-06-14 23:45:00,106.2
2018-06-15 00:00:00,86.5
2018-06-15 00:15:00,85.0
2018-06-15 00:30:00,100.2
2018-06-15 00:45:00,83.6
2018-06-15 01:00:00,71.8
2018-06-15 01:15:00,72.8
2018-06-15 01:30:00,87.2
2018-06-15 01:45:00,78.0
2018-06-15 02:00:00,82.89999
2018-06-15 02:15:00,93.8
2018-06-15 02:30:00,100.2
2018-06-15 02:45:00,97.6
2018-06-15 03:00:00,92.89999
2018-06-15 03:15:00,101.0
2018-06-15 03:30:00,113.5
2018-06-15 03:45:00,121.8
2018-06-15 04:00:00,126.0
2018-06-15 04:15:00,116.2
2018-06-15 04:30:00,99.3
2018-06-15 04:45:00,95.89999
2018-06-15 05:00:00,99.6
2018-06-15 05:15:00,100.5
2018-06-15 05:30:00,96.89999
2018-06-15 05:45:00,119.1
2018-06-15 06:00:00,129.9
2018-06-15 06:15:00,148.29999
2018-06-15 06:30:00,147.2
2018-06-15 06:45:00,125.89999
2018-06-15 07:00:00,111.39999
2018-06-15 07:15:00,111.39999
2018-06-15 07:30:00,115.6
2018-06-15 07:45:00,122.2
2018-06-15 08:00:00,103.2
2018-06-15 08:15:00,99.39999
2018-06-15 08:30:00,114.0
2018-06-15 08:45:00,117.7
2018-06-15 09:00:00,99.0
2018-06-15 09:15:00,104.0
2018-06-15 09:30:00,90.0
2018-06-15 09:45:00,79.7
2018-06-15 10:00:00,70.7
2018-06-15 10:15:00,70.7
2018-06-15 10:30:00,66.5
2018-06-15 10:45:00,66.1
2018-06-15 11:00:00,64.3
2018-06-15 11:15:00,64.3
2018-06-15 11:30:00,68.8
2018-06-15 11:45:00,61.0
2018-06-15 12:00:00,65.5
2018-06-15 12:15:00,59.6
2018-06-15 12:30:00,57.9
2018-06-15 12:45:00,59.1
2018-06-15 13:00:00,58.6
2018-06-15 13:15:00,66.8
2018-06-15 13:30:00,75.3
2018-06-15 13:45:00,96.0
2018-06-15 14:00:00,109.0
2018-06-15 14:15:00,120.39999
2018-06-15 14:30:00,103.5
2018-06-15 14:45:00,104.1
2018-06-15 15:00:00,92.8
2018-06-15 15:15:00,119.1
2018-06-15 15:30:00,118.6
2018-06-15 15:45:00,92.8
2018-06-15 16:00:00,114.39999
2018-06-15 16:15:00,125.0
2018-06-15 16:30:00,127.7
2018-06-15 16:45:00,134.9
2018-06-15 17:00:00,127.2
2018-06-15 17:15:00,139.9
2018-06-15 17:30:00,135.59999
2018-06-15 17:45:00,149.5
2018-06-15 18:00:00,145.7
2018-06-15 18:15:00,137.2
2018-06-15 18:30:00,153.7
2018-06-15 18:45:00,157.09999
2018-06-15 19:00:00,146.29999
2018-06-15 19:15:00,154.4
2018-06-15 19:30:00,156.79999
2018-06-15 19:45:00,145.9
2018-06-15 20:00:00,151.79999
2018-06-15 20:15:00,152.59999
2018-06-15 20:30:00,157.09999
2018-06-15 20:45:00,154.09999
2018-06-15 21:00:00,145.79999
2018-06-15 21:15:00,148.4
2018-06-15 21:30:00,156.7
2018-06-15 21:45:00,146.29999
2018-06-15 22:00:00,154.79999
2018-06-15 22:15:00,147.9
2018-06-15 22:30:00,150.0
2018-06-15 22:45:00,144.29999
2018-06-15 23:00:00,148.7
2018-06-15 23:15:00,140.79999
2018-06-15 23:30:00,140.4
2018-06-15 23:45:00,137.79999
2018-06-16 00:00:00,143.4
2018-06-16 00:15:00,136.79999
2018-06-16 00:30:00,115.2
2018-06-16 00:45:00,125.6
2018-06-16 01:00:00,87.89999
2018-06-16 01:15:00,84.89999
2018-06-16 01:30:00,78.39999
2018-06-16 01:45:00,91.3
2018-06-16 02:00:00,92.3
2018-06-16 02:15:00,104.6
2018-06-16 02:30:00,83.7
2018-06-16 02:45:00,84.0
2018-06-16 03:00:00,110.7
2018-06-16 03:15:00,121.5
2018-06-16 03:30:00,124.8
2018-06-16 03:45:00,134.59999
2018-06-16 04:00:00,157.9
2018-06-16 04:15:00,157.9
2018-06-16 04:30:00,157.9
2018-06-16 04:45:00,157.9
2018-06-16 05:00:00,157.9
2018-06-16 05:15:00,157.9
2018-06-16 05:30:00,157.9
2018-06-16 05:45:00,157.9
2018-06-16 06:00:00,156.09999
2018-06-16 06:15:00,158.0
2018-06-16 06:30:00,157.7
2018-06-16 06:45:00,157.29999
2018-06-16 07:00:00,156.59999
2018-06-16 07:15:00,148.5
2018-06-16 07:30:00,148.2
2018-06-16 07:45:00,139.5
2018-06-16 08:00:00,138.7
2018-06-16 08:15:00,149.7
2018-06-16 08:30:00,152.59999
2018-06-16 08:45:00,154.4
2018-06-16 09:00:00,150.79999
2018-06-16 09:15:00,148.79999
2018-06-16 09:30:00,145.9
2018-06-16 09:45:00,145.09999
2018-06-16 10:00:00,137.29999
2018-06-16 10:15:00,139.4
2018-06-16 10:30:00,140.5
2018-06-16 10:45:00,137.59999
2018-06-16 11:00:00,153.79999
2018-06-16 11:15:00,157.4
2018-06-16 11:30:00,157.59999
2018-06-16 11:45:00,157.59999
2018-06-16 12:00:00,157.59999
2018-06-16 12:15:00,157.59999
2018-06-16 12:30:00,154.7
2018-06-16 12:45:00,153.5
2018-06-16 13:00:00,156.5
2018-06-16 13:15:00,156.5
2018-06-16 13:30:00,156.5
2018-06-16 13:45:00,156.5
2018-06-16 14:00:00,157.7
2018-06-16 14:15:00,157.9
2018-06-16 14:30:00,157.9
2018-06-16 14:45:00,157.9
2018-06-16 15:00:00,157.9
2018-06-16 15:15:00,157.7
2018-06-16 15:30:00,152.59999
2018-06-16 15:45:00,156.09999
2018-06-16 16:00:00,157.59999
2018-06-16 16:15:00,157.5
2018-06-16 16:30:00,146.79999
2018-06-16 16:45:00,151.4
2018-06-16 17:00:00,154.0
2018-06-16 17:15:00,152.9
2018-06-16 17:30:00,153.4
2018-06-16 17:45:00,153.7
2018-06-16 18:00:00,151.79999
2018-06-16 18:15:00,151.09999
2018-06-16 18:30:00,153.9
2018-06-16 18:45:00,146.29999
2018-06-16 19:00:00,156.59999
2018-06-16 19:15:00,152.7
2018-06-16 19:30:00,158.0
2018-06-16 19:45:00,158.0
2018-06-16 20:00:00,158.0
2018-06-16 20:15:00,158.0
2018-06-16 20:30:00,158.0
2018-06-16 20:45:00,158.0
2018-06-16 21:00:00,158.0
2018-06-16 21:15:00,158.0
2018-06-16 21:30:00,158.0
2018-06-16 21:45:00,158.0
2018-06-16 22:00:00,158.0
2018-06-16 22:15:00,158.0
2018-06-16 22:30:00,158.0
2018-06-16 22:45:00,158.0
2018-06-16 23:00:00,158.0
2018-06-16 23:15:00,157.9
2018-06-16 23:30:00,155.9
2018-06-16 23:45:00,155.79999
2018-06-17 00:00:00,157.59999
2018-06-17 00:15:00,157.7
2018-06-17 00:30:00,157.7
2018-06-17 00:45:00,157.2
2018-06-17 01:00:00,157.2
2018-06-17 01:15:00,157.2
2018-06-17 01:30:00,149.4
2018-06-17 01:45:00,142.79999
2018-06-17 02:00:00,133.9
2018-06-17 02:15:00,157.59999
2018-06-17 02:30:00,157.59999
2018-06-17 02:45:00,157.59999
2018-06-17 03:00:00,157.59999
2018-06-17 03:15:00,157.59999
2018-06-17 03:30:00,157.59999
2018-06-17 03:45:00,157.59999
2018-06-17 04:00:00,157.59999
2018-06-17 04:15:00,157.59999
2018-06-17 04:30:00,157.59999
2018-06-17 04:45:00,157.59999
2018-06-17 05:00:00,157.59999
2018-06-17 05:15:00,157.59999
2018-06-17 05:30:00,157.59999
2018-06-17 05:45:00,155.9
2018-06-17 06:00:00,130.4
2018-06-17 06:15:00,126.89999
2018-06-17 06:30:00,113.39999
2018-06-17 06:45:00,93.2
2018-06-17 07:00:00,74.7
2018-06-17 07:15:00,70.3
2018-06-17 07:30:00,59.8
2018-06-17 07:45:00,63.5
2018-06-17 08:00:00,73.6
2018-06-17 08:15:00,82.1
2018-06-17 08:30:00,77.0
2018-06-17 08:45:00,66.39999
2018-06-17 09:00:00,59.9
2018-06-17 09:15:00,71.8
2018-06-17 09:30:00,79.5
2018-06-17 09:45:00,57.8
2018-06-17 10:00:00,48.5
2018-06-17 10:15:00,53.9
2018-06-17 10:30:00,60.2
2018-06-17 10:45:00,92.2
2018-06-17 11:00:00,111.6
2018-06-17 11:15:00,119.6
2018-06-17 11:30:00,113.5
2018-06-17 11:45:00,103.8
2018-06-17 12:00:00,104.39999
2018-06-17 12:15:00,88.7
2018-06-17 12:30:00,86.2
2018-06-17 12:45:00,77.7
2018-06-17 13:00:00,70.8
2018-06-17 13:15:00,82.2
2018-06-17 13:30:00,95.89999
2018-06-17 13:45:00,110.5
2018-06-17 14:00:00,116.7
2018-06-17 14:15:00,104.89999
2018-06-17 14:30:00,92.7
2018-06-17 14:45:00,122.6
2018-06-17 15:00:00,106.5
2018-06-17 15:15:00,86.89999
2018-06-17 15:30:00,72.39999
2018-06-17 15:45:00,72.8
2018-06-17 16:00:00,65.39999
2018-06-17 16:15:00,57.2
2018-06-17 16:30:00,52.4
2018-06-17 16:45:00,57.6
2018-06-17 17:00:00,61.7
2018-06-17 17:15:00,52.4
2018-06-17 17:30:00,69.3
2018-06-17 17:45:00,67.6
2018-06-17 18:00:00,73.89999
2018-06-17 18:15:00,79.8
2018-06-17 18:30:00,71.3
2018-06-17 18:45:00,74.3
2018-06-17 19:00:00,76.2
2018-06-17 19:15:00,73.39999
2018-06-17 19:30:00,79.6
2018-06-17 19:45:00,84.2
2018-06-17 20:00:00,77.5
2018-06-17 20:15:00,77.89999
2018-06-17 20:30:00,72.8
2018-06-17 20:45:00,73.6
2018-06-17 21:00:00,72.89999
2018-06-17 21:15:00,69.2
2018-06-17 21:30:00,65.89999
2018-06-17 21:45:00,78.39999
2018-06-17 22:00:00,65.39999
2018-06-17 22:15:00,72.7
2018-06-17 22:30:00,70.6
2018-06-17 22:45:00,87.8
2018-06-17 23:00:00,77.5
2018-06-17 23:15:00,69.39999
2018-06-17 23:30:00,63.7
2018-06-17 23:45:00,78.3
2018-06-18 00:00:00,102.5
2018-06-18 00:15:00,75.89999
2018-06-18 00:30:00,98.1
2018-06-18 00:45:00,66.89999
2018-06-18 01:00:00,30.5
2018-06-18 01:15:00,41.3
2018-06-18 01:30:00,59.2
2018-06-18 01:45:00,63.4
2018-06-18 02:00:00,58.9
2018-06-18 02:15:00,56.5
2018-06-18 02:30:00,47.3
2018-06-18 02:45:00,56.7
2018-06-18 03:00:00,74.0
2018-06-18 03:15:00,103.39999
2018-06-18 03:30:00,95.5
2018-06-18 03:45:00,91.1
2018-06-18 04:00:00,104.39999
2018-06-18 04:15:00,111.3
2018-06-18 04:30:00,103.89999
2018-06-18 04:45:00,94.7
2018-06-18 05:00:00,81.6
2018-06-18 05:15:00,63.4
2018-06-18 05:30:00,69.3
2018-06-18 05:45:00,67.8
2018-06-18 06:00:00,65.1
2018-06-18 06:15:00,81.7
2018-06-18 06:30:00,100.6
2018-06-18 06:45:00,87.1
2018-06-18 07:00:00,84.5
2018-06-18 07:15:00,93.0
2018-06-18 07:30:00,91.8
2018-06-18 07:45:00,95.3
2018-06-18 08:00:00,71.3
2018-06-18 08:15:00,61.1
2018-06-18 08:30:00,70.1
2018-06-18 08:45:00,80.89999
2018-06-18 09:00:00,81.5
2018-06-18 09:15:00,89.39999
2018-06-18 09:30:00,93.0
2018-06-18 09:45:00,71.6
2018-06-18 10:00:00,60.4
2018-06-18 10:15:00,72.89999
2018-06-18 10:30:00,77.2
2018-06-18 10:45:00,67.0
2018-06-18 11:00:00,80.6
2018-06-18 11:15:00,67.7
2018-06-18 11:30:00,58.9
2018-06-18 11:45:00,52.5
2018-06-18 12:00:00,42.4
2018-06-18 12:15:00,42.6
2018-06-18 12:30:00,41.9
2018-06-18 12:45:00,32.1
2018-06-18 13:00:00,24.9
2018-06-18 13:15:00,25.4
2018-06-18 13:30:00,23.1
2018-06-18 13:45:00,24.7
2018-06-18 14:00:00,27.7
2018-06-18 14:15:00,25.0
2018-06-18 14:30:00,23.0
2018-06-18 14:45:00,21.2
2018-06-18 15:00:00,18.4
2018-06-18 15:15:00,11.6
2018-06-18 15:30:00,7.1
2018-06-18 15:45:00,3.3
2018-06-18 16:00:00,4.5
2018-06-18 16:15:00,2.2
2018-06-18 16:30:00,0.0
2018-06-18 16:45:00,0.0
2018-06-18 17:00:00,0.0
2018-06-18 17:15:00,0.0
2018-06-18 17:30:00,0.0
2018-06-18 17:45:00,0.0
2018-06-18 18:00:00,3.8
2018-06-18 18:15:00,9.7
2018-06-18 18:30:00,12.2
2018-06-18 18:45:00,5.9
2018-06-18 19:00:00,11.1
2018-06-18 19:15:00,7.7
2018-06-18 19:30:00,2.7
2018-06-18 19:45:00,8.3
2018-06-18 20:00:00,22.5
2018-06-18 20:15:00,10.6
2018-06-18 20:30:00,32.4
2018-06-18 20:45:00,14.0
2018-06-18 21:00:00,3.3
2018-06-18 21:15:00,7.1
2018-06-18 21:30:00,10.4
2018-06-18 21:45:00,20.8
2018-06-18 22:00:00,26.6
2018-06-18 22:15:00,22.9
2018-06-18 22:30:00,22.2
2018-06-18 22:45:00,31.5
2018-06-18 23:00:00,24.9
2018-06-18 23:15:00,35.4
2018-06-18 23:30:00,25.8
2018-06-18 23:45:00,20.3
2018-06-19 00:00:00,11.9
2018-06-19 00:15:00,16.5
2018-06-19 00:30:00,17.5
2018-06-19 00:45:00,24.1
2018-06-19 01:00:00,18.6
2018-06-19 01:15:00,36.3
2018-06-19 01:30:00,42.4
2018-06-19 01:45:00,37.4
2018-06-19 02:00:00,38.1
2018-06-19 02:15:00,41.9
2018-06-19 02:30:00,50.1
2018-06-19 02:45:00,53.1
2018-06-19 03:00:00,50.6
2018-06-19 03:15:00,69.89999
2018-06-19 03:30:00,65.6
2018-06-19 03:45:00,56.5
2018-06-19 04:00:00,47.7
2018-06-19 04:15:00,43.4
2018-06-19 04:30:00,52.8
2018-06-19 04:45:00,56.4
2018-06-19 05:00:00,50.7
2018-06-19 05:15:00,67.39999
2018-06-19 05:30:00,80.5
2018-06-19 05:45:00,60.0
2018-06-19 06:00:00,54.5
2018-06-19 06:15:00,62.0
2018-06-19 06:30:00,67.7
2018-06-19 06:45:00,71.1
2018-06-19 07:00:00,71.8
2018-06-19 07:15:00,78.2
2018-06-19 07:30:00,80.0
2018-06-19 07:45:00,69.3
2018-06-19 08:00:00,61.1
2018-06-19 08:15:00,54.6
2018-06-19 08:30:00,46.5
2018-06-19 08:45:00,58.9
2018-06-19 09:00:00,63.2
2018-06-19 09:15:00,65.3
2018-06-19 09:30:00,53.4
2018-06-19 09:45:00,58.0
2018-06-19 10:00:00,52.4
2018-06-19 10:15:00,54.9
2018-06-19 10:30:00,51.5
2018-06-19 10:45:00,57.2
2018-06-19 11:00:00,56.9
2018-06-19 11:15:00,45.6
2018-06-19 11:30:00,46.7
2018-06-19 11:45:00,44.7
2018-06-19 12:00:00,35.8
2018-06-19 12:15:00,35.3
2018-06-19 12:30:00,36.7
2018-06-19 12:45:00,33.2
2018-06-19 13:00:00,25.1
2018-06-19 13:15:00,22.0
2018-06-19 13:30:00,16.6
2018-06-19 13:45:00,16.8
2018-06-19 14:00:00,20.7
2018-06-19 14:15:00,22.2
2018-06-19 14:30:00,21.3
2018-06-19 14:45:00,16.8
2018-06-19 15:00:00,10.9
2018-06-19 15:15:00,11.9
2018-06-19 15:30:00,4.4
2018-06-19 15:45:00,2.4
2018-06-19 16:00:00,2.4
2018-06-19 16:15:00,6.3
2018-06-19 16:30:00,5.5
2018-06-19 16:45:00,1.6
2018-06-19 17:00:00,0.0
2018-06-19 17:15:00,0.0
2018-06-19 17:30:00,0.0
2018-06-19 17:45:00,0.0
2018-06-19 18:00:00,0.0
2018-06-19 18:15:00,0.0
2018-06-19 18:30:00,1.8
2018-06-19 18:45:00,7.9
2018-06-19 19:00:00,21.6
2018-06-19 19:15:00,26.8
2018-06-19 19:30:00,26.1
2018-06-19 19:45:00,21.0
2018-06-19 20:00:00,21.5
2018-06-19 20:15:00,20.6
2018-06-19 20:30:00,18.6
2018-06-19 20:45:00,17.1
2018-06-19 21:00:00,11.6
2018-06-19 21:15:00,13.3
2018-06-19 21:30:00,11.7
2018-06-19 21:45:00,20.0
2018-06-19 22:00:00,14.9
2018-06-19 22:15:00,11.8
2018-06-19 22:30:00,6.0
2018-06-19 22:45:00,7.8
2018-06-19 23:00:00,14.8
2018-06-19 23:15:00,21.1
2018-06-19 23:30:00,23.4
2018-06-19 23:45:00,19.5
2018-06-20 00:00:00,31.5
2018-06-20 00:15:00,31.0
2018-06-20 00:30:00,20.7
2018-06-20 00:45:00,31.7
2018-06-20 01:00:00,64.8
2018-06-20 01:15:00,64.3
2018-06-20 01:30:00,47.8
2018-06-20 01:45:00,54.2
2018-06-20 02:00:00,93.8
2018-06-20 02:15:00,77.3
2018-06-20 02:30:00,57.4
2018-06-20 02:45:00,48.7
2018-06-20 03:00:00,47.8
2018-06-20 03:15:00,44.5
2018-06-20 03:30:00,49.0
2018-06-20 03:45:00,51.3
2018-06-20 04:00:00,62.7
2018-06-20 04:15:00,79.5
2018-06-20 04:30:00,87.1
2018-06-20 04:45:00,76.0
2018-06-20 05:00:00,65.0
2018-06-20 05:15:00,67.39999
2018-06-20 05:30:00,66.39999
2018-06-20 05:45:00,55.4
2018-06-20 06:00:00,48.1
2018-06-20 06:15:00,48.9
2018-06-20 06:30:00,57.0
2018-06-20 06:45:00,76.89999
2018-06-20 07:00:00,97.1
2018-06-20 07:15:00,129.09999
2018-06-20 07:30:00,141.79999
2018-06-20 07:45:00,125.6
2018-06-20 08:00:00,122.6
2018-06-20 08:15:00,129.29999
2018-06-20 08:30:00,135.5
2018-06-20 08:45:00,119.3
2018-06-20 09:00:00,108.8
2018-06-20 09:15:00,74.0
2018-06-20 09:30:00,68.3
2018-06-20 09:45:00,84.7
2018-06-20 10:00:00,100.0
2018-06-20 10:15:00,88.8
2018-06-20 10:30:00,64.7
2018-06-20 10:45:00,44.9
2018-06-20 11:00:00,52.6
2018-06-20 11:15:00,45.6
2018-06-20 11:30:00,49.8
2018-06-20 11:45:00,29.1
2018-06-20 12:00:00,15.6
2018-06-20 12:15:00,4.1
2018-06-20 12:30:00,0.0
2018-06-20 12:45:00,0.0
2018-06-20 13:00:00,0.0
2018-06-20 13:15:00,0.0
2018-06-20 13:30:00,0.0
2018-06-20 13:45:00,0.0
2018-06-20 14:00:00,0.0
2018-06-20 14:15:00,0.0
2018-06-20 14:30:00,0.7
2018-06-20 14:45:00,8.1
2018-06-20 15:00:00,9.8
2018-06-20 15:15:00,9.1
2018-06-20 15:30:00,3.2
2018-06-20 15:45:00,8.2
2018-06-20 16:00:00,23.0
2018-06-20 16:15:00,7.0
2018-06-20 16:30:00,2.9
2018-06-20 16:45:00,3.2
2018-06-20 17:00:00,1.1
2018-06-20 17:15:00,0.0
2018-06-20 17:30:00,5.1
2018-06-20 17:45:00,11.8
2018-06-20 18:00:00,15.7
2018-06-20 18:15:00,16.2
2018-06-20 18:30:00,14.2
2018-06-20 18:45:00,14.7
2018-06-20 19:00:00,10.6
2018-06-20 19:15:00,8.5
2018-06-20 19:30:00,3.7
2018-06-20 19:45:00,3.7
2018-06-20 20:00:00,1.0
2018-06-20 20:15:00,0.0
2018-06-20 20:30:00,0.0
2018-06-20 20:45:00,0.9
2018-06-20 21:00:00,0.0
2018-06-20 21:15:00,0.0
2018-06-20 21:30:00,0.0
2018-06-20 21:45:00,0.0
2018-06-20 22:00:00,0.0
2018-06-20 22:15:00,0.0
2018-06-20 22:30:00,0.0
2018-06-20 22:45:00,0.0
2018-06-20 23:00:00,0.0
2018-06-20 23:15:00,0.9
2018-06-20 23:30:00,4.3
2018-06-20 23:45:00,7.2
2018-06-21 00:00:00,10.1
2018-06-21 00:15:00,13.6
2018-06-21 00:30:00,8.8
2018-06-21 00:45:00,4.8
2018-06-21 01:00:00,10.5
2018-06-21 01:15:00,15.4
2018-06-21 01:30:00,15.4
2018-06-21 01:45:00,12.8
2018-06-21 02:00:00,13.4
2018-06-21 02:15:00,9.5
2018-06-21 02:30:00,16.6
2018-06-21 02:45:00,12.3
2018-06-21 03:00:00,11.4
2018-06-21 03:15:00,9.7
2018-06-21 03:30:00,6.7
2018-06-21 03:45:00,3.3
2018-06-21 04:00:00,4.2
2018-06-21 04:15:00,5.9
2018-06-21 04:30:00,4.1
2018-06-21 04:45:00,6.4
2018-06-21 05:00:00,4.7
2018-06-21 05:15:00,19.6
2018-06-21 05:30:00,23.6
2018-06-21 05:45:00,27.7
2018-06-21 06:00:00,35.2
2018-06-21 06:15:00,27.7
2018-06-21 06:30:00,26.3
2018-06-21 06:45:00,29.0
2018-06-21 07:00:00,39.9
2018-06-21 07:15:00,50.4
2018-06-21 07:30:00,54.3
2018-06-21 07:45:00,57.2
2018-06-21 08:00:00,41.5
2018-06-21 08:15:00,36.2
2018-06-21 08:30:00,30.1
2018-06-21 08:45:00,28.5
2018-06-21 09:00:00,25.2
2018-06-21 09:15:00,16.8
2018-06-21 09:30:00,11.6
2018-06-21 09:45:00,6.9
2018-06-21 10:00:00,6.2
2018-06-21 10:15:00,0.9
2018-06-21 10:30:00,0.0
2018-06-21 10:45:00,0.0
2018-06-21 11:00:00,0.0
2018-06-21 11:15:00,0.0
2018-06-21 11:30:00,0.0
2018-06-21 11:45:00,0.0
2018-06-21 12:00:00,0.0
2018-06-21 12:15:00,0.0
2018-06-21 12:30:00,0.0
2018-06-21 12:45:00,0.0
2018-06-21 13:00:00,0.0
2018-06-21 13:15:00,0.0
2018-06-21 13:30:00,0.0
2018-06-21 13:45:00,0.0
2018-06-21 14:00:00,0.0
2018-06-21 14:15:00,0.0
2018-06-21 14:30:00,0.0
2018-06-21 14:45:00,0.0
2018-06-21 15:00:00,0.0
2018-06-21 15:15:00,0.0
2018-06-21 15:30:00,0.0
2018-06-21 15:45:00,0.0
2018-06-21 16:00:00,0.0
2018-06-21 16:15:00,0.0
2018-06-21 16:30:00,0.0
2018-06-21 16:45:00,0.0
2018-06-21 17:00:00,0.0
2018-06-21 17:15:00,0.0
2018-06-21 17:30:00,0.0
2018-06-21 17:45:00,0.1
2018-06-21 18:00:00,0.5
2018-06-21 18:15:00,3.3
2018-06-21 18:30:00,1.2
2018-06-21 18:45:00,0.8
2018-06-21 19:00:00,0.0
2018-06-21 19:15:00,0.0
2018-06-21 19:30:00,0.0
2018-06-21 19:45:00,0.0
2018-06-21 20:00:00,0.2
2018-06-21 20:15:00,0.0
2018-06-21 20:30:00,0.0
2018-06-21 20:45:00,0.0
2018-06-21 21:00:00,0.0
2018-06-21 21:15:00,0.0
2018-06-21 21:30:00,0.0
2018-06-21 21:45:00,1.2
2018-06-21 22:00:00,1.5
2018-06-21 22:15:00,1.0
2018-06-21 22:30:00,2.3
2018-06-21 22:45:00,4.2
2018-06-21 23:00:00,0.6
2018-06-21 23:15:00,2.3
2018-06-21 23:30:00,1.8
2018-06-21 23:45:00,0.0
2018-06-22 00:00:00,0.1
2018-06-22 00:15:00,1.3
2018-06-22 00:30:00,0.0
2018-06-22 00:45:00,0.0
2018-06-22 01:00:00,0.0
2018-06-22 01:15:00,5.7
2018-06-22 01:30:00,12.7
2018-06-22 01:45:00,13.7
2018-06-22 02:00:00,11.6
2018-06-22 02:15:00,13.0
2018-06-22 02:30:00,14.8
2018-06-22 02:45:00,13.4
2018-06-22 03:00:00,16.5
2018-06-22 03:15:00,23.3
2018-06-22 03:30:00,23.4
2018-06-22 03:45:00,25.4
2018-06-22 04:00:00,37.1
2018-06-22 04:15:00,50.6
2018-06-22 04:30:00,58.4
2018-06-22 04:45:00,65.2
2018-06-22 05:00:00,62.7
2018-06-22 05:15:00,69.39999
2018-06-22 05:30:00,68.39999
2018-06-22 05:45:00,71.5
2018-06-22 06:00:00,65.1
2018-06-22 06:15:00,74.39999
2018-06-22 06:30:00,94.3
2018-06-22 06:45:00,96.3
2018-06-22 07:00:00,106.3
2018-06-22 07:15:00,103.89999
2018-06-22 07:30:00,91.2
2018-06-22 07:45:00,87.39999
2018-06-22 08:00:00,79.8
2018-06-22 08:15:00,76.39999
2018-06-22 08:30:00,81.3
2018-06-22 08:45:00,84.7
2018-06-22 09:00:00,88.8
2018-06-22 09:15:00,92.0
2018-06-22 09:30:00,96.0
2018-06-22 09:45:00,101.2
2018-06-22 10:00:00,97.7
2018-06-22 10:15:00,103.89999
2018-06-22 10:30:00,102.39999
2018-06-22 10:45:00,90.89999
2018-06-22 11:00:00,77.6
2018-06-22 11:15:00,81.89999
2018-06-22 11:30:00,87.7
2018-06-22 11:45:00,79.39999
2018-06-22 12:00:00,73.6
2018-06-22 12:15:00,84.1
2018-06-22 12:30:00,72.2
2018-06-22 12:45:00,66.3
2018-06-22 13:00:00,66.2
2018-06-22 13:15:00,87.8
2018-06-22 13:30:00,92.5
2018-06-22 13:45:00,85.39999
2018-06-22 14:00:00,86.7
2018-06-22 14:15:00,87.2
2018-06-22 14:30:00,65.1
2018-06-22 14:45:00,56.9
2018-06-22 15:00:00,58.4
2018-06-22 15:15:00,75.7
2018-06-22 15:30:00,61.9
2018-06-22 15:45:00,65.0
2018-06-22 16:00:00,54.8
2018-06-22 16:15:00,40.1
2018-06-22 16:30:00,13.3
2018-06-22 16:45:00,5.3
2018-06-22 17:00:00,13.0
2018-06-22 17:15:00,21.8
2018-06-22 17:30:00,25.5
2018-06-22 17:45:00,27.0
2018-06-22 18:00:00,27.0
2018-06-22 18:15:00,26.9
2018-06-22 18:30:00,33.2
2018-06-22 18:45:00,34.8
2018-06-22 19:00:00,38.1
2018-06-22 19:15:00,53.2
2018-06-22 19:30:00,47.1
2018-06-22 19:45:00,53.0
2018-06-22 20:00:00,31.9
2018-06-22 20:15:00,46.9
2018-06-22 20:30:00,73.2
2018-06-22 20:45:00,74.3
2018-06-22 21:00:00,40.2
2018-06-22 21:15:00,54.0
2018-06-22 21:30:00,64.6
2018-06-22 21:45:00,74.1
2018-06-22 22:00:00,46.6
2018-06-22 22:15:00,57.7
2018-06-22 22:30:00,60.6
2018-06-22 22:45:00,60.9
2018-06-22 23:00:00,74.89999
2018-06-22 23:15:00,64.6
2018-06-22 23:30:00,52.9
2018-06-22 23:45:00,75.1
2018-06-23 00:00:00,102.2
2018-06-23 00:15:00,118.6
2018-06-23 00:30:00,122.6
2018-06-23 00:45:00,119.0
2018-06-23 01:00:00,124.1
2018-06-23 01:15:00,118.5
2018-06-23 01:30:00,128.2
2018-06-23 01:45:00,122.3
2018-06-23 02:00:00,128.79999
2018-06-23 02:15:00,150.79999
2018-06-23 02:30:00,150.79999
2018-06-23 02:45:00,148.9
2018-06-23 03:00:00,157.7
2018-06-23 03:15:00,157.4
2018-06-23 03:30:00,157.4
2018-06-23 03:45:00,157.4
2018-06-23 04:00:00,157.4
2018-06-23 04:15:00,157.4
2018-06-23 04:30:00,157.4
2018-06-23 04:45:00,157.4
2018-06-23 05:00:00,157.4
2018-06-23 05:15:00,157.4
2018-06-23 05:30:00,157.4
2018-06-23 05:45:00,157.4
2018-06-23 06:00:00,157.4
2018-06-23 06:15:00,157.4
2018-06-23 06:30:00,157.4
2018-06-23 06:45:00,157.4
2018-06-23 07:00:00,157.4
2018-06-23 07:15:00,157.4
2018-06-23 07:30:00,157.4
2018-06-23 07:45:00,157.4
2018-06-23 08:00:00,157.4
2018-06-23 08:15:00,157.4
2018-06-23 08:30:00,157.4
2018-06-23 08:45:00,157.4
2018-06-23 09:00:00,157.4
2018-06-23 09:15:00,157.4
2018-06-23 09:30:00,157.4
2018-06-23 09:45:00,157.4
2018-06-23 10:00:00,157.4
2018-06-23 10:15:00,157.4
2018-06-23 10:30:00,17.4
2018-06-23 10:45:00,10.9
2018-06-23 11:00:00,8.1
2018-06-23 11:15:00,88.89999
2018-06-23 11:30:00,16.7
2018-06-23 11:45:00,110.5
2018-06-23 12:00:00,132.5
2018-06-23 12:15:00,109.0
2018-06-23 12:30:00,88.89999
2018-06-23 12:45:00,154.79999
2018-06-23 13:00:00,146.4
2018-06-23 13:15:00,157.9
2018-06-23 13:30:00,157.9
2018-06-23 13:45:00,157.9
2018-06-23 14:00:00,157.9
2018-06-23 14:15:00,157.9
2018-06-23 14:30:00,157.9
2018-06-23 14:45:00,157.9
2018-06-23 15:00:00,157.9
2018-06-23 15:15:00,157.9
2018-06-23 15:30:00,157.9
2018-06-23 15:45:00,157.9
2018-06-23 16:00:00,157.9
2018-06-23 16:15:00,151.29999
2018-06-23 16:30:00,157.09999
2018-06-23 16:45:00,149.4
2018-06-23 17:00:00,142.2
2018-06-23 17:15:00,158.0
2018-06-23 17:30:00,151.9
2018-06-23 17:45:00,155.4
2018-06-23 18:00:00,149.79999
2018-06-23 18:15:00,143.09999
2018-06-23 18:30:00,145.59999
2018-06-23 18:45:00,144.5
2018-06-23 19:00:00,127.0
2018-06-23 19:15:00,99.8
2018-06-23 19:30:00,112.6
2018-06-23 19:45:00,78.8
2018-06-23 20:00:00,80.1
2018-06-23 20:15:00,79.2
2018-06-23 20:30:00,63.0
2018-06-23 20:45:00,70.3
2018-06-23 21:00:00,46.8
2018-06-23 21:15:00,49.2
2018-06-23 21:30:00,64.89999
2018-06-23 21:45:00,63.5
2018-06-23 22:00:00,57.5
2018-06-23 22:15:00,60.9
2018-06-23 22:30:00,71.2
2018-06-23 22:45:00,46.2
2018-06-23 23:00:00,32.2
2018-06-23 23:15:00,31.1
2018-06-23 23:30:00,53.0
2018-06-23 23:45:00,45.3
2018-06-24 00:00:00,42.8
2018-06-24 00:15:00,35.7
2018-06-24 00:30:00,34.8
2018-06-24 00:45:00,66.5
2018-06-24 01:00:00,63.1
2018-06-24 01:15:00,79.1
2018-06-24 01:30:00,63.8
2018-06-24 01:45:00,86.39999
2018-06-24 02:00:00,157.09999
2018-06-24 02:15:00,104.3
2018-06-24 02:30:00,91.3
2018-06-24 02:45:00,53.9
2018-06-24 03:00:00,136.7
2018-06-24 03:15:00,121.5
2018-06-24 03:30:00,18.7
2018-06-24 03:45:00,2.1
2018-06-24 04:00:00,41.7
2018-06-24 04:15:00,11.2
2018-06-24 04:30:00,1.1
2018-06-24 04:45:00,0.0
2018-06-24 05:00:00,0.0
2018-06-24 05:15:00,0.0
2018-06-24 05:30:00,155.59999
2018-06-24 05:45:00,115.8
2018-06-24 06:00:00,153.9
2018-06-24 06:15:00,136.0
2018-06-24 06:30:00,157.2
2018-06-24 06:45:00,157.2
2018-06-24 07:00:00,157.2
2018-06-24 07:15:00,157.2
2018-06-24 07:30:00,157.2
2018-06-24 07:45:00,157.2
2018-06-24 08:00:00,157.2
2018-06-24 08:15:00,157.2
2018-06-24 08:30:00,157.2
2018-06-24 08:45:00,156.59999
2018-06-24 09:00:00,157.79999
2018-06-24 09:15:00,157.79999
2018-06-24 09:30:00,157.79999
2018-06-24 09:45:00,157.79999
2018-06-24 10:00:00,157.79999
2018-06-24 10:15:00,157.79999
2018-06-24 10:30:00,157.79999
2018-06-24 10:45:00,157.79999
2018-06-24 11:00:00,157.79999
2018-06-24 11:15:00,157.79999
2018-06-24 11:30:00,157.79999
2018-06-24 11:45:00,157.79999
2018-06-24 12:00:00,157.79999
2018-06-24 12:15:00,157.79999
2018-06-24 12:30:00,157.79999
2018-06-24 12:45:00,157.79999
2018-06-24 13:00:00,157.79999
2018-06-24 13:15:00,157.79999
2018-06-24 13:30:00,157.79999
2018-06-24 13:45:00,157.79999
2018-06-24 14:00:00,157.79999
2018-06-24 14:15:00,157.79999
2018-06-24 14:30:00,157.79999
2018-06-24 14:45:00,157.79999
2018-06-24 15:00:00,157.79999
2018-06-24 15:15:00,157.79999
2018-06-24 15:30:00,157.79999
2018-06-24 15:45:00,157.79999
2018-06-24 16:00:00,157.79999
2018-06-24 16:15:00,157.79999
2018-06-24 16:30:00,157.79999
2018-06-24 16:45:00,157.79999
2018-06-24 17:00:00,133.29999
2018-06-24 17:15:00,143.09999
2018-06-24 17:30:00,156.4
2018-06-24 17:45:00,157.0
2018-06-24 18:00:00,131.9
2018-06-24 18:15:00,143.59999
2018-06-24 18:30:00,145.4
2018-06-24 18:45:00,146.0
2018-06-24 19:00:00,142.09999
2018-06-24 19:15:00,115.7
2018-06-24 19:30:00,101.1
2018-06-24 19:45:00,116.7
2018-06-24 20:00:00,113.8
2018-06-24 20:15:00,111.1
2018-06-24 20:30:00,119.6
2018-06-24 20:45:00,114.6
2018-06-24 21:00:00,105.7
2018-06-24 21:15:00,111.1
2018-06-24 21:30:00,91.6
2018-06-24 21:45:00,119.39999
2018-06-24 22:00:00,113.5
2018-06-24 22:15:00,130.09999
2018-06-24 22:30:00,128.4
2018-06-24 22:45:00,130.0
2018-06-24 23:00:00,146.4
2018-06-24 23:15:00,152.09999
2018-06-24 23:30:00,152.0
2018-06-24 23:45:00,141.2
2018-06-25 00:00:00,134.29999
2018-06-25 00:15:00,132.29999
2018-06-25 00:30:00,128.29999
2018-06-25 00:45:00,127.6
2018-06-25 01:00:00,130.4
2018-06-25 01:15:00,128.0
2018-06-25 01:30:00,125.89999
2018-06-25 01:45:00,125.89999
2018-06-25 02:00:00,100.1
2018-06-25 02:15:00,124.2
2018-06-25 02:30:00,126.5
2018-06-25 02:45:00,138.79999
2018-06-25 03:00:00,143.29999
2018-06-25 03:15:00,150.0
2018-06-25 03:30:00,157.79999
2018-06-25 03:45:00,156.5
2018-06-25 04:00:00,158.0
2018-06-25 04:15:00,158.0
2018-06-25 04:30:00,158.0
2018-06-25 04:45:00,158.0
2018-06-25 05:00:00,158.0
2018-06-25 05:15:00,157.59999
2018-06-25 05:30:00,156.4
2018-06-25 05:45:00,156.79999
2018-06-25 06:00:00,156.4
2018-06-25 06:15:00,156.5
2018-06-25 06:30:00,156.9
2018-06-25 06:45:00,157.0
2018-06-25 07:00:00,156.7
2018-06-25 07:15:00,156.9
2018-06-25 07:30:00,156.7
2018-06-25 07:45:00,156.59999
2018-06-25 08:00:00,156.7
2018-06-25 08:15:00,156.9
2018-06-25 08:30:00,156.7
2018-06-25 08:45:00,156.29999
2018-06-25 09:00:00,156.5
2018-06-25 09:15:00,156.7
2018-06-25 09:30:00,156.7
2018-06-25 09:45:00,156.59999
2018-06-25 10:00:00,156.79999
2018-06-25 10:15:00,157.79999
2018-06-25 10:30:00,69.8
2018-06-25 10:45:00,10.4
2018-06-25 11:00:00,8.3
2018-06-25 11:15:00,22.6
2018-06-25 11:30:00,22.6
2018-06-25 11:45:00,34.3
2018-06-25 12:00:00,24.4
2018-06-25 12:15:00,20.9
2018-06-25 12:30:00,23.1
2018-06-25 12:45:00,29.8
2018-06-25 13:00:00,20.7
2018-06-25 13:15:00,34.3
2018-06-25 13:30:00,61.7
2018-06-25 13:45:00,85.3
2018-06-25 14:00:00,86.6
2018-06-25 14:15:00,119.8
2018-06-25 14:30:00,113.2
2018-06-25 14:45:00,151.5
2018-06-25 15:00:00,145.59999
2018-06-25 15:15:00,146.7
2018-06-25 15:30:00,151.79999
2018-06-25 15:45:00,140.9
2018-06-25 16:00:00,137.59999
2018-06-25 16:15:00,137.59999
2018-06-25 16:30:00,115.3
2018-06-25 16:45:00,130.2
2018-06-25 17:00:00,120.39999
2018-06-25 17:15:00,104.89999
2018-06-25 17:30:00,104.7
2018-06-25 17:45:00,99.0
2018-06-25 18:00:00,106.3
2018-06-25 18:15:00,111.8
2018-06-25 18:30:00,107.39999
2018-06-25 18:45:00,107.5
2018-06-25 19:00:00,120.39999
2018-06-25 19:15:00,92.0
2018-06-25 19:30:00,84.8
2018-06-25 19:45:00,92.2
2018-06-25 20:00:00,105.5
2018-06-25 20:15:00,90.0
2018-06-25 20:30:00,88.3
2018-06-25 20:45:00,92.1
2018-06-25 21:00:00,91.1
2018-06-25 21:15:00,86.5
2018-06-25 21:30:00,93.7
2018-06-25 21:45:00,95.39999
2018-06-25 22:00:00,68.7
2018-06-25 22:15:00,59.1
2018-06-25 22:30:00,62.7
2018-06-25 22:45:00,50.4
2018-06-25 23:00:00,53.3
2018-06-25 23:15:00,38.6
2018-06-25 23:30:00,41.6
2018-06-25 23:45:00,42.3
2018-06-26 00:00:00,48.8
2018-06-26 00:15:00,41.1
2018-06-26 00:30:00,41.7
2018-06-26 00:45:00,46.2
2018-06-26 01:00:00,46.6
2018-06-26 01:15:00,45.3
2018-06-26 01:30:00,33.5
2018-06-26 01:45:00,29.3
2018-06-26 02:00:00,32.1
2018-06-26 02:15:00,42.1
2018-06-26 02:30:00,56.1
2018-06-26 02:45:00,74.3
2018-06-26 03:00:00,63.0
2018-06-26 03:15:00,60.5
2018-06-26 03:30:00,65.8
2018-06-26 03:45:00,76.7
2018-06-26 04:00:00,78.6
2018-06-26 04:15:00,77.39999
2018-06-26 04:30:00,84.8
2018-06-26 04:45:00,98.2
2018-06-26 05:00:00,116.89999
2018-06-26 05:15:00,116.7
2018-06-26 05:30:00,118.5
2018-06-26 05:45:00,119.8
2018-06-26 06:00:00,118.0
2018-06-26 06:15:00,157.7
2018-06-26 06:30:00,156.4
2018-06-26 06:45:00,122.2
2018-06-26 07:00:00,142.4
2018-06-26 07:15:00,138.79999
2018-06-26 07:30:00,120.5
2018-06-26 07:45:00,112.1
2018-06-26 08:00:00,116.5
2018-06-26 08:15:00,118.8
2018-06-26 08:30:00,97.5
2018-06-26 08:45:00,88.0
2018-06-26 09:00:00,87.8
2018-06-26 09:15:00,81.8
2018-06-26 09:30:00,71.3
2018-06-26 09:45:00,59.9
2018-06-26 10:00:00,66.39999
2018-06-26 10:15:00,87.89999
2018-06-26 10:30:00,82.0
2018-06-26 10:45:00,85.89999
2018-06-26 11:00:00,75.0
2018-06-26 11:15:00,88.6
2018-06-26 11:30:00,101.0
2018-06-26 11:45:00,112.2
2018-06-26 12:00:00,107.5
2018-06-26 12:15:00,101.6
2018-06-26 12:30:00,108.8
2018-06-26 12:45:00,106.3
2018-06-26 13:00:00,108.39999
2018-06-26 13:15:00,104.6
2018-06-26 13:30:00,104.8
2018-06-26 13:45:00,108.6
2018-06-26 14:00:00,111.2
2018-06-26 14:15:00,114.2
2018-06-26 14:30:00,120.1
2018-06-26 14:45:00,132.79999
2018-06-26 15:00:00,110.5
2018-06-26 15:15:00,119.7
2018-06-26 15:30:00,119.3
2018-06-26 15:45:00,118.0
2018-06-26 16:00:00,113.6
2018-06-26 16:15:00,107.0
2018-06-26 16:30:00,105.5
2018-06-26 16:45:00,104.89999
2018-06-26 17:00:00,122.8
2018-06-26 17:15:00,123.6
2018-06-26 17:30:00,126.0
2018-06-26 17:45:00,117.8
2018-06-26 18:00:00,121.6
2018-06-26 18:15:00,115.0
2018-06-26 18:30:00,105.3
2018-06-26 18:45:00,127.1
2018-06-26 19:00:00,124.0
2018-06-26 19:15:00,126.1
2018-06-26 19:30:00,121.7
2018-06-26 19:45:00,109.3
2018-06-26 20:00:00,108.2
2018-06-26 20:15:00,104.2
2018-06-26 20:30:00,103.1
2018-06-26 20:45:00,110.8
2018-06-26 21:00:00,106.89999
2018-06-26 21:15:00,91.89999
2018-06-26 21:30:00,69.6
2018-06-26 21:45:00,85.7
2018-06-26 22:00:00,88.7
2018-06-26 22:15:00,107.6
2018-06-26 22:30:00,92.1
2018-06-26 22:45:00,78.0
2018-06-26 23:00:00,71.8
2018-06-26 23:15:00,71.39999
2018-06-26 23:30:00,62.6
2018-06-26 23:45:00,78.7
2018-06-27 00:00:00,70.8
2018-06-27 00:15:00,57.1
2018-06-27 00:30:00,72.0
2018-06-27 00:45:00,55.8
2018-06-27 01:00:00,55.3
2018-06-27 01:15:00,54.2
2018-06-27 01:30:00,43.3
2018-06-27 01:45:00,41.6
2018-06-27 02:00:00,45.1
2018-06-27 02:15:00,48.7
2018-06-27 02:30:00,64.0
2018-06-27 02:45:00,79.7
2018-06-27 03:00:00,87.8
2018-06-27 03:15:00,94.6
2018-06-27 03:30:00,103.89999
2018-06-27 03:45:00,103.39999
2018-06-27 04:00:00,112.7
2018-06-27 04:15:00,120.89999
2018-06-27 04:30:00,123.0
2018-06-27 04:45:00,120.6
2018-06-27 05:00:00,132.09999
2018-06-27 05:15:00,124.2
2018-06-27 05:30:00,137.0
2018-06-27 05:45:00,142.2
2018-06-27 06:00:00,157.2
2018-06-27 06:15:00,157.9
2018-06-27 06:30:00,153.9
2018-06-27 06:45:00,153.79999
2018-06-27 07:00:00,153.79999
2018-06-27 07:15:00,153.79999
2018-06-27 07:30:00,149.7
2018-06-27 07:45:00,148.09999
2018-06-27 08:00:00,130.2
2018-06-27 08:15:00,132.5
2018-06-27 08:30:00,134.2
2018-06-27 08:45:00,132.5
2018-06-27 09:00:00,122.0
2018-06-27 09:15:00,86.3
2018-06-27 09:30:00,89.8
2018-06-27 09:45:00,95.89999
2018-06-27 10:00:00,120.7
2018-06-27 10:15:00,120.3
2018-06-27 10:30:00,118.8
2018-06-27 10:45:00,115.89999
2018-06-27 11:00:00,125.6
2018-06-27 11:15:00,118.2
2018-06-27 11:30:00,120.1
2018-06-27 11:45:00,119.2
2018-06-27 12:00:00,88.7
2018-06-27 12:15:00,78.3
2018-06-27 12:30:00,53.7
2018-06-27 12:45:00,56.2
2018-06-27 13:00:00,58.7
2018-06-27 13:15:00,78.6
2018-06-27 13:30:00,120.1
2018-06-27 13:45:00,141.79999
2018-06-27 14:00:00,153.9
2018-06-27 14:15:00,130.79999
2018-06-27 14:30:00,142.7
2018-06-27 14:45:00,126.89999
2018-06-27 15:00:00,102.7
2018-06-27 15:15:00,98.8
2018-06-27 15:30:00,106.6
2018-06-27 15:45:00,100.89999
2018-06-27 16:00:00,93.7
2018-06-27 16:15:00,73.2
2018-06-27 16:30:00,75.3
2018-06-27 16:45:00,85.6
2018-06-27 17:00:00,78.1
2018-06-27 17:15:00,88.1
2018-06-27 17:30:00,86.7
2018-06-27 17:45:00,84.5
2018-06-27 18:00:00,94.5
2018-06-27 18:15:00,72.6
2018-06-27 18:30:00,71.6
2018-06-27 18:45:00,67.8
2018-06-27 19:00:00,44.4
2018-06-27 19:15:00,49.4
2018-06-27 19:30:00,43.0
2018-06-27 19:45:00,57.5
2018-06-27 20:00:00,59.4
2018-06-27 20:15:00,44.0
2018-06-27 20:30:00,57.2
2018-06-27 20:45:00,45.8
2018-06-27 21:00:00,55.1
2018-06-27 21:15:00,62.9
2018-06-27 21:30:00,49.8
2018-06-27 21:45:00,54.5
2018-06-27 22:00:00,39.3
2018-06-27 22:15:00,63.3
2018-06-27 22:30:00,52.2
2018-06-27 22:45:00,51.9
2018-06-27 23:00:00,53.9
2018-06-27 23:15:00,44.9
2018-06-27 23:30:00,49.9
2018-06-27 23:45:00,43.6
2018-06-28 00:00:00,39.6
2018-06-28 00:15:00,42.1
2018-06-28 00:30:00,55.2
2018-06-28 00:45:00,43.2
2018-06-28 01:00:00,36.0
2018-06-28 01:15:00,30.9
2018-06-28 01:30:00,34.5
2018-06-28 01:45:00,38.9
2018-06-28 02:00:00,44.8
2018-06-28 02:15:00,56.4
2018-06-28 02:30:00,65.7
2018-06-28 02:45:00,69.2
2018-06-28 03:00:00,71.1
2018-06-28 03:15:00,86.89999
2018-06-28 03:30:00,106.8
2018-06-28 03:45:00,117.39999
2018-06-28 04:00:00,108.89999
2018-06-28 04:15:00,116.6
2018-06-28 04:30:00,136.59999
2018-06-28 04:45:00,139.2
2018-06-28 05:00:00,137.79999
2018-06-28 05:15:00,119.6
2018-06-28 05:30:00,92.0
2018-06-28 05:45:00,80.7
2018-06-28 06:00:00,85.89999
2018-06-28 06:15:00,93.6
2018-06-28 06:30:00,101.7
2018-06-28 06:45:00,109.2
2018-06-28 07:00:00,119.39999
2018-06-28 07:15:00,134.0
2018-06-28 07:30:00,131.0
2018-06-28 07:45:00,132.4
2018-06-28 08:00:00,138.29999
2018-06-28 08:15:00,127.5
2018-06-28 08:30:00,113.8
2018-06-28 08:45:00,102.39999
2018-06-28 09:00:00,104.1
2018-06-28 09:15:00,92.8
2018-06-28 09:30:00,71.39999
2018-06-28 09:45:00,73.5
2018-06-28 10:00:00,72.7
2018-06-28 10:15:00,68.5
2018-06-28 10:30:00,68.89999
2018-06-28 10:45:00,62.0
2018-06-28 11:00:00,62.0
2018-06-28 11:15:00,58.4
2018-06-28 11:30:00,51.6
2018-06-28 11:45:00,54.6
2018-06-28 12:00:00,59.2
2018-06-28 12:15:00,60.3
2018-06-28 12:30:00,66.39999
2018-06-28 12:45:00,51.6
2018-06-28 13:00:00,51.8
2018-06-28 13:15:00,53.1
2018-06-28 13:30:00,69.3
2018-06-28 13:45:00,85.39999
2018-06-28 14:00:00,106.0
2018-06-28 14:15:00,108.1
2018-06-28 14:30:00,108.1
2018-06-28 14:45:00,102.0
2018-06-28 15:00:00,96.3
2018-06-28 15:15:00,115.8
2018-06-28 15:30:00,97.89999
2018-06-28 15:45:00,89.1
2018-06-28 16:00:00,92.8
2018-06-28 16:15:00,84.7
2018-06-28 16:30:00,75.3
2018-06-28 16:45:00,90.2
2018-06-28 17:00:00,83.0
2018-06-28 17:15:00,73.89999
2018-06-28 17:30:00,58.4
2018-06-28 17:45:00,66.39999
2018-06-28 18:00:00,60.2
2018-06-28 18:15:00,54.3
2018-06-28 18:30:00,51.9
2018-06-28 18:45:00,44.0
2018-06-28 19:00:00,51.3
2018-06-28 19:15:00,64.8
2018-06-28 19:30:00,51.4
2018-06-28 19:45:00,53.4
2018-06-28 20:00:00,72.6
2018-06-28 20:15:00,60.8
2018-06-28 20:30:00,75.6
2018-06-28 20:45:00,80.1
2018-06-28 21:00:00,97.7
2018-06-28 21:15:00,104.5
2018-06-28 21:30:00,94.8
2018-06-28 21:45:00,78.5
2018-06-28 22:00:00,115.39999
2018-06-28 22:15:00,95.5
2018-06-28 22:30:00,96.2
2018-06-28 22:45:00,93.89999
2018-06-28 23:00:00,126.5
2018-06-28 23:15:00,121.89999
2018-06-28 23:30:00,127.0
2018-06-28 23:45:00,116.7
2018-06-29 00:00:00,112.7
2018-06-29 00:15:00,114.6
2018-06-29 00:30:00,117.3
2018-06-29 00:45:00,101.39999
2018-06-29 01:00:00,103.5
2018-06-29 01:15:00,90.7
2018-06-29 01:30:00,76.6
2018-06-29 01:45:00,75.8
2018-06-29 02:00:00,80.6
2018-06-29 02:15:00,78.0
2018-06-29 02:30:00,82.1
2018-06-29 02:45:00,92.8
2018-06-29 03:00:00,110.39999
2018-06-29 03:15:00,119.0
2018-06-29 03:30:00,124.39999
2018-06-29 03:45:00,130.29999
2018-06-29 04:00:00,134.4
2018-06-29 04:15:00,142.09999
2018-06-29 04:30:00,152.29999
2018-06-29 04:45:00,148.79999
2018-06-29 05:00:00,129.9
2018-06-29 05:15:00,125.3
2018-06-29 05:30:00,121.5
2018-06-29 05:45:00,124.6
2018-06-29 06:00:00,131.59999
2018-06-29 06:15:00,137.79999
2018-06-29 06:30:00,129.7
2018-06-29 06:45:00,133.0
2018-06-29 07:00:00,131.59999
2018-06-29 07:15:00,118.7
2018-06-29 07:30:00,120.89999
2018-06-29 07:45:00,115.89999
2018-06-29 08:00:00,90.8
2018-06-29 08:15:00,77.3
2018-06-29 08:30:00,79.8
2018-06-29 08:45:00,72.3
2018-06-29 09:00:00,76.1
2018-06-29 09:15:00,85.8
2018-06-29 09:30:00,87.5
2018-06-29 09:45:00,93.8
2018-06-29 10:00:00,84.0
2018-06-29 10:15:00,91.8
2018-06-29 10:30:00,83.6
2018-06-29 10:45:00,77.1
2018-06-29 11:00:00,79.89999
2018-06-29 11:15:00,78.5
2018-06-29 11:30:00,71.3
2018-06-29 11:45:00,67.5
2018-06-29 12:00:00,67.1
2018-06-29 12:15:00,65.2
2018-06-29 12:30:00,71.0
2018-06-29 12:45:00,74.7
2018-06-29 13:00:00,67.8
2018-06-29 13:15:00,81.2
2018-06-29 13:30:00,115.89999
2018-06-29 13:45:00,127.8
2018-06-29 14:00:00,126.39999
2018-06-29 14:15:00,133.4
2018-06-29 14:30:00,144.4
2018-06-29 14:45:00,139.9
2018-06-29 15:00:00,141.0
2018-06-29 15:15:00,127.6
2018-06-29 15:30:00,128.4
2018-06-29 15:45:00,134.4
2018-06-29 16:00:00,136.0
2018-06-29 16:15:00,122.89999
2018-06-29 16:30:00,134.7
2018-06-29 16:45:00,135.4
2018-06-29 17:00:00,139.79999
2018-06-29 17:15:00,151.09999
2018-06-29 17:30:00,143.5
2018-06-29 17:45:00,144.4
2018-06-29 18:00:00,137.29999
2018-06-29 18:15:00,130.2
2018-06-29 18:30:00,124.6
2018-06-29 18:45:00,101.6
2018-06-29 19:00:00,83.39999
2018-06-29 19:15:00,70.2
2018-06-29 19:30:00,82.2
2018-06-29 19:45:00,93.2
2018-06-29 20:00:00,83.3
2018-06-29 20:15:00,89.3
2018-06-29 20:30:00,91.7
2018-06-29 20:45:00,100.6
2018-06-29 21:00:00,98.2
2018-06-29 21:15:00,124.39999
2018-06-29 21:30:00,106.0
2018-06-29 21:45:00,104.89999
2018-06-29 22:00:00,119.7
2018-06-29 22:15:00,129.79999
2018-06-29 22:30:00,125.39999
2018-06-29 22:45:00,129.4
2018-06-29 23:00:00,131.79999
2018-06-29 23:15:00,141.0
2018-06-29 23:30:00,137.79999
2018-06-29 23:45:00,142.09999
2018-06-30 00:00:00,145.4
2018-06-30 00:15:00,153.59999
2018-06-30 00:30:00,153.59999
2018-06-30 00:45:00,148.7
2018-06-30 01:00:00,147.7
2018-06-30 01:15:00,132.29999
2018-06-30 01:30:00,107.8
2018-06-30 01:45:00,100.0
2018-06-30 02:00:00,107.1
2018-06-30 02:15:00,123.0
2018-06-30 02:30:00,144.7
2018-06-30 02:45:00,152.4
2018-06-30 03:00:00,151.7
2018-06-30 03:15:00,148.79999
2018-06-30 03:30:00,145.79999
2018-06-30 03:45:00,153.9
2018-06-30 04:00:00,154.5
2018-06-30 04:15:00,153.79999
2018-06-30 04:30:00,154.5
2018-06-30 04:45:00,114.1
2018-06-30 05:00:00,84.8
2018-06-30 05:15:00,91.8
2018-06-30 05:30:00,83.2
2018-06-30 05:45:00,93.7
2018-06-30 06:00:00,97.2
2018-06-30 06:15:00,96.8
2018-06-30 06:30:00,101.0
2018-06-30 06:45:00,89.89999
2018-06-30 07:00:00,111.0
2018-06-30 07:15:00,108.89999
2018-06-30 07:30:00,89.8
2018-06-30 07:45:00,93.2
2018-06-30 08:00:00,109.3
2018-06-30 08:15:00,114.1
2018-06-30 08:30:00,120.39999
2018-06-30 08:45:00,131.9
2018-06-30 09:00:00,113.5
2018-06-30 09:15:00,104.89999
2018-06-30 09:30:00,98.5
2018-06-30 09:45:00,87.2
2018-06-30 10:00:00,53.6
2018-06-30 10:15:00,52.6
2018-06-30 10:30:00,47.4
2018-06-30 10:45:00,47.9
2018-06-30 11:00:00,44.5
2018-06-30 11:15:00,20.5
2018-06-30 11:30:00,25.7
2018-06-30 11:45:00,35.0
2018-06-30 12:00:00,31.1
2018-06-30 12:15:00,29.8
2018-06-30 12:30:00,28.8
2018-06-30 12:45:00,37.4
2018-06-30 13:00:00,38.7
2018-06-30 13:15:00,45.5
2018-06-30 13:30:00,62.3
2018-06-30 13:45:00,93.5
2018-06-30 14:00:00,95.8
2018-06-30 14:15:00,106.6
2018-06-30 14:30:00,86.7
2018-06-30 14:45:00,109.2
2018-06-30 15:00:00,135.09999
2018-06-30 15:15:00,154.5
2018-06-30 15:30:00,140.4
2018-06-30 15:45:00,108.89999
2018-06-30 16:00:00,134.5
2018-06-30 16:15:00,100.8
2018-06-30 16:30:00,59.3
2018-06-30 16:45:00,65.39999
2018-06-30 17:00:00,86.6
2018-06-30 17:15:00,83.5
2018-06-30 17:30:00,73.1
2018-06-30 17:45:00,79.8
2018-06-30 18:00:00,85.2
2018-06-30 18:15:00,62.9
2018-06-30 18:30:00,97.8
2018-06-30 18:45:00,104.7
2018-06-30 19:00:00,97.89999
2018-06-30 19:15:00,96.7
2018-06-30 19:30:00,81.7
2018-06-30 19:45:00,71.1
2018-06-30 20:00:00,83.7
2018-06-30 20:15:00,77.3
2018-06-30 20:30:00,57.9
2018-06-30 20:45:00,61.7
2018-06-30 21:00:00,74.3
2018-06-30 21:15:00,55.1
2018-06-30 21:30:00,69.1
2018-06-30 21:45:00,68.2
2018-06-30 22:00:00,63.5
2018-06-30 22:15:00,59.9
2018-06-30 22:30:00,59.6
2018-06-30 22:45:00,64.0
2018-06-30 23:00:00,56.4
2018-06-30 23:15:00,65.2
2018-06-30 23:30:00,39.3
2018-06-30 23:45:00,25.9
2018-07-01 00:00:00,36.7
2018-07-01 00:15:00,35.7
2018-07-01 00:30:00,27.0
2018-07-01 00:45:00,16.0
2018-07-01 01:00:00,16.9
2018-07-01 01:15:00,10.3
2018-07-01 01:30:00,8.3
2018-07-01 01:45:00,48.3
2018-07-01 02:00:00,132.79999
2018-07-01 02:15:00,54.6
2018-07-01 02:30:00,105.2
2018-07-01 02:45:00,105.2
2018-07-01 03:00:00,105.2
2018-07-01 03:15:00,105.2
2018-07-01 03:30:00,105.2
2018-07-01 03:45:00,0.0
2018-07-01 04:00:00,0.0
2018-07-01 04:15:00,0.0
2018-07-01 04:30:00,66.7
2018-07-01 04:45:00,51.8
2018-07-01 05:00:00,112.5
2018-07-01 05:15:00,134.7
2018-07-01 05:30:00,84.5
2018-07-01 05:45:00,135.2
2018-07-01 06:00:00,154.5
2018-07-01 06:15:00,153.79999
2018-07-01 06:30:00,154.2
2018-07-01 06:45:00,154.2
2018-07-01 07:00:00,154.2
2018-07-01 07:15:00,153.9
2018-07-01 07:30:00,153.79999
2018-07-01 07:45:00,154.09999
2018-07-01 08:00:00,153.9
2018-07-01 08:15:00,154.0
2018-07-01 08:30:00,150.0
2018-07-01 08:45:00,120.0
2018-07-01 09:00:00,91.7
2018-07-01 09:15:00,118.39999
2018-07-01 09:30:00,114.89999
2018-07-01 09:45:00,120.6
2018-07-01 10:00:00,134.09999
2018-07-01 10:15:00,119.89999
2018-07-01 10:30:00,126.39999
2018-07-01 10:45:00,149.79999
2018-07-01 11:00:00,154.2
2018-07-01 11:15:00,153.4
2018-07-01 11:30:00,152.9
2018-07-01 11:45:00,153.9
2018-07-01 12:00:00,154.0
2018-07-01 12:15:00,153.79999
2018-07-01 12:30:00,153.9
2018-07-01 12:45:00,153.9
2018-07-01 13:00:00,153.79999
2018-07-01 13:15:00,154.0
2018-07-01 13:30:00,156.4
2018-07-01 13:45:00,153.09999
2018-07-01 14:00:00,144.09999
2018-07-01 14:15:00,136.79999
2018-07-01 14:30:00,153.7
2018-07-01 14:45:00,153.9
2018-07-01 15:00:00,153.7
2018-07-01 15:15:00,154.0
2018-07-01 15:30:00,153.79999
2018-07-01 15:45:00,152.79999
2018-07-01 16:00:00,136.09999
2018-07-01 16:15:00,132.09999
2018-07-01 16:30:00,123.1
2018-07-01 16:45:00,116.89999
2018-07-01 17:00:00,119.1
2018-07-01 17:15:00,107.5
2018-07-01 17:30:00,104.2
2018-07-01 17:45:00,69.3
2018-07-01 18:00:00,70.5
2018-07-01 18:15:00,54.8
2018-07-01 18:30:00,45.2
2018-07-01 18:45:00,42.6
2018-07-01 19:00:00,26.3
2018-07-01 19:15:00,25.3
2018-07-01 19:30:00,29.9
2018-07-01 19:45:00,39.7
2018-07-01 20:00:00,53.8
2018-07-01 20:15:00,39.8
2018-07-01 20:30:00,43.6
2018-07-01 20:45:00,53.9
2018-07-01 21:00:00,75.7
2018-07-01 21:15:00,60.5
2018-07-01 21:30:00,49.3
2018-07-01 21:45:00,42.7
2018-07-01 22:00:00,62.0
2018-07-01 22:15:00,62.8
2018-07-01 22:30:00,62.7
2018-07-01 22:45:00,56.3
2018-07-01 23:00:00,57.0
2018-07-01 23:15:00,73.5
2018-07-01 23:30:00,70.5
2018-07-01 23:45:00,57.6
2018-07-02 00:00:00,48.1
2018-07-02 00:15:00,44.4
2018-07-02 00:30:00,27.4
2018-07-02 00:45:00,28.0
2018-07-02 01:00:00,34.4
2018-07-02 01:15:00,26.5
2018-07-02 01:30:00,45.7
2018-07-02 01:45:00,54.3
2018-07-02 02:00:00,40.1
2018-07-02 02:15:00,40.6
2018-07-02 02:30:00,42.5
2018-07-02 02:45:00,40.5
2018-07-02 03:00:00,33.2
2018-07-02 03:15:00,46.2
2018-07-02 03:30:00,58.6
2018-07-02 03:45:00,41.2
2018-07-02 04:00:00,29.4
2018-07-02 04:15:00,51.8
2018-07-02 04:30:00,52.2
2018-07-02 04:45:00,51.2
2018-07-02 05:00:00,37.5
2018-07-02 05:15:00,31.2
2018-07-02 05:30:00,131.4
2018-07-02 05:45:00,81.2
2018-07-02 06:00:00,34.6
2018-07-02 06:15:00,33.4
2018-07-02 06:30:00,21.0
2018-07-02 06:45:00,19.1
2018-07-02 07:00:00,9.0
2018-07-02 07:15:00,0.0
2018-07-02 07:30:00,0.0
2018-07-02 07:45:00,0.0
2018-07-02 08:00:00,0.0
2018-07-02 08:15:00,0.0
2018-07-02 08:30:00,0.0
2018-07-02 08:45:00,1.4
2018-07-02 09:00:00,4.8
2018-07-02 09:15:00,11.4
2018-07-02 09:30:00,19.0
2018-07-02 09:45:00,22.5
2018-07-02 10:00:00,23.8
2018-07-02 10:15:00,30.1
2018-07-02 10:30:00,41.7
2018-07-02 10:45:00,43.3
2018-07-02 11:00:00,38.7
2018-07-02 11:15:00,40.0
2018-07-02 11:30:00,46.4
2018-07-02 11:45:00,60.3
2018-07-02 12:00:00,66.6
2018-07-02 12:15:00,60.3
2018-07-02 12:30:00,49.3
2018-07-02 12:45:00,32.8
2018-07-02 13:00:00,34.4
2018-07-02 13:15:00,31.5
2018-07-02 13:30:00,33.4
2018-07-02 13:45:00,33.5
2018-07-02 14:00:00,42.3
2018-07-02 14:15:00,41.4
2018-07-02 14:30:00,41.2
2018-07-02 14:45:00,35.9
2018-07-02 15:00:00,34.1
2018-07-02 15:15:00,39.0
2018-07-02 15:30:00,34.1
2018-07-02 15:45:00,40.2
2018-07-02 16:00:00,35.0
2018-07-02 16:15:00,36.0
2018-07-02 16:30:00,35.7
2018-07-02 16:45:00,35.3
2018-07-02 17:00:00,40.3
2018-07-02 17:15:00,41.5
2018-07-02 17:30:00,45.6
2018-07-02 17:45:00,43.3
2018-07-02 18:00:00,38.9
2018-07-02 18:15:00,31.7
2018-07-02 18:30:00,38.8
2018-07-02 18:45:00,47.5
2018-07-02 19:00:00,48.9
2018-07-02 19:15:00,51.8
2018-07-02 19:30:00,55.4
2018-07-02 19:45:00,61.1
2018-07-02 20:00:00,65.0
2018-07-02 20:15:00,59.5
2018-07-02 20:30:00,64.3
2018-07-02 20:45:00,62.6
2018-07-02 21:00:00,68.0
2018-07-02 21:15:00,79.1
2018-07-02 21:30:00,71.0
2018-07-02 21:45:00,65.3
2018-07-02 22:00:00,69.3
2018-07-02 22:15:00,65.1
2018-07-02 22:30:00,54.7
2018-07-02 22:45:00,51.9
2018-07-02 23:00:00,41.5
2018-07-02 23:15:00,43.1
2018-07-02 23:30:00,63.4
2018-07-02 23:45:00,39.1
2018-07-03 00:00:00,43.9
2018-07-03 00:15:00,38.7
2018-07-03 00:30:00,39.2
2018-07-03 00:45:00,36.3
2018-07-03 01:00:00,28.0
2018-07-03 01:15:00,32.2
2018-07-03 01:30:00,34.9
2018-07-03 01:45:00,47.1
2018-07-03 02:00:00,53.9
2018-07-03 02:15:00,67.6
2018-07-03 02:30:00,76.8
2018-07-03 02:45:00,90.1
2018-07-03 03:00:00,113.6
2018-07-03 03:15:00,128.29999
2018-07-03 03:30:00,127.3
2018-07-03 03:45:00,112.89999
2018-07-03 04:00:00,123.89999
2018-07-03 04:15:00,130.7
2018-07-03 04:30:00,132.79999
2018-07-03 04:45:00,153.2
2018-07-03 05:00:00,142.5
2018-07-03 05:15:00,138.59999
2018-07-03 05:30:00,130.7
2018-07-03 05:45:00,124.7
2018-07-03 06:00:00,95.1
2018-07-03 06:15:00,58.9
2018-07-03 06:30:00,37.4
2018-07-03 06:45:00,13.7
2018-07-03 07:00:00,2.3
2018-07-03 07:15:00,0.0
2018-07-03 07:30:00,0.0
2018-07-03 07:45:00,0.0
2018-07-03 08:00:00,0.0
2018-07-03 08:15:00,0.0
2018-07-03 08:30:00,0.0
2018-07-03 08:45:00,0.0
2018-07-03 09:00:00,0.0
2018-07-03 09:15:00,0.0
2018-07-03 09:30:00,0.0
2018-07-03 09:45:00,2.5
2018-07-03 10:00:00,5.4
2018-07-03 10:15:00,8.2
2018-07-03 10:30:00,18.1
2018-07-03 10:45:00,26.2
2018-07-03 11:00:00,26.5
2018-07-03 11:15:00,28.0
2018-07-03 11:30:00,30.3
2018-07-03 11:45:00,34.9
2018-07-03 12:00:00,44.0
2018-07-03 12:15:00,49.5
2018-07-03 12:30:00,41.8
2018-07-03 12:45:00,35.1
2018-07-03 13:00:00,30.5
2018-07-03 13:15:00,29.0
2018-07-03 13:30:00,28.8
2018-07-03 13:45:00,36.0
2018-07-03 14:00:00,40.3
2018-07-03 14:15:00,39.6
2018-07-03 14:30:00,48.6
2018-07-03 14:45:00,56.2
2018-07-03 15:00:00,58.2
2018-07-03 15:15:00,47.0
2018-07-03 15:30:00,51.6
2018-07-03 15:45:00,45.0
2018-07-03 16:00:00,37.2
2018-07-03 16:15:00,26.6
2018-07-03 16:30:00,25.7
2018-07-03 16:45:00,25.3
2018-07-03 17:00:00,25.8
2018-07-03 17:15:00,23.8
2018-07-03 17:30:00,21.9
2018-07-03 17:45:00,26.5
2018-07-03 18:00:00,23.4
2018-07-03 18:15:00,29.3
2018-07-03 18:30:00,26.2
2018-07-03 18:45:00,28.6
2018-07-03 19:00:00,23.4
2018-07-03 19:15:00,20.9
2018-07-03 19:30:00,24.6
2018-07-03 19:45:00,34.0
2018-07-03 20:00:00,22.7
2018-07-03 20:15:00,34.0
2018-07-03 20:30:00,31.3
2018-07-03 20:45:00,26.7
2018-07-03 21:00:00,30.8
2018-07-03 21:15:00,34.2
2018-07-03 21:30:00,33.0
2018-07-03 21:45:00,37.9
2018-07-03 22:00:00,31.2
2018-07-03 22:15:00,35.8
2018-07-03 22:30:00,36.8
2018-07-03 22:45:00,35.1
2018-07-03 23:00:00,40.6
2018-07-03 23:15:00,27.9
2018-07-03 23:30:00,29.0
2018-07-03 23:45:00,24.0
2018-07-04 00:00:00,16.1
2018-07-04 00:15:00,15.3
2018-07-04 00:30:00,10.9
2018-07-04 00:45:00,9.9
2018-07-04 01:00:00,6.9
2018-07-04 01:15:00,4.1
2018-07-04 01:30:00,2.9
2018-07-04 01:45:00,2.2
2018-07-04 02:00:00,3.0
2018-07-04 02:15:00,3.1
2018-07-04 02:30:00,8.5
2018-07-04 02:45:00,23.3
2018-07-04 03:00:00,41.2
2018-07-04 03:15:00,50.7
2018-07-04 03:30:00,63.5
2018-07-04 03:45:00,63.5
2018-07-04 04:00:00,61.8
2018-07-04 04:15:00,69.6
2018-07-04 04:30:00,82.6
2018-07-04 04:45:00,101.2
2018-07-04 05:00:00,127.7
2018-07-04 05:15:00,145.5
2018-07-04 05:30:00,153.9
2018-07-04 05:45:00,146.4
2018-07-04 06:00:00,116.8
2018-07-04 06:15:00,101.2
2018-07-04 06:30:00,82.39999
2018-07-04 06:45:00,93.7
2018-07-04 07:00:00,91.39999
2018-07-04 07:15:00,93.89999
2018-07-04 07:30:00,89.6
2018-07-04 07:45:00,90.6
2018-07-04 08:00:00,83.89999
2018-07-04 08:15:00,70.7
2018-07-04 08:30:00,64.6
2018-07-04 08:45:00,60.5
2018-07-04 09:00:00,59.5
2018-07-04 09:15:00,46.0
2018-07-04 09:30:00,36.5
2018-07-04 09:45:00,33.5
2018-07-04 10:00:00,31.4
2018-07-04 10:15:00,26.6
2018-07-04 10:30:00,31.3
2018-07-04 10:45:00,32.9
2018-07-04 11:00:00,36.8
2018-07-04 11:15:00,38.1
2018-07-04 11:30:00,38.4
2018-07-04 11:45:00,39.3
2018-07-04 12:00:00,38.5
2018-07-04 12:15:00,38.6
2018-07-04 12:30:00,37.8
2018-07-04 12:45:00,34.2
2018-07-04 13:00:00,31.5
2018-07-04 13:15:00,27.5
2018-07-04 13:30:00,23.7
2018-07-04 13:45:00,25.6
2018-07-04 14:00:00,20.5
2018-07-04 14:15:00,25.9
2018-07-04 14:30:00,32.8
2018-07-04 14:45:00,35.3
2018-07-04 15:00:00,38.1
2018-07-04 15:15:00,35.2
2018-07-04 15:30:00,36.3
2018-07-04 15:45:00,28.5
2018-07-04 16:00:00,18.8
2018-07-04 16:15:00,17.8
2018-07-04 16:30:00,13.6
2018-07-04 16:45:00,9.5
2018-07-04 17:00:00,3.7
2018-07-04 17:15:00,0.0
2018-07-04 17:30:00,0.0
2018-07-04 17:45:00,0.0
2018-07-04 18:00:00,0.0
2018-07-04 18:15:00,0.0
2018-07-04 18:30:00,0.0
2018-07-04 18:45:00,1.8
2018-07-04 19:00:00,6.5
2018-07-04 19:15:00,5.7
2018-07-04 19:30:00,1.5
2018-07-04 19:45:00,6.5
2018-07-04 20:00:00,5.5
2018-07-04 20:15:00,17.1
2018-07-04 20:30:00,36.8
2018-07-04 20:45:00,52.0
2018-07-04 21:00:00,22.5
2018-07-04 21:15:00,30.1
2018-07-04 21:30:00,21.5
2018-07-04 21:45:00,45.2
2018-07-04 22:00:00,48.0
2018-07-04 22:15:00,48.6
2018-07-04 22:30:00,59.7
2018-07-04 22:45:00,63.3
2018-07-04 23:00:00,76.0
2018-07-04 23:15:00,61.5
2018-07-04 23:30:00,44.2
2018-07-04 23:45:00,55.9
2018-07-05 00:00:00,49.9
2018-07-05 00:15:00,44.8
2018-07-05 00:30:00,59.2
2018-07-05 00:45:00,50.3
2018-07-05 01:00:00,67.1
2018-07-05 01:15:00,57.5
2018-07-05 01:30:00,52.9
2018-07-05 01:45:00,61.8
2018-07-05 02:00:00,78.1
2018-07-05 02:15:00,83.0
2018-07-05 02:30:00,56.4
2018-07-05 02:45:00,48.6
2018-07-05 03:00:00,40.8
2018-07-05 03:15:00,32.1
2018-07-05 03:30:00,27.8
2018-07-05 03:45:00,27.8
2018-07-05 04:00:00,27.8
2018-07-05 04:15:00,27.8
2018-07-05 04:30:00,27.8
2018-07-05 04:45:00,27.8
2018-07-05 05:00:00,27.8
2018-07-05 05:15:00,27.8
2018-07-05 05:30:00,27.8
2018-07-05 05:45:00,27.8
2018-07-05 06:00:00,27.8
2018-07-05 06:15:00,27.8
2018-07-05 06:30:00,27.8
2018-07-05 06:45:00,27.8
2018-07-05 07:00:00,27.8
2018-07-05 07:15:00,27.8
2018-07-05 07:30:00,27.8
2018-07-05 07:45:00,27.8
2018-07-05 08:00:00,27.8
2018-07-05 08:15:00,27.8
2018-07-05 08:30:00,27.8
2018-07-05 08:45:00,27.8
2018-07-05 09:00:00,27.8
2018-07-05 09:15:00,27.8
2018-07-05 09:30:00,27.8
2018-07-05 09:45:00,27.8
2018-07-05 10:00:00,27.8
2018-07-05 10:15:00,27.8
2018-07-05 10:30:00,27.8
2018-07-05 10:45:00,1.0
2018-07-05 11:00:00,2.0
2018-07-05 11:15:00,9.0
2018-07-05 11:30:00,9.0
2018-07-05 11:45:00,11.5
2018-07-05 12:00:00,11.0
2018-07-05 12:15:00,11.0
2018-07-05 12:30:00,23.0
2018-07-05 12:45:00,23.0
2018-07-05 13:00:00,16.0
2018-07-05 13:15:00,21.0
2018-07-05 13:30:00,21.0
2018-07-05 13:45:00,21.0
2018-07-05 14:00:00,14.4
2018-07-05 14:15:00,16.8
2018-07-05 14:30:00,15.3
2018-07-05 14:45:00,14.4
2018-07-05 15:00:00,15.3
2018-07-05 15:15:00,13.5
2018-07-05 15:30:00,13.6
2018-07-05 15:45:00,14.8
2018-07-05 16:00:00,11.7
2018-07-05 16:15:00,13.2
2018-07-05 16:30:00,17.7
2018-07-05 16:45:00,18.2
2018-07-05 17:00:00,18.6
2018-07-05 17:15:00,12.6
2018-07-05 17:30:00,13.9
2018-07-05 17:45:00,16.7
2018-07-05 18:00:00,14.1
2018-07-05 18:15:00,16.5
2018-07-05 18:30:00,23.9
2018-07-05 18:45:00,31.8
2018-07-05 19:00:00,26.4
2018-07-05 19:15:00,27.7
2018-07-05 19:30:00,32.5
2018-07-05 19:45:00,23.2
2018-07-05 20:00:00,33.4
2018-07-05 20:15:00,23.9
2018-07-05 20:30:00,18.3
2018-07-05 20:45:00,20.1
2018-07-05 21:00:00,20.1
2018-07-05 21:15:00,20.1
2018-07-05 21:30:00,20.1
2018-07-05 21:45:00,20.1
2018-07-05 22:00:00,20.1
2018-07-05 22:15:00,20.1
2018-07-05 22:30:00,20.1
2018-07-05 22:45:00,20.1
2018-07-05 23:00:00,20.1
2018-07-05 23:15:00,20.1
2018-07-05 23:30:00,20.1
2018-07-05 23:45:00,20.1
2018-07-06 00:00:00,20.1
2018-07-06 00:15:00,20.1
2018-07-06 00:30:00,20.1
2018-07-06 00:45:00,20.1
2018-07-06 01:00:00,20.1
2018-07-06 01:15:00,20.1
2018-07-06 01:30:00,20.1
2018-07-06 01:45:00,4.0
2018-07-06 02:00:00,4.0
2018-07-06 02:15:00,4.0
2018-07-06 02:30:00,4.0
2018-07-06 02:45:00,4.0
2018-07-06 03:00:00,4.0
2018-07-06 03:15:00,4.0
2018-07-06 03:30:00,4.0
2018-07-06 03:45:00,4.0
2018-07-06 04:00:00,4.0
2018-07-06 04:15:00,4.0
2018-07-06 04:30:00,4.0
2018-07-06 04:45:00,4.0
2018-07-06 05:00:00,4.0
2018-07-06 05:15:00,4.0
2018-07-06 05:30:00,4.0
2018-07-06 05:45:00,4.0
2018-07-06 06:00:00,4.0
2018-07-06 06:15:00,4.0
2018-07-06 06:30:00,4.0
2018-07-06 06:45:00,4.0
2018-07-06 07:00:00,4.0
2018-07-06 07:15:00,4.0
2018-07-06 07:30:00,4.0
2018-07-06 07:45:00,4.0
2018-07-06 08:00:00,19.7
2018-07-06 08:15:00,19.7
2018-07-06 08:30:00,5.5
2018-07-06 08:45:00,5.5
2018-07-06 09:00:00,5.5
2018-07-06 09:15:00,5.5
2018-07-06 09:30:00,5.5
2018-07-06 09:45:00,5.5
2018-07-06 10:00:00,5.5
2018-07-06 10:15:00,5.5
2018-07-06 10:30:00,0.0
2018-07-06 10:45:00,0.0
2018-07-06 11:00:00,0.0
2018-07-06 11:15:00,0.0
2018-07-06 11:30:00,0.0
2018-07-06 11:45:00,0.0
2018-07-06 12:00:00,0.0
2018-07-06 12:15:00,0.0
2018-07-06 12:30:00,0.0
2018-07-06 12:45:00,0.0
2018-07-06 13:00:00,0.0
2018-07-06 13:15:00,0.0
2018-07-06 13:30:00,0.0
2018-07-06 13:45:00,0.0
2018-07-06 14:00:00,0.0
2018-07-06 14:15:00,0.0
2018-07-06 14:30:00,0.0
2018-07-06 14:45:00,0.0
2018-07-06 15:00:00,0.0
2018-07-06 15:15:00,0.0
2018-07-06 15:30:00,0.0
2018-07-06 15:45:00,0.0
2018-07-06 16:00:00,0.0
2018-07-06 16:15:00,0.0
2018-07-06 16:30:00,0.0
2018-07-06 16:45:00,0.0
2018-07-06 17:00:00,20.0
2018-07-06 17:15:00,20.0
2018-07-06 17:30:00,25.0
2018-07-06 17:45:00,25.0
2018-07-06 18:00:00,30.0
2018-07-06 18:15:00,30.0
2018-07-06 18:30:00,23.0
2018-07-06 18:45:00,20.0
2018-07-06 19:00:00,20.0
2018-07-06 19:15:00,20.0
2018-07-06 19:30:00,20.0
2018-07-06 19:45:00,20.0
2018-07-06 20:00:00,20.0
2018-07-06 20:15:00,20.0
2018-07-06 20:30:00,20.0
2018-07-06 20:45:00,12.0
2018-07-06 21:00:00,12.0
2018-07-06 21:15:00,12.0
2018-07-06 21:30:00,8.0
2018-07-06 21:45:00,8.0
2018-07-06 22:00:00,8.0
2018-07-06 22:15:00,14.0
2018-07-06 22:30:00,14.0
2018-07-06 22:45:00,14.0
2018-07-06 23:00:00,88.0
2018-07-06 23:15:00,62.0
2018-07-06 23:30:00,27.0
2018-07-06 23:45:00,27.0
2018-07-07 00:00:00,10.9
2018-07-07 00:15:00,15.6
2018-07-07 00:30:00,13.5
2018-07-07 00:45:00,11.0
2018-07-07 01:00:00,10.4
2018-07-07 01:15:00,7.5
2018-07-07 01:30:00,7.6
2018-07-07 01:45:00,4.9
2018-07-07 02:00:00,4.4
2018-07-07 02:15:00,47.8
2018-07-07 02:30:00,28.2
2018-07-07 02:45:00,138.2
2018-07-07 03:00:00,15.3
2018-07-07 03:15:00,0.0
2018-07-07 03:30:00,0.0
2018-07-07 03:45:00,0.0
2018-07-07 04:00:00,0.0
2018-07-07 04:15:00,1.5
2018-07-07 04:30:00,12.7
2018-07-07 04:45:00,0.9
2018-07-07 05:00:00,0.0
2018-07-07 05:15:00,0.0
2018-07-07 05:30:00,0.0
2018-07-07 05:45:00,0.0
2018-07-07 06:00:00,0.0
2018-07-07 06:15:00,0.0
2018-07-07 06:30:00,0.0
2018-07-07 06:45:00,0.0
2018-07-07 07:00:00,0.0
2018-07-07 07:15:00,0.0
2018-07-07 07:30:00,0.0
2018-07-07 07:45:00,0.0
2018-07-07 08:00:00,0.0
2018-07-07 08:15:00,0.0
2018-07-07 08:30:00,0.0
2018-07-07 08:45:00,0.0
2018-07-07 09:00:00,0.0
2018-07-07 09:15:00,0.0
2018-07-07 09:30:00,0.0
2018-07-07 09:45:00,0.0
2018-07-07 10:00:00,0.0
2018-07-07 10:15:00,0.0
2018-07-07 10:30:00,0.0
2018-07-07 10:45:00,0.0
2018-07-07 11:00:00,0.0
2018-07-07 11:15:00,0.0
2018-07-07 11:30:00,0.0
2018-07-07 11:45:00,0.0
2018-07-07 12:00:00,0.0
2018-07-07 12:15:00,0.0
2018-07-07 12:30:00,0.0
2018-07-07 12:45:00,0.0
2018-07-07 13:00:00,0.0
2018-07-07 13:15:00,9.0
2018-07-07 13:30:00,9.0
2018-07-07 13:45:00,9.0
2018-07-07 14:00:00,9.0
2018-07-07 14:15:00,9.0
2018-07-07 14:30:00,9.0
2018-07-07 14:45:00,9.0
2018-07-07 15:00:00,9.0
2018-07-07 15:15:00,9.0
2018-07-07 15:30:00,9.0
2018-07-07 15:45:00,9.0
2018-07-07 16:00:00,9.0
2018-07-07 16:15:00,9.0
2018-07-07 16:30:00,9.0
2018-07-07 16:45:00,9.0
2018-07-07 17:00:00,9.0
2018-07-07 17:15:00,9.0
2018-07-07 17:30:00,9.0
2018-07-07 17:45:00,9.0
2018-07-07 18:00:00,9.0
2018-07-07 18:15:00,9.0
2018-07-07 18:30:00,0.0
2018-07-07 18:45:00,0.0
2018-07-07 19:00:00,0.0
2018-07-07 19:15:00,0.0
2018-07-07 19:30:00,0.0
2018-07-07 19:45:00,4.0
2018-07-07 20:00:00,4.0
2018-07-07 20:15:00,4.0
2018-07-07 20:30:00,4.0
2018-07-07 20:45:00,4.0
2018-07-07 21:00:00,4.0
2018-07-07 21:15:00,4.0
2018-07-07 21:30:00,4.0
2018-07-07 21:45:00,4.0
2018-07-07 22:00:00,4.0
2018-07-07 22:15:00,44.0
2018-07-07 22:30:00,44.0
2018-07-07 22:45:00,44.0
2018-07-07 23:00:00,36.3
2018-07-07 23:15:00,36.3
2018-07-07 23:30:00,44.2
2018-07-07 23:45:00,153.0
2018-07-08 00:00:00,119.8
2018-07-08 00:15:00,82.5
2018-07-08 00:30:00,27.4
2018-07-08 00:45:00,17.3
2018-07-08 01:00:00,10.1
2018-07-08 01:15:00,0.0
2018-07-08 01:30:00,16.5
2018-07-08 01:45:00,1.2
2018-07-08 02:00:00,14.5
2018-07-08 02:15:00,44.8
2018-07-08 02:30:00,13.8
2018-07-08 02:45:00,4.9
2018-07-08 03:00:00,0.7
2018-07-08 03:15:00,0.0
2018-07-08 03:30:00,0.0
2018-07-08 03:45:00,0.0
2018-07-08 04:00:00,0.0
2018-07-08 04:15:00,0.0
2018-07-08 04:30:00,0.0
2018-07-08 04:45:00,0.0
2018-07-08 05:00:00,0.0
2018-07-08 05:15:00,0.0
2018-07-08 05:30:00,0.0
2018-07-08 05:45:00,0.0
2018-07-08 06:00:00,0.0
2018-07-08 06:15:00,0.0
2018-07-08 06:30:00,2.7
2018-07-08 06:45:00,7.3
2018-07-08 07:00:00,3.8
2018-07-08 07:15:00,1.1
2018-07-08 07:30:00,0.0
2018-07-08 07:45:00,0.0
2018-07-08 08:00:00,0.0
2018-07-08 08:15:00,0.0
2018-07-08 08:30:00,0.0
2018-07-08 08:45:00,0.0
2018-07-08 09:00:00,0.0
2018-07-08 09:15:00,0.0
2018-07-08 09:30:00,0.0
2018-07-08 09:45:00,0.0
2018-07-08 10:00:00,0.0
2018-07-08 10:15:00,0.0
2018-07-08 10:30:00,0.0
2018-07-08 10:45:00,0.0
2018-07-08 11:00:00,0.0
2018-07-08 11:15:00,0.0
2018-07-08 11:30:00,0.0
2018-07-08 11:45:00,0.0
2018-07-08 12:00:00,0.0
2018-07-08 12:15:00,0.0
2018-07-08 12:30:00,0.0
2018-07-08 12:45:00,0.0
2018-07-08 13:00:00,0.0
2018-07-08 13:15:00,0.0
2018-07-08 13:30:00,0.0
2018-07-08 13:45:00,0.0
2018-07-08 14:00:00,0.0
2018-07-08 14:15:00,0.0
2018-07-08 14:30:00,0.0
2018-07-08 14:45:00,0.0
2018-07-08 15:00:00,0.0
2018-07-08 15:15:00,0.0
2018-07-08 15:30:00,0.0
2018-07-08 15:45:00,0.0
2018-07-08 16:00:00,0.0
2018-07-08 16:15:00,0.0
2018-07-08 16:30:00,0.0
2018-07-08 16:45:00,0.0
2018-07-08 17:00:00,19.3
2018-07-08 17:15:00,29.7
2018-07-08 17:30:00,4.5
2018-07-08 17:45:00,9.1
2018-07-08 18:00:00,27.8
2018-07-08 18:15:00,4.3
2018-07-08 18:30:00,0.0
2018-07-08 18:45:00,0.0
2018-07-08 19:00:00,0.0
2018-07-08 19:15:00,0.0
2018-07-08 19:30:00,0.0
2018-07-08 19:45:00,0.0
2018-07-08 20:00:00,5.5
2018-07-08 20:15:00,3.8
2018-07-08 20:30:00,17.9
2018-07-08 20:45:00,17.4
2018-07-08 21:00:00,11.9
2018-07-08 21:15:00,4.5
2018-07-08 21:30:00,4.0
2018-07-08 21:45:00,12.1
2018-07-08 22:00:00,10.6
2018-07-08 22:15:00,14.4
2018-07-08 22:30:00,18.9
2018-07-08 22:45:00,17.1
2018-07-08 23:00:00,12.7
2018-07-08 23:15:00,7.5
2018-07-08 23:30:00,4.8
2018-07-08 23:45:00,1.7
2018-07-09 00:00:00,4.3
2018-07-09 00:15:00,9.9
2018-07-09 00:30:00,5.2
2018-07-09 00:45:00,3.9
2018-07-09 01:00:00,2.7
2018-07-09 01:15:00,7.3
2018-07-09 01:30:00,21.4
2018-07-09 01:45:00,15.0
2018-07-09 02:00:00,9.3
2018-07-09 02:15:00,1.4
2018-07-09 02:30:00,9.8
2018-07-09 02:45:00,57.4
2018-07-09 03:00:00,43.5
2018-07-09 03:15:00,37.7
2018-07-09 03:30:00,27.5
2018-07-09 03:45:00,31.7
2018-07-09 04:00:00,31.2
2018-07-09 04:15:00,42.4
2018-07-09 04:30:00,50.6
2018-07-09 04:45:00,38.8
2018-07-09 05:00:00,37.7
2018-07-09 05:15:00,36.3
2018-07-09 05:30:00,38.1
2018-07-09 05:45:00,21.2
2018-07-09 06:00:00,18.8
2018-07-09 06:15:00,12.2
2018-07-09 06:30:00,13.7
2018-07-09 06:45:00,15.4
2018-07-09 07:00:00,21.2
2018-07-09 07:15:00,15.5
2018-07-09 07:30:00,12.4
2018-07-09 07:45:00,6.0
2018-07-09 08:00:00,2.0
2018-07-09 08:15:00,0.1
2018-07-09 08:30:00,0.0
2018-07-09 08:45:00,0.0
2018-07-09 09:00:00,0.0
2018-07-09 09:15:00,0.0
2018-07-09 09:30:00,0.7
2018-07-09 09:45:00,3.0
2018-07-09 10:00:00,2.9
2018-07-09 10:15:00,2.7
2018-07-09 10:30:00,0.5
2018-07-09 10:45:00,0.0
2018-07-09 11:00:00,0.0
2018-07-09 11:15:00,0.0
2018-07-09 11:30:00,0.0
2018-07-09 11:45:00,0.0
2018-07-09 12:00:00,0.0
2018-07-09 12:15:00,0.0
2018-07-09 12:30:00,0.0
2018-07-09 12:45:00,0.0
2018-07-09 13:00:00,0.0
2018-07-09 13:15:00,0.0
2018-07-09 13:30:00,0.0
2018-07-09 13:45:00,0.0
2018-07-09 14:00:00,0.0
2018-07-09 14:15:00,0.0
2018-07-09 14:30:00,0.0
2018-07-09 14:45:00,0.0
2018-07-09 15:00:00,0.0
2018-07-09 15:15:00,0.0
2018-07-09 15:30:00,0.0
2018-07-09 15:45:00,0.0
2018-07-09 16:00:00,0.0
2018-07-09 16:15:00,0.0
2018-07-09 16:30:00,0.0
2018-07-09 16:45:00,0.0
2018-07-09 17:00:00,0.0
2018-07-09 17:15:00,8.6
2018-07-09 17:30:00,39.4
2018-07-09 17:45:00,26.3
2018-07-09 18:00:00,7.4
2018-07-09 18:15:00,1.9
2018-07-09 18:30:00,0.0
2018-07-09 18:45:00,0.0
2018-07-09 19:00:00,0.0
2018-07-09 19:15:00,1.9
2018-07-09 19:30:00,8.4
2018-07-09 19:45:00,5.4
2018-07-09 20:00:00,60.2
2018-07-09 20:15:00,66.6
2018-07-09 20:30:00,27.7
2018-07-09 20:45:00,17.6
2018-07-09 21:00:00,12.6
2018-07-09 21:15:00,6.6
2018-07-09 21:30:00,9.4
2018-07-09 21:45:00,11.6
2018-07-09 22:00:00,11.4
2018-07-09 22:15:00,13.3
2018-07-09 22:30:00,21.3
2018-07-09 22:45:00,20.5
2018-07-09 23:00:00,30.9
2018-07-09 23:15:00,31.9
2018-07-09 23:30:00,24.6
2018-07-09 23:45:00,29.6
2018-07-10 00:00:00,27.0
2018-07-10 00:15:00,18.3
2018-07-10 00:30:00,18.1
2018-07-10 00:45:00,15.3
2018-07-10 01:00:00,19.8
2018-07-10 01:15:00,19.3
2018-07-10 01:30:00,21.3
2018-07-10 01:45:00,22.3
2018-07-10 02:00:00,23.0
2018-07-10 02:15:00,23.9
2018-07-10 02:30:00,21.5
2018-07-10 02:45:00,27.2
2018-07-10 03:00:00,32.5
2018-07-10 03:15:00,20.3
2018-07-10 03:30:00,12.4
2018-07-10 03:45:00,11.1
2018-07-10 04:00:00,4.1
2018-07-10 04:15:00,2.5
2018-07-10 04:30:00,0.4
2018-07-10 04:45:00,0.6
2018-07-10 05:00:00,5.5
2018-07-10 05:15:00,5.2
2018-07-10 05:30:00,11.5
2018-07-10 05:45:00,15.8
2018-07-10 06:00:00,10.9
2018-07-10 06:15:00,7.5
2018-07-10 06:30:00,5.9
2018-07-10 06:45:00,7.1
2018-07-10 07:00:00,8.7
2018-07-10 07:15:00,4.8
2018-07-10 07:30:00,4.7
2018-07-10 07:45:00,5.5
2018-07-10 08:00:00,9.0
2018-07-10 08:15:00,13.6
2018-07-10 08:30:00,11.2
2018-07-10 08:45:00,13.7
2018-07-10 09:00:00,10.6
2018-07-10 09:15:00,14.4
2018-07-10 09:30:00,15.0
2018-07-10 09:45:00,14.5
2018-07-10 10:00:00,12.2
2018-07-10 10:15:00,12.0
2018-07-10 10:30:00,7.9
2018-07-10 10:45:00,9.4
2018-07-10 11:00:00,8.7
2018-07-10 11:15:00,12.2
2018-07-10 11:30:00,17.3
2018-07-10 11:45:00,21.4
2018-07-10 12:00:00,15.4
2018-07-10 12:15:00,14.0
2018-07-10 12:30:00,13.4
2018-07-10 12:45:00,11.9
2018-07-10 13:00:00,9.9
2018-07-10 13:15:00,7.7
2018-07-10 13:30:00,8.4
2018-07-10 13:45:00,8.3
2018-07-10 14:00:00,19.4
2018-07-10 14:15:00,38.0
2018-07-10 14:30:00,41.7
2018-07-10 14:45:00,32.4
2018-07-10 15:00:00,24.9
2018-07-10 15:15:00,24.0
2018-07-10 15:30:00,21.4
2018-07-10 15:45:00,18.3
2018-07-10 16:00:00,14.4
2018-07-10 16:15:00,18.2
2018-07-10 16:30:00,18.1
2018-07-10 16:45:00,14.0
2018-07-10 17:00:00,19.9
2018-07-10 17:15:00,29.4
2018-07-10 17:30:00,33.3
2018-07-10 17:45:00,29.2
2018-07-10 18:00:00,28.7
2018-07-10 18:15:00,15.5
2018-07-10 18:30:00,4.5
2018-07-10 18:45:00,12.6
2018-07-10 19:00:00,12.7
2018-07-10 19:15:00,13.3
2018-07-10 19:30:00,16.9
2018-07-10 19:45:00,10.2
2018-07-10 20:00:00,0.0
2018-07-10 20:15:00,0.0
2018-07-10 20:30:00,0.0
2018-07-10 20:45:00,0.8
2018-07-10 21:00:00,8.4
2018-07-10 21:15:00,11.2
2018-07-10 21:30:00,14.3
2018-07-10 21:45:00,17.6
2018-07-10 22:00:00,16.0
2018-07-10 22:15:00,8.9
2018-07-10 22:30:00,10.8
2018-07-10 22:45:00,6.4
2018-07-10 23:00:00,12.4
2018-07-10 23:15:00,14.2
2018-07-10 23:30:00,9.6
2018-07-10 23:45:00,6.1
2018-07-11 00:00:00,1.2
2018-07-11 00:15:00,1.1
2018-07-11 00:30:00,4.0
2018-07-11 00:45:00,6.8
2018-07-11 01:00:00,10.1
2018-07-11 01:15:00,8.6
2018-07-11 01:30:00,6.7
2018-07-11 01:45:00,4.9
2018-07-11 02:00:00,5.4
2018-07-11 02:15:00,8.3
2018-07-11 02:30:00,7.2
2018-07-11 02:45:00,4.6
2018-07-11 03:00:00,5.3
2018-07-11 03:15:00,12.2
2018-07-11 03:30:00,22.8
2018-07-11 03:45:00,20.6
2018-07-11 04:00:00,16.2
2018-07-11 04:15:00,18.6
2018-07-11 04:30:00,23.8
2018-07-11 04:45:00,28.8
2018-07-11 05:00:00,26.5
2018-07-11 05:15:00,37.0
2018-07-11 05:30:00,41.0
2018-07-11 05:45:00,57.4
2018-07-11 06:00:00,56.6
2018-07-11 06:15:00,48.9
2018-07-11 06:30:00,49.6
2018-07-11 06:45:00,43.2
2018-07-11 07:00:00,32.5
2018-07-11 07:15:00,34.3
2018-07-11 07:30:00,28.5
2018-07-11 07:45:00,23.3
2018-07-11 08:00:00,20.7
2018-07-11 08:15:00,20.8
2018-07-11 08:30:00,19.5
2018-07-11 08:45:00,16.6
2018-07-11 09:00:00,20.2
2018-07-11 09:15:00,19.6
2018-07-11 09:30:00,19.2
2018-07-11 09:45:00,16.5
2018-07-11 10:00:00,12.9
2018-07-11 10:15:00,15.5
2018-07-11 10:30:00,15.1
2018-07-11 10:45:00,22.0
2018-07-11 11:00:00,24.2
2018-07-11 11:15:00,26.3
2018-07-11 11:30:00,28.6
2018-07-11 11:45:00,25.5
2018-07-11 12:00:00,27.8
2018-07-11 12:15:00,27.9
2018-07-11 12:30:00,27.5
2018-07-11 12:45:00,29.8
2018-07-11 13:00:00,21.6
2018-07-11 13:15:00,17.6
2018-07-11 13:30:00,18.2
2018-07-11 13:45:00,16.0
2018-07-11 14:00:00,22.0
2018-07-11 14:15:00,28.0
2018-07-11 14:30:00,26.8
2018-07-11 14:45:00,28.6
2018-07-11 15:00:00,24.5
2018-07-11 15:15:00,14.9
2018-07-11 15:30:00,10.4
2018-07-11 15:45:00,9.1
2018-07-11 16:00:00,10.4
2018-07-11 16:15:00,12.5
2018-07-11 16:30:00,10.4
2018-07-11 16:45:00,8.4
2018-07-11 17:00:00,10.6
2018-07-11 17:15:00,11.3
2018-07-11 17:30:00,14.9
2018-07-11 17:45:00,27.7
2018-07-11 18:00:00,52.6
2018-07-11 18:15:00,60.3
2018-07-11 18:30:00,59.2
2018-07-11 18:45:00,62.0
2018-07-11 19:00:00,71.7
2018-07-11 19:15:00,60.0
2018-07-11 19:30:00,63.0
2018-07-11 19:45:00,57.9
2018-07-11 20:00:00,60.1
2018-07-11 20:15:00,59.9
2018-07-11 20:30:00,38.6
2018-07-11 20:45:00,64.0
2018-07-11 21:00:00,49.7
2018-07-11 21:15:00,49.6
2018-07-11 21:30:00,56.7
2018-07-11 21:45:00,38.4
2018-07-11 22:00:00,50.1
2018-07-11 22:15:00,43.8
2018-07-11 22:30:00,50.1
2018-07-11 22:45:00,33.2
2018-07-11 23:00:00,48.1
2018-07-11 23:15:00,40.9
2018-07-11 23:30:00,47.4
2018-07-11 23:45:00,34.2
2018-07-12 00:00:00,39.5
2018-07-12 00:15:00,27.8
2018-07-12 00:30:00,29.6
2018-07-12 00:45:00,25.9
2018-07-12 01:00:00,20.5
2018-07-12 01:15:00,18.1
2018-07-12 01:30:00,16.8
2018-07-12 01:45:00,20.8
2018-07-12 02:00:00,21.8
2018-07-12 02:15:00,17.2
2018-07-12 02:30:00,20.9
2018-07-12 02:45:00,22.2
2018-07-12 03:00:00,26.2
2018-07-12 03:15:00,41.0
2018-07-12 03:30:00,51.9
2018-07-12 03:45:00,62.7
2018-07-12 04:00:00,73.5
2018-07-12 04:15:00,102.8
2018-07-12 04:30:00,103.89999
2018-07-12 04:45:00,59.2
2018-07-12 05:00:00,90.7
2018-07-12 05:15:00,103.6
2018-07-12 05:30:00,119.7
2018-07-12 05:45:00,116.0
2018-07-12 06:00:00,114.39999
2018-07-12 06:15:00,111.3
2018-07-12 06:30:00,101.6
2018-07-12 06:45:00,85.3
2018-07-12 07:00:00,77.3
2018-07-12 07:15:00,75.3
2018-07-12 07:30:00,73.3
2018-07-12 07:45:00,71.6
2018-07-12 08:00:00,56.0
2018-07-12 08:15:00,57.4
2018-07-12 08:30:00,58.9
2018-07-12 08:45:00,57.5
2018-07-12 09:00:00,43.3
2018-07-12 09:15:00,40.3
2018-07-12 09:30:00,36.4
2018-07-12 09:45:00,36.5
2018-07-12 10:00:00,37.0
2018-07-12 10:15:00,33.7
2018-07-12 10:30:00,33.7
2018-07-12 10:45:00,32.5
2018-07-12 11:00:00,34.4
2018-07-12 11:15:00,39.3
2018-07-12 11:30:00,41.1
2018-07-12 11:45:00,36.4
2018-07-12 12:00:00,36.9
2018-07-12 12:15:00,37.2
2018-07-12 12:30:00,32.9
2018-07-12 12:45:00,29.3
2018-07-12 13:00:00,23.1
2018-07-12 13:15:00,16.4
2018-07-12 13:30:00,13.2
2018-07-12 13:45:00,16.9
2018-07-12 14:00:00,23.7
2018-07-12 14:15:00,28.6
2018-07-12 14:30:00,21.7
2018-07-12 14:45:00,21.9
2018-07-12 15:00:00,18.1
2018-07-12 15:15:00,11.7
2018-07-12 15:30:00,3.1
2018-07-12 15:45:00,0.0
2018-07-12 16:00:00,0.0
2018-07-12 16:15:00,0.0
2018-07-12 16:30:00,0.0
2018-07-12 16:45:00,0.0
2018-07-12 17:00:00,0.0
2018-07-12 17:15:00,0.0
2018-07-12 17:30:00,1.7
2018-07-12 17:45:00,3.8
2018-07-12 18:00:00,5.1
2018-07-12 18:15:00,4.7
2018-07-12 18:30:00,6.5
2018-07-12 18:45:00,9.8
2018-07-12 19:00:00,23.8
2018-07-12 19:15:00,20.0
2018-07-12 19:30:00,18.7
2018-07-12 19:45:00,22.2
2018-07-12 20:00:00,25.1
2018-07-12 20:15:00,30.1
2018-07-12 20:30:00,40.4
2018-07-12 20:45:00,22.7
2018-07-12 21:00:00,28.3
2018-07-12 21:15:00,28.0
2018-07-12 21:30:00,28.3
2018-07-12 21:45:00,29.7
2018-07-12 22:00:00,28.8
2018-07-12 22:15:00,34.3
2018-07-12 22:30:00,34.6
2018-07-12 22:45:00,41.9
2018-07-12 23:00:00,44.0
2018-07-12 23:15:00,31.6
2018-07-12 23:30:00,34.5
2018-07-12 23:45:00,26.4
2018-07-13 00:00:00,25.1
2018-07-13 00:15:00,26.4
2018-07-13 00:30:00,19.9
2018-07-13 00:45:00,14.1
2018-07-13 01:00:00,14.4
2018-07-13 01:15:00,13.6
2018-07-13 01:30:00,14.0
2018-07-13 01:45:00,13.1
2018-07-13 02:00:00,15.2
2018-07-13 02:15:00,17.0
2018-07-13 02:30:00,16.0
2018-07-13 02:45:00,17.8
2018-07-13 03:00:00,31.6
2018-07-13 03:15:00,41.1
2018-07-13 03:30:00,42.9
2018-07-13 03:45:00,55.0
2018-07-13 04:00:00,70.3
2018-07-13 04:15:00,75.39999
2018-07-13 04:30:00,103.3
2018-07-13 04:45:00,144.09999
2018-07-13 05:00:00,127.89999
2018-07-13 05:15:00,124.0
2018-07-13 05:30:00,128.09999
2018-07-13 05:45:00,135.29999
2018-07-13 06:00:00,127.1
2018-07-13 06:15:00,121.7
2018-07-13 06:30:00,113.2
2018-07-13 06:45:00,105.3
2018-07-13 07:00:00,90.39999
2018-07-13 07:15:00,66.6
2018-07-13 07:30:00,71.39999
2018-07-13 07:45:00,81.0
2018-07-13 08:00:00,96.0
2018-07-13 08:15:00,79.8
2018-07-13 08:30:00,69.5
2018-07-13 08:45:00,72.8
2018-07-13 09:00:00,76.8
2018-07-13 09:15:00,79.0
2018-07-13 09:30:00,79.1
2018-07-13 09:45:00,92.0
2018-07-13 10:00:00,82.6
2018-07-13 10:15:00,89.0
2018-07-13 10:30:00,67.7
2018-07-13 10:45:00,62.5
2018-07-13 11:00:00,56.7
2018-07-13 11:15:00,70.3
2018-07-13 11:30:00,63.9
2018-07-13 11:45:00,50.4
2018-07-13 12:00:00,55.2
2018-07-13 12:15:00,64.8
2018-07-13 12:30:00,59.2
2018-07-13 12:45:00,45.4
2018-07-13 13:00:00,49.1
2018-07-13 13:15:00,57.0
2018-07-13 13:30:00,48.1
2018-07-13 13:45:00,59.5
2018-07-13 14:00:00,64.8
2018-07-13 14:15:00,69.0
2018-07-13 14:30:00,68.6
2018-07-13 14:45:00,90.89999
2018-07-13 15:00:00,109.1
2018-07-13 15:15:00,108.7
2018-07-13 15:30:00,113.5
2018-07-13 15:45:00,116.6
2018-07-13 16:00:00,104.8
2018-07-13 16:15:00,83.2
2018-07-13 16:30:00,73.3
2018-07-13 16:45:00,68.8
2018-07-13 17:00:00,74.0
2018-07-13 17:15:00,77.1
2018-07-13 17:30:00,71.2
2018-07-13 17:45:00,63.1
2018-07-13 18:00:00,50.9
2018-07-13 18:15:00,55.2
2018-07-13 18:30:00,55.6
2018-07-13 18:45:00,56.5
2018-07-13 19:00:00,51.8
2018-07-13 19:15:00,58.9
2018-07-13 19:30:00,66.3
2018-07-13 19:45:00,55.7
2018-07-13 20:00:00,41.5
2018-07-13 20:15:00,47.9
2018-07-13 20:30:00,38.5
2018-07-13 20:45:00,53.6
2018-07-13 21:00:00,62.5
2018-07-13 21:15:00,51.0
2018-07-13 21:30:00,60.9
2018-07-13 21:45:00,63.3
2018-07-13 22:00:00,59.9
2018-07-13 22:15:00,60.9
2018-07-13 22:30:00,51.4
2018-07-13 22:45:00,52.5
2018-07-13 23:00:00,44.8
2018-07-13 23:15:00,48.7
2018-07-13 23:30:00,45.3
2018-07-13 23:45:00,39.6
2018-07-14 00:00:00,36.5
2018-07-14 00:15:00,38.7
2018-07-14 00:30:00,56.1
2018-07-14 00:45:00,69.0
2018-07-14 01:00:00,53.7
2018-07-14 01:15:00,29.2
2018-07-14 01:30:00,28.2
2018-07-14 01:45:00,33.6
2018-07-14 02:00:00,42.1
2018-07-14 02:15:00,40.1
2018-07-14 02:30:00,36.0
2018-07-14 02:45:00,25.9
2018-07-14 03:00:00,23.7
2018-07-14 03:15:00,25.5
2018-07-14 03:30:00,30.3
2018-07-14 03:45:00,42.0
2018-07-14 04:00:00,53.1
2018-07-14 04:15:00,68.5
2018-07-14 04:30:00,75.7
2018-07-14 04:45:00,85.5
2018-07-14 05:00:00,87.89999
2018-07-14 05:15:00,105.0
2018-07-14 05:30:00,105.7
2018-07-14 05:45:00,105.7
2018-07-14 06:00:00,105.7
2018-07-14 06:15:00,105.7
2018-07-14 06:30:00,105.7
2018-07-14 06:45:00,105.7
2018-07-14 07:00:00,105.7
2018-07-14 07:15:00,105.7
2018-07-14 07:30:00,105.7
2018-07-14 07:45:00,105.7
2018-07-14 08:00:00,105.7
2018-07-14 08:15:00,105.7
2018-07-14 08:30:00,105.7
2018-07-14 08:45:00,105.7
2018-07-14 09:00:00,105.7
2018-07-14 09:15:00,105.7
2018-07-14 09:30:00,105.7
2018-07-14 09:45:00,105.7
2018-07-14 10:00:00,105.7
2018-07-14 10:15:00,105.7
2018-07-14 10:30:00,105.7
2018-07-14 10:45:00,0.0
2018-07-14 11:00:00,74.0
2018-07-14 11:15:00,74.0
2018-07-14 11:30:00,100.0
2018-07-14 11:45:00,100.0
2018-07-14 12:00:00,100.0
2018-07-14 12:15:00,100.0
2018-07-14 12:30:00,100.0
2018-07-14 12:45:00,86.0
2018-07-14 13:00:00,66.0
2018-07-14 13:15:00,54.0
2018-07-14 13:30:00,54.0
2018-07-14 13:45:00,54.0
2018-07-14 14:00:00,68.0
2018-07-14 14:15:00,68.0
2018-07-14 14:30:00,68.0
2018-07-14 14:45:00,68.0
2018-07-14 15:00:00,68.0
2018-07-14 15:15:00,68.0
2018-07-14 15:30:00,68.0
2018-07-14 15:45:00,55.0
2018-07-14 16:00:00,46.0
2018-07-14 16:15:00,46.0
2018-07-14 16:30:00,35.0
2018-07-14 16:45:00,20.9
2018-07-14 17:00:00,18.6
2018-07-14 17:15:00,16.4
2018-07-14 17:30:00,13.9
2018-07-14 17:45:00,9.0
2018-07-14 18:00:00,4.1
2018-07-14 18:15:00,1.9
2018-07-14 18:30:00,2.6
2018-07-14 18:45:00,2.8
2018-07-14 19:00:00,4.8
2018-07-14 19:15:00,5.9
2018-07-14 19:30:00,7.4
2018-07-14 19:45:00,9.3
2018-07-14 20:00:00,13.3
2018-07-14 20:15:00,12.4
2018-07-14 20:30:00,14.5
2018-07-14 20:45:00,4.2
2018-07-14 21:00:00,4.9
2018-07-14 21:15:00,7.9
2018-07-14 21:30:00,5.5
2018-07-14 21:45:00,2.7
2018-07-14 22:00:00,6.3
2018-07-14 22:15:00,8.0
2018-07-14 22:30:00,5.3
2018-07-14 22:45:00,2.1
2018-07-14 23:00:00,39.9
2018-07-14 23:15:00,28.0
2018-07-14 23:30:00,20.7
2018-07-14 23:45:00,16.0
2018-07-15 00:00:00,2.6
2018-07-15 00:15:00,0.0
2018-07-15 00:30:00,0.0
2018-07-15 00:45:00,0.0
2018-07-15 01:00:00,0.0
2018-07-15 01:15:00,4.3
2018-07-15 01:30:00,7.3
2018-07-15 01:45:00,5.3
2018-07-15 02:00:00,2.7
2018-07-15 02:15:00,2.0
2018-07-15 02:30:00,4.4
2018-07-15 02:45:00,7.8
2018-07-15 03:00:00,13.4
2018-07-15 03:15:00,13.2
2018-07-15 03:30:00,16.2
2018-07-15 03:45:00,21.9
2018-07-15 04:00:00,20.5
2018-07-15 04:15:00,31.5
2018-07-15 04:30:00,42.7
2018-07-15 04:45:00,55.6
2018-07-15 05:00:00,80.8
2018-07-15 05:15:00,86.2
2018-07-15 05:30:00,89.3
2018-07-15 05:45:00,102.5
2018-07-15 06:00:00,101.0
2018-07-15 06:15:00,94.1
2018-07-15 06:30:00,99.39999
2018-07-15 06:45:00,92.5
2018-07-15 07:00:00,83.8
2018-07-15 07:15:00,82.2
2018-07-15 07:30:00,91.3
2018-07-15 07:45:00,84.6
2018-07-15 08:00:00,81.1
2018-07-15 08:15:00,79.3
2018-07-15 08:30:00,80.5
2018-07-15 08:45:00,87.6
2018-07-15 09:00:00,89.3
2018-07-15 09:15:00,94.5
2018-07-15 09:30:00,91.6
2018-07-15 09:45:00,84.0
2018-07-15 10:00:00,92.2
2018-07-15 10:15:00,83.0
2018-07-15 10:30:00,76.0
2018-07-15 10:45:00,79.2
2018-07-15 11:00:00,75.5
2018-07-15 11:15:00,68.0
2018-07-15 11:30:00,59.7
2018-07-15 11:45:00,61.4
2018-07-15 12:00:00,55.6
2018-07-15 12:15:00,57.8
2018-07-15 12:30:00,50.4
2018-07-15 12:45:00,42.7
2018-07-15 13:00:00,35.8
2018-07-15 13:15:00,37.2
2018-07-15 13:30:00,40.5
2018-07-15 13:45:00,30.0
2018-07-15 14:00:00,27.6
2018-07-15 14:15:00,30.1
2018-07-15 14:30:00,38.9
2018-07-15 14:45:00,37.3
2018-07-15 15:00:00,36.5
2018-07-15 15:15:00,28.6
2018-07-15 15:30:00,27.1
2018-07-15 15:45:00,23.1
2018-07-15 16:00:00,29.7
2018-07-15 16:15:00,20.5
2018-07-15 16:30:00,20.7
2018-07-15 16:45:00,13.4
2018-07-15 17:00:00,10.9
2018-07-15 17:15:00,5.2
2018-07-15 17:30:00,4.4
2018-07-15 17:45:00,4.9
2018-07-15 18:00:00,5.6
2018-07-15 18:15:00,10.1
2018-07-15 18:30:00,16.0
2018-07-15 18:45:00,24.4
2018-07-15 19:00:00,34.9
2018-07-15 19:15:00,31.8
2018-07-15 19:30:00,35.0
2018-07-15 19:45:00,24.4
2018-07-15 20:00:00,48.7
2018-07-15 20:15:00,14.7
2018-07-15 20:30:00,16.2
2018-07-15 20:45:00,6.9
2018-07-15 21:00:00,10.0
2018-07-15 21:15:00,29.2
2018-07-15 21:30:00,43.5
2018-07-15 21:45:00,57.3
2018-07-15 22:00:00,51.5
2018-07-15 22:15:00,53.8
2018-07-15 22:30:00,35.1
2018-07-15 22:45:00,17.2
2018-07-15 23:00:00,19.8
2018-07-15 23:15:00,134.7
2018-07-15 23:30:00,102.6
2018-07-15 23:45:00,82.3
2018-07-16 00:00:00,56.1
2018-07-16 00:15:00,50.7
2018-07-16 00:30:00,33.4
2018-07-16 00:45:00,37.7
2018-07-16 01:00:00,52.8
2018-07-16 01:15:00,49.4
2018-07-16 01:30:00,30.1
2018-07-16 01:45:00,54.4
2018-07-16 02:00:00,49.2
2018-07-16 02:15:00,23.6
2018-07-16 02:30:00,23.9
2018-07-16 02:45:00,15.1
2018-07-16 03:00:00,12.0
2018-07-16 03:15:00,14.9
2018-07-16 03:30:00,20.3
2018-07-16 03:45:00,35.3
2018-07-16 04:00:00,56.4
2018-07-16 04:15:00,66.8
2018-07-16 04:30:00,68.8
2018-07-16 04:45:00,72.39999
2018-07-16 05:00:00,75.0
2018-07-16 05:15:00,78.5
2018-07-16 05:30:00,67.89999
2018-07-16 05:45:00,58.4
2018-07-16 06:00:00,57.2
2018-07-16 06:15:00,55.1
2018-07-16 06:30:00,66.2
2018-07-16 06:45:00,61.1
2018-07-16 07:00:00,59.0
2018-07-16 07:15:00,65.7
2018-07-16 07:30:00,71.8
2018-07-16 07:45:00,74.8
2018-07-16 08:00:00,84.7
2018-07-16 08:15:00,72.7
2018-07-16 08:30:00,67.8
2018-07-16 08:45:00,80.6
2018-07-16 09:00:00,90.89999
2018-07-16 09:15:00,81.0
2018-07-16 09:30:00,73.5
2018-07-16 09:45:00,69.1
2018-07-16 10:00:00,62.4
2018-07-16 10:15:00,60.1
2018-07-16 10:30:00,60.2
2018-07-16 10:45:00,58.8
2018-07-16 11:00:00,51.7
2018-07-16 11:15:00,51.3
2018-07-16 11:30:00,42.3
2018-07-16 11:45:00,40.1
2018-07-16 12:00:00,38.7
2018-07-16 12:15:00,38.2
2018-07-16 12:30:00,31.8
2018-07-16 12:45:00,33.5
2018-07-16 13:00:00,28.2
2018-07-16 13:15:00,24.3
2018-07-16 13:30:00,15.0
2018-07-16 13:45:00,17.0
2018-07-16 14:00:00,29.6
2018-07-16 14:15:00,42.2
2018-07-16 14:30:00,43.0
2018-07-16 14:45:00,48.2
2018-07-16 15:00:00,44.3
2018-07-16 15:15:00,37.7
2018-07-16 15:30:00,29.9
2018-07-16 15:45:00,23.0
2018-07-16 16:00:00,17.3
2018-07-16 16:15:00,13.0
2018-07-16 16:30:00,10.2
2018-07-16 16:45:00,3.5
2018-07-16 17:00:00,2.7
2018-07-16 17:15:00,1.9
2018-07-16 17:30:00,0.7
2018-07-16 17:45:00,0.0
2018-07-16 18:00:00,0.4
2018-07-16 18:15:00,6.0
2018-07-16 18:30:00,2.8
2018-07-16 18:45:00,7.6
2018-07-16 19:00:00,13.7
2018-07-16 19:15:00,13.3
2018-07-16 19:30:00,12.1
2018-07-16 19:45:00,23.3
2018-07-16 20:00:00,25.8
2018-07-16 20:15:00,38.5
2018-07-16 20:30:00,31.1
2018-07-16 20:45:00,27.7
2018-07-16 21:00:00,40.6
2018-07-16 21:15:00,28.7
2018-07-16 21:30:00,33.8
2018-07-16 21:45:00,19.0
2018-07-16 22:00:00,29.5
2018-07-16 22:15:00,25.8
2018-07-16 22:30:00,29.8
2018-07-16 22:45:00,38.9
2018-07-16 23:00:00,33.0
2018-07-16 23:15:00,24.9
2018-07-16 23:30:00,32.7
2018-07-16 23:45:00,29.5
2018-07-17 00:00:00,25.8
2018-07-17 00:15:00,33.7
2018-07-17 00:30:00,37.8
2018-07-17 00:45:00,30.3
2018-07-17 01:00:00,22.9
2018-07-17 01:15:00,19.7
2018-07-17 01:30:00,23.3
2018-07-17 01:45:00,23.3
2018-07-17 02:00:00,27.0
2018-07-17 02:15:00,33.9
2018-07-17 02:30:00,40.1
2018-07-17 02:45:00,50.0
2018-07-17 03:00:00,77.39999
2018-07-17 03:15:00,80.6
2018-07-17 03:30:00,81.3
2018-07-17 03:45:00,70.1
2018-07-17 04:00:00,61.2
2018-07-17 04:15:00,58.3
2018-07-17 04:30:00,64.1
2018-07-17 04:45:00,42.1
2018-07-17 05:00:00,54.2
2018-07-17 05:15:00,54.1
2018-07-17 05:30:00,52.4
2018-07-17 05:45:00,50.4
2018-07-17 06:00:00,53.3
2018-07-17 06:15:00,65.2
2018-07-17 06:30:00,69.8
2018-07-17 06:45:00,70.7
2018-07-17 07:00:00,66.2
2018-07-17 07:15:00,72.89999
2018-07-17 07:30:00,84.2
2018-07-17 07:45:00,70.3
2018-07-17 08:00:00,59.2
2018-07-17 08:15:00,53.9
2018-07-17 08:30:00,64.39999
2018-07-17 08:45:00,65.0
2018-07-17 09:00:00,49.7
2018-07-17 09:15:00,47.1
2018-07-17 09:30:00,48.5
2018-07-17 09:45:00,47.5
2018-07-17 10:00:00,47.5
2018-07-17 10:15:00,47.5
2018-07-17 10:30:00,47.5
2018-07-17 10:45:00,47.5
2018-07-17 11:00:00,47.5
2018-07-17 11:15:00,47.5
2018-07-17 11:30:00,47.5
2018-07-17 11:45:00,47.5
2018-07-17 12:00:00,47.5
2018-07-17 12:15:00,47.5
2018-07-17 12:30:00,47.5
2018-07-17 12:45:00,47.5
2018-07-17 13:00:00,47.5
2018-07-17 13:15:00,47.5
2018-07-17 13:30:00,47.5
2018-07-17 13:45:00,47.5
2018-07-17 14:00:00,47.5
2018-07-17 14:15:00,47.5
2018-07-17 14:30:00,47.5
2018-07-17 14:45:00,47.5
2018-07-17 15:00:00,47.5
2018-07-17 15:15:00,47.5
2018-07-17 15:30:00,47.5
2018-07-17 15:45:00,47.5
2018-07-17 16:00:00,47.5
2018-07-17 16:15:00,47.5
2018-07-17 16:30:00,47.5
2018-07-17 16:45:00,47.5
2018-07-17 17:00:00,47.5
2018-07-17 17:15:00,47.5
2018-07-17 17:30:00,47.5
2018-07-17 17:45:00,47.5
2018-07-17 18:00:00,47.5
2018-07-17 18:15:00,47.5
2018-07-17 18:30:00,47.5
2018-07-17 18:45:00,47.5
2018-07-17 19:00:00,47.5
2018-07-17 19:15:00,47.5
2018-07-17 19:30:00,47.5
2018-07-17 19:45:00,47.5
2018-07-17 20:00:00,47.5
2018-07-17 20:15:00,47.5
2018-07-17 20:30:00,47.5
2018-07-17 20:45:00,47.5
2018-07-17 21:00:00,20.015
2018-07-17 21:15:00,24.395
2018-07-17 21:30:00,24.395
2018-07-17 21:45:00,31.399
2018-07-17 22:00:00,21.313
2018-07-17 22:15:00,21.313
2018-07-17 22:30:00,21.313
2018-07-17 22:45:00,21.313
2018-07-17 23:00:00,21.313
2018-07-17 23:15:00,21.313
2018-07-17 23:30:00,21.313
2018-07-17 23:45:00,21.313
2018-07-18 00:00:00,21.313
2018-07-18 00:15:00,21.313
2018-07-18 00:30:00,21.313
2018-07-18 00:45:00,21.313
2018-07-18 01:00:00,21.313
2018-07-18 01:15:00,21.313
2018-07-18 01:30:00,21.313
2018-07-18 01:45:00,21.313
2018-07-18 02:00:00,21.313
2018-07-18 02:15:00,8.7
2018-07-18 02:30:00,13.9
2018-07-18 02:45:00,18.8
2018-07-18 03:00:00,17.8
2018-07-18 03:15:00,19.5
2018-07-18 03:30:00,20.6
2018-07-18 03:45:00,17.2
2018-07-18 04:00:00,19.4
2018-07-18 04:15:00,40.5
2018-07-18 04:30:00,60.7
2018-07-18 04:45:00,70.8
2018-07-18 05:00:00,109.5
2018-07-18 05:15:00,105.2
2018-07-18 05:30:00,96.2
2018-07-18 05:45:00,90.89999
2018-07-18 06:00:00,84.6
2018-07-18 06:15:00,89.3
2018-07-18 06:30:00,76.7
2018-07-18 06:45:00,80.2
2018-07-18 07:00:00,84.3
2018-07-18 07:15:00,91.3
2018-07-18 07:30:00,75.6
2018-07-18 07:45:00,72.0
2018-07-18 08:00:00,67.2
2018-07-18 08:15:00,55.7
2018-07-18 08:30:00,55.5
2018-07-18 08:45:00,63.1
2018-07-18 09:00:00,67.2
2018-07-18 09:15:00,74.89999
2018-07-18 09:30:00,72.89999
2018-07-18 09:45:00,72.89999
2018-07-18 10:00:00,72.89999
2018-07-18 10:15:00,72.89999
2018-07-18 10:30:00,72.89999
2018-07-18 10:45:00,72.89999
2018-07-18 11:00:00,72.89999
2018-07-18 11:15:00,72.89999
2018-07-18 11:30:00,72.89999
2018-07-18 11:45:00,72.89999
2018-07-18 12:00:00,72.89999
2018-07-18 12:15:00,72.89999
2018-07-18 12:30:00,72.89999
2018-07-18 12:45:00,72.89999
2018-07-18 13:00:00,72.89999
2018-07-18 13:15:00,72.89999
2018-07-18 13:30:00,72.89999
2018-07-18 13:45:00,72.89999
2018-07-18 14:00:00,72.89999
2018-07-18 14:15:00,72.89999
2018-07-18 14:30:00,72.89999
2018-07-18 14:45:00,72.89999
2018-07-18 15:00:00,72.89999
2018-07-18 15:15:00,72.89999
2018-07-18 15:30:00,72.89999
2018-07-18 15:45:00,72.89999
2018-07-18 16:00:00,72.89999
2018-07-18 16:15:00,1.0
2018-07-18 16:30:00,1.0
2018-07-18 16:45:00,37.0
2018-07-18 17:00:00,37.0
2018-07-18 17:15:00,46.0
2018-07-18 17:30:00,46.0
2018-07-18 17:45:00,31.0
2018-07-18 18:00:00,31.0
2018-07-18 18:15:00,31.0
2018-07-18 18:30:00,25.0
2018-07-18 18:45:00,25.0
2018-07-18 19:00:00,9.0
2018-07-18 19:15:00,11.0
2018-07-18 19:30:00,11.0
2018-07-18 19:45:00,11.0
2018-07-18 20:00:00,11.0
2018-07-18 20:15:00,7.0
2018-07-18 20:30:00,14.0
2018-07-18 20:45:00,14.0
2018-07-18 21:00:00,14.0
2018-07-18 21:15:00,14.0
2018-07-18 21:30:00,14.0
2018-07-18 21:45:00,14.0
2018-07-18 22:00:00,5.0
2018-07-18 22:15:00,5.0
2018-07-18 22:30:00,5.0
2018-07-18 22:45:00,5.0
2018-07-18 23:00:00,5.0
2018-07-18 23:15:00,5.0
2018-07-18 23:30:00,5.0
2018-07-18 23:45:00,30.0
2018-07-19 00:00:00,30.0
2018-07-19 00:15:00,30.0
2018-07-19 00:30:00,30.0
2018-07-19 00:45:00,30.0
2018-07-19 01:00:00,30.0
2018-07-19 01:15:00,30.0
2018-07-19 01:30:00,30.0
2018-07-19 01:45:00,30.0
2018-07-19 02:00:00,30.0
2018-07-19 02:15:00,30.0
2018-07-19 02:30:00,30.0
2018-07-19 02:45:00,30.0
2018-07-19 03:00:00,30.0
2018-07-19 03:15:00,30.0
2018-07-19 03:30:00,37.0
2018-07-19 03:45:00,37.0
2018-07-19 04:00:00,37.0
2018-07-19 04:15:00,37.0
2018-07-19 04:30:00,44.0
2018-07-19 04:45:00,44.0
2018-07-19 05:00:00,44.0
2018-07-19 05:15:00,44.0
2018-07-19 05:30:00,44.0
2018-07-19 05:45:00,126.0
2018-07-19 06:00:00,126.0
2018-07-19 06:15:00,126.0
2018-07-19 06:30:00,89.0
2018-07-19 06:45:00,89.0
2018-07-19 07:00:00,89.0
2018-07-19 07:15:00,89.0
2018-07-19 07:30:00,89.0
2018-07-19 07:45:00,89.0
2018-07-19 08:00:00,80.0
2018-07-19 08:15:00,80.0
2018-07-19 08:30:00,80.0
2018-07-19 08:45:00,80.0
2018-07-19 09:00:00,80.0
2018-07-19 09:15:00,80.0
2018-07-19 09:30:00,69.0
2018-07-19 09:45:00,69.0
2018-07-19 10:00:00,69.0
2018-07-19 10:15:00,69.0
2018-07-19 10:30:00,69.0
2018-07-19 10:45:00,69.0
2018-07-19 11:00:00,69.0
2018-07-19 11:15:00,69.0
2018-07-19 11:30:00,69.0
2018-07-19 11:45:00,69.0
2018-07-19 12:00:00,69.0
2018-07-19 12:15:00,84.0
2018-07-19 12:30:00,84.0
2018-07-19 12:45:00,84.0
2018-07-19 13:00:00,84.0
2018-07-19 13:15:00,84.0
2018-07-19 13:30:00,48.0
2018-07-19 13:45:00,47.6
2018-07-19 14:00:00,48.8
2018-07-19 14:15:00,61.0
2018-07-19 14:30:00,67.8
2018-07-19 14:45:00,60.3
2018-07-19 15:00:00,53.9
2018-07-19 15:15:00,50.4
2018-07-19 15:30:00,45.8
2018-07-19 15:45:00,36.4
2018-07-19 16:00:00,39.8
2018-07-19 16:15:00,40.0
2018-07-19 16:30:00,32.5
2018-07-19 16:45:00,29.7
2018-07-19 17:00:00,25.6
2018-07-19 17:15:00,25.8
2018-07-19 17:30:00,24.8
2018-07-19 17:45:00,23.1
2018-07-19 18:00:00,21.4
2018-07-19 18:15:00,13.5
2018-07-19 18:30:00,11.3
2018-07-19 18:45:00,9.0
2018-07-19 19:00:00,5.1
2018-07-19 19:15:00,15.9
2018-07-19 19:30:00,11.1
2018-07-19 19:45:00,13.5
2018-07-19 20:00:00,22.8
2018-07-19 20:15:00,24.1
2018-07-19 20:30:00,19.6
2018-07-19 20:45:00,25.3
2018-07-19 21:00:00,23.3
2018-07-19 21:15:00,23.0
2018-07-19 21:30:00,33.2
2018-07-19 21:45:00,32.1
2018-07-19 22:00:00,24.0
2018-07-19 22:15:00,27.2
2018-07-19 22:30:00,18.6
2018-07-19 22:45:00,16.5
2018-07-19 23:00:00,22.4
2018-07-19 23:15:00,14.4
2018-07-19 23:30:00,9.5
2018-07-19 23:45:00,10.9
2018-07-20 00:00:00,8.6
2018-07-20 00:15:00,8.2
2018-07-20 00:30:00,12.5
2018-07-20 00:45:00,9.0
2018-07-20 01:00:00,10.8
2018-07-20 01:15:00,18.4
2018-07-20 01:30:00,21.9
2018-07-20 01:45:00,19.6
2018-07-20 02:00:00,22.1
2018-07-20 02:15:00,20.9
2018-07-20 02:30:00,26.3
2018-07-20 02:45:00,31.1
2018-07-20 03:00:00,38.8
2018-07-20 03:15:00,46.8
2018-07-20 03:30:00,59.7
2018-07-20 03:45:00,73.39999
2018-07-20 04:00:00,108.39999
2018-07-20 04:15:00,154.09999
2018-07-20 04:30:00,153.7
2018-07-20 04:45:00,153.79999
2018-07-20 05:00:00,150.79999
2018-07-20 05:15:00,154.2
2018-07-20 05:30:00,152.79999
2018-07-20 05:45:00,145.9
2018-07-20 06:00:00,142.4
2018-07-20 06:15:00,138.59999
2018-07-20 06:30:00,123.0
2018-07-20 06:45:00,100.6
2018-07-20 07:00:00,110.1
2018-07-20 07:15:00,135.7
2018-07-20 07:30:00,120.8
2018-07-20 07:45:00,114.6
2018-07-20 08:00:00,83.3
2018-07-20 08:15:00,90.2
2018-07-20 08:30:00,86.5
2018-07-20 08:45:00,73.7
2018-07-20 09:00:00,76.3
2018-07-20 09:15:00,64.39999
2018-07-20 09:30:00,67.7
2018-07-20 09:45:00,65.39999
2018-07-20 10:00:00,73.89999
2018-07-20 10:15:00,69.8
2018-07-20 10:30:00,73.1
2018-07-20 10:45:00,76.5
2018-07-20 11:00:00,50.4
2018-07-20 11:15:00,48.4
2018-07-20 11:30:00,42.0
2018-07-20 11:45:00,50.2
2018-07-20 12:00:00,62.0
2018-07-20 12:15:00,63.8
2018-07-20 12:30:00,71.39999
2018-07-20 12:45:00,48.3
2018-07-20 13:00:00,37.2
2018-07-20 13:15:00,34.6
2018-07-20 13:30:00,32.1
2018-07-20 13:45:00,51.5
2018-07-20 14:00:00,60.4
2018-07-20 14:15:00,69.6
2018-07-20 14:30:00,78.7
2018-07-20 14:45:00,74.1
2018-07-20 15:00:00,80.0
2018-07-20 15:15:00,71.0
2018-07-20 15:30:00,48.9
2018-07-20 15:45:00,33.4
2018-07-20 16:00:00,35.1
2018-07-20 16:15:00,34.2
2018-07-20 16:30:00,21.7
2018-07-20 16:45:00,14.5
2018-07-20 17:00:00,15.2
2018-07-20 17:15:00,17.2
2018-07-20 17:30:00,15.2
2018-07-20 17:45:00,12.3
2018-07-20 18:00:00,17.1
2018-07-20 18:15:00,15.0
2018-07-20 18:30:00,18.3
2018-07-20 18:45:00,14.1
2018-07-20 19:00:00,18.1
2018-07-20 19:15:00,17.0
2018-07-20 19:30:00,16.8
2018-07-20 19:45:00,17.6
2018-07-20 20:00:00,23.6
2018-07-20 20:15:00,19.5
2018-07-20 20:30:00,20.2
2018-07-20 20:45:00,25.0
2018-07-20 21:00:00,29.7
2018-07-20 21:15:00,29.3
2018-07-20 21:30:00,25.0
2018-07-20 21:45:00,25.3
2018-07-20 22:00:00,30.7
2018-07-20 22:15:00,49.6
2018-07-20 22:30:00,53.9
2018-07-20 22:45:00,66.1
2018-07-20 23:00:00,58.7
2018-07-20 23:15:00,42.2
2018-07-20 23:30:00,27.2
2018-07-20 23:45:00,29.9
2018-07-21 00:00:00,26.8
2018-07-21 00:15:00,24.4
2018-07-21 00:30:00,25.3
2018-07-21 00:45:00,37.0
2018-07-21 01:00:00,37.6
2018-07-21 01:15:00,47.6
2018-07-21 01:30:00,48.6
2018-07-21 01:45:00,45.4
2018-07-21 02:00:00,53.3
2018-07-21 02:15:00,71.3
2018-07-21 02:30:00,69.2
2018-07-21 02:45:00,78.8
2018-07-21 03:00:00,97.5
2018-07-21 03:15:00,103.89999
2018-07-21 03:30:00,136.9
2018-07-21 03:45:00,149.2
2018-07-21 04:00:00,140.79999
2018-07-21 04:15:00,105.7
2018-07-21 04:30:00,86.5
2018-07-21 04:45:00,74.0
2018-07-21 05:00:00,71.8
2018-07-21 05:15:00,70.5
2018-07-21 05:30:00,59.8
2018-07-21 05:45:00,53.2
2018-07-21 06:00:00,49.9
2018-07-21 06:15:00,50.3
2018-07-21 06:30:00,55.1
2018-07-21 06:45:00,47.2
2018-07-21 07:00:00,49.2
2018-07-21 07:15:00,56.2
2018-07-21 07:30:00,49.9
2018-07-21 07:45:00,55.0
2018-07-21 08:00:00,71.6
2018-07-21 08:15:00,75.7
2018-07-21 08:30:00,71.5
2018-07-21 08:45:00,62.8
2018-07-21 09:00:00,61.9
2018-07-21 09:15:00,56.8
2018-07-21 09:30:00,43.0
2018-07-21 09:45:00,32.8
2018-07-21 10:00:00,33.7
2018-07-21 10:15:00,40.7
2018-07-21 10:30:00,51.4
2018-07-21 10:45:00,49.5
2018-07-21 11:00:00,52.4
2018-07-21 11:15:00,57.4
2018-07-21 11:30:00,75.89999
2018-07-21 11:45:00,75.5
2018-07-21 12:00:00,77.1
2018-07-21 12:15:00,64.6
2018-07-21 12:30:00,53.5
2018-07-21 12:45:00,42.0
2018-07-21 13:00:00,40.3
2018-07-21 13:15:00,28.9
2018-07-21 13:30:00,20.8
2018-07-21 13:45:00,24.0
2018-07-21 14:00:00,30.7
2018-07-21 14:15:00,32.7
2018-07-21 14:30:00,29.5
2018-07-21 14:45:00,27.5
2018-07-21 15:00:00,28.8
2018-07-21 15:15:00,26.9
2018-07-21 15:30:00,25.6
2018-07-21 15:45:00,23.9
2018-07-21 16:00:00,21.7
2018-07-21 16:15:00,22.4
2018-07-21 16:30:00,21.8
2018-07-21 16:45:00,20.5
2018-07-21 17:00:00,20.4
2018-07-21 17:15:00,23.1
2018-07-21 17:30:00,18.5
2018-07-21 17:45:00,17.2
2018-07-21 18:00:00,10.7
2018-07-21 18:15:00,15.6
2018-07-21 18:30:00,18.1
2018-07-21 18:45:00,25.1
2018-07-21 19:00:00,22.9
2018-07-21 19:15:00,19.5
2018-07-21 19:30:00,23.8
2018-07-21 19:45:00,30.7
2018-07-21 20:00:00,29.1
2018-07-21 20:15:00,22.3
2018-07-21 20:30:00,20.0
2018-07-21 20:45:00,21.2
2018-07-21 21:00:00,21.8
2018-07-21 21:15:00,24.0
2018-07-21 21:30:00,19.1
2018-07-21 21:45:00,8.5
2018-07-21 22:00:00,17.8
2018-07-21 22:15:00,18.8
2018-07-21 22:30:00,15.8
2018-07-21 22:45:00,8.6
2018-07-21 23:00:00,11.5
2018-07-21 23:15:00,10.3
2018-07-21 23:30:00,15.9
2018-07-21 23:45:00,10.2
2018-07-22 00:00:00,13.1
2018-07-22 00:15:00,10.5
2018-07-22 00:30:00,12.4
2018-07-22 00:45:00,14.0
2018-07-22 01:00:00,22.1
2018-07-22 01:15:00,29.6
2018-07-22 01:30:00,31.1
2018-07-22 01:45:00,29.6
2018-07-22 02:00:00,32.7
2018-07-22 02:15:00,39.6
2018-07-22 02:30:00,44.1
2018-07-22 02:45:00,43.6
2018-07-22 03:00:00,53.7
2018-07-22 03:15:00,65.0
2018-07-22 03:30:00,90.6
2018-07-22 03:45:00,111.5
2018-07-22 04:00:00,91.2
2018-07-22 04:15:00,87.1
2018-07-22 04:30:00,98.7
2018-07-22 04:45:00,108.6
2018-07-22 05:00:00,106.2
2018-07-22 05:15:00,83.8
2018-07-22 05:30:00,78.2
2018-07-22 05:45:00,77.89999
2018-07-22 06:00:00,76.3
2018-07-22 06:15:00,68.39999
2018-07-22 06:30:00,61.5
2018-07-22 06:45:00,55.1
2018-07-22 07:00:00,54.1
2018-07-22 07:15:00,58.1
2018-07-22 07:30:00,57.1
2018-07-22 07:45:00,60.3
2018-07-22 08:00:00,54.6
2018-07-22 08:15:00,51.2
2018-07-22 08:30:00,50.2
2018-07-22 08:45:00,49.0
2018-07-22 09:00:00,47.6
2018-07-22 09:15:00,56.0
2018-07-22 09:30:00,64.7
2018-07-22 09:45:00,61.9
2018-07-22 10:00:00,59.9
2018-07-22 10:15:00,49.5
2018-07-22 10:30:00,46.5
2018-07-22 10:45:00,42.9
2018-07-22 11:00:00,44.3
2018-07-22 11:15:00,47.7
2018-07-22 11:30:00,56.1
2018-07-22 11:45:00,58.4
2018-07-22 12:00:00,56.5
2018-07-22 12:15:00,55.6
2018-07-22 12:30:00,51.9
2018-07-22 12:45:00,66.5
2018-07-22 13:00:00,61.7
2018-07-22 13:15:00,46.0
2018-07-22 13:30:00,41.6
2018-07-22 13:45:00,56.1
2018-07-22 14:00:00,71.1
2018-07-22 14:15:00,58.7
2018-07-22 14:30:00,42.3
2018-07-22 14:45:00,37.9
2018-07-22 15:00:00,33.0
2018-07-22 15:15:00,38.1
2018-07-22 15:30:00,28.7
2018-07-22 15:45:00,29.1
2018-07-22 16:00:00,16.9
2018-07-22 16:15:00,12.4
2018-07-22 16:30:00,8.5
2018-07-22 16:45:00,5.0
2018-07-22 17:00:00,1.0
2018-07-22 17:15:00,0.3
2018-07-22 17:30:00,0.0
2018-07-22 17:45:00,0.0
2018-07-22 18:00:00,0.0
2018-07-22 18:15:00,0.0
2018-07-22 18:30:00,0.8
2018-07-22 18:45:00,5.0
2018-07-22 19:00:00,6.2
2018-07-22 19:15:00,4.9
2018-07-22 19:30:00,5.6
2018-07-22 19:45:00,7.7
2018-07-22 20:00:00,5.9
2018-07-22 20:15:00,11.8
2018-07-22 20:30:00,7.1
2018-07-22 20:45:00,11.6
2018-07-22 21:00:00,9.0
2018-07-22 21:15:00,19.0
2018-07-22 21:30:00,11.2
2018-07-22 21:45:00,10.4
2018-07-22 22:00:00,14.6
2018-07-22 22:15:00,12.8
2018-07-22 22:30:00,20.1
2018-07-22 22:45:00,19.1
2018-07-22 23:00:00,25.1
2018-07-22 23:15:00,31.8
2018-07-22 23:30:00,28.2
2018-07-22 23:45:00,35.7
2018-07-23 00:00:00,19.6
2018-07-23 00:15:00,31.8
2018-07-23 00:30:00,32.4
2018-07-23 00:45:00,34.8
2018-07-23 01:00:00,28.6
2018-07-23 01:15:00,21.4
2018-07-23 01:30:00,16.0
2018-07-23 01:45:00,13.4
2018-07-23 02:00:00,12.7
2018-07-23 02:15:00,11.5
2018-07-23 02:30:00,18.0
2018-07-23 02:45:00,29.0
2018-07-23 03:00:00,35.9
2018-07-23 03:15:00,28.9
2018-07-23 03:30:00,41.1
2018-07-23 03:45:00,46.3
2018-07-23 04:00:00,51.6
2018-07-23 04:15:00,56.4
2018-07-23 04:30:00,64.89999
2018-07-23 04:45:00,82.6
2018-07-23 05:00:00,75.8
2018-07-23 05:15:00,82.89999
2018-07-23 05:30:00,73.2
2018-07-23 05:45:00,69.3
2018-07-23 06:00:00,63.6
2018-07-23 06:15:00,47.1
2018-07-23 06:30:00,42.7
2018-07-23 06:45:00,51.4
2018-07-23 07:00:00,49.7
2018-07-23 07:15:00,43.2
2018-07-23 07:30:00,32.8
2018-07-23 07:45:00,28.7
2018-07-23 08:00:00,34.5
2018-07-23 08:15:00,46.6
2018-07-23 08:30:00,46.3
2018-07-23 08:45:00,41.1
2018-07-23 09:00:00,48.3
2018-07-23 09:15:00,41.7
2018-07-23 09:30:00,39.3
2018-07-23 09:45:00,39.7
2018-07-23 10:00:00,35.1
2018-07-23 10:15:00,36.4
2018-07-23 10:30:00,41.7
2018-07-23 10:45:00,55.9
2018-07-23 11:00:00,62.4
2018-07-23 11:15:00,62.5
2018-07-23 11:30:00,56.9
2018-07-23 11:45:00,55.9
2018-07-23 12:00:00,52.9
2018-07-23 12:15:00,49.2
2018-07-23 12:30:00,45.5
2018-07-23 12:45:00,36.3
2018-07-23 13:00:00,34.9
2018-07-23 13:15:00,31.5
2018-07-23 13:30:00,24.4
2018-07-23 13:45:00,20.9
2018-07-23 14:00:00,20.3
2018-07-23 14:15:00,0.0
2018-07-23 14:30:00,24.2
2018-07-23 14:45:00,25.2
2018-07-23 15:00:00,31.4
2018-07-23 15:15:00,36.6
2018-07-23 15:30:00,43.0
2018-07-23 15:45:00,39.7
2018-07-23 16:00:00,18.3
2018-07-23 16:15:00,9.6
2018-07-23 16:30:00,4.3
2018-07-23 16:45:00,8.0
2018-07-23 17:00:00,17.8
2018-07-23 17:15:00,25.2
2018-07-23 17:30:00,24.9
2018-07-23 17:45:00,25.7
2018-07-23 18:00:00,32.2
2018-07-23 18:15:00,32.2
2018-07-23 18:30:00,32.2
2018-07-23 18:45:00,32.2
2018-07-23 19:00:00,37.5
2018-07-23 19:15:00,37.8
2018-07-23 19:30:00,38.5
2018-07-23 19:45:00,39.0
2018-07-23 20:00:00,46.5
2018-07-23 20:15:00,42.8
2018-07-23 20:30:00,58.2
2018-07-23 20:45:00,65.39999
2018-07-23 21:00:00,82.5
2018-07-23 21:15:00,98.8
2018-07-23 21:30:00,88.3
2018-07-23 21:45:00,118.0
2018-07-23 22:00:00,132.5
2018-07-23 22:15:00,132.09999
2018-07-23 22:30:00,142.5
2018-07-23 22:45:00,135.29999
2018-07-23 23:00:00,100.3
2018-07-23 23:15:00,103.39999
2018-07-23 23:30:00,115.2
2018-07-23 23:45:00,133.79999
2018-07-24 00:00:00,124.2
2018-07-24 00:15:00,114.6
2018-07-24 00:30:00,155.79999
2018-07-24 00:45:00,153.59999
2018-07-24 01:00:00,153.7
2018-07-24 01:15:00,154.4
2018-07-24 01:30:00,154.7
2018-07-24 01:45:00,154.7
2018-07-24 02:00:00,154.7
2018-07-24 02:15:00,147.9
2018-07-24 02:30:00,153.59999
2018-07-24 02:45:00,153.9
2018-07-24 03:00:00,150.29999
2018-07-24 03:15:00,152.4
2018-07-24 03:30:00,143.5
2018-07-24 03:45:00,120.39999
2018-07-24 04:00:00,120.6
2018-07-24 04:15:00,122.89999
2018-07-24 04:30:00,125.6
2018-07-24 04:45:00,121.2
2018-07-24 05:00:00,108.3
2018-07-24 05:15:00,98.8
2018-07-24 05:30:00,86.7
2018-07-24 05:45:00,74.0
2018-07-24 06:00:00,58.6
2018-07-24 06:15:00,47.7
2018-07-24 06:30:00,49.2
2018-07-24 06:45:00,36.2
2018-07-24 07:00:00,29.1
2018-07-24 07:15:00,21.8
2018-07-24 07:30:00,24.8
2018-07-24 07:45:00,19.1
2018-07-24 08:00:00,20.5
2018-07-24 08:15:00,22.8
2018-07-24 08:30:00,24.0
2018-07-24 08:45:00,30.5
2018-07-24 09:00:00,25.5
2018-07-24 09:15:00,29.4
2018-07-24 09:30:00,25.4
2018-07-24 09:45:00,29.2
2018-07-24 10:00:00,38.3
2018-07-24 10:15:00,37.2
2018-07-24 10:30:00,40.7
2018-07-24 10:45:00,36.5
2018-07-24 11:00:00,28.2
2018-07-24 11:15:00,29.0
2018-07-24 11:30:00,33.8
2018-07-24 11:45:00,44.2
2018-07-24 12:00:00,41.5
2018-07-24 12:15:00,39.1
2018-07-24 12:30:00,30.7
2018-07-24 12:45:00,17.2
2018-07-24 13:00:00,24.7
2018-07-24 13:15:00,25.7
2018-07-24 13:30:00,36.8
2018-07-24 13:45:00,38.6
2018-07-24 14:00:00,54.8
2018-07-24 14:15:00,42.6
2018-07-24 14:30:00,55.0
2018-07-24 14:45:00,37.4
2018-07-24 15:00:00,56.7
2018-07-24 15:15:00,53.0
2018-07-24 15:30:00,52.0
2018-07-24 15:45:00,52.0
2018-07-24 16:00:00,58.9
2018-07-24 16:15:00,81.6
2018-07-24 16:30:00,89.6
2018-07-24 16:45:00,69.0
2018-07-24 17:00:00,42.8
2018-07-24 17:15:00,43.8
2018-07-24 17:30:00,37.9
2018-07-24 17:45:00,37.7
2018-07-24 18:00:00,33.5
2018-07-24 18:15:00,27.7
2018-07-24 18:30:00,25.5
2018-07-24 18:45:00,37.6
2018-07-24 19:00:00,31.3
2018-07-24 19:15:00,39.2
2018-07-24 19:30:00,42.6
2018-07-24 19:45:00,43.1
2018-07-24 20:00:00,52.2
2018-07-24 20:15:00,60.5
2018-07-24 20:30:00,49.0
2018-07-24 20:45:00,37.9
2018-07-24 21:00:00,32.8
2018-07-24 21:15:00,44.8
2018-07-24 21:30:00,40.2
2018-07-24 21:45:00,46.6
2018-07-24 22:00:00,52.0
2018-07-24 22:15:00,54.4
2018-07-24 22:30:00,41.0
2018-07-24 22:45:00,53.1
2018-07-24 23:00:00,34.6
2018-07-24 23:15:00,51.9
2018-07-24 23:30:00,48.5
2018-07-24 23:45:00,63.3
2018-07-25 00:00:00,55.6
2018-07-25 00:15:00,36.6
2018-07-25 00:30:00,32.1
2018-07-25 00:45:00,31.2
2018-07-25 01:00:00,24.7
2018-07-25 01:15:00,24.0
2018-07-25 01:30:00,21.5
2018-07-25 01:45:00,21.2
2018-07-25 02:00:00,23.3
2018-07-25 02:15:00,20.2
2018-07-25 02:30:00,22.3
2018-07-25 02:45:00,28.0
2018-07-25 03:00:00,32.3
2018-07-25 03:15:00,30.8
2018-07-25 03:30:00,34.5
2018-07-25 03:45:00,31.6
2018-07-25 04:00:00,29.8
2018-07-25 04:15:00,26.5
2018-07-25 04:30:00,26.3
2018-07-25 04:45:00,32.1
2018-07-25 05:00:00,34.3
2018-07-25 05:15:00,29.9
2018-07-25 05:30:00,27.3
2018-07-25 05:45:00,19.7
2018-07-25 06:00:00,20.8
2018-07-25 06:15:00,13.3
2018-07-25 06:30:00,10.0
2018-07-25 06:45:00,8.3
2018-07-25 07:00:00,4.6
2018-07-25 07:15:00,5.4
2018-07-25 07:30:00,7.0
2018-07-25 07:45:00,7.4
2018-07-25 08:00:00,6.9
2018-07-25 08:15:00,7.0
2018-07-25 08:30:00,5.4
2018-07-25 08:45:00,6.7
2018-07-25 09:00:00,3.7
2018-07-25 09:15:00,1.6
2018-07-25 09:30:00,2.6
2018-07-25 09:45:00,5.1
2018-07-25 10:00:00,9.0
2018-07-25 10:15:00,11.0
2018-07-25 10:30:00,14.6
2018-07-25 10:45:00,14.8
2018-07-25 11:00:00,18.9
2018-07-25 11:15:00,20.7
2018-07-25 11:30:00,19.3
2018-07-25 11:45:00,26.5
2018-07-25 12:00:00,23.2
2018-07-25 12:15:00,28.1
2018-07-25 12:30:00,31.0
2018-07-25 12:45:00,29.1
2018-07-25 13:00:00,27.9
2018-07-25 13:15:00,20.7
2018-07-25 13:30:00,21.8
2018-07-25 13:45:00,31.9
2018-07-25 14:00:00,25.4
2018-07-25 14:15:00,18.3
2018-07-25 14:30:00,14.9
2018-07-25 14:45:00,18.0
2018-07-25 15:00:00,19.7
2018-07-25 15:15:00,20.7
2018-07-25 15:30:00,17.0
2018-07-25 15:45:00,15.4
2018-07-25 16:00:00,9.0
2018-07-25 16:15:00,3.4
2018-07-25 16:30:00,0.0
2018-07-25 16:45:00,0.2
2018-07-25 17:00:00,0.0
2018-07-25 17:15:00,0.0
2018-07-25 17:30:00,0.0
2018-07-25 17:45:00,0.0
2018-07-25 18:00:00,0.0
2018-07-25 18:15:00,0.0
2018-07-25 18:30:00,0.0
2018-07-25 18:45:00,0.9
2018-07-25 19:00:00,0.0
2018-07-25 19:15:00,1.2
2018-07-25 19:30:00,4.3
2018-07-25 19:45:00,5.0
2018-07-25 20:00:00,4.8
2018-07-25 20:15:00,7.3
2018-07-25 20:30:00,5.5
2018-07-25 20:45:00,3.3
2018-07-25 21:00:00,2.1
2018-07-25 21:15:00,8.8
2018-07-25 21:30:00,3.0
2018-07-25 21:45:00,7.1
2018-07-25 22:00:00,14.5
2018-07-25 22:15:00,11.3
2018-07-25 22:30:00,4.4
2018-07-25 22:45:00,7.7
2018-07-25 23:00:00,17.1
2018-07-25 23:15:00,17.1
2018-07-25 23:30:00,23.7
2018-07-25 23:45:00,26.5
2018-07-26 00:00:00,25.7
2018-07-26 00:15:00,42.0
2018-07-26 00:30:00,52.9
2018-07-26 00:45:00,55.6
2018-07-26 01:00:00,41.6
2018-07-26 01:15:00,34.8
2018-07-26 01:30:00,28.5
2018-07-26 01:45:00,39.7
2018-07-26 02:00:00,52.8
2018-07-26 02:15:00,58.0
2018-07-26 02:30:00,59.8
2018-07-26 02:45:00,62.9
2018-07-26 03:00:00,60.8
2018-07-26 03:15:00,61.6
2018-07-26 03:30:00,61.2
2018-07-26 03:45:00,62.7
2018-07-26 04:00:00,78.1
2018-07-26 04:15:00,93.1
2018-07-26 04:30:00,97.6
2018-07-26 04:45:00,121.6
2018-07-26 05:00:00,139.09999
2018-07-26 05:15:00,130.09999
2018-07-26 05:30:00,127.5
2018-07-26 05:45:00,128.59999
2018-07-26 06:00:00,115.8
2018-07-26 06:15:00,115.7
2018-07-26 06:30:00,121.7
2018-07-26 06:45:00,131.9
2018-07-26 07:00:00,110.0
2018-07-26 07:15:00,103.8
2018-07-26 07:30:00,92.5
2018-07-26 07:45:00,86.1
2018-07-26 08:00:00,65.89999
2018-07-26 08:15:00,56.7
2018-07-26 08:30:00,49.2
2018-07-26 08:45:00,40.1
2018-07-26 09:00:00,39.4
2018-07-26 09:15:00,29.5
2018-07-26 09:30:00,27.2
2018-07-26 09:45:00,23.6
2018-07-26 10:00:00,17.9
2018-07-26 10:15:00,19.3
2018-07-26 10:30:00,21.6
2018-07-26 10:45:00,22.7
2018-07-26 11:00:00,23.6
2018-07-26 11:15:00,23.1
2018-07-26 11:30:00,23.7
2018-07-26 11:45:00,20.7
2018-07-26 12:00:00,20.1
2018-07-26 12:15:00,24.3
2018-07-26 12:30:00,28.2
2018-07-26 12:45:00,31.2
2018-07-26 13:00:00,40.4
2018-07-26 13:15:00,41.6
2018-07-26 13:30:00,24.9
2018-07-26 13:45:00,26.5
2018-07-26 14:00:00,17.4
2018-07-26 14:15:00,17.2
2018-07-26 14:30:00,22.6
2018-07-26 14:45:00,30.4
2018-07-26 15:00:00,25.0
2018-07-26 15:15:00,19.8
2018-07-26 15:30:00,11.6
2018-07-26 15:45:00,6.6
2018-07-26 16:00:00,2.9
2018-07-26 16:15:00,0.0
2018-07-26 16:30:00,0.0
2018-07-26 16:45:00,0.0
2018-07-26 17:00:00,0.0
2018-07-26 17:15:00,0.0
2018-07-26 17:30:00,2.1
2018-07-26 17:45:00,12.6
2018-07-26 18:00:00,12.0
2018-07-26 18:15:00,14.9
2018-07-26 18:30:00,4.8
2018-07-26 18:45:00,0.0
2018-07-26 19:00:00,47.8
2018-07-26 19:15:00,75.1
2018-07-26 19:30:00,59.5
2018-07-26 19:45:00,36.5
2018-07-26 20:00:00,20.9
2018-07-26 20:15:00,3.9
2018-07-26 20:30:00,2.1
2018-07-26 20:45:00,0.0
2018-07-26 21:00:00,0.0
2018-07-26 21:15:00,0.0
2018-07-26 21:30:00,0.0
2018-07-26 21:45:00,0.0
2018-07-26 22:00:00,0.0
2018-07-26 22:15:00,0.0
2018-07-26 22:30:00,0.0
2018-07-26 22:45:00,0.0
2018-07-26 23:00:00,0.0
2018-07-26 23:15:00,0.0
2018-07-26 23:30:00,60.4
2018-07-26 23:45:00,61.6
2018-07-27 00:00:00,49.2
2018-07-27 00:15:00,40.9
2018-07-27 00:30:00,25.9
2018-07-27 00:45:00,21.3
2018-07-27 01:00:00,20.3
2018-07-27 01:15:00,17.5
2018-07-27 01:30:00,22.6
2018-07-27 01:45:00,21.1
2018-07-27 02:00:00,17.2
2018-07-27 02:15:00,14.0
2018-07-27 02:30:00,11.0
2018-07-27 02:45:00,8.8
2018-07-27 03:00:00,10.5
2018-07-27 03:15:00,7.9
2018-07-27 03:30:00,9.1
2018-07-27 03:45:00,7.7
2018-07-27 04:00:00,2.5
2018-07-27 04:15:00,11.4
2018-07-27 04:30:00,2.6
2018-07-27 04:45:00,0.0
2018-07-27 05:00:00,0.1
2018-07-27 05:15:00,9.5
2018-07-27 05:30:00,13.3
2018-07-27 05:45:00,10.0
2018-07-27 06:00:00,10.1
2018-07-27 06:15:00,12.2
2018-07-27 06:30:00,10.3
2018-07-27 06:45:00,15.1
2018-07-27 07:00:00,24.8
2018-07-27 07:15:00,38.0
2018-07-27 07:30:00,42.0
2018-07-27 07:45:00,44.4
2018-07-27 08:00:00,43.9
2018-07-27 08:15:00,32.9
2018-07-27 08:30:00,22.2
2018-07-27 08:45:00,14.0
2018-07-27 09:00:00,21.5
2018-07-27 09:15:00,24.7
2018-07-27 09:30:00,28.1
2018-07-27 09:45:00,32.3
2018-07-27 10:00:00,27.4
2018-07-27 10:15:00,24.6
2018-07-27 10:30:00,20.5
2018-07-27 10:45:00,20.6
2018-07-27 11:00:00,20.0
2018-07-27 11:15:00,15.3
2018-07-27 11:30:00,12.1
2018-07-27 11:45:00,10.6
2018-07-27 12:00:00,9.4
2018-07-27 12:15:00,6.2
2018-07-27 12:30:00,4.7
2018-07-27 12:45:00,2.2
2018-07-27 13:00:00,1.6
2018-07-27 13:15:00,3.0
2018-07-27 13:30:00,2.5
2018-07-27 13:45:00,0.4
2018-07-27 14:00:00,0.0
2018-07-27 14:15:00,0.0
2018-07-27 14:30:00,0.0
2018-07-27 14:45:00,0.0
2018-07-27 15:00:00,0.0
2018-07-27 15:15:00,0.0
2018-07-27 15:30:00,0.0
2018-07-27 15:45:00,0.0
2018-07-27 16:00:00,0.0
2018-07-27 16:15:00,0.0
2018-07-27 16:30:00,0.0
2018-07-27 16:45:00,0.0
2018-07-27 17:00:00,0.0
2018-07-27 17:15:00,0.0
2018-07-27 17:30:00,0.0
2018-07-27 17:45:00,0.0
2018-07-27 18:00:00,0.0
2018-07-27 18:15:00,0.0
2018-07-27 18:30:00,0.0
2018-07-27 18:45:00,0.0
2018-07-27 19:00:00,0.0
2018-07-27 19:15:00,0.0
2018-07-27 19:30:00,0.0
2018-07-27 19:45:00,0.0
2018-07-27 20:00:00,0.0
2018-07-27 20:15:00,0.0
2018-07-27 20:30:00,0.0
2018-07-27 20:45:00,0.0
2018-07-27 21:00:00,0.0
2018-07-27 21:15:00,0.0
2018-07-27 21:30:00,0.0
2018-07-27 21:45:00,0.0
2018-07-27 22:00:00,0.0
2018-07-27 22:15:00,0.2
2018-07-27 22:30:00,0.0
2018-07-27 22:45:00,0.0
2018-07-27 23:00:00,1.1
2018-07-27 23:15:00,1.0
2018-07-27 23:30:00,1.5
2018-07-27 23:45:00,1.1
2018-07-28 00:00:00,0.5
2018-07-28 00:15:00,0.0
2018-07-28 00:30:00,0.9
2018-07-28 00:45:00,0.0
2018-07-28 01:00:00,0.0
2018-07-28 01:15:00,3.6
2018-07-28 01:30:00,6.4
2018-07-28 01:45:00,8.8
2018-07-28 02:00:00,11.7
2018-07-28 02:15:00,9.5
2018-07-28 02:30:00,6.2
2018-07-28 02:45:00,4.2
2018-07-28 03:00:00,3.6
2018-07-28 03:15:00,6.6
2018-07-28 03:30:00,10.6
2018-07-28 03:45:00,12.8
2018-07-28 04:00:00,11.9
2018-07-28 04:15:00,21.9
2018-07-28 04:30:00,36.9
2018-07-28 04:45:00,28.7
2018-07-28 05:00:00,15.2
2018-07-28 05:15:00,15.9
2018-07-28 05:30:00,22.8
2018-07-28 05:45:00,26.2
2018-07-28 06:00:00,32.5
2018-07-28 06:15:00,43.6
2018-07-28 06:30:00,63.9
2018-07-28 06:45:00,80.0
2018-07-28 07:00:00,76.0
2018-07-28 07:15:00,75.39999
2018-07-28 07:30:00,75.5
2018-07-28 07:45:00,59.4
2018-07-28 08:00:00,67.2
2018-07-28 08:15:00,72.3
2018-07-28 08:30:00,59.8
2018-07-28 08:45:00,53.1
2018-07-28 09:00:00,56.2
2018-07-28 09:15:00,51.0
2018-07-28 09:30:00,48.0
2018-07-28 09:45:00,44.5
2018-07-28 10:00:00,41.9
2018-07-28 10:15:00,39.6
2018-07-28 10:30:00,34.2
2018-07-28 10:45:00,35.2
2018-07-28 11:00:00,43.9
2018-07-28 11:15:00,42.5
2018-07-28 11:30:00,48.2
2018-07-28 11:45:00,49.2
2018-07-28 12:00:00,59.1
2018-07-28 12:15:00,57.8
2018-07-28 12:30:00,64.5
2018-07-28 12:45:00,73.8
2018-07-28 13:00:00,54.1
2018-07-28 13:15:00,31.0
2018-07-28 13:30:00,32.7
2018-07-28 13:45:00,40.1
2018-07-28 14:00:00,49.8
2018-07-28 14:15:00,33.3
2018-07-28 14:30:00,23.1
2018-07-28 14:45:00,26.5
2018-07-28 15:00:00,22.9
2018-07-28 15:15:00,25.2
2018-07-28 15:30:00,40.6
2018-07-28 15:45:00,42.4
2018-07-28 16:00:00,36.8
2018-07-28 16:15:00,29.0
2018-07-28 16:30:00,18.5
2018-07-28 16:45:00,14.9
2018-07-28 17:00:00,1.4
2018-07-28 17:15:00,0.0
2018-07-28 17:30:00,0.0
2018-07-28 17:45:00,0.0
2018-07-28 18:00:00,0.0
2018-07-28 18:15:00,0.0
2018-07-28 18:30:00,4.5
2018-07-28 18:45:00,6.6
2018-07-28 19:00:00,2.7
2018-07-28 19:15:00,4.4
2018-07-28 19:30:00,3.8
2018-07-28 19:45:00,8.8
2018-07-28 20:00:00,6.3
2018-07-28 20:15:00,4.7
2018-07-28 20:30:00,8.1
2018-07-28 20:45:00,5.8
2018-07-28 21:00:00,6.6
2018-07-28 21:15:00,9.0
2018-07-28 21:30:00,6.8
2018-07-28 21:45:00,7.2
2018-07-28 22:00:00,5.5
2018-07-28 22:15:00,4.0
2018-07-28 22:30:00,0.6
2018-07-28 22:45:00,0.7
2018-07-28 23:00:00,0.3
2018-07-28 23:15:00,0.0
2018-07-28 23:30:00,6.8
2018-07-28 23:45:00,16.7
2018-07-29 00:00:00,22.2
2018-07-29 00:15:00,22.6
2018-07-29 00:30:00,18.4
2018-07-29 00:45:00,13.3
2018-07-29 01:00:00,13.0
2018-07-29 01:15:00,12.4
2018-07-29 01:30:00,11.7
2018-07-29 01:45:00,11.1
2018-07-29 02:00:00,15.4
2018-07-29 02:15:00,18.8
2018-07-29 02:30:00,25.9
2018-07-29 02:45:00,26.2
2018-07-29 03:00:00,24.9
2018-07-29 03:15:00,24.2
2018-07-29 03:30:00,32.3
2018-07-29 03:45:00,41.0
2018-07-29 04:00:00,36.4
2018-07-29 04:15:00,34.5
2018-07-29 04:30:00,46.9
2018-07-29 04:45:00,71.6
2018-07-29 05:00:00,89.8
2018-07-29 05:15:00,109.0
2018-07-29 05:30:00,118.5
2018-07-29 05:45:00,121.7
2018-07-29 06:00:00,114.7
2018-07-29 06:15:00,107.39999
2018-07-29 06:30:00,99.1
2018-07-29 06:45:00,89.0
2018-07-29 07:00:00,88.7
2018-07-29 07:15:00,89.39999
2018-07-29 07:30:00,91.6
2018-07-29 07:45:00,90.1
2018-07-29 08:00:00,99.2
2018-07-29 08:15:00,89.39999
2018-07-29 08:30:00,79.2
2018-07-29 08:45:00,90.89999
2018-07-29 09:00:00,85.6
2018-07-29 09:15:00,98.39999
2018-07-29 09:30:00,79.39999
2018-07-29 09:45:00,84.8
2018-07-29 10:00:00,81.7
2018-07-29 10:15:00,76.5
2018-07-29 10:30:00,65.1
2018-07-29 10:45:00,64.6
2018-07-29 11:00:00,60.9
2018-07-29 11:15:00,75.1
2018-07-29 11:30:00,76.1
2018-07-29 11:45:00,81.0
2018-07-29 12:00:00,67.0
2018-07-29 12:15:00,74.39999
2018-07-29 12:30:00,61.8
2018-07-29 12:45:00,66.1
2018-07-29 13:00:00,56.3
2018-07-29 13:15:00,60.3
2018-07-29 13:30:00,62.3
2018-07-29 13:45:00,75.1
2018-07-29 14:00:00,81.6
2018-07-29 14:15:00,92.0
2018-07-29 14:30:00,82.5
2018-07-29 14:45:00,63.4
2018-07-29 15:00:00,58.8
2018-07-29 15:15:00,51.6
2018-07-29 15:30:00,49.4
2018-07-29 15:45:00,43.5
2018-07-29 16:00:00,43.9
2018-07-29 16:15:00,36.7
2018-07-29 16:30:00,29.3
2018-07-29 16:45:00,21.3
2018-07-29 17:00:00,13.1
2018-07-29 17:15:00,8.9
2018-07-29 17:30:00,6.4
2018-07-29 17:45:00,3.2
2018-07-29 18:00:00,0.8
2018-07-29 18:15:00,2.0
2018-07-29 18:30:00,0.0
2018-07-29 18:45:00,1.0
2018-07-29 19:00:00,0.0
2018-07-29 19:15:00,1.3
2018-07-29 19:30:00,5.2
2018-07-29 19:45:00,0.2
2018-07-29 20:00:00,0.0
2018-07-29 20:15:00,0.6
2018-07-29 20:30:00,0.0
2018-07-29 20:45:00,0.0
2018-07-29 21:00:00,1.6
2018-07-29 21:15:00,0.0
2018-07-29 21:30:00,5.8
2018-07-29 21:45:00,8.3
2018-07-29 22:00:00,5.3
2018-07-29 22:15:00,2.1
2018-07-29 22:30:00,12.8
2018-07-29 22:45:00,7.6
2018-07-29 23:00:00,5.3
2018-07-29 23:15:00,2.4
2018-07-29 23:30:00,18.1
2018-07-29 23:45:00,62.5
2018-07-30 00:00:00,43.8
2018-07-30 00:15:00,27.3
2018-07-30 00:30:00,23.6
2018-07-30 00:45:00,25.6
2018-07-30 01:00:00,25.2
2018-07-30 01:15:00,20.3
2018-07-30 01:30:00,21.3
2018-07-30 01:45:00,21.6
2018-07-30 02:00:00,26.5
2018-07-30 02:15:00,32.6
2018-07-30 02:30:00,33.5
2018-07-30 02:45:00,37.8
2018-07-30 03:00:00,34.1
2018-07-30 03:15:00,39.0
2018-07-30 03:30:00,47.0
2018-07-30 03:45:00,55.3
2018-07-30 04:00:00,66.3
2018-07-30 04:15:00,75.39999
2018-07-30 04:30:00,76.5
2018-07-30 04:45:00,85.3
2018-07-30 05:00:00,95.89999
2018-07-30 05:15:00,99.39999
2018-07-30 05:30:00,77.8
2018-07-30 05:45:00,92.7
2018-07-30 06:00:00,105.6
2018-07-30 06:15:00,116.89999
2018-07-30 06:30:00,107.7
2018-07-30 06:45:00,121.89999
2018-07-30 07:00:00,130.0
2018-07-30 07:15:00,121.39999
2018-07-30 07:30:00,120.1
2018-07-30 07:45:00,122.39999
2018-07-30 08:00:00,126.3
2018-07-30 08:15:00,109.1
2018-07-30 08:30:00,104.3
2018-07-30 08:45:00,93.39999
2018-07-30 09:00:00,85.3
2018-07-30 09:15:00,85.1
2018-07-30 09:30:00,74.3
2018-07-30 09:45:00,80.2
2018-07-30 10:00:00,82.5
2018-07-30 10:15:00,75.8
2018-07-30 10:30:00,80.5
2018-07-30 10:45:00,90.0
2018-07-30 11:00:00,93.89999
2018-07-30 11:15:00,93.89999
2018-07-30 11:30:00,91.6
2018-07-30 11:45:00,45.9
2018-07-30 12:00:00,96.89999
2018-07-30 12:15:00,153.4
2018-07-30 12:30:00,153.4
2018-07-30 12:45:00,153.59999
2018-07-30 13:00:00,152.7
2018-07-30 13:15:00,153.7
2018-07-30 13:30:00,153.7
2018-07-30 13:45:00,152.9
2018-07-30 14:00:00,152.4
2018-07-30 14:15:00,109.3
2018-07-30 14:30:00,98.89999
2018-07-30 14:45:00,104.8
2018-07-30 15:00:00,77.3
2018-07-30 15:15:00,33.8
2018-07-30 15:30:00,10.9
2018-07-30 15:45:00,2.4
2018-07-30 16:00:00,32.8
2018-07-30 16:15:00,27.9
2018-07-30 16:30:00,16.2
2018-07-30 16:45:00,27.6
2018-07-30 17:00:00,20.9
2018-07-30 17:15:00,39.7
2018-07-30 17:30:00,43.9
2018-07-30 17:45:00,86.89999
2018-07-30 18:00:00,88.7
2018-07-30 18:15:00,42.0
2018-07-30 18:30:00,32.5
2018-07-30 18:45:00,4.5
2018-07-30 19:00:00,10.0
2018-07-30 19:15:00,7.3
2018-07-30 19:30:00,0.7
2018-07-30 19:45:00,0.0
2018-07-30 20:00:00,0.0
2018-07-30 20:15:00,0.0
2018-07-30 20:30:00,0.0
2018-07-30 20:45:00,0.0
2018-07-30 21:00:00,0.0
2018-07-30 21:15:00,0.0
2018-07-30 21:30:00,0.0
2018-07-30 21:45:00,0.0
2018-07-30 22:00:00,0.0
2018-07-30 22:15:00,0.0
2018-07-30 22:30:00,0.0
2018-07-30 22:45:00,0.0
2018-07-30 23:00:00,0.0
2018-07-30 23:15:00,71.7
2018-07-30 23:30:00,95.6
2018-07-30 23:45:00,99.6
2018-07-31 00:00:00,126.8
2018-07-31 00:15:00,134.9
2018-07-31 00:30:00,112.5
2018-07-31 00:45:00,73.5
2018-07-31 01:00:00,66.6
2018-07-31 01:15:00,88.1
2018-07-31 01:30:00,67.39999
2018-07-31 01:45:00,49.8
2018-07-31 02:00:00,55.0
2018-07-31 02:15:00,57.0
2018-07-31 02:30:00,37.4
2018-07-31 02:45:00,34.3
2018-07-31 03:00:00,38.8
2018-07-31 03:15:00,32.0
2018-07-31 03:30:00,40.7
2018-07-31 03:45:00,36.4
2018-07-31 04:00:00,32.2
2018-07-31 04:15:00,28.5
2018-07-31 04:30:00,31.5
2018-07-31 04:45:00,24.2
2018-07-31 05:00:00,15.6
2018-07-31 05:15:00,15.5
2018-07-31 05:30:00,24.3
2018-07-31 05:45:00,20.8
2018-07-31 06:00:00,12.3
2018-07-31 06:15:00,9.4
2018-07-31 06:30:00,17.1
2018-07-31 06:45:00,20.0
2018-07-31 07:00:00,14.5
2018-07-31 07:15:00,8.3
2018-07-31 07:30:00,3.9
2018-07-31 07:45:00,0.0
2018-07-31 08:00:00,0.0
2018-07-31 08:15:00,0.0
2018-07-31 08:30:00,0.0
2018-07-31 08:45:00,0.0
2018-07-31 09:00:00,15.8
2018-07-31 09:15:00,18.9
2018-07-31 09:30:00,12.3
2018-07-31 09:45:00,13.6
2018-07-31 10:00:00,23.7
2018-07-31 10:15:00,22.8
2018-07-31 10:30:00,27.9
2018-07-31 10:45:00,11.5
2018-07-31 11:00:00,9.1
2018-07-31 11:15:00,8.4
2018-07-31 11:30:00,1.5
2018-07-31 11:45:00,0.2
2018-07-31 12:00:00,0.3
2018-07-31 12:15:00,0.3
2018-07-31 12:30:00,0.0
2018-07-31 12:45:00,0.0
2018-07-31 13:00:00,0.0
2018-07-31 13:15:00,0.0
2018-07-31 13:30:00,0.0
2018-07-31 13:45:00,2.1
2018-07-31 14:00:00,1.9
2018-07-31 14:15:00,2.8
2018-07-31 14:30:00,3.4
2018-07-31 14:45:00,6.1
2018-07-31 15:00:00,9.0
2018-07-31 15:15:00,7.1
2018-07-31 15:30:00,10.4
2018-07-31 15:45:00,11.6
2018-07-31 16:00:00,18.5
2018-07-31 16:15:00,18.2
2018-07-31 16:30:00,17.1
2018-07-31 16:45:00,14.5
2018-07-31 17:00:00,18.8
2018-07-31 17:15:00,19.0
2018-07-31 17:30:00,25.8
2018-07-31 17:45:00,29.9
2018-07-31 18:00:00,31.8
2018-07-31 18:15:00,49.6
2018-07-31 18:30:00,58.4
2018-07-31 18:45:00,54.0
2018-07-31 19:00:00,56.0
2018-07-31 19:15:00,63.3
2018-07-31 19:30:00,57.5
2018-07-31 19:45:00,42.9
2018-07-31 20:00:00,53.8
2018-07-31 20:15:00,52.7
2018-07-31 20:30:00,41.3
2018-07-31 20:45:00,47.3
2018-07-31 21:00:00,49.6
2018-07-31 21:15:00,53.9
2018-07-31 21:30:00,47.9
2018-07-31 21:45:00,50.8
2018-07-31 22:00:00,54.0
2018-07-31 22:15:00,39.9
2018-07-31 22:30:00,63.0
2018-07-31 22:45:00,64.5
2018-07-31 23:00:00,76.5
2018-07-31 23:15:00,75.2
2018-07-31 23:30:00,60.3
2018-07-31 23:45:00,67.5
2018-08-01 00:00:00,61.6
2018-08-01 00:15:00,72.1
2018-08-01 00:30:00,72.39999
2018-08-01 00:45:00,71.8
2018-08-01 01:00:00,57.4
2018-08-01 01:15:00,57.6
2018-08-01 01:30:00,44.4
2018-08-01 01:45:00,43.7
2018-08-01 02:00:00,36.6
2018-08-01 02:15:00,34.8
2018-08-01 02:30:00,34.8
2018-08-01 02:45:00,38.9
2018-08-01 03:00:00,41.4
2018-08-01 03:15:00,31.7
2018-08-01 03:30:00,21.3
2018-08-01 03:45:00,13.4
2018-08-01 04:00:00,7.4
2018-08-01 04:15:00,13.0
2018-08-01 04:30:00,14.8
2018-08-01 04:45:00,13.9
2018-08-01 05:01:00,12.2
2018-08-01 05:15:00,11.5
2018-08-01 05:30:00,13.7
2018-08-01 05:45:00,9.2
2018-08-01 06:00:00,8.4
2018-08-01 06:15:00,7.3
2018-08-01 06:30:00,10.9
2018-08-01 06:45:00,25.5
2018-08-01 07:00:00,31.3
2018-08-01 07:15:00,36.4
2018-08-01 07:30:00,30.0
2018-08-01 07:45:00,22.5
2018-08-01 08:00:00,19.1
2018-08-01 08:15:00,14.7
2018-08-01 08:30:00,13.4
2018-08-01 08:45:00,10.4
2018-08-01 09:00:00,14.9
2018-08-01 09:15:00,12.2
2018-08-01 09:30:00,12.3
2018-08-01 09:45:00,10.0
2018-08-01 10:00:00,9.6
2018-08-01 10:15:00,8.1
2018-08-01 10:30:00,7.3
2018-08-01 10:45:00,8.2
2018-08-01 11:00:00,7.5
2018-08-01 11:15:00,6.4
2018-08-01 11:30:00,4.3
2018-08-01 11:45:00,2.1
2018-08-01 12:00:00,0.9
2018-08-01 12:15:00,0.2
2018-08-01 12:30:00,0.0
2018-08-01 12:45:00,0.1
2018-08-01 13:00:00,3.7
2018-08-01 13:15:00,12.0
2018-08-01 13:30:00,12.2
2018-08-01 13:45:00,10.3
2018-08-01 14:00:00,14.1
2018-08-01 14:15:00,12.6
2018-08-01 14:30:00,13.0
2018-08-01 14:45:00,9.9
2018-08-01 15:00:00,11.7
2018-08-01 15:15:00,7.0
2018-08-01 15:30:00,0.7
2018-08-01 15:45:00,0.0
2018-08-01 16:00:00,0.0
2018-08-01 16:15:00,0.0
2018-08-01 16:30:00,0.0
2018-08-01 16:45:00,0.0
2018-08-01 17:00:00,0.0
2018-08-01 17:15:00,0.0
2018-08-01 17:30:00,0.0
2018-08-01 17:45:00,0.0
2018-08-01 18:00:00,0.0
2018-08-01 18:15:00,0.0
2018-08-01 18:30:00,0.0
2018-08-01 18:45:00,0.0
2018-08-01 19:00:00,0.0
2018-08-01 19:15:00,0.0
2018-08-01 19:30:00,0.0
2018-08-01 19:45:00,0.0
2018-08-01 20:00:00,0.0
2018-08-01 20:15:00,0.0
2018-08-01 20:30:00,0.0
2018-08-01 20:45:00,0.0
2018-08-01 21:00:00,0.0
2018-08-01 21:15:00,0.0
2018-08-01 21:30:00,0.4
2018-08-01 21:45:00,2.0
2018-08-01 22:00:00,1.8
2018-08-01 22:15:00,0.0
2018-08-01 22:30:00,0.2
2018-08-01 22:45:00,1.0
2018-08-01 23:00:00,1.1
2018-08-01 23:15:00,0.0
2018-08-01 23:30:00,4.8
2018-08-01 23:45:00,16.6
2018-08-02 00:00:00,19.8
2018-08-02 00:15:00,25.0
2018-08-02 00:30:00,33.2
2018-08-02 00:45:00,29.3
2018-08-02 01:00:00,17.0
2018-08-02 01:15:00,14.1
2018-08-02 01:30:00,14.3
2018-08-02 01:45:00,12.7
2018-08-02 02:00:00,16.2
2018-08-02 02:15:00,24.0
2018-08-02 02:30:00,34.9
2018-08-02 02:45:00,32.7
2018-08-02 03:00:00,41.1
2018-08-02 03:15:00,56.4
2018-08-02 03:30:00,68.7
2018-08-02 03:45:00,66.1
2018-08-02 04:00:00,48.2
2018-08-02 04:15:00,57.5
2018-08-02 04:30:00,60.5
2018-08-02 04:45:00,63.7
2018-08-02 05:00:00,82.3
2018-08-02 05:15:00,88.7
2018-08-02 05:30:00,92.5
2018-08-02 05:45:00,86.6
2018-08-02 06:00:00,86.7
2018-08-02 06:15:00,91.6
2018-08-02 06:30:00,103.3
2018-08-02 06:45:00,101.5
2018-08-02 07:00:00,127.39999
2018-08-02 07:15:00,140.9
2018-08-02 07:30:00,132.7
2018-08-02 07:45:00,134.59999
2018-08-02 08:00:00,113.6
2018-08-02 08:15:00,109.1
2018-08-02 08:30:00,110.6
2018-08-02 08:45:00,109.39999
2018-08-02 09:00:00,134.29999
2018-08-02 09:15:00,134.0
2018-08-02 09:30:00,132.09999
2018-08-02 09:45:00,135.0
2018-08-02 10:00:00,115.5
2018-08-02 10:15:00,104.1
2018-08-02 10:30:00,106.8
2018-08-02 10:45:00,115.0
2018-08-02 11:00:00,122.0
2018-08-02 11:15:00,129.59999
2018-08-02 11:30:00,120.3
2018-08-02 11:45:00,119.0
2018-08-02 12:00:00,115.1
2018-08-02 12:15:00,93.89999
2018-08-02 12:30:00,90.5
2018-08-02 12:45:00,23.9
2018-08-02 13:00:00,0.0
2018-08-02 13:15:00,0.0
2018-08-02 13:30:00,0.0
2018-08-02 13:45:00,0.0
2018-08-02 14:00:00,0.0
2018-08-02 14:15:00,0.0
2018-08-02 14:30:00,3.8
2018-08-02 14:45:00,11.1
2018-08-02 15:00:00,6.4
2018-08-02 15:15:00,0.0
2018-08-02 15:30:00,0.0
2018-08-02 15:45:00,13.0
2018-08-02 16:00:00,16.8
2018-08-02 16:15:00,6.2
2018-08-02 16:30:00,7.2
2018-08-02 16:45:00,7.6
2018-08-02 17:00:00,5.9
2018-08-02 17:15:00,6.0
2018-08-02 17:30:00,10.6
2018-08-02 17:45:00,24.6
2018-08-02 18:00:00,26.8
2018-08-02 18:15:00,24.3
2018-08-02 18:30:00,17.2
2018-08-02 18:45:00,15.8
2018-08-02 19:00:00,20.3
2018-08-02 19:15:00,22.2
2018-08-02 19:30:00,27.2
2018-08-02 19:45:00,25.0
2018-08-02 20:00:00,25.9
2018-08-02 20:15:00,26.9
2018-08-02 20:30:00,31.2
2018-08-02 20:45:00,24.5
2018-08-02 21:00:00,21.3
2018-08-02 21:15:00,17.1
2018-08-02 21:30:00,15.3
2018-08-02 21:45:00,19.7
2018-08-02 22:00:00,16.7
2018-08-02 22:15:00,25.5
2018-08-02 22:30:00,28.9
2018-08-02 22:45:00,20.9
2018-08-02 23:00:00,31.5
2018-08-02 23:15:00,20.9
2018-08-02 23:30:00,24.1
2018-08-02 23:45:00,21.1
2018-08-03 00:00:00,28.5
2018-08-03 00:15:00,25.9
2018-08-03 00:30:00,40.6
2018-08-03 00:45:00,38.5
2018-08-03 01:00:00,49.6
2018-08-03 01:15:00,36.9
2018-08-03 01:30:00,34.1
2018-08-03 01:45:00,32.5
2018-08-03 02:00:00,47.0
2018-08-03 02:15:00,50.1
2018-08-03 02:30:00,62.3
2018-08-03 02:45:00,78.7
2018-08-03 03:00:00,94.0
2018-08-03 03:15:00,97.6
2018-08-03 03:30:00,91.3
2018-08-03 03:45:00,72.8
2018-08-03 04:00:00,74.6
2018-08-03 04:15:00,88.0
2018-08-03 04:30:00,88.0
2018-08-03 04:45:00,108.0
2018-08-03 05:00:00,108.6
2018-08-03 05:15:00,109.8
2018-08-03 05:30:00,121.7
2018-08-03 05:45:00,132.0
2018-08-03 06:00:00,138.59999
2018-08-03 06:15:00,133.09999
2018-08-03 06:30:00,139.4
2018-08-03 06:45:00,135.9
2018-08-03 07:00:00,135.0
2018-08-03 07:15:00,153.7
2018-08-03 07:30:00,146.9
2018-08-03 07:45:00,146.5
2018-08-03 08:00:00,142.59999
2018-08-03 08:15:00,123.8
2018-08-03 08:30:00,117.5
2018-08-03 08:45:00,119.39999
2018-08-03 09:00:00,101.8
2018-08-03 09:15:00,111.8
2018-08-03 09:30:00,114.89999
2018-08-03 09:45:00,105.3
2018-08-03 10:00:00,106.89999
2018-08-03 10:15:00,103.1
2018-08-03 10:30:00,101.89999
2018-08-03 10:45:00,104.3
2018-08-03 11:00:00,102.1
2018-08-03 11:15:00,89.1
2018-08-03 11:30:00,87.39999
2018-08-03 11:45:00,105.2
2018-08-03 12:00:00,98.2
2018-08-03 12:15:00,90.7
2018-08-03 12:30:00,87.3
2018-08-03 12:45:00,86.39999
2018-08-03 13:00:00,79.1
2018-08-03 13:15:00,75.0
2018-08-03 13:30:00,64.0
2018-08-03 13:45:00,63.1
2018-08-03 14:00:00,72.0
2018-08-03 14:15:00,79.1
2018-08-03 14:30:00,83.2
2018-08-03 14:45:00,91.2
2018-08-03 15:00:00,96.0
2018-08-03 15:15:00,88.39999
2018-08-03 15:30:00,103.8
2018-08-03 15:45:00,96.2
2018-08-03 16:00:00,95.6
2018-08-03 16:15:00,105.7
2018-08-03 16:30:00,117.7
2018-08-03 16:45:00,116.2
2018-08-03 17:00:00,104.5
2018-08-03 17:15:00,106.2
2018-08-03 17:30:00,85.7
2018-08-03 17:45:00,81.7
2018-08-03 18:00:00,99.6
2018-08-03 18:15:00,115.8
2018-08-03 18:30:00,101.0
2018-08-03 18:45:00,88.0
2018-08-03 19:00:00,74.0
2018-08-03 19:15:00,72.5
2018-08-03 19:30:00,67.5
2018-08-03 19:45:00,84.0
2018-08-03 20:00:00,53.6
2018-08-03 20:15:00,70.8
2018-08-03 20:30:00,74.8
2018-08-03 20:45:00,88.89999
2018-08-03 21:00:00,73.5
2018-08-03 21:15:00,61.1
2018-08-03 21:30:00,72.2
2018-08-03 21:45:00,59.9
2018-08-03 22:00:00,85.5
2018-08-03 22:15:00,68.1
2018-08-03 22:30:00,68.0
2018-08-03 22:45:00,56.8
2018-08-03 23:00:00,69.8
2018-08-03 23:15:00,68.5
2018-08-03 23:30:00,79.7
2018-08-03 23:45:00,60.1
2018-08-04 00:00:00,60.8
2018-08-04 00:15:00,59.6
2018-08-04 00:30:00,51.0
2018-08-04 00:45:00,81.1
2018-08-04 01:00:00,93.3
2018-08-04 01:15:00,73.8
2018-08-04 01:30:00,67.5
2018-08-04 01:45:00,65.3
2018-08-04 02:00:00,59.7
2018-08-04 02:15:00,71.3
2018-08-04 02:30:00,88.3
2018-08-04 02:45:00,84.0
2018-08-04 03:00:00,98.0
2018-08-04 03:15:00,102.7
2018-08-04 03:30:00,105.8
2018-08-04 03:45:00,116.6
2018-08-04 04:00:00,125.6
2018-08-04 04:15:00,136.0
2018-08-04 04:30:00,138.0
2018-08-04 04:45:00,140.9
2018-08-04 05:00:00,149.29999
2018-08-04 05:15:00,153.5
2018-08-04 05:30:00,153.7
2018-08-04 05:45:00,153.5
2018-08-04 06:00:00,153.5
2018-08-04 06:15:00,149.5
2018-08-04 06:30:00,143.09999
2018-08-04 06:45:00,136.9
2018-08-04 07:00:00,123.39999
2018-08-04 07:15:00,116.0
2018-08-04 07:30:00,121.89999
2018-08-04 07:45:00,128.9
2018-08-04 08:00:00,139.29999
2018-08-04 08:15:00,135.7
2018-08-04 08:30:00,139.5
2018-08-04 08:45:00,128.7
2018-08-04 09:00:00,114.3
2018-08-04 09:15:00,110.2
2018-08-04 09:30:00,94.39999
2018-08-04 09:45:00,73.2
2018-08-04 10:00:00,38.3
2018-08-04 10:15:00,50.7
2018-08-04 10:30:00,69.39999
2018-08-04 10:45:00,57.3
2018-08-04 11:00:00,57.6
2018-08-04 11:15:00,78.1
2018-08-04 11:30:00,100.2
2018-08-04 11:45:00,127.3
2018-08-04 12:00:00,113.2
2018-08-04 12:15:00,112.3
2018-08-04 12:30:00,113.3
2018-08-04 12:45:00,136.79999
2018-08-04 13:00:00,131.2
2018-08-04 13:15:00,112.3
2018-08-04 13:30:00,80.89999
2018-08-04 13:45:00,78.89999
2018-08-04 14:00:00,93.3
2018-08-04 14:15:00,116.8
2018-08-04 14:30:00,127.5
2018-08-04 14:45:00,130.7
2018-08-04 15:00:00,139.5
2018-08-04 15:15:00,148.5
2018-08-04 15:30:00,147.7
2018-08-04 15:45:00,133.59999
2018-08-04 16:00:00,125.3
2018-08-04 16:15:00,111.39999
2018-08-04 16:30:00,108.8
2018-08-04 16:45:00,103.7
2018-08-04 17:00:00,98.8
2018-08-04 17:15:00,93.89999
2018-08-04 17:30:00,80.2
2018-08-04 17:45:00,80.8
2018-08-04 18:00:00,75.7
2018-08-04 18:15:00,71.8
2018-08-04 18:30:00,68.5
2018-08-04 18:45:00,55.9
2018-08-04 19:00:00,57.8
2018-08-04 19:15:00,57.1
2018-08-04 19:30:00,61.2
2018-08-04 19:45:00,60.4
2018-08-04 20:00:00,59.8
2018-08-04 20:15:00,50.1
2018-08-04 20:30:00,32.2
2018-08-04 20:45:00,53.8
2018-08-04 21:00:00,33.4
2018-08-04 21:15:00,35.0
2018-08-04 21:30:00,30.8
2018-08-04 21:45:00,39.6
2018-08-04 22:00:00,36.8
2018-08-04 22:15:00,42.8
2018-08-04 22:30:00,45.8
2018-08-04 22:45:00,53.6
2018-08-04 23:00:00,64.39999
2018-08-04 23:15:00,76.0
2018-08-04 23:30:00,70.3
2018-08-04 23:45:00,60.0
2018-08-05 00:00:00,81.39999
2018-08-05 00:15:00,63.3
2018-08-05 00:30:00,48.3
2018-08-05 00:45:00,47.9
2018-08-05 01:00:00,49.9
2018-08-05 01:15:00,40.7
2018-08-05 01:30:00,27.3
2018-08-05 01:45:00,32.6
2018-08-05 02:00:00,41.9
2018-08-05 02:15:00,33.5
2018-08-05 02:30:00,38.7
2018-08-05 02:45:00,41.1
2018-08-05 03:00:00,51.7
2018-08-05 03:15:00,51.5
2018-08-05 03:30:00,33.8
2018-08-05 03:45:00,43.8
2018-08-05 04:00:00,62.4
2018-08-05 04:15:00,81.3
2018-08-05 04:30:00,60.6
2018-08-05 04:45:00,61.5
2018-08-05 05:00:00,51.7
2018-08-05 05:15:00,45.5
2018-08-05 05:30:00,53.6
2018-08-05 05:45:00,58.5
2018-08-05 06:00:00,61.0
2018-08-05 06:15:00,62.6
2018-08-05 06:30:00,75.6
2018-08-05 06:45:00,81.6
2018-08-05 07:00:00,92.7
2018-08-05 07:15:00,138.4
2018-08-05 07:30:00,119.39999
2018-08-05 07:45:00,96.2
2018-08-05 08:00:00,79.1
2018-08-05 08:15:00,80.0
2018-08-05 08:30:00,88.89999
2018-08-05 08:45:00,98.6
2018-08-05 09:00:00,101.7
2018-08-05 09:15:00,89.8
2018-08-05 09:30:00,93.89999
2018-08-05 09:45:00,86.0
2018-08-05 10:00:00,97.8
2018-08-05 10:15:00,101.5
2018-08-05 10:30:00,98.89999
2018-08-05 10:45:00,96.6
2018-08-05 11:00:00,100.7
2018-08-05 11:15:00,92.0
2018-08-05 11:30:00,99.5
2018-08-05 11:45:00,101.8
2018-08-05 12:00:00,106.7
2018-08-05 12:15:00,109.39999
2018-08-05 12:30:00,108.1
2018-08-05 12:45:00,97.39999
2018-08-05 13:00:00,90.0
2018-08-05 13:15:00,70.0
2018-08-05 13:30:00,69.6
2018-08-05 13:45:00,81.5
2018-08-05 14:00:00,96.0
2018-08-05 14:15:00,105.0
2018-08-05 14:30:00,121.89999
2018-08-05 14:45:00,128.2
2018-08-05 15:00:00,139.2
2018-08-05 15:15:00,145.0
2018-08-05 15:30:00,137.9
2018-08-05 15:45:00,131.2
2018-08-05 16:00:00,126.1
2018-08-05 16:15:00,121.3
2018-08-05 16:30:00,106.1
2018-08-05 16:45:00,123.1
2018-08-05 17:00:00,118.39999
2018-08-05 17:15:00,110.39999
2018-08-05 17:30:00,123.3
2018-08-05 17:45:00,120.1
2018-08-05 18:00:00,115.89999
2018-08-05 18:15:00,117.2
2018-08-05 18:30:00,126.6
2018-08-05 18:45:00,118.6
2018-08-05 19:00:00,131.79999
2018-08-05 19:15:00,121.1
2018-08-05 19:30:00,105.8
2018-08-05 19:45:00,86.8
2018-08-05 20:00:00,97.6
2018-08-05 20:15:00,98.0
2018-08-05 20:30:00,91.3
2018-08-05 20:45:00,98.1
2018-08-05 21:00:00,117.1
2018-08-05 21:15:00,90.0
2018-08-05 21:30:00,92.1
2018-08-05 21:45:00,119.7
2018-08-05 22:00:00,121.6
2018-08-05 22:15:00,116.39999
2018-08-05 22:30:00,109.7
2018-08-05 22:45:00,101.1
2018-08-05 23:00:00,119.89999
2018-08-05 23:15:00,94.1
2018-08-05 23:30:00,90.2
2018-08-05 23:45:00,106.3
2018-08-06 00:00:00,102.0
2018-08-06 00:15:00,68.89999
2018-08-06 00:30:00,103.7
2018-08-06 00:45:00,82.3
2018-08-06 01:00:00,81.2
2018-08-06 01:15:00,153.7
2018-08-06 01:30:00,153.4
2018-08-06 01:45:00,127.0
2018-08-06 02:00:00,133.29999
2018-08-06 02:15:00,138.0
2018-08-06 02:30:00,116.3
2018-08-06 02:45:00,100.0
2018-08-06 03:00:00,94.39999
2018-08-06 03:15:00,91.6
2018-08-06 03:30:00,81.3
2018-08-06 03:45:00,68.3
2018-08-06 04:00:00,58.1
2018-08-06 04:15:00,53.1
2018-08-06 04:30:00,54.7
2018-08-06 04:45:00,54.5
2018-08-06 05:00:00,52.6
2018-08-06 05:15:00,56.5
2018-08-06 05:30:00,42.7
2018-08-06 05:45:00,40.7
2018-08-06 06:00:00,62.0
2018-08-06 06:15:00,65.89999
2018-08-06 06:30:00,65.89999
2018-08-06 06:45:00,61.7
2018-08-06 07:00:00,58.9
2018-08-06 07:15:00,53.5
2018-08-06 07:30:00,50.7
2018-08-06 07:45:00,49.9
2018-08-06 08:00:00,60.2
2018-08-06 08:15:00,55.6
2018-08-06 08:30:00,49.5
2018-08-06 08:45:00,56.5
2018-08-06 09:00:00,58.1
2018-08-06 09:15:00,53.4
2018-08-06 09:30:00,46.1
2018-08-06 09:45:00,41.2
2018-08-06 10:00:00,42.3
2018-08-06 10:15:00,42.3
2018-08-06 10:30:00,49.1
2018-08-06 10:45:00,41.5
2018-08-06 11:00:00,45.7
2018-08-06 11:15:00,51.1
2018-08-06 11:30:00,35.2
2018-08-06 11:45:00,31.3
2018-08-06 12:00:00,34.7
2018-08-06 12:15:00,26.4
2018-08-06 12:30:00,39.6
2018-08-06 12:45:00,35.1
2018-08-06 13:00:00,26.2
2018-08-06 13:15:00,19.9
2018-08-06 13:30:00,23.5
2018-08-06 13:45:00,45.8
2018-08-06 14:00:00,66.8
2018-08-06 14:15:00,72.5
2018-08-06 14:30:00,73.89999
2018-08-06 14:45:00,83.8
2018-08-06 15:00:00,80.6
2018-08-06 15:15:00,75.5
2018-08-06 15:30:00,48.6
2018-08-06 15:45:00,46.7
2018-08-06 16:00:00,50.7
2018-08-06 16:15:00,68.89999
2018-08-06 16:30:00,64.0
2018-08-06 16:45:00,67.3
2018-08-06 17:00:00,56.4
2018-08-06 17:15:00,53.4
2018-08-06 17:30:00,48.8
2018-08-06 17:45:00,55.0
2018-08-06 18:00:00,54.1
2018-08-06 18:15:00,58.8
2018-08-06 18:30:00,61.5
2018-08-06 18:45:00,62.1
2018-08-06 19:00:00,75.0
2018-08-06 19:15:00,64.2
2018-08-06 19:30:00,70.6
2018-08-06 19:45:00,59.0
2018-08-06 20:00:00,50.2
2018-08-06 20:15:00,45.1
2018-08-06 20:30:00,50.5
2018-08-06 20:45:00,43.5
2018-08-06 21:00:00,76.7
2018-08-06 21:15:00,53.7
2018-08-06 21:30:00,52.0
2018-08-06 21:45:00,63.8
2018-08-06 22:00:00,50.6
2018-08-06 22:15:00,43.7
2018-08-06 22:30:00,59.5
2018-08-06 22:45:00,61.8
2018-08-06 23:00:00,62.2
2018-08-06 23:15:00,56.8
2018-08-06 23:30:00,59.6
2018-08-06 23:45:00,63.0
2018-08-07 00:00:00,77.3
2018-08-07 00:15:00,68.39999
2018-08-07 00:30:00,45.1
2018-08-07 00:45:00,55.9
2018-08-07 01:00:00,60.5
2018-08-07 01:15:00,45.6
2018-08-07 01:30:00,34.2
2018-08-07 01:45:00,39.0
2018-08-07 02:00:00,42.5
2018-08-07 02:15:00,53.0
2018-08-07 02:30:00,57.6
2018-08-07 02:45:00,49.3
2018-08-07 03:00:00,49.4
2018-08-07 03:15:00,57.8
2018-08-07 03:30:00,51.0
2018-08-07 03:45:00,47.9
2018-08-07 04:00:00,53.6
2018-08-07 04:15:00,89.89999
2018-08-07 04:30:00,111.0
2018-08-07 04:45:00,106.39999
2018-08-07 05:00:00,116.2
2018-08-07 05:15:00,111.0
2018-08-07 05:30:00,117.89999
2018-08-07 05:45:00,120.3
2018-08-07 06:00:00,122.2
2018-08-07 06:15:00,118.3
2018-08-07 06:30:00,118.3
2018-08-07 06:45:00,113.39999
2018-08-07 07:00:00,105.3
2018-08-07 07:15:00,104.89999
2018-08-07 07:30:00,105.7
2018-08-07 07:45:00,94.1
2018-08-07 08:00:00,90.89999
2018-08-07 08:15:00,91.1
2018-08-07 08:30:00,100.3
2018-08-07 08:45:00,89.3
2018-08-07 09:00:00,76.2
2018-08-07 09:15:00,79.1
2018-08-07 09:30:00,71.89999
2018-08-07 09:45:00,79.89999
2018-08-07 10:00:00,83.7
2018-08-07 10:15:00,69.2
2018-08-07 10:30:00,45.8
2018-08-07 10:45:00,50.5
2018-08-07 11:00:00,50.3
2018-08-07 11:15:00,42.7
2018-08-07 11:30:00,40.9
2018-08-07 11:45:00,22.2
2018-08-07 12:00:00,17.5
2018-08-07 12:15:00,12.9
2018-08-07 12:30:00,11.9
2018-08-07 12:45:00,11.7
2018-08-07 13:00:00,12.7
2018-08-07 13:15:00,16.1
2018-08-07 13:30:00,16.7
2018-08-07 13:45:00,7.4
2018-08-07 14:00:00,12.6
2018-08-07 14:15:00,19.6
2018-08-07 14:30:00,18.6
2018-08-07 14:45:00,22.8
2018-08-07 15:00:00,25.0
2018-08-07 15:15:00,22.8
2018-08-07 15:30:00,19.7
2018-08-07 15:45:00,16.0
2018-08-07 16:00:00,14.7
2018-08-07 16:15:00,17.6
2018-08-07 16:30:00,20.1
2018-08-07 16:45:00,24.5
2018-08-07 17:00:00,27.0
2018-08-07 17:15:00,20.8
2018-08-07 17:30:00,25.0
2018-08-07 17:45:00,26.3
2018-08-07 18:00:00,21.0
2018-08-07 18:15:00,30.6
2018-08-07 18:30:00,23.0
2018-08-07 18:45:00,34.2
2018-08-07 19:00:00,47.5
2018-08-07 19:15:00,39.5
2018-08-07 19:30:00,42.9
2018-08-07 19:45:00,24.3
2018-08-07 20:00:00,28.8
2018-08-07 20:15:00,24.7
2018-08-07 20:30:00,15.3
2018-08-07 20:45:00,22.6
2018-08-07 21:00:00,14.2
2018-08-07 21:15:00,15.3
2018-08-07 21:30:00,19.3
2018-08-07 21:45:00,18.2
2018-08-07 22:00:00,19.5
2018-08-07 22:15:00,21.6
2018-08-07 22:30:00,12.6
2018-08-07 22:45:00,22.1
2018-08-07 23:00:00,23.0
2018-08-07 23:15:00,29.9
2018-08-07 23:30:00,34.6
2018-08-07 23:45:00,38.2
2018-08-08 00:00:00,27.9
2018-08-08 00:15:00,26.2
2018-08-08 00:30:00,30.6
2018-08-08 00:45:00,23.8
2018-08-08 01:00:00,20.1
2018-08-08 01:15:00,33.4
2018-08-08 01:30:00,34.9
2018-08-08 01:45:00,34.2
2018-08-08 02:00:00,39.5
2018-08-08 02:15:00,42.1
2018-08-08 02:30:00,44.9
2018-08-08 02:45:00,43.8
2018-08-08 03:00:00,47.7
2018-08-08 03:15:00,53.8
2018-08-08 03:30:00,74.7
2018-08-08 03:45:00,82.6
2018-08-08 04:00:00,93.3
2018-08-08 04:15:00,90.0
2018-08-08 04:30:00,100.3
2018-08-08 04:45:00,94.89999
2018-08-08 05:00:00,85.0
2018-08-08 05:15:00,85.2
2018-08-08 05:30:00,81.1
2018-08-08 05:45:00,69.0
2018-08-08 06:00:00,67.89999
2018-08-08 06:15:00,58.6
2018-08-08 06:30:00,69.8
2018-08-08 06:45:00,77.3
2018-08-08 07:00:00,73.89999
2018-08-08 07:15:00,68.5
2018-08-08 07:30:00,69.5
2018-08-08 07:45:00,65.2
2018-08-08 08:00:00,71.7
2018-08-08 08:15:00,49.2
2018-08-08 08:30:00,59.0
2018-08-08 08:45:00,53.4
2018-08-08 09:00:00,58.3
2018-08-08 09:15:00,79.0
2018-08-08 09:30:00,73.5
2018-08-08 09:45:00,73.3
2018-08-08 10:00:00,80.5
2018-08-08 10:15:00,78.3
2018-08-08 10:30:00,83.2
2018-08-08 10:45:00,78.5
2018-08-08 11:00:00,79.6
2018-08-08 11:15:00,86.0
2018-08-08 11:30:00,91.3
2018-08-08 11:45:00,85.5
2018-08-08 12:00:00,85.8
2018-08-08 12:15:00,74.89999
2018-08-08 12:30:00,59.2
2018-08-08 12:45:00,56.1
2018-08-08 13:00:00,72.39999
2018-08-08 13:15:00,48.7
2018-08-08 13:30:00,22.2
2018-08-08 13:45:00,42.3
2018-08-08 14:00:00,67.5
2018-08-08 14:15:00,82.5
2018-08-08 14:30:00,65.7
2018-08-08 14:45:00,64.89999
2018-08-08 15:00:00,47.7
2018-08-08 15:15:00,53.4
2018-08-08 15:30:00,46.1
2018-08-08 15:45:00,49.4
2018-08-08 16:00:00,60.3
2018-08-08 16:15:00,28.4
2018-08-08 16:30:00,13.4
2018-08-08 16:45:00,2.2
2018-08-08 17:00:00,0.0
2018-08-08 17:15:00,0.0
2018-08-08 17:30:00,0.0
2018-08-08 17:45:00,0.0
2018-08-08 18:00:00,0.0
2018-08-08 18:15:00,0.0
2018-08-08 18:30:00,21.3
2018-08-08 18:45:00,74.8
2018-08-08 19:00:00,23.1
2018-08-08 19:15:00,1.8
2018-08-08 19:30:00,0.9
2018-08-08 19:45:00,0.0
2018-08-08 20:00:00,0.0
2018-08-08 20:15:00,0.0
2018-08-08 20:30:00,0.0
2018-08-08 20:45:00,0.0
2018-08-08 21:00:00,0.4
2018-08-08 21:15:00,2.5
2018-08-08 21:30:00,4.0
2018-08-08 21:45:00,2.7
2018-08-08 22:00:00,0.0
2018-08-08 22:15:00,0.0
2018-08-08 22:30:00,0.0
2018-08-08 22:45:00,0.0
2018-08-08 23:00:00,0.0
2018-08-08 23:15:00,1.8
2018-08-08 23:30:00,0.0
2018-08-08 23:45:00,0.2
2018-08-09 00:00:00,0.0
2018-08-09 00:15:00,12.5
2018-08-09 00:30:00,5.4
2018-08-09 00:45:00,12.1
2018-08-09 01:00:00,13.0
2018-08-09 01:15:00,18.1
2018-08-09 01:30:00,23.5
2018-08-09 01:45:00,24.7
2018-08-09 02:00:00,13.8
2018-08-09 02:15:00,13.8
2018-08-09 02:30:00,18.0
2018-08-09 02:45:00,13.3
2018-08-09 03:00:00,12.9
2018-08-09 03:15:00,5.8
2018-08-09 03:30:00,5.9
2018-08-09 03:45:00,4.7
2018-08-09 04:00:00,15.4
2018-08-09 04:15:00,8.7
2018-08-09 04:30:00,9.1
2018-08-09 04:45:00,10.0
2018-08-09 05:00:00,20.1
2018-08-09 05:15:00,53.4
2018-08-09 05:30:00,43.3
2018-08-09 05:45:00,27.9
2018-08-09 06:00:00,41.3
2018-08-09 06:15:00,48.8
2018-08-09 06:30:00,30.2
2018-08-09 06:45:00,26.1
2018-08-09 07:00:00,21.6
2018-08-09 07:15:00,45.5
2018-08-09 07:30:00,42.2
2018-08-09 07:45:00,48.3
2018-08-09 08:00:00,70.7
2018-08-09 08:15:00,97.8
2018-08-09 08:30:00,101.8
2018-08-09 08:45:00,99.2
2018-08-09 09:00:00,88.2
2018-08-09 09:15:00,17.7
2018-08-09 09:30:00,24.8
2018-08-09 09:45:00,23.2
2018-08-09 10:00:00,29.0
2018-08-09 10:15:00,20.7
2018-08-09 10:30:00,18.0
2018-08-09 10:45:00,13.0
2018-08-09 11:00:00,13.5
2018-08-09 11:15:00,13.3
2018-08-09 11:30:00,22.7
2018-08-09 11:45:00,33.1
2018-08-09 12:00:00,22.4
2018-08-09 12:15:00,18.3
2018-08-09 12:30:00,25.5
2018-08-09 12:45:00,56.1
2018-08-09 13:00:00,59.5
2018-08-09 13:15:00,29.0
2018-08-09 13:30:00,3.5
2018-08-09 13:45:00,0.0
2018-08-09 14:00:00,4.4
2018-08-09 14:15:00,1.9
2018-08-09 14:30:00,0.0
2018-08-09 14:45:00,0.0
2018-08-09 15:00:00,3.4
2018-08-09 15:15:00,20.1
2018-08-09 15:30:00,38.4
2018-08-09 15:45:00,30.4
2018-08-09 16:00:00,30.4
2018-08-09 16:15:00,19.7
2018-08-09 16:30:00,18.1
2018-08-09 16:45:00,29.6
2018-08-09 17:00:00,25.3
2018-08-09 17:15:00,4.3
2018-08-09 17:30:00,0.0
2018-08-09 17:45:00,0.0
2018-08-09 18:00:00,0.0
2018-08-09 18:15:00,0.0
2018-08-09 18:30:00,0.0
2018-08-09 18:45:00,0.0
2018-08-09 19:00:00,0.0
2018-08-09 19:15:00,0.0
2018-08-09 19:30:00,0.0
2018-08-09 19:45:00,0.0
2018-08-09 20:00:00,1.0
2018-08-09 20:15:00,0.0
2018-08-09 20:30:00,1.5
2018-08-09 20:45:00,4.2
2018-08-09 21:00:00,0.4
2018-08-09 21:15:00,0.0
2018-08-09 21:30:00,0.0
2018-08-09 21:45:00,0.0
2018-08-09 22:00:00,0.0
2018-08-09 22:15:00,0.0
2018-08-09 22:30:00,0.0
2018-08-09 22:45:00,0.0
2018-08-09 23:00:00,0.0
2018-08-09 23:15:00,0.0
2018-08-09 23:30:00,0.0
2018-08-09 23:45:00,0.0
2018-08-10 00:00:00,0.0
2018-08-10 00:15:00,0.0
2018-08-10 00:30:00,0.0
2018-08-10 00:45:00,0.0
2018-08-10 01:00:00,1.2
2018-08-10 01:15:00,9.9
2018-08-10 01:30:00,12.5
2018-08-10 01:45:00,6.2
2018-08-10 02:00:00,0.0
2018-08-10 02:15:00,0.0
2018-08-10 02:30:00,0.0
2018-08-10 02:45:00,0.6
2018-08-10 03:00:00,4.3
2018-08-10 03:15:00,3.0
2018-08-10 03:30:00,7.4
2018-08-10 03:45:00,8.4
2018-08-10 04:00:00,9.6
2018-08-10 04:15:00,5.5
2018-08-10 04:30:00,2.1
2018-08-10 04:45:00,3.9
2018-08-10 05:00:00,4.7
2018-08-10 05:15:00,11.0
2018-08-10 05:30:00,20.7
2018-08-10 05:45:00,22.8
2018-08-10 06:00:00,17.6
2018-08-10 06:15:00,13.0
2018-08-10 06:30:00,10.8
2018-08-10 06:45:00,12.2
2018-08-10 07:00:00,4.8
2018-08-10 07:15:00,2.6
2018-08-10 07:30:00,0.0
2018-08-10 07:45:00,0.0
2018-08-10 08:00:00,0.0
2018-08-10 08:15:00,0.0
2018-08-10 08:30:00,0.0
2018-08-10 08:45:00,1.8
2018-08-10 09:00:00,9.3
2018-08-10 09:15:00,6.8
2018-08-10 09:30:00,10.4
2018-08-10 09:45:00,52.8
2018-08-10 10:00:00,68.5
2018-08-10 10:15:00,49.2
2018-08-10 10:30:00,24.3
2018-08-10 10:45:00,19.5
2018-08-10 11:00:00,15.8
2018-08-10 11:15:00,18.2
2018-08-10 11:30:00,16.8
2018-08-10 11:45:00,14.6
2018-08-10 12:00:00,15.6
2018-08-10 12:15:00,21.3
2018-08-10 12:30:00,21.9
2018-08-10 12:45:00,16.4
2018-08-10 13:00:00,20.0
2018-08-10 13:15:00,22.8
2018-08-10 13:30:00,18.8
2018-08-10 13:45:00,10.7
2018-08-10 14:00:00,25.8
2018-08-10 14:15:00,36.2
2018-08-10 14:30:00,31.2
2018-08-10 14:45:00,50.3
2018-08-10 15:00:00,38.4
2018-08-10 15:15:00,60.5
2018-08-10 15:30:00,78.39999
2018-08-10 15:45:00,84.5
2018-08-10 16:00:00,79.3
2018-08-10 16:15:00,69.1
2018-08-10 16:30:00,105.2
2018-08-10 16:45:00,85.6
2018-08-10 17:00:00,52.2
2018-08-10 17:15:00,13.5
2018-08-10 17:30:00,33.8
2018-08-10 17:45:00,23.7
2018-08-10 18:00:00,8.6
2018-08-10 18:15:00,3.3
2018-08-10 18:30:00,0.0
2018-08-10 18:45:00,0.0
2018-08-10 19:00:00,2.2
2018-08-10 19:15:00,10.2
2018-08-10 19:30:00,12.4
2018-08-10 19:45:00,6.4
2018-08-10 20:00:00,9.5
2018-08-10 20:15:00,2.1
2018-08-10 20:30:00,2.1
2018-08-10 20:45:00,0.0
2018-08-10 21:00:00,0.0
2018-08-10 21:15:00,0.0
2018-08-10 21:30:00,2.2
2018-08-10 21:45:00,0.0
2018-08-10 22:00:00,0.0
2018-08-10 22:15:00,0.0
2018-08-10 22:30:00,0.0
2018-08-10 22:45:00,0.0
2018-08-10 23:00:00,2.1
2018-08-10 23:15:00,0.0
2018-08-10 23:30:00,0.1
2018-08-10 23:45:00,4.9
2018-08-11 00:00:00,14.3
2018-08-11 00:15:00,12.3
2018-08-11 00:30:00,9.8
2018-08-11 00:45:00,6.7
2018-08-11 01:00:00,4.2
2018-08-11 01:15:00,8.8
2018-08-11 01:30:00,7.2
2018-08-11 01:45:00,14.6
2018-08-11 02:00:00,8.3
2018-08-11 02:15:00,11.5
2018-08-11 02:30:00,17.2
2018-08-11 02:45:00,23.8
2018-08-11 03:00:00,13.5
2018-08-11 03:15:00,8.2
2018-08-11 03:30:00,12.7
2018-08-11 03:45:00,8.4
2018-08-11 04:00:00,2.8
2018-08-11 04:15:00,3.6
2018-08-11 04:30:00,5.0
2018-08-11 04:45:00,3.0
2018-08-11 05:00:00,0.6
2018-08-11 05:15:00,1.7
2018-08-11 05:30:00,1.1
2018-08-11 05:45:00,4.3
2018-08-11 06:00:00,0.0
2018-08-11 06:15:00,2.6
2018-08-11 06:30:00,4.9
2018-08-11 06:45:00,11.3
2018-08-11 07:00:00,9.4
2018-08-11 07:15:00,10.5
2018-08-11 07:30:00,9.9
2018-08-11 07:45:00,7.9
2018-08-11 08:00:00,2.3
2018-08-11 08:15:00,0.8
2018-08-11 08:30:00,0.0
2018-08-11 08:45:00,0.0
2018-08-11 09:00:00,0.0
2018-08-11 09:15:00,0.0
2018-08-11 09:30:00,0.0
2018-08-11 09:45:00,0.0
2018-08-11 10:00:00,0.0
2018-08-11 10:15:00,0.0
2018-08-11 10:30:00,0.0
2018-08-11 10:45:00,0.0
2018-08-11 11:00:00,0.0
2018-08-11 11:15:00,0.0
2018-08-11 11:30:00,24.7
2018-08-11 11:45:00,22.1
2018-08-11 12:00:00,14.7
2018-08-11 12:15:00,6.8
2018-08-11 12:30:00,6.3
2018-08-11 12:45:00,4.1
2018-08-11 13:00:00,5.0
2018-08-11 13:15:00,2.5
2018-08-11 13:30:00,3.2
2018-08-11 13:45:00,3.8
2018-08-11 14:00:00,0.0
2018-08-11 14:15:00,0.0
2018-08-11 14:30:00,0.0
2018-08-11 14:45:00,0.0
2018-08-11 15:00:00,0.0
2018-08-11 15:15:00,0.0
2018-08-11 15:30:00,0.0
2018-08-11 15:45:00,0.0
2018-08-11 16:00:00,0.0
2018-08-11 16:15:00,0.0
2018-08-11 16:30:00,0.0
2018-08-11 16:45:00,0.0
2018-08-11 17:00:00,0.0
2018-08-11 17:15:00,0.0
2018-08-11 17:30:00,0.0
2018-08-11 17:45:00,0.0
2018-08-11 18:00:00,0.0
2018-08-11 18:15:00,0.0
2018-08-11 18:30:00,1.4
2018-08-11 18:45:00,1.0
2018-08-11 19:00:00,0.5
2018-08-11 19:15:00,2.7
2018-08-11 19:30:00,0.7
2018-08-11 19:45:00,2.7
2018-08-11 20:00:00,8.3
2018-08-11 20:15:00,5.2
2018-08-11 20:30:00,9.2
2018-08-11 20:45:00,1.9
2018-08-11 21:00:00,5.7
2018-08-11 21:15:00,12.4
2018-08-11 21:30:00,2.9
2018-08-11 21:45:00,5.2
2018-08-11 22:00:00,4.0
2018-08-11 22:15:00,1.1
2018-08-11 22:30:00,0.5
2018-08-11 22:45:00,27.3
2018-08-11 23:00:00,22.5
2018-08-11 23:15:00,7.3
2018-08-11 23:30:00,18.9
2018-08-11 23:45:00,15.9
2018-08-12 00:00:00,15.2
2018-08-12 00:15:00,13.8
2018-08-12 00:30:00,8.4
2018-08-12 00:45:00,0.0
2018-08-12 01:00:00,2.2
2018-08-12 01:15:00,8.8
2018-08-12 01:30:00,1.9
2018-08-12 01:45:00,0.0
2018-08-12 02:00:00,0.0
2018-08-12 02:15:00,0.0
2018-08-12 02:30:00,0.0
2018-08-12 02:45:00,0.0
2018-08-12 03:00:00,0.0
2018-08-12 03:15:00,8.7
2018-08-12 03:30:00,16.5
2018-08-12 03:45:00,12.4
2018-08-12 04:00:00,0.2
2018-08-12 04:15:00,0.0
2018-08-12 04:30:00,0.0
2018-08-12 04:45:00,0.0
2018-08-12 05:00:00,0.0
2018-08-12 05:15:00,0.0
2018-08-12 05:30:00,0.0
2018-08-12 05:45:00,0.0
2018-08-12 06:00:00,0.0
2018-08-12 06:15:00,0.0
2018-08-12 06:30:00,0.0
2018-08-12 06:45:00,17.4
2018-08-12 07:00:00,17.3
2018-08-12 07:15:00,8.0
2018-08-12 07:30:00,4.3
2018-08-12 07:45:00,0.5
2018-08-12 08:00:00,0.0
2018-08-12 08:15:00,0.0
2018-08-12 08:30:00,0.0
2018-08-12 08:45:00,0.0
2018-08-12 09:00:00,0.0
2018-08-12 09:15:00,0.0
2018-08-12 09:30:00,0.0
2018-08-12 09:45:00,0.0
2018-08-12 10:00:00,0.0
2018-08-12 10:15:00,0.0
2018-08-12 10:30:00,0.0
2018-08-12 10:45:00,0.0
2018-08-12 11:00:00,0.0
2018-08-12 11:15:00,0.0
2018-08-12 11:30:00,0.0
2018-08-12 11:45:00,0.0
2018-08-12 12:00:00,0.0
2018-08-12 12:15:00,0.0
2018-08-12 12:30:00,0.0
2018-08-12 12:45:00,0.0
2018-08-12 13:00:00,0.0
2018-08-12 13:15:00,0.0
2018-08-12 13:30:00,0.0
2018-08-12 13:45:00,0.0
2018-08-12 14:00:00,0.0
2018-08-12 14:15:00,0.0
2018-08-12 14:30:00,0.0
2018-08-12 14:45:00,0.0
2018-08-12 15:00:00,0.0
2018-08-12 15:15:00,0.0
2018-08-12 15:30:00,0.0
2018-08-12 15:45:00,0.0
2018-08-12 16:00:00,0.5
2018-08-12 16:15:00,12.1
2018-08-12 16:30:00,27.6
2018-08-12 16:45:00,36.4
2018-08-12 17:00:00,39.1
2018-08-12 17:15:00,65.1
2018-08-12 17:30:00,89.89999
2018-08-12 17:45:00,66.89999
2018-08-12 18:00:00,52.7
2018-08-12 18:15:00,40.3
2018-08-12 18:30:00,27.2
2018-08-12 18:45:00,6.5
2018-08-12 19:00:00,0.0
2018-08-12 19:15:00,0.0
2018-08-12 19:30:00,0.0
2018-08-12 19:45:00,0.0
2018-08-12 20:00:00,0.0
2018-08-12 20:15:00,0.0
2018-08-12 20:30:00,0.2
2018-08-12 20:45:00,0.0
2018-08-12 21:00:00,0.0
2018-08-12 21:15:00,0.0
2018-08-12 21:30:00,0.0
2018-08-12 21:45:00,0.0
2018-08-12 22:00:00,0.0
2018-08-12 22:15:00,0.0
2018-08-12 22:30:00,0.0
2018-08-12 22:45:00,0.0
2018-08-12 23:00:00,0.0
2018-08-12 23:15:00,0.0
2018-08-12 23:30:00,0.0
2018-08-12 23:45:00,0.0
2018-08-13 00:00:00,0.0
2018-08-13 00:15:00,0.2
2018-08-13 00:30:00,0.0
2018-08-13 00:45:00,2.0
2018-08-13 01:00:00,4.6
2018-08-13 01:15:00,4.1
2018-08-13 01:30:00,5.4
2018-08-13 01:45:00,2.1
2018-08-13 02:00:00,2.3
2018-08-13 02:15:00,6.7
2018-08-13 02:30:00,15.1
2018-08-13 02:45:00,14.2
2018-08-13 03:00:00,14.6
2018-08-13 03:15:00,14.0
2018-08-13 03:30:00,19.0
2018-08-13 03:45:00,30.2
2018-08-13 04:00:00,36.6
2018-08-13 04:15:00,30.4
2018-08-13 04:30:00,27.7
2018-08-13 04:45:00,10.7
2018-08-13 05:00:00,5.1
2018-08-13 05:15:00,9.4
2018-08-13 05:30:00,18.6
2018-08-13 05:45:00,18.0
2018-08-13 06:00:00,23.0
2018-08-13 06:15:00,18.7
2018-08-13 06:30:00,23.6
2018-08-13 06:45:00,22.1
2018-08-13 07:00:00,47.2
2018-08-13 07:15:00,66.0
2018-08-13 07:30:00,63.1
2018-08-13 07:45:00,58.3
2018-08-13 08:00:00,37.1
2018-08-13 08:15:00,32.5
2018-08-13 08:30:00,32.5
2018-08-13 08:45:00,45.1
2018-08-13 09:00:00,84.1
2018-08-13 09:15:00,62.7
2018-08-13 09:30:00,51.7
2018-08-13 09:45:00,55.0
2018-08-13 10:00:00,69.3
2018-08-13 10:15:00,76.1
2018-08-13 10:30:00,62.1
2018-08-13 10:45:00,97.5
2018-08-13 11:00:00,33.6
2018-08-13 11:15:00,55.2
2018-08-13 11:30:00,41.0
2018-08-13 11:45:00,33.1
2018-08-13 12:00:00,26.2
2018-08-13 12:15:00,32.9
2018-08-13 12:30:00,41.0
2018-08-13 12:45:00,68.2
2018-08-13 13:00:00,84.2
2018-08-13 13:15:00,44.9
2018-08-13 13:30:00,33.8
2018-08-13 13:45:00,11.4
2018-08-13 14:00:00,16.1
2018-08-13 14:15:00,14.1
2018-08-13 14:30:00,13.8
2018-08-13 14:45:00,2.9
2018-08-13 15:00:00,6.5
2018-08-13 15:15:00,3.6
2018-08-13 15:30:00,5.0
2018-08-13 15:45:00,24.2
2018-08-13 16:00:00,4.5
2018-08-13 16:15:00,0.0
2018-08-13 16:30:00,5.4
2018-08-13 16:45:00,0.0
2018-08-13 17:00:00,0.0
2018-08-13 17:15:00,0.0
2018-08-13 17:30:00,0.0
2018-08-13 17:45:00,0.0
2018-08-13 18:00:00,5.1
2018-08-13 18:15:00,1.7
2018-08-13 18:30:00,1.4
2018-08-13 18:45:00,3.3
2018-08-13 19:00:00,8.7
2018-08-13 19:15:00,7.3
2018-08-13 19:30:00,8.2
2018-08-13 19:45:00,15.3
2018-08-13 20:00:00,15.6
2018-08-13 20:15:00,9.9
2018-08-13 20:30:00,7.4
2018-08-13 20:45:00,1.7
2018-08-13 21:00:00,26.4
2018-08-13 21:15:00,39.3
2018-08-13 21:30:00,37.6
2018-08-13 21:45:00,18.4
2018-08-13 22:00:00,5.9
2018-08-13 22:15:00,31.1
2018-08-13 22:30:00,39.7
2018-08-13 22:45:00,33.4
2018-08-13 23:00:00,48.6
2018-08-13 23:15:00,43.1
2018-08-13 23:30:00,32.7
2018-08-13 23:45:00,24.7
2018-08-14 00:00:00,25.1
2018-08-14 00:15:00,25.0
2018-08-14 00:30:00,34.1
2018-08-14 00:45:00,41.5
2018-08-14 01:00:00,47.4
2018-08-14 01:15:00,52.5
2018-08-14 01:30:00,69.8
2018-08-14 01:45:00,84.1
2018-08-14 02:00:00,96.7
2018-08-14 02:15:00,96.7
2018-08-14 02:30:00,108.6
2018-08-14 02:45:00,97.39999
2018-08-14 03:00:00,84.3
2018-08-14 03:15:00,82.5
2018-08-14 03:30:00,84.39999
2018-08-14 03:45:00,80.6
2018-08-14 04:00:00,64.6
2018-08-14 04:15:00,58.9
2018-08-14 04:30:00,55.2
2018-08-14 04:45:00,51.4
2018-08-14 05:00:00,51.4
2018-08-14 05:15:00,49.4
2018-08-14 05:30:00,46.6
2018-08-14 05:45:00,47.3
2018-08-14 06:00:00,45.6
2018-08-14 06:15:00,56.5
2018-08-14 06:30:00,73.1
2018-08-14 06:45:00,65.0
2018-08-14 07:00:00,73.0
2018-08-14 07:15:00,82.8
2018-08-14 07:30:00,83.8
2018-08-14 07:45:00,87.7
2018-08-14 08:00:00,82.7
2018-08-14 08:15:00,90.8
2018-08-14 08:30:00,92.39999
2018-08-14 08:45:00,75.2
2018-08-14 09:00:00,75.39999
2018-08-14 09:15:00,79.1
2018-08-14 09:30:00,85.39999
2018-08-14 09:45:00,87.2
2018-08-14 10:00:00,86.8
2018-08-14 10:15:00,86.0
2018-08-14 10:30:00,88.89999
2018-08-14 10:45:00,85.39999
2018-08-14 11:00:00,79.8
2018-08-14 11:15:00,96.0
2018-08-14 11:30:00,89.3
2018-08-14 11:45:00,91.7
2018-08-14 12:00:00,96.7
2018-08-14 12:15:00,85.1
2018-08-14 12:30:00,75.0
2018-08-14 12:45:00,72.1
2018-08-14 13:00:00,84.3
2018-08-14 13:15:00,85.0
2018-08-14 13:30:00,86.3
2018-08-14 13:45:00,80.0
2018-08-14 14:00:00,92.0
2018-08-14 14:15:00,103.6
2018-08-14 14:30:00,123.8
2018-08-14 14:45:00,122.89999
2018-08-14 15:00:00,132.5
2018-08-14 15:15:00,122.5
2018-08-14 15:30:00,117.89999
2018-08-14 15:45:00,124.0
2018-08-14 16:00:00,113.8
2018-08-14 16:15:00,93.0
2018-08-14 16:30:00,89.7
2018-08-14 16:45:00,83.7
2018-08-14 17:00:00,88.6
2018-08-14 17:15:00,83.0
2018-08-14 17:30:00,87.3
2018-08-14 17:45:00,79.89999
2018-08-14 18:00:00,77.6
2018-08-14 18:15:00,63.0
2018-08-14 18:30:00,73.7
2018-08-14 18:45:00,80.89999
2018-08-14 19:00:00,85.89999
2018-08-14 19:15:00,100.8
2018-08-14 19:30:00,90.89999
2018-08-14 19:45:00,82.0
2018-08-14 20:00:00,83.8
2018-08-14 20:15:00,77.8
2018-08-14 20:30:00,70.8
2018-08-14 20:45:00,79.2
2018-08-14 21:00:00,84.89999
2018-08-14 21:15:00,93.8
2018-08-14 21:30:00,87.39999
2018-08-14 21:45:00,95.89999
2018-08-14 22:00:00,87.1
2018-08-14 22:15:00,109.0
2018-08-14 22:30:00,108.5
2018-08-14 22:45:00,107.6
2018-08-14 23:00:00,100.3
2018-08-14 23:15:00,115.0
2018-08-14 23:30:00,114.6
2018-08-14 23:45:00,124.7
2018-08-15 00:00:00,116.1
2018-08-15 00:15:00,129.59999
2018-08-15 00:30:00,104.2
2018-08-15 00:45:00,88.7
2018-08-15 01:00:00,66.7
2018-08-15 01:15:00,69.89999
2018-08-15 01:30:00,93.5
2018-08-15 01:45:00,96.1
2018-08-15 02:00:00,105.8
2018-08-15 02:15:00,123.89999
2018-08-15 02:30:00,115.3
2018-08-15 02:45:00,137.7
2018-08-15 03:00:00,146.5
2018-08-15 03:15:00,128.4
2018-08-15 03:30:00,84.7
2018-08-15 03:45:00,95.39999
2018-08-15 04:00:00,92.8
2018-08-15 04:15:00,89.2
2018-08-15 04:30:00,86.1
2018-08-15 04:45:00,102.3
2018-08-15 05:00:00,79.8
2018-08-15 05:15:00,87.39999
2018-08-15 05:30:00,106.6
2018-08-15 05:45:00,137.0
2018-08-15 06:00:00,155.0
2018-08-15 06:15:00,129.5
2018-08-15 06:30:00,143.29999
2018-08-15 06:45:00,123.39999
2018-08-15 07:00:00,116.89999
2018-08-15 07:15:00,95.1
2018-08-15 07:30:00,82.2
2018-08-15 07:45:00,103.39999
2018-08-15 08:00:00,117.2
2018-08-15 08:15:00,111.39999
2018-08-15 08:30:00,103.6
2018-08-15 08:45:00,100.3
2018-08-15 09:00:00,130.7
2018-08-15 09:15:00,157.7
2018-08-15 09:30:00,145.29999
2018-08-15 09:45:00,119.5
2018-08-15 10:00:00,118.1
2018-08-15 10:15:00,124.0
2018-08-15 10:30:00,119.39999
2018-08-15 10:45:00,129.5
2018-08-15 11:00:00,122.0
2018-08-15 11:15:00,108.39999
2018-08-15 11:30:00,96.7
2018-08-15 11:45:00,94.6
2018-08-15 12:00:00,110.89999
2018-08-15 12:15:00,102.6
2018-08-15 12:30:00,92.8
2018-08-15 12:45:00,101.0
2018-08-15 13:00:00,81.0
2018-08-15 13:15:00,78.0
2018-08-15 13:30:00,68.5
2018-08-15 13:45:00,61.3
2018-08-15 14:00:00,71.8
2018-08-15 14:15:00,73.1
2018-08-15 14:30:00,81.39999
2018-08-15 14:45:00,91.0
2018-08-15 15:00:00,89.8
2018-08-15 15:15:00,83.89999
2018-08-15 15:30:00,75.5
2018-08-15 15:45:00,75.1
2018-08-15 16:00:00,77.89999
2018-08-15 16:15:00,72.39999
2018-08-15 16:30:00,72.6
2018-08-15 16:45:00,68.89999
2018-08-15 17:00:00,65.39999
2018-08-15 17:15:00,65.7
2018-08-15 17:30:00,61.3
2018-08-15 17:45:00,60.2
2018-08-15 18:00:00,61.5
2018-08-15 18:15:00,67.3
2018-08-15 18:30:00,58.7
2018-08-15 18:45:00,42.4
2018-08-15 19:00:00,39.5
2018-08-15 19:15:00,39.3
2018-08-15 19:30:00,26.8
2018-08-15 19:45:00,30.3
2018-08-15 20:00:00,20.7
2018-08-15 20:15:00,26.2
2018-08-15 20:30:00,31.5
2018-08-15 20:45:00,33.3
2018-08-15 21:00:00,39.2
2018-08-15 21:15:00,31.2
2018-08-15 21:30:00,44.8
2018-08-15 21:45:00,44.4
2018-08-15 22:00:00,49.3
2018-08-15 22:15:00,51.5
2018-08-15 22:30:00,58.5
2018-08-15 22:45:00,66.5
2018-08-15 23:00:00,57.7
2018-08-15 23:15:00,59.9
2018-08-15 23:30:00,72.39999
2018-08-15 23:45:00,77.7
2018-08-16 00:00:00,64.1
2018-08-16 00:15:00,62.9
2018-08-16 00:30:00,50.3
2018-08-16 00:45:00,35.9
2018-08-16 01:00:00,35.1
2018-08-16 01:15:00,36.1
2018-08-16 01:30:00,37.0
2018-08-16 01:45:00,30.4
2018-08-16 02:00:00,30.8
2018-08-16 02:15:00,32.2
2018-08-16 02:30:00,28.3
2018-08-16 02:45:00,31.6
2018-08-16 03:00:00,44.9
2018-08-16 03:15:00,57.2
2018-08-16 03:30:00,60.5
2018-08-16 03:45:00,72.2
2018-08-16 04:00:00,69.39999
2018-08-16 04:15:00,70.8
2018-08-16 04:30:00,73.5
2018-08-16 04:45:00,83.89999
2018-08-16 05:00:00,95.3
2018-08-16 05:15:00,77.1
2018-08-16 05:30:00,66.0
2018-08-16 05:45:00,57.6
2018-08-16 06:00:00,66.7
2018-08-16 06:15:00,76.89999
2018-08-16 06:30:00,80.5
2018-08-16 06:45:00,74.8
2018-08-16 07:00:00,72.0
2018-08-16 07:15:00,72.0
2018-08-16 07:30:00,71.7
2018-08-16 07:45:00,66.5
2018-08-16 08:00:00,60.0
2018-08-16 08:15:00,46.3
2018-08-16 08:30:00,43.8
2018-08-16 08:45:00,35.8
2018-08-16 09:00:00,27.3
2018-08-16 09:15:00,37.5
2018-08-16 09:30:00,63.8
2018-08-16 09:45:00,62.2
2018-08-16 10:00:00,58.2
2018-08-16 10:15:00,57.8
2018-08-16 10:30:00,50.0
2018-08-16 10:45:00,43.8
2018-08-16 11:00:00,57.8
2018-08-16 11:15:00,59.1
2018-08-16 11:30:00,41.2
2018-08-16 11:45:00,35.3
2018-08-16 12:00:00,47.3
2018-08-16 12:15:00,56.7
2018-08-16 12:30:00,53.5
2018-08-16 12:45:00,35.6
2018-08-16 13:00:00,39.1
2018-08-16 13:15:00,35.2
2018-08-16 13:30:00,39.5
2018-08-16 13:45:00,45.4
2018-08-16 14:00:00,43.5
2018-08-16 14:15:00,52.9
2018-08-16 14:30:00,66.6
2018-08-16 14:45:00,61.8
2018-08-16 15:00:00,59.8
2018-08-16 15:15:00,72.6
2018-08-16 15:30:00,61.3
2018-08-16 15:45:00,54.7
2018-08-16 16:00:00,58.2
2018-08-16 16:15:00,62.9
2018-08-16 16:30:00,55.5
2018-08-16 16:45:00,62.6
2018-08-16 17:00:00,62.2
2018-08-16 17:15:00,63.8
2018-08-16 17:30:00,49.1
2018-08-16 17:45:00,44.5
2018-08-16 18:00:00,40.2
2018-08-16 18:15:00,40.0
2018-08-16 18:30:00,40.7
2018-08-16 18:45:00,45.3
2018-08-16 19:00:00,41.4
2018-08-16 19:15:00,42.0
2018-08-16 19:30:00,37.3
2018-08-16 19:45:00,35.9
2018-08-16 20:00:00,42.8
2018-08-16 20:15:00,42.1
2018-08-16 20:30:00,43.4
2018-08-16 20:45:00,51.9
2018-08-16 21:00:00,59.9
2018-08-16 21:15:00,53.7
2018-08-16 21:30:00,51.0
2018-08-16 21:45:00,55.1
2018-08-16 22:00:00,59.3
2018-08-16 22:15:00,45.7
2018-08-16 22:30:00,46.9
2018-08-16 22:45:00,50.6
2018-08-16 23:00:00,47.3
2018-08-16 23:15:00,46.9
2018-08-16 23:30:00,39.9
2018-08-16 23:45:00,39.8
2018-08-17 00:00:00,36.3
2018-08-17 00:15:00,42.8
2018-08-17 00:30:00,44.8
2018-08-17 00:45:00,37.1
2018-08-17 01:00:00,19.2
2018-08-17 01:15:00,15.2
2018-08-17 01:30:00,21.0
2018-08-17 01:45:00,27.9
2018-08-17 02:00:00,39.1
2018-08-17 02:15:00,32.7
2018-08-17 02:30:00,32.6
2018-08-17 02:45:00,38.5
2018-08-17 03:00:00,41.3
2018-08-17 03:15:00,50.1
2018-08-17 03:30:00,60.1
2018-08-17 03:45:00,53.6
2018-08-17 04:00:00,47.4
2018-08-17 04:15:00,62.3
2018-08-17 04:30:00,67.1
2018-08-17 04:45:00,68.2
2018-08-17 05:00:00,68.7
2018-08-17 05:15:00,73.8
2018-08-17 05:30:00,61.9
2018-08-17 05:45:00,58.7
2018-08-17 06:00:00,49.6
2018-08-17 06:15:00,33.0
2018-08-17 06:30:00,37.0
2018-08-17 06:45:00,37.1
2018-08-17 07:00:00,29.8
2018-08-17 07:15:00,29.2
2018-08-17 07:30:00,34.0
2018-08-17 07:45:00,35.9
2018-08-17 08:00:00,26.6
2018-08-17 08:15:00,28.1
2018-08-17 08:30:00,31.5
2018-08-17 08:45:00,39.5
2018-08-17 09:00:00,74.7
2018-08-17 09:15:00,88.0
2018-08-17 09:30:00,91.5
2018-08-17 09:45:00,86.1
2018-08-17 10:00:00,78.39999
2018-08-17 10:15:00,72.7
2018-08-17 10:30:00,75.2
2018-08-17 10:45:00,75.5
2018-08-17 11:00:00,77.1
2018-08-17 11:15:00,66.2
2018-08-17 11:30:00,56.5
2018-08-17 11:45:00,43.5
2018-08-17 12:00:00,46.9
2018-08-17 12:15:00,53.3
2018-08-17 12:30:00,48.0
2018-08-17 12:45:00,42.6
2018-08-17 13:00:00,39.1
2018-08-17 13:15:00,35.5
2018-08-17 13:30:00,33.1
2018-08-17 13:45:00,27.7
2018-08-17 14:00:00,31.3
2018-08-17 14:15:00,41.8
2018-08-17 14:30:00,45.8
2018-08-17 14:45:00,46.1
2018-08-17 15:00:00,53.1
2018-08-17 15:15:00,44.2
2018-08-17 15:30:00,42.3
2018-08-17 15:45:00,47.7
2018-08-17 16:00:00,46.6
2018-08-17 16:15:00,49.6
2018-08-17 16:30:00,47.6
2018-08-17 16:45:00,44.7
2018-08-17 17:00:00,46.8
2018-08-17 17:15:00,40.5
2018-08-17 17:30:00,32.6
2018-08-17 17:45:00,28.5
2018-08-17 18:00:00,23.2
2018-08-17 18:15:00,18.4
2018-08-17 18:30:00,13.2
2018-08-17 18:45:00,8.5
2018-08-17 19:00:00,5.8
2018-08-17 19:15:00,3.0
2018-08-17 19:30:00,4.5
2018-08-17 19:45:00,11.6
2018-08-17 20:00:00,13.8
2018-08-17 20:15:00,15.8
2018-08-17 20:30:00,20.6
2018-08-17 20:45:00,19.1
2018-08-17 21:00:00,31.9
2018-08-17 21:15:00,37.6
2018-08-17 21:30:00,44.1
2018-08-17 21:45:00,32.0
2018-08-17 22:00:00,29.3
2018-08-17 22:15:00,21.5
2018-08-17 22:30:00,18.3
2018-08-17 22:45:00,26.2
2018-08-17 23:00:00,33.7
2018-08-17 23:15:00,23.7
2018-08-17 23:30:00,23.6
2018-08-17 23:45:00,18.0
2018-08-18 00:00:00,11.3
2018-08-18 00:15:00,8.3
2018-08-18 00:30:00,7.2
2018-08-18 00:45:00,4.5
2018-08-18 01:00:00,1.8
2018-08-18 01:15:00,0.7
2018-08-18 01:30:00,1.5
2018-08-18 01:45:00,1.3
2018-08-18 02:00:00,3.8
2018-08-18 02:15:00,3.1
2018-08-18 02:30:00,3.3
2018-08-18 02:45:00,4.6
2018-08-18 03:00:00,4.1
2018-08-18 03:15:00,3.1
2018-08-18 03:30:00,4.3
2018-08-18 03:45:00,14.3
2018-08-18 04:00:00,33.8
2018-08-18 04:15:00,34.5
2018-08-18 04:30:00,37.9
2018-08-18 04:45:00,39.0
2018-08-18 05:00:00,48.8
2018-08-18 05:15:00,40.3
2018-08-18 05:30:00,43.9
2018-08-18 05:45:00,43.4
2018-08-18 06:00:00,38.8
2018-08-18 06:15:00,48.5
2018-08-18 06:30:00,49.8
2018-08-18 06:45:00,43.2
2018-08-18 07:00:00,42.5
2018-08-18 07:15:00,50.6
2018-08-18 07:30:00,33.8
2018-08-18 07:45:00,34.0
2018-08-18 08:00:00,34.1
2018-08-18 08:15:00,32.1
2018-08-18 08:30:00,37.3
2018-08-18 08:45:00,34.7
2018-08-18 09:00:00,28.3
2018-08-18 09:15:00,29.8
2018-08-18 09:30:00,23.6
2018-08-18 09:45:00,18.9
2018-08-18 10:00:00,6.8
2018-08-18 10:15:00,0.0
2018-08-18 10:30:00,0.0
2018-08-18 10:45:00,0.0
2018-08-18 11:00:00,2.3
2018-08-18 11:15:00,2.7
2018-08-18 11:30:00,2.3
2018-08-18 11:45:00,8.0
2018-08-18 12:00:00,6.3
2018-08-18 12:15:00,2.4
2018-08-18 12:30:00,4.2
2018-08-18 12:45:00,5.6
2018-08-18 13:00:00,3.1
2018-08-18 13:15:00,2.7
2018-08-18 13:30:00,6.3
2018-08-18 13:45:00,5.3
2018-08-18 14:00:00,4.5
2018-08-18 14:15:00,8.0
2018-08-18 14:30:00,7.1
2018-08-18 14:45:00,1.8
2018-08-18 15:00:00,1.8
2018-08-18 15:15:00,6.3
2018-08-18 15:30:00,5.3
2018-08-18 15:45:00,6.3
2018-08-18 16:00:00,9.8
2018-08-18 16:15:00,14.9
2018-08-18 16:30:00,12.3
2018-08-18 16:45:00,4.1
2018-08-18 17:00:00,3.1
2018-08-18 17:15:00,3.9
2018-08-18 17:30:00,1.2
2018-08-18 17:45:00,0.0
2018-08-18 18:00:00,0.0
2018-08-18 18:15:00,0.0
2018-08-18 18:30:00,0.0
2018-08-18 18:45:00,0.0
2018-08-18 19:00:00,0.0
2018-08-18 19:15:00,0.0
2018-08-18 19:30:00,0.0
2018-08-18 19:45:00,0.0
2018-08-18 20:00:00,0.0
2018-08-18 20:15:00,0.0
2018-08-18 20:30:00,0.4
2018-08-18 20:45:00,2.1
2018-08-18 21:00:00,10.6
2018-08-18 21:15:00,19.9
2018-08-18 21:30:00,18.3
2018-08-18 21:45:00,17.3
2018-08-18 22:00:00,12.6
2018-08-18 22:15:00,10.5
2018-08-18 22:30:00,12.3
2018-08-18 22:45:00,21.5
2018-08-18 23:00:00,19.0
2018-08-18 23:15:00,22.1
2018-08-18 23:30:00,18.8
2018-08-18 23:45:00,17.2
2018-08-19 00:00:00,12.5
2018-08-19 00:15:00,11.2
2018-08-19 00:30:00,11.0
2018-08-19 00:45:00,13.9
2018-08-19 01:00:00,13.3
2018-08-19 01:15:00,13.5
2018-08-19 01:30:00,10.0
2018-08-19 01:45:00,11.7
2018-08-19 02:00:00,13.3
2018-08-19 02:15:00,11.8
2018-08-19 02:30:00,16.4
2018-08-19 02:45:00,27.6
2018-08-19 03:00:00,40.0
2018-08-19 03:15:00,61.4
2018-08-19 03:30:00,71.2
2018-08-19 03:45:00,66.39999
2018-08-19 04:00:00,53.2
2018-08-19 04:15:00,59.5
2018-08-19 04:30:00,70.8
2018-08-19 04:45:00,49.6
2018-08-19 05:00:00,58.9
2018-08-19 05:15:00,64.3
2018-08-19 05:30:00,93.1
2018-08-19 05:45:00,101.2
2018-08-19 06:00:00,98.6
2018-08-19 06:15:00,96.6
2018-08-19 06:30:00,86.5
2018-08-19 06:45:00,62.6
2018-08-19 07:00:00,64.1
2018-08-19 07:15:00,72.39999
2018-08-19 07:30:00,49.9
2018-08-19 07:45:00,40.0
2018-08-19 08:00:00,44.6
2018-08-19 08:15:00,46.1
2018-08-19 08:30:00,41.4
2018-08-19 08:45:00,28.2
2018-08-19 09:00:00,29.6
2018-08-19 09:15:00,34.0
2018-08-19 09:30:00,31.3
2018-08-19 09:45:00,126.1
2018-08-19 10:00:00,69.8
2018-08-19 10:15:00,42.1
2018-08-19 10:30:00,23.9
2018-08-19 10:45:00,23.7
2018-08-19 11:00:00,26.5
2018-08-19 11:15:00,17.7
2018-08-19 11:30:00,12.8
2018-08-19 11:45:00,2.5
2018-08-19 12:00:00,1.3
2018-08-19 12:15:00,0.0
2018-08-19 12:30:00,0.0
2018-08-19 12:45:00,11.0
2018-08-19 13:00:00,79.1
2018-08-19 13:15:00,102.3
2018-08-19 13:30:00,136.7
2018-08-19 13:45:00,153.5
2018-08-19 14:00:00,123.0
2018-08-19 14:15:00,79.7
2018-08-19 14:30:00,68.3
2018-08-19 14:45:00,57.1
2018-08-19 15:00:00,64.7
2018-08-19 15:15:00,53.6
2018-08-19 15:30:00,48.4
2018-08-19 15:45:00,45.0
2018-08-19 16:00:00,30.1
2018-08-19 16:15:00,43.4
2018-08-19 16:30:00,47.6
2018-08-19 16:45:00,53.7
2018-08-19 17:00:00,72.39999
2018-08-19 17:15:00,64.1
2018-08-19 17:30:00,74.6
2018-08-19 17:45:00,59.6
2018-08-19 18:00:00,37.4
2018-08-19 18:15:00,24.5
2018-08-19 18:30:00,15.0
2018-08-19 18:45:00,15.0
2018-08-19 19:00:00,9.2
2018-08-19 19:15:00,3.3
2018-08-19 19:30:00,1.5
2018-08-19 19:45:00,0.0
2018-08-19 20:00:00,0.2
2018-08-19 20:15:00,0.0
2018-08-19 20:30:00,0.0
2018-08-19 20:45:00,0.0
2018-08-19 21:00:00,0.0
2018-08-19 21:15:00,0.0
2018-08-19 21:30:00,0.0
2018-08-19 21:45:00,0.0
2018-08-19 22:00:00,0.0
2018-08-19 22:15:00,0.0
2018-08-19 22:30:00,0.0
2018-08-19 22:45:00,0.0
2018-08-19 23:00:00,0.5
2018-08-19 23:15:00,2.7
2018-08-19 23:30:00,8.4
2018-08-19 23:45:00,12.8
2018-08-20 00:00:00,12.5
2018-08-20 00:15:00,15.3
2018-08-20 00:30:00,18.0
2018-08-20 00:45:00,13.6
2018-08-20 01:00:00,10.6
2018-08-20 01:15:00,13.8
2018-08-20 01:30:00,21.4
2018-08-20 01:45:00,17.1
2018-08-20 02:00:00,13.7
2018-08-20 02:15:00,14.2
2018-08-20 02:30:00,9.9
2018-08-20 02:45:00,15.8
2018-08-20 03:00:00,16.6
2018-08-20 03:15:00,16.4
2018-08-20 03:30:00,10.7
2018-08-20 03:45:00,6.8
2018-08-20 04:00:00,9.3
2018-08-20 04:15:00,4.7
2018-08-20 04:30:00,153.79999
2018-08-20 04:45:00,102.1
2018-08-20 05:00:00,14.5
2018-08-20 05:15:00,0.0
2018-08-20 05:30:00,0.0
2018-08-20 05:45:00,0.0
2018-08-20 06:00:00,4.5
2018-08-20 06:15:00,0.0
2018-08-20 06:30:00,3.2
2018-08-20 06:45:00,8.3
2018-08-20 07:00:00,7.8
2018-08-20 07:15:00,6.8
2018-08-20 07:30:00,2.2
2018-08-20 07:45:00,0.1
2018-08-20 08:00:00,0.0
2018-08-20 08:15:00,0.0
2018-08-20 08:30:00,0.0
2018-08-20 08:45:00,0.0
2018-08-20 09:00:00,0.0
2018-08-20 09:15:00,0.0
2018-08-20 09:30:00,0.0
2018-08-20 09:45:00,0.0
2018-08-20 10:00:00,8.0
2018-08-20 10:15:00,0.0
2018-08-20 10:30:00,0.0
2018-08-20 10:45:00,0.0
2018-08-20 11:00:00,21.6
2018-08-20 11:15:00,20.8
2018-08-20 11:30:00,13.6
2018-08-20 11:45:00,25.6
2018-08-20 12:00:00,28.2
2018-08-20 12:15:00,28.9
2018-08-20 12:30:00,52.1
2018-08-20 12:45:00,79.89999
2018-08-20 13:00:00,93.0
2018-08-20 13:15:00,84.39999
2018-08-20 13:30:00,80.6
2018-08-20 13:45:00,68.2
2018-08-20 14:00:00,59.2
2018-08-20 14:15:00,65.89999
2018-08-20 14:30:00,64.7
2018-08-20 14:45:00,62.3
2018-08-20 15:00:00,55.0
2018-08-20 15:15:00,61.4
2018-08-20 15:30:00,42.9
2018-08-20 15:45:00,41.7
2018-08-20 16:00:00,28.9
2018-08-20 16:15:00,29.9
2018-08-20 16:30:00,25.8
2018-08-20 16:45:00,31.9
2018-08-20 17:00:00,23.1
2018-08-20 17:15:00,21.3
2018-08-20 17:30:00,26.6
2018-08-20 17:45:00,17.0
2018-08-20 18:00:00,15.1
2018-08-20 18:15:00,13.2
2018-08-20 18:30:00,11.8
2018-08-20 18:45:00,11.9
2018-08-20 19:00:00,8.8
2018-08-20 19:15:00,5.8
2018-08-20 19:30:00,1.5
2018-08-20 19:45:00,0.5
2018-08-20 20:00:00,1.0
2018-08-20 20:15:00,1.5
2018-08-20 20:30:00,0.5
2018-08-20 20:45:00,2.4
2018-08-20 21:00:00,1.2
2018-08-20 21:15:00,2.9
2018-08-20 21:30:00,2.8
2018-08-20 21:45:00,2.2
2018-08-20 22:00:00,2.4
2018-08-20 22:15:00,0.3
2018-08-20 22:30:00,3.7
2018-08-20 22:45:00,4.1
2018-08-20 23:00:00,5.8
2018-08-20 23:15:00,4.1
2018-08-20 23:30:00,2.8
2018-08-20 23:45:00,0.0
2018-08-21 00:00:00,4.0
2018-08-21 00:15:00,2.5
2018-08-21 00:30:00,5.1
2018-08-21 00:45:00,2.5
2018-08-21 01:00:00,0.5
2018-08-21 01:15:00,0.4
2018-08-21 01:30:00,0.0
2018-08-21 01:45:00,0.0
2018-08-21 02:00:00,0.0
2018-08-21 02:15:00,0.0
2018-08-21 02:30:00,0.0
2018-08-21 02:45:00,0.0
2018-08-21 03:00:00,0.0
2018-08-21 03:15:00,0.0
2018-08-21 03:30:00,0.0
2018-08-21 03:45:00,0.0
2018-08-21 04:00:00,0.5
2018-08-21 04:15:00,2.6
2018-08-21 04:30:00,4.3
2018-08-21 04:45:00,7.0
2018-08-21 05:00:00,5.6
2018-08-21 05:15:00,4.0
2018-08-21 05:30:00,5.0
2018-08-21 05:45:00,5.9
2018-08-21 06:00:00,0.4
2018-08-21 06:15:00,4.1
2018-08-21 06:30:00,13.4
2018-08-21 06:45:00,15.5
2018-08-21 07:00:00,12.8
2018-08-21 07:15:00,7.7
2018-08-21 07:30:00,4.2
2018-08-21 07:45:00,22.0
2018-08-21 08:00:00,18.8
2018-08-21 08:15:00,26.6
2018-08-21 08:30:00,29.1
2018-08-21 08:45:00,35.8
2018-08-21 09:00:00,28.6
2018-08-21 09:15:00,16.2
2018-08-21 09:30:00,12.0
2018-08-21 09:45:00,11.2
2018-08-21 10:00:00,15.4
2018-08-21 10:15:00,5.6
2018-08-21 10:30:00,7.3
2018-08-21 10:45:00,8.7
2018-08-21 11:00:00,10.7
2018-08-21 11:15:00,16.2
2018-08-21 11:30:00,29.8
2018-08-21 11:45:00,20.1
2018-08-21 12:00:00,13.6
2018-08-21 12:15:00,22.3
2018-08-21 12:30:00,15.1
2018-08-21 12:45:00,12.6
2018-08-21 13:00:00,9.3
2018-08-21 13:15:00,14.1
2018-08-21 13:30:00,23.8
2018-08-21 13:45:00,16.2
2018-08-21 14:00:00,12.6
2018-08-21 14:15:00,11.1
2018-08-21 14:30:00,12.8
2018-08-21 14:45:00,10.1
2018-08-21 15:00:00,8.8
2018-08-21 15:15:00,11.4
2018-08-21 15:30:00,18.6
2018-08-21 15:45:00,12.2
2018-08-21 16:00:00,3.6
2018-08-21 16:15:00,0.0
2018-08-21 16:30:00,0.0
2018-08-21 16:45:00,0.0
2018-08-21 17:00:00,0.0
2018-08-21 17:15:00,0.0
2018-08-21 17:30:00,0.0
2018-08-21 17:45:00,0.0
2018-08-21 18:00:00,0.0
2018-08-21 18:15:00,0.0
2018-08-21 18:30:00,0.0
2018-08-21 18:45:00,0.0
2018-08-21 19:00:00,0.0
2018-08-21 19:15:00,0.0
2018-08-21 19:30:00,0.0
2018-08-21 19:45:00,0.0
2018-08-21 20:00:00,0.0
2018-08-21 20:15:00,0.0
2018-08-21 20:30:00,0.0
2018-08-21 20:45:00,0.0
2018-08-21 21:00:00,0.0
2018-08-21 21:15:00,0.0
2018-08-21 21:30:00,0.0
2018-08-21 21:45:00,0.0
2018-08-21 22:00:00,0.0
2018-08-21 22:15:00,0.0
2018-08-21 22:30:00,0.0
2018-08-21 22:45:00,0.0
2018-08-21 23:00:00,0.0
2018-08-21 23:15:00,0.0
2018-08-21 23:30:00,0.0
2018-08-21 23:45:00,0.0
2018-08-22 00:00:00,0.0
2018-08-22 00:15:00,3.3
2018-08-22 00:30:00,7.6
2018-08-22 00:45:00,18.7
2018-08-22 01:00:00,30.7
2018-08-22 01:15:00,28.2
2018-08-22 01:30:00,35.9
2018-08-22 01:45:00,42.6
2018-08-22 02:00:00,33.7
2018-08-22 02:15:00,21.2
2018-08-22 02:30:00,17.5
2018-08-22 02:45:00,15.0
2018-08-22 03:00:00,14.0
2018-08-22 03:15:00,13.9
2018-08-22 03:30:00,19.2
2018-08-22 03:45:00,37.3
2018-08-22 04:00:00,33.3
2018-08-22 04:15:00,48.3
2018-08-22 04:30:00,59.6
2018-08-22 04:45:00,62.0
2018-08-22 05:00:00,52.5
2018-08-22 05:15:00,45.3
2018-08-22 05:30:00,52.0
2018-08-22 05:45:00,33.5
2018-08-22 06:00:00,42.8
2018-08-22 06:15:00,60.8
2018-08-22 06:30:00,74.8
2018-08-22 06:45:00,72.2
2018-08-22 07:00:00,63.3
2018-08-22 07:15:00,55.5
2018-08-22 07:30:00,48.7
2018-08-22 07:45:00,57.7
2018-08-22 08:00:00,74.6
2018-08-22 08:15:00,73.1
2018-08-22 08:30:00,69.3
2018-08-22 08:45:00,74.0
2018-08-22 09:00:00,77.6
2018-08-22 09:15:00,85.5
2018-08-22 09:30:00,99.5
2018-08-22 09:45:00,87.89999
2018-08-22 10:00:00,80.89999
2018-08-22 10:15:00,62.3
2018-08-22 10:30:00,59.4
2018-08-22 10:45:00,84.1
2018-08-22 11:00:00,73.6
2018-08-22 11:15:00,58.4
2018-08-22 11:30:00,68.2
2018-08-22 11:45:00,68.6
2018-08-22 12:00:00,73.89999
2018-08-22 12:15:00,59.3
2018-08-22 12:30:00,52.8
2018-08-22 12:45:00,57.2
2018-08-22 13:00:00,55.7
2018-08-22 13:15:00,37.3
2018-08-22 13:30:00,34.2
2018-08-22 13:45:00,22.5
2018-08-22 14:00:00,13.6
2018-08-22 14:15:00,10.7
2018-08-22 14:30:00,10.8
2018-08-22 14:45:00,6.8
2018-08-22 15:00:00,6.4
2018-08-22 15:15:00,7.4
2018-08-22 15:30:00,2.3
2018-08-22 15:45:00,0.8
2018-08-22 16:00:00,11.8
2018-08-22 16:15:00,26.0
2018-08-22 16:30:00,21.7
2018-08-22 16:45:00,22.9
2018-08-22 17:00:00,16.7
2018-08-22 17:15:00,23.5
2018-08-22 17:30:00,24.1
2018-08-22 17:45:00,28.0
2018-08-22 18:00:00,29.2
2018-08-22 18:15:00,33.1
2018-08-22 18:30:00,28.8
2018-08-22 18:45:00,31.3
2018-08-22 19:00:00,27.7
2018-08-22 19:15:00,26.5
2018-08-22 19:30:00,23.3
2018-08-22 19:45:00,24.6
2018-08-22 20:00:00,25.4
2018-08-22 20:15:00,24.0
2018-08-22 20:30:00,21.7
2018-08-22 20:45:00,20.6
2018-08-22 21:00:00,27.5
2018-08-22 21:15:00,18.7
2018-08-22 21:30:00,21.4
2018-08-22 21:45:00,15.4
2018-08-22 22:00:00,19.4
2018-08-22 22:15:00,17.4
2018-08-22 22:30:00,19.5
2018-08-22 22:45:00,15.8
2018-08-22 23:00:00,14.1
2018-08-22 23:15:00,24.6
2018-08-22 23:30:00,13.7
2018-08-22 23:45:00,16.7
2018-08-23 00:00:00,21.6
2018-08-23 00:15:00,22.8
2018-08-23 00:30:00,43.0
2018-08-23 00:45:00,87.39999
2018-08-23 01:00:00,27.2
2018-08-23 01:15:00,32.1
2018-08-23 01:30:00,41.8
2018-08-23 01:45:00,45.8
2018-08-23 02:00:00,52.0
2018-08-23 02:15:00,54.3
2018-08-23 02:30:00,44.8
2018-08-23 02:45:00,46.1
2018-08-23 03:00:00,55.8
2018-08-23 03:15:00,65.89999
2018-08-23 03:30:00,78.5
2018-08-23 03:45:00,78.8
2018-08-23 04:00:00,85.2
2018-08-23 04:15:00,80.2
2018-08-23 04:30:00,77.39999
2018-08-23 04:45:00,92.7
2018-08-23 05:00:00,112.6
2018-08-23 05:15:00,99.7
2018-08-23 05:30:00,94.89999
2018-08-23 05:45:00,85.7
2018-08-23 06:00:00,61.7
2018-08-23 06:15:00,68.7
2018-08-23 06:30:00,73.89999
2018-08-23 06:45:00,75.6
2018-08-23 07:00:00,69.0
2018-08-23 07:15:00,75.39999
2018-08-23 07:30:00,81.2
2018-08-23 07:45:00,73.8
2018-08-23 08:00:00,66.6
2018-08-23 08:15:00,80.7
2018-08-23 08:30:00,79.5
2018-08-23 08:45:00,86.1
2018-08-23 09:00:00,90.0
2018-08-23 09:15:00,94.89999
2018-08-23 09:30:00,90.3
2018-08-23 09:45:00,85.0
2018-08-23 10:00:00,85.3
2018-08-23 10:15:00,76.39999
2018-08-23 10:30:00,78.6
2018-08-23 10:45:00,80.6
2018-08-23 11:00:00,84.6
2018-08-23 11:15:00,92.3
2018-08-23 11:30:00,103.5
2018-08-23 11:45:00,80.8
2018-08-23 12:00:00,68.8
2018-08-23 12:15:00,55.8
2018-08-23 12:30:00,49.9
2018-08-23 12:45:00,38.9
2018-08-23 13:00:00,39.0
2018-08-23 13:15:00,39.8
2018-08-23 13:30:00,29.2
2018-08-23 13:45:00,25.9
2018-08-23 14:00:00,39.4
2018-08-23 14:15:00,57.5
2018-08-23 14:30:00,73.7
2018-08-23 14:45:00,65.7
2018-08-23 15:00:00,71.7
2018-08-23 15:15:00,77.2
2018-08-23 15:30:00,81.3
2018-08-23 15:45:00,82.2
2018-08-23 16:00:00,98.7
2018-08-23 16:15:00,103.0
2018-08-23 16:30:00,90.8
2018-08-23 16:45:00,84.0
2018-08-23 17:00:00,94.5
2018-08-23 17:15:00,121.7
2018-08-23 17:30:00,115.2
2018-08-23 17:45:00,101.3
2018-08-23 18:00:00,92.39999
2018-08-23 18:15:00,93.7
2018-08-23 18:30:00,86.2
2018-08-23 18:45:00,89.3
2018-08-23 19:00:00,70.7
2018-08-23 19:15:00,66.0
2018-08-23 19:30:00,77.8
2018-08-23 19:45:00,70.6
2018-08-23 20:00:00,79.7
2018-08-23 20:15:00,82.1
2018-08-23 20:30:00,81.3
2018-08-23 20:45:00,78.1
2018-08-23 21:00:00,73.2
2018-08-23 21:15:00,61.8
2018-08-23 21:30:00,73.89999
2018-08-23 21:45:00,80.2
2018-08-23 22:00:00,80.2
2018-08-23 22:15:00,68.89999
2018-08-23 22:30:00,72.0
2018-08-23 22:45:00,66.1
2018-08-23 23:00:00,70.39999
2018-08-23 23:15:00,66.5
2018-08-23 23:30:00,68.2
2018-08-23 23:45:00,55.3
2018-08-24 00:00:00,50.4
2018-08-24 00:15:00,45.9
2018-08-24 00:30:00,40.2
2018-08-24 00:45:00,33.8
2018-08-24 01:00:00,34.4
2018-08-24 01:15:00,33.3
2018-08-24 01:30:00,40.6
2018-08-24 01:45:00,46.8
2018-08-24 02:00:00,56.3
2018-08-24 02:15:00,55.1
2018-08-24 02:30:00,55.6
2018-08-24 02:45:00,50.7
2018-08-24 03:00:00,50.4
2018-08-24 03:15:00,49.3
2018-08-24 03:30:00,47.6
2018-08-24 03:45:00,43.1
2018-08-24 04:00:00,62.1
2018-08-24 04:15:00,80.7
2018-08-24 04:30:00,90.2
2018-08-24 04:45:00,109.89999
2018-08-24 05:00:00,120.8
2018-08-24 05:15:00,120.1
2018-08-24 05:30:00,120.89999
2018-08-24 05:45:00,145.0
2018-08-24 06:00:00,153.59999
2018-08-24 06:15:00,120.39999
2018-08-24 06:30:00,110.0
2018-08-24 06:45:00,119.1
2018-08-24 07:00:00,122.2
2018-08-24 07:15:00,121.89999
2018-08-24 07:30:00,136.5
2018-08-24 07:45:00,146.29999
2018-08-24 08:00:00,152.7
2018-08-24 08:15:00,153.59999
2018-08-24 08:30:00,153.59999
2018-08-24 08:45:00,149.9
2018-08-24 09:00:00,153.9
2018-08-24 09:15:00,150.5
2018-08-24 09:30:00,153.79999
2018-08-24 09:45:00,153.09999
2018-08-24 10:00:00,151.29999
2018-08-24 10:15:00,132.9
2018-08-24 10:30:00,141.4
2018-08-24 10:45:00,148.0
2018-08-24 11:00:00,154.59999
2018-08-24 11:15:00,153.7
2018-08-24 11:30:00,154.59999
2018-08-24 11:45:00,154.59999
2018-08-24 12:00:00,153.7
2018-08-24 12:15:00,153.7
2018-08-24 12:30:00,153.7
2018-08-24 12:45:00,153.79999
2018-08-24 13:00:00,142.4
2018-08-24 13:15:00,114.7
2018-08-24 13:30:00,94.0
2018-08-24 13:45:00,109.8
2018-08-24 14:00:00,112.5
2018-08-24 14:15:00,124.6
2018-08-24 14:30:00,136.59999
2018-08-24 14:45:00,136.29999
2018-08-24 15:00:00,152.0
2018-08-24 15:15:00,153.9
2018-08-24 15:30:00,153.5
2018-08-24 15:45:00,154.59999
2018-08-24 16:00:00,153.7
2018-08-24 16:15:00,154.5
2018-08-24 16:30:00,153.59999
2018-08-24 16:45:00,154.59999
2018-08-24 17:00:00,153.59999
2018-08-24 17:15:00,154.0
2018-08-24 17:30:00,150.09999
2018-08-24 17:45:00,139.2
2018-08-24 18:00:00,126.89999
2018-08-24 18:15:00,119.89999
2018-08-24 18:30:00,99.1
2018-08-24 18:45:00,115.6
2018-08-24 19:00:00,101.7
2018-08-24 19:15:00,89.89999
2018-08-24 19:30:00,89.2
2018-08-24 19:45:00,82.1
2018-08-24 20:00:00,73.5
2018-08-24 20:15:00,58.3
2018-08-24 20:30:00,61.1
2018-08-24 20:45:00,53.7
2018-08-24 21:00:00,57.7
2018-08-24 21:15:00,47.5
2018-08-24 21:30:00,61.1
2018-08-24 21:45:00,57.9
2018-08-24 22:00:00,44.4
2018-08-24 22:15:00,52.0
2018-08-24 22:30:00,48.6
2018-08-24 22:45:00,38.0
2018-08-24 23:00:00,49.5
2018-08-24 23:15:00,52.9
2018-08-24 23:30:00,50.8
2018-08-24 23:45:00,52.7
2018-08-25 00:00:00,47.9
2018-08-25 00:15:00,54.2
2018-08-25 00:30:00,45.3
2018-08-25 00:45:00,41.2
2018-08-25 01:00:00,39.5
2018-08-25 01:15:00,45.7
2018-08-25 01:30:00,54.7
2018-08-25 01:45:00,58.7
2018-08-25 02:00:00,70.8
2018-08-25 02:15:00,86.2
2018-08-25 02:30:00,103.3
2018-08-25 02:45:00,121.7
2018-08-25 03:00:00,122.0
2018-08-25 03:15:00,125.7
2018-08-25 03:30:00,149.9
2018-08-25 03:45:00,154.5
2018-08-25 04:00:00,153.9
2018-08-25 04:15:00,152.59999
2018-08-25 04:30:00,153.59999
2018-08-25 04:45:00,153.59999
2018-08-25 05:00:00,153.79999
2018-08-25 05:15:00,153.7
2018-08-25 05:30:00,153.79999
2018-08-25 05:45:00,153.9
2018-08-25 06:00:00,146.59999
2018-08-25 06:15:00,142.59999
2018-08-25 06:30:00,139.0
2018-08-25 06:45:00,127.2
2018-08-25 07:00:00,128.0
2018-08-25 07:15:00,129.29999
2018-08-25 07:30:00,131.7
2018-08-25 07:45:00,120.89999
2018-08-25 08:00:00,129.59999
2018-08-25 08:15:00,136.7
2018-08-25 08:30:00,128.09999
2018-08-25 08:45:00,120.3
2018-08-25 09:00:00,119.7
2018-08-25 09:15:00,108.1
2018-08-25 09:30:00,128.7
2018-08-25 09:45:00,148.29999
2018-08-25 10:00:00,153.9
2018-08-25 10:15:00,154.4
2018-08-25 10:30:00,153.7
2018-08-25 10:45:00,153.9
2018-08-25 11:00:00,153.7
2018-08-25 11:15:00,150.9
2018-08-25 11:30:00,143.79999
2018-08-25 11:45:00,138.59999
2018-08-25 12:00:00,135.29999
2018-08-25 12:15:00,135.29999
2018-08-25 12:30:00,139.5
2018-08-25 12:45:00,136.4
2018-08-25 13:00:00,135.29999
2018-08-25 13:15:00,123.7
2018-08-25 13:30:00,121.39999
2018-08-25 13:45:00,106.89999
2018-08-25 14:00:00,126.1
2018-08-25 14:15:00,135.59999
2018-08-25 14:30:00,126.2
2018-08-25 14:45:00,122.89999
2018-08-25 15:00:00,111.2
2018-08-25 15:15:00,108.39999
2018-08-25 15:30:00,112.0
2018-08-25 15:45:00,122.89999
2018-08-25 16:00:00,135.4
2018-08-25 16:15:00,143.29999
2018-08-25 16:30:00,144.7
2018-08-25 16:45:00,130.29999
2018-08-25 17:00:00,125.0
2018-08-25 17:15:00,108.1
2018-08-25 17:30:00,98.7
2018-08-25 17:45:00,78.8
2018-08-25 18:00:00,55.0
2018-08-25 18:15:00,55.0
2018-08-25 18:30:00,49.6
2018-08-25 18:45:00,43.5
2018-08-25 19:00:00,35.3
2018-08-25 19:15:00,36.4
2018-08-25 19:30:00,31.8
2018-08-25 19:45:00,30.5
2018-08-25 20:00:00,34.3
2018-08-25 20:15:00,29.0
2018-08-25 20:30:00,36.6
2018-08-25 20:45:00,45.2
2018-08-25 21:00:00,34.6
2018-08-25 21:15:00,41.2
2018-08-25 21:30:00,54.8
2018-08-25 21:45:00,48.5
2018-08-25 22:00:00,42.5
2018-08-25 22:15:00,44.5
2018-08-25 22:30:00,40.6
2018-08-25 22:45:00,51.8
2018-08-25 23:00:00,62.3
2018-08-25 23:15:00,56.3
2018-08-25 23:30:00,66.6
2018-08-25 23:45:00,54.0
2018-08-26 00:00:00,60.8
2018-08-26 00:15:00,52.0
2018-08-26 00:30:00,51.3
2018-08-26 00:45:00,46.1
2018-08-26 01:00:00,40.5
2018-08-26 01:15:00,36.9
2018-08-26 01:30:00,39.9
2018-08-26 01:45:00,52.6
2018-08-26 02:00:00,58.6
2018-08-26 02:15:00,75.89999
2018-08-26 02:30:00,79.6
2018-08-26 02:45:00,79.2
2018-08-26 03:00:00,78.3
2018-08-26 03:15:00,76.3
2018-08-26 03:30:00,95.3
2018-08-26 03:45:00,103.6
2018-08-26 04:00:00,130.0
2018-08-26 04:15:00,127.89999
2018-08-26 04:30:00,118.39999
2018-08-26 04:45:00,149.79999
2018-08-26 05:00:00,138.7
2018-08-26 05:15:00,121.2
2018-08-26 05:30:00,89.3
2018-08-26 05:45:00,72.2
2018-08-26 06:00:00,66.8
2018-08-26 06:15:00,90.1
2018-08-26 06:30:00,84.7
2018-08-26 06:45:00,79.1
2018-08-26 07:00:00,73.39999
2018-08-26 07:15:00,63.3
2018-08-26 07:30:00,67.39999
2018-08-26 07:45:00,64.89999
2018-08-26 08:00:00,57.8
2018-08-26 08:15:00,57.9
2018-08-26 08:30:00,69.0
2018-08-26 08:45:00,80.2
2018-08-26 09:00:00,77.89999
2018-08-26 09:15:00,86.7
2018-08-26 09:30:00,94.6
2018-08-26 09:45:00,76.89999
2018-08-26 10:00:00,72.2
2018-08-26 10:15:00,71.7
2018-08-26 10:30:00,56.2
2018-08-26 10:45:00,59.2
2018-08-26 11:00:00,62.2
2018-08-26 11:15:00,61.8
2018-08-26 11:30:00,64.2
2018-08-26 11:45:00,62.2
2018-08-26 12:00:00,64.5
2018-08-26 12:15:00,55.2
2018-08-26 12:30:00,52.4
2018-08-26 12:45:00,48.5
2018-08-26 13:00:00,38.2
2018-08-26 13:15:00,36.4
2018-08-26 13:30:00,39.0
2018-08-26 13:45:00,39.5
2018-08-26 14:00:00,41.6
2018-08-26 14:15:00,71.0
2018-08-26 14:30:00,86.0
2018-08-26 14:45:00,92.1
2018-08-26 15:00:00,87.89999
2018-08-26 15:15:00,76.2
2018-08-26 15:30:00,75.1
2018-08-26 15:45:00,77.39999
2018-08-26 16:00:00,66.1
2018-08-26 16:15:00,70.39999
2018-08-26 16:30:00,64.5
2018-08-26 16:45:00,71.39999
2018-08-26 17:00:00,72.89999
2018-08-26 17:15:00,64.6
2018-08-26 17:30:00,74.2
2018-08-26 17:45:00,67.5
2018-08-26 18:00:00,67.5
2018-08-26 18:15:00,69.6
2018-08-26 18:30:00,72.3
2018-08-26 18:45:00,68.7
2018-08-26 19:00:00,68.8
2018-08-26 19:15:00,67.5
2018-08-26 19:30:00,68.8
2018-08-26 19:45:00,66.2
2018-08-26 20:00:00,60.9
2018-08-26 20:15:00,59.2
2018-08-26 20:30:00,62.3
2018-08-26 20:45:00,67.39999
2018-08-26 21:00:00,56.7
2018-08-26 21:15:00,43.0
2018-08-26 21:30:00,57.9
2018-08-26 21:45:00,59.9
2018-08-26 22:00:00,51.6
2018-08-26 22:15:00,58.0
2018-08-26 22:30:00,64.7
2018-08-26 22:45:00,49.1
2018-08-26 23:00:00,58.6
2018-08-26 23:15:00,49.3
2018-08-26 23:30:00,38.2
2018-08-26 23:45:00,57.3
2018-08-27 00:00:00,46.9
2018-08-27 00:15:00,35.1
2018-08-27 00:30:00,36.0
2018-08-27 00:45:00,24.9
2018-08-27 01:00:00,31.4
2018-08-27 01:15:00,43.0
2018-08-27 01:30:00,48.6
2018-08-27 01:45:00,61.6
2018-08-27 02:00:00,73.8
2018-08-27 02:15:00,79.39999
2018-08-27 02:30:00,86.8
2018-08-27 02:45:00,110.8
2018-08-27 03:00:00,115.89999
2018-08-27 03:15:00,113.5
2018-08-27 03:30:00,116.2
2018-08-27 03:45:00,115.2
2018-08-27 04:00:00,97.0
2018-08-27 04:15:00,93.39999
2018-08-27 04:30:00,108.7
2018-08-27 04:45:00,117.5
2018-08-27 05:00:00,121.7
2018-08-27 05:15:00,147.4
2018-08-27 05:30:00,146.2
2018-08-27 05:45:00,146.79999
2018-08-27 06:00:00,153.5
2018-08-27 06:15:00,153.5
2018-08-27 06:30:00,153.59999
2018-08-27 06:45:00,153.59999
2018-08-27 07:00:00,153.7
2018-08-27 07:15:00,153.79999
2018-08-27 07:30:00,153.7
2018-08-27 07:45:00,146.79999
2018-08-27 08:00:00,153.59999
2018-08-27 08:15:00,153.59999
2018-08-27 08:30:00,153.59999
2018-08-27 08:45:00,153.5
2018-08-27 09:00:00,153.7
2018-08-27 09:15:00,153.59999
2018-08-27 09:30:00,153.79999
2018-08-27 09:45:00,153.5
2018-08-27 10:00:00,153.79999
2018-08-27 10:15:00,153.5
2018-08-27 10:30:00,153.79999
2018-08-27 10:45:00,153.9
2018-08-27 11:00:00,153.59999
2018-08-27 11:15:00,153.79999
2018-08-27 11:30:00,154.0
2018-08-27 11:45:00,150.4
2018-08-27 12:00:00,147.4
2018-08-27 12:15:00,142.79999
2018-08-27 12:30:00,145.4
2018-08-27 12:45:00,139.79999
2018-08-27 13:00:00,120.7
2018-08-27 13:15:00,117.7
2018-08-27 13:30:00,119.89999
2018-08-27 13:45:00,135.2
2018-08-27 14:00:00,128.79999
2018-08-27 14:15:00,143.7
2018-08-27 14:30:00,153.9
2018-08-27 14:45:00,153.09999
2018-08-27 15:00:00,153.59999
2018-08-27 15:15:00,153.79999
2018-08-27 15:30:00,153.5
2018-08-27 15:45:00,154.79999
2018-08-27 16:00:00,144.5
2018-08-27 16:15:00,146.2
2018-08-27 16:30:00,148.7
2018-08-27 16:45:00,131.79999
2018-08-27 17:00:00,129.0
2018-08-27 17:15:00,130.7
2018-08-27 17:30:00,134.79999
2018-08-27 17:45:00,121.7
2018-08-27 18:00:00,119.7
2018-08-27 18:15:00,105.7
2018-08-27 18:30:00,106.39999
2018-08-27 18:45:00,109.8
2018-08-27 19:00:00,112.3
2018-08-27 19:15:00,113.2
2018-08-27 19:30:00,124.8
2018-08-27 19:45:00,115.0
2018-08-27 20:00:00,124.3
2018-08-27 20:15:00,116.5
2018-08-27 20:30:00,97.8
2018-08-27 20:45:00,85.39999
2018-08-27 21:00:00,87.3
2018-08-27 21:15:00,103.0
2018-08-27 21:30:00,108.5
2018-08-27 21:45:00,100.6
2018-08-27 22:00:00,100.8
2018-08-27 22:15:00,95.8
2018-08-27 22:30:00,80.3
2018-08-27 22:45:00,84.1
2018-08-27 23:00:00,90.6
2018-08-27 23:15:00,91.89999
2018-08-27 23:30:00,88.8
2018-08-27 23:45:00,90.8
2018-08-28 00:00:00,103.2
2018-08-28 00:15:00,87.6
2018-08-28 00:30:00,81.5
2018-08-28 00:45:00,75.5
2018-08-28 01:00:00,86.1
2018-08-28 01:15:00,107.2
2018-08-28 01:30:00,113.5
2018-08-28 01:45:00,124.8
2018-08-28 02:00:00,124.2
2018-08-28 02:15:00,109.5
2018-08-28 02:30:00,142.7
2018-08-28 02:45:00,132.29999
2018-08-28 03:00:00,119.8
2018-08-28 03:15:00,134.5
2018-08-28 03:30:00,137.7
2018-08-28 03:45:00,131.7
2018-08-28 04:00:00,143.2
2018-08-28 04:15:00,135.0
2018-08-28 04:30:00,133.4
2018-08-28 04:45:00,115.89999
2018-08-28 05:00:00,113.5
2018-08-28 05:15:00,118.89999
2018-08-28 05:30:00,141.2
2018-08-28 05:45:00,131.0
2018-08-28 06:00:00,153.7
2018-08-28 06:15:00,153.5
2018-08-28 06:30:00,153.4
2018-08-28 06:45:00,153.59999
2018-08-28 07:00:00,153.59999
2018-08-28 07:15:00,153.5
2018-08-28 07:30:00,153.4
2018-08-28 07:45:00,153.59999
2018-08-28 08:00:00,153.79999
2018-08-28 08:15:00,153.7
2018-08-28 08:30:00,153.59999
2018-08-28 08:45:00,153.79999
2018-08-28 09:00:00,153.59999
2018-08-28 09:15:00,153.79999
2018-08-28 09:30:00,154.7
2018-08-28 09:45:00,153.79999
2018-08-28 10:00:00,153.7
2018-08-28 10:15:00,153.7
2018-08-28 10:30:00,153.7
2018-08-28 10:45:00,149.9
2018-08-28 11:00:00,153.4
2018-08-28 11:15:00,147.7
2018-08-28 11:30:00,145.2
2018-08-28 11:45:00,150.7
2018-08-28 12:00:00,153.5
2018-08-28 12:15:00,153.7
2018-08-28 12:30:00,153.79999
2018-08-28 12:45:00,144.9
2018-08-28 13:00:00,132.09999
2018-08-28 13:15:00,109.6
2018-08-28 13:30:00,122.39999
2018-08-28 13:45:00,126.2
2018-08-28 14:00:00,135.4
2018-08-28 14:15:00,142.09999
2018-08-28 14:30:00,145.2
2018-08-28 14:45:00,139.79999
2018-08-28 15:00:00,137.9
2018-08-28 15:15:00,139.59999
2018-08-28 15:30:00,136.5
2018-08-28 15:45:00,141.29999
2018-08-28 16:00:00,140.29999
2018-08-28 16:15:00,144.9
2018-08-28 16:30:00,139.59999
2018-08-28 16:45:00,133.09999
2018-08-28 17:00:00,135.09999
2018-08-28 17:15:00,124.5
2018-08-28 17:30:00,118.8
2018-08-28 17:45:00,118.0
2018-08-28 18:00:00,107.6
2018-08-28 18:15:00,99.89999
2018-08-28 18:30:00,96.5
2018-08-28 18:45:00,102.6
2018-08-28 19:00:00,107.6
2018-08-28 19:15:00,94.8
2018-08-28 19:30:00,100.6
2018-08-28 19:45:00,111.1
2018-08-28 20:00:00,101.6
2018-08-28 20:15:00,93.3
2018-08-28 20:30:00,91.3
2018-08-28 20:45:00,78.5
2018-08-28 21:00:00,73.0
2018-08-28 21:15:00,65.7
2018-08-28 21:30:00,66.7
2018-08-28 21:45:00,69.3
2018-08-28 22:00:00,71.7
2018-08-28 22:15:00,75.3
2018-08-28 22:30:00,67.89999
2018-08-28 22:45:00,61.3
2018-08-28 23:00:00,63.7
2018-08-28 23:15:00,70.8
2018-08-28 23:30:00,77.8
2018-08-28 23:45:00,64.1
2018-08-29 00:00:00,67.6
2018-08-29 00:15:00,70.5
2018-08-29 00:30:00,51.9
2018-08-29 00:45:00,37.6
2018-08-29 01:00:00,50.5
2018-08-29 01:15:00,46.1
2018-08-29 01:30:00,57.0
2018-08-29 01:45:00,69.2
2018-08-29 02:00:00,88.1
2018-08-29 02:15:00,101.8
2018-08-29 02:30:00,120.6
2018-08-29 02:45:00,138.2
2018-08-29 03:00:00,142.09999
2018-08-29 03:15:00,149.5
2018-08-29 03:30:00,143.5
2018-08-29 03:45:00,140.59999
2018-08-29 04:00:00,117.8
2018-08-29 04:15:00,110.1
2018-08-29 04:30:00,95.6
2018-08-29 04:45:00,95.7
2018-08-29 05:00:00,107.1
2018-08-29 05:15:00,110.8
2018-08-29 05:30:00,117.5
2018-08-29 05:45:00,134.7
2018-08-29 06:00:00,128.7
2018-08-29 06:15:00,120.89999
2018-08-29 06:30:00,122.1
2018-08-29 06:45:00,126.39999
2018-08-29 07:00:00,145.9
2018-08-29 07:15:00,153.79999
2018-08-29 07:30:00,139.0
2018-08-29 07:45:00,136.59999
2018-08-29 08:00:00,131.9
2018-08-29 08:15:00,135.5
2018-08-29 08:30:00,119.0
2018-08-29 08:45:00,113.2
2018-08-29 09:00:00,102.5
2018-08-29 09:15:00,83.39999
2018-08-29 09:30:00,79.1
2018-08-29 09:45:00,97.0
2018-08-29 10:00:00,113.0
2018-08-29 10:15:00,102.3
2018-08-29 10:30:00,109.0
2018-08-29 10:45:00,111.0
2018-08-29 11:00:00,108.39999
2018-08-29 11:15:00,107.0
2018-08-29 11:30:00,115.39999
2018-08-29 11:45:00,141.5
2018-08-29 12:00:00,143.0
2018-08-29 12:15:00,139.5
2018-08-29 12:30:00,130.9
2018-08-29 12:45:00,120.2
2018-08-29 13:00:00,100.39999
2018-08-29 13:15:00,83.0
2018-08-29 13:30:00,82.39999
2018-08-29 13:45:00,91.7
2018-08-29 14:00:00,81.5
2018-08-29 14:15:00,73.6
2018-08-29 14:30:00,77.0
2018-08-29 14:45:00,87.8
2018-08-29 15:00:00,65.0
2018-08-29 15:15:00,55.3
2018-08-29 15:30:00,54.8
2018-08-29 15:45:00,56.7
2018-08-29 16:00:00,48.9
2018-08-29 16:15:00,46.6
2018-08-29 16:30:00,47.2
2018-08-29 16:45:00,44.4
2018-08-29 17:00:00,38.2
2018-08-29 17:15:00,35.9
2018-08-29 17:30:00,28.3
2018-08-29 17:45:00,25.6
2018-08-29 18:00:00,23.9
2018-08-29 18:15:00,19.9
2018-08-29 18:30:00,19.1
2018-08-29 18:45:00,16.9
2018-08-29 19:00:00,16.0
2018-08-29 19:15:00,12.7
2018-08-29 19:30:00,19.1
2018-08-29 19:45:00,18.7
2018-08-29 20:00:00,25.5
2018-08-29 20:15:00,31.0
2018-08-29 20:30:00,29.6
2018-08-29 20:45:00,24.4
2018-08-29 21:00:00,20.7
2018-08-29 21:15:00,20.1
2018-08-29 21:30:00,14.8
2018-08-29 21:45:00,19.3
2018-08-29 22:00:00,19.7
2018-08-29 22:15:00,24.5
2018-08-29 22:30:00,30.8
2018-08-29 22:45:00,35.1
2018-08-29 23:00:00,26.1
2018-08-29 23:15:00,37.0
2018-08-29 23:30:00,25.8
2018-08-29 23:45:00,23.0
2018-08-30 00:00:00,28.1
2018-08-30 00:15:00,21.6
2018-08-30 00:30:00,20.0
2018-08-30 00:45:00,22.0
2018-08-30 01:00:00,24.1
2018-08-30 01:15:00,21.2
2018-08-30 01:30:00,29.5
2018-08-30 01:45:00,32.9
2018-08-30 02:00:00,37.9
2018-08-30 02:15:00,40.0
2018-08-30 02:30:00,51.9
2018-08-30 02:45:00,49.6
2018-08-30 03:00:00,48.4
2018-08-30 03:15:00,54.4
2018-08-30 03:30:00,52.2
2018-08-30 03:45:00,47.2
2018-08-30 04:00:00,61.6
2018-08-30 04:15:00,83.3
2018-08-30 04:30:00,100.39999
2018-08-30 04:45:00,95.6
2018-08-30 05:00:00,99.0
2018-08-30 05:15:00,114.8
2018-08-30 05:30:00,125.89999
2018-08-30 05:45:00,115.6
2018-08-30 06:00:00,121.2
2018-08-30 06:15:00,128.7
2018-08-30 06:30:00,131.29999
2018-08-30 06:45:00,114.7
2018-08-30 07:00:00,120.7
2018-08-30 07:15:00,101.89999
2018-08-30 07:30:00,94.89999
2018-08-30 07:45:00,98.2
2018-08-30 08:00:00,93.8
2018-08-30 08:15:00,98.1
2018-08-30 08:30:00,88.1
2018-08-30 08:45:00,88.39999
2018-08-30 09:00:00,87.2
2018-08-30 09:15:00,72.89999
2018-08-30 09:30:00,77.1
2018-08-30 09:45:00,79.89999
2018-08-30 10:00:00,65.5
2018-08-30 10:15:00,62.9
2018-08-30 10:30:00,61.7
2018-08-30 10:45:00,72.5
2018-08-30 11:00:00,66.39999
2018-08-30 11:15:00,65.2
2018-08-30 11:30:00,60.9
2018-08-30 11:45:00,54.3
2018-08-30 12:00:00,51.9
2018-08-30 12:15:00,52.9
2018-08-30 12:30:00,35.8
2018-08-30 12:45:00,31.9
2018-08-30 13:00:00,35.1
2018-08-30 13:15:00,36.1
2018-08-30 13:30:00,30.9
2018-08-30 13:45:00,25.2
2018-08-30 14:00:00,32.1
2018-08-30 14:15:00,33.6
2018-08-30 14:30:00,37.5
2018-08-30 14:45:00,31.5
2018-08-30 15:00:00,28.9
2018-08-30 15:15:00,35.1
2018-08-30 15:30:00,38.1
2018-08-30 15:45:00,33.4
2018-08-30 16:00:00,30.3
2018-08-30 16:15:00,23.4
2018-08-30 16:30:00,21.5
2018-08-30 16:45:00,15.9
2018-08-30 17:00:00,14.3
2018-08-30 17:15:00,12.7
2018-08-30 17:30:00,7.5
2018-08-30 17:45:00,4.6
2018-08-30 18:00:00,3.0
2018-08-30 18:15:00,3.5
2018-08-30 18:30:00,3.6
2018-08-30 18:45:00,3.6
2018-08-30 19:00:00,5.9
2018-08-30 19:15:00,7.3
2018-08-30 19:30:00,4.9
2018-08-30 19:45:00,4.3
2018-08-30 20:00:00,3.2
2018-08-30 20:15:00,1.2
2018-08-30 20:30:00,5.4
2018-08-30 20:45:00,5.5
2018-08-30 21:00:00,9.0
2018-08-30 21:15:00,7.0
2018-08-30 21:30:00,0.6
2018-08-30 21:45:00,5.9
2018-08-30 22:00:00,1.1
2018-08-30 22:15:00,5.9
2018-08-30 22:30:00,3.4
2018-08-30 22:45:00,5.2
2018-08-30 23:00:00,0.8
2018-08-30 23:15:00,6.3
2018-08-30 23:30:00,10.6
2018-08-30 23:45:00,9.8
2018-08-31 00:00:00,18.6
2018-08-31 00:15:00,16.9
2018-08-31 00:30:00,15.2
2018-08-31 00:45:00,21.3
2018-08-31 01:00:00,18.1
2018-08-31 01:15:00,31.8
2018-08-31 01:30:00,40.0
2018-08-31 01:45:00,57.4
2018-08-31 02:00:00,63.8
2018-08-31 02:15:00,71.2
2018-08-31 02:30:00,58.2
2018-08-31 02:45:00,59.3
2018-08-31 03:00:00,67.5
2018-08-31 03:15:00,87.6
2018-08-31 03:30:00,102.8
2018-08-31 03:45:00,99.7
2018-08-31 04:00:00,90.2
2018-08-31 04:15:00,101.3
2018-08-31 04:30:00,113.1
2018-08-31 04:45:00,118.39999
2018-08-31 05:00:00,112.89999
2018-08-31 05:15:00,109.0
2018-08-31 05:30:00,107.1
2018-08-31 05:45:00,111.1
2018-08-31 06:00:00,118.7
2018-08-31 06:15:00,117.5
2018-08-31 06:30:00,109.2
2018-08-31 06:45:00,105.8
2018-08-31 07:00:00,113.2
2018-08-31 07:15:00,114.1
2018-08-31 07:30:00,100.2
2018-08-31 07:45:00,100.1
2018-08-31 08:00:00,98.6
2018-08-31 08:15:00,113.5
2018-08-31 08:30:00,107.8
2018-08-31 08:45:00,103.7
2018-08-31 09:00:00,93.8
2018-08-31 09:15:00,86.1
2018-08-31 09:30:00,95.89999
2018-08-31 09:45:00,97.1
2018-08-31 10:00:00,99.39999
2018-08-31 10:15:00,99.8
2018-08-31 10:30:00,85.0
2018-08-31 10:45:00,77.5
2018-08-31 11:00:00,74.89999
2018-08-31 11:15:00,67.1
2018-08-31 11:30:00,61.6
2018-08-31 11:45:00,58.9
2018-08-31 12:00:00,50.5
2018-08-31 12:15:00,46.7
2018-08-31 12:30:00,45.9
2018-08-31 12:45:00,43.2
2018-08-31 13:00:00,41.0
2018-08-31 13:15:00,36.1
2018-08-31 13:30:00,43.4
2018-08-31 13:45:00,46.3
2018-08-31 14:00:00,51.3
2018-08-31 14:15:00,69.7
2018-08-31 14:30:00,63.9
2018-08-31 14:45:00,62.9
2018-08-31 15:00:00,57.5
2018-08-31 15:15:00,54.6
2018-08-31 15:30:00,57.0
2018-08-31 15:45:00,62.3
2018-08-31 16:00:00,57.9
2018-08-31 16:15:00,56.0
2018-08-31 16:30:00,55.3
2018-08-31 16:45:00,51.9
2018-08-31 17:00:00,46.6
2018-08-31 17:15:00,43.8
2018-08-31 17:30:00,35.6
2018-08-31 17:45:00,30.1
2018-08-31 18:00:00,27.3
2018-08-31 18:15:00,28.0
2018-08-31 18:30:00,23.8
2018-08-31 18:45:00,20.7
2018-08-31 19:00:00,19.5
2018-08-31 19:15:00,21.8
2018-08-31 19:30:00,26.9
2018-08-31 19:45:00,31.3
2018-08-31 20:00:00,21.2
2018-08-31 20:15:00,27.4
2018-08-31 20:30:00,21.6
2018-08-31 20:45:00,39.9
2018-08-31 21:00:00,34.2
2018-08-31 21:15:00,23.9
2018-08-31 21:30:00,28.1
2018-08-31 21:45:00,33.8
2018-08-31 22:00:00,29.8
2018-08-31 22:15:00,26.8
2018-08-31 22:30:00,36.8
2018-08-31 22:45:00,30.8
2018-08-31 23:00:00,29.6
2018-08-31 23:15:00,39.3
2018-08-31 23:30:00,47.6
2018-08-31 23:45:00,34.4
2018-09-01 00:00:00,40.4
2018-09-01 00:15:00,41.6
2018-09-01 00:30:00,48.9
2018-09-01 00:45:00,42.9
2018-09-01 01:00:00,44.1
2018-09-01 01:15:00,47.4
2018-09-01 01:30:00,45.5
2018-09-01 01:45:00,48.1
2018-09-01 02:00:00,54.6
2018-09-01 02:15:00,79.0
2018-09-01 02:30:00,80.8
2018-09-01 02:45:00,89.2
2018-09-01 03:00:00,98.39999
2018-09-01 03:15:00,112.2
2018-09-01 03:30:00,118.8
2018-09-01 03:45:00,118.39999
2018-09-01 04:00:00,137.5
2018-09-01 04:15:00,131.9
2018-09-01 04:30:00,120.6
2018-09-01 04:45:00,112.5
2018-09-01 05:00:00,107.5
2018-09-01 05:15:00,104.3
2018-09-01 05:30:00,95.7
2018-09-01 05:45:00,88.5
2018-09-01 06:00:00,92.0
2018-09-01 06:15:00,85.7
2018-09-01 06:30:00,75.6
2018-09-01 06:45:00,83.2
2018-09-01 07:00:00,85.2
2018-09-01 07:15:00,84.2
2018-09-01 07:30:00,83.5
2018-09-01 07:45:00,78.3
2018-09-01 08:00:00,75.5
2018-09-01 08:15:00,66.7
2018-09-01 08:30:00,59.8
2018-09-01 08:45:00,70.7
2018-09-01 09:00:00,73.1
2018-09-01 09:15:00,68.89999
2018-09-01 09:30:00,67.7
2018-09-01 09:45:00,64.2
2018-09-01 10:00:00,74.1
2018-09-01 10:15:00,63.7
2018-09-01 10:30:00,67.2
2018-09-01 10:45:00,59.0
2018-09-01 11:00:00,58.4
2018-09-01 11:15:00,49.9
2018-09-01 11:30:00,44.9
2018-09-01 11:45:00,43.3
2018-09-01 12:00:00,53.6
2018-09-01 12:15:00,53.8
2018-09-01 12:30:00,42.8
2018-09-01 12:45:00,44.0
2018-09-01 13:00:00,41.8
2018-09-01 13:15:00,27.4
2018-09-01 13:30:00,21.8
2018-09-01 13:45:00,17.2
2018-09-01 14:00:00,16.5
2018-09-01 14:15:00,28.5
2018-09-01 14:30:00,41.0
2018-09-01 14:45:00,57.7
2018-09-01 15:00:00,67.0
2018-09-01 15:15:00,64.3
2018-09-01 15:30:00,69.2
2018-09-01 15:45:00,76.6
2018-09-01 16:00:00,73.39999
2018-09-01 16:15:00,58.5
2018-09-01 16:30:00,41.1
2018-09-01 16:45:00,44.3
2018-09-01 17:00:00,36.7
2018-09-01 17:15:00,36.8
2018-09-01 17:30:00,34.0
2018-09-01 17:45:00,27.3
2018-09-01 18:00:00,33.5
2018-09-01 18:15:00,27.7
2018-09-01 18:30:00,27.2
2018-09-01 18:45:00,18.9
2018-09-01 19:00:00,18.5
2018-09-01 19:15:00,20.7
2018-09-01 19:30:00,18.5
2018-09-01 19:45:00,22.8
2018-09-01 20:00:00,24.1
2018-09-01 20:15:00,21.9
2018-09-01 20:30:00,17.0
2018-09-01 20:45:00,14.0
2018-09-01 21:00:00,25.6
2018-09-01 21:15:00,30.1
2018-09-01 21:30:00,32.2
2018-09-01 21:45:00,31.6
2018-09-01 22:00:00,34.2
2018-09-01 22:15:00,47.0
2018-09-01 22:30:00,44.9
2018-09-01 22:45:00,69.3
2018-09-01 23:00:00,64.7
2018-09-01 23:15:00,61.7
2018-09-01 23:30:00,57.7
2018-09-01 23:45:00,53.8
2018-09-02 00:00:00,43.0
2018-09-02 00:15:00,27.9
2018-09-02 00:30:00,26.0
2018-09-02 00:45:00,33.4
2018-09-02 01:00:00,30.4
2018-09-02 01:15:00,37.5
2018-09-02 01:30:00,46.1
2018-09-02 01:45:00,38.9
2018-09-02 02:00:00,49.8
2018-09-02 02:15:00,40.2
2018-09-02 02:30:00,41.2
2018-09-02 02:45:00,53.7
2018-09-02 03:00:00,55.7
2018-09-02 03:15:00,63.6
2018-09-02 03:30:00,88.0
2018-09-02 03:45:00,108.89999
2018-09-02 04:00:00,100.3
2018-09-02 04:15:00,79.1
2018-09-02 04:30:00,72.1
2018-09-02 04:45:00,87.2
2018-09-02 05:00:00,85.8
2018-09-02 05:15:00,87.0
2018-09-02 05:30:00,99.8
2018-09-02 05:45:00,119.1
2018-09-02 06:00:00,122.3
2018-09-02 06:15:00,127.0
2018-09-02 06:30:00,116.8
2018-09-02 06:45:00,121.89999
2018-09-02 07:00:00,128.0
2018-09-02 07:15:00,151.5
2018-09-02 07:30:00,141.0
2018-09-02 07:45:00,136.2
2018-09-02 08:00:00,121.6
2018-09-02 08:15:00,126.5
2018-09-02 08:30:00,115.1
2018-09-02 08:45:00,83.1
2018-09-02 09:00:00,84.8
2018-09-02 09:15:00,86.5
2018-09-02 09:30:00,68.0
2018-09-02 09:45:00,70.6
2018-09-02 10:00:00,62.3
2018-09-02 10:15:00,63.9
2018-09-02 10:30:00,62.0
2018-09-02 10:45:00,50.8
2018-09-02 11:00:00,49.7
2018-09-02 11:15:00,42.1
2018-09-02 11:30:00,50.6
2018-09-02 11:45:00,34.8
2018-09-02 12:00:00,37.0
2018-09-02 12:15:00,28.4
2018-09-02 12:30:00,25.9
2018-09-02 12:45:00,26.7
2018-09-02 13:00:00,25.6
2018-09-02 13:15:00,20.5
2018-09-02 13:30:00,14.9
2018-09-02 13:45:00,7.0
2018-09-02 14:00:00,4.3
2018-09-02 14:15:00,3.1
2018-09-02 14:30:00,1.2
2018-09-02 14:45:00,5.0
2018-09-02 15:00:00,4.2
2018-09-02 15:15:00,2.6
2018-09-02 15:30:00,4.7
2018-09-02 15:45:00,5.7
2018-09-02 16:00:00,7.9
2018-09-02 16:15:00,9.8
2018-09-02 16:30:00,9.0
2018-09-02 16:45:00,6.5
2018-09-02 17:00:00,7.7
2018-09-02 17:15:00,5.2
2018-09-02 17:30:00,5.2
2018-09-02 17:45:00,4.5
2018-09-02 18:00:00,1.7
2018-09-02 18:15:00,0.0
2018-09-02 18:30:00,0.4
2018-09-02 18:45:00,1.8
2018-09-02 19:00:00,0.0
2018-09-02 19:15:00,0.0
2018-09-02 19:30:00,15.9
2018-09-02 19:45:00,57.2
2018-09-02 20:00:00,33.6
2018-09-02 20:15:00,13.5
2018-09-02 20:30:00,6.3
2018-09-02 20:45:00,0.9
2018-09-02 21:00:00,4.3
2018-09-02 21:15:00,9.3
2018-09-02 21:30:00,7.9
2018-09-02 21:45:00,34.2
2018-09-02 22:00:00,154.0
2018-09-02 22:15:00,130.59999
2018-09-02 22:30:00,22.4
2018-09-02 22:45:00,11.8
2018-09-02 23:00:00,0.0
2018-09-02 23:15:00,0.0
2018-09-02 23:30:00,0.0
2018-09-02 23:45:00,0.0
2018-09-03 00:00:00,0.0
2018-09-03 00:15:00,37.0
2018-09-03 00:30:00,99.2
2018-09-03 00:45:00,72.8
2018-09-03 01:00:00,34.8
2018-09-03 01:15:00,54.8
2018-09-03 01:30:00,92.2
2018-09-03 01:45:00,77.8
2018-09-03 02:00:00,57.3
2018-09-03 02:15:00,153.9
2018-09-03 02:30:00,153.7
2018-09-03 02:45:00,153.79999
2018-09-03 03:00:00,153.59999
2018-09-03 03:15:00,106.1
2018-09-03 03:30:00,61.8
2018-09-03 03:45:00,52.0
2018-09-03 04:00:00,44.8
2018-09-03 04:15:00,51.2
2018-09-03 04:30:00,47.9
2018-09-03 04:45:00,40.3
2018-09-03 05:00:00,5.5
2018-09-03 05:15:00,0.0
2018-09-03 05:30:00,0.0
2018-09-03 05:45:00,0.0
2018-09-03 06:00:00,0.0
2018-09-03 06:15:00,0.0
2018-09-03 06:30:00,0.0
2018-09-03 06:45:00,0.0
2018-09-03 07:00:00,0.0
2018-09-03 07:15:00,0.0
2018-09-03 07:30:00,12.9
2018-09-03 07:45:00,16.1
2018-09-03 08:00:00,20.1
2018-09-03 08:15:00,26.2
2018-09-03 08:30:00,32.4
2018-09-03 08:45:00,31.7
2018-09-03 09:00:00,38.5
2018-09-03 09:15:00,44.7
2018-09-03 09:30:00,35.4
2018-09-03 09:45:00,37.3
2018-09-03 10:00:00,27.0
2018-09-03 10:15:00,21.2
2018-09-03 10:30:00,10.1
2018-09-03 10:45:00,9.7
2018-09-03 11:00:00,4.7
2018-09-03 11:15:00,0.0
2018-09-03 11:30:00,0.0
2018-09-03 11:45:00,0.0
2018-09-03 12:00:00,0.0
2018-09-03 12:15:00,0.0
2018-09-03 12:30:00,0.0
2018-09-03 12:45:00,0.0
2018-09-03 13:00:00,0.0
2018-09-03 13:15:00,0.0
2018-09-03 13:30:00,0.0
2018-09-03 13:45:00,0.0
2018-09-03 14:00:00,0.0
2018-09-03 14:15:00,0.0
2018-09-03 14:30:00,0.0
2018-09-03 14:45:00,0.0
2018-09-03 15:00:00,0.0
2018-09-03 15:15:00,0.0
2018-09-03 15:30:00,0.0
2018-09-03 15:45:00,0.0
2018-09-03 16:00:00,0.0
2018-09-03 16:15:00,0.0
2018-09-03 16:30:00,0.0
2018-09-03 16:45:00,0.0
2018-09-03 17:00:00,2.8
2018-09-03 17:15:00,6.5
2018-09-03 17:30:00,4.7
2018-09-03 17:45:00,0.0
2018-09-03 18:00:00,0.0
2018-09-03 18:15:00,0.0
2018-09-03 18:30:00,0.0
2018-09-03 18:45:00,0.0
2018-09-03 19:00:00,0.0
2018-09-03 19:15:00,0.0
2018-09-03 19:30:00,0.0
2018-09-03 19:45:00,0.0
2018-09-03 20:00:00,0.0
2018-09-03 20:15:00,0.0
2018-09-03 20:30:00,0.0
2018-09-03 20:45:00,0.0
2018-09-03 21:00:00,0.0
2018-09-03 21:15:00,0.0
2018-09-03 21:30:00,0.0
2018-09-03 21:45:00,0.0
2018-09-03 22:00:00,0.0
2018-09-03 22:15:00,0.0
2018-09-03 22:30:00,0.0
2018-09-03 22:45:00,0.0
2018-09-03 23:00:00,0.0
2018-09-03 23:15:00,0.5
2018-09-03 23:30:00,0.0
2018-09-03 23:45:00,0.0
2018-09-04 00:00:00,0.7
2018-09-04 00:15:00,5.9
2018-09-04 00:30:00,3.0
2018-09-04 00:45:00,3.9
2018-09-04 01:00:00,4.7
2018-09-04 01:15:00,10.3
2018-09-04 01:30:00,15.6
2018-09-04 01:45:00,40.6
2018-09-04 02:00:00,60.5
2018-09-04 02:15:00,44.9
2018-09-04 02:30:00,29.0
2018-09-04 02:45:00,38.8
2018-09-04 03:00:00,22.6
2018-09-04 03:15:00,19.7
2018-09-04 03:30:00,28.7
2018-09-04 03:45:00,24.0
2018-09-04 04:00:00,13.9
2018-09-04 04:15:00,18.2
2018-09-04 04:30:00,19.8
2018-09-04 04:45:00,27.1
2018-09-04 05:00:00,20.3
2018-09-04 05:15:00,19.2
2018-09-04 05:30:00,16.7
2018-09-04 05:45:00,24.8
2018-09-04 06:00:00,30.0
2018-09-04 06:15:00,37.3
2018-09-04 06:30:00,57.9
2018-09-04 06:45:00,54.7
2018-09-04 07:00:00,48.0
2018-09-04 07:15:00,43.3
2018-09-04 07:30:00,38.7
2018-09-04 07:45:00,44.3
2018-09-04 08:00:00,55.6
2018-09-04 08:15:00,53.6
2018-09-04 08:30:00,33.4
2018-09-04 08:45:00,30.0
2018-09-04 09:00:00,34.7
2018-09-04 09:15:00,30.4
2018-09-04 09:30:00,29.2
2018-09-04 09:45:00,34.1
2018-09-04 10:00:00,41.5
2018-09-04 10:15:00,38.7
2018-09-04 10:30:00,33.0
2018-09-04 10:45:00,36.2
2018-09-04 11:00:00,42.3
2018-09-04 11:15:00,52.6
2018-09-04 11:30:00,60.6
2018-09-04 11:45:00,75.5
2018-09-04 12:00:00,89.7
2018-09-04 12:15:00,100.5
2018-09-04 12:30:00,105.1
2018-09-04 12:45:00,97.1
2018-09-04 13:00:00,86.2
2018-09-04 13:15:00,92.0
2018-09-04 13:30:00,77.0
2018-09-04 13:45:00,75.89999
2018-09-04 14:00:00,70.7
2018-09-04 14:15:00,53.4
2018-09-04 14:30:00,43.5
2018-09-04 14:45:00,38.3
2018-09-04 15:00:00,36.6
2018-09-04 15:15:00,25.2
2018-09-04 15:30:00,21.6
2018-09-04 15:45:00,16.7
2018-09-04 16:00:00,18.6
2018-09-04 16:15:00,14.4
2018-09-04 16:30:00,5.3
2018-09-04 16:45:00,3.9
2018-09-04 17:00:00,4.7
2018-09-04 17:15:00,2.7
2018-09-04 17:30:00,0.0
2018-09-04 17:45:00,0.0
2018-09-04 18:00:00,0.0
2018-09-04 18:15:00,0.0
2018-09-04 18:30:00,3.8
2018-09-04 18:45:00,5.0
2018-09-04 19:00:00,5.4
2018-09-04 19:15:00,6.9
2018-09-04 19:30:00,6.3
2018-09-04 19:45:00,7.0
2018-09-04 20:00:00,6.6
2018-09-04 20:15:00,6.1
2018-09-04 20:30:00,6.5
2018-09-04 20:45:00,5.0
2018-09-04 21:00:00,1.0
2018-09-04 21:15:00,0.0
2018-09-04 21:30:00,0.0
2018-09-04 21:45:00,0.0
2018-09-04 22:00:00,0.0
2018-09-04 22:15:00,7.3
2018-09-04 22:30:00,14.5
2018-09-04 22:45:00,24.2
2018-09-04 23:00:00,33.8
2018-09-04 23:15:00,59.8
2018-09-04 23:30:00,40.4
2018-09-04 23:45:00,21.0
2018-09-05 00:00:00,11.9
2018-09-05 00:15:00,12.7
2018-09-05 00:30:00,22.1
2018-09-05 00:45:00,26.3
2018-09-05 01:00:00,22.0
2018-09-05 01:15:00,24.5
2018-09-05 01:30:00,26.1
2018-09-05 01:45:00,35.2
2018-09-05 02:00:00,33.6
2018-09-05 02:15:00,43.3
2018-09-05 02:30:00,38.7
2018-09-05 02:45:00,27.3
2018-09-05 03:00:00,29.1
2018-09-05 03:15:00,22.8
2018-09-05 03:30:00,17.0
2018-09-05 03:45:00,10.1
2018-09-05 04:00:00,12.5
2018-09-05 04:15:00,20.6
2018-09-05 04:30:00,24.1
2018-09-05 04:45:00,26.4
2018-09-05 05:00:00,25.2
2018-09-05 05:15:00,25.1
2018-09-05 05:30:00,28.6
2018-09-05 05:45:00,29.2
2018-09-05 06:00:00,26.6
2018-09-05 06:15:00,20.8
2018-09-05 06:30:00,22.3
2018-09-05 06:45:00,25.1
2018-09-05 07:00:00,26.0
2018-09-05 07:15:00,24.8
2018-09-05 07:30:00,23.9
2018-09-05 07:45:00,26.4
2018-09-05 08:00:00,18.1
2018-09-05 08:15:00,12.3
2018-09-05 08:30:00,12.0
2018-09-05 08:45:00,7.4
2018-09-05 09:00:00,5.6
2018-09-05 09:15:00,7.9
2018-09-05 09:30:00,12.0
2018-09-05 09:45:00,14.9
2018-09-05 10:00:00,16.7
2018-09-05 10:15:00,14.2
2018-09-05 10:30:00,8.8
2018-09-05 10:45:00,7.7
2018-09-05 11:00:00,6.7
2018-09-05 11:15:00,13.7
2018-09-05 11:30:00,23.3
2018-09-05 11:45:00,32.3
2018-09-05 12:00:00,29.0
2018-09-05 12:15:00,11.6
2018-09-05 12:30:00,4.6
2018-09-05 12:45:00,6.2
2018-09-05 13:00:00,1.1
2018-09-05 13:15:00,0.0
2018-09-05 13:30:00,4.3
2018-09-05 13:45:00,0.0
2018-09-05 14:00:00,0.0
2018-09-05 14:15:00,0.0
2018-09-05 14:30:00,13.0
2018-09-05 14:45:00,12.7
2018-09-05 15:00:00,0.0
2018-09-05 15:15:00,0.0
2018-09-05 15:30:00,0.0
2018-09-05 15:45:00,0.0
2018-09-05 16:00:00,0.0
2018-09-05 16:15:00,0.0
2018-09-05 16:30:00,0.0
2018-09-05 16:45:00,0.0
2018-09-05 17:00:00,0.0
2018-09-05 17:15:00,1.8
2018-09-05 17:30:00,0.0
2018-09-05 17:45:00,0.0
2018-09-05 18:00:00,0.0
2018-09-05 18:15:00,0.0
2018-09-05 18:30:00,0.0
2018-09-05 18:45:00,0.0
2018-09-05 19:00:00,0.0
2018-09-05 19:15:00,0.0
2018-09-05 19:30:00,0.0
2018-09-05 19:45:00,0.0
2018-09-05 20:00:00,0.0
2018-09-05 20:15:00,0.0
2018-09-05 20:30:00,0.0
2018-09-05 20:45:00,0.0
2018-09-05 21:00:00,0.0
2018-09-05 21:15:00,0.0
2018-09-05 21:30:00,0.0
2018-09-05 21:45:00,0.0
2018-09-05 22:00:00,4.0
2018-09-05 22:15:00,0.9
2018-09-05 22:30:00,0.0
2018-09-05 22:45:00,0.0
2018-09-05 23:00:00,0.0
2018-09-05 23:15:00,0.0
2018-09-05 23:30:00,3.9
2018-09-05 23:45:00,3.5
2018-09-06 00:00:00,0.0
2018-09-06 00:15:00,0.0
2018-09-06 00:30:00,0.0
2018-09-06 00:45:00,0.0
2018-09-06 01:00:00,0.0
2018-09-06 01:15:00,2.8
2018-09-06 01:30:00,4.9
2018-09-06 01:45:00,7.7
2018-09-06 02:00:00,8.3
2018-09-06 02:15:00,5.6
2018-09-06 02:30:00,3.2
2018-09-06 02:45:00,5.1
2018-09-06 03:00:00,1.1
2018-09-06 03:15:00,3.1
2018-09-06 03:30:00,3.3
2018-09-06 03:45:00,0.0
2018-09-06 04:00:00,0.0
2018-09-06 04:15:00,0.0
2018-09-06 04:30:00,0.0
2018-09-06 04:45:00,0.0
2018-09-06 05:01:00,0.0
2018-09-06 05:15:00,0.0
2018-09-06 05:30:00,0.0
2018-09-06 05:45:00,0.0
2018-09-06 06:00:00,0.0
2018-09-06 06:15:00,0.0
2018-09-06 06:30:00,0.0
2018-09-06 06:45:00,0.0
2018-09-06 07:00:00,0.0
2018-09-06 07:15:00,0.0
2018-09-06 07:30:00,0.0
2018-09-06 07:45:00,0.0
2018-09-06 08:00:00,0.0
2018-09-06 08:15:00,0.0
2018-09-06 08:30:00,0.5
2018-09-06 08:45:00,3.2
2018-09-06 09:00:00,3.7
2018-09-06 09:15:00,2.9
2018-09-06 09:30:00,1.3
2018-09-06 09:45:00,2.6
2018-09-06 10:00:00,0.5
2018-09-06 10:15:00,0.0
2018-09-06 10:30:00,0.0
2018-09-06 10:45:00,0.0
2018-09-06 11:00:00,0.0
2018-09-06 11:15:00,0.0
2018-09-06 11:30:00,0.0
2018-09-06 11:45:00,0.0
2018-09-06 12:00:00,0.0
2018-09-06 12:15:00,0.0
2018-09-06 12:30:00,0.5
2018-09-06 12:45:00,0.0
2018-09-06 13:00:00,0.0
2018-09-06 13:15:00,0.8
2018-09-06 13:30:00,0.0
2018-09-06 13:45:00,0.0
2018-09-06 14:00:00,0.0
2018-09-06 14:15:00,1.0
2018-09-06 14:30:00,7.5
2018-09-06 14:45:00,8.6
2018-09-06 15:00:00,5.9
2018-09-06 15:15:00,0.0
2018-09-06 15:30:00,1.0
2018-09-06 15:45:00,3.7
2018-09-06 16:00:00,6.3
2018-09-06 16:15:00,10.8
2018-09-06 16:30:00,9.2
2018-09-06 16:45:00,12.6
2018-09-06 17:00:00,20.1
2018-09-06 17:15:00,19.2
2018-09-06 17:30:00,14.6
2018-09-06 17:45:00,13.8
2018-09-06 18:00:00,9.7
2018-09-06 18:15:00,15.3
2018-09-06 18:30:00,16.9
2018-09-06 18:45:00,13.7
2018-09-06 19:00:00,11.8
2018-09-06 19:15:00,9.7
2018-09-06 19:30:00,10.1
2018-09-06 19:45:00,14.8
2018-09-06 20:00:00,14.4
2018-09-06 20:15:00,17.5
2018-09-06 20:30:00,12.3
2018-09-06 20:45:00,10.5
2018-09-06 21:00:00,8.0
2018-09-06 21:15:00,4.4
2018-09-06 21:30:00,0.8
2018-09-06 21:45:00,0.3
2018-09-06 22:00:00,2.2
2018-09-06 22:15:00,7.3
2018-09-06 22:30:00,4.7
2018-09-06 22:45:00,4.1
2018-09-06 23:00:00,3.7
2018-09-06 23:15:00,6.0
2018-09-06 23:30:00,6.9
2018-09-06 23:45:00,4.2
2018-09-07 00:00:00,1.4
2018-09-07 00:15:00,2.1
2018-09-07 00:30:00,5.4
2018-09-07 00:45:00,12.5
2018-09-07 01:00:00,10.2
2018-09-07 01:15:00,8.0
2018-09-07 01:30:00,4.7
2018-09-07 01:45:00,4.9
2018-09-07 02:00:00,1.4
2018-09-07 02:15:00,3.4
2018-09-07 02:30:00,0.0
2018-09-07 02:45:00,0.0
2018-09-07 03:00:00,0.0
2018-09-07 03:15:00,0.0
2018-09-07 03:30:00,0.0
2018-09-07 03:45:00,0.0
2018-09-07 04:00:00,5.9
2018-09-07 04:15:00,7.7
2018-09-07 04:30:00,4.7
2018-09-07 04:45:00,5.6
2018-09-07 05:00:00,0.5
2018-09-07 05:15:00,0.0
2018-09-07 05:30:00,0.0
2018-09-07 05:45:00,0.0
2018-09-07 06:00:00,0.0
2018-09-07 06:15:00,0.0
2018-09-07 06:30:00,0.0
2018-09-07 06:45:00,0.0
2018-09-07 07:00:00,0.0
2018-09-07 07:15:00,0.0
2018-09-07 07:30:00,0.0
2018-09-07 07:45:00,0.0
2018-09-07 08:00:00,0.0
2018-09-07 08:15:00,0.0
2018-09-07 08:30:00,0.0
2018-09-07 08:45:00,0.0
2018-09-07 09:00:00,0.0
2018-09-07 09:15:00,0.0
2018-09-07 09:30:00,0.0
2018-09-07 09:45:00,0.0
2018-09-07 10:00:00,0.0
2018-09-07 10:15:00,0.0
2018-09-07 10:30:00,0.0
2018-09-07 10:45:00,0.0
2018-09-07 11:00:00,0.0
2018-09-07 11:15:00,0.0
2018-09-07 11:30:00,0.0
2018-09-07 11:45:00,0.0
2018-09-07 12:00:00,0.0
2018-09-07 12:15:00,0.0
2018-09-07 12:30:00,0.0
2018-09-07 12:45:00,0.0
2018-09-07 13:00:00,0.0
2018-09-07 13:15:00,0.0
2018-09-07 13:30:00,0.0
2018-09-07 13:45:00,0.0
2018-09-07 14:00:00,0.0
2018-09-07 14:15:00,0.0
2018-09-07 14:30:00,0.0
2018-09-07 14:45:00,0.0
2018-09-07 15:00:00,0.0
2018-09-07 15:15:00,0.0
2018-09-07 15:30:00,0.0
2018-09-07 15:45:00,0.0
2018-09-07 16:00:00,0.0
2018-09-07 16:15:00,0.0
2018-09-07 16:30:00,0.0
2018-09-07 16:45:00,2.2
2018-09-07 17:00:00,11.0
2018-09-07 17:15:00,23.8
2018-09-07 17:30:00,23.0
2018-09-07 17:45:00,17.8
2018-09-07 18:00:00,47.0
2018-09-07 18:15:00,26.4
2018-09-07 18:30:00,17.0
2018-09-07 18:45:00,18.1
2018-09-07 19:00:00,15.4
2018-09-07 19:15:00,23.0
2018-09-07 19:30:00,18.9
2018-09-07 19:45:00,14.9
2018-09-07 20:00:00,7.9
2018-09-07 20:15:00,17.2
2018-09-07 20:30:00,26.8
2018-09-07 20:45:00,47.1
2018-09-07 21:00:00,49.4
2018-09-07 21:15:00,42.4
2018-09-07 21:30:00,49.5
2018-09-07 21:45:00,62.8
2018-09-07 22:00:00,63.5
2018-09-07 22:15:00,76.2
2018-09-07 22:30:00,67.39999
2018-09-07 22:45:00,81.39999
2018-09-07 23:00:00,72.5
2018-09-07 23:15:00,61.9
2018-09-07 23:30:00,72.1
2018-09-07 23:45:00,73.8
2018-09-08 00:00:00,56.2
2018-09-08 00:15:00,55.8
2018-09-08 00:30:00,53.6
2018-09-08 00:45:00,59.5
2018-09-08 01:00:00,60.9
2018-09-08 01:15:00,60.7
2018-09-08 01:30:00,51.7
2018-09-08 01:45:00,59.6
2018-09-08 02:00:00,50.6
2018-09-08 02:15:00,54.9
2018-09-08 02:30:00,56.4
2018-09-08 02:45:00,59.7
2018-09-08 03:00:00,55.9
2018-09-08 03:15:00,53.8
2018-09-08 03:30:00,59.2
2018-09-08 03:45:00,49.0
2018-09-08 04:00:00,38.8
2018-09-08 04:15:00,57.3
2018-09-08 04:30:00,47.9
2018-09-08 04:45:00,61.9
2018-09-08 05:00:00,45.2
2018-09-08 05:15:00,32.7
2018-09-08 05:30:00,18.6
2018-09-08 05:45:00,7.8
2018-09-08 06:00:00,2.5
2018-09-08 06:15:00,3.7
2018-09-08 06:30:00,3.8
2018-09-08 06:45:00,2.9
2018-09-08 07:00:00,5.6
2018-09-08 07:15:00,10.1
2018-09-08 07:30:00,8.8
2018-09-08 07:45:00,6.3
2018-09-08 08:00:00,6.1
2018-09-08 08:15:00,3.1
2018-09-08 08:30:00,0.3
2018-09-08 08:45:00,0.4
2018-09-08 09:00:00,0.0
2018-09-08 09:15:00,0.0
2018-09-08 09:30:00,0.0
2018-09-08 09:45:00,0.0
2018-09-08 10:00:00,0.0
2018-09-08 10:15:00,0.0
2018-09-08 10:30:00,0.0
2018-09-08 10:45:00,0.0
2018-09-08 11:00:00,0.0
2018-09-08 11:15:00,0.0
2018-09-08 11:30:00,0.0
2018-09-08 11:45:00,0.0
2018-09-08 12:00:00,1.0
2018-09-08 12:15:00,11.7
2018-09-08 12:30:00,10.0
2018-09-08 12:45:00,7.1
2018-09-08 13:00:00,10.1
2018-09-08 13:15:00,22.0
2018-09-08 13:30:00,39.2
2018-09-08 13:45:00,38.2
2018-09-08 14:00:00,29.1
2018-09-08 14:15:00,34.5
2018-09-08 14:30:00,41.6
2018-09-08 14:45:00,33.5
2018-09-08 15:00:00,33.7
2018-09-08 15:15:00,31.5
2018-09-08 15:30:00,32.4
2018-09-08 15:45:00,32.7
2018-09-08 16:00:00,34.2
2018-09-08 16:15:00,49.6
2018-09-08 16:30:00,48.5
2018-09-08 16:45:00,40.6
2018-09-08 17:00:00,37.2
2018-09-08 17:15:00,38.2
2018-09-08 17:30:00,50.6
2018-09-08 17:45:00,69.7
2018-09-08 18:00:00,59.3
2018-09-08 18:15:00,60.0
2018-09-08 18:30:00,49.4
2018-09-08 18:45:00,47.0
2018-09-08 19:00:00,44.7
2018-09-08 19:15:00,64.6
2018-09-08 19:30:00,49.3
2018-09-08 19:45:00,59.7
2018-09-08 20:00:00,40.9
2018-09-08 20:15:00,44.0
2018-09-08 20:30:00,40.9
2018-09-08 20:45:00,36.1
2018-09-08 21:00:00,29.3
2018-09-08 21:15:00,30.4
2018-09-08 21:30:00,40.0
2018-09-08 21:45:00,45.5
2018-09-08 22:00:00,44.7
2018-09-08 22:15:00,31.2
2018-09-08 22:30:00,19.4
2018-09-08 22:45:00,17.2
2018-09-08 23:00:00,12.6
2018-09-08 23:15:00,23.5
2018-09-08 23:30:00,23.6
2018-09-08 23:45:00,18.5
2018-09-09 00:00:00,14.3
2018-09-09 00:15:00,13.0
2018-09-09 00:30:00,8.3
2018-09-09 00:45:00,5.7
2018-09-09 01:00:00,9.9
2018-09-09 01:15:00,4.8
2018-09-09 01:30:00,3.0
2018-09-09 01:45:00,4.0
2018-09-09 02:00:00,0.9
2018-09-09 02:15:00,0.0
2018-09-09 02:30:00,0.7
2018-09-09 02:45:00,2.4
2018-09-09 03:00:00,2.2
2018-09-09 03:15:00,4.2
2018-09-09 03:30:00,3.4
2018-09-09 03:45:00,5.1
2018-09-09 04:00:00,2.9
2018-09-09 04:15:00,0.5
2018-09-09 04:30:00,0.3
2018-09-09 04:45:00,0.0
2018-09-09 05:00:00,0.0
2018-09-09 05:15:00,4.4
2018-09-09 05:30:00,6.1
2018-09-09 05:45:00,6.2
2018-09-09 06:00:00,4.0
2018-09-09 06:15:00,8.2
2018-09-09 06:30:00,22.6
2018-09-09 06:45:00,17.2
2018-09-09 07:00:00,12.0
2018-09-09 07:15:00,12.7
2018-09-09 07:30:00,17.7
2018-09-09 07:45:00,16.3
2018-09-09 08:00:00,11.9
2018-09-09 08:15:00,9.1
2018-09-09 08:30:00,9.0
2018-09-09 08:45:00,6.9
2018-09-09 09:00:00,6.1
2018-09-09 09:15:00,17.2
2018-09-09 09:30:00,18.0
2018-09-09 09:45:00,28.7
2018-09-09 10:00:00,20.2
2018-09-09 10:15:00,23.1
2018-09-09 10:30:00,35.0
2018-09-09 10:45:00,27.2
2018-09-09 11:00:00,29.2
2018-09-09 11:15:00,26.9
2018-09-09 11:30:00,14.9
2018-09-09 11:45:00,31.7
2018-09-09 12:00:00,44.6
2018-09-09 12:15:00,66.8
2018-09-09 12:30:00,52.2
2018-09-09 12:45:00,43.2
2018-09-09 13:00:00,30.0
2018-09-09 13:15:00,29.4
2018-09-09 13:30:00,35.1
2018-09-09 13:45:00,31.1
2018-09-09 14:00:00,28.8
2018-09-09 14:15:00,29.7
2018-09-09 14:30:00,24.0
2018-09-09 14:45:00,31.1
2018-09-09 15:00:00,30.3
2018-09-09 15:15:00,22.2
2018-09-09 15:30:00,41.3
2018-09-09 15:45:00,25.7
2018-09-09 16:00:00,28.7
2018-09-09 16:15:00,19.7
2018-09-09 16:30:00,28.4
2018-09-09 16:45:00,29.8
2018-09-09 17:00:00,28.7
2018-09-09 17:15:00,31.9
2018-09-09 17:30:00,23.3
2018-09-09 17:45:00,30.0
2018-09-09 18:00:00,30.2
2018-09-09 18:15:00,22.2
2018-09-09 18:30:00,16.9
2018-09-09 18:45:00,15.6
2018-09-09 19:00:00,17.3
2018-09-09 19:15:00,11.3
2018-09-09 19:30:00,7.8
2018-09-09 19:45:00,12.7
2018-09-09 20:00:00,13.5
2018-09-09 20:15:00,14.2
2018-09-09 20:30:00,17.5
2018-09-09 20:45:00,14.7
2018-09-09 21:00:00,14.8
2018-09-09 21:15:00,12.0
2018-09-09 21:30:00,14.0
2018-09-09 21:45:00,9.8
2018-09-09 22:00:00,13.7
2018-09-09 22:15:00,8.3
2018-09-09 22:30:00,11.9
2018-09-09 22:45:00,14.8
2018-09-09 23:00:00,11.3
2018-09-09 23:15:00,1.9
2018-09-09 23:30:00,7.6
2018-09-09 23:45:00,12.7
2018-09-10 00:00:00,15.1
2018-09-10 00:15:00,5.5
2018-09-10 00:30:00,0.8
2018-09-10 00:45:00,8.9
2018-09-10 01:00:00,2.3
2018-09-10 01:15:00,6.5
2018-09-10 01:30:00,10.1
2018-09-10 01:45:00,9.5
2018-09-10 02:00:00,8.7
2018-09-10 02:15:00,8.1
2018-09-10 02:30:00,11.8
2018-09-10 02:45:00,5.5
2018-09-10 03:00:00,0.7
2018-09-10 03:15:00,3.9
2018-09-10 03:30:00,5.6
2018-09-10 03:45:00,4.1
2018-09-10 04:00:00,0.8
2018-09-10 04:15:00,0.0
2018-09-10 04:30:00,0.0
2018-09-10 04:45:00,0.0
2018-09-10 05:00:00,1.2
2018-09-10 05:15:00,0.0
2018-09-10 05:30:00,0.0
2018-09-10 05:45:00,0.0
2018-09-10 06:00:00,0.0
2018-09-10 06:15:00,0.0
2018-09-10 06:30:00,0.0
2018-09-10 06:45:00,0.0
2018-09-10 07:00:00,0.0
2018-09-10 07:15:00,0.0
2018-09-10 07:30:00,0.0
2018-09-10 07:45:00,0.0
2018-09-10 08:00:00,0.0
2018-09-10 08:15:00,0.0
2018-09-10 08:30:00,0.0
2018-09-10 08:45:00,0.0
2018-09-10 09:00:00,0.0
2018-09-10 09:15:00,0.0
2018-09-10 09:30:00,0.0
2018-09-10 09:45:00,0.0
2018-09-10 10:00:00,0.0
2018-09-10 10:15:00,0.0
2018-09-10 10:30:00,0.0
2018-09-10 10:45:00,0.0
2018-09-10 11:00:00,0.0
2018-09-10 11:15:00,0.0
2018-09-10 11:30:00,0.0
2018-09-10 11:45:00,0.0
2018-09-10 12:00:00,0.0
2018-09-10 12:15:00,0.0
2018-09-10 12:30:00,0.0
2018-09-10 12:45:00,0.0
2018-09-10 13:00:00,0.0
2018-09-10 13:15:00,0.0
2018-09-10 13:30:00,0.0
2018-09-10 13:45:00,0.0
2018-09-10 14:00:00,0.0
2018-09-10 14:15:00,0.0
2018-09-10 14:30:00,0.0
2018-09-10 14:45:00,0.0
2018-09-10 15:00:00,0.0
2018-09-10 15:15:00,0.0
2018-09-10 15:30:00,0.0
2018-09-10 15:45:00,0.0
2018-09-10 16:00:00,0.0
2018-09-10 16:15:00,0.9
2018-09-10 16:30:00,0.8
2018-09-10 16:45:00,0.0
2018-09-10 17:00:00,0.9
2018-09-10 17:15:00,5.0
2018-09-10 17:30:00,6.1
2018-09-10 17:45:00,4.6
2018-09-10 18:00:00,8.1
2018-09-10 18:15:00,10.4
2018-09-10 18:30:00,11.6
2018-09-10 18:45:00,11.3
2018-09-10 19:00:00,9.1
2018-09-10 19:15:00,12.0
2018-09-10 19:30:00,9.6
2018-09-10 19:45:00,8.6
2018-09-10 20:00:00,8.3
2018-09-10 20:15:00,4.5
2018-09-10 20:30:00,4.9
2018-09-10 20:45:00,4.3
2018-09-10 21:00:00,6.9
2018-09-10 21:15:00,4.5
2018-09-10 21:30:00,3.4
2018-09-10 21:45:00,4.3
2018-09-10 22:00:00,1.4
2018-09-10 22:15:00,3.5
2018-09-10 22:30:00,3.8
2018-09-10 22:45:00,3.3
2018-09-10 23:00:00,4.4
2018-09-10 23:15:00,5.2
2018-09-10 23:30:00,0.0
2018-09-10 23:45:00,1.1
2018-09-11 00:00:00,0.9
2018-09-11 00:15:00,1.4
2018-09-11 00:30:00,0.7
2018-09-11 00:45:00,0.0
2018-09-11 01:00:00,0.0
2018-09-11 01:15:00,0.0
2018-09-11 01:30:00,0.0
2018-09-11 01:45:00,0.0
2018-09-11 02:00:00,0.0
2018-09-11 02:15:00,0.0
2018-09-11 02:30:00,1.1
2018-09-11 02:45:00,5.8
2018-09-11 03:00:00,7.1
2018-09-11 03:15:00,9.6
2018-09-11 03:30:00,12.0
2018-09-11 03:45:00,13.5
2018-09-11 04:00:00,15.3
2018-09-11 04:15:00,12.8
2018-09-11 04:30:00,14.6
2018-09-11 04:45:00,12.8
2018-09-11 05:00:00,10.5
2018-09-11 05:15:00,5.1
2018-09-11 05:30:00,5.0
2018-09-11 05:45:00,4.8
2018-09-11 06:00:00,4.8
2018-09-11 06:15:00,12.1
2018-09-11 06:30:00,16.8
2018-09-11 06:45:00,10.6
2018-09-11 07:00:00,10.5
2018-09-11 07:15:00,17.2
2018-09-11 07:30:00,20.5
2018-09-11 07:45:00,17.0
2018-09-11 08:00:00,17.1
2018-09-11 08:15:00,18.4
2018-09-11 08:30:00,22.3
2018-09-11 08:45:00,18.6
2018-09-11 09:00:00,17.2
2018-09-11 09:15:00,16.8
2018-09-11 09:30:00,18.5
2018-09-11 09:45:00,17.0
2018-09-11 10:00:00,8.9
2018-09-11 10:15:00,8.6
2018-09-11 10:30:00,8.6
2018-09-11 10:45:00,7.8
2018-09-11 11:00:00,5.2
2018-09-11 11:15:00,4.8
2018-09-11 11:30:00,0.8
2018-09-11 11:45:00,0.0
2018-09-11 12:00:00,0.0
2018-09-11 12:15:00,0.0
2018-09-11 12:30:00,0.0
2018-09-11 12:45:00,0.0
2018-09-11 13:00:00,0.0
2018-09-11 13:15:00,0.0
2018-09-11 13:30:00,0.0
2018-09-11 13:45:00,0.0
2018-09-11 14:00:00,0.0
2018-09-11 14:15:00,0.0
2018-09-11 14:30:00,0.0
2018-09-11 14:45:00,0.0
2018-09-11 15:00:00,0.0
2018-09-11 15:15:00,0.0
2018-09-11 15:30:00,0.0
2018-09-11 15:45:00,0.0
2018-09-11 16:00:00,0.0
2018-09-11 16:15:00,0.0
2018-09-11 16:30:00,0.0
2018-09-11 16:45:00,0.0
2018-09-11 17:00:00,0.0
2018-09-11 17:15:00,0.0
2018-09-11 17:30:00,0.0
2018-09-11 17:45:00,0.0
2018-09-11 18:00:00,0.0
2018-09-11 18:15:00,0.0
2018-09-11 18:30:00,0.0
2018-09-11 18:45:00,0.0
2018-09-11 19:00:00,0.0
2018-09-11 19:15:00,0.0
2018-09-11 19:30:00,0.0
2018-09-11 19:45:00,0.0
2018-09-11 20:00:00,0.0
2018-09-11 20:15:00,0.0
2018-09-11 20:30:00,0.0
2018-09-11 20:45:00,0.0
2018-09-11 21:00:00,0.0
2018-09-11 21:15:00,0.0
2018-09-11 21:30:00,0.0
2018-09-11 21:45:00,0.0
2018-09-11 22:00:00,0.0
2018-09-11 22:15:00,0.0
2018-09-11 22:30:00,0.0
2018-09-11 22:45:00,0.0
2018-09-11 23:00:00,0.0
2018-09-11 23:15:00,0.0
2018-09-11 23:30:00,0.0
2018-09-11 23:45:00,0.0
2018-09-12 00:00:00,0.0
2018-09-12 00:15:00,0.0
2018-09-12 00:30:00,0.0
2018-09-12 00:45:00,0.0
2018-09-12 01:00:00,0.7
2018-09-12 01:15:00,0.0
2018-09-12 01:30:00,0.0
2018-09-12 01:45:00,0.0
2018-09-12 02:00:00,7.7
2018-09-12 02:15:00,27.7
2018-09-12 02:30:00,37.9
2018-09-12 02:45:00,44.2
2018-09-12 03:00:00,46.9
2018-09-12 03:15:00,50.3
2018-09-12 03:30:00,44.9
2018-09-12 03:45:00,45.4
2018-09-12 04:00:00,35.2
2018-09-12 04:15:00,27.7
2018-09-12 04:30:00,26.1
2018-09-12 04:45:00,35.0
2018-09-12 05:00:00,31.1
2018-09-12 05:15:00,29.4
2018-09-12 05:30:00,30.3
2018-09-12 05:45:00,36.5
2018-09-12 06:00:00,35.5
2018-09-12 06:15:00,31.3
2018-09-12 06:30:00,31.6
2018-09-12 06:45:00,37.5
2018-09-12 07:00:00,26.2
2018-09-12 07:15:00,19.9
2018-09-12 07:30:00,25.0
2018-09-12 07:45:00,34.2
2018-09-12 08:00:00,26.7
2018-09-12 08:15:00,25.9
2018-09-12 08:30:00,20.9
2018-09-12 08:45:00,18.8
2018-09-12 09:00:00,18.2
2018-09-12 09:15:00,15.6
2018-09-12 09:30:00,11.4
2018-09-12 09:45:00,9.3
2018-09-12 10:00:00,8.9
2018-09-12 10:15:00,11.3
2018-09-12 10:30:00,8.6
2018-09-12 10:45:00,6.4
2018-09-12 11:00:00,8.9
2018-09-12 11:15:00,9.0
2018-09-12 11:30:00,5.8
2018-09-12 11:45:00,8.0
2018-09-12 12:00:00,10.0
2018-09-12 12:15:00,8.3
2018-09-12 12:30:00,8.5
2018-09-12 12:45:00,9.0
2018-09-12 13:00:00,7.2
2018-09-12 13:15:00,7.0
2018-09-12 13:30:00,1.4
2018-09-12 13:45:00,0.7
2018-09-12 14:00:00,0.0
2018-09-12 14:15:00,0.0
2018-09-12 14:30:00,0.0
2018-09-12 14:45:00,0.0
2018-09-12 15:00:00,0.0
2018-09-12 15:15:00,0.0
2018-09-12 15:30:00,0.0
2018-09-12 15:45:00,0.0
2018-09-12 16:00:00,0.0
2018-09-12 16:15:00,0.0
2018-09-12 16:30:00,0.0
2018-09-12 16:45:00,0.0
2018-09-12 17:00:00,0.0
2018-09-12 17:15:00,0.0
2018-09-12 17:30:00,0.0
2018-09-12 17:45:00,0.0
2018-09-12 18:00:00,0.0
2018-09-12 18:15:00,0.6
2018-09-12 18:30:00,1.2
2018-09-12 18:45:00,1.0
2018-09-12 19:00:00,3.9
2018-09-12 19:15:00,4.7
2018-09-12 19:30:00,5.1
2018-09-12 19:45:00,7.1
2018-09-12 20:00:00,11.0
2018-09-12 20:15:00,9.5
2018-09-12 20:30:00,10.1
2018-09-12 20:45:00,8.1
2018-09-12 21:00:00,6.7
2018-09-12 21:15:00,6.6
2018-09-12 21:30:00,8.2
2018-09-12 21:45:00,8.5
2018-09-12 22:00:00,10.2
2018-09-12 22:15:00,17.0
2018-09-12 22:30:00,17.7
2018-09-12 22:45:00,15.4
2018-09-12 23:00:00,14.6
2018-09-12 23:15:00,9.7
2018-09-12 23:30:00,17.3
2018-09-12 23:45:00,18.1
2018-09-13 00:00:00,16.3
2018-09-13 00:15:00,11.9
2018-09-13 00:30:00,15.3
2018-09-13 00:45:00,14.8
2018-09-13 01:00:00,12.7
2018-09-13 01:15:00,12.3
2018-09-13 01:30:00,13.1
2018-09-13 01:45:00,12.8
2018-09-13 02:00:00,17.6
2018-09-13 02:15:00,20.4
2018-09-13 02:30:00,21.9
2018-09-13 02:45:00,42.0
2018-09-13 03:00:00,52.4
2018-09-13 03:15:00,50.7
2018-09-13 03:30:00,42.3
2018-09-13 03:45:00,41.8
2018-09-13 04:00:00,48.9
2018-09-13 04:15:00,54.5
2018-09-13 04:30:00,64.8
2018-09-13 04:45:00,62.4
2018-09-13 05:00:00,68.89999
2018-09-13 05:15:00,62.7
2018-09-13 05:30:00,64.8
2018-09-13 05:45:00,81.8
2018-09-13 06:00:00,79.2
2018-09-13 06:15:00,75.89999
2018-09-13 06:30:00,64.7
2018-09-13 06:45:00,65.39999
2018-09-13 07:00:00,56.3
2018-09-13 07:15:00,53.6
2018-09-13 07:30:00,55.7
2018-09-13 07:45:00,48.7
2018-09-13 08:00:00,52.4
2018-09-13 08:15:00,53.1
2018-09-13 08:30:00,52.6
2018-09-13 08:45:00,48.4
2018-09-13 09:00:00,45.7
2018-09-13 09:15:00,40.5
2018-09-13 09:30:00,57.4
2018-09-13 09:45:00,51.9
2018-09-13 10:00:00,59.2
2018-09-13 10:15:00,73.39999
2018-09-13 10:30:00,68.7
2018-09-13 10:45:00,71.39999
2018-09-13 11:00:00,69.5
2018-09-13 11:15:00,65.5
2018-09-13 11:30:00,51.9
2018-09-13 11:45:00,54.5
2018-09-13 12:00:00,41.7
2018-09-13 12:15:00,39.5
2018-09-13 12:30:00,35.8
2018-09-13 12:45:00,37.4
2018-09-13 13:00:00,51.5
2018-09-13 13:15:00,50.5
2018-09-13 13:30:00,47.4
2018-09-13 13:45:00,34.5
2018-09-13 14:00:00,31.5
2018-09-13 14:15:00,33.3
2018-09-13 14:30:00,28.2
2018-09-13 14:45:00,27.3
2018-09-13 15:00:00,29.2
2018-09-13 15:15:00,28.4
2018-09-13 15:30:00,26.6
2018-09-13 15:45:00,26.0
2018-09-13 16:00:00,27.8
2018-09-13 16:15:00,27.6
2018-09-13 16:30:00,28.0
2018-09-13 16:45:00,30.9
2018-09-13 17:00:00,26.9
2018-09-13 17:15:00,21.9
2018-09-13 17:30:00,17.5
2018-09-13 17:45:00,16.9
2018-09-13 18:00:00,17.9
2018-09-13 18:15:00,14.1
2018-09-13 18:30:00,16.1
2018-09-13 18:45:00,15.8
2018-09-13 19:00:00,11.5
2018-09-13 19:15:00,8.8
2018-09-13 19:30:00,10.9
2018-09-13 19:45:00,15.6
2018-09-13 20:00:00,11.8
2018-09-13 20:15:00,16.5
2018-09-13 20:30:00,15.9
2018-09-13 20:45:00,18.9
2018-09-13 21:00:00,17.8
2018-09-13 21:15:00,16.1
2018-09-13 21:30:00,13.7
2018-09-13 21:45:00,12.1
2018-09-13 22:00:00,9.9
2018-09-13 22:15:00,9.9
2018-09-13 22:30:00,8.0
2018-09-13 22:45:00,11.5
2018-09-13 23:00:00,8.0
2018-09-13 23:15:00,14.1
2018-09-13 23:30:00,11.4
2018-09-13 23:45:00,11.7
2018-09-14 00:00:00,9.1
2018-09-14 00:15:00,9.5
2018-09-14 00:30:00,10.6
2018-09-14 00:45:00,13.4
2018-09-14 01:00:00,14.7
2018-09-14 01:15:00,15.5
2018-09-14 01:30:00,14.4
2018-09-14 01:45:00,15.8
2018-09-14 02:00:00,20.2
2018-09-14 02:15:00,29.0
2018-09-14 02:30:00,52.7
2018-09-14 02:45:00,61.0
2018-09-14 03:00:00,61.3
2018-09-14 03:15:00,57.1
2018-09-14 03:30:00,56.6
2018-09-14 03:45:00,62.2
2018-09-14 04:00:00,66.6
2018-09-14 04:15:00,66.1
2018-09-14 04:30:00,61.1
2018-09-14 04:45:00,47.8
2018-09-14 05:00:00,44.1
2018-09-14 05:15:00,52.2
2018-09-14 05:30:00,49.6
2018-09-14 05:45:00,58.3
2018-09-14 06:00:00,74.5
2018-09-14 06:15:00,65.6
2018-09-14 06:30:00,63.2
2018-09-14 06:45:00,62.0
2018-09-14 07:00:00,56.6
2018-09-14 07:15:00,52.4
2018-09-14 07:30:00,51.6
2018-09-14 07:45:00,56.3
2018-09-14 08:00:00,64.5
2018-09-14 08:15:00,59.4
2018-09-14 08:30:00,48.9
2018-09-14 08:45:00,44.4
2018-09-14 09:00:00,46.6
2018-09-14 09:15:00,46.4
2018-09-14 09:30:00,37.5
2018-09-14 09:45:00,33.8
2018-09-14 10:00:00,30.9
2018-09-14 10:15:00,41.3
2018-09-14 10:30:00,42.3
2018-09-14 10:45:00,35.8
2018-09-14 11:00:00,30.2
2018-09-14 11:15:00,24.6
2018-09-14 11:30:00,25.5
2018-09-14 11:45:00,26.9
2018-09-14 12:00:00,26.1
2018-09-14 12:15:00,27.1
2018-09-14 12:30:00,21.8
2018-09-14 12:45:00,22.8
2018-09-14 13:00:00,22.1
2018-09-14 13:15:00,8.8
2018-09-14 13:30:00,5.3
2018-09-14 13:45:00,4.9
2018-09-14 14:00:00,3.5
2018-09-14 14:15:00,6.7
2018-09-14 14:30:00,14.4
2018-09-14 14:45:00,8.3
2018-09-14 15:00:00,3.3
2018-09-14 15:15:00,1.5
2018-09-14 15:30:00,3.6
2018-09-14 15:45:00,6.6
2018-09-14 16:00:00,2.1
2018-09-14 16:15:00,0.0
2018-09-14 16:30:00,0.0
2018-09-14 16:45:00,0.5
2018-09-14 17:00:00,0.0
2018-09-14 17:15:00,0.7
2018-09-14 17:30:00,3.8
2018-09-14 17:45:00,6.7
2018-09-14 18:00:00,12.1
2018-09-14 18:15:00,10.8
2018-09-14 18:30:00,8.2
2018-09-14 18:45:00,5.2
2018-09-14 19:00:00,9.3
2018-09-14 19:15:00,7.2
2018-09-14 19:30:00,7.2
2018-09-14 19:45:00,6.9
2018-09-14 20:00:00,5.2
2018-09-14 20:15:00,0.0
2018-09-14 20:30:00,0.0
2018-09-14 20:45:00,0.5
2018-09-14 21:00:00,0.0
2018-09-14 21:15:00,0.0
2018-09-14 21:30:00,5.4
2018-09-14 21:45:00,0.9
2018-09-14 22:00:00,1.0
2018-09-14 22:15:00,3.7
2018-09-14 22:30:00,0.0
2018-09-14 22:45:00,6.5
2018-09-14 23:00:00,17.4
2018-09-14 23:15:00,9.3
2018-09-14 23:30:00,15.5
2018-09-14 23:45:00,21.8
2018-09-15 00:00:00,11.9
2018-09-15 00:15:00,3.5
2018-09-15 00:30:00,18.0
2018-09-15 00:45:00,19.7
2018-09-15 01:00:00,21.1
2018-09-15 01:15:00,17.4
2018-09-15 01:30:00,11.8
2018-09-15 01:45:00,17.1
2018-09-15 02:00:00,24.9
2018-09-15 02:15:00,46.1
2018-09-15 02:30:00,53.5
2018-09-15 02:45:00,32.4
2018-09-15 03:00:00,23.4
2018-09-15 03:15:00,22.8
2018-09-15 03:30:00,26.7
2018-09-15 03:45:00,26.5
2018-09-15 04:00:00,18.9
2018-09-15 04:15:00,20.5
2018-09-15 04:30:00,19.2
2018-09-15 04:45:00,21.5
2018-09-15 05:00:00,25.2
2018-09-15 05:15:00,25.2
2018-09-15 05:30:00,25.7
2018-09-15 05:45:00,18.5
2018-09-15 06:00:00,11.5
2018-09-15 06:15:00,9.8
2018-09-15 06:30:00,14.0
2018-09-15 06:45:00,21.0
2018-09-15 07:00:00,10.0
2018-09-15 07:15:00,2.4
2018-09-15 07:30:00,0.0
2018-09-15 07:45:00,0.0
2018-09-15 08:00:00,0.0
2018-09-15 08:15:00,0.0
2018-09-15 08:30:00,0.0
2018-09-15 08:45:00,0.0
2018-09-15 09:00:00,0.0
2018-09-15 09:15:00,0.0
2018-09-15 09:30:00,0.0
2018-09-15 09:45:00,0.0
2018-09-15 10:00:00,0.0
2018-09-15 10:15:00,0.0
2018-09-15 10:30:00,0.0
2018-09-15 10:45:00,0.0
2018-09-15 11:00:00,0.0
2018-09-15 11:15:00,0.0
2018-09-15 11:30:00,0.0
2018-09-15 11:45:00,0.0
2018-09-15 12:00:00,0.0
2018-09-15 12:15:00,0.0
2018-09-15 12:30:00,0.0
2018-09-15 12:45:00,0.0
2018-09-15 13:00:00,0.0
2018-09-15 13:15:00,3.7
2018-09-15 13:30:00,0.0
2018-09-15 13:45:00,0.0
2018-09-15 14:00:00,0.0
2018-09-15 14:15:00,0.0
2018-09-15 14:30:00,0.0
2018-09-15 14:45:00,0.0
2018-09-15 15:00:00,0.0
2018-09-15 15:15:00,0.0
2018-09-15 15:30:00,0.0
2018-09-15 15:45:00,0.0
2018-09-15 16:00:00,0.0
2018-09-15 16:15:00,0.0
2018-09-15 16:30:00,0.0
2018-09-15 16:45:00,1.3
2018-09-15 17:00:00,3.8
2018-09-15 17:15:00,5.3
2018-09-15 17:30:00,4.9
2018-09-15 17:45:00,5.7
2018-09-15 18:00:00,6.8
2018-09-15 18:15:00,7.6
2018-09-15 18:30:00,5.5
2018-09-15 18:45:00,2.7
2018-09-15 19:00:00,6.6
2018-09-15 19:15:00,6.5
2018-09-15 19:30:00,5.4
2018-09-15 19:45:00,0.1
2018-09-15 20:01:00,0.0
2018-09-15 20:15:00,0.0
2018-09-15 20:30:00,3.0
2018-09-15 20:45:00,4.5
2018-09-15 21:00:00,1.3
2018-09-15 21:15:00,1.2
2018-09-15 21:30:00,0.0
2018-09-15 21:45:00,0.0
2018-09-15 22:00:00,0.0
2018-09-15 22:15:00,0.6
2018-09-15 22:30:00,1.5
2018-09-15 22:45:00,2.7
2018-09-15 23:00:00,2.7
2018-09-15 23:15:00,4.0
2018-09-15 23:30:00,5.7
2018-09-15 23:45:00,9.0
2018-09-16 00:00:00,12.2
2018-09-16 00:15:00,12.0
2018-09-16 00:30:00,12.4
2018-09-16 00:45:00,14.9
2018-09-16 01:00:00,17.2
2018-09-16 01:15:00,28.8
2018-09-16 01:30:00,32.8
2018-09-16 01:45:00,24.4
2018-09-16 02:00:00,22.2
2018-09-16 02:15:00,26.1
2018-09-16 02:30:00,29.8
2018-09-16 02:45:00,29.7
2018-09-16 03:00:00,25.7
2018-09-16 03:15:00,26.1
2018-09-16 03:30:00,18.6
2018-09-16 03:45:00,10.6
2018-09-16 04:00:00,65.7
2018-09-16 04:15:00,37.3
2018-09-16 04:30:00,2.3
2018-09-16 04:45:00,0.0
2018-09-16 05:00:00,0.0
2018-09-16 05:15:00,0.0
2018-09-16 05:30:00,0.0
2018-09-16 05:45:00,0.0
2018-09-16 06:00:00,0.0
2018-09-16 06:15:00,0.0
2018-09-16 06:30:00,0.0
2018-09-16 06:45:00,0.0
2018-09-16 07:00:00,0.0
2018-09-16 07:15:00,0.0
2018-09-16 07:30:00,0.0
2018-09-16 07:45:00,0.0
2018-09-16 08:00:00,0.0
2018-09-16 08:15:00,11.4
2018-09-16 08:30:00,3.1
2018-09-16 08:45:00,0.0
2018-09-16 09:00:00,0.0
2018-09-16 09:15:00,0.0
2018-09-16 09:30:00,0.0
2018-09-16 09:45:00,0.0
2018-09-16 10:00:00,0.0
2018-09-16 10:15:00,0.0
2018-09-16 10:30:00,2.7
2018-09-16 10:45:00,1.4
2018-09-16 11:00:00,0.0
2018-09-16 11:15:00,0.8
2018-09-16 11:30:00,4.3
2018-09-16 11:45:00,7.7
2018-09-16 12:00:00,6.2
2018-09-16 12:15:00,3.9
2018-09-16 12:30:00,5.3
2018-09-16 12:45:00,4.6
2018-09-16 13:00:00,5.9
2018-09-16 13:15:00,5.3
2018-09-16 13:30:00,7.5
2018-09-16 13:45:00,6.3
2018-09-16 14:00:00,9.2
2018-09-16 14:15:00,8.3
2018-09-16 14:30:00,5.6
2018-09-16 14:45:00,4.9
2018-09-16 15:00:00,3.4
2018-09-16 15:15:00,5.9
2018-09-16 15:30:00,3.7
2018-09-16 15:45:00,3.9
2018-09-16 16:00:00,1.1
2018-09-16 16:15:00,0.0
2018-09-16 16:30:00,0.0
2018-09-16 16:45:00,0.0
2018-09-16 17:00:00,0.0
2018-09-16 17:15:00,0.0
2018-09-16 17:30:00,0.0
2018-09-16 17:45:00,0.0
2018-09-16 18:00:00,0.0
2018-09-16 18:15:00,0.0
2018-09-16 18:30:00,0.0
2018-09-16 18:45:00,0.0
2018-09-16 19:00:00,0.0
2018-09-16 19:15:00,4.8
2018-09-16 19:30:00,0.7
2018-09-16 19:45:00,2.6
2018-09-16 20:00:00,0.0
2018-09-16 20:15:00,0.0
2018-09-16 20:30:00,5.4
2018-09-16 20:45:00,7.9
2018-09-16 21:00:00,15.6
2018-09-16 21:15:00,15.5
2018-09-16 21:30:00,11.2
2018-09-16 21:45:00,11.1
2018-09-16 22:00:00,9.8
2018-09-16 22:15:00,8.2
2018-09-16 22:30:00,11.4
2018-09-16 22:45:00,14.6
2018-09-16 23:00:00,9.2
2018-09-16 23:15:00,10.6
2018-09-16 23:30:00,7.5
2018-09-16 23:45:00,11.2
2018-09-17 00:00:00,10.3
2018-09-17 00:15:00,6.1
2018-09-17 00:30:00,5.9
2018-09-17 00:45:00,6.5
2018-09-17 01:00:00,4.5
2018-09-17 01:15:00,11.3
2018-09-17 01:30:00,26.2
2018-09-17 01:45:00,37.1
2018-09-17 02:00:00,46.6
2018-09-17 02:15:00,36.3
2018-09-17 02:30:00,34.2
2018-09-17 02:45:00,20.7
2018-09-17 03:00:00,20.9
2018-09-17 03:15:00,15.0
2018-09-17 03:30:00,10.1
2018-09-17 03:45:00,10.8
2018-09-17 04:00:00,13.4
2018-09-17 04:15:00,14.2
2018-09-17 04:30:00,4.3
2018-09-17 04:45:00,0.0
2018-09-17 05:00:00,0.7
2018-09-17 05:15:00,0.7
2018-09-17 05:30:00,2.5
2018-09-17 05:45:00,3.5
2018-09-17 06:00:00,1.1
2018-09-17 06:15:00,0.0
2018-09-17 06:30:00,0.6
2018-09-17 06:45:00,0.5
2018-09-17 07:00:00,4.8
2018-09-17 07:15:00,3.8
2018-09-17 07:30:00,2.4
2018-09-17 07:45:00,2.8
2018-09-17 08:00:00,2.8
2018-09-17 08:15:00,2.1
2018-09-17 08:30:00,3.6
2018-09-17 08:45:00,5.0
2018-09-17 09:00:00,7.6
2018-09-17 09:15:00,6.8
2018-09-17 09:30:00,5.2
2018-09-17 09:45:00,5.8
2018-09-17 10:00:00,4.0
2018-09-17 10:15:00,5.9
2018-09-17 10:30:00,9.0
2018-09-17 10:45:00,10.3
2018-09-17 11:00:00,14.1
2018-09-17 11:15:00,14.7
2018-09-17 11:30:00,12.8
2018-09-17 11:45:00,19.8
2018-09-17 12:00:00,29.6
2018-09-17 12:15:00,22.5
2018-09-17 12:30:00,15.9
2018-09-17 12:45:00,8.3
2018-09-17 13:00:00,4.2
2018-09-17 13:15:00,1.4
2018-09-17 13:30:00,0.0
2018-09-17 13:45:00,0.0
2018-09-17 14:00:00,0.0
2018-09-17 14:15:00,5.2
2018-09-17 14:30:00,10.1
2018-09-17 14:45:00,4.1
2018-09-17 15:00:00,3.4
2018-09-17 15:15:00,6.7
2018-09-17 15:30:00,7.7
2018-09-17 15:45:00,6.6
2018-09-17 16:00:00,7.3
2018-09-17 16:15:00,10.7
2018-09-17 16:30:00,13.5
2018-09-17 16:45:00,17.0
2018-09-17 17:00:00,16.0
2018-09-17 17:15:00,16.3
2018-09-17 17:30:00,17.3
2018-09-17 17:45:00,12.7
2018-09-17 18:00:00,11.5
2018-09-17 18:15:00,11.0
2018-09-17 18:30:00,13.0
2018-09-17 18:45:00,16.2
2018-09-17 19:00:00,18.8
2018-09-17 19:15:00,21.3
2018-09-17 19:30:00,23.2
2018-09-17 19:45:00,24.0
2018-09-17 20:00:00,19.4
2018-09-17 20:15:00,20.5
2018-09-17 20:30:00,20.5
2018-09-17 20:45:00,17.6
2018-09-17 21:00:00,16.3
2018-09-17 21:15:00,18.8
2018-09-17 21:30:00,14.3
2018-09-17 21:45:00,12.1
2018-09-17 22:00:00,9.6
2018-09-17 22:15:00,7.3
2018-09-17 22:30:00,9.7
2018-09-17 22:45:00,7.8
2018-09-17 23:00:00,7.1
2018-09-17 23:15:00,10.2
2018-09-17 23:30:00,9.9
2018-09-17 23:45:00,11.1
2018-09-18 00:00:00,8.8
2018-09-18 00:15:00,11.3
2018-09-18 00:30:00,16.0
2018-09-18 00:45:00,17.0
2018-09-18 01:00:00,18.0
2018-09-18 01:15:00,16.7
2018-09-18 01:30:00,21.8
2018-09-18 01:45:00,36.1
2018-09-18 02:00:00,49.1
2018-09-18 02:15:00,58.4
2018-09-18 02:30:00,44.0
2018-09-18 02:45:00,39.0
2018-09-18 03:00:00,51.3
2018-09-18 03:15:00,53.0
2018-09-18 03:30:00,60.9
2018-09-18 03:45:00,60.8
2018-09-18 04:00:00,54.4
2018-09-18 04:15:00,58.9
2018-09-18 04:30:00,58.4
2018-09-18 04:45:00,64.6
2018-09-18 05:00:00,68.6
2018-09-18 05:15:00,58.7
2018-09-18 05:30:00,62.5
2018-09-18 05:45:00,62.0
2018-09-18 06:00:00,66.5
2018-09-18 06:15:00,80.8
2018-09-18 06:30:00,91.2
2018-09-18 06:45:00,85.1
2018-09-18 07:00:00,79.0
2018-09-18 07:15:00,77.6
2018-09-18 07:30:00,76.89999
2018-09-18 07:45:00,69.3
2018-09-18 08:00:00,65.2
2018-09-18 08:15:00,59.9
2018-09-18 08:30:00,67.3
2018-09-18 08:45:00,68.89999
2018-09-18 09:00:00,58.9
2018-09-18 09:15:00,52.1
2018-09-18 09:30:00,46.1
2018-09-18 09:45:00,44.4
2018-09-18 10:00:00,46.9
2018-09-18 10:15:00,45.2
2018-09-18 10:30:00,53.0
2018-09-18 10:45:00,50.9
2018-09-18 11:00:00,51.4
2018-09-18 11:15:00,46.2
2018-09-18 11:30:00,40.3
2018-09-18 11:45:00,39.3
2018-09-18 12:00:00,45.8
2018-09-18 12:15:00,45.4
2018-09-18 12:30:00,54.3
2018-09-18 12:45:00,37.0
2018-09-18 13:00:00,28.0
2018-09-18 13:15:00,18.5
2018-09-18 13:30:00,14.5
2018-09-18 13:45:00,17.3
2018-09-18 14:00:00,18.0
2018-09-18 14:15:00,21.0
2018-09-18 14:30:00,20.9
2018-09-18 14:45:00,39.3
2018-09-18 15:00:00,47.6
2018-09-18 15:15:00,37.3
2018-09-18 15:30:00,35.8
2018-09-18 15:45:00,42.4
2018-09-18 16:00:00,57.8
2018-09-18 16:15:00,49.8
2018-09-18 16:30:00,54.8
2018-09-18 16:45:00,36.2
2018-09-18 17:00:00,60.3
2018-09-18 17:15:00,56.1
2018-09-18 17:30:00,37.5
2018-09-18 17:45:00,44.2
2018-09-18 18:00:00,57.3
2018-09-18 18:15:00,49.3
2018-09-18 18:30:00,45.3
2018-09-18 18:45:00,52.0
2018-09-18 19:00:00,43.2
2018-09-18 19:15:00,58.5
2018-09-18 19:30:00,61.2
2018-09-18 19:45:00,65.39999
2018-09-18 20:00:00,68.5
2018-09-18 20:15:00,72.7
2018-09-18 20:30:00,63.1
2018-09-18 20:45:00,63.4
2018-09-18 21:00:00,60.4
2018-09-18 21:15:00,68.1
2018-09-18 21:30:00,77.39999
2018-09-18 21:45:00,72.7
2018-09-18 22:00:00,74.0
2018-09-18 22:15:00,67.2
2018-09-18 22:30:00,65.5
2018-09-18 22:45:00,66.3
2018-09-18 23:00:00,55.6
2018-09-18 23:15:00,51.2
2018-09-18 23:30:00,46.5
2018-09-18 23:45:00,41.2
2018-09-19 00:00:00,30.4
2018-09-19 00:15:00,31.0
2018-09-19 00:30:00,23.2
2018-09-19 00:45:00,26.7
2018-09-19 01:00:00,25.9
2018-09-19 01:15:00,27.8
2018-09-19 01:30:00,33.9
2018-09-19 01:45:00,35.9
2018-09-19 02:00:00,37.2
2018-09-19 02:15:00,35.7
2018-09-19 02:30:00,38.5
2018-09-19 02:45:00,34.3
2018-09-19 03:00:00,42.2
2018-09-19 03:15:00,43.3
2018-09-19 03:30:00,59.3
2018-09-19 03:45:00,60.2
2018-09-19 04:00:00,61.1
2018-09-19 04:15:00,55.1
2018-09-19 04:30:00,51.7
2018-09-19 04:45:00,51.8
2018-09-19 05:00:00,52.9
2018-09-19 05:15:00,48.9
2018-09-19 05:30:00,54.4
2018-09-19 05:45:00,56.1
2018-09-19 06:00:00,55.2
2018-09-19 06:15:00,55.6
2018-09-19 06:30:00,60.0
2018-09-19 06:45:00,60.1
2018-09-19 07:00:00,61.1
2018-09-19 07:15:00,69.7
2018-09-19 07:30:00,81.6
2018-09-19 07:45:00,87.1
2018-09-19 08:00:00,86.8
2018-09-19 08:15:00,89.1
2018-09-19 08:30:00,82.1
2018-09-19 08:45:00,91.5
2018-09-19 09:00:00,78.2
2018-09-19 09:15:00,76.5
2018-09-19 09:30:00,72.8
2018-09-19 09:45:00,63.9
2018-09-19 10:00:00,65.7
2018-09-19 10:15:00,71.7
2018-09-19 10:30:00,77.3
2018-09-19 10:45:00,77.89999
2018-09-19 11:00:00,76.0
2018-09-19 11:15:00,80.0
2018-09-19 11:30:00,76.3
2018-09-19 11:45:00,66.0
2018-09-19 12:00:00,70.0
2018-09-19 12:15:00,74.7
2018-09-19 12:30:00,62.3
2018-09-19 12:45:00,64.89999
2018-09-19 13:00:00,63.4
2018-09-19 13:15:00,58.5
2018-09-19 13:30:00,55.3
2018-09-19 13:45:00,59.6
2018-09-19 14:00:00,90.89999
2018-09-19 14:15:00,62.5
2018-09-19 14:30:00,34.3
2018-09-19 14:45:00,61.8
2018-09-19 15:00:00,82.39999
2018-09-19 15:15:00,87.39999
2018-09-19 15:30:00,120.5
2018-09-19 15:45:00,123.39999
2018-09-19 16:00:00,114.39999
2018-09-19 16:15:00,101.7
2018-09-19 16:30:00,117.7
2018-09-19 16:45:00,106.3
2018-09-19 17:00:00,127.0
2018-09-19 17:15:00,124.0
2018-09-19 17:30:00,111.1
2018-09-19 17:45:00,108.1
2018-09-19 18:00:00,104.2
2018-09-19 18:15:00,100.7
2018-09-19 18:30:00,85.2
2018-09-19 18:45:00,72.0
2018-09-19 19:00:00,79.8
2018-09-19 19:15:00,76.5
2018-09-19 19:30:00,81.0
2018-09-19 19:45:00,82.0
2018-09-19 20:00:00,97.2
2018-09-19 20:15:00,106.39999
2018-09-19 20:30:00,94.5
2018-09-19 20:45:00,97.5
2018-09-19 21:00:00,109.0
2018-09-19 21:15:00,114.39999
2018-09-19 21:30:00,118.89999
2018-09-19 21:45:00,119.89999
2018-09-19 22:00:00,108.6
2018-09-19 22:15:00,102.5
2018-09-19 22:30:00,110.3
2018-09-19 22:45:00,102.89999
2018-09-19 23:00:00,99.1
2018-09-19 23:15:00,87.2
2018-09-19 23:30:00,101.89999
2018-09-19 23:45:00,69.5
2018-09-20 00:00:00,89.1
2018-09-20 00:15:00,91.39999
2018-09-20 00:30:00,75.2
2018-09-20 00:45:00,87.3
2018-09-20 01:00:00,76.5
2018-09-20 01:15:00,58.9
2018-09-20 01:30:00,60.7
2018-09-20 01:45:00,73.0
2018-09-20 02:00:00,82.89999
2018-09-20 02:15:00,79.5
2018-09-20 02:30:00,86.3
2018-09-20 02:45:00,105.7
2018-09-20 03:00:00,123.8
2018-09-20 03:15:00,110.0
2018-09-20 03:30:00,98.1
2018-09-20 03:45:00,90.5
2018-09-20 04:00:00,84.1
2018-09-20 04:15:00,66.5
2018-09-20 04:30:00,63.9
2018-09-20 04:45:00,49.4
2018-09-20 05:00:00,37.7
2018-09-20 05:15:00,54.7
2018-09-20 05:30:00,70.39999
2018-09-20 05:45:00,79.5
2018-09-20 06:00:00,70.7
2018-09-20 06:15:00,76.7
2018-09-20 06:30:00,77.2
2018-09-20 06:45:00,93.89999
2018-09-20 07:00:00,107.0
2018-09-20 07:15:00,102.7
2018-09-20 07:30:00,123.89999
2018-09-20 07:45:00,114.5
2018-09-20 08:00:00,90.7
2018-09-20 08:15:00,101.6
2018-09-20 08:30:00,92.7
2018-09-20 08:45:00,84.3
2018-09-20 09:00:00,93.6
2018-09-20 09:15:00,88.1
2018-09-20 09:30:00,83.3
2018-09-20 09:45:00,91.3
2018-09-20 10:00:00,100.3
2018-09-20 10:15:00,100.0
2018-09-20 10:30:00,96.0
2018-09-20 10:45:00,87.1
2018-09-20 11:00:00,79.1
2018-09-20 11:15:00,61.1
2018-09-20 11:30:00,84.2
2018-09-20 11:45:00,73.7
2018-09-20 12:00:00,69.6
2018-09-20 12:15:00,68.39999
2018-09-20 12:30:00,69.0
2018-09-20 12:45:00,69.2
2018-09-20 13:00:00,74.89999
2018-09-20 13:15:00,73.5
2018-09-20 13:30:00,72.39999
2018-09-20 13:45:00,64.5
2018-09-20 14:00:00,64.1
2018-09-20 14:15:00,59.4
2018-09-20 14:30:00,50.1
2018-09-20 14:45:00,68.1
2018-09-20 15:00:00,111.7
2018-09-20 15:15:00,126.6
2018-09-20 15:30:00,113.0
2018-09-20 15:45:00,109.1
2018-09-20 16:00:00,117.2
2018-09-20 16:15:00,117.7
2018-09-20 16:30:00,111.39999
2018-09-20 16:45:00,111.8
2018-09-20 17:00:00,94.8
2018-09-20 17:15:00,111.1
2018-09-20 17:30:00,100.1
2018-09-20 17:45:00,96.0
2018-09-20 18:00:00,108.2
2018-09-20 18:15:00,88.5
2018-09-20 18:30:00,114.1
2018-09-20 18:45:00,126.1
2018-09-20 19:00:00,128.79999
2018-09-20 19:15:00,124.0
2018-09-20 19:30:00,138.7
2018-09-20 19:45:00,120.0
2018-09-20 20:00:00,123.0
2018-09-20 20:15:00,103.7
2018-09-20 20:30:00,86.39999
2018-09-20 20:45:00,103.5
2018-09-20 21:00:00,90.0
2018-09-20 21:15:00,116.89999
2018-09-20 21:30:00,86.6
2018-09-20 21:45:00,126.3
2018-09-20 22:00:00,114.3
2018-09-20 22:15:00,70.3
2018-09-20 22:30:00,58.3
2018-09-20 22:45:00,71.2
2018-09-20 23:00:00,90.1
2018-09-20 23:15:00,99.0
2018-09-20 23:30:00,78.89999
2018-09-20 23:45:00,79.0
2018-09-21 00:00:00,87.1
2018-09-21 00:15:00,97.39999
2018-09-21 00:30:00,51.4
2018-09-21 00:45:00,102.2
2018-09-21 01:00:00,115.0
2018-09-21 01:15:00,68.6
2018-09-21 01:30:00,65.89999
2018-09-21 01:45:00,57.1
2018-09-21 02:00:00,57.3
2018-09-21 02:15:00,56.2
2018-09-21 02:30:00,57.1
2018-09-21 02:45:00,60.4
2018-09-21 03:00:00,60.5
2018-09-21 03:15:00,67.0
2018-09-21 03:30:00,68.5
2018-09-21 03:45:00,78.6
2018-09-21 04:00:00,93.5
2018-09-21 04:15:00,87.39999
2018-09-21 04:30:00,89.7
2018-09-21 04:45:00,96.5
2018-09-21 05:00:00,98.6
2018-09-21 05:15:00,93.89999
2018-09-21 05:30:00,88.89999
2018-09-21 05:45:00,82.1
2018-09-21 06:00:00,91.8
2018-09-21 06:15:00,110.89999
2018-09-21 06:30:00,97.6
2018-09-21 06:45:00,84.8
2018-09-21 07:00:00,93.39999
2018-09-21 07:15:00,88.6
2018-09-21 07:30:00,81.5
2018-09-21 07:45:00,84.3
2018-09-21 08:00:00,80.6
2018-09-21 08:15:00,81.7
2018-09-21 08:30:00,69.5
2018-09-21 08:45:00,79.0
2018-09-21 09:00:00,76.1
2018-09-21 09:15:00,79.3
2018-09-21 09:30:00,83.3
2018-09-21 09:45:00,103.5
2018-09-21 10:00:00,105.0
2018-09-21 10:15:00,118.0
2018-09-21 10:30:00,124.7
2018-09-21 10:45:00,153.59999
2018-09-21 11:00:00,156.5
2018-09-21 11:15:00,147.09999
2018-09-21 11:30:00,144.5
2018-09-21 11:45:00,148.29999
2018-09-21 12:00:00,148.09999
2018-09-21 12:15:00,135.9
2018-09-21 12:30:00,108.6
2018-09-21 12:45:00,103.5
2018-09-21 13:00:00,73.5
2018-09-21 13:15:00,75.6
2018-09-21 13:30:00,81.8
2018-09-21 13:45:00,95.39999
2018-09-21 14:00:00,105.6
2018-09-21 14:15:00,123.2
2018-09-21 14:30:00,132.7
2018-09-21 14:45:00,153.59999
2018-09-21 15:00:00,156.59999
2018-09-21 15:15:00,152.09999
2018-09-21 15:30:00,112.2
2018-09-21 15:45:00,128.0
2018-09-21 16:00:00,138.5
2018-09-21 16:15:00,127.5
2018-09-21 16:30:00,110.5
2018-09-21 16:45:00,134.4
2018-09-21 17:00:00,139.2
2018-09-21 17:15:00,107.1
2018-09-21 17:30:00,119.7
2018-09-21 17:45:00,95.6
2018-09-21 18:00:00,67.0
2018-09-21 18:15:00,60.6
2018-09-21 18:30:00,73.6
2018-09-21 18:45:00,81.6
2018-09-21 19:00:00,83.39999
2018-09-21 19:15:00,62.6
2018-09-21 19:30:00,44.5
2018-09-21 19:45:00,48.6
2018-09-21 20:00:00,44.8
2018-09-21 20:15:00,105.7
2018-09-21 20:30:00,103.6
2018-09-21 20:45:00,91.39999
2018-09-21 21:00:00,94.5
2018-09-21 21:15:00,78.5
2018-09-21 21:30:00,74.3
2018-09-21 21:45:00,102.6
2018-09-21 22:00:00,112.1
2018-09-21 22:15:00,138.7
2018-09-21 22:30:00,131.09999
2018-09-21 22:45:00,156.2
2018-09-21 23:00:00,156.0
2018-09-21 23:15:00,157.5
2018-09-21 23:30:00,153.4
2018-09-21 23:45:00,153.0
2018-09-22 00:00:00,149.79999
2018-09-22 00:15:00,144.2
2018-09-22 00:30:00,146.7
2018-09-22 00:45:00,136.9
2018-09-22 01:00:00,147.4
2018-09-22 01:15:00,146.59999
2018-09-22 01:30:00,154.09999
2018-09-22 01:45:00,156.9
2018-09-22 02:00:00,153.79999
2018-09-22 02:15:00,155.0
2018-09-22 02:30:00,153.7
2018-09-22 02:45:00,154.5
2018-09-22 03:00:00,153.79999
2018-09-22 03:15:00,153.79999
2018-09-22 03:30:00,153.79999
2018-09-22 03:45:00,150.5
2018-09-22 04:00:00,152.7
2018-09-22 04:15:00,154.0
2018-09-22 04:30:00,154.0
2018-09-22 04:45:00,153.79999
2018-09-22 05:00:00,153.5
2018-09-22 05:15:00,150.9
2018-09-22 05:30:00,152.79999
2018-09-22 05:45:00,153.9
2018-09-22 06:00:00,148.79999
2018-09-22 06:15:00,147.09999
2018-09-22 06:30:00,146.4
2018-09-22 06:45:00,141.09999
2018-09-22 07:00:00,147.9
2018-09-22 07:15:00,147.7
2018-09-22 07:30:00,148.29999
2018-09-22 07:45:00,145.29999
2018-09-22 08:00:00,145.5
2018-09-22 08:15:00,138.9
2018-09-22 08:30:00,113.89999
2018-09-22 08:45:00,101.7
2018-09-22 09:00:00,101.7
2018-09-22 09:15:00,102.7
2018-09-22 09:30:00,88.8
2018-09-22 09:45:00,89.3
2018-09-22 10:00:00,91.6
2018-09-22 10:15:00,107.89999
2018-09-22 10:30:00,105.1
2018-09-22 10:45:00,112.5
2018-09-22 11:00:00,134.29999
2018-09-22 11:15:00,141.59999
2018-09-22 11:30:00,146.9
2018-09-22 11:45:00,134.5
2018-09-22 12:00:00,130.0
2018-09-22 12:15:00,137.7
2018-09-22 12:30:00,141.7
2018-09-22 12:45:00,142.9
2018-09-22 13:00:00,144.79999
2018-09-22 13:15:00,153.29999
2018-09-22 13:30:00,156.7
2018-09-22 13:45:00,154.09999
2018-09-22 14:00:00,153.5
2018-09-22 14:15:00,153.7
2018-09-22 14:30:00,155.59999
2018-09-22 14:45:00,155.0
2018-09-22 15:00:00,154.5
2018-09-22 15:15:00,153.9
2018-09-22 15:30:00,154.0
2018-09-22 15:45:00,153.79999
2018-09-22 16:00:00,142.4
2018-09-22 16:15:00,140.9
2018-09-22 16:30:00,140.4
2018-09-22 16:45:00,140.09999
2018-09-22 17:00:00,148.9
2018-09-22 17:15:00,151.0
2018-09-22 17:30:00,141.0
2018-09-22 17:45:00,150.09999
2018-09-22 18:00:00,152.59999
2018-09-22 18:15:00,148.79999
2018-09-22 18:30:00,147.0
2018-09-22 18:45:00,131.09999
2018-09-22 19:00:00,128.9
2018-09-22 19:15:00,114.6
2018-09-22 19:30:00,124.39999
2018-09-22 19:45:00,135.79999
2018-09-22 20:00:00,126.5
2018-09-22 20:15:00,128.0
2018-09-22 20:30:00,129.9
2018-09-22 20:45:00,120.39999
2018-09-22 21:00:00,115.6
2018-09-22 21:15:00,94.39999
2018-09-22 21:30:00,96.6
2018-09-22 21:45:00,64.2
2018-09-22 22:00:00,74.39999
2018-09-22 22:15:00,52.4
2018-09-22 22:30:00,48.8
2018-09-22 22:45:00,48.6
2018-09-22 23:00:00,60.6
2018-09-22 23:15:00,65.5
2018-09-22 23:30:00,56.4
2018-09-22 23:45:00,60.7
2018-09-23 00:00:00,61.7
2018-09-23 00:15:00,77.89999
2018-09-23 00:30:00,69.5
2018-09-23 00:45:00,69.6
2018-09-23 01:00:00,80.3
2018-09-23 01:15:00,61.6
2018-09-23 01:30:00,69.8
2018-09-23 01:45:00,67.8
2018-09-23 02:00:00,58.7
2018-09-23 02:15:00,74.6
2018-09-23 02:30:00,81.6
2018-09-23 02:45:00,65.2
2018-09-23 03:00:00,51.0
2018-09-23 03:15:00,43.6
2018-09-23 03:30:00,40.2
2018-09-23 03:45:00,38.7
2018-09-23 04:00:00,37.9
2018-09-23 04:15:00,36.5
2018-09-23 04:30:00,30.4
2018-09-23 04:45:00,38.6
2018-09-23 05:00:00,46.2
2018-09-23 05:15:00,49.5
2018-09-23 05:30:00,52.1
2018-09-23 05:45:00,39.3
2018-09-23 06:00:00,32.8
2018-09-23 06:15:00,26.8
2018-09-23 06:30:00,23.0
2018-09-23 06:45:00,22.7
2018-09-23 07:00:00,17.6
2018-09-23 07:15:00,19.6
2018-09-23 07:30:00,18.1
2018-09-23 07:45:00,21.3
2018-09-23 08:00:00,19.4
2018-09-23 08:15:00,19.7
2018-09-23 08:30:00,16.4
2018-09-23 08:45:00,14.7
2018-09-23 09:00:00,18.0
2018-09-23 09:15:00,26.8
2018-09-23 09:30:00,36.6
2018-09-23 09:45:00,40.3
2018-09-23 10:00:00,52.7
2018-09-23 10:15:00,53.4
2018-09-23 10:30:00,54.3
2018-09-23 10:45:00,48.2
2018-09-23 11:00:00,50.2
2018-09-23 11:15:00,51.0
2018-09-23 11:30:00,54.4
2018-09-23 11:45:00,53.2
2018-09-23 12:00:00,46.5
2018-09-23 12:15:00,49.8
2018-09-23 12:30:00,54.0
2018-09-23 12:45:00,47.0
2018-09-23 13:00:00,44.0
2018-09-23 13:15:00,48.4
2018-09-23 13:30:00,48.8
2018-09-23 13:45:00,52.6
2018-09-23 14:00:00,56.3
2018-09-23 14:15:00,46.9
2018-09-23 14:30:00,38.7
2018-09-23 14:45:00,43.6
2018-09-23 15:00:00,54.9
2018-09-23 15:15:00,72.8
2018-09-23 15:30:00,76.3
2018-09-23 15:45:00,73.5
2018-09-23 16:00:00,74.39999
2018-09-23 16:15:00,63.6
2018-09-23 16:30:00,58.6
2018-09-23 16:45:00,56.3
2018-09-23 17:00:00,48.7
2018-09-23 17:15:00,51.4
2018-09-23 17:30:00,48.5
2018-09-23 17:45:00,54.4
2018-09-23 18:00:00,52.6
2018-09-23 18:15:00,40.3
2018-09-23 18:30:00,34.8
2018-09-23 18:45:00,34.6
2018-09-23 19:00:00,24.3
2018-09-23 19:15:00,25.0
2018-09-23 19:30:00,24.4
2018-09-23 19:45:00,18.3
2018-09-23 20:00:00,16.6
2018-09-23 20:15:00,19.8
2018-09-23 20:30:00,19.3
2018-09-23 20:45:00,15.1
2018-09-23 21:00:00,12.8
2018-09-23 21:15:00,11.9
2018-09-23 21:30:00,11.0
2018-09-23 21:45:00,10.5
2018-09-23 22:00:00,10.2
2018-09-23 22:15:00,5.1
2018-09-23 22:30:00,12.1
2018-09-23 22:45:00,9.4
2018-09-23 23:00:00,5.7
2018-09-23 23:15:00,4.3
2018-09-23 23:30:00,0.0
2018-09-23 23:45:00,0.0
2018-09-24 00:00:00,0.0
2018-09-24 00:15:00,0.0
2018-09-24 00:30:00,0.0
2018-09-24 00:45:00,0.0
2018-09-24 01:00:00,0.0
2018-09-24 01:15:00,0.0
2018-09-24 01:30:00,0.0
2018-09-24 01:45:00,0.0
2018-09-24 02:00:00,0.0
2018-09-24 02:15:00,0.0
2018-09-24 02:30:00,0.0
2018-09-24 02:45:00,0.0
2018-09-24 03:00:00,0.0
2018-09-24 03:15:00,0.0
2018-09-24 03:30:00,0.0
2018-09-24 03:45:00,0.0
2018-09-24 04:00:00,0.0
2018-09-24 04:15:00,3.6
2018-09-24 04:30:00,3.2
2018-09-24 04:45:00,1.0
2018-09-24 05:00:00,0.0
2018-09-24 05:15:00,0.0
2018-09-24 05:30:00,0.0
2018-09-24 05:45:00,0.0
2018-09-24 06:00:00,0.0
2018-09-24 06:15:00,0.0
2018-09-24 06:30:00,0.0
2018-09-24 06:45:00,0.0
2018-09-24 07:00:00,0.0
2018-09-24 07:15:00,0.0
2018-09-24 07:30:00,0.0
2018-09-24 07:45:00,1.8
2018-09-24 08:00:00,0.0
2018-09-24 08:15:00,0.0
2018-09-24 08:30:00,0.0
2018-09-24 08:45:00,0.0
2018-09-24 09:00:00,0.4
2018-09-24 09:15:00,3.7
2018-09-24 09:30:00,3.2
2018-09-24 09:45:00,1.4
2018-09-24 10:00:00,2.2
2018-09-24 10:15:00,3.4
2018-09-24 10:30:00,2.3
2018-09-24 10:45:00,3.3
2018-09-24 11:00:00,7.2
2018-09-24 11:15:00,5.8
2018-09-24 11:30:00,6.3
2018-09-24 11:45:00,7.4
2018-09-24 12:00:00,5.1
2018-09-24 12:15:00,7.4
2018-09-24 12:30:00,9.8
2018-09-24 12:45:00,10.8
2018-09-24 13:00:00,9.3
2018-09-24 13:15:00,5.5
2018-09-24 13:30:00,4.2
2018-09-24 13:45:00,0.0
2018-09-24 14:00:00,0.0
2018-09-24 14:15:00,0.0
2018-09-24 14:30:00,0.0
2018-09-24 14:45:00,0.0
2018-09-24 15:00:00,0.0
2018-09-24 15:15:00,0.0
2018-09-24 15:30:00,0.0
2018-09-24 15:45:00,0.0
2018-09-24 16:00:00,0.0
2018-09-24 16:15:00,0.0
2018-09-24 16:30:00,0.0
2018-09-24 16:45:00,0.0
2018-09-24 17:00:00,0.0
2018-09-24 17:15:00,0.0
2018-09-24 17:30:00,0.0
2018-09-24 17:45:00,0.0
2018-09-24 18:00:00,0.0
2018-09-24 18:15:00,0.0
2018-09-24 18:30:00,0.0
2018-09-24 18:45:00,0.0
2018-09-24 19:00:00,0.0
2018-09-24 19:15:00,0.0
2018-09-24 19:30:00,0.0
2018-09-24 19:45:00,0.0
2018-09-24 20:00:00,0.0
2018-09-24 20:15:00,0.0
2018-09-24 20:30:00,0.0
2018-09-24 20:45:00,0.0
2018-09-24 21:00:00,0.0
2018-09-24 21:15:00,0.0
2018-09-24 21:30:00,0.0
2018-09-24 21:45:00,0.0
2018-09-24 22:00:00,0.0
2018-09-24 22:15:00,0.0
2018-09-24 22:30:00,0.0
2018-09-24 22:45:00,0.0
2018-09-24 23:00:00,0.0
2018-09-24 23:15:00,0.0
2018-09-24 23:30:00,0.0
2018-09-24 23:45:00,0.0
2018-09-25 00:00:00,0.0
2018-09-25 00:15:00,0.0
2018-09-25 00:30:00,0.0
2018-09-25 00:45:00,0.0
2018-09-25 01:00:00,0.0
2018-09-25 01:15:00,0.0
2018-09-25 01:30:00,0.0
2018-09-25 01:45:00,0.0
2018-09-25 02:00:00,0.0
2018-09-25 02:15:00,0.0
2018-09-25 02:30:00,0.0
2018-09-25 02:45:00,0.0
2018-09-25 03:00:00,0.0
2018-09-25 03:15:00,0.0
2018-09-25 03:30:00,0.0
2018-09-25 03:45:00,0.0
2018-09-25 04:00:00,0.0
2018-09-25 04:15:00,0.0
2018-09-25 04:30:00,0.0
2018-09-25 04:45:00,0.0
2018-09-25 05:00:00,0.0
2018-09-25 05:15:00,0.0
2018-09-25 05:30:00,0.0
2018-09-25 05:45:00,0.0
2018-09-25 06:00:00,0.0
2018-09-25 06:15:00,0.0
2018-09-25 06:30:00,0.0
2018-09-25 06:45:00,0.0
2018-09-25 07:00:00,0.0
2018-09-25 07:15:00,0.0
2018-09-25 07:30:00,0.0
2018-09-25 07:45:00,0.0
2018-09-25 08:00:00,0.0
2018-09-25 08:15:00,0.0
2018-09-25 08:30:00,0.0
2018-09-25 08:45:00,0.0
2018-09-25 09:00:00,0.0
2018-09-25 09:15:00,0.0
2018-09-25 09:30:00,0.0
2018-09-25 09:45:00,0.0
2018-09-25 10:00:00,0.0
2018-09-25 10:15:00,0.0
2018-09-25 10:30:00,0.0
2018-09-25 10:45:00,0.0
2018-09-25 11:00:00,0.0
2018-09-25 11:15:00,0.0
2018-09-25 11:30:00,0.0
2018-09-25 11:45:00,0.0
2018-09-25 12:00:00,0.0
2018-09-25 12:15:00,0.0
2018-09-25 12:30:00,0.0
2018-09-25 12:45:00,0.0
2018-09-25 13:00:00,0.0
2018-09-25 13:15:00,0.0
2018-09-25 13:30:00,0.0
2018-09-25 13:45:00,0.0
2018-09-25 14:00:00,0.0
2018-09-25 14:15:00,0.0
2018-09-25 14:30:00,0.0
2018-09-25 14:45:00,0.0
2018-09-25 15:00:00,0.0
2018-09-25 15:15:00,0.0
2018-09-25 15:30:00,0.0
2018-09-25 15:45:00,0.0
2018-09-25 16:00:00,0.0
2018-09-25 16:15:00,0.0
2018-09-25 16:30:00,0.0
2018-09-25 16:45:00,0.0
2018-09-25 17:00:00,0.0
2018-09-25 17:15:00,0.0
2018-09-25 17:30:00,0.0
2018-09-25 17:45:00,0.0
2018-09-25 18:00:00,0.0
2018-09-25 18:15:00,0.0
2018-09-25 18:30:00,0.0
2018-09-25 18:45:00,0.0
2018-09-25 19:00:00,0.0
2018-09-25 19:15:00,0.0
2018-09-25 19:30:00,0.0
2018-09-25 19:45:00,0.0
2018-09-25 20:00:00,0.0
2018-09-25 20:15:00,0.0
2018-09-25 20:30:00,0.0
2018-09-25 20:45:00,0.0
2018-09-25 21:00:00,0.0
2018-09-25 21:15:00,0.0
2018-09-25 21:30:00,0.0
2018-09-25 21:45:00,0.0
2018-09-25 22:00:00,0.0
2018-09-25 22:15:00,0.0
2018-09-25 22:30:00,0.0
2018-09-25 22:45:00,0.0
2018-09-25 23:00:00,0.0
2018-09-25 23:15:00,0.0
2018-09-25 23:30:00,0.0
2018-09-25 23:45:00,0.0
2018-09-26 00:00:00,0.0
2018-09-26 00:15:00,0.0
2018-09-26 00:30:00,0.0
2018-09-26 00:45:00,0.0
2018-09-26 01:00:00,0.0
2018-09-26 01:15:00,0.0
2018-09-26 01:30:00,0.0
2018-09-26 01:45:00,0.0
2018-09-26 02:00:00,0.0
2018-09-26 02:15:00,0.0
2018-09-26 02:30:00,0.0
2018-09-26 02:45:00,0.0
2018-09-26 03:00:00,0.0
2018-09-26 03:15:00,0.0
2018-09-26 03:30:00,0.0
2018-09-26 03:45:00,0.0
2018-09-26 04:00:00,0.0
2018-09-26 04:15:00,0.0
2018-09-26 04:30:00,0.0
2018-09-26 04:45:00,0.0
2018-09-26 05:01:00,0.0
2018-09-26 05:15:00,0.0
2018-09-26 05:30:00,0.0
2018-09-26 05:45:00,0.0
2018-09-26 06:00:00,0.0
2018-09-26 06:15:00,0.0
2018-09-26 06:30:00,0.0
2018-09-26 06:45:00,0.0
2018-09-26 07:00:00,0.0
2018-09-26 07:15:00,0.0
2018-09-26 07:30:00,0.0
2018-09-26 07:45:00,0.0
2018-09-26 08:00:00,0.0
2018-09-26 08:15:00,0.0
2018-09-26 08:30:00,0.0
2018-09-26 08:45:00,0.0
2018-09-26 09:00:00,0.0
2018-09-26 09:15:00,0.0
2018-09-26 09:30:00,0.0
2018-09-26 09:45:00,0.0
2018-09-26 10:00:00,0.0
2018-09-26 10:15:00,0.0
2018-09-26 10:30:00,0.0
2018-09-26 10:45:00,0.0
2018-09-26 11:00:00,0.0
2018-09-26 11:15:00,0.0
2018-09-26 11:30:00,0.0
2018-09-26 11:45:00,0.0
2018-09-26 12:00:00,0.0
2018-09-26 12:15:00,0.0
2018-09-26 12:30:00,0.0
2018-09-26 12:45:00,0.0
2018-09-26 13:00:00,0.0
2018-09-26 13:15:00,0.0
2018-09-26 13:30:00,0.0
2018-09-26 13:45:00,0.0
2018-09-26 14:00:00,0.0
2018-09-26 14:15:00,0.0
2018-09-26 14:30:00,0.0
2018-09-26 14:45:00,0.0
2018-09-26 15:00:00,0.0
2018-09-26 15:15:00,0.0
2018-09-26 15:30:00,0.0
2018-09-26 15:45:00,0.0
2018-09-26 16:00:00,0.0
2018-09-26 16:15:00,0.0
2018-09-26 16:30:00,0.0
2018-09-26 16:45:00,0.0
2018-09-26 17:00:00,0.0
2018-09-26 17:15:00,0.0
2018-09-26 17:30:00,0.0
2018-09-26 17:45:00,0.0
2018-09-26 18:00:00,0.0
2018-09-26 18:15:00,0.0
2018-09-26 18:30:00,0.0
2018-09-26 18:45:00,0.0
2018-09-26 19:00:00,0.0
2018-09-26 19:15:00,0.0
2018-09-26 19:30:00,0.0
2018-09-26 19:45:00,0.0
2018-09-26 20:00:00,0.0
2018-09-26 20:15:00,0.0
2018-09-26 20:30:00,0.0
2018-09-26 20:45:00,0.0
2018-09-26 21:00:00,0.0
2018-09-26 21:15:00,0.0
2018-09-26 21:30:00,0.0
2018-09-26 21:45:00,0.0
2018-09-26 22:00:00,0.0
2018-09-26 22:15:00,0.0
2018-09-26 22:30:00,0.0
2018-09-26 22:45:00,0.0
2018-09-26 23:00:00,0.0
2018-09-26 23:15:00,0.0
2018-09-26 23:30:00,0.0
2018-09-26 23:45:00,0.0
2018-09-27 00:00:00,0.0
2018-09-27 00:15:00,0.0
2018-09-27 00:30:00,0.0
2018-09-27 00:45:00,0.0
2018-09-27 01:00:00,0.0
2018-09-27 01:15:00,0.0
2018-09-27 01:30:00,0.0
2018-09-27 01:45:00,0.0
2018-09-27 02:00:00,0.0
2018-09-27 02:15:00,0.0
2018-09-27 02:30:00,0.0
2018-09-27 02:45:00,0.0
2018-09-27 03:00:00,0.0
2018-09-27 03:15:00,0.0
2018-09-27 03:30:00,0.0
2018-09-27 03:45:00,0.0
2018-09-27 04:00:00,0.0
2018-09-27 04:15:00,0.0
2018-09-27 04:30:00,0.0
2018-09-27 04:45:00,0.0
2018-09-27 05:00:00,0.0
2018-09-27 05:15:00,0.0
2018-09-27 05:30:00,0.0
2018-09-27 05:45:00,0.0
2018-09-27 06:00:00,0.0
2018-09-27 06:15:00,0.0
2018-09-27 06:30:00,0.0
2018-09-27 06:45:00,0.0
2018-09-27 07:00:00,0.0
2018-09-27 07:15:00,0.0
2018-09-27 07:30:00,0.0
2018-09-27 07:45:00,0.0
2018-09-27 08:00:00,0.0
2018-09-27 08:15:00,0.0
2018-09-27 08:30:00,0.0
2018-09-27 08:45:00,0.0
2018-09-27 09:00:00,0.0
2018-09-27 09:15:00,0.0
2018-09-27 09:30:00,0.0
2018-09-27 09:45:00,0.0
2018-09-27 10:00:00,0.0
2018-09-27 10:15:00,0.0
2018-09-27 10:30:00,0.0
2018-09-27 10:45:00,0.0
2018-09-27 11:00:00,0.0
2018-09-27 11:15:00,0.0
2018-09-27 11:30:00,0.0
2018-09-27 11:45:00,0.0
2018-09-27 12:00:00,0.0
2018-09-27 12:15:00,0.0
2018-09-27 12:30:00,0.0
2018-09-27 12:45:00,0.0
2018-09-27 13:00:00,0.0
2018-09-27 13:15:00,0.0
2018-09-27 13:30:00,0.0
2018-09-27 13:45:00,0.0
2018-09-27 14:00:00,0.0
2018-09-27 14:15:00,0.0
2018-09-27 14:30:00,0.0
2018-09-27 14:45:00,0.0
2018-09-27 15:00:00,0.0
2018-09-27 15:15:00,0.0
2018-09-27 15:30:00,0.0
2018-09-27 15:45:00,0.0
2018-09-27 16:00:00,0.0
2018-09-27 16:15:00,0.0
2018-09-27 16:30:00,0.0
2018-09-27 16:45:00,0.0
2018-09-27 17:00:00,0.0
2018-09-27 17:15:00,0.0
2018-09-27 17:30:00,0.0
2018-09-27 17:45:00,0.0
2018-09-27 18:00:00,0.0
2018-09-27 18:15:00,0.0
2018-09-27 18:30:00,0.0
2018-09-27 18:45:00,0.0
2018-09-27 19:00:00,0.0
2018-09-27 19:15:00,0.0
2018-09-27 19:30:00,0.0
2018-09-27 19:45:00,0.0
2018-09-27 20:00:00,0.0
2018-09-27 20:15:00,0.0
2018-09-27 20:30:00,0.0
2018-09-27 20:45:00,0.0
2018-09-27 21:00:00,0.0
2018-09-27 21:15:00,0.0
2018-09-27 21:30:00,0.0
2018-09-27 21:45:00,0.0
2018-09-27 22:00:00,0.0
2018-09-27 22:15:00,0.0
2018-09-27 22:30:00,0.0
2018-09-27 22:45:00,0.0
2018-09-27 23:00:00,0.0
2018-09-27 23:15:00,0.0
2018-09-27 23:30:00,0.0
2018-09-27 23:45:00,0.0
2018-09-28 00:00:00,0.0
2018-09-28 00:15:00,0.0
2018-09-28 00:30:00,0.0
2018-09-28 00:45:00,0.0
2018-09-28 01:00:00,0.0
2018-09-28 01:15:00,0.0
2018-09-28 01:30:00,0.0
2018-09-28 01:45:00,0.0
2018-09-28 02:00:00,0.0
2018-09-28 02:15:00,0.0
2018-09-28 02:30:00,0.0
2018-09-28 02:45:00,0.0
2018-09-28 03:00:00,0.0
2018-09-28 03:15:00,0.0
2018-09-28 03:30:00,0.0
2018-09-28 03:45:00,0.0
2018-09-28 04:00:00,0.0
2018-09-28 04:15:00,0.0
2018-09-28 04:30:00,0.0
2018-09-28 04:45:00,0.0
2018-09-28 05:00:00,0.0
2018-09-28 05:15:00,0.0
2018-09-28 05:30:00,0.0
2018-09-28 05:45:00,0.0
2018-09-28 06:00:00,0.0
2018-09-28 06:15:00,0.0
2018-09-28 06:30:00,0.0
2018-09-28 06:45:00,0.0
2018-09-28 07:00:00,0.0
2018-09-28 07:15:00,0.0
2018-09-28 07:30:00,0.0
2018-09-28 07:45:00,0.0
2018-09-28 08:00:00,0.0
2018-09-28 08:15:00,0.0
2018-09-28 08:30:00,0.0
2018-09-28 08:45:00,0.0
2018-09-28 09:00:00,0.0
2018-09-28 09:15:00,0.0
2018-09-28 09:30:00,0.0
2018-09-28 09:45:00,0.0
2018-09-28 10:00:00,0.0
2018-09-28 10:15:00,0.0
2018-09-28 10:30:00,0.0
2018-09-28 10:45:00,0.0
2018-09-28 11:00:00,0.0
2018-09-28 11:15:00,0.0
2018-09-28 11:30:00,0.0
2018-09-28 11:45:00,0.0
2018-09-28 12:00:00,0.0
2018-09-28 12:15:00,0.0
2018-09-28 12:30:00,0.0
2018-09-28 12:45:00,0.0
2018-09-28 13:00:00,0.0
2018-09-28 13:15:00,0.0
2018-09-28 13:30:00,0.0
2018-09-28 13:45:00,0.0
2018-09-28 14:00:00,0.0
2018-09-28 14:15:00,0.0
2018-09-28 14:30:00,0.0
2018-09-28 14:45:00,0.0
2018-09-28 15:00:00,0.0
2018-09-28 15:15:00,0.0
2018-09-28 15:30:00,0.0
2018-09-28 15:45:00,0.0
2018-09-28 16:00:00,0.0
2018-09-28 16:15:00,0.0
2018-09-28 16:30:00,0.0
2018-09-28 16:45:00,0.0
2018-09-28 17:00:00,0.0
2018-09-28 17:15:00,0.0
2018-09-28 17:30:00,0.0
2018-09-28 17:45:00,0.0
2018-09-28 18:00:00,0.0
2018-09-28 18:15:00,0.0
2018-09-28 18:30:00,0.0
2018-09-28 18:45:00,0.0
2018-09-28 19:00:00,0.0
2018-09-28 19:15:00,0.0
2018-09-28 19:30:00,0.0
2018-09-28 19:45:00,0.0
2018-09-28 20:00:00,0.0
2018-09-28 20:15:00,0.0
2018-09-28 20:30:00,0.0
2018-09-28 20:45:00,0.0
2018-09-28 21:00:00,0.0
2018-09-28 21:15:00,0.0
2018-09-28 21:30:00,0.0
2018-09-28 21:45:00,0.0
2018-09-28 22:00:00,0.0
2018-09-28 22:15:00,0.0
2018-09-28 22:30:00,0.0
2018-09-28 22:45:00,0.0
2018-09-28 23:00:00,0.0
2018-09-28 23:15:00,0.0
2018-09-28 23:30:00,0.0
2018-09-28 23:45:00,0.0
2018-09-29 00:00:00,0.0
2018-09-29 00:15:00,0.0
2018-09-29 00:30:00,0.0
2018-09-29 00:45:00,0.0
2018-09-29 01:00:00,0.0
2018-09-29 01:15:00,0.0
2018-09-29 01:30:00,0.0
2018-09-29 01:45:00,0.0
2018-09-29 02:00:00,0.0
2018-09-29 02:15:00,0.0
2018-09-29 02:30:00,0.0
2018-09-29 02:45:00,0.0
2018-09-29 03:00:00,0.0
2018-09-29 03:15:00,0.0
2018-09-29 03:30:00,0.0
2018-09-29 03:45:00,0.0
2018-09-29 04:00:00,0.0
2018-09-29 04:15:00,0.0
2018-09-29 04:30:00,0.0
2018-09-29 04:45:00,0.0
2018-09-29 05:00:00,0.0
2018-09-29 05:15:00,0.0
2018-09-29 05:30:00,0.0
2018-09-29 05:45:00,0.0
2018-09-29 06:00:00,0.0
2018-09-29 06:15:00,0.0
2018-09-29 06:30:00,0.0
2018-09-29 06:45:00,0.0
2018-09-29 07:00:00,0.0
2018-09-29 07:15:00,0.0
2018-09-29 07:30:00,0.0
2018-09-29 07:45:00,0.0
2018-09-29 08:00:00,0.0
2018-09-29 08:15:00,0.0
2018-09-29 08:30:00,0.0
2018-09-29 08:45:00,0.0
2018-09-29 09:00:00,0.0
2018-09-29 09:15:00,0.0
2018-09-29 09:30:00,0.0
2018-09-29 09:45:00,0.0
2018-09-29 10:00:00,0.0
2018-09-29 10:15:00,0.0
2018-09-29 10:30:00,0.0
2018-09-29 10:45:00,0.0
2018-09-29 11:00:00,0.0
2018-09-29 11:15:00,0.0
2018-09-29 11:30:00,0.0
2018-09-29 11:45:00,0.0
2018-09-29 12:00:00,0.0
2018-09-29 12:15:00,0.0
2018-09-29 12:30:00,0.0
2018-09-29 12:45:00,0.0
2018-09-29 13:00:00,0.0
2018-09-29 13:15:00,0.0
2018-09-29 13:30:00,0.0
2018-09-29 13:45:00,0.0
2018-09-29 14:00:00,0.0
2018-09-29 14:15:00,0.0
2018-09-29 14:30:00,0.0
2018-09-29 14:45:00,0.0
2018-09-29 15:00:00,0.0
2018-09-29 15:15:00,0.0
2018-09-29 15:30:00,0.0
2018-09-29 15:45:00,0.0
2018-09-29 16:00:00,0.0
2018-09-29 16:15:00,0.0
2018-09-29 16:30:00,0.0
2018-09-29 16:45:00,0.0
2018-09-29 17:00:00,0.0
2018-09-29 17:15:00,0.0
2018-09-29 17:30:00,0.0
2018-09-29 17:45:00,0.0
2018-09-29 18:00:00,0.0
2018-09-29 18:15:00,0.0
2018-09-29 18:30:00,0.0
2018-09-29 18:45:00,0.0
2018-09-29 19:00:00,0.0
2018-09-29 19:15:00,0.0
2018-09-29 19:30:00,0.0
2018-09-29 19:45:00,0.0
2018-09-29 20:00:00,0.0
2018-09-29 20:15:00,0.0
2018-09-29 20:30:00,0.0
2018-09-29 20:45:00,0.0
2018-09-29 21:00:00,0.0
2018-09-29 21:15:00,0.0
2018-09-29 21:30:00,0.0
2018-09-29 21:45:00,0.0
2018-09-29 22:00:00,0.0
2018-09-29 22:15:00,0.0
2018-09-29 22:30:00,0.0
2018-09-29 22:45:00,0.0
2018-09-29 23:00:00,0.0
2018-09-29 23:15:00,0.0
2018-09-29 23:30:00,0.0
2018-09-29 23:45:00,0.0
2018-09-30 00:00:00,0.0
2018-09-30 00:15:00,0.0
2018-09-30 00:30:00,0.0
2018-09-30 00:45:00,0.0
2018-09-30 01:00:00,0.0
2018-09-30 01:15:00,0.0
2018-09-30 01:30:00,0.0
2018-09-30 01:45:00,0.0
2018-09-30 02:00:00,0.0
2018-09-30 02:15:00,0.0
2018-09-30 02:30:00,0.0
2018-09-30 02:45:00,0.0
2018-09-30 03:00:00,0.0
2018-09-30 03:15:00,0.0
2018-09-30 03:30:00,0.0
2018-09-30 03:45:00,0.0
2018-09-30 04:00:00,0.0
2018-09-30 04:15:00,0.0
2018-09-30 04:30:00,0.0
2018-09-30 04:45:00,0.0
2018-09-30 05:00:00,0.0
2018-09-30 05:15:00,0.0
2018-09-30 05:30:00,0.0
2018-09-30 05:45:00,0.0
2018-09-30 06:00:00,0.0
2018-09-30 06:15:00,0.0
2018-09-30 06:30:00,0.0
2018-09-30 06:45:00,0.0
2018-09-30 07:00:00,0.0
2018-09-30 07:15:00,0.0
2018-09-30 07:30:00,0.0
2018-09-30 07:45:00,0.0
2018-09-30 08:00:00,0.0
2018-09-30 08:15:00,0.0
2018-09-30 08:30:00,0.0
2018-09-30 08:45:00,0.0
2018-09-30 09:00:00,0.0
2018-09-30 09:15:00,0.0
2018-09-30 09:30:00,0.0
2018-09-30 09:45:00,0.0
2018-09-30 10:00:00,0.0
2018-09-30 10:15:00,0.0
2018-09-30 10:30:00,0.0
2018-09-30 10:45:00,0.0
2018-09-30 11:00:00,0.0
2018-09-30 11:15:00,0.0
2018-09-30 11:30:00,0.0
2018-09-30 11:45:00,0.0
2018-09-30 12:00:00,0.0
2018-09-30 12:15:00,0.0
2018-09-30 12:30:00,0.0
2018-09-30 12:45:00,0.0
2018-09-30 13:00:00,0.0
2018-09-30 13:15:00,0.0
2018-09-30 13:30:00,0.0
2018-09-30 13:45:00,0.0
2018-09-30 14:00:00,0.0
2018-09-30 14:15:00,0.0
2018-09-30 14:30:00,0.0
2018-09-30 14:45:00,0.0
2018-09-30 15:00:00,0.0
2018-09-30 15:15:00,0.0
2018-09-30 15:30:00,0.0
2018-09-30 15:45:00,0.0
2018-09-30 16:00:00,0.0
2018-09-30 16:15:00,0.0
2018-09-30 16:30:00,0.0
2018-09-30 16:45:00,0.0
2018-09-30 17:00:00,0.0
2018-09-30 17:15:00,0.0
2018-09-30 17:30:00,0.0
2018-09-30 17:45:00,0.0
2018-09-30 18:00:00,0.0
2018-09-30 18:15:00,0.0
2018-09-30 18:30:00,0.0
2018-09-30 18:45:00,0.0
2018-09-30 19:00:00,0.0
2018-09-30 19:15:00,0.0
2018-09-30 19:30:00,0.0
2018-09-30 19:45:00,0.0
2018-09-30 20:00:00,0.0
2018-09-30 20:15:00,0.0
2018-09-30 20:30:00,0.0
2018-09-30 20:45:00,0.0
2018-09-30 21:00:00,0.0
2018-09-30 21:15:00,0.0
2018-09-30 21:30:00,0.0
2018-09-30 21:45:00,0.0
2018-09-30 22:00:00,0.0
2018-09-30 22:15:00,0.0
2018-09-30 22:30:00,0.0
2018-09-30 22:45:00,0.0
2018-09-30 23:00:00,0.0
2018-09-30 23:15:00,0.0
2018-09-30 23:30:00,0.0
2018-09-30 23:45:00,0.0
2018-10-01 00:00:00,0.0
2018-10-01 00:15:00,0.0
2018-10-01 00:30:00,0.0
2018-10-01 00:45:00,0.0
2018-10-01 01:00:00,0.0
2018-10-01 01:15:00,0.0
2018-10-01 01:30:00,0.0
2018-10-01 01:45:00,0.0
2018-10-01 02:00:00,0.0
2018-10-01 02:15:00,0.0
2018-10-01 02:30:00,0.0
2018-10-01 02:45:00,0.0
2018-10-01 03:00:00,0.0
2018-10-01 03:15:00,0.0
2018-10-01 03:30:00,0.0
2018-10-01 03:45:00,0.0
2018-10-01 04:00:00,0.0
2018-10-01 04:15:00,0.0
2018-10-01 04:30:00,0.0
2018-10-01 04:45:00,0.0
2018-10-01 05:00:00,0.0
2018-10-01 05:15:00,0.0
2018-10-01 05:30:00,0.0
2018-10-01 05:45:00,0.0
2018-10-01 06:00:00,0.0
2018-10-01 06:15:00,0.0
2018-10-01 06:30:00,0.0
2018-10-01 06:45:00,0.0
2018-10-01 07:00:00,0.0
2018-10-01 07:15:00,0.0
2018-10-01 07:30:00,0.0
2018-10-01 07:45:00,0.0
2018-10-01 08:00:00,0.0
2018-10-01 08:15:00,0.0
2018-10-01 08:30:00,0.0
2018-10-01 08:45:00,0.0
2018-10-01 09:00:00,0.0
2018-10-01 09:15:00,0.0
2018-10-01 09:30:00,0.0
2018-10-01 09:45:00,0.0
2018-10-01 10:00:00,0.0
2018-10-01 10:15:00,0.0
2018-10-01 10:30:00,0.0
2018-10-01 10:45:00,0.0
2018-10-01 11:00:00,0.0
2018-10-01 11:15:00,0.0
2018-10-01 11:30:00,0.0
2018-10-01 11:45:00,0.0
2018-10-01 12:00:00,0.0
2018-10-01 12:15:00,0.0
2018-10-01 12:30:00,0.0
2018-10-01 12:45:00,0.0
2018-10-01 13:00:00,0.0
2018-10-01 13:15:00,0.0
2018-10-01 13:30:00,0.0
2018-10-01 13:45:00,0.0
2018-10-01 14:00:00,0.0
2018-10-01 14:15:00,0.0
2018-10-01 14:30:00,0.0
2018-10-01 14:45:00,0.0
2018-10-01 15:00:00,0.0
2018-10-01 15:15:00,0.0
2018-10-01 15:30:00,0.0
2018-10-01 15:45:00,0.0
2018-10-01 16:00:00,0.0
2018-10-01 16:15:00,0.0
2018-10-01 16:30:00,0.0
2018-10-01 16:45:00,0.0
2018-10-01 17:00:00,0.0
2018-10-01 17:15:00,0.0
2018-10-01 17:30:00,0.0
2018-10-01 17:45:00,0.0
2018-10-01 18:00:00,0.0
2018-10-01 18:15:00,0.0
2018-10-01 18:30:00,0.0
2018-10-01 18:45:00,0.0
2018-10-01 19:00:00,0.0
2018-10-01 19:15:00,0.0
2018-10-01 19:30:00,0.0
2018-10-01 19:45:00,0.0
2018-10-01 20:00:00,0.0
2018-10-01 20:15:00,0.0
2018-10-01 20:30:00,0.0
2018-10-01 20:45:00,0.0
2018-10-01 21:00:00,0.0
2018-10-01 21:15:00,0.0
2018-10-01 21:30:00,0.0
2018-10-01 21:45:00,0.0
2018-10-01 22:00:00,0.0
2018-10-01 22:15:00,0.0
2018-10-01 22:30:00,0.0
2018-10-01 22:45:00,0.0
2018-10-01 23:00:00,0.0
2018-10-01 23:15:00,0.0
2018-10-01 23:30:00,0.0
2018-10-01 23:45:00,0.0
2018-10-02 00:00:00,0.0
2018-10-02 00:15:00,0.0
2018-10-02 00:30:00,0.0
2018-10-02 00:45:00,0.0
2018-10-02 01:00:00,0.0
2018-10-02 01:15:00,0.0
2018-10-02 01:30:00,0.0
2018-10-02 01:45:00,0.0
2018-10-02 02:00:00,0.0
2018-10-02 02:15:00,0.0
2018-10-02 02:30:00,0.0
2018-10-02 02:45:00,0.0
2018-10-02 03:00:00,0.0
2018-10-02 03:15:00,0.0
2018-10-02 03:30:00,0.0
2018-10-02 03:45:00,0.0
2018-10-02 04:00:00,0.0
2018-10-02 04:15:00,0.0
2018-10-02 04:30:00,0.0
2018-10-02 04:45:00,0.0
2018-10-02 05:00:00,0.0
2018-10-02 05:15:00,0.0
2018-10-02 05:30:00,0.0
2018-10-02 05:45:00,0.0
2018-10-02 06:00:00,0.0
2018-10-02 06:15:00,0.0
2018-10-02 06:30:00,0.0
2018-10-02 06:45:00,0.0
2018-10-02 07:00:00,0.0
2018-10-02 07:15:00,0.0
2018-10-02 07:30:00,0.0
2018-10-02 07:45:00,0.0
2018-10-02 08:00:00,0.0
2018-10-02 08:15:00,0.0
2018-10-02 08:30:00,0.0
2018-10-02 08:45:00,0.0
2018-10-02 09:00:00,0.0
2018-10-02 09:15:00,0.0
2018-10-02 09:30:00,0.0
2018-10-02 09:45:00,0.0
2018-10-02 10:00:00,0.0
2018-10-02 10:15:00,0.0
2018-10-02 10:30:00,0.0
2018-10-02 10:45:00,0.0
2018-10-02 11:00:00,0.0
2018-10-02 11:15:00,0.0
2018-10-02 11:30:00,0.0
2018-10-02 11:45:00,0.0
2018-10-02 12:00:00,0.0
2018-10-02 12:15:00,0.0
2018-10-02 12:30:00,0.0
2018-10-02 12:45:00,0.0
2018-10-02 13:00:00,0.0
2018-10-02 13:15:00,0.0
2018-10-02 13:30:00,0.0
2018-10-02 13:45:00,0.0
2018-10-02 14:00:00,0.0
2018-10-02 14:15:00,0.0
2018-10-02 14:30:00,0.0
2018-10-02 14:45:00,0.0
2018-10-02 15:00:00,0.0
2018-10-02 15:15:00,0.0
2018-10-02 15:30:00,0.0
2018-10-02 15:45:00,0.0
2018-10-02 16:00:00,0.0
2018-10-02 16:15:00,0.0
2018-10-02 16:30:00,0.0
2018-10-02 16:45:00,0.0
2018-10-02 17:00:00,0.0
2018-10-02 17:15:00,0.0
2018-10-02 17:30:00,0.0
2018-10-02 17:45:00,0.0
2018-10-02 18:00:00,0.0
2018-10-02 18:15:00,0.0
2018-10-02 18:30:00,0.0
2018-10-02 18:45:00,0.0
2018-10-02 19:00:00,0.0
2018-10-02 19:15:00,0.0
2018-10-02 19:30:00,0.0
2018-10-02 19:45:00,0.0
2018-10-02 20:00:00,0.0
2018-10-02 20:15:00,0.0
2018-10-02 20:30:00,0.0
2018-10-02 20:45:00,0.0
2018-10-02 21:00:00,0.0
2018-10-02 21:15:00,0.0
2018-10-02 21:30:00,0.0
2018-10-02 21:45:00,0.0
2018-10-02 22:00:00,0.0
2018-10-02 22:15:00,0.0
2018-10-02 22:30:00,0.0
2018-10-02 22:45:00,0.0
2018-10-02 23:00:00,0.0
2018-10-02 23:15:00,0.0
2018-10-02 23:30:00,0.0
2018-10-02 23:45:00,0.0
2018-10-03 00:00:00,0.0
2018-10-03 00:15:00,0.0
2018-10-03 00:30:00,0.0
2018-10-03 00:45:00,0.0
2018-10-03 01:00:00,0.0
2018-10-03 01:15:00,0.0
2018-10-03 01:30:00,0.0
2018-10-03 01:45:00,0.0
2018-10-03 02:00:00,0.0
2018-10-03 02:15:00,0.0
2018-10-03 02:30:00,0.0
2018-10-03 02:45:00,0.0
2018-10-03 03:00:00,0.0
2018-10-03 03:15:00,0.0
2018-10-03 03:30:00,0.0
2018-10-03 03:45:00,0.0
2018-10-03 04:00:00,0.0
2018-10-03 04:15:00,0.0
2018-10-03 04:30:00,0.0
2018-10-03 04:45:00,0.0
2018-10-03 05:01:00,0.0
2018-10-03 05:15:00,0.0
2018-10-03 05:30:00,0.0
2018-10-03 05:45:00,0.0
2018-10-03 06:00:00,0.0
2018-10-03 06:15:00,0.0
2018-10-03 06:30:00,0.0
2018-10-03 06:45:00,0.0
2018-10-03 07:00:00,0.0
2018-10-03 07:15:00,0.0
2018-10-03 07:30:00,0.0
2018-10-03 07:45:00,0.0
2018-10-03 08:00:00,0.0
2018-10-03 08:15:00,0.0
2018-10-03 08:30:00,0.0
2018-10-03 08:45:00,0.0
2018-10-03 09:00:00,0.0
2018-10-03 09:15:00,0.0
2018-10-03 09:30:00,0.0
2018-10-03 09:45:00,0.0
2018-10-03 10:00:00,0.0
2018-10-03 10:15:00,0.0
2018-10-03 10:30:00,0.0
2018-10-03 10:45:00,0.0
2018-10-03 11:00:00,0.0
2018-10-03 11:15:00,0.0
2018-10-03 11:30:00,0.0
2018-10-03 11:45:00,0.0
2018-10-03 12:00:00,0.0
2018-10-03 12:15:00,0.0
2018-10-03 12:30:00,0.0
2018-10-03 12:45:00,0.0
2018-10-03 13:00:00,0.0
2018-10-03 13:15:00,0.0
2018-10-03 13:30:00,0.0
2018-10-03 13:45:00,0.0
2018-10-03 14:00:00,0.0
2018-10-03 14:15:00,0.0
2018-10-03 14:30:00,0.0
2018-10-03 14:45:00,0.0
2018-10-03 15:00:00,0.0
2018-10-03 15:15:00,0.0
2018-10-03 15:30:00,0.0
2018-10-03 15:45:00,0.0
2018-10-03 16:00:00,0.0
2018-10-03 16:15:00,0.0
2018-10-03 16:30:00,0.0
2018-10-03 16:45:00,0.0
2018-10-03 17:00:00,0.0
2018-10-03 17:15:00,0.0
2018-10-03 17:30:00,0.0
2018-10-03 17:45:00,0.0
2018-10-03 18:00:00,0.0
2018-10-03 18:15:00,0.0
2018-10-03 18:30:00,0.0
2018-10-03 18:45:00,0.0
2018-10-03 19:00:00,0.0
2018-10-03 19:15:00,0.0
2018-10-03 19:30:00,0.0
2018-10-03 19:45:00,0.0
2018-10-03 20:00:00,0.0
2018-10-03 20:15:00,0.0
2018-10-03 20:30:00,0.0
2018-10-03 20:45:00,0.0
2018-10-03 21:00:00,0.0
2018-10-03 21:15:00,0.0
2018-10-03 21:30:00,0.0
2018-10-03 21:45:00,0.0
2018-10-03 22:00:00,0.0
2018-10-03 22:15:00,0.0
2018-10-03 22:30:00,0.0
2018-10-03 22:45:00,0.0
2018-10-03 23:00:00,0.0
2018-10-03 23:15:00,0.0
2018-10-03 23:30:00,0.0
2018-10-03 23:45:00,0.0
2018-10-04 00:00:00,0.0
2018-10-04 00:15:00,0.0
2018-10-04 00:30:00,0.0
2018-10-04 00:45:00,0.0
2018-10-04 01:00:00,0.0
2018-10-04 01:15:00,0.0
2018-10-04 01:30:00,0.0
2018-10-04 01:45:00,0.0
2018-10-04 02:00:00,0.0
2018-10-04 02:15:00,0.0
2018-10-04 02:30:00,0.0
2018-10-04 02:45:00,0.0
2018-10-04 03:00:00,0.0
2018-10-04 03:15:00,0.0
2018-10-04 03:30:00,0.0
2018-10-04 03:45:00,0.0
2018-10-04 04:00:00,0.0
2018-10-04 04:15:00,0.0
2018-10-04 04:30:00,0.0
2018-10-04 04:45:00,0.0
2018-10-04 05:00:00,0.0
2018-10-04 05:15:00,0.0
2018-10-04 05:30:00,0.0
2018-10-04 05:45:00,0.0
2018-10-04 06:00:00,0.0
2018-10-04 06:15:00,0.0
2018-10-04 06:30:00,0.0
2018-10-04 06:45:00,0.0
2018-10-04 07:00:00,0.0
2018-10-04 07:15:00,0.0
2018-10-04 07:30:00,0.0
2018-10-04 07:45:00,0.0
2018-10-04 08:00:00,0.0
2018-10-04 08:15:00,0.0
2018-10-04 08:30:00,0.0
2018-10-04 08:45:00,0.0
2018-10-04 09:00:00,0.0
2018-10-04 09:15:00,0.0
2018-10-04 09:30:00,0.0
2018-10-04 09:45:00,0.0
2018-10-04 10:00:00,0.0
2018-10-04 10:15:00,0.0
2018-10-04 10:30:00,0.0
2018-10-04 10:45:00,0.0
2018-10-04 11:00:00,0.0
2018-10-04 11:15:00,0.0
2018-10-04 11:30:00,0.0
2018-10-04 11:45:00,0.0
2018-10-04 12:00:00,0.0
2018-10-04 12:15:00,0.0
2018-10-04 12:30:00,0.0
2018-10-04 12:45:00,0.0
2018-10-04 13:00:00,0.0
2018-10-04 13:15:00,0.0
2018-10-04 13:30:00,0.0
2018-10-04 13:45:00,0.0
2018-10-04 14:00:00,0.0
2018-10-04 14:15:00,0.0
2018-10-04 14:30:00,0.0
2018-10-04 14:45:00,0.0
2018-10-04 15:00:00,0.0
2018-10-04 15:15:00,0.0
2018-10-04 15:30:00,0.0
2018-10-04 15:45:00,0.0
2018-10-04 16:00:00,0.0
2018-10-04 16:15:00,0.0
2018-10-04 16:30:00,0.0
2018-10-04 16:45:00,0.0
2018-10-04 17:00:00,0.0
2018-10-04 17:15:00,0.0
2018-10-04 17:30:00,0.0
2018-10-04 17:45:00,0.0
2018-10-04 18:00:00,0.0
2018-10-04 18:15:00,0.0
2018-10-04 18:30:00,0.0
2018-10-04 18:45:00,0.0
2018-10-04 19:00:00,0.0
2018-10-04 19:15:00,0.0
2018-10-04 19:30:00,0.0
2018-10-04 19:45:00,0.0
2018-10-04 20:00:00,0.0
2018-10-04 20:15:00,0.0
2018-10-04 20:30:00,0.0
2018-10-04 20:45:00,0.0
2018-10-04 21:00:00,0.0
2018-10-04 21:15:00,0.0
2018-10-04 21:30:00,0.0
2018-10-04 21:45:00,0.0
2018-10-04 22:00:00,0.0
2018-10-04 22:15:00,0.0
2018-10-04 22:30:00,0.0
2018-10-04 22:45:00,0.0
2018-10-04 23:00:00,0.0
2018-10-04 23:15:00,0.0
2018-10-04 23:30:00,0.0
2018-10-04 23:45:00,0.0
2018-10-05 00:00:00,0.0
2018-10-05 00:15:00,0.0
2018-10-05 00:30:00,0.0
2018-10-05 00:45:00,0.0
2018-10-05 01:00:00,0.0
2018-10-05 01:15:00,0.0
2018-10-05 01:30:00,0.0
2018-10-05 01:45:00,0.0
2018-10-05 02:00:00,0.0
2018-10-05 02:15:00,0.0
2018-10-05 02:30:00,0.0
2018-10-05 02:45:00,0.0
2018-10-05 03:00:00,0.0
2018-10-05 03:15:00,0.0
2018-10-05 03:30:00,0.0
2018-10-05 03:45:00,0.0
2018-10-05 04:00:00,0.0
2018-10-05 04:15:00,0.0
2018-10-05 04:30:00,0.0
2018-10-05 04:45:00,0.0
2018-10-05 05:00:00,0.0
2018-10-05 05:15:00,0.0
2018-10-05 05:30:00,0.0
2018-10-05 05:45:00,0.0
2018-10-05 06:00:00,0.0
2018-10-05 06:15:00,0.0
2018-10-05 06:30:00,0.0
2018-10-05 06:45:00,0.0
2018-10-05 07:00:00,0.0
2018-10-05 07:15:00,0.0
2018-10-05 07:30:00,0.0
2018-10-05 07:45:00,0.0
2018-10-05 08:00:00,0.0
2018-10-05 08:15:00,0.0
2018-10-05 08:30:00,0.0
2018-10-05 08:45:00,0.0
2018-10-05 09:00:00,0.0
2018-10-05 09:15:00,0.0
2018-10-05 09:30:00,0.0
2018-10-05 09:45:00,0.0
2018-10-05 10:00:00,0.0
2018-10-05 10:15:00,0.0
2018-10-05 10:30:00,0.0
2018-10-05 10:45:00,0.0
2018-10-05 11:00:00,0.0
2018-10-05 11:15:00,0.0
2018-10-05 11:30:00,0.0
2018-10-05 11:45:00,0.0
2018-10-05 12:00:00,0.0
2018-10-05 12:15:00,0.0
2018-10-05 12:30:00,0.0
2018-10-05 12:45:00,0.0
2018-10-05 13:00:00,0.0
2018-10-05 13:15:00,0.0
2018-10-05 13:30:00,0.0
2018-10-05 13:45:00,0.0
2018-10-05 14:00:00,0.0
2018-10-05 14:15:00,0.0
2018-10-05 14:30:00,0.0
2018-10-05 14:45:00,0.0
2018-10-05 15:00:00,0.0
2018-10-05 15:15:00,0.0
2018-10-05 15:30:00,0.0
2018-10-05 15:45:00,0.0
2018-10-05 16:00:00,0.0
2018-10-05 16:15:00,0.0
2018-10-05 16:30:00,0.0
2018-10-05 16:45:00,0.0
2018-10-05 17:00:00,0.0
2018-10-05 17:15:00,0.0
2018-10-05 17:30:00,0.0
2018-10-05 17:45:00,0.0
2018-10-05 18:00:00,0.0
2018-10-05 18:15:00,0.0
2018-10-05 18:30:00,0.0
2018-10-05 18:45:00,0.0
2018-10-05 19:00:00,0.0
2018-10-05 19:15:00,0.0
2018-10-05 19:30:00,0.0
2018-10-05 19:45:00,0.0
2018-10-05 20:00:00,0.0
2018-10-05 20:15:00,0.0
2018-10-05 20:30:00,0.0
2018-10-05 20:45:00,0.0
2018-10-05 21:00:00,0.0
2018-10-05 21:15:00,0.0
2018-10-05 21:30:00,0.0
2018-10-05 21:45:00,0.0
2018-10-05 22:00:00,0.0
2018-10-05 22:15:00,0.0
2018-10-05 22:30:00,0.0
2018-10-05 22:45:00,0.0
2018-10-05 23:00:00,0.0
2018-10-05 23:15:00,0.0
2018-10-05 23:30:00,0.0
2018-10-05 23:45:00,0.0
2018-10-06 00:00:00,0.0
2018-10-06 00:15:00,0.0
2018-10-06 00:30:00,0.0
2018-10-06 00:45:00,0.0
2018-10-06 01:00:00,0.0
2018-10-06 01:15:00,0.0
2018-10-06 01:30:00,0.0
2018-10-06 01:45:00,0.0
2018-10-06 02:00:00,0.0
2018-10-06 02:15:00,0.0
2018-10-06 02:30:00,0.0
2018-10-06 02:45:00,0.0
2018-10-06 03:00:00,0.0
2018-10-06 03:15:00,0.0
2018-10-06 03:30:00,0.0
2018-10-06 03:45:00,0.0
2018-10-06 04:00:00,0.0
2018-10-06 04:15:00,0.0
2018-10-06 04:30:00,0.0
2018-10-06 04:45:00,0.0
2018-10-06 05:00:00,0.0
2018-10-06 05:15:00,0.0
2018-10-06 05:30:00,0.0
2018-10-06 05:45:00,0.0
2018-10-06 06:00:00,0.0
2018-10-06 06:15:00,0.0
2018-10-06 06:30:00,0.0
2018-10-06 06:45:00,0.0
2018-10-06 07:00:00,0.0
2018-10-06 07:15:00,0.0
2018-10-06 07:30:00,0.0
2018-10-06 07:45:00,0.0
2018-10-06 08:00:00,0.0
2018-10-06 08:15:00,0.0
2018-10-06 08:30:00,0.0
2018-10-06 08:45:00,0.0
2018-10-06 09:00:00,0.0
2018-10-06 09:15:00,0.0
2018-10-06 09:30:00,0.0
2018-10-06 09:45:00,0.0
2018-10-06 10:00:00,0.0
2018-10-06 10:15:00,0.0
2018-10-06 10:30:00,0.0
2018-10-06 10:45:00,0.0
2018-10-06 11:00:00,0.0
2018-10-06 11:15:00,0.0
2018-10-06 11:30:00,0.0
2018-10-06 11:45:00,0.0
2018-10-06 12:00:00,0.0
2018-10-06 12:15:00,0.0
2018-10-06 12:30:00,0.0
2018-10-06 12:45:00,0.0
2018-10-06 13:00:00,0.0
2018-10-06 13:15:00,0.0
2018-10-06 13:30:00,0.0
2018-10-06 13:45:00,0.0
2018-10-06 14:00:00,0.0
2018-10-06 14:15:00,0.0
2018-10-06 14:30:00,0.0
2018-10-06 14:45:00,0.0
2018-10-06 15:00:00,0.0
2018-10-06 15:15:00,0.0
2018-10-06 15:30:00,0.0
2018-10-06 15:45:00,0.0
2018-10-06 16:00:00,0.0
2018-10-06 16:15:00,0.0
2018-10-06 16:30:00,0.0
2018-10-06 16:45:00,0.0
2018-10-06 17:00:00,0.0
2018-10-06 17:15:00,0.0
2018-10-06 17:30:00,0.0
2018-10-06 17:45:00,0.0
2018-10-06 18:00:00,0.0
2018-10-06 18:15:00,0.0
2018-10-06 18:30:00,0.0
2018-10-06 18:45:00,0.0
2018-10-06 19:00:00,0.0
2018-10-06 19:15:00,0.0
2018-10-06 19:30:00,0.0
2018-10-06 19:45:00,0.0
2018-10-06 20:00:00,0.0
2018-10-06 20:15:00,0.0
2018-10-06 20:30:00,0.0
2018-10-06 20:45:00,0.0
2018-10-06 21:00:00,0.0
2018-10-06 21:15:00,0.0
2018-10-06 21:30:00,0.0
2018-10-06 21:45:00,0.0
2018-10-06 22:00:00,0.0
2018-10-06 22:15:00,0.0
2018-10-06 22:30:00,0.0
2018-10-06 22:45:00,0.0
2018-10-06 23:00:00,0.0
2018-10-06 23:15:00,0.0
2018-10-06 23:30:00,0.0
2018-10-06 23:45:00,0.0
2018-10-07 00:00:00,0.0
2018-10-07 00:15:00,0.0
2018-10-07 00:30:00,0.0
2018-10-07 00:45:00,0.0
2018-10-07 01:00:00,0.0
2018-10-07 01:15:00,0.0
2018-10-07 01:30:00,0.0
2018-10-07 01:45:00,0.0
2018-10-07 02:00:00,0.0
2018-10-07 02:15:00,0.0
2018-10-07 02:30:00,0.0
2018-10-07 02:45:00,0.0
2018-10-07 03:00:00,0.0
2018-10-07 03:15:00,0.0
2018-10-07 03:30:00,0.0
2018-10-07 03:45:00,0.0
2018-10-07 04:00:00,0.0
2018-10-07 04:15:00,0.0
2018-10-07 04:30:00,0.0
2018-10-07 04:45:00,0.0
2018-10-07 05:00:00,0.0
2018-10-07 05:15:00,0.0
2018-10-07 05:30:00,0.0
2018-10-07 05:45:00,0.0
2018-10-07 06:00:00,0.0
2018-10-07 06:15:00,0.0
2018-10-07 06:30:00,0.0
2018-10-07 06:45:00,0.0
2018-10-07 07:00:00,0.0
2018-10-07 07:15:00,0.0
2018-10-07 07:30:00,0.0
2018-10-07 07:45:00,0.0
2018-10-07 08:00:00,0.0
2018-10-07 08:15:00,0.0
2018-10-07 08:30:00,0.0
2018-10-07 08:45:00,0.0
2018-10-07 09:00:00,0.0
2018-10-07 09:15:00,0.0
2018-10-07 09:30:00,0.0
2018-10-07 09:45:00,0.0
2018-10-07 10:00:00,0.0
2018-10-07 10:15:00,0.0
2018-10-07 10:30:00,0.0
2018-10-07 10:45:00,0.0
2018-10-07 11:00:00,0.0
2018-10-07 11:15:00,0.0
2018-10-07 11:30:00,0.0
2018-10-07 11:45:00,0.0
2018-10-07 12:00:00,0.0
2018-10-07 12:15:00,0.0
2018-10-07 12:30:00,0.0
2018-10-07 12:45:00,0.0
2018-10-07 13:00:00,0.0
2018-10-07 13:15:00,0.0
2018-10-07 13:30:00,0.0
2018-10-07 13:45:00,0.0
2018-10-07 14:00:00,0.0
2018-10-07 14:15:00,0.0
2018-10-07 14:30:00,0.0
2018-10-07 14:45:00,0.0
2018-10-07 15:00:00,0.0
2018-10-07 15:15:00,0.0
2018-10-07 15:30:00,0.0
2018-10-07 15:45:00,0.0
2018-10-07 16:00:00,0.0
2018-10-07 16:15:00,0.0
2018-10-07 16:30:00,0.0
2018-10-07 16:45:00,0.0
2018-10-07 17:00:00,0.0
2018-10-07 17:15:00,0.0
2018-10-07 17:30:00,0.0
2018-10-07 17:45:00,0.0
2018-10-07 18:00:00,0.0
2018-10-07 18:15:00,0.0
2018-10-07 18:30:00,0.0
2018-10-07 18:45:00,0.0
2018-10-07 19:00:00,0.0
2018-10-07 19:15:00,0.0
2018-10-07 19:30:00,0.0
2018-10-07 19:45:00,0.0
2018-10-07 20:00:00,0.0
2018-10-07 20:15:00,0.0
2018-10-07 20:30:00,0.0
2018-10-07 20:45:00,0.0
2018-10-07 21:00:00,0.0
2018-10-07 21:15:00,0.0
2018-10-07 21:30:00,0.0
2018-10-07 21:45:00,0.0
2018-10-07 22:00:00,0.0
2018-10-07 22:15:00,0.0
2018-10-07 22:30:00,0.0
2018-10-07 22:45:00,0.0
2018-10-07 23:00:00,0.0
2018-10-07 23:15:00,0.0
2018-10-07 23:30:00,0.0
2018-10-07 23:45:00,0.0
2018-10-08 00:00:00,0.0
2018-10-08 00:15:00,0.0
2018-10-08 00:30:00,0.0
2018-10-08 00:45:00,0.0
2018-10-08 01:00:00,0.0
2018-10-08 01:15:00,0.0
2018-10-08 01:30:00,0.0
2018-10-08 01:45:00,0.0
2018-10-08 02:00:00,0.0
2018-10-08 02:15:00,0.0
2018-10-08 02:30:00,0.0
2018-10-08 02:45:00,0.0
2018-10-08 03:00:00,0.0
2018-10-08 03:15:00,0.0
2018-10-08 03:30:00,0.0
2018-10-08 03:45:00,0.0
2018-10-08 04:00:00,0.0
2018-10-08 04:15:00,0.0
2018-10-08 04:30:00,0.0
2018-10-08 04:45:00,0.0
2018-10-08 05:00:00,0.0
2018-10-08 05:15:00,0.0
2018-10-08 05:30:00,0.0
2018-10-08 05:45:00,0.0
2018-10-08 06:00:00,0.0
2018-10-08 06:15:00,0.0
2018-10-08 06:30:00,0.0
2018-10-08 06:45:00,0.0
2018-10-08 07:00:00,0.0
2018-10-08 07:15:00,0.0
2018-10-08 07:30:00,0.0
2018-10-08 07:45:00,0.0
2018-10-08 08:00:00,0.0
2018-10-08 08:15:00,0.0
2018-10-08 08:30:00,0.0
2018-10-08 08:45:00,0.0
2018-10-08 09:00:00,0.0
2018-10-08 09:15:00,0.0
2018-10-08 09:30:00,0.0
2018-10-08 09:45:00,0.0
2018-10-08 10:00:00,0.0
2018-10-08 10:15:00,0.0
2018-10-08 10:30:00,0.0
2018-10-08 10:45:00,0.0
2018-10-08 11:00:00,0.0
2018-10-08 11:15:00,0.0
2018-10-08 11:30:00,0.0
2018-10-08 11:45:00,0.0
2018-10-08 12:00:00,0.0
2018-10-08 12:15:00,0.0
2018-10-08 12:30:00,0.0
2018-10-08 12:45:00,0.0
2018-10-08 13:00:00,0.0
2018-10-08 13:15:00,0.0
2018-10-08 13:30:00,0.0
2018-10-08 13:45:00,0.0
2018-10-08 14:00:00,0.0
2018-10-08 14:15:00,0.0
2018-10-08 14:30:00,0.0
2018-10-08 14:45:00,0.0
2018-10-08 15:00:00,0.0
2018-10-08 15:15:00,0.0
2018-10-08 15:30:00,0.0
2018-10-08 15:45:00,0.0
2018-10-08 16:00:00,0.0
2018-10-08 16:15:00,0.0
2018-10-08 16:30:00,0.0
2018-10-08 16:45:00,0.0
2018-10-08 17:00:00,0.0
2018-10-08 17:15:00,0.0
2018-10-08 17:30:00,0.0
2018-10-08 17:45:00,0.0
2018-10-08 18:00:00,0.0
2018-10-08 18:15:00,0.0
2018-10-08 18:30:00,0.0
2018-10-08 18:45:00,0.0
2018-10-08 19:00:00,0.0
2018-10-08 19:15:00,0.0
2018-10-08 19:30:00,0.0
2018-10-08 19:45:00,0.0
2018-10-08 20:00:00,0.0
2018-10-08 20:15:00,0.0
2018-10-08 20:30:00,0.0
2018-10-08 20:45:00,0.0
2018-10-08 21:00:00,0.0
2018-10-08 21:15:00,0.0
2018-10-08 21:30:00,0.0
2018-10-08 21:45:00,0.0
2018-10-08 22:00:00,0.0
2018-10-08 22:15:00,0.0
2018-10-08 22:30:00,0.0
2018-10-08 22:45:00,0.0
2018-10-08 23:00:00,0.0
2018-10-08 23:15:00,0.0
2018-10-08 23:30:00,0.0
2018-10-08 23:45:00,0.0
2018-10-09 00:00:00,0.0
2018-10-09 00:15:00,0.0
2018-10-09 00:30:00,0.0
2018-10-09 00:45:00,0.0
2018-10-09 01:00:00,0.0
2018-10-09 01:15:00,0.0
2018-10-09 01:30:00,0.0
2018-10-09 01:45:00,0.0
2018-10-09 02:00:00,0.0
2018-10-09 02:15:00,0.0
2018-10-09 02:30:00,0.0
2018-10-09 02:45:00,0.0
2018-10-09 03:00:00,0.0
2018-10-09 03:15:00,0.0
2018-10-09 03:30:00,0.0
2018-10-09 03:45:00,0.0
2018-10-09 04:00:00,0.0
2018-10-09 04:15:00,0.0
2018-10-09 04:30:00,0.0
2018-10-09 04:45:00,0.0
2018-10-09 05:00:00,0.0
2018-10-09 05:15:00,0.0
2018-10-09 05:30:00,0.0
2018-10-09 05:45:00,0.0
2018-10-09 06:00:00,0.0
2018-10-09 06:15:00,0.0
2018-10-09 06:30:00,0.0
2018-10-09 06:45:00,0.0
2018-10-09 07:00:00,0.0
2018-10-09 07:15:00,0.0
2018-10-09 07:30:00,0.0
2018-10-09 07:45:00,0.0
2018-10-09 08:00:00,0.0
2018-10-09 08:15:00,0.0
2018-10-09 08:30:00,0.0
2018-10-09 08:45:00,0.0
2018-10-09 09:00:00,0.0
2018-10-09 09:15:00,0.0
2018-10-09 09:30:00,0.0
2018-10-09 09:45:00,0.0
2018-10-09 10:00:00,0.0
2018-10-09 10:15:00,0.0
2018-10-09 10:30:00,0.0
2018-10-09 10:45:00,0.0
2018-10-09 11:00:00,0.0
2018-10-09 11:15:00,0.0
2018-10-09 11:30:00,0.0
2018-10-09 11:45:00,0.0
2018-10-09 12:00:00,0.0
2018-10-09 12:15:00,0.0
2018-10-09 12:30:00,0.0
2018-10-09 12:45:00,0.0
2018-10-09 13:00:00,0.0
2018-10-09 13:15:00,0.0
2018-10-09 13:30:00,0.0
2018-10-09 13:45:00,0.0
2018-10-09 14:00:00,0.0
2018-10-09 14:15:00,0.0
2018-10-09 14:30:00,0.0
2018-10-09 14:45:00,0.0
2018-10-09 15:00:00,0.0
2018-10-09 15:15:00,0.0
2018-10-09 15:30:00,0.0
2018-10-09 15:45:00,0.0
2018-10-09 16:00:00,0.0
2018-10-09 16:15:00,0.0
2018-10-09 16:30:00,0.0
2018-10-09 16:45:00,0.0
2018-10-09 17:00:00,0.0
2018-10-09 17:15:00,0.0
2018-10-09 17:30:00,0.0
2018-10-09 17:45:00,0.0
2018-10-09 18:00:00,0.0
2018-10-09 18:15:00,0.0
2018-10-09 18:30:00,0.0
2018-10-09 18:45:00,0.0
2018-10-09 19:00:00,0.0
2018-10-09 19:15:00,0.0
2018-10-09 19:30:00,0.0
2018-10-09 19:45:00,0.0
2018-10-09 20:00:00,0.0
2018-10-09 20:15:00,0.0
2018-10-09 20:30:00,0.0
2018-10-09 20:45:00,0.0
2018-10-09 21:00:00,0.0
2018-10-09 21:15:00,0.0
2018-10-09 21:30:00,0.0
2018-10-09 21:45:00,0.0
2018-10-09 22:00:00,0.0
2018-10-09 22:15:00,0.0
2018-10-09 22:30:00,0.0
2018-10-09 22:45:00,0.0
2018-10-09 23:00:00,0.0
2018-10-09 23:15:00,0.0
2018-10-09 23:30:00,0.0
2018-10-09 23:45:00,0.0
2018-10-10 00:00:00,0.0
2018-10-10 00:15:00,0.0
2018-10-10 00:30:00,0.0
2018-10-10 00:45:00,0.0
2018-10-10 01:00:00,0.0
2018-10-10 01:15:00,0.0
2018-10-10 01:30:00,0.0
2018-10-10 01:45:00,0.0
2018-10-10 02:00:00,0.0
2018-10-10 02:15:00,0.0
2018-10-10 02:30:00,0.0
2018-10-10 02:45:00,0.0
2018-10-10 03:00:00,0.0
2018-10-10 03:15:00,0.0
2018-10-10 03:30:00,0.0
2018-10-10 03:45:00,0.0
2018-10-10 04:00:00,0.0
2018-10-10 04:15:00,0.0
2018-10-10 04:30:00,0.0
2018-10-10 04:45:00,0.0
2018-10-10 05:00:00,0.0
2018-10-10 05:15:00,0.0
2018-10-10 05:30:00,0.0
2018-10-10 05:45:00,0.0
2018-10-10 06:00:00,0.0
2018-10-10 06:15:00,0.0
2018-10-10 06:30:00,0.0
2018-10-10 06:45:00,0.0
2018-10-10 07:00:00,0.0
2018-10-10 07:15:00,0.0
2018-10-10 07:30:00,0.0
2018-10-10 07:45:00,0.0
2018-10-10 08:00:00,0.0
2018-10-10 08:15:00,0.0
2018-10-10 08:30:00,0.0
2018-10-10 08:45:00,0.0
2018-10-10 09:00:00,0.0
2018-10-10 09:15:00,0.0
2018-10-10 09:30:00,0.0
2018-10-10 09:45:00,0.0
2018-10-10 10:00:00,0.0
2018-10-10 10:15:00,0.0
2018-10-10 10:30:00,0.0
2018-10-10 10:45:00,0.0
2018-10-10 11:00:00,0.0
2018-10-10 11:15:00,0.0
2018-10-10 11:30:00,0.0
2018-10-10 11:45:00,0.0
2018-10-10 12:00:00,0.0
2018-10-10 12:15:00,0.0
2018-10-10 12:30:00,0.0
2018-10-10 12:45:00,0.0
2018-10-10 13:00:00,0.0
2018-10-10 13:15:00,0.0
2018-10-10 13:30:00,0.0
2018-10-10 13:45:00,0.0
2018-10-10 14:00:00,0.0
2018-10-10 14:15:00,0.0
2018-10-10 14:30:00,0.0
2018-10-10 14:45:00,0.0
2018-10-10 15:00:00,0.0
2018-10-10 15:15:00,0.0
2018-10-10 15:30:00,0.0
2018-10-10 15:45:00,0.0
2018-10-10 16:00:00,0.0
2018-10-10 16:15:00,0.0
2018-10-10 16:30:00,0.0
2018-10-10 16:45:00,0.0
2018-10-10 17:00:00,0.0
2018-10-10 17:15:00,0.0
2018-10-10 17:30:00,0.0
2018-10-10 17:45:00,0.0
2018-10-10 18:00:00,0.0
2018-10-10 18:15:00,0.0
2018-10-10 18:30:00,0.0
2018-10-10 18:45:00,0.0
2018-10-10 19:00:00,0.0
2018-10-10 19:15:00,0.0
2018-10-10 19:30:00,0.0
2018-10-10 19:45:00,0.0
2018-10-10 20:00:00,0.0
2018-10-10 20:15:00,0.0
2018-10-10 20:30:00,0.0
2018-10-10 20:45:00,0.0
2018-10-10 21:00:00,0.0
2018-10-10 21:15:00,0.0
2018-10-10 21:30:00,0.0
2018-10-10 21:45:00,0.0
2018-10-10 22:00:00,0.0
2018-10-10 22:15:00,0.0
2018-10-10 22:30:00,0.0
2018-10-10 22:45:00,0.0
2018-10-10 23:00:00,0.0
2018-10-10 23:15:00,0.0
2018-10-10 23:30:00,0.0
2018-10-10 23:45:00,0.0
2018-10-11 00:00:00,0.0
2018-10-11 00:15:00,0.0
2018-10-11 00:30:00,0.0
2018-10-11 00:45:00,0.0
2018-10-11 01:00:00,0.0
2018-10-11 01:15:00,0.0
2018-10-11 01:30:00,0.0
2018-10-11 01:45:00,0.0
2018-10-11 02:00:00,0.0
2018-10-11 02:15:00,0.0
2018-10-11 02:30:00,0.0
2018-10-11 02:45:00,0.0
2018-10-11 03:00:00,0.0
2018-10-11 03:15:00,0.0
2018-10-11 03:30:00,0.0
2018-10-11 03:45:00,0.0
2018-10-11 04:00:00,0.0
2018-10-11 04:15:00,0.0
2018-10-11 04:30:00,0.0
2018-10-11 04:45:00,0.0
2018-10-11 05:00:00,0.0
2018-10-11 05:15:00,0.0
2018-10-11 05:30:00,0.0
2018-10-11 05:45:00,0.0
2018-10-11 06:00:00,0.0
2018-10-11 06:15:00,0.0
2018-10-11 06:30:00,0.0
2018-10-11 06:45:00,0.0
2018-10-11 07:00:00,0.0
2018-10-11 07:15:00,0.0
2018-10-11 07:30:00,0.0
2018-10-11 07:45:00,0.0
2018-10-11 08:00:00,0.0
2018-10-11 08:15:00,0.0
2018-10-11 08:30:00,0.0
2018-10-11 08:45:00,0.0
2018-10-11 09:00:00,0.0
2018-10-11 09:15:00,0.0
2018-10-11 09:30:00,0.0
2018-10-11 09:45:00,0.0
2018-10-11 10:00:00,0.0
2018-10-11 10:15:00,0.0
2018-10-11 10:30:00,0.0
2018-10-11 10:45:00,0.0
2018-10-11 11:00:00,0.0
2018-10-11 11:15:00,0.0
2018-10-11 11:30:00,0.0
2018-10-11 11:45:00,0.0
2018-10-11 12:00:00,0.0
2018-10-11 12:15:00,0.0
2018-10-11 12:30:00,0.0
2018-10-11 12:45:00,0.0
2018-10-11 13:00:00,0.0
2018-10-11 13:15:00,0.0
2018-10-11 13:30:00,0.0
2018-10-11 13:45:00,0.0
2018-10-11 14:00:00,0.0
2018-10-11 14:15:00,0.0
2018-10-11 14:30:00,0.0
2018-10-11 14:45:00,0.0
2018-10-11 15:00:00,0.0
2018-10-11 15:15:00,0.0
2018-10-11 15:30:00,0.0
2018-10-11 15:45:00,0.0
2018-10-11 16:00:00,0.0
2018-10-11 16:15:00,0.0
2018-10-11 16:30:00,0.0
2018-10-11 16:45:00,0.0
2018-10-11 17:00:00,0.0
2018-10-11 17:15:00,0.0
2018-10-11 17:30:00,0.0
2018-10-11 17:45:00,0.0
2018-10-11 18:00:00,0.0
2018-10-11 18:15:00,0.0
2018-10-11 18:30:00,0.0
2018-10-11 18:45:00,0.0
2018-10-11 19:00:00,0.0
2018-10-11 19:15:00,0.0
2018-10-11 19:30:00,0.0
2018-10-11 19:45:00,0.0
2018-10-11 20:00:00,0.0
2018-10-11 20:15:00,0.0
2018-10-11 20:30:00,0.0
2018-10-11 20:45:00,0.0
2018-10-11 21:00:00,0.0
2018-10-11 21:15:00,0.0
2018-10-11 21:30:00,0.0
2018-10-11 21:45:00,0.0
2018-10-11 22:00:00,0.0
2018-10-11 22:15:00,0.0
2018-10-11 22:30:00,0.0
2018-10-11 22:45:00,0.0
2018-10-11 23:00:00,0.0
2018-10-11 23:15:00,0.0
2018-10-11 23:30:00,0.0
2018-10-11 23:45:00,0.0
2018-10-12 00:00:00,0.0
2018-10-12 00:15:00,0.0
2018-10-12 00:30:00,0.0
2018-10-12 00:45:00,0.0
2018-10-12 01:00:00,0.0
2018-10-12 01:15:00,0.0
2018-10-12 01:30:00,0.0
2018-10-12 01:45:00,0.0
2018-10-12 02:00:00,0.0
2018-10-12 02:15:00,0.0
2018-10-12 02:30:00,0.0
2018-10-12 02:45:00,0.0
2018-10-12 03:00:00,0.0
2018-10-12 03:15:00,0.0
2018-10-12 03:30:00,0.0
2018-10-12 03:45:00,0.0
2018-10-12 04:00:00,0.0
2018-10-12 04:15:00,0.0
2018-10-12 04:30:00,0.0
2018-10-12 04:45:00,0.0
2018-10-12 05:00:00,0.0
2018-10-12 05:15:00,0.0
2018-10-12 05:30:00,0.0
2018-10-12 05:45:00,0.0
2018-10-12 06:00:00,0.0
2018-10-12 06:15:00,0.0
2018-10-12 06:30:00,0.0
2018-10-12 06:45:00,0.0
2018-10-12 07:00:00,0.0
2018-10-12 07:15:00,0.0
2018-10-12 07:30:00,0.0
2018-10-12 07:45:00,0.0
2018-10-12 08:00:00,0.0
2018-10-12 08:15:00,0.0
2018-10-12 08:30:00,0.0
2018-10-12 08:45:00,0.0
2018-10-12 09:00:00,0.0
2018-10-12 09:15:00,0.0
2018-10-12 09:30:00,0.0
2018-10-12 09:45:00,0.0
2018-10-12 10:00:00,0.0
2018-10-12 10:15:00,0.0
2018-10-12 10:30:00,0.0
2018-10-12 10:45:00,0.0
2018-10-12 11:00:00,0.0
2018-10-12 11:15:00,0.0
2018-10-12 11:30:00,0.0
2018-10-12 11:45:00,0.0
2018-10-12 12:00:00,0.0
2018-10-12 12:15:00,0.0
2018-10-12 12:30:00,0.0
2018-10-12 12:45:00,0.0
2018-10-12 13:00:00,0.0
2018-10-12 13:15:00,0.0
2018-10-12 13:30:00,0.0
2018-10-12 13:45:00,0.0
2018-10-12 14:00:00,0.0
2018-10-12 14:15:00,0.0
2018-10-12 14:30:00,0.0
2018-10-12 14:45:00,0.0
2018-10-12 15:00:00,0.0
2018-10-12 15:15:00,0.0
2018-10-12 15:30:00,0.0
2018-10-12 15:45:00,0.0
2018-10-12 16:00:00,0.0
2018-10-12 16:15:00,0.0
2018-10-12 16:30:00,0.0
2018-10-12 16:45:00,0.0
2018-10-12 17:00:00,0.0
2018-10-12 17:15:00,0.0
2018-10-12 17:30:00,0.0
2018-10-12 17:45:00,0.0
2018-10-12 18:00:00,0.0
2018-10-12 18:15:00,0.0
2018-10-12 18:30:00,0.0
2018-10-12 18:45:00,0.0
2018-10-12 19:00:00,0.0
2018-10-12 19:15:00,0.0
2018-10-12 19:30:00,0.0
2018-10-12 19:45:00,0.0
2018-10-12 20:00:00,0.0
2018-10-12 20:15:00,0.0
2018-10-12 20:30:00,0.0
2018-10-12 20:45:00,0.0
2018-10-12 21:00:00,0.0
2018-10-12 21:15:00,0.0
2018-10-12 21:30:00,0.0
2018-10-12 21:45:00,0.0
2018-10-12 22:00:00,0.0
2018-10-12 22:15:00,0.0
2018-10-12 22:30:00,0.0
2018-10-12 22:45:00,0.0
2018-10-12 23:00:00,0.0
2018-10-12 23:15:00,0.0
2018-10-12 23:30:00,0.0
2018-10-12 23:45:00,0.0
2018-10-13 00:00:00,0.0
2018-10-13 00:15:00,0.0
2018-10-13 00:30:00,0.0
2018-10-13 00:45:00,0.0
2018-10-13 01:00:00,0.0
2018-10-13 01:15:00,0.0
2018-10-13 01:30:00,0.0
2018-10-13 01:45:00,0.0
2018-10-13 02:00:00,0.0
2018-10-13 02:15:00,0.0
2018-10-13 02:30:00,0.0
2018-10-13 02:45:00,0.0
2018-10-13 03:00:00,0.0
2018-10-13 03:15:00,0.0
2018-10-13 03:30:00,0.0
2018-10-13 03:45:00,0.0
2018-10-13 04:00:00,0.0
2018-10-13 04:15:00,0.0
2018-10-13 04:30:00,0.0
2018-10-13 04:45:00,0.0
2018-10-13 05:00:00,0.0
2018-10-13 05:15:00,0.0
2018-10-13 05:30:00,0.0
2018-10-13 05:45:00,0.0
2018-10-13 06:00:00,0.0
2018-10-13 06:15:00,0.0
2018-10-13 06:30:00,0.0
2018-10-13 06:45:00,0.0
2018-10-13 07:00:00,0.0
2018-10-13 07:15:00,0.0
2018-10-13 07:30:00,0.0
2018-10-13 07:45:00,0.0
2018-10-13 08:00:00,0.0
2018-10-13 08:15:00,0.0
2018-10-13 08:30:00,0.0
2018-10-13 08:45:00,0.0
2018-10-13 09:00:00,0.0
2018-10-13 09:15:00,0.0
2018-10-13 09:30:00,0.0
2018-10-13 09:45:00,0.0
2018-10-13 10:00:00,0.0
2018-10-13 10:15:00,0.0
2018-10-13 10:30:00,0.0
2018-10-13 10:45:00,0.0
2018-10-13 11:00:00,0.0
2018-10-13 11:15:00,0.0
2018-10-13 11:30:00,0.0
2018-10-13 11:45:00,0.0
2018-10-13 12:00:00,0.0
2018-10-13 12:15:00,0.0
2018-10-13 12:30:00,0.0
2018-10-13 12:45:00,0.0
2018-10-13 13:00:00,0.0
2018-10-13 13:15:00,0.0
2018-10-13 13:30:00,0.0
2018-10-13 13:45:00,0.0
2018-10-13 14:00:00,0.0
2018-10-13 14:15:00,0.0
2018-10-13 14:30:00,0.0
2018-10-13 14:45:00,0.0
2018-10-13 15:00:00,0.0
2018-10-13 15:15:00,0.0
2018-10-13 15:30:00,0.0
2018-10-13 15:45:00,0.0
2018-10-13 16:00:00,0.0
2018-10-13 16:15:00,0.0
2018-10-13 16:30:00,0.0
2018-10-13 16:45:00,0.0
2018-10-13 17:00:00,0.0
2018-10-13 17:15:00,0.0
2018-10-13 17:30:00,0.0
2018-10-13 17:45:00,0.0
2018-10-13 18:00:00,0.0
2018-10-13 18:15:00,0.0
2018-10-13 18:30:00,0.0
2018-10-13 18:45:00,0.0
2018-10-13 19:00:00,0.0
2018-10-13 19:15:00,0.0
2018-10-13 19:30:00,0.0
2018-10-13 19:45:00,0.0
2018-10-13 20:00:00,0.0
2018-10-13 20:15:00,0.0
2018-10-13 20:30:00,0.0
2018-10-13 20:45:00,0.0
2018-10-13 21:00:00,0.0
2018-10-13 21:15:00,0.0
2018-10-13 21:30:00,0.0
2018-10-13 21:45:00,0.0
2018-10-13 22:00:00,0.0
2018-10-13 22:15:00,0.0
2018-10-13 22:30:00,0.0
2018-10-13 22:45:00,0.0
2018-10-13 23:00:00,0.0
2018-10-13 23:15:00,0.0
2018-10-13 23:30:00,0.0
2018-10-13 23:45:00,0.0
2018-10-14 00:00:00,0.0
2018-10-14 00:15:00,0.0
2018-10-14 00:30:00,0.0
2018-10-14 00:45:00,0.0
2018-10-14 01:00:00,0.0
2018-10-14 01:15:00,0.0
2018-10-14 01:30:00,0.0
2018-10-14 01:45:00,0.0
2018-10-14 02:00:00,0.0
2018-10-14 02:15:00,0.0
2018-10-14 02:30:00,0.0
2018-10-14 02:45:00,0.0
2018-10-14 03:00:00,0.0
2018-10-14 03:15:00,0.0
2018-10-14 03:30:00,0.0
2018-10-14 03:45:00,0.0
2018-10-14 04:00:00,0.0
2018-10-14 04:15:00,0.0
2018-10-14 04:30:00,0.0
2018-10-14 04:45:00,0.0
2018-10-14 05:00:00,0.0
2018-10-14 05:15:00,0.0
2018-10-14 05:30:00,0.0
2018-10-14 05:45:00,0.0
2018-10-14 06:00:00,0.0
2018-10-14 06:15:00,0.0
2018-10-14 06:30:00,0.0
2018-10-14 06:45:00,0.0
2018-10-14 07:00:00,0.0
2018-10-14 07:15:00,0.0
2018-10-14 07:30:00,0.0
2018-10-14 07:45:00,0.0
2018-10-14 08:00:00,0.0
2018-10-14 08:15:00,0.0
2018-10-14 08:30:00,0.0
2018-10-14 08:45:00,0.0
2018-10-14 09:00:00,0.0
2018-10-14 09:15:00,0.0
2018-10-14 09:30:00,0.0
2018-10-14 09:45:00,0.0
2018-10-14 10:00:00,0.0
2018-10-14 10:15:00,0.0
2018-10-14 10:30:00,0.0
2018-10-14 10:45:00,0.0
2018-10-14 11:00:00,0.0
2018-10-14 11:15:00,0.0
2018-10-14 11:30:00,0.0
2018-10-14 11:45:00,0.0
2018-10-14 12:00:00,0.0
2018-10-14 12:15:00,0.0
2018-10-14 12:30:00,0.0
2018-10-14 12:45:00,0.0
2018-10-14 13:00:00,0.0
2018-10-14 13:15:00,0.0
2018-10-14 13:30:00,0.0
2018-10-14 13:45:00,0.0
2018-10-14 14:00:00,0.0
2018-10-14 14:15:00,0.0
2018-10-14 14:30:00,0.0
2018-10-14 14:45:00,0.0
2018-10-14 15:00:00,0.0
2018-10-14 15:15:00,0.0
2018-10-14 15:30:00,0.0
2018-10-14 15:45:00,0.0
2018-10-14 16:00:00,0.0
2018-10-14 16:15:00,0.0
2018-10-14 16:30:00,0.0
2018-10-14 16:45:00,0.0
2018-10-14 17:00:00,0.0
2018-10-14 17:15:00,0.0
2018-10-14 17:30:00,0.0
2018-10-14 17:45:00,0.0
2018-10-14 18:00:00,0.0
2018-10-14 18:15:00,0.0
2018-10-14 18:30:00,0.0
2018-10-14 18:45:00,0.0
2018-10-14 19:00:00,0.0
2018-10-14 19:15:00,0.0
2018-10-14 19:30:00,0.0
2018-10-14 19:45:00,0.0
2018-10-14 20:00:00,0.0
2018-10-14 20:15:00,0.0
2018-10-14 20:30:00,0.0
2018-10-14 20:45:00,0.0
2018-10-14 21:00:00,0.0
2018-10-14 21:15:00,0.0
2018-10-14 21:30:00,0.0
2018-10-14 21:45:00,0.0
2018-10-14 22:00:00,0.0
2018-10-14 22:15:00,0.0
2018-10-14 22:30:00,0.0
2018-10-14 22:45:00,0.0
2018-10-14 23:00:00,0.0
2018-10-14 23:15:00,0.0
2018-10-14 23:30:00,0.0
2018-10-14 23:45:00,0.0
2018-10-15 00:00:00,0.0
2018-10-15 00:15:00,0.0
2018-10-15 00:30:00,0.0
2018-10-15 00:45:00,0.0
2018-10-15 01:00:00,0.0
2018-10-15 01:15:00,0.0
2018-10-15 01:30:00,0.0
2018-10-15 01:45:00,0.0
2018-10-15 02:00:00,0.0
2018-10-15 02:15:00,0.0
2018-10-15 02:30:00,0.0
2018-10-15 02:45:00,0.0
2018-10-15 03:00:00,0.0
2018-10-15 03:15:00,0.0
2018-10-15 03:30:00,0.0
2018-10-15 03:45:00,0.0
2018-10-15 04:00:00,0.0
2018-10-15 04:15:00,0.0
2018-10-15 04:30:00,0.0
2018-10-15 04:45:00,0.0
2018-10-15 05:00:00,0.0
2018-10-15 05:15:00,0.0
2018-10-15 05:30:00,0.0
2018-10-15 05:45:00,0.0
2018-10-15 06:00:00,0.0
2018-10-15 06:15:00,0.0
2018-10-15 06:30:00,0.0
2018-10-15 06:45:00,0.0
2018-10-15 07:00:00,0.0
2018-10-15 07:15:00,0.0
2018-10-15 07:30:00,0.0
2018-10-15 07:45:00,0.0
2018-10-15 08:00:00,0.0
2018-10-15 08:15:00,0.0
2018-10-15 08:30:00,0.0
2018-10-15 08:45:00,0.0
2018-10-15 09:00:00,0.0
2018-10-15 09:15:00,0.0
2018-10-15 09:30:00,0.0
2018-10-15 09:45:00,0.0
2018-10-15 10:00:00,0.0
2018-10-15 10:15:00,0.0
2018-10-15 10:30:00,0.0
2018-10-15 10:45:00,0.0
2018-10-15 11:00:00,0.0
2018-10-15 11:15:00,0.0
2018-10-15 11:30:00,0.0
2018-10-15 11:45:00,0.0
2018-10-15 12:00:00,0.0
2018-10-15 12:15:00,0.0
2018-10-15 12:30:00,0.0
2018-10-15 12:45:00,0.0
2018-10-15 13:00:00,0.0
2018-10-15 13:15:00,0.0
2018-10-15 13:30:00,0.0
2018-10-15 13:45:00,0.0
2018-10-15 14:00:00,0.0
2018-10-15 14:15:00,0.0
2018-10-15 14:30:00,0.0
2018-10-15 14:45:00,0.0
2018-10-15 15:00:00,0.0
2018-10-15 15:15:00,0.0
2018-10-15 15:30:00,0.0
2018-10-15 15:45:00,0.0
2018-10-15 16:00:00,0.0
2018-10-15 16:15:00,0.0
2018-10-15 16:30:00,0.0
2018-10-15 16:45:00,0.0
2018-10-15 17:00:00,0.0
2018-10-15 17:15:00,0.0
2018-10-15 17:30:00,0.0
2018-10-15 17:45:00,0.0
2018-10-15 18:00:00,0.0
2018-10-15 18:15:00,0.0
2018-10-15 18:30:00,0.0
2018-10-15 18:45:00,0.0
2018-10-15 19:00:00,0.0
2018-10-15 19:15:00,0.0
2018-10-15 19:30:00,0.0
2018-10-15 19:45:00,0.0
2018-10-15 20:00:00,0.0
2018-10-15 20:15:00,0.0
2018-10-15 20:30:00,0.0
2018-10-15 20:45:00,0.0
2018-10-15 21:00:00,0.0
2018-10-15 21:15:00,0.0
2018-10-15 21:30:00,0.0
2018-10-15 21:45:00,0.0
2018-10-15 22:00:00,0.0
2018-10-15 22:15:00,0.0
2018-10-15 22:30:00,0.0
2018-10-15 22:45:00,0.0
2018-10-15 23:00:00,0.0
2018-10-15 23:15:00,0.0
2018-10-15 23:30:00,0.0
2018-10-15 23:45:00,0.0
2018-10-16 00:00:00,0.0
2018-10-16 00:15:00,0.0
2018-10-16 00:30:00,0.0
2018-10-16 00:45:00,0.0
2018-10-16 01:00:00,0.0
2018-10-16 01:15:00,0.0
2018-10-16 01:30:00,0.0
2018-10-16 01:45:00,0.0
2018-10-16 02:00:00,0.0
2018-10-16 02:15:00,0.0
2018-10-16 02:30:00,0.0
2018-10-16 02:45:00,0.0
2018-10-16 03:00:00,0.0
2018-10-16 03:15:00,0.0
2018-10-16 03:30:00,0.0
2018-10-16 03:45:00,0.0
2018-10-16 04:00:00,0.0
2018-10-16 04:15:00,0.0
2018-10-16 04:30:00,0.0
2018-10-16 04:45:00,0.0
2018-10-16 05:00:00,0.0
2018-10-16 05:15:00,0.0
2018-10-16 05:30:00,0.0
2018-10-16 05:45:00,0.0
2018-10-16 06:00:00,0.0
2018-10-16 06:15:00,0.0
2018-10-16 06:30:00,0.0
2018-10-16 06:45:00,0.0
2018-10-16 07:00:00,0.0
2018-10-16 07:15:00,0.0
2018-10-16 07:30:00,0.0
2018-10-16 07:45:00,0.0
2018-10-16 08:00:00,0.0
2018-10-16 08:15:00,0.0
2018-10-16 08:30:00,0.0
2018-10-16 08:45:00,0.0
2018-10-16 09:00:00,0.0
2018-10-16 09:15:00,0.0
2018-10-16 09:30:00,0.0
2018-10-16 09:45:00,0.0
2018-10-16 10:00:00,0.0
2018-10-16 10:15:00,0.0
2018-10-16 10:30:00,0.0
2018-10-16 10:45:00,0.0
2018-10-16 11:00:00,0.0
2018-10-16 11:15:00,0.0
2018-10-16 11:30:00,0.0
2018-10-16 11:45:00,0.0
2018-10-16 12:00:00,0.0
2018-10-16 12:15:00,0.0
2018-10-16 12:30:00,0.0
2018-10-16 12:45:00,0.0
2018-10-16 13:00:00,0.0
2018-10-16 13:15:00,0.0
2018-10-16 13:30:00,0.0
2018-10-16 13:45:00,0.0
2018-10-16 14:00:00,0.0
2018-10-16 14:15:00,0.0
2018-10-16 14:30:00,0.0
2018-10-16 14:45:00,0.0
2018-10-16 15:00:00,0.0
2018-10-16 15:15:00,0.0
2018-10-16 15:30:00,0.0
2018-10-16 15:45:00,0.0
2018-10-16 16:00:00,0.0
2018-10-16 16:15:00,0.0
2018-10-16 16:30:00,0.0
2018-10-16 16:45:00,0.0
2018-10-16 17:00:00,0.0
2018-10-16 17:15:00,0.0
2018-10-16 17:30:00,0.0
2018-10-16 17:45:00,0.0
2018-10-16 18:00:00,0.0
2018-10-16 18:15:00,0.0
2018-10-16 18:30:00,0.0
2018-10-16 18:45:00,0.0
2018-10-16 19:00:00,0.0
2018-10-16 19:15:00,0.0
2018-10-16 19:30:00,0.0
2018-10-16 19:45:00,0.0
2018-10-16 20:00:00,0.0
2018-10-16 20:15:00,0.0
2018-10-16 20:30:00,0.0
2018-10-16 20:45:00,0.0
2018-10-16 21:00:00,0.0
2018-10-16 21:15:00,0.0
2018-10-16 21:30:00,0.0
2018-10-16 21:45:00,0.0
2018-10-16 22:00:00,0.0
2018-10-16 22:15:00,0.0
2018-10-16 22:30:00,0.0
2018-10-16 22:45:00,0.0
2018-10-16 23:00:00,0.0
2018-10-16 23:15:00,0.0
2018-10-16 23:30:00,0.0
2018-10-16 23:45:00,0.0
2018-10-17 00:00:00,0.0
2018-10-17 00:15:00,0.0
2018-10-17 00:30:00,0.0
2018-10-17 00:45:00,0.0
2018-10-17 01:00:00,0.0
2018-10-17 01:15:00,0.0
2018-10-17 01:30:00,0.0
2018-10-17 01:45:00,0.0
2018-10-17 02:00:00,0.0
2018-10-17 02:15:00,0.0
2018-10-17 02:30:00,0.0
2018-10-17 02:45:00,0.0
2018-10-17 03:00:00,0.0
2018-10-17 03:15:00,0.0
2018-10-17 03:30:00,0.0
2018-10-17 03:45:00,0.0
2018-10-17 04:00:00,0.0
2018-10-17 04:15:00,0.0
2018-10-17 04:30:00,0.0
2018-10-17 04:45:00,0.0
2018-10-17 05:00:00,0.0
2018-10-17 05:15:00,0.0
2018-10-17 05:30:00,0.0
2018-10-17 05:45:00,0.0
2018-10-17 06:00:00,0.0
2018-10-17 06:15:00,0.0
2018-10-17 06:30:00,0.0
2018-10-17 06:45:00,0.0
2018-10-17 07:00:00,0.0
2018-10-17 07:15:00,0.0
2018-10-17 07:30:00,0.0
2018-10-17 07:45:00,0.0
2018-10-17 08:00:00,0.0
2018-10-17 08:15:00,0.0
2018-10-17 08:30:00,0.0
2018-10-17 08:45:00,0.0
2018-10-17 09:00:00,0.0
2018-10-17 09:15:00,0.0
2018-10-17 09:30:00,0.0
2018-10-17 09:45:00,0.0
2018-10-17 10:00:00,0.0
2018-10-17 10:15:00,0.0
2018-10-17 10:30:00,0.0
2018-10-17 10:45:00,0.0
2018-10-17 11:00:00,0.0
2018-10-17 11:15:00,0.0
2018-10-17 11:30:00,0.0
2018-10-17 11:45:00,0.0
2018-10-17 12:00:00,0.0
2018-10-17 12:15:00,0.0
2018-10-17 12:30:00,0.0
2018-10-17 12:45:00,0.0
2018-10-17 13:00:00,0.0
2018-10-17 13:15:00,0.0
2018-10-17 13:30:00,0.0
2018-10-17 13:45:00,0.0
2018-10-17 14:00:00,0.0
2018-10-17 14:15:00,0.0
2018-10-17 14:30:00,0.0
2018-10-17 14:45:00,0.0
2018-10-17 15:00:00,0.0
2018-10-17 15:15:00,0.0
2018-10-17 15:30:00,0.0
2018-10-17 15:45:00,0.0
2018-10-17 16:00:00,0.0
2018-10-17 16:15:00,0.0
2018-10-17 16:30:00,0.0
2018-10-17 16:45:00,0.0
2018-10-17 17:00:00,0.0
2018-10-17 17:15:00,0.0
2018-10-17 17:30:00,0.0
2018-10-17 17:45:00,0.0
2018-10-17 18:00:00,0.0
2018-10-17 18:15:00,0.0
2018-10-17 18:30:00,0.0
2018-10-17 18:45:00,0.0
2018-10-17 19:00:00,0.0
2018-10-17 19:15:00,0.0
2018-10-17 19:30:00,0.0
2018-10-17 19:45:00,0.0
2018-10-17 20:00:00,0.0
2018-10-17 20:15:00,0.0
2018-10-17 20:30:00,0.0
2018-10-17 20:45:00,0.0
2018-10-17 21:00:00,0.0
2018-10-17 21:15:00,0.0
2018-10-17 21:30:00,0.0
2018-10-17 21:45:00,0.0
2018-10-17 22:00:00,0.0
2018-10-17 22:15:00,0.0
2018-10-17 22:30:00,0.0
2018-10-17 22:45:00,0.0
2018-10-17 23:00:00,0.0
2018-10-17 23:15:00,0.0
2018-10-17 23:30:00,0.0
2018-10-17 23:45:00,0.0
2018-10-18 00:00:00,0.0
2018-10-18 00:15:00,0.0
2018-10-18 00:30:00,0.0
2018-10-18 00:45:00,0.0
2018-10-18 01:00:00,0.0
2018-10-18 01:15:00,0.0
2018-10-18 01:30:00,0.0
2018-10-18 01:45:00,0.0
2018-10-18 02:00:00,0.0
2018-10-18 02:15:00,0.0
2018-10-18 02:30:00,0.0
2018-10-18 02:45:00,0.0
2018-10-18 03:00:00,0.0
2018-10-18 03:15:00,0.0
2018-10-18 03:30:00,0.0
2018-10-18 03:45:00,0.0
2018-10-18 04:00:00,0.0
2018-10-18 04:15:00,0.0
2018-10-18 04:30:00,0.0
2018-10-18 04:45:00,0.0
2018-10-18 05:00:00,0.0
2018-10-18 05:15:00,0.0
2018-10-18 05:30:00,0.0
2018-10-18 05:45:00,0.0
2018-10-18 06:00:00,0.0
2018-10-18 06:15:00,0.0
2018-10-18 06:30:00,0.0
2018-10-18 06:45:00,0.0
2018-10-18 07:00:00,0.0
2018-10-18 07:15:00,0.0
2018-10-18 07:30:00,0.0
2018-10-18 07:45:00,0.0
2018-10-18 08:00:00,0.0
2018-10-18 08:15:00,0.0
2018-10-18 08:30:00,0.0
2018-10-18 08:45:00,0.0
2018-10-18 09:00:00,0.0
2018-10-18 09:15:00,0.0
2018-10-18 09:30:00,0.0
2018-10-18 09:45:00,0.0
2018-10-18 10:00:00,0.0
2018-10-18 10:15:00,0.0
2018-10-18 10:30:00,0.0
2018-10-18 10:45:00,0.0
2018-10-18 11:00:00,0.0
2018-10-18 11:15:00,0.0
2018-10-18 11:30:00,0.0
2018-10-18 11:45:00,0.0
2018-10-18 12:00:00,0.0
2018-10-18 12:15:00,0.0
2018-10-18 12:30:00,0.0
2018-10-18 12:45:00,0.0
2018-10-18 13:00:00,0.0
2018-10-18 13:15:00,0.0
2018-10-18 13:30:00,0.0
2018-10-18 13:45:00,0.0
2018-10-18 14:00:00,0.0
2018-10-18 14:15:00,0.0
2018-10-18 14:30:00,0.0
2018-10-18 14:45:00,0.0
2018-10-18 15:00:00,0.0
2018-10-18 15:15:00,0.0
2018-10-18 15:30:00,0.0
2018-10-18 15:45:00,0.0
2018-10-18 16:00:00,0.0
2018-10-18 16:15:00,0.0
2018-10-18 16:30:00,0.0
2018-10-18 16:45:00,0.0
2018-10-18 17:00:00,0.0
2018-10-18 17:15:00,0.0
2018-10-18 17:30:00,0.0
2018-10-18 17:45:00,0.0
2018-10-18 18:00:00,0.0
2018-10-18 18:15:00,0.0
2018-10-18 18:30:00,0.0
2018-10-18 18:45:00,0.0
2018-10-18 19:00:00,0.0
2018-10-18 19:15:00,0.0
2018-10-18 19:30:00,0.0
2018-10-18 19:45:00,0.0
2018-10-18 20:00:00,0.0
2018-10-18 20:15:00,0.0
2018-10-18 20:30:00,0.0
2018-10-18 20:45:00,0.0
2018-10-18 21:00:00,0.0
2018-10-18 21:15:00,0.0
2018-10-18 21:30:00,0.0
2018-10-18 21:45:00,0.0
2018-10-18 22:00:00,0.0
2018-10-18 22:15:00,0.0
2018-10-18 22:30:00,0.0
2018-10-18 22:45:00,0.0
2018-10-18 23:00:00,0.0
2018-10-18 23:15:00,0.0
2018-10-18 23:30:00,0.0
2018-10-18 23:45:00,0.0
2018-10-19 00:00:00,0.0
2018-10-19 00:15:00,0.0
2018-10-19 00:30:00,0.0
2018-10-19 00:45:00,0.0
2018-10-19 01:00:00,0.0
2018-10-19 01:15:00,0.0
2018-10-19 01:30:00,0.0
2018-10-19 01:45:00,0.0
2018-10-19 02:00:00,0.0
2018-10-19 02:15:00,0.0
2018-10-19 02:30:00,0.0
2018-10-19 02:45:00,0.0
2018-10-19 03:00:00,0.0
2018-10-19 03:15:00,0.0
2018-10-19 03:30:00,0.0
2018-10-19 03:45:00,0.0
2018-10-19 04:00:00,0.0
2018-10-19 04:15:00,0.0
2018-10-19 04:30:00,0.0
2018-10-19 04:45:00,0.0
2018-10-19 05:00:00,0.0
2018-10-19 05:15:00,0.0
2018-10-19 05:30:00,0.0
2018-10-19 05:45:00,0.0
2018-10-19 06:00:00,0.0
2018-10-19 06:15:00,0.0
2018-10-19 06:30:00,0.0
2018-10-19 06:45:00,0.0
2018-10-19 07:00:00,0.0
2018-10-19 07:15:00,0.0
2018-10-19 07:30:00,0.0
2018-10-19 07:45:00,0.0
2018-10-19 08:00:00,0.0
2018-10-19 08:15:00,0.0
2018-10-19 08:30:00,0.0
2018-10-19 08:45:00,0.0
2018-10-19 09:00:00,0.0
2018-10-19 09:15:00,0.0
2018-10-19 09:30:00,0.0
2018-10-19 09:45:00,0.0
2018-10-19 10:00:00,0.0
2018-10-19 10:15:00,0.0
2018-10-19 10:30:00,0.0
2018-10-19 10:45:00,0.0
2018-10-19 11:00:00,0.0
2018-10-19 11:15:00,0.0
2018-10-19 11:30:00,0.0
2018-10-19 11:45:00,0.0
2018-10-19 12:00:00,0.0
2018-10-19 12:15:00,0.0
2018-10-19 12:30:00,0.0
2018-10-19 12:45:00,0.0
2018-10-19 13:00:00,0.0
2018-10-19 13:15:00,0.0
2018-10-19 13:30:00,0.0
2018-10-19 13:45:00,0.0
2018-10-19 14:00:00,0.0
2018-10-19 14:15:00,0.0
2018-10-19 14:30:00,0.0
2018-10-19 14:45:00,0.0
2018-10-19 15:00:00,0.0
2018-10-19 15:15:00,0.0
2018-10-19 15:30:00,0.0
2018-10-19 15:45:00,0.0
2018-10-19 16:00:00,0.0
2018-10-19 16:15:00,0.0
2018-10-19 16:30:00,0.0
2018-10-19 16:45:00,0.0
2018-10-19 17:00:00,0.0
2018-10-19 17:15:00,0.0
2018-10-19 17:30:00,0.0
2018-10-19 17:45:00,0.0
2018-10-19 18:00:00,0.0
2018-10-19 18:15:00,0.0
2018-10-19 18:30:00,0.0
2018-10-19 18:45:00,0.0
2018-10-19 19:00:00,0.0
2018-10-19 19:15:00,0.0
2018-10-19 19:30:00,0.0
2018-10-19 19:45:00,0.0
2018-10-19 20:00:00,0.0
2018-10-19 20:15:00,0.0
2018-10-19 20:30:00,0.0
2018-10-19 20:45:00,0.0
2018-10-19 21:00:00,0.0
2018-10-19 21:15:00,0.0
2018-10-19 21:30:00,0.0
2018-10-19 21:45:00,0.0
2018-10-19 22:00:00,0.0
2018-10-19 22:15:00,0.0
2018-10-19 22:30:00,0.0
2018-10-19 22:45:00,0.0
2018-10-19 23:00:00,0.0
2018-10-19 23:15:00,0.0
2018-10-19 23:30:00,0.0
2018-10-19 23:45:00,0.0
2018-10-20 00:00:00,0.0
2018-10-20 00:15:00,0.0
2018-10-20 00:30:00,0.0
2018-10-20 00:45:00,0.0
2018-10-20 01:00:00,0.0
2018-10-20 01:15:00,0.0
2018-10-20 01:30:00,0.0
2018-10-20 01:45:00,0.0
2018-10-20 02:00:00,0.0
2018-10-20 02:15:00,0.0
2018-10-20 02:30:00,0.0
2018-10-20 02:45:00,0.0
2018-10-20 03:00:00,0.0
2018-10-20 03:15:00,0.0
2018-10-20 03:30:00,0.0
2018-10-20 03:45:00,0.0
2018-10-20 04:00:00,0.0
2018-10-20 04:15:00,0.0
2018-10-20 04:30:00,0.0
2018-10-20 04:45:00,0.0
2018-10-20 05:00:00,0.0
2018-10-20 05:15:00,0.0
2018-10-20 05:30:00,0.0
2018-10-20 05:45:00,0.0
2018-10-20 06:00:00,0.0
2018-10-20 06:15:00,0.0
2018-10-20 06:30:00,0.0
2018-10-20 06:45:00,0.0
2018-10-20 07:00:00,0.0
2018-10-20 07:15:00,0.0
2018-10-20 07:30:00,0.0
2018-10-20 07:45:00,0.0
2018-10-20 08:00:00,0.0
2018-10-20 08:15:00,0.0
2018-10-20 08:30:00,0.0
2018-10-20 08:45:00,0.0
2018-10-20 09:00:00,0.0
2018-10-20 09:15:00,0.0
2018-10-20 09:30:00,0.0
2018-10-20 09:45:00,0.0
2018-10-20 10:00:00,0.0
2018-10-20 10:15:00,0.0
2018-10-20 10:30:00,0.0
2018-10-20 10:45:00,0.0
2018-10-20 11:00:00,0.0
2018-10-20 11:15:00,0.0
2018-10-20 11:30:00,0.0
2018-10-20 11:45:00,0.0
2018-10-20 12:00:00,0.0
2018-10-20 12:15:00,0.0
2018-10-20 12:30:00,0.0
2018-10-20 12:45:00,0.0
2018-10-20 13:00:00,0.0
2018-10-20 13:15:00,0.0
2018-10-20 13:30:00,0.0
2018-10-20 13:45:00,0.0
2018-10-20 14:00:00,0.0
2018-10-20 14:15:00,0.0
2018-10-20 14:30:00,0.0
2018-10-20 14:45:00,0.0
2018-10-20 15:00:00,0.0
2018-10-20 15:15:00,0.0
2018-10-20 15:30:00,0.0
2018-10-20 15:45:00,0.0
2018-10-20 16:00:00,0.0
2018-10-20 16:15:00,0.0
2018-10-20 16:30:00,0.0
2018-10-20 16:45:00,0.0
2018-10-20 17:00:00,0.0
2018-10-20 17:15:00,0.0
2018-10-20 17:30:00,0.0
2018-10-20 17:45:00,0.0
2018-10-20 18:00:00,0.0
2018-10-20 18:15:00,0.0
2018-10-20 18:30:00,0.0
2018-10-20 18:45:00,0.0
2018-10-20 19:00:00,0.0
2018-10-20 19:15:00,0.0
2018-10-20 19:30:00,0.0
2018-10-20 19:45:00,0.0
2018-10-20 20:00:00,0.0
2018-10-20 20:15:00,0.0
2018-10-20 20:30:00,0.0
2018-10-20 20:45:00,0.0
2018-10-20 21:00:00,0.0
2018-10-20 21:15:00,0.0
2018-10-20 21:30:00,0.0
2018-10-20 21:45:00,0.0
2018-10-20 22:00:00,0.0
2018-10-20 22:15:00,0.0
2018-10-20 22:30:00,0.0
2018-10-20 22:45:00,0.0
2018-10-20 23:00:00,0.0
2018-10-20 23:15:00,0.0
2018-10-20 23:30:00,0.0
2018-10-20 23:45:00,0.0
2018-10-21 00:00:00,0.0
2018-10-21 00:15:00,0.0
2018-10-21 00:30:00,0.0
2018-10-21 00:45:00,0.0
2018-10-21 01:00:00,0.0
2018-10-21 01:15:00,0.0
2018-10-21 01:30:00,0.0
2018-10-21 01:45:00,0.0
2018-10-21 02:00:00,0.0
2018-10-21 02:15:00,0.0
2018-10-21 02:30:00,0.0
2018-10-21 02:45:00,0.0
2018-10-21 03:00:00,0.0
2018-10-21 03:15:00,0.0
2018-10-21 03:30:00,0.0
2018-10-21 03:45:00,0.0
2018-10-21 04:00:00,0.0
2018-10-21 04:15:00,0.0
2018-10-21 04:30:00,0.0
2018-10-21 04:45:00,0.0
2018-10-21 05:00:00,0.0
2018-10-21 05:15:00,0.0
2018-10-21 05:30:00,0.0
2018-10-21 05:45:00,0.0
2018-10-21 06:00:00,0.0
2018-10-21 06:15:00,0.0
2018-10-21 06:30:00,0.0
2018-10-21 06:45:00,0.0
2018-10-21 07:00:00,0.0
2018-10-21 07:15:00,0.0
2018-10-21 07:30:00,0.0
2018-10-21 07:45:00,0.0
2018-10-21 08:00:00,0.0
2018-10-21 08:15:00,0.0
2018-10-21 08:30:00,0.0
2018-10-21 08:45:00,0.0
2018-10-21 09:00:00,0.0
2018-10-21 09:15:00,0.0
2018-10-21 09:30:00,0.0
2018-10-21 09:45:00,0.0
2018-10-21 10:00:00,0.0
2018-10-21 10:15:00,0.0
2018-10-21 10:30:00,0.0
2018-10-21 10:45:00,0.0
2018-10-21 11:00:00,0.0
2018-10-21 11:15:00,0.0
2018-10-21 11:30:00,0.0
2018-10-21 11:45:00,0.0
2018-10-21 12:00:00,0.0
2018-10-21 12:15:00,0.0
2018-10-21 12:30:00,0.0
2018-10-21 12:45:00,0.0
2018-10-21 13:00:00,0.0
2018-10-21 13:15:00,0.0
2018-10-21 13:30:00,0.0
2018-10-21 13:45:00,0.0
2018-10-21 14:00:00,0.0
2018-10-21 14:15:00,0.0
2018-10-21 14:30:00,0.0
2018-10-21 14:45:00,0.0
2018-10-21 15:00:00,0.0
2018-10-21 15:15:00,0.0
2018-10-21 15:30:00,0.0
2018-10-21 15:45:00,0.0
2018-10-21 16:00:00,0.0
2018-10-21 16:15:00,0.0
2018-10-21 16:30:00,0.0
2018-10-21 16:45:00,0.0
2018-10-21 17:00:00,0.0
2018-10-21 17:15:00,0.0
2018-10-21 17:30:00,0.0
2018-10-21 17:45:00,0.0
2018-10-21 18:00:00,0.0
2018-10-21 18:15:00,0.0
2018-10-21 18:30:00,0.0
2018-10-21 18:45:00,0.0
2018-10-21 19:00:00,0.0
2018-10-21 19:15:00,0.0
2018-10-21 19:30:00,0.0
2018-10-21 19:45:00,0.0
2018-10-21 20:00:00,0.0
2018-10-21 20:15:00,0.0
2018-10-21 20:30:00,0.0
2018-10-21 20:45:00,0.0
2018-10-21 21:00:00,0.0
2018-10-21 21:15:00,0.0
2018-10-21 21:30:00,0.0
2018-10-21 21:45:00,0.0
2018-10-21 22:00:00,0.0
2018-10-21 22:15:00,0.0
2018-10-21 22:30:00,0.0
2018-10-21 22:45:00,0.0
2018-10-21 23:00:00,0.0
2018-10-21 23:15:00,0.0
2018-10-21 23:30:00,0.0
2018-10-21 23:45:00,0.0
2018-10-22 00:00:00,0.0
2018-10-22 00:15:00,0.0
2018-10-22 00:30:00,0.0
2018-10-22 00:45:00,0.0
2018-10-22 01:00:00,0.0
2018-10-22 01:15:00,0.0
2018-10-22 01:30:00,0.0
2018-10-22 01:45:00,0.0
2018-10-22 02:00:00,0.0
2018-10-22 02:15:00,0.0
2018-10-22 02:30:00,0.0
2018-10-22 02:45:00,0.0
2018-10-22 03:00:00,0.0
2018-10-22 03:15:00,0.0
2018-10-22 03:30:00,0.0
2018-10-22 03:45:00,0.0
2018-10-22 04:00:00,0.0
2018-10-22 04:15:00,0.0
2018-10-22 04:30:00,0.0
2018-10-22 04:45:00,0.0
2018-10-22 05:00:00,0.0
2018-10-22 05:15:00,0.0
2018-10-22 05:30:00,0.0
2018-10-22 05:45:00,0.0
2018-10-22 06:00:00,0.0
2018-10-22 06:15:00,0.0
2018-10-22 06:30:00,0.0
2018-10-22 06:45:00,0.0
2018-10-22 07:00:00,0.0
2018-10-22 07:15:00,0.0
2018-10-22 07:30:00,0.0
2018-10-22 07:45:00,0.0
2018-10-22 08:00:00,0.0
2018-10-22 08:15:00,0.0
2018-10-22 08:30:00,0.0
2018-10-22 08:45:00,0.0
2018-10-22 09:00:00,0.0
2018-10-22 09:15:00,0.0
2018-10-22 09:30:00,0.0
2018-10-22 09:45:00,0.0
2018-10-22 10:00:00,0.0
2018-10-22 10:15:00,0.0
2018-10-22 10:30:00,0.0
2018-10-22 10:45:00,0.0
2018-10-22 11:00:00,0.0
2018-10-22 11:15:00,0.0
2018-10-22 11:30:00,0.0
2018-10-22 11:45:00,0.0
2018-10-22 12:00:00,0.0
2018-10-22 12:15:00,0.0
2018-10-22 12:30:00,0.0
2018-10-22 12:45:00,0.0
2018-10-22 13:00:00,0.0
2018-10-22 13:15:00,0.0
2018-10-22 13:30:00,0.0
2018-10-22 13:45:00,0.0
2018-10-22 14:00:00,0.0
2018-10-22 14:15:00,0.0
2018-10-22 14:30:00,0.0
2018-10-22 14:45:00,0.0
2018-10-22 15:00:00,0.0
2018-10-22 15:15:00,0.0
2018-10-22 15:30:00,0.0
2018-10-22 15:45:00,0.0
2018-10-22 16:00:00,0.0
2018-10-22 16:15:00,0.0
2018-10-22 16:30:00,0.0
2018-10-22 16:45:00,0.0
2018-10-22 17:00:00,0.0
2018-10-22 17:15:00,0.0
2018-10-22 17:30:00,0.0
2018-10-22 17:45:00,0.0
2018-10-22 18:00:00,0.0
2018-10-22 18:15:00,0.0
2018-10-22 18:30:00,0.0
2018-10-22 18:45:00,0.0
2018-10-22 19:00:00,0.0
2018-10-22 19:15:00,0.0
2018-10-22 19:30:00,0.0
2018-10-22 19:45:00,0.0
2018-10-22 20:00:00,0.0
2018-10-22 20:15:00,0.0
2018-10-22 20:30:00,0.0
2018-10-22 20:45:00,0.0
2018-10-22 21:00:00,0.0
2018-10-22 21:15:00,0.0
2018-10-22 21:30:00,0.0
2018-10-22 21:45:00,0.0
2018-10-22 22:00:00,0.0
2018-10-22 22:15:00,0.0
2018-10-22 22:30:00,0.0
2018-10-22 22:45:00,0.0
2018-10-22 23:00:00,0.0
2018-10-22 23:15:00,0.0
2018-10-22 23:30:00,0.0
2018-10-22 23:45:00,0.0
2018-10-23 00:00:00,0.0
2018-10-23 00:15:00,0.0
2018-10-23 00:30:00,0.0
2018-10-23 00:45:00,0.0
2018-10-23 01:00:00,0.0
2018-10-23 01:15:00,0.0
2018-10-23 01:30:00,0.0
2018-10-23 01:45:00,0.0
2018-10-23 02:00:00,0.0
2018-10-23 02:15:00,0.0
2018-10-23 02:30:00,0.0
2018-10-23 02:45:00,0.0
2018-10-23 03:00:00,0.0
2018-10-23 03:15:00,0.0
2018-10-23 03:30:00,0.0
2018-10-23 03:45:00,0.0
2018-10-23 04:00:00,0.0
2018-10-23 04:15:00,0.0
2018-10-23 04:30:00,0.0
2018-10-23 04:45:00,0.0
2018-10-23 05:00:00,0.0
2018-10-23 05:15:00,0.0
2018-10-23 05:30:00,0.0
2018-10-23 05:45:00,0.0
2018-10-23 06:00:00,0.0
2018-10-23 06:15:00,0.0
2018-10-23 06:30:00,0.0
2018-10-23 06:45:00,0.0
2018-10-23 07:00:00,0.0
2018-10-23 07:15:00,0.0
2018-10-23 07:30:00,0.0
2018-10-23 07:45:00,0.0
2018-10-23 08:00:00,0.0
2018-10-23 08:15:00,0.0
2018-10-23 08:30:00,0.0
2018-10-23 08:45:00,0.0
2018-10-23 09:00:00,0.0
2018-10-23 09:15:00,0.0
2018-10-23 09:30:00,0.0
2018-10-23 09:45:00,0.0
2018-10-23 10:00:00,0.0
2018-10-23 10:15:00,0.0
2018-10-23 10:30:00,0.0
2018-10-23 10:45:00,0.0
2018-10-23 11:00:00,0.0
2018-10-23 11:15:00,0.0
2018-10-23 11:30:00,0.0
2018-10-23 11:45:00,0.0
2018-10-23 12:00:00,0.0
2018-10-23 12:15:00,0.0
2018-10-23 12:30:00,0.0
2018-10-23 12:45:00,0.0
2018-10-23 13:00:00,0.0
2018-10-23 13:15:00,0.0
2018-10-23 13:30:00,0.0
2018-10-23 13:45:00,0.0
2018-10-23 14:00:00,0.0
2018-10-23 14:15:00,0.0
2018-10-23 14:30:00,0.0
2018-10-23 14:45:00,0.0
2018-10-23 15:00:00,0.0
2018-10-23 15:15:00,0.0
2018-10-23 15:30:00,0.0
2018-10-23 15:45:00,0.0
2018-10-23 16:00:00,0.0
2018-10-23 16:15:00,0.0
2018-10-23 16:30:00,0.0
2018-10-23 16:45:00,0.0
2018-10-23 17:00:00,0.0
2018-10-23 17:15:00,0.0
2018-10-23 17:30:00,0.0
2018-10-23 17:45:00,0.0
2018-10-23 18:00:00,0.0
2018-10-23 18:15:00,0.0
2018-10-23 18:30:00,0.0
2018-10-23 18:45:00,0.0
2018-10-23 19:00:00,0.0
2018-10-23 19:15:00,0.0
2018-10-23 19:30:00,0.0
2018-10-23 19:45:00,0.0
2018-10-23 20:00:00,0.0
2018-10-23 20:15:00,0.0
2018-10-23 20:30:00,0.0
2018-10-23 20:45:00,0.0
2018-10-23 21:00:00,0.0
2018-10-23 21:15:00,0.0
2018-10-23 21:30:00,0.0
2018-10-23 21:45:00,0.0
2018-10-23 22:00:00,0.0
2018-10-23 22:15:00,0.0
2018-10-23 22:30:00,0.0
2018-10-23 22:45:00,0.0
2018-10-23 23:00:00,0.0
2018-10-23 23:15:00,0.0
2018-10-23 23:30:00,0.0
2018-10-23 23:45:00,0.0
2018-10-24 00:00:00,0.0
2018-10-24 00:15:00,0.0
2018-10-24 00:30:00,0.0
2018-10-24 00:45:00,0.0
2018-10-24 01:00:00,0.0
2018-10-24 01:15:00,0.0
2018-10-24 01:30:00,0.0
2018-10-24 01:45:00,0.0
2018-10-24 02:00:00,0.0
2018-10-24 02:15:00,0.0
2018-10-24 02:30:00,0.0
2018-10-24 02:45:00,0.0
2018-10-24 03:00:00,0.0
2018-10-24 03:15:00,0.0
2018-10-24 03:30:00,0.0
2018-10-24 03:45:00,0.0
2018-10-24 04:00:00,0.0
2018-10-24 04:15:00,0.0
2018-10-24 04:30:00,0.0
2018-10-24 04:45:00,0.0
2018-10-24 05:00:00,0.0
2018-10-24 05:15:00,0.0
2018-10-24 05:30:00,0.0
2018-10-24 05:45:00,0.0
2018-10-24 06:00:00,0.0
2018-10-24 06:15:00,0.0
2018-10-24 06:30:00,0.0
2018-10-24 06:45:00,0.0
2018-10-24 07:00:00,0.0
2018-10-24 07:15:00,0.0
2018-10-24 07:30:00,0.0
2018-10-24 07:45:00,0.0
2018-10-24 08:00:00,0.0
2018-10-24 08:15:00,0.0
2018-10-24 08:30:00,0.0
2018-10-24 08:45:00,0.0
2018-10-24 09:00:00,0.0
2018-10-24 09:15:00,0.0
2018-10-24 09:30:00,0.0
2018-10-24 09:45:00,0.0
2018-10-24 10:00:00,0.0
2018-10-24 10:15:00,0.0
2018-10-24 10:30:00,0.0
2018-10-24 10:45:00,0.0
2018-10-24 11:00:00,0.0
2018-10-24 11:15:00,0.0
2018-10-24 11:30:00,0.0
2018-10-24 11:45:00,0.0
2018-10-24 12:00:00,0.0
2018-10-24 12:15:00,0.0
2018-10-24 12:30:00,0.0
2018-10-24 12:45:00,0.0
2018-10-24 13:00:00,0.0
2018-10-24 13:15:00,0.0
2018-10-24 13:30:00,0.0
2018-10-24 13:45:00,0.0
2018-10-24 14:00:00,0.0
2018-10-24 14:15:00,0.0
2018-10-24 14:30:00,0.0
2018-10-24 14:45:00,0.0
2018-10-24 15:00:00,0.0
2018-10-24 15:15:00,0.0
2018-10-24 15:30:00,0.0
2018-10-24 15:45:00,0.0
2018-10-24 16:00:00,0.0
2018-10-24 16:15:00,0.0
2018-10-24 16:30:00,0.0
2018-10-24 16:45:00,0.0
2018-10-24 17:00:00,0.0
2018-10-24 17:15:00,0.0
2018-10-24 17:30:00,0.0
2018-10-24 17:45:00,0.0
2018-10-24 18:00:00,0.0
2018-10-24 18:15:00,0.0
2018-10-24 18:30:00,0.0
2018-10-24 18:45:00,0.0
2018-10-24 19:00:00,0.0
2018-10-24 19:15:00,0.0
2018-10-24 19:30:00,0.0
2018-10-24 19:45:00,0.0
2018-10-24 20:00:00,0.0
2018-10-24 20:15:00,0.0
2018-10-24 20:30:00,0.0
2018-10-24 20:45:00,0.0
2018-10-24 21:00:00,0.0
2018-10-24 21:15:00,0.0
2018-10-24 21:30:00,0.0
2018-10-24 21:45:00,0.0
2018-10-24 22:00:00,0.0
2018-10-24 22:15:00,0.0
2018-10-24 22:30:00,0.0
2018-10-24 22:45:00,0.0
2018-10-24 23:00:00,0.0
2018-10-24 23:15:00,0.0
2018-10-24 23:30:00,0.0
2018-10-24 23:45:00,0.0
2018-10-25 00:00:00,0.0
2018-10-25 00:15:00,0.0
2018-10-25 00:30:00,0.0
2018-10-25 00:45:00,0.0
2018-10-25 01:00:00,0.0
2018-10-25 01:15:00,0.0
2018-10-25 01:30:00,0.0
2018-10-25 01:45:00,0.0
2018-10-25 02:00:00,0.0
2018-10-25 02:15:00,0.0
2018-10-25 02:30:00,0.0
2018-10-25 02:45:00,0.0
2018-10-25 03:00:00,0.0
2018-10-25 03:15:00,0.0
2018-10-25 03:30:00,0.0
2018-10-25 03:45:00,0.0
2018-10-25 04:00:00,0.0
2018-10-25 04:15:00,0.0
2018-10-25 04:30:00,0.0
2018-10-25 04:45:00,0.0
2018-10-25 05:00:00,0.0
2018-10-25 05:15:00,0.0
2018-10-25 05:30:00,0.0
2018-10-25 05:45:00,0.0
2018-10-25 06:00:00,0.0
2018-10-25 06:15:00,0.0
2018-10-25 06:30:00,0.0
2018-10-25 06:45:00,0.0
2018-10-25 07:00:00,0.0
2018-10-25 07:15:00,0.0
2018-10-25 07:30:00,0.0
2018-10-25 07:45:00,0.0
2018-10-25 08:00:00,0.0
2018-10-25 08:15:00,0.0
2018-10-25 08:30:00,0.0
2018-10-25 08:45:00,0.0
2018-10-25 09:00:00,0.0
2018-10-25 09:15:00,0.0
2018-10-25 09:30:00,0.0
2018-10-25 09:45:00,0.0
2018-10-25 10:00:00,0.0
2018-10-25 10:15:00,0.0
2018-10-25 10:30:00,0.0
2018-10-25 10:45:00,0.0
2018-10-25 11:00:00,0.0
2018-10-25 11:15:00,0.0
2018-10-25 11:30:00,0.0
2018-10-25 11:45:00,0.0
2018-10-25 12:00:00,0.0
2018-10-25 12:15:00,0.0
2018-10-25 12:30:00,0.0
2018-10-25 12:45:00,0.0
2018-10-25 13:00:00,0.0
2018-10-25 13:15:00,0.0
2018-10-25 13:30:00,0.0
2018-10-25 13:45:00,0.0
2018-10-25 14:00:00,0.0
2018-10-25 14:15:00,0.0
2018-10-25 14:30:00,0.0
2018-10-25 14:45:00,0.0
2018-10-25 15:00:00,0.0
2018-10-25 15:15:00,0.0
2018-10-25 15:30:00,0.0
2018-10-25 15:45:00,0.0
2018-10-25 16:00:00,0.0
2018-10-25 16:15:00,0.0
2018-10-25 16:30:00,0.0
2018-10-25 16:45:00,0.0
2018-10-25 17:00:00,0.0
2018-10-25 17:15:00,0.0
2018-10-25 17:30:00,0.0
2018-10-25 17:45:00,0.0
2018-10-25 18:00:00,0.0
2018-10-25 18:15:00,0.0
2018-10-25 18:30:00,0.0
2018-10-25 18:45:00,0.0
2018-10-25 19:00:00,0.0
2018-10-25 19:15:00,0.0
2018-10-25 19:30:00,0.0
2018-10-25 19:45:00,0.0
2018-10-25 20:00:00,0.0
2018-10-25 20:15:00,0.0
2018-10-25 20:30:00,0.0
2018-10-25 20:45:00,0.0
2018-10-25 21:00:00,0.0
2018-10-25 21:15:00,0.0
2018-10-25 21:30:00,0.0
2018-10-25 21:45:00,0.0
2018-10-25 22:00:00,0.0
2018-10-25 22:15:00,0.0
2018-10-25 22:30:00,0.0
2018-10-25 22:45:00,0.0
2018-10-25 23:00:00,0.0
2018-10-25 23:15:00,0.0
2018-10-25 23:30:00,0.0
2018-10-25 23:45:00,0.0
2018-10-26 00:00:00,0.0
2018-10-26 00:15:00,0.0
2018-10-26 00:30:00,0.0
2018-10-26 00:45:00,0.0
2018-10-26 01:00:00,0.0
2018-10-26 01:15:00,0.0
2018-10-26 01:30:00,0.0
2018-10-26 01:45:00,0.0
2018-10-26 02:00:00,0.0
2018-10-26 02:15:00,0.0
2018-10-26 02:30:00,0.0
2018-10-26 02:45:00,0.0
2018-10-26 03:00:00,0.0
2018-10-26 03:15:00,0.0
2018-10-26 03:30:00,0.0
2018-10-26 03:45:00,0.0
2018-10-26 04:00:00,0.0
2018-10-26 04:15:00,0.0
2018-10-26 04:30:00,0.0
2018-10-26 04:45:00,0.0
2018-10-26 05:00:00,0.0
2018-10-26 05:15:00,0.0
2018-10-26 05:30:00,0.0
2018-10-26 05:45:00,0.0
2018-10-26 06:00:00,0.0
2018-10-26 06:15:00,0.0
2018-10-26 06:30:00,0.0
2018-10-26 06:45:00,0.0
2018-10-26 07:00:00,0.0
2018-10-26 07:15:00,0.0
2018-10-26 07:30:00,0.0
2018-10-26 07:45:00,0.0
2018-10-26 08:00:00,0.0
2018-10-26 08:15:00,0.0
2018-10-26 08:30:00,0.0
2018-10-26 08:45:00,0.0
2018-10-26 09:00:00,0.0
2018-10-26 09:15:00,0.0
2018-10-26 09:30:00,0.0
2018-10-26 09:45:00,0.0
2018-10-26 10:00:00,0.0
2018-10-26 10:15:00,0.0
2018-10-26 10:30:00,0.0
2018-10-26 10:45:00,0.0
2018-10-26 11:00:00,0.0
2018-10-26 11:15:00,0.0
2018-10-26 11:30:00,0.0
2018-10-26 11:45:00,0.0
2018-10-26 12:00:00,0.0
2018-10-26 12:15:00,0.0
2018-10-26 12:30:00,0.0
2018-10-26 12:45:00,0.0
2018-10-26 13:00:00,0.0
2018-10-26 13:15:00,0.0
2018-10-26 13:30:00,0.0
2018-10-26 13:45:00,0.0
2018-10-26 14:00:00,0.0
2018-10-26 14:15:00,0.0
2018-10-26 14:30:00,0.0
2018-10-26 14:45:00,0.0
2018-10-26 15:00:00,0.0
2018-10-26 15:15:00,0.0
2018-10-26 15:30:00,0.0
2018-10-26 15:45:00,0.0
2018-10-26 16:00:00,0.0
2018-10-26 16:15:00,0.0
2018-10-26 16:30:00,0.0
2018-10-26 16:45:00,0.0
2018-10-26 17:00:00,0.0
2018-10-26 17:15:00,0.0
2018-10-26 17:30:00,0.0
2018-10-26 17:45:00,0.0
2018-10-26 18:00:00,0.0
2018-10-26 18:15:00,0.0
2018-10-26 18:30:00,0.0
2018-10-26 18:45:00,0.0
2018-10-26 19:00:00,0.0
2018-10-26 19:15:00,0.0
2018-10-26 19:30:00,0.0
2018-10-26 19:45:00,0.0
2018-10-26 20:00:00,0.0
2018-10-26 20:15:00,0.0
2018-10-26 20:30:00,0.0
2018-10-26 20:45:00,0.0
2018-10-26 21:00:00,0.0
2018-10-26 21:15:00,0.0
2018-10-26 21:30:00,0.0
2018-10-26 21:45:00,0.0
2018-10-26 22:00:00,0.0
2018-10-26 22:15:00,0.0
2018-10-26 22:30:00,0.0
2018-10-26 22:45:00,0.0
2018-10-26 23:00:00,0.0
2018-10-26 23:15:00,0.0
2018-10-26 23:30:00,0.0
2018-10-26 23:45:00,0.0
2018-10-27 00:00:00,0.0
2018-10-27 00:15:00,0.0
2018-10-27 00:30:00,0.0
2018-10-27 00:45:00,0.0
2018-10-27 01:00:00,0.0
2018-10-27 01:15:00,0.0
2018-10-27 01:30:00,0.0
2018-10-27 01:45:00,0.0
2018-10-27 02:00:00,0.0
2018-10-27 02:15:00,0.0
2018-10-27 02:30:00,0.0
2018-10-27 02:45:00,0.0
2018-10-27 03:00:00,0.0
2018-10-27 03:15:00,0.0
2018-10-27 03:30:00,0.0
2018-10-27 03:45:00,0.0
2018-10-27 04:00:00,0.0
2018-10-27 04:15:00,0.0
2018-10-27 04:30:00,0.0
2018-10-27 04:45:00,0.0
2018-10-27 05:00:00,0.0
2018-10-27 05:15:00,0.0
2018-10-27 05:30:00,0.0
2018-10-27 05:45:00,0.0
2018-10-27 06:00:00,0.0
2018-10-27 06:15:00,0.0
2018-10-27 06:30:00,0.0
2018-10-27 06:45:00,0.0
2018-10-27 07:00:00,0.0
2018-10-27 07:15:00,0.0
2018-10-27 07:30:00,0.0
2018-10-27 07:45:00,0.0
2018-10-27 08:00:00,0.0
2018-10-27 08:15:00,0.0
2018-10-27 08:30:00,0.0
2018-10-27 08:45:00,0.0
2018-10-27 09:00:00,0.0
2018-10-27 09:15:00,0.0
2018-10-27 09:30:00,0.0
2018-10-27 09:45:00,0.0
2018-10-27 10:00:00,0.0
2018-10-27 10:15:00,0.0
2018-10-27 10:30:00,0.0
2018-10-27 10:45:00,0.0
2018-10-27 11:00:00,0.0
2018-10-27 11:15:00,0.0
2018-10-27 11:30:00,0.0
2018-10-27 11:45:00,0.0
2018-10-27 12:00:00,0.0
2018-10-27 12:15:00,0.0
2018-10-27 12:30:00,0.0
2018-10-27 12:45:00,0.0
2018-10-27 13:00:00,0.0
2018-10-27 13:15:00,0.0
2018-10-27 13:30:00,0.0
2018-10-27 13:45:00,0.0
2018-10-27 14:00:00,0.0
2018-10-27 14:15:00,0.0
2018-10-27 14:30:00,0.0
2018-10-27 14:45:00,0.0
2018-10-27 15:00:00,0.0
2018-10-27 15:15:00,0.0
2018-10-27 15:30:00,0.0
2018-10-27 15:45:00,0.0
2018-10-27 16:00:00,0.0
2018-10-27 16:15:00,0.0
2018-10-27 16:30:00,0.0
2018-10-27 16:45:00,0.0
2018-10-27 17:00:00,0.0
2018-10-27 17:15:00,0.0
2018-10-27 17:30:00,0.0
2018-10-27 17:45:00,0.0
2018-10-27 18:00:00,0.0
2018-10-27 18:15:00,0.0
2018-10-27 18:30:00,0.0
2018-10-27 18:45:00,0.0
2018-10-27 19:00:00,0.0
2018-10-27 19:15:00,0.0
2018-10-27 19:30:00,0.0
2018-10-27 19:45:00,0.0
2018-10-27 20:00:00,0.0
2018-10-27 20:15:00,0.0
2018-10-27 20:30:00,0.0
2018-10-27 20:45:00,0.0
2018-10-27 21:00:00,0.0
2018-10-27 21:15:00,0.0
2018-10-27 21:30:00,0.0
2018-10-27 21:45:00,0.0
2018-10-27 22:00:00,0.0
2018-10-27 22:15:00,0.0
2018-10-27 22:30:00,0.0
2018-10-27 22:45:00,0.0
2018-10-27 23:00:00,0.0
2018-10-27 23:15:00,0.0
2018-10-27 23:30:00,0.0
2018-10-27 23:45:00,0.0
2018-10-28 00:00:00,0.0
2018-10-28 00:15:00,0.0
2018-10-28 00:30:00,0.0
2018-10-28 00:45:00,0.0
2018-10-28 01:00:00,0.0
2018-10-28 01:15:00,0.0
2018-10-28 01:30:00,0.0
2018-10-28 01:45:00,0.0
2018-10-28 02:00:00,0.0
2018-10-28 02:15:00,0.0
2018-10-28 02:30:00,0.0
2018-10-28 02:45:00,0.0
2018-10-28 03:00:00,0.0
2018-10-28 03:15:00,0.0
2018-10-28 03:30:00,0.0
2018-10-28 03:45:00,0.0
2018-10-28 04:00:00,0.0
2018-10-28 04:15:00,0.0
2018-10-28 04:30:00,0.0
2018-10-28 04:45:00,0.0
2018-10-28 05:00:00,0.0
2018-10-28 05:15:00,0.0
2018-10-28 05:30:00,0.0
2018-10-28 05:45:00,0.0
2018-10-28 06:00:00,0.0
2018-10-28 06:15:00,0.0
2018-10-28 06:30:00,0.0
2018-10-28 06:45:00,0.0
2018-10-28 07:00:00,0.0
2018-10-28 07:15:00,0.0
2018-10-28 07:30:00,0.0
2018-10-28 07:45:00,0.0
2018-10-28 08:00:00,0.0
2018-10-28 08:15:00,0.0
2018-10-28 08:30:00,0.0
2018-10-28 08:45:00,0.0
2018-10-28 09:00:00,0.0
2018-10-28 09:15:00,0.0
2018-10-28 09:30:00,0.0
2018-10-28 09:45:00,0.0
2018-10-28 10:00:00,0.0
2018-10-28 10:15:00,0.0
2018-10-28 10:30:00,0.0
2018-10-28 10:45:00,0.0
2018-10-28 11:00:00,0.0
2018-10-28 11:15:00,0.0
2018-10-28 11:30:00,0.0
2018-10-28 11:45:00,0.0
2018-10-28 12:00:00,0.0
2018-10-28 12:15:00,0.0
2018-10-28 12:30:00,0.0
2018-10-28 12:45:00,0.0
2018-10-28 13:00:00,0.0
2018-10-28 13:15:00,0.0
2018-10-28 13:30:00,0.0
2018-10-28 13:45:00,0.0
2018-10-28 14:00:00,0.0
2018-10-28 14:15:00,0.0
2018-10-28 14:30:00,0.0
2018-10-28 14:45:00,0.0
2018-10-28 15:00:00,0.0
2018-10-28 15:15:00,0.0
2018-10-28 15:30:00,0.0
2018-10-28 15:45:00,0.0
2018-10-28 16:00:00,0.0
2018-10-28 16:15:00,0.0
2018-10-28 16:30:00,0.0
2018-10-28 16:45:00,0.0
2018-10-28 17:00:00,0.0
2018-10-28 17:15:00,0.0
2018-10-28 17:30:00,0.0
2018-10-28 17:45:00,0.0
2018-10-28 18:00:00,0.0
2018-10-28 18:15:00,0.0
2018-10-28 18:30:00,0.0
2018-10-28 18:45:00,0.0
2018-10-28 19:00:00,0.0
2018-10-28 19:15:00,0.0
2018-10-28 19:30:00,0.0
2018-10-28 19:45:00,0.0
2018-10-28 20:00:00,0.0
2018-10-28 20:15:00,0.0
2018-10-28 20:30:00,0.0
2018-10-28 20:45:00,0.0
2018-10-28 21:00:00,0.0
2018-10-28 21:15:00,0.0
2018-10-28 21:30:00,0.0
2018-10-28 21:45:00,0.0
2018-10-28 22:00:00,0.0
2018-10-28 22:15:00,0.0
2018-10-28 22:30:00,0.0
2018-10-28 22:45:00,0.0
2018-10-28 23:00:00,0.0
2018-10-28 23:15:00,0.0
2018-10-28 23:30:00,0.0
2018-10-28 23:45:00,0.0
2018-10-29 00:00:00,0.0
2018-10-29 00:15:00,0.0
2018-10-29 00:30:00,0.0
2018-10-29 00:45:00,0.0
2018-10-29 01:00:00,0.0
2018-10-29 01:15:00,0.0
2018-10-29 01:30:00,0.0
2018-10-29 01:45:00,0.0
2018-10-29 02:00:00,0.0
2018-10-29 02:15:00,0.0
2018-10-29 02:30:00,0.0
2018-10-29 02:45:00,0.0
2018-10-29 03:00:00,0.0
2018-10-29 03:15:00,0.0
2018-10-29 03:30:00,0.0
2018-10-29 03:45:00,0.0
2018-10-29 04:00:00,0.0
2018-10-29 04:15:00,0.0
2018-10-29 04:30:00,0.0
2018-10-29 04:45:00,0.0
2018-10-29 05:00:00,0.0
2018-10-29 05:15:00,0.0
2018-10-29 05:30:00,0.0
2018-10-29 05:45:00,0.0
2018-10-29 06:00:00,0.0
2018-10-29 06:15:00,0.0
2018-10-29 06:30:00,0.0
2018-10-29 06:45:00,0.0
2018-10-29 07:00:00,0.0
2018-10-29 07:15:00,0.0
2018-10-29 07:30:00,0.0
2018-10-29 07:45:00,0.0
2018-10-29 08:00:00,0.0
2018-10-29 08:15:00,0.0
2018-10-29 08:30:00,0.0
2018-10-29 08:45:00,0.0
2018-10-29 09:00:00,0.0
2018-10-29 09:15:00,0.0
2018-10-29 09:30:00,0.0
2018-10-29 09:45:00,0.0
2018-10-29 10:00:00,0.0
2018-10-29 10:15:00,0.0
2018-10-29 10:30:00,0.0
2018-10-29 10:45:00,0.0
2018-10-29 11:00:00,0.0
2018-10-29 11:15:00,0.0
2018-10-29 11:30:00,0.0
2018-10-29 11:45:00,0.0
2018-10-29 12:00:00,0.0
2018-10-29 12:15:00,0.0
2018-10-29 12:30:00,0.0
2018-10-29 12:45:00,0.0
2018-10-29 13:00:00,0.0
2018-10-29 13:15:00,0.0
2018-10-29 13:30:00,0.0
2018-10-29 13:45:00,0.0
2018-10-29 14:00:00,0.0
2018-10-29 14:15:00,0.0
2018-10-29 14:30:00,0.0
2018-10-29 14:45:00,0.0
2018-10-29 15:00:00,0.0
2018-10-29 15:15:00,0.0
2018-10-29 15:30:00,0.0
2018-10-29 15:45:00,0.0
2018-10-29 16:00:00,0.0
2018-10-29 16:15:00,0.0
2018-10-29 16:30:00,0.0
2018-10-29 16:45:00,0.0
2018-10-29 17:00:00,0.0
2018-10-29 17:15:00,0.0
2018-10-29 17:30:00,0.0
2018-10-29 17:45:00,0.0
2018-10-29 18:00:00,0.0
2018-10-29 18:15:00,0.0
2018-10-29 18:30:00,0.0
2018-10-29 18:45:00,0.0
2018-10-29 19:00:00,0.0
2018-10-29 19:15:00,0.0
2018-10-29 19:30:00,0.0
2018-10-29 19:45:00,0.0
2018-10-29 20:00:00,0.0
2018-10-29 20:15:00,0.0
2018-10-29 20:30:00,0.0
2018-10-29 20:45:00,0.0
2018-10-29 21:00:00,0.0
2018-10-29 21:15:00,0.0
2018-10-29 21:30:00,0.0
2018-10-29 21:45:00,0.0
2018-10-29 22:00:00,0.0
2018-10-29 22:15:00,0.0
2018-10-29 22:30:00,0.0
2018-10-29 22:45:00,0.0
2018-10-29 23:00:00,0.0
2018-10-29 23:15:00,0.0
2018-10-29 23:30:00,0.0
2018-10-29 23:45:00,0.0
2018-10-30 00:00:00,0.0
2018-10-30 00:15:00,0.0
2018-10-30 00:30:00,0.0
2018-10-30 00:45:00,0.0
2018-10-30 01:00:00,0.0
2018-10-30 01:15:00,0.0
2018-10-30 01:30:00,0.0
2018-10-30 01:45:00,0.0
2018-10-30 02:00:00,0.0
2018-10-30 02:15:00,0.0
2018-10-30 02:30:00,0.0
2018-10-30 02:45:00,0.0
2018-10-30 03:00:00,0.0
2018-10-30 03:15:00,0.0
2018-10-30 03:30:00,0.0
2018-10-30 03:45:00,0.0
2018-10-30 04:00:00,0.0
2018-10-30 04:15:00,0.0
2018-10-30 04:30:00,0.0
2018-10-30 04:45:00,0.0
2018-10-30 05:00:00,0.0
2018-10-30 05:15:00,0.0
2018-10-30 05:30:00,0.0
2018-10-30 05:45:00,0.0
2018-10-30 06:00:00,0.0
2018-10-30 06:15:00,0.0
2018-10-30 06:30:00,0.0
2018-10-30 06:45:00,0.0
2018-10-30 07:00:00,0.0
2018-10-30 07:15:00,0.0
2018-10-30 07:30:00,0.0
2018-10-30 07:45:00,0.0
2018-10-30 08:00:00,0.0
2018-10-30 08:15:00,0.0
2018-10-30 08:30:00,0.0
2018-10-30 08:45:00,0.0
2018-10-30 09:00:00,0.0
2018-10-30 09:15:00,0.0
2018-10-30 09:30:00,0.0
2018-10-30 09:45:00,0.0
2018-10-30 10:00:00,0.0
2018-10-30 10:15:00,0.0
2018-10-30 10:30:00,0.0
2018-10-30 10:45:00,0.0
2018-10-30 11:00:00,0.0
2018-10-30 11:15:00,0.0
2018-10-30 11:30:00,0.0
2018-10-30 11:45:00,0.0
2018-10-30 12:00:00,0.0
2018-10-30 12:15:00,0.0
2018-10-30 12:30:00,0.0
2018-10-30 12:45:00,0.0
2018-10-30 13:00:00,0.0
2018-10-30 13:15:00,0.0
2018-10-30 13:30:00,0.0
2018-10-30 13:45:00,0.0
2018-10-30 14:00:00,0.0
2018-10-30 14:15:00,0.0
2018-10-30 14:30:00,0.0
2018-10-30 14:45:00,0.0
2018-10-30 15:00:00,0.0
2018-10-30 15:15:00,0.0
2018-10-30 15:30:00,0.0
2018-10-30 15:45:00,0.0
2018-10-30 16:00:00,0.0
2018-10-30 16:15:00,0.0
2018-10-30 16:30:00,0.0
2018-10-30 16:45:00,0.0
2018-10-30 17:00:00,0.0
2018-10-30 17:15:00,0.0
2018-10-30 17:30:00,0.0
2018-10-30 17:45:00,0.0
2018-10-30 18:00:00,0.0
2018-10-30 18:15:00,0.0
2018-10-30 18:30:00,0.0
2018-10-30 18:45:00,0.0
2018-10-30 19:00:00,0.0
2018-10-30 19:15:00,0.0
2018-10-30 19:30:00,0.0
2018-10-30 19:45:00,0.0
2018-10-30 20:00:00,0.0
2018-10-30 20:15:00,0.0
2018-10-30 20:30:00,0.0
2018-10-30 20:45:00,0.0
2018-10-30 21:00:00,0.0
2018-10-30 21:15:00,0.0
2018-10-30 21:30:00,0.0
2018-10-30 21:45:00,0.0
2018-10-30 22:00:00,0.0
2018-10-30 22:15:00,0.0
2018-10-30 22:30:00,0.0
2018-10-30 22:45:00,0.0
2018-10-30 23:00:00,0.0
2018-10-30 23:15:00,0.0
2018-10-30 23:30:00,0.0
2018-10-30 23:45:00,0.0
2018-10-31 00:00:00,0.0
2018-10-31 00:15:00,0.0
2018-10-31 00:30:00,0.0
2018-10-31 00:45:00,0.0
2018-10-31 01:00:00,0.0
2018-10-31 01:15:00,0.0
2018-10-31 01:30:00,0.0
2018-10-31 01:45:00,0.0
2018-10-31 02:00:00,0.0
2018-10-31 02:15:00,0.0
2018-10-31 02:30:00,0.0
2018-10-31 02:45:00,0.0
2018-10-31 03:00:00,0.0
2018-10-31 03:15:00,0.0
2018-10-31 03:30:00,0.0
2018-10-31 03:45:00,0.0
2018-10-31 04:00:00,0.0
2018-10-31 04:15:00,0.0
2018-10-31 04:30:00,0.0
2018-10-31 04:45:00,0.0
2018-10-31 05:00:00,0.0
2018-10-31 05:15:00,0.0
2018-10-31 05:30:00,0.0
2018-10-31 05:45:00,0.0
2018-10-31 06:00:00,0.0
2018-10-31 06:15:00,0.0
2018-10-31 06:30:00,0.0
2018-10-31 06:45:00,0.0
2018-10-31 07:00:00,0.0
2018-10-31 07:15:00,0.0
2018-10-31 07:30:00,0.0
2018-10-31 07:45:00,0.0
2018-10-31 08:00:00,0.0
2018-10-31 08:15:00,0.0
2018-10-31 08:30:00,0.0
2018-10-31 08:45:00,0.0
2018-10-31 09:00:00,0.0
2018-10-31 09:15:00,0.0
2018-10-31 09:30:00,0.0
2018-10-31 09:45:00,0.0
2018-10-31 10:00:00,0.0
2018-10-31 10:15:00,0.0
2018-10-31 10:30:00,0.0
2018-10-31 10:45:00,0.0
2018-10-31 11:00:00,0.0
2018-10-31 11:15:00,0.0
2018-10-31 11:30:00,0.0
2018-10-31 11:45:00,0.0
2018-10-31 12:00:00,0.0
2018-10-31 12:15:00,0.0
2018-10-31 12:30:00,0.0
2018-10-31 12:45:00,0.0
2018-10-31 13:00:00,0.0
2018-10-31 13:15:00,0.0
2018-10-31 13:30:00,0.0
2018-10-31 13:45:00,0.0
2018-10-31 14:00:00,0.0
2018-10-31 14:15:00,0.0
2018-10-31 14:30:00,0.0
2018-10-31 14:45:00,0.0
2018-10-31 15:00:00,0.0
2018-10-31 15:15:00,0.0
2018-10-31 15:30:00,0.0
2018-10-31 15:45:00,0.0
2018-10-31 16:00:00,0.0
2018-10-31 16:15:00,0.0
2018-10-31 16:30:00,0.0
2018-10-31 16:45:00,0.0
2018-10-31 17:00:00,0.0
2018-10-31 17:15:00,0.0
2018-10-31 17:30:00,0.0
2018-10-31 17:45:00,0.0
2018-10-31 18:00:00,0.0
2018-10-31 18:15:00,0.0
2018-10-31 18:30:00,0.0
2018-10-31 18:45:00,0.0
2018-10-31 19:00:00,0.0
2018-10-31 19:15:00,0.0
2018-10-31 19:30:00,0.0
2018-10-31 19:45:00,0.0
2018-10-31 20:00:00,0.0
2018-10-31 20:15:00,0.0
2018-10-31 20:30:00,0.0
2018-10-31 20:45:00,0.0
2018-10-31 21:00:00,0.0
2018-10-31 21:15:00,0.0
2018-10-31 21:30:00,0.0
2018-10-31 21:45:00,0.0
2018-10-31 22:00:00,0.0
2018-10-31 22:15:00,0.0
2018-10-31 22:30:00,0.0
2018-10-31 22:45:00,0.0
2018-10-31 23:00:00,0.0
2018-10-31 23:15:00,0.0
2018-10-31 23:30:00,0.0
2018-10-31 23:45:00,0.0
2018-11-01 00:00:00,0.0
2018-11-01 00:15:00,0.0
2018-11-01 00:30:00,0.0
2018-11-01 00:45:00,0.0
2018-11-01 01:00:00,0.0
2018-11-01 01:15:00,0.0
2018-11-01 01:30:00,0.0
2018-11-01 01:45:00,0.0
2018-11-01 02:00:00,0.0
2018-11-01 02:15:00,0.0
2018-11-01 02:30:00,0.0
2018-11-01 02:45:00,0.0
2018-11-01 03:00:00,0.0
2018-11-01 03:15:00,0.0
2018-11-01 03:30:00,0.0
2018-11-01 03:45:00,0.0
2018-11-01 04:00:00,0.0
2018-11-01 04:15:00,0.0
2018-11-01 04:30:00,0.0
2018-11-01 04:45:00,0.0
2018-11-01 05:01:00,0.0
2018-11-01 05:15:00,0.0
2018-11-01 05:30:00,0.0
2018-11-01 05:45:00,0.0
2018-11-01 06:00:00,0.0
2018-11-01 06:15:00,0.0
2018-11-01 06:30:00,0.0
2018-11-01 06:45:00,0.0
2018-11-01 07:00:00,0.0
2018-11-01 07:15:00,0.0
2018-11-01 07:30:00,0.0
2018-11-01 07:45:00,0.0
2018-11-01 08:00:00,0.0
2018-11-01 08:15:00,0.0
2018-11-01 08:30:00,0.0
2018-11-01 08:45:00,0.0
2018-11-01 09:00:00,0.0
2018-11-01 09:15:00,0.0
2018-11-01 09:30:00,0.0
2018-11-01 09:45:00,0.0
2018-11-01 10:00:00,0.0
2018-11-01 10:15:00,0.0
2018-11-01 10:30:00,0.0
2018-11-01 10:45:00,0.0
2018-11-01 11:00:00,0.0
2018-11-01 11:15:00,0.0
2018-11-01 11:30:00,0.0
2018-11-01 11:45:00,0.0
2018-11-01 12:00:00,0.0
2018-11-01 12:15:00,0.0
2018-11-01 12:30:00,0.0
2018-11-01 12:45:00,0.0
2018-11-01 13:00:00,0.0
2018-11-01 13:15:00,0.0
2018-11-01 13:30:00,0.0
2018-11-01 13:45:00,0.0
2018-11-01 14:00:00,0.0
2018-11-01 14:15:00,0.0
2018-11-01 14:30:00,0.0
2018-11-01 14:45:00,0.0
2018-11-01 15:00:00,0.0
2018-11-01 15:15:00,0.0
2018-11-01 15:30:00,0.0
2018-11-01 15:45:00,0.0
2018-11-01 16:00:00,0.0
2018-11-01 16:15:00,0.0
2018-11-01 16:30:00,0.0
2018-11-01 16:45:00,0.0
2018-11-01 17:00:00,0.0
2018-11-01 17:15:00,0.0
2018-11-01 17:30:00,0.0
2018-11-01 17:45:00,0.0
2018-11-01 18:00:00,0.0
2018-11-01 18:15:00,0.0
2018-11-01 18:30:00,0.0
2018-11-01 18:45:00,0.0
2018-11-01 19:00:00,0.0
2018-11-01 19:15:00,0.0
2018-11-01 19:30:00,0.0
2018-11-01 19:45:00,0.0
2018-11-01 20:00:00,0.0
2018-11-01 20:15:00,0.0
2018-11-01 20:30:00,0.0
2018-11-01 20:45:00,0.0
2018-11-01 21:00:00,0.0
2018-11-01 21:15:00,0.0
2018-11-01 21:30:00,0.0
2018-11-01 21:45:00,0.0
2018-11-01 22:00:00,0.0
2018-11-01 22:15:00,0.0
2018-11-01 22:30:00,0.0
2018-11-01 22:45:00,0.0
2018-11-01 23:00:00,0.0
2018-11-01 23:15:00,0.0
2018-11-01 23:30:00,0.0
2018-11-01 23:45:00,0.0
2018-11-02 00:00:00,0.0
2018-11-02 00:15:00,0.0
2018-11-02 00:30:00,0.0
2018-11-02 00:45:00,0.0
2018-11-02 01:00:00,0.0
2018-11-02 01:15:00,0.0
2018-11-02 01:30:00,0.0
2018-11-02 01:45:00,0.0
2018-11-02 02:00:00,0.0
2018-11-02 02:15:00,0.0
2018-11-02 02:30:00,0.0
2018-11-02 02:45:00,0.0
2018-11-02 03:00:00,0.0
2018-11-02 03:15:00,0.0
2018-11-02 03:30:00,0.0
2018-11-02 03:45:00,0.0
2018-11-02 04:00:00,0.0
2018-11-02 04:15:00,0.0
2018-11-02 04:30:00,0.0
2018-11-02 04:45:00,0.0
2018-11-02 05:00:00,0.0
2018-11-02 05:15:00,0.0
2018-11-02 05:30:00,0.0
2018-11-02 05:45:00,0.0
2018-11-02 06:00:00,0.0
2018-11-02 06:15:00,0.0
2018-11-02 06:30:00,0.0
2018-11-02 06:45:00,0.0
2018-11-02 07:00:00,0.0
2018-11-02 07:15:00,0.0
2018-11-02 07:30:00,0.0
2018-11-02 07:45:00,0.0
2018-11-02 08:00:00,0.0
2018-11-02 08:15:00,0.0
2018-11-02 08:30:00,0.0
2018-11-02 08:45:00,0.0
2018-11-02 09:00:00,0.0
2018-11-02 09:15:00,0.0
2018-11-02 09:30:00,0.0
2018-11-02 09:45:00,0.0
2018-11-02 10:00:00,0.0
2018-11-02 10:15:00,0.0
2018-11-02 10:30:00,0.0
2018-11-02 10:45:00,0.0
2018-11-02 11:00:00,0.0
2018-11-02 11:15:00,0.0
2018-11-02 11:30:00,0.0
2018-11-02 11:45:00,0.0
2018-11-02 12:00:00,0.0
2018-11-02 12:15:00,0.0
2018-11-02 12:30:00,0.0
2018-11-02 12:45:00,0.0
2018-11-02 13:00:00,0.0
2018-11-02 13:15:00,0.0
2018-11-02 13:30:00,0.0
2018-11-02 13:45:00,0.0
2018-11-02 14:00:00,0.0
2018-11-02 14:15:00,0.0
2018-11-02 14:30:00,0.0
2018-11-02 14:45:00,0.0
2018-11-02 15:00:00,0.0
2018-11-02 15:15:00,0.0
2018-11-02 15:30:00,0.0
2018-11-02 15:45:00,0.0
2018-11-02 16:00:00,0.0
2018-11-02 16:15:00,0.0
2018-11-02 16:30:00,0.0
2018-11-02 16:45:00,0.0
2018-11-02 17:00:00,0.0
2018-11-02 17:15:00,0.0
2018-11-02 17:30:00,0.0
2018-11-02 17:45:00,0.0
2018-11-02 18:00:00,0.0
2018-11-02 18:15:00,0.0
2018-11-02 18:30:00,0.0
2018-11-02 18:45:00,0.0
2018-11-02 19:00:00,0.0
2018-11-02 19:15:00,0.0
2018-11-02 19:30:00,0.0
2018-11-02 19:45:00,0.0
2018-11-02 20:00:00,0.0
2018-11-02 20:15:00,0.0
2018-11-02 20:30:00,0.0
2018-11-02 20:45:00,0.0
2018-11-02 21:00:00,0.0
2018-11-02 21:15:00,0.0
2018-11-02 21:30:00,0.0
2018-11-02 21:45:00,0.0
2018-11-02 22:00:00,0.0
2018-11-02 22:15:00,0.0
2018-11-02 22:30:00,0.0
2018-11-02 22:45:00,0.0
2018-11-02 23:00:00,0.0
2018-11-02 23:15:00,0.0
2018-11-02 23:30:00,0.0
2018-11-02 23:45:00,0.0
2018-11-03 00:00:00,0.0
2018-11-03 00:15:00,0.0
2018-11-03 00:30:00,0.0
2018-11-03 00:45:00,0.0
2018-11-03 01:00:00,0.0
2018-11-03 01:15:00,0.0
2018-11-03 01:30:00,0.0
2018-11-03 01:45:00,0.0
2018-11-03 02:00:00,0.0
2018-11-03 02:15:00,0.0
2018-11-03 02:30:00,0.0
2018-11-03 02:45:00,0.0
2018-11-03 03:00:00,0.0
2018-11-03 03:15:00,0.0
2018-11-03 03:30:00,0.0
2018-11-03 03:45:00,0.0
2018-11-03 04:00:00,0.0
2018-11-03 04:15:00,0.0
2018-11-03 04:30:00,0.0
2018-11-03 04:45:00,0.0
2018-11-03 05:00:00,0.0
2018-11-03 05:15:00,0.0
2018-11-03 05:30:00,0.0
2018-11-03 05:45:00,0.0
2018-11-03 06:00:00,0.0
2018-11-03 06:15:00,0.0
2018-11-03 06:30:00,0.0
2018-11-03 06:45:00,0.0
2018-11-03 07:00:00,0.0
2018-11-03 07:15:00,0.0
2018-11-03 07:30:00,0.0
2018-11-03 07:45:00,0.0
2018-11-03 08:00:00,0.0
2018-11-03 08:15:00,0.0
2018-11-03 08:30:00,0.0
2018-11-03 08:45:00,0.0
2018-11-03 09:00:00,0.0
2018-11-03 09:15:00,0.0
2018-11-03 09:30:00,0.0
2018-11-03 09:45:00,0.0
2018-11-03 10:00:00,0.0
2018-11-03 10:15:00,0.0
2018-11-03 10:30:00,0.0
2018-11-03 10:45:00,0.0
2018-11-03 11:00:00,0.0
2018-11-03 11:15:00,0.0
2018-11-03 11:30:00,0.0
2018-11-03 11:45:00,0.0
2018-11-03 12:00:00,0.0
2018-11-03 12:15:00,0.0
2018-11-03 12:30:00,0.0
2018-11-03 12:45:00,0.0
2018-11-03 13:00:00,0.0
2018-11-03 13:15:00,0.0
2018-11-03 13:30:00,0.0
2018-11-03 13:45:00,0.0
2018-11-03 14:00:00,0.0
2018-11-03 14:15:00,0.0
2018-11-03 14:30:00,0.0
2018-11-03 14:45:00,0.0
2018-11-03 15:00:00,0.0
2018-11-03 15:15:00,0.0
2018-11-03 15:30:00,0.0
2018-11-03 15:45:00,0.0
2018-11-03 16:00:00,0.0
2018-11-03 16:15:00,0.0
2018-11-03 16:30:00,0.0
2018-11-03 16:45:00,0.0
2018-11-03 17:00:00,0.0
2018-11-03 17:15:00,0.0
2018-11-03 17:30:00,0.0
2018-11-03 17:45:00,0.0
2018-11-03 18:00:00,0.0
2018-11-03 18:15:00,0.0
2018-11-03 18:30:00,0.0
2018-11-03 18:45:00,0.0
2018-11-03 19:00:00,0.0
2018-11-03 19:15:00,0.0
2018-11-03 19:30:00,0.0
2018-11-03 19:45:00,0.0
2018-11-03 20:00:00,0.0
2018-11-03 20:15:00,0.0
2018-11-03 20:30:00,0.0
2018-11-03 20:45:00,0.0
2018-11-03 21:00:00,0.0
2018-11-03 21:15:00,0.0
2018-11-03 21:30:00,0.0
2018-11-03 21:45:00,0.0
2018-11-03 22:00:00,0.0
2018-11-03 22:15:00,0.0
2018-11-03 22:30:00,0.0
2018-11-03 22:45:00,0.0
2018-11-03 23:00:00,0.0
2018-11-03 23:15:00,0.0
2018-11-03 23:30:00,0.0
2018-11-03 23:45:00,0.0
2018-11-04 00:00:00,0.0
2018-11-04 00:15:00,0.0
2018-11-04 00:30:00,0.0
2018-11-04 00:45:00,0.0
2018-11-04 01:00:00,0.0
2018-11-04 01:15:00,0.0
2018-11-04 01:30:00,0.0
2018-11-04 01:45:00,0.0
2018-11-04 02:00:00,0.0
2018-11-04 02:15:00,0.0
2018-11-04 02:30:00,0.0
2018-11-04 02:45:00,0.0
2018-11-04 03:00:00,0.0
2018-11-04 03:15:00,0.0
2018-11-04 03:30:00,0.0
2018-11-04 03:45:00,0.0
2018-11-04 04:00:00,0.0
2018-11-04 04:15:00,0.0
2018-11-04 04:30:00,0.0
2018-11-04 04:45:00,0.0
2018-11-04 05:00:00,0.0
2018-11-04 05:15:00,0.0
2018-11-04 05:30:00,0.0
2018-11-04 05:45:00,0.0
2018-11-04 08:00:00,0.0
2018-11-04 08:15:00,0.0
2018-11-04 08:30:00,0.0
2018-11-04 08:45:00,0.0
2018-11-04 09:00:00,0.0
2018-11-04 09:15:00,0.0
2018-11-04 09:30:00,0.0
2018-11-04 09:45:00,0.0
2018-11-04 10:00:00,0.0
2018-11-04 10:15:00,0.0
2018-11-04 10:30:00,0.0
2018-11-04 10:45:00,0.0
2018-11-04 11:00:00,0.0
2018-11-04 11:15:00,0.0
2018-11-04 11:30:00,0.0
2018-11-04 11:45:00,0.0
2018-11-04 12:00:00,0.0
2018-11-04 12:15:00,0.0
2018-11-04 12:30:00,0.0
2018-11-04 12:45:00,0.0
2018-11-04 13:00:00,0.0
2018-11-04 13:15:00,0.0
2018-11-04 13:30:00,0.0
2018-11-04 13:45:00,0.0
2018-11-04 14:00:00,0.0
2018-11-04 14:15:00,0.0
2018-11-04 14:30:00,0.0
2018-11-04 14:45:00,0.0
2018-11-04 15:00:00,0.0
2018-11-04 15:15:00,0.0
2018-11-04 15:30:00,0.0
2018-11-04 15:45:00,0.0
2018-11-04 16:00:00,0.0
2018-11-04 16:15:00,0.0
2018-11-04 16:30:00,0.0
2018-11-04 16:45:00,0.0
2018-11-04 17:00:00,0.0
2018-11-04 17:15:00,0.0
2018-11-04 17:30:00,0.0
2018-11-04 17:45:00,0.0
2018-11-04 18:00:00,0.0
2018-11-04 18:15:00,0.0
2018-11-04 18:30:00,0.0
2018-11-04 18:45:00,0.0
2018-11-04 19:00:00,0.0
2018-11-04 19:15:00,0.0
2018-11-04 19:30:00,0.0
2018-11-04 19:45:00,0.0
2018-11-04 20:00:00,0.0
2018-11-04 20:15:00,0.0
2018-11-04 20:30:00,0.0
2018-11-04 20:45:00,0.0
2018-11-04 21:00:00,0.0
2018-11-04 21:15:00,0.0
2018-11-04 21:30:00,0.0
2018-11-04 21:45:00,0.0
2018-11-04 22:00:00,0.0
2018-11-04 22:15:00,0.0
2018-11-04 22:30:00,0.0
2018-11-04 22:45:00,0.0
2018-11-04 23:00:00,0.0
2018-11-04 23:15:00,0.0
2018-11-04 23:30:00,0.0
2018-11-04 23:45:00,0.0
2018-11-05 00:00:00,0.0
2018-11-05 00:15:00,0.0
2018-11-05 00:30:00,0.0
2018-11-05 00:45:00,0.0
2018-11-05 01:00:00,0.0
2018-11-05 01:15:00,0.0
2018-11-05 01:30:00,0.0
2018-11-05 01:45:00,0.0
2018-11-05 02:00:00,0.0
2018-11-05 02:15:00,0.0
2018-11-05 02:30:00,0.0
2018-11-05 02:45:00,0.0
2018-11-05 03:00:00,0.0
2018-11-05 03:15:00,0.0
2018-11-05 03:30:00,0.0
2018-11-05 03:45:00,0.0
2018-11-05 04:00:00,0.0
2018-11-05 04:15:00,0.0
2018-11-05 04:30:00,0.0
2018-11-05 04:45:00,0.0
2018-11-05 05:00:00,0.0
2018-11-05 05:15:00,0.0
2018-11-05 05:30:00,0.0
2018-11-05 05:45:00,0.0
2018-11-05 06:00:00,0.0
2018-11-05 06:15:00,0.0
2018-11-05 06:30:00,0.0
2018-11-05 06:45:00,0.0
2018-11-05 07:00:00,0.0
2018-11-05 07:15:00,0.0
2018-11-05 07:30:00,0.0
2018-11-05 07:45:00,0.0
2018-11-05 08:00:00,0.0
2018-11-05 08:15:00,0.0
2018-11-05 08:30:00,0.0
2018-11-05 08:45:00,0.0
2018-11-05 09:00:00,0.0
2018-11-05 09:15:00,0.0
2018-11-05 09:30:00,0.0
2018-11-05 09:45:00,0.0
2018-11-05 10:00:00,0.0
2018-11-05 10:15:00,0.0
2018-11-05 10:30:00,0.0
2018-11-05 10:45:00,0.0
2018-11-05 11:00:00,0.0
2018-11-05 11:15:00,0.0
2018-11-05 11:30:00,0.0
2018-11-05 11:45:00,0.0
2018-11-05 12:00:00,0.0
2018-11-05 12:15:00,0.0
2018-11-05 12:30:00,0.0
2018-11-05 12:45:00,0.0
2018-11-05 13:00:00,0.0
2018-11-05 13:15:00,0.0
2018-11-05 13:30:00,0.0
2018-11-05 13:45:00,0.0
2018-11-05 14:00:00,0.0
2018-11-05 14:15:00,0.0
2018-11-05 14:30:00,0.0
2018-11-05 14:45:00,0.0
2018-11-05 15:00:00,0.0
2018-11-05 15:15:00,0.0
2018-11-05 15:30:00,0.0
2018-11-05 15:45:00,0.0
2018-11-05 16:00:00,0.0
2018-11-05 16:15:00,0.0
2018-11-05 16:30:00,0.0
2018-11-05 16:45:00,0.0
2018-11-05 17:00:00,0.0
2018-11-05 17:15:00,0.0
2018-11-05 17:30:00,0.0
2018-11-05 17:45:00,0.0
2018-11-05 18:00:00,0.0
2018-11-05 18:15:00,0.0
2018-11-05 18:30:00,0.0
2018-11-05 18:45:00,0.0
2018-11-05 19:00:00,0.0
2018-11-05 19:15:00,0.0
2018-11-05 19:30:00,0.0
2018-11-05 19:45:00,0.0
2018-11-05 20:00:00,0.0
2018-11-05 20:15:00,0.0
2018-11-05 20:30:00,0.0
2018-11-05 20:45:00,0.0
2018-11-05 21:00:00,0.0
2018-11-05 21:15:00,0.0
2018-11-05 21:30:00,0.0
2018-11-05 21:45:00,0.0
2018-11-05 22:00:00,0.0
2018-11-05 22:15:00,0.0
2018-11-05 22:30:00,0.0
2018-11-05 22:45:00,0.0
2018-11-05 23:00:00,0.0
2018-11-05 23:15:00,0.0
2018-11-05 23:30:00,0.0
2018-11-05 23:45:00,0.0
2018-11-06 00:00:00,0.0
2018-11-06 00:15:00,0.0
2018-11-06 00:30:00,0.0
2018-11-06 00:45:00,0.0
2018-11-06 01:00:00,0.0
2018-11-06 01:15:00,0.0
2018-11-06 01:30:00,0.0
2018-11-06 01:45:00,0.0
2018-11-06 02:00:00,0.0
2018-11-06 02:15:00,0.0
2018-11-06 02:30:00,0.0
2018-11-06 02:45:00,0.0
2018-11-06 03:00:00,0.0
2018-11-06 03:15:00,0.0
2018-11-06 03:30:00,0.0
2018-11-06 03:45:00,0.0
2018-11-06 04:00:00,0.0
2018-11-06 04:15:00,0.0
2018-11-06 04:30:00,0.0
2018-11-06 04:45:00,0.0
2018-11-06 05:00:00,0.0
2018-11-06 05:15:00,0.0
2018-11-06 05:30:00,0.0
2018-11-06 05:45:00,0.0
2018-11-06 06:00:00,0.0
2018-11-06 06:15:00,0.0
2018-11-06 06:30:00,0.0
2018-11-06 06:45:00,0.0
2018-11-06 07:00:00,0.0
2018-11-06 07:15:00,0.0
2018-11-06 07:30:00,0.0
2018-11-06 07:45:00,0.0
2018-11-06 08:00:00,0.0
2018-11-06 08:15:00,0.0
2018-11-06 08:30:00,0.0
2018-11-06 08:45:00,0.0
2018-11-06 09:00:00,0.0
2018-11-06 09:15:00,0.0
2018-11-06 09:30:00,0.0
2018-11-06 09:45:00,0.0
2018-11-06 10:00:00,0.0
2018-11-06 10:15:00,0.0
2018-11-06 10:30:00,0.0
2018-11-06 10:45:00,0.0
2018-11-06 11:00:00,0.0
2018-11-06 11:15:00,0.0
2018-11-06 11:30:00,0.0
2018-11-06 11:45:00,0.0
2018-11-06 12:00:00,0.0
2018-11-06 12:15:00,0.0
2018-11-06 12:30:00,0.0
2018-11-06 12:45:00,0.0
2018-11-06 13:00:00,0.0
2018-11-06 13:15:00,0.0
2018-11-06 13:30:00,0.0
2018-11-06 13:45:00,0.0
2018-11-06 14:00:00,0.0
2018-11-06 14:15:00,0.0
2018-11-06 14:30:00,0.0
2018-11-06 14:45:00,13.668
2018-11-06 15:00:00,18.879
2018-11-06 15:15:00,17.060001
2018-11-06 15:30:00,18.786001
2018-11-06 15:45:00,19.753
2018-11-06 16:00:00,21.585001
2018-11-06 16:15:00,31.555
2018-11-06 16:30:00,26.004
2018-11-06 16:45:00,21.416
2018-11-06 17:00:00,24.168
2018-11-06 17:15:00,29.622002
2018-11-06 17:30:00,31.240002
2018-11-06 17:45:00,39.491
2018-11-06 18:00:00,37.608
2018-11-06 18:15:00,33.019
2018-11-06 18:30:00,31.969
2018-11-06 18:45:00,38.808
2018-11-06 19:00:00,33.161
2018-11-06 19:15:00,31.285
2018-11-06 19:30:00,30.575
2018-11-06 19:45:00,31.146
2018-11-06 20:00:00,32.997
2018-11-06 20:15:00,33.299
2018-11-06 20:30:00,31.522001
2018-11-06 20:45:00,29.006
2018-11-06 21:00:00,24.839
2018-11-06 21:15:00,23.717
2018-11-06 21:30:00,20.595001
2018-11-06 21:45:00,10.115
2018-11-06 22:00:00,1.054
2018-11-06 22:15:00,0.0
2018-11-06 22:30:00,0.0
2018-11-06 22:45:00,0.0
2018-11-06 23:00:00,0.0
2018-11-06 23:15:00,2.653
2018-11-06 23:30:00,4.334
2018-11-06 23:45:00,6.518
2018-11-07 00:00:00,4.132
2018-11-07 00:15:00,4.02
2018-11-07 00:30:00,0.091
2018-11-07 00:45:00,0.0
2018-11-07 01:00:00,0.0
2018-11-07 01:15:00,0.0
2018-11-07 01:30:00,0.0
2018-11-07 01:45:00,3.354
2018-11-07 02:00:00,1.044
2018-11-07 02:15:00,0.0
2018-11-07 02:30:00,0.0
2018-11-07 02:45:00,0.0
2018-11-07 03:00:00,0.0
2018-11-07 03:15:00,1.97
2018-11-07 03:30:00,1.549
2018-11-07 03:45:00,3.1560001
2018-11-07 04:00:00,0.0
2018-11-07 04:15:00,0.0
2018-11-07 04:30:00,0.0
2018-11-07 04:45:00,0.0
2018-11-07 05:00:00,0.0
2018-11-07 05:15:00,0.0
2018-11-07 05:30:00,0.0
2018-11-07 05:45:00,0.0
2018-11-07 06:00:00,0.0
2018-11-07 06:15:00,0.0
2018-11-07 06:30:00,0.0
2018-11-07 06:45:00,0.0
2018-11-07 07:00:00,0.0
2018-11-07 07:15:00,0.0
2018-11-07 07:30:00,0.0
2018-11-07 07:45:00,2.4
2018-11-07 08:00:00,15.702
2018-11-07 08:15:00,35.032997
2018-11-07 08:30:00,46.181
2018-11-07 08:45:00,42.13
2018-11-07 09:00:00,42.792
2018-11-07 09:15:00,42.332
2018-11-07 09:30:00,29.994
2018-11-07 09:45:00,30.890999
2018-11-07 10:00:00,40.766
2018-11-07 10:15:00,23.633
2018-11-07 10:30:00,5.058
2018-11-07 10:45:00,0.0
2018-11-07 11:00:00,5.1
2018-11-07 11:15:00,32.057
2018-11-07 11:30:00,53.992
2018-11-07 11:45:00,117.344
2018-11-07 12:00:00,142.364
2018-11-07 12:15:00,128.037
2018-11-07 12:30:00,120.21001
2018-11-07 12:45:00,89.216
2018-11-07 13:00:00,85.931
2018-11-07 13:15:00,96.25
2018-11-07 13:30:00,108.901
2018-11-07 13:45:00,132.202
2018-11-07 14:00:00,170.961
2018-11-07 14:15:00,207.77899
2018-11-07 14:30:00,250.03998
2018-11-07 14:45:00,249.871
2018-11-07 15:00:00,253.387
2018-11-07 15:15:00,262.932
2018-11-07 15:30:00,289.715
2018-11-07 15:45:00,298.89197
2018-11-07 16:00:00,322.73898
2018-11-07 16:15:00,348.42697
2018-11-07 16:30:00,320.55197
2018-11-07 16:45:00,334.07797
2018-11-07 17:00:00,355.68198
2018-11-07 17:15:00,357.548
2018-11-07 17:30:00,367.122
2018-11-07 17:45:00,360.133
2018-11-07 18:00:00,338.03098
2018-11-07 18:15:00,331.02698
2018-11-07 18:30:00,310.3
2018-11-07 18:45:00,294.28198
2018-11-07 19:00:00,258.977
2018-11-07 19:15:00,256.893
2018-11-07 19:30:00,260.168
2018-11-07 19:45:00,243.523
2018-11-07 20:00:00,235.84698
2018-11-07 20:15:00,221.31099
2018-11-07 20:30:00,244.982
2018-11-07 20:45:00,268.442
2018-11-07 21:00:00,282.574
2018-11-07 21:15:00,317.358
2018-11-07 21:30:00,341.284
2018-11-07 21:45:00,360.455
2018-11-07 22:00:00,380.452
2018-11-07 22:15:00,368.261
2018-11-07 22:30:00,329.328
2018-11-07 22:45:00,305.43097
2018-11-07 23:00:00,303.70197
2018-11-07 23:15:00,311.205
2018-11-07 23:30:00,328.022
2018-11-07 23:45:00,283.664
2018-11-08 00:00:00,258.234
2018-11-08 00:15:00,245.05199
2018-11-08 00:30:00,262.52798
2018-11-08 00:45:00,269.38696
2018-11-08 01:00:00,290.99197
2018-11-08 01:15:00,301.74
2018-11-08 01:30:00,285.216
2018-11-08 01:45:00,277.82202
2018-11-08 02:00:00,258.02
2018-11-08 02:15:00,212.83801
2018-11-08 02:30:00,199.16
2018-11-08 02:45:00,168.487
2018-11-08 03:00:00,132.966
2018-11-08 03:15:00,107.72
2018-11-08 03:30:00,88.746
2018-11-08 03:45:00,84.499
2018-11-08 04:00:00,91.931
2018-11-08 04:15:00,91.616
2018-11-08 04:30:00,99.239
2018-11-08 04:45:00,107.578
2018-11-08 05:00:00,99.173996
2018-11-08 05:15:00,90.725
2018-11-08 05:30:00,90.644
2018-11-08 05:45:00,83.664
2018-11-08 06:00:00,91.977005
2018-11-08 06:15:00,78.923004
2018-11-08 06:30:00,69.423004
2018-11-08 06:45:00,68.909
2018-11-08 07:00:00,66.675995
2018-11-08 07:15:00,50.055
2018-11-08 07:30:00,45.346
2018-11-08 07:45:00,43.736
2018-11-08 08:00:00,36.279
2018-11-08 08:15:00,39.535
2018-11-08 08:30:00,44.727
2018-11-08 08:45:00,50.485
2018-11-08 09:00:00,47.154
2018-11-08 09:15:00,44.920998
2018-11-08 09:30:00,53.998
2018-11-08 09:45:00,39.964
2018-11-08 10:00:00,35.71
2018-11-08 10:15:00,49.197998
2018-11-08 10:30:00,73.515
2018-11-08 10:45:00,87.757996
2018-11-08 11:00:00,92.99
2018-11-08 11:15:00,65.423
2018-11-08 11:30:00,35.317
2018-11-08 11:45:00,39.029
2018-11-08 12:00:00,36.499
2018-11-08 12:15:00,37.833
2018-11-08 12:30:00,39.72
2018-11-08 12:45:00,61.937004
2018-11-08 13:00:00,40.402
2018-11-08 13:15:00,33.218998
2018-11-08 13:30:00,26.198
2018-11-08 13:45:00,27.215
2018-11-08 14:00:00,29.668
2018-11-08 14:15:00,22.312
2018-11-08 14:30:00,27.841
2018-11-08 14:45:00,27.723999
2018-11-08 15:00:00,28.140999
2018-11-08 15:15:00,56.903
2018-11-08 15:30:00,44.203
2018-11-08 15:45:00,31.808998
2018-11-08 16:00:00,41.947998
2018-11-08 16:15:00,47.859
2018-11-08 16:30:00,43.775
2018-11-08 16:45:00,42.763
2018-11-08 17:00:00,38.611
2018-11-08 17:15:00,35.654
2018-11-08 17:30:00,31.626
2018-11-08 17:45:00,53.892
2018-11-08 18:00:00,40.875
2018-11-08 18:15:00,44.08
2018-11-08 18:30:00,48.773003
2018-11-08 18:45:00,52.792
2018-11-08 19:00:00,42.252
2018-11-08 19:15:00,60.445
2018-11-08 19:30:00,50.516
2018-11-08 19:45:00,57.625
2018-11-08 20:00:00,40.098
2018-11-08 20:15:00,47.851997
2018-11-08 20:30:00,53.711
2018-11-08 20:45:00,62.521
2018-11-08 21:00:00,59.447998
2018-11-08 21:15:00,73.341
2018-11-08 21:30:00,70.567
2018-11-08 21:45:00,85.472
2018-11-08 22:00:00,88.512
2018-11-08 22:15:00,91.311005
2018-11-08 22:30:00,95.105
2018-11-08 22:45:00,93.346
2018-11-08 23:00:00,83.746
2018-11-08 23:15:00,95.726
2018-11-08 23:30:00,110.272995
2018-11-08 23:45:00,123.346
2018-11-09 00:00:00,126.695
2018-11-09 00:15:00,122.30599
2018-11-09 00:30:00,155.42697
2018-11-09 00:45:00,155.505
2018-11-09 01:00:00,186.243
2018-11-09 01:15:00,158.163
2018-11-09 01:30:00,171.69
2018-11-09 01:45:00,169.27599
2018-11-09 02:00:00,200.911
2018-11-09 02:15:00,219.33499
2018-11-09 02:30:00,236.75299
2018-11-09 02:45:00,253.545
2018-11-09 03:00:00,268.373
2018-11-09 03:15:00,268.922
2018-11-09 03:30:00,269.59598
2018-11-09 03:45:00,250.22899
2018-11-09 04:00:00,250.256
2018-11-09 04:15:00,266.166
2018-11-09 04:30:00,268.718
2018-11-09 04:45:00,263.391
2018-11-09 05:00:00,263.88898
2018-11-09 05:15:00,268.70398
2018-11-09 05:30:00,269.718
2018-11-09 05:45:00,269.268
2018-11-09 06:00:00,270.201
2018-11-09 06:15:00,269.737
2018-11-09 06:30:00,269.88
2018-11-09 06:45:00,269.964
2018-11-09 07:00:00,269.811
2018-11-09 07:15:00,270.005
2018-11-09 07:30:00,269.667
2018-11-09 07:45:00,269.735
2018-11-09 08:00:00,269.69098
2018-11-09 08:15:00,269.817
2018-11-09 08:30:00,269.736
2018-11-09 08:45:00,269.84198
2018-11-09 09:00:00,269.399
2018-11-09 09:15:00,269.70898
2018-11-09 09:30:00,269.16098
2018-11-09 09:45:00,270.182
2018-11-09 10:00:00,269.633
2018-11-09 10:15:00,270.24
2018-11-09 10:30:00,269.80298
2018-11-09 10:45:00,267.391
2018-11-09 11:00:00,269.879
2018-11-09 11:15:00,269.21698
2018-11-09 11:30:00,266.661
2018-11-09 11:45:00,248.88998
2018-11-09 12:00:00,225.104
2018-11-09 12:15:00,196.668
2018-11-09 12:30:00,182.169
2018-11-09 12:45:00,185.829
2018-11-09 13:00:00,214.36298
2018-11-09 13:15:00,213.63199
2018-11-09 13:30:00,197.94101
2018-11-09 13:45:00,183.209
2018-11-09 14:00:00,186.555
2018-11-09 14:15:00,176.695
2018-11-09 14:30:00,176.827
2018-11-09 14:45:00,206.841
2018-11-09 15:00:00,212.46298
2018-11-09 15:15:00,199.96698
2018-11-09 15:30:00,229.23698
2018-11-09 15:45:00,220.09698
2018-11-09 16:00:00,217.325
2018-11-09 16:15:00,194.65598
2018-11-09 16:30:00,177.413
2018-11-09 16:45:00,181.061
2018-11-09 17:00:00,188.838
2018-11-09 17:15:00,172.631
2018-11-09 17:30:00,171.987
2018-11-09 17:45:00,162.414
2018-11-09 18:00:00,166.688
2018-11-09 18:15:00,181.288
2018-11-09 18:30:00,199.215
2018-11-09 18:45:00,207.77701
2018-11-09 19:00:00,211.563
2018-11-09 19:15:00,220.09598
2018-11-09 19:30:00,225.53198
2018-11-09 19:45:00,204.82999
2018-11-09 20:00:00,195.75598
2018-11-09 20:15:00,196.12999
2018-11-09 20:30:00,194.759
2018-11-09 20:45:00,190.84201
2018-11-09 21:00:00,192.22498
2018-11-09 21:15:00,202.55698
2018-11-09 21:30:00,173.51698
2018-11-09 21:45:00,173.629
2018-11-09 22:00:00,176.87299
2018-11-09 22:15:00,145.717
2018-11-09 22:30:00,134.99698
2018-11-09 22:45:00,124.062996
2018-11-09 23:00:00,90.148
2018-11-09 23:15:00,90.853
2018-11-09 23:30:00,70.798996
2018-11-09 23:45:00,78.779
2018-11-10 00:00:00,73.609
2018-11-10 00:15:00,62.965
2018-11-10 00:30:00,69.809
2018-11-10 00:45:00,63.620003
2018-11-10 01:00:00,49.478
2018-11-10 01:15:00,37.047
2018-11-10 01:30:00,30.308
2018-11-10 01:45:00,23.035
2018-11-10 02:00:00,18.435
2018-11-10 02:15:00,16.758
2018-11-10 02:30:00,17.371
2018-11-10 02:45:00,15.504
2018-11-10 03:00:00,12.313999
2018-11-10 03:15:00,10.235
2018-11-10 03:30:00,7.8149996
2018-11-10 03:45:00,5.141
2018-11-10 04:00:00,5.549
2018-11-10 04:15:00,6.102
2018-11-10 04:30:00,5.353
2018-11-10 04:45:00,7.941
2018-11-10 05:00:00,7.692
2018-11-10 05:15:00,4.707
2018-11-10 05:30:00,3.75
2018-11-10 05:45:00,3.955
2018-11-10 06:00:00,3.051
2018-11-10 06:15:00,1.958
2018-11-10 06:30:00,1.669
2018-11-10 06:45:00,3.104
2018-11-10 07:00:00,3.766
2018-11-10 07:15:00,3.87
2018-11-10 07:30:00,3.46
2018-11-10 07:45:00,4.521
2018-11-10 08:00:00,6.363
2018-11-10 08:15:00,7.344
2018-11-10 08:30:00,8.335
2018-11-10 08:45:00,9.207001
2018-11-10 09:00:00,10.194
2018-11-10 09:15:00,12.944
2018-11-10 09:30:00,20.009
2018-11-10 09:45:00,28.541
2018-11-10 10:00:00,36.435997
2018-11-10 10:15:00,41.495003
2018-11-10 10:30:00,47.787003
2018-11-10 10:45:00,49.488
2018-11-10 11:00:00,55.133
2018-11-10 11:15:00,53.100998
2018-11-10 11:30:00,58.822
2018-11-10 11:45:00,59.312996
2018-11-10 12:00:00,48.29
2018-11-10 12:15:00,51.848
2018-11-10 12:30:00,52.131004
2018-11-10 12:45:00,49.064
2018-11-10 13:00:00,58.036
2018-11-10 13:15:00,60.608
2018-11-10 13:30:00,59.815
2018-11-10 13:45:00,69.757996
2018-11-10 14:00:00,66.224
2018-11-10 14:15:00,72.892
2018-11-10 14:30:00,70.479996
2018-11-10 14:45:00,62.417
2018-11-10 15:00:00,59.176003
2018-11-10 15:15:00,80.838
2018-11-10 15:30:00,89.677
2018-11-10 15:45:00,96.62
2018-11-10 16:00:00,96.56099
2018-11-10 16:15:00,93.994
2018-11-10 16:30:00,97.226
2018-11-10 16:45:00,123.068
2018-11-10 17:00:00,104.91099
2018-11-10 17:15:00,131.87401
2018-11-10 17:30:00,152.07199
2018-11-10 17:45:00,148.27899
2018-11-10 18:00:00,155.42
2018-11-10 18:15:00,137.558
2018-11-10 18:30:00,156.818
2018-11-10 18:45:00,175.56099
2018-11-10 19:00:00,190.46098
2018-11-10 19:15:00,191.95499
2018-11-10 19:30:00,184.20297
2018-11-10 19:45:00,167.83499
2018-11-10 20:00:00,180.92699
2018-11-10 20:15:00,183.838
2018-11-10 20:30:00,196.87598
2018-11-10 20:45:00,207.85999
2018-11-10 21:00:00,212.09898
2018-11-10 21:15:00,225.883
2018-11-10 21:30:00,223.814
2018-11-10 21:45:00,231.47699
2018-11-10 22:00:00,209.60999
2018-11-10 22:15:00,198.68
2018-11-10 22:30:00,181.004
2018-11-10 22:45:00,173.24799
2018-11-10 23:00:00,179.17497
2018-11-10 23:15:00,191.703
2018-11-10 23:30:00,192.81099
2018-11-10 23:45:00,166.734
2018-11-11 00:00:00,166.20801
2018-11-11 00:15:00,152.835
2018-11-11 00:30:00,179.24397
2018-11-11 00:45:00,229.81198
2018-11-11 01:00:00,237.87698
2018-11-11 01:15:00,254.37
2018-11-11 01:30:00,258.274
2018-11-11 01:45:00,265.075
2018-11-11 02:00:00,266.261
2018-11-11 02:15:00,264.96298
2018-11-11 02:30:00,259.563
2018-11-11 02:45:00,257.612
2018-11-11 03:00:00,258.58197
2018-11-11 03:15:00,256.306
2018-11-11 03:30:00,245.012
2018-11-11 03:45:00,262.149
2018-11-11 04:00:00,265.20697
2018-11-11 04:15:00,266.473
2018-11-11 04:30:00,264.01498
2018-11-11 04:45:00,262.326
2018-11-11 05:00:00,266.43097
2018-11-11 05:15:00,266.206
2018-11-11 05:30:00,267.58798
2018-11-11 05:45:00,264.206
2018-11-11 06:00:00,265.03198
2018-11-11 06:15:00,265.811
2018-11-11 06:30:00,266.62698
2018-11-11 06:45:00,266.284
2018-11-11 07:00:00,263.909
2018-11-11 07:15:00,263.922
2018-11-11 07:30:00,265.341
2018-11-11 07:45:00,264.04498
2018-11-11 08:00:00,265.232
2018-11-11 08:15:00,263.521
2018-11-11 08:30:00,261.991
2018-11-11 08:45:00,263.412
2018-11-11 09:00:00,261.87
2018-11-11 09:15:00,260.69797
2018-11-11 09:30:00,261.029
2018-11-11 09:45:00,260.879
2018-11-11 10:00:00,256.594
2018-11-11 10:15:00,252.55
2018-11-11 10:30:00,251.006
2018-11-11 10:45:00,249.57199
2018-11-11 11:00:00,246.66898
2018-11-11 11:15:00,240.28699
2018-11-11 11:30:00,239.271
2018-11-11 11:45:00,234.10498
2018-11-11 12:00:00,221.29599
2018-11-11 12:15:00,196.936
2018-11-11 12:30:00,207.086
2018-11-11 12:45:00,199.664
2018-11-11 13:00:00,226.25699
2018-11-11 13:15:00,210.57199
2018-11-11 13:30:00,213.047
2018-11-11 13:45:00,205.487
2018-11-11 14:00:00,133.226
2018-11-11 14:15:00,56.811
2018-11-11 14:30:00,73.05
2018-11-11 14:45:00,79.021
2018-11-11 15:00:00,79.124
2018-11-11 15:15:00,108.22101
2018-11-11 15:30:00,113.139
2018-11-11 15:45:00,116.59199
2018-11-11 16:00:00,134.239
2018-11-11 16:15:00,143.376
2018-11-11 16:30:00,145.44998
2018-11-11 16:45:00,155.388
2018-11-11 17:00:00,136.15399
2018-11-11 17:15:00,125.95499
2018-11-11 17:30:00,72.686005
2018-11-11 17:45:00,41.878998
2018-11-11 18:00:00,53.601997
2018-11-11 18:15:00,61.374
2018-11-11 18:30:00,52.504
2018-11-11 18:45:00,45.153
2018-11-11 19:00:00,47.887
2018-11-11 19:15:00,45.376
2018-11-11 19:30:00,32.159
2018-11-11 19:45:00,34.638
2018-11-11 20:00:00,40.37
2018-11-11 20:15:00,35.05
2018-11-11 20:30:00,17.82
2018-11-11 20:45:00,11.924
2018-11-11 21:00:00,9.603
2018-11-11 21:15:00,11.247
2018-11-11 21:30:00,17.322
2018-11-11 21:45:00,38.955
2018-11-11 22:00:00,44.267
2018-11-11 22:15:00,41.841
2018-11-11 22:30:00,52.168
2018-11-11 22:45:00,56.795998
2018-11-11 23:00:00,52.590004
2018-11-11 23:15:00,60.447998
2018-11-11 23:30:00,67.057
2018-11-11 23:45:00,51.317
2018-11-12 00:00:00,45.036003
2018-11-12 00:15:00,53.57
2018-11-12 00:30:00,51.674004
2018-11-12 00:45:00,58.653
2018-11-12 01:00:00,57.146
2018-11-12 01:15:00,53.593002
2018-11-12 01:30:00,68.156
2018-11-12 01:45:00,42.631
2018-11-12 02:00:00,43.256
2018-11-12 02:15:00,36.006
2018-11-12 02:30:00,33.477
2018-11-12 02:45:00,33.717
2018-11-12 03:00:00,28.765
2018-11-12 03:15:00,21.96
2018-11-12 03:30:00,15.461
2018-11-12 03:45:00,13.132
2018-11-12 04:00:00,13.165
2018-11-12 04:15:00,9.587
2018-11-12 04:30:00,11.946
2018-11-12 04:45:00,10.566
2018-11-12 05:00:00,10.8880005
2018-11-12 05:15:00,18.921999
2018-11-12 05:30:00,22.784
2018-11-12 05:45:00,49.598
2018-11-12 06:00:00,41.925
2018-11-12 06:15:00,30.111
2018-11-12 06:30:00,22.591
2018-11-12 06:45:00,4.872
2018-11-12 07:00:00,3.012
2018-11-12 07:15:00,2.017
2018-11-12 07:30:00,17.6
2018-11-12 07:45:00,30.484
2018-11-12 08:00:00,38.705997
2018-11-12 08:15:00,59.465
2018-11-12 08:30:00,63.795002
2018-11-12 08:45:00,123.39
2018-11-12 09:00:00,152.56699
2018-11-12 09:15:00,142.014
2018-11-12 09:30:00,167.73401
2018-11-12 09:45:00,155.31099
2018-11-12 10:00:00,210.72299
2018-11-12 10:15:00,255.66899
2018-11-12 10:30:00,259.438
2018-11-12 10:45:00,259.616
2018-11-12 11:00:00,259.662
2018-11-12 11:15:00,259.79596
2018-11-12 11:30:00,259.28497
2018-11-12 11:45:00,257.594
2018-11-12 12:00:00,259.593
2018-11-12 12:15:00,257.46497
2018-11-12 12:30:00,259.886
2018-11-12 12:45:00,258.985
2018-11-12 13:00:00,259.715
2018-11-12 13:15:00,259.831
2018-11-12 13:30:00,259.75598
2018-11-12 13:45:00,257.98898
2018-11-12 14:00:00,260.535
2018-11-12 14:15:00,260.09198
2018-11-12 14:30:00,257.47098
2018-11-12 14:45:00,260.07196
2018-11-12 15:00:00,255.67398
2018-11-12 15:15:00,255.094
2018-11-12 15:30:00,255.54898
2018-11-12 15:45:00,255.221
2018-11-12 16:00:00,239.823
2018-11-12 16:15:00,257.75198
2018-11-12 16:30:00,257.56198
2018-11-12 16:45:00,257.28998
2018-11-12 17:00:00,257.996
2018-11-12 17:15:00,257.583
2018-11-12 17:30:00,259.448
2018-11-12 17:45:00,259.798
2018-11-12 18:00:00,262.263
2018-11-12 18:15:00,262.21198
2018-11-12 18:30:00,261.926
2018-11-12 18:45:00,262.377
2018-11-12 19:00:00,261.61798
2018-11-12 19:15:00,261.797
2018-11-12 19:30:00,261.72
2018-11-12 19:45:00,262.15497
2018-11-12 20:00:00,259.83698
2018-11-12 20:15:00,260.06198
2018-11-12 20:30:00,262.29898
2018-11-12 20:45:00,259.25598
2018-11-12 21:00:00,264.403
2018-11-12 21:15:00,260.117
2018-11-12 21:30:00,261.92798
2018-11-12 21:45:00,264.03998
2018-11-12 22:00:00,264.99597
2018-11-12 22:15:00,264.32498
2018-11-12 22:30:00,264.353
2018-11-12 22:45:00,264.473
2018-11-12 23:00:00,264.162
2018-11-12 23:15:00,260.38098
2018-11-12 23:30:00,265.84097
2018-11-12 23:45:00,259.666
2018-11-13 00:00:00,258.63998
2018-11-13 00:15:00,241.59299
2018-11-13 00:30:00,234.39
2018-11-13 00:45:00,256.00897
2018-11-13 01:00:00,255.89398
2018-11-13 01:15:00,264.136
2018-11-13 01:30:00,264.313
2018-11-13 01:45:00,262.02597
2018-11-13 02:00:00,264.08398
2018-11-13 02:15:00,266.176
2018-11-13 02:30:00,264.57898
2018-11-13 02:45:00,262.615
2018-11-13 03:00:00,256.854
2018-11-13 03:15:00,250.21799
2018-11-13 03:30:00,252.061
2018-11-13 03:45:00,257.741
2018-11-13 04:00:00,255.82799
2018-11-13 04:15:00,257.499
2018-11-13 04:30:00,260.992
2018-11-13 04:45:00,262.248
2018-11-13 05:00:00,263.626
2018-11-13 05:15:00,266.562
2018-11-13 05:30:00,266.31
2018-11-13 05:45:00,266.34
2018-11-13 06:00:00,266.828
2018-11-13 06:15:00,261.371
2018-11-13 06:30:00,260.19598
2018-11-13 06:45:00,240.55899
2018-11-13 07:00:00,231.76297
2018-11-13 07:15:00,220.142
2018-11-13 07:30:00,226.344
2018-11-13 07:45:00,212.57199
2018-11-13 08:00:00,200.60098
2018-11-13 08:15:00,248.25699
2018-11-13 08:30:00,259.237
2018-11-13 08:45:00,262.559
2018-11-13 09:00:00,231.831
2018-11-13 09:15:00,223.69899
2018-11-13 09:30:00,210.82399
2018-11-13 09:45:00,203.54498
2018-11-13 10:00:00,223.95898
2018-11-13 10:15:00,218.15799
2018-11-13 10:30:00,200.749
2018-11-13 10:45:00,193.61899
2018-11-13 11:00:00,192.41298
2018-11-13 11:15:00,198.78198
2018-11-13 11:30:00,177.47299
2018-11-13 11:45:00,187.318
2018-11-13 12:00:00,207.01698
2018-11-13 12:15:00,208.27899
2018-11-13 12:30:00,226.845
2018-11-13 12:45:00,215.325
2018-11-13 13:00:00,205.913
2018-11-13 13:15:00,192.888
2018-11-13 13:30:00,191.84
2018-11-13 13:45:00,177.92497
2018-11-13 14:00:00,184.36699
2018-11-13 14:15:00,200.903
2018-11-13 14:30:00,199.236
2018-11-13 14:45:00,201.271
2018-11-13 15:00:00,232.78099
2018-11-13 15:15:00,210.50499
2018-11-13 15:30:00,209.991
2018-11-13 15:45:00,197.34
2018-11-13 16:00:00,178.43298
2018-11-13 16:15:00,183.637
2018-11-13 16:30:00,180.26797
2018-11-13 16:45:00,167.23401
2018-11-13 17:00:00,163.952
2018-11-13 17:15:00,158.72299
2018-11-13 17:30:00,163.22699
2018-11-13 17:45:00,158.24599
2018-11-13 18:00:00,158.07797
2018-11-13 18:15:00,154.297
2018-11-13 18:30:00,167.71399
2018-11-13 18:45:00,162.22598
2018-11-13 19:00:00,161.798
2018-11-13 19:15:00,167.61499
2018-11-13 19:30:00,162.83899
2018-11-13 19:45:00,168.40298
2018-11-13 20:00:00,163.384
2018-11-13 20:15:00,158.956
2018-11-13 20:30:00,158.60098
2018-11-13 20:45:00,166.941
2018-11-13 21:00:00,162.02301
2018-11-13 21:15:00,156.11198
2018-11-13 21:30:00,146.20099
2018-11-13 21:45:00,148.172
2018-11-13 22:00:00,131.23398
2018-11-13 22:15:00,148.039
2018-11-13 22:30:00,114.61
2018-11-13 22:45:00,92.573
2018-11-13 23:00:00,79.847
2018-11-13 23:15:00,66.408
2018-11-13 23:30:00,50.513
2018-11-13 23:45:00,42.161003
2018-11-14 00:00:00,39.134003
2018-11-14 00:15:00,42.969
2018-11-14 00:30:00,48.285
2018-11-14 00:45:00,43.892998
2018-11-14 01:00:00,36.105
2018-11-14 01:15:00,30.470001
2018-11-14 01:30:00,24.612
2018-11-14 01:45:00,22.491
2018-11-14 02:00:00,17.909
2018-11-14 02:15:00,15.165999
2018-11-14 02:30:00,10.381
2018-11-14 02:45:00,7.207
2018-11-14 03:00:00,5.416
2018-11-14 03:15:00,4.362
2018-11-14 03:30:00,1.641
2018-11-14 03:45:00,0.0
2018-11-14 04:00:00,0.0
2018-11-14 04:15:00,0.0
2018-11-14 04:30:00,0.0
2018-11-14 04:45:00,0.0
2018-11-14 05:00:00,0.0
2018-11-14 05:15:00,0.0
2018-11-14 05:30:00,0.0
2018-11-14 05:45:00,0.0
2018-11-14 06:00:00,0.0
2018-11-14 06:15:00,0.0
2018-11-14 06:30:00,0.0
2018-11-14 06:45:00,0.0
2018-11-14 07:00:00,0.456
2018-11-14 07:15:00,1.577
2018-11-14 07:30:00,2.5379999
2018-11-14 07:45:00,8.246
2018-11-14 08:00:00,10.978
2018-11-14 08:15:00,13.371
2018-11-14 08:30:00,14.245001
2018-11-14 08:45:00,17.45
2018-11-14 09:00:00,21.814
2018-11-14 09:15:00,21.617
2018-11-14 09:30:00,18.64
2018-11-14 09:45:00,19.085
2018-11-14 10:00:00,15.217999
2018-11-14 10:15:00,13.962
2018-11-14 10:30:00,6.664
2018-11-14 10:45:00,3.707
2018-11-14 11:00:00,2.287
2018-11-14 11:15:00,1.057
2018-11-14 11:30:00,1.461
2018-11-14 11:45:00,2.81
2018-11-14 12:00:00,10.375999
2018-11-14 12:15:00,11.555
2018-11-14 12:30:00,15.589001
2018-11-14 12:45:00,20.064
2018-11-14 13:00:00,20.288
2018-11-14 13:15:00,23.381
2018-11-14 13:30:00,21.097
2018-11-14 13:45:00,17.09
2018-11-14 14:00:00,13.017
2018-11-14 14:15:00,10.446
2018-11-14 14:30:00,7.0789995
2018-11-14 14:45:00,6.242
2018-11-14 15:00:00,2.61
2018-11-14 15:15:00,1.195
2018-11-14 15:30:00,0.019
2018-11-14 15:45:00,0.594
2018-11-14 16:00:00,1.038
2018-11-14 16:15:00,0.2
2018-11-14 16:30:00,6.165
2018-11-14 16:45:00,12.001
2018-11-14 17:00:00,10.17
2018-11-14 17:15:00,7.943
2018-11-14 17:30:00,9.63
2018-11-14 17:45:00,9.326
2018-11-14 18:00:00,12.858
2018-11-14 18:15:00,14.933001
2018-11-14 18:30:00,9.169
2018-11-14 18:45:00,12.295
2018-11-14 19:00:00,16.1
2018-11-14 19:15:00,21.550001
2018-11-14 19:30:00,18.017
2018-11-14 19:45:00,25.239
2018-11-14 20:00:00,34.071
2018-11-14 20:15:00,38.913998
2018-11-14 20:30:00,39.484
2018-11-14 20:45:00,42.906998
2018-11-14 21:00:00,40.874
2018-11-14 21:15:00,43.300003
2018-11-14 21:30:00,46.238
2018-11-14 21:45:00,44.849
2018-11-14 22:00:00,42.542
2018-11-14 22:15:00,34.036
2018-11-14 22:30:00,25.985
2018-11-14 22:45:00,23.083
2018-11-14 23:00:00,18.948
2018-11-14 23:15:00,19.398
2018-11-14 23:30:00,13.961
2018-11-14 23:45:00,9.109
2018-11-15 00:00:00,5.198
2018-11-15 00:15:00,1.601
2018-11-15 00:30:00,0.955
2018-11-15 00:45:00,0.0
2018-11-15 01:00:00,0.0
2018-11-15 01:15:00,0.0
2018-11-15 01:30:00,0.0
2018-11-15 01:45:00,0.0
2018-11-15 02:00:00,0.0
2018-11-15 02:15:00,0.0
2018-11-15 02:30:00,0.0
2018-11-15 02:45:00,0.0
2018-11-15 03:00:00,0.0
2018-11-15 03:15:00,0.0
2018-11-15 03:30:00,0.0
2018-11-15 03:45:00,0.0
2018-11-15 04:00:00,0.0
2018-11-15 04:15:00,0.0
2018-11-15 04:30:00,0.0
2018-11-15 04:45:00,0.0
2018-11-15 05:00:00,0.902
2018-11-15 05:15:00,0.158
2018-11-15 05:30:00,0.3
2018-11-15 05:45:00,0.0
2018-11-15 06:00:00,1.098
2018-11-15 06:15:00,4.253
2018-11-15 06:30:00,8.782
2018-11-15 06:45:00,11.04
2018-11-15 07:00:00,16.775
2018-11-15 07:15:00,20.566
2018-11-15 07:30:00,18.603
2018-11-15 07:45:00,24.988998
2018-11-15 08:00:00,29.637
2018-11-15 08:15:00,29.601
2018-11-15 08:30:00,27.851
2018-11-15 08:45:00,30.716
2018-11-15 09:00:00,33.657
2018-11-15 09:15:00,34.781
2018-11-15 09:30:00,39.092
2018-11-15 09:45:00,40.578
2018-11-15 10:00:00,37.228
2018-11-15 10:15:00,37.232
2018-11-15 10:30:00,38.619
2018-11-15 10:45:00,38.513
2018-11-15 11:00:00,37.714
2018-11-15 11:15:00,38.723
2018-11-15 11:30:00,39.482
2018-11-15 11:45:00,43.642
2018-11-15 12:00:00,112.611
2018-11-15 12:15:00,110.599
2018-11-15 12:30:00,117.418
2018-11-15 12:45:00,122.332
2018-11-15 13:00:00,126.524
2018-11-15 13:15:00,120.775
2018-11-15 13:30:00,127.751
2018-11-15 13:45:00,122.935
2018-11-15 14:00:00,116.929
2018-11-15 14:15:00,109.36
2018-11-15 14:30:00,103.149
2018-11-15 14:45:00,84.901
2018-11-15 15:00:00,72.56799
2018-11-15 15:15:00,62.982
2018-11-15 15:30:00,57.474
2018-11-15 15:45:00,44.440002
2018-11-15 16:00:00,32.704002
2018-11-15 16:15:00,28.985
2018-11-15 16:30:00,24.952
2018-11-15 16:45:00,29.225
2018-11-15 17:00:00,25.967999
2018-11-15 17:15:00,34.602
2018-11-15 17:30:00,38.151
2018-11-15 17:45:00,37.332
2018-11-15 18:00:00,40.435
2018-11-15 18:15:00,37.114
2018-11-15 18:30:00,34.524
2018-11-15 18:45:00,41.841
2018-11-15 19:00:00,39.844
2018-11-15 19:15:00,35.892998
2018-11-15 19:30:00,41.503
2018-11-15 19:45:00,34.038002
2018-11-15 20:00:00,40.189
2018-11-15 20:15:00,39.844
2018-11-15 20:30:00,51.272
2018-11-15 20:45:00,43.358
2018-11-15 21:00:00,54.692997
2018-11-15 21:15:00,55.118
2018-11-15 21:30:00,48.155
2018-11-15 21:45:00,55.987
2018-11-15 22:00:00,52.569
2018-11-15 22:15:00,56.531002
2018-11-15 22:30:00,49.243
2018-11-15 22:45:00,42.358
2018-11-15 23:00:00,41.053
2018-11-15 23:15:00,42.879
2018-11-15 23:30:00,50.203
2018-11-15 23:45:00,59.472
2018-11-16 00:00:00,54.447
2018-11-16 00:15:00,49.35
2018-11-16 00:30:00,47.739
2018-11-16 00:45:00,43.528
2018-11-16 01:00:00,49.776
2018-11-16 01:15:00,56.068
2018-11-16 01:30:00,56.695
2018-11-16 01:45:00,54.275
2018-11-16 02:00:00,52.926003
2018-11-16 02:15:00,58.954002
2018-11-16 02:30:00,72.39
2018-11-16 02:45:00,74.315994
2018-11-16 03:00:00,85.36
2018-11-16 03:15:00,84.961
2018-11-16 03:30:00,90.599
2018-11-16 03:45:00,92.04
2018-11-16 04:00:00,103.367
2018-11-16 04:15:00,103.578
2018-11-16 04:30:00,120.017
2018-11-16 04:45:00,139.02197
2018-11-16 05:00:00,157.811
2018-11-16 05:15:00,184.384
2018-11-16 05:30:00,192.616
2018-11-16 05:45:00,197.35999
2018-11-16 06:00:00,192.87598
2018-11-16 06:15:00,185.80899
2018-11-16 06:30:00,181.775
2018-11-16 06:45:00,187.19798
2018-11-16 07:00:00,186.448
2018-11-16 07:15:00,194.618
2018-11-16 07:30:00,195.338
2018-11-16 07:45:00,186.10498
2018-11-16 08:00:00,204.42899
2018-11-16 08:15:00,203.423
2018-11-16 08:30:00,207.315
2018-11-16 08:45:00,211.612
2018-11-16 09:00:00,213.69601
2018-11-16 09:15:00,203.66998
2018-11-16 09:30:00,202.501
2018-11-16 09:45:00,201.759
2018-11-16 10:00:00,193.37299
2018-11-16 10:15:00,186.45398
2018-11-16 10:30:00,178.04599
2018-11-16 10:45:00,168.136
2018-11-16 11:00:00,164.287
2018-11-16 11:15:00,156.06
2018-11-16 11:30:00,138.98297
2018-11-16 11:45:00,117.425
2018-11-16 12:00:00,102.184
2018-11-16 12:15:00,100.556
2018-11-16 12:30:00,98.229996
2018-11-16 12:45:00,84.795
2018-11-16 13:00:00,78.545
2018-11-16 13:15:00,74.067
2018-11-16 13:30:00,58.635
2018-11-16 13:45:00,51.854004
2018-11-16 14:00:00,58.627
2018-11-16 14:15:00,48.676
2018-11-16 14:30:00,48.870003
2018-11-16 14:45:00,37.595
2018-11-16 15:00:00,29.445
2018-11-16 15:15:00,26.897999
2018-11-16 15:30:00,29.029
2018-11-16 15:45:00,31.654
2018-11-16 16:00:00,30.279
2018-11-16 16:15:00,33.178
2018-11-16 16:30:00,24.29
2018-11-16 16:45:00,24.694
2018-11-16 17:00:00,22.837002
2018-11-16 17:15:00,18.662998
2018-11-16 17:30:00,20.268
2018-11-16 17:45:00,23.853
2018-11-16 18:00:00,27.453
2018-11-16 18:15:00,30.641998
2018-11-16 18:30:00,39.494
2018-11-16 18:45:00,44.519
2018-11-16 19:00:00,54.143997
2018-11-16 19:15:00,61.879
2018-11-16 19:30:00,70.655
2018-11-16 19:45:00,75.856995
2018-11-16 20:00:00,72.46
2018-11-16 20:15:00,72.951996
2018-11-16 20:30:00,70.241
2018-11-16 20:45:00,76.983
2018-11-16 21:00:00,78.491
2018-11-16 21:15:00,83.689
2018-11-16 21:30:00,85.624
2018-11-16 21:45:00,84.291
2018-11-16 22:00:00,89.461
2018-11-16 22:15:00,87.746
2018-11-16 22:30:00,78.673996
2018-11-16 22:45:00,72.052
2018-11-16 23:00:00,66.046005
2018-11-16 23:15:00,65.099
2018-11-16 23:30:00,84.037994
2018-11-16 23:45:00,93.823
2018-11-17 00:00:00,99.630005
2018-11-17 00:15:00,130.989
2018-11-17 00:30:00,143.14899
2018-11-17 00:45:00,156.756
2018-11-17 01:00:00,160.702
2018-11-17 01:15:00,176.749
2018-11-17 01:30:00,174.27701
2018-11-17 01:45:00,165.39499
2018-11-17 02:00:00,161.76099
2018-11-17 02:15:00,176.334
2018-11-17 02:30:00,198.241
2018-11-17 02:45:00,224.20798
2018-11-17 03:00:00,226.101
2018-11-17 03:15:00,227.745
2018-11-17 03:30:00,239.801
2018-11-17 03:45:00,248.00098
2018-11-17 04:00:00,249.82599
2018-11-17 04:15:00,247.54599
2018-11-17 04:30:00,245.185
2018-11-17 04:45:00,248.21597
2018-11-17 05:00:00,238.548
2018-11-17 05:15:00,228.79399
2018-11-17 05:30:00,236.58897
2018-11-17 05:45:00,231.624
2018-11-17 06:00:00,243.522
2018-11-17 06:15:00,220.58
2018-11-17 06:30:00,238.57199
2018-11-17 06:45:00,217.087
2018-11-17 07:00:00,217.08899
2018-11-17 07:15:00,206.92899
2018-11-17 07:30:00,196.578
2018-11-17 07:45:00,184.87
2018-11-17 08:00:00,176.354
2018-11-17 08:15:00,173.504
2018-11-17 08:30:00,181.094
2018-11-17 08:45:00,167.041
2018-11-17 09:00:00,160.095
2018-11-17 09:15:00,157.091
2018-11-17 09:30:00,154.812
2018-11-17 09:45:00,152.87198
2018-11-17 10:00:00,152.237
2018-11-17 10:15:00,159.054
2018-11-17 10:30:00,166.603
2018-11-17 10:45:00,162.68498
2018-11-17 11:00:00,163.20398
2018-11-17 11:15:00,186.44598
2018-11-17 11:30:00,175.495
2018-11-17 11:45:00,189.27599
2018-11-17 12:00:00,188.177
2018-11-17 12:15:00,182.50198
2018-11-17 12:30:00,169.788
2018-11-17 12:45:00,184.091
2018-11-17 13:00:00,189.709
2018-11-17 13:15:00,197.181
2018-11-17 13:30:00,203.597
2018-11-17 13:45:00,227.609
2018-11-17 14:00:00,207.87
2018-11-17 14:15:00,195.582
2018-11-17 14:30:00,175.57797
2018-11-17 14:45:00,155.56699
2018-11-17 15:00:00,139.777
2018-11-17 15:15:00,147.187
2018-11-17 15:30:00,130.876
2018-11-17 15:45:00,134.707
2018-11-17 16:00:00,160.34
2018-11-17 16:15:00,150.72299
2018-11-17 16:30:00,147.08899
2018-11-17 16:45:00,155.61499
2018-11-17 17:00:00,168.6
2018-11-17 17:15:00,158.45297
2018-11-17 17:30:00,127.901
2018-11-17 17:45:00,100.774
2018-11-17 18:00:00,93.534
2018-11-17 18:15:00,98.40401
2018-11-17 18:30:00,90.578995
2018-11-17 18:45:00,77.018005
2018-11-17 19:00:00,54.766
2018-11-17 19:15:00,69.197
2018-11-17 19:30:00,60.926003
2018-11-17 19:45:00,59.318
2018-11-17 20:00:00,58.744
2018-11-17 20:15:00,48.385002
2018-11-17 20:30:00,34.682
2018-11-17 20:45:00,25.895
2018-11-17 21:00:00,21.119
2018-11-17 21:15:00,24.469
2018-11-17 21:30:00,46.079
2018-11-17 21:45:00,31.815
2018-11-17 22:00:00,27.909
2018-11-17 22:15:00,24.015999
2018-11-17 22:30:00,24.345
2018-11-17 22:45:00,42.073
2018-11-17 23:00:00,39.238
2018-11-17 23:15:00,41.172
2018-11-17 23:30:00,48.511
2018-11-17 23:45:00,64.072
2018-11-18 00:00:00,77.826996
2018-11-18 00:15:00,134.514
2018-11-18 00:30:00,186.21399
2018-11-18 00:45:00,154.78699
2018-11-18 01:00:00,203.89099
2018-11-18 01:15:00,202.245
2018-11-18 01:30:00,256.595
2018-11-18 01:45:00,261.551
2018-11-18 02:00:00,257.474
2018-11-18 02:15:00,267.663
2018-11-18 02:30:00,268.47998
2018-11-18 02:45:00,268.67798
2018-11-18 03:00:00,269.861
2018-11-18 03:15:00,269.36
2018-11-18 03:30:00,269.12698
2018-11-18 03:45:00,266.88797
2018-11-18 04:00:00,267.957
2018-11-18 04:15:00,265.63998
2018-11-18 04:30:00,268.599
2018-11-18 04:45:00,268.949
2018-11-18 05:00:00,269.227
2018-11-18 05:15:00,265.054
2018-11-18 05:30:00,261.21298
2018-11-18 05:45:00,262.861
2018-11-18 06:00:00,268.17297
2018-11-18 06:15:00,259.81097
2018-11-18 06:30:00,257.68896
2018-11-18 06:45:00,259.094
2018-11-18 07:00:00,268.33298
2018-11-18 07:15:00,256.78198
2018-11-18 07:30:00,266.229
2018-11-18 07:45:00,260.99197
2018-11-18 08:00:00,242.859
2018-11-18 08:15:00,247.78699
2018-11-18 08:30:00,257.18298
2018-11-18 08:45:00,252.66998
2018-11-18 09:00:00,252.50299
2018-11-18 09:15:00,252.90399
2018-11-18 09:30:00,255.77197
2018-11-18 09:45:00,250.98299
2018-11-18 10:00:00,247.57599
2018-11-18 10:15:00,241.25699
2018-11-18 10:30:00,247.547
2018-11-18 10:45:00,258.697
2018-11-18 11:00:00,249.65
2018-11-18 11:15:00,262.095
2018-11-18 11:30:00,260.16998
2018-11-18 11:45:00,253.21698
2018-11-18 12:00:00,261.873
2018-11-18 12:15:00,255.501
2018-11-18 12:30:00,254.775
2018-11-18 12:45:00,254.449
2018-11-18 13:00:00,252.903
2018-11-18 13:15:00,255.678
2018-11-18 13:30:00,229.949
2018-11-18 13:45:00,228.268
2018-11-18 14:00:00,243.616
2018-11-18 14:15:00,217.76398
2018-11-18 14:30:00,200.29001
2018-11-18 14:45:00,196.801
2018-11-18 15:00:00,200.41599
2018-11-18 15:15:00,199.442
2018-11-18 15:30:00,199.742
2018-11-18 15:45:00,194.25201
2018-11-18 16:00:00,178.42099
2018-11-18 16:15:00,201.58899
2018-11-18 16:30:00,179.47
2018-11-18 16:45:00,158.77599
2018-11-18 17:00:00,150.389
2018-11-18 17:15:00,121.838
2018-11-18 17:30:00,125.445984
2018-11-18 17:45:00,114.295
2018-11-18 18:00:00,104.97398
2018-11-18 18:15:00,96.339005
2018-11-18 18:30:00,90.768
2018-11-18 18:45:00,108.068
2018-11-18 19:00:00,116.618
2018-11-18 19:15:00,129.064
2018-11-18 19:30:00,114.534
2018-11-18 19:45:00,128.457
2018-11-18 20:00:00,128.758
2018-11-18 20:15:00,117.644
2018-11-18 20:30:00,123.279
2018-11-18 20:45:00,153.66399
2018-11-18 21:00:00,175.478
2018-11-18 21:15:00,76.66499
2018-11-18 21:30:00,58.153
2018-11-18 21:45:00,32.685
2018-11-18 22:00:00,22.846
2018-11-18 22:15:00,23.445
2018-11-18 22:30:00,18.882
2018-11-18 22:45:00,18.33
2018-11-18 23:00:00,11.474
2018-11-18 23:15:00,10.558001
2018-11-18 23:30:00,15.629
2018-11-18 23:45:00,10.402
2018-11-19 00:00:00,10.201
2018-11-19 00:15:00,16.959
2018-11-19 00:30:00,11.207001
2018-11-19 00:45:00,0.414
2018-11-19 01:00:00,0.91
2018-11-19 01:15:00,0.037
2018-11-19 01:30:00,0.72
2018-11-19 01:45:00,1.04
2018-11-19 02:00:00,2.896
2018-11-19 02:15:00,3.532
2018-11-19 02:30:00,1.428
2018-11-19 02:45:00,1.233
2018-11-19 03:00:00,0.142
2018-11-19 03:15:00,0.0
2018-11-19 03:30:00,0.0
2018-11-19 03:45:00,0.0
2018-11-19 04:00:00,0.0
2018-11-19 04:15:00,0.0
2018-11-19 04:30:00,0.0
2018-11-19 04:45:00,0.0
2018-11-19 05:00:00,0.0
2018-11-19 05:15:00,3.2789998
2018-11-19 05:30:00,6.708
2018-11-19 05:45:00,0.0
2018-11-19 06:00:00,0.0
2018-11-19 06:15:00,0.0
2018-11-19 06:30:00,0.0
2018-11-19 06:45:00,0.0
2018-11-19 07:00:00,0.0
2018-11-19 07:15:00,0.0
2018-11-19 07:30:00,0.0
2018-11-19 07:45:00,0.0
2018-11-19 08:00:00,0.0
2018-11-19 08:15:00,0.0
2018-11-19 08:30:00,0.0
2018-11-19 08:45:00,0.0
2018-11-19 09:00:00,0.0
2018-11-19 09:15:00,0.0
2018-11-19 09:30:00,0.0
2018-11-19 09:45:00,0.0
2018-11-19 10:00:00,0.0
2018-11-19 10:15:00,0.0
2018-11-19 10:30:00,0.0
2018-11-19 10:45:00,0.0
2018-11-19 11:00:00,0.741
2018-11-19 11:15:00,1.864
2018-11-19 11:30:00,1.162
2018-11-19 11:45:00,2.394
2018-11-19 12:00:00,0.738
2018-11-19 12:15:00,0.541
2018-11-19 12:30:00,0.0
2018-11-19 12:45:00,0.0
2018-11-19 13:00:00,0.0
2018-11-19 13:15:00,0.0
2018-11-19 13:30:00,0.0
2018-11-19 13:45:00,0.0
2018-11-19 14:00:00,0.0
2018-11-19 14:15:00,0.0
2018-11-19 14:30:00,0.0
2018-11-19 14:45:00,0.0
2018-11-19 15:00:00,0.0
2018-11-19 15:15:00,0.0
2018-11-19 15:30:00,0.0
2018-11-19 15:45:00,0.0
2018-11-19 16:00:00,0.0
2018-11-19 16:15:00,0.0
2018-11-19 16:30:00,0.0
2018-11-19 16:45:00,0.0
2018-11-19 17:00:00,0.0
2018-11-19 17:15:00,0.0
2018-11-19 17:30:00,0.0
2018-11-19 17:45:00,0.0
2018-11-19 18:00:00,0.0
2018-11-19 18:15:00,0.0
2018-11-19 18:30:00,0.0
2018-11-19 18:45:00,0.0
2018-11-19 19:00:00,0.0
2018-11-19 19:15:00,0.0
2018-11-19 19:30:00,0.0
2018-11-19 19:45:00,0.0
2018-11-19 20:00:00,0.0
2018-11-19 20:15:00,0.0
2018-11-19 20:30:00,0.0
2018-11-19 20:45:00,0.0
2018-11-19 21:00:00,0.0
2018-11-19 21:15:00,0.0
2018-11-19 21:30:00,0.0
2018-11-19 21:45:00,0.153
2018-11-19 22:00:00,0.0
2018-11-19 22:15:00,3.028
2018-11-19 22:30:00,6.397
2018-11-19 22:45:00,9.796
2018-11-19 23:00:00,17.994999
2018-11-19 23:15:00,18.211
2018-11-19 23:30:00,14.122
2018-11-19 23:45:00,14.261
2018-11-20 00:00:00,12.365
2018-11-20 00:15:00,9.865
2018-11-20 00:30:00,17.283
2018-11-20 00:45:00,21.765
2018-11-20 01:00:00,19.602001
2018-11-20 01:15:00,22.851
2018-11-20 01:30:00,27.095001
2018-11-20 01:45:00,24.295
2018-11-20 02:00:00,27.376
2018-11-20 02:15:00,30.442001
2018-11-20 02:30:00,27.81
2018-11-20 02:45:00,26.803001
2018-11-20 03:00:00,32.001
2018-11-20 03:15:00,32.201
2018-11-20 03:30:00,32.378998
2018-11-20 03:45:00,31.58
2018-11-20 04:00:00,38.515
2018-11-20 04:15:00,39.302002
2018-11-20 04:30:00,36.115997
2018-11-20 04:45:00,35.894
2018-11-20 05:00:00,34.426003
2018-11-20 05:15:00,35.949
2018-11-20 05:30:00,40.039
2018-11-20 05:45:00,42.597
2018-11-20 06:00:00,52.081
2018-11-20 06:15:00,52.764
2018-11-20 06:30:00,46.432
2018-11-20 06:45:00,49.612
2018-11-20 07:00:00,63.407
2018-11-20 07:15:00,67.461
2018-11-20 07:30:00,75.429
2018-11-20 07:45:00,61.231
2018-11-20 08:00:00,90.468
2018-11-20 08:15:00,106.359
2018-11-20 08:30:00,81.839005
2018-11-20 08:45:00,93.337
2018-11-20 09:00:00,96.746
2018-11-20 09:15:00,120.358
2018-11-20 09:30:00,135.767
2018-11-20 09:45:00,136.888
2018-11-20 10:00:00,122.547
2018-11-20 10:15:00,112.118
2018-11-20 10:30:00,92.987
2018-11-20 10:45:00,53.521
2018-11-20 11:00:00,47.245
2018-11-20 11:15:00,48.315002
2018-11-20 11:30:00,34.086
2018-11-20 11:45:00,43.475998
2018-11-20 12:00:00,48.825996
2018-11-20 12:15:00,80.749
2018-11-20 12:30:00,92.897
2018-11-20 12:45:00,111.949005
2018-11-20 13:00:00,99.47
2018-11-20 13:15:00,79.270996
2018-11-20 13:30:00,51.544
2018-11-20 13:45:00,41.233
2018-11-20 14:00:00,38.108
2018-11-20 14:15:00,28.099998
2018-11-20 14:30:00,26.367
2018-11-20 14:45:00,19.068
2018-11-20 15:00:00,7.22
2018-11-20 15:15:00,5.955
2018-11-20 15:30:00,3.9320002
2018-11-20 15:45:00,2.316
2018-11-20 16:00:00,4.735
2018-11-20 16:15:00,3.2319999
2018-11-20 16:30:00,0.939
2018-11-20 16:45:00,1.086
2018-11-20 17:00:00,0.163
2018-11-20 17:15:00,0.0
2018-11-20 17:30:00,0.0
2018-11-20 17:45:00,0.0
2018-11-20 18:00:00,0.0
2018-11-20 18:15:00,2.6940002
2018-11-20 18:30:00,2.105
2018-11-20 18:45:00,1.752
2018-11-20 19:00:00,1.908
2018-11-20 19:15:00,1.063
2018-11-20 19:30:00,0.0
2018-11-20 19:45:00,0.0
2018-11-20 20:00:00,0.0
2018-11-20 20:15:00,0.0
2018-11-20 20:30:00,0.0
2018-11-20 20:45:00,0.0
2018-11-20 21:00:00,0.0
2018-11-20 21:15:00,0.0
2018-11-20 21:30:00,0.0
2018-11-20 21:45:00,0.0
2018-11-20 22:00:00,0.0
2018-11-20 22:15:00,0.0
2018-11-20 22:30:00,0.0
2018-11-20 22:45:00,0.0
2018-11-20 23:00:00,0.0
2018-11-20 23:15:00,0.341
2018-11-20 23:30:00,0.3
2018-11-20 23:45:00,0.86700004
2018-11-21 00:00:00,2.847
2018-11-21 00:15:00,6.4659996
2018-11-21 00:30:00,11.702
2018-11-21 00:45:00,14.41
2018-11-21 01:00:00,16.727
2018-11-21 01:15:00,19.17
2018-11-21 01:30:00,21.306
2018-11-21 01:45:00,25.098999
2018-11-21 02:00:00,35.121
2018-11-21 02:15:00,43.008
2018-11-21 02:30:00,54.302002
2018-11-21 02:45:00,61.017998
2018-11-21 03:00:00,63.149002
2018-11-21 03:15:00,47.303
2018-11-21 03:30:00,50.591
2018-11-21 03:45:00,60.766
2018-11-21 04:00:00,67.147
2018-11-21 04:15:00,75.403
2018-11-21 04:30:00,88.233
2018-11-21 04:45:00,101.775
2018-11-21 05:00:00,116.535995
2018-11-21 05:15:00,132.387
2018-11-21 05:30:00,136.782
2018-11-21 05:45:00,140.87498
2018-11-21 06:00:00,149.109
2018-11-21 06:15:00,142.925
2018-11-21 06:30:00,151.581
2018-11-21 06:45:00,145.87099
2018-11-21 07:00:00,158.78
2018-11-21 07:15:00,175.539
2018-11-21 07:30:00,189.699
2018-11-21 07:45:00,183.919
2018-11-21 08:00:00,157.86801
2018-11-21 08:15:00,121.43001
2018-11-21 08:30:00,87.63
2018-11-21 08:45:00,68.349
2018-11-21 09:00:00,76.01
2018-11-21 09:15:00,92.943
2018-11-21 09:30:00,84.588
2018-11-21 09:45:00,59.946
2018-11-21 10:00:00,50.549
2018-11-21 10:15:00,41.638
2018-11-21 10:30:00,45.104
2018-11-21 10:45:00,43.361
2018-11-21 11:00:00,46.493
2018-11-21 11:15:00,42.36
2018-11-21 11:30:00,43.733
2018-11-21 11:45:00,47.415
2018-11-21 12:00:00,57.142998
2018-11-21 12:15:00,66.67
2018-11-21 12:30:00,74.082
2018-11-21 12:45:00,86.21
2018-11-21 13:00:00,87.399
2018-11-21 13:15:00,79.744995
2018-11-21 13:30:00,68.492004
2018-11-21 13:45:00,76.055
2018-11-21 14:00:00,72.382996
2018-11-21 14:15:00,59.614
2018-11-21 14:30:00,54.761
2018-11-21 14:45:00,58.823
2018-11-21 15:00:00,41.807
2018-11-21 15:15:00,34.65
2018-11-21 15:30:00,32.805
2018-11-21 15:45:00,26.418
2018-11-21 16:00:00,35.163
2018-11-21 16:15:00,49.982998
2018-11-21 16:30:00,44.072
2018-11-21 16:45:00,34.805
2018-11-21 17:00:00,33.268997
2018-11-21 17:15:00,35.356
2018-11-21 17:30:00,42.162
2018-11-21 17:45:00,33.206
2018-11-21 18:00:00,33.135002
2018-11-21 18:15:00,28.456
2018-11-21 18:30:00,25.322
2018-11-21 18:45:00,23.234001
2018-11-21 19:00:00,15.669001
2018-11-21 19:15:00,17.495
2018-11-21 19:30:00,20.543999
2018-11-21 19:45:00,21.841
2018-11-21 20:00:00,20.55
2018-11-21 20:15:00,14.625999
2018-11-21 20:30:00,10.832
2018-11-21 20:45:00,8.47
2018-11-21 21:00:00,6.521
2018-11-21 21:15:00,2.973
2018-11-21 21:30:00,0.0
2018-11-21 21:45:00,0.0
2018-11-21 22:00:00,0.0
2018-11-21 22:15:00,0.8
2018-11-21 22:30:00,1.4
2018-11-21 22:45:00,1.1
2018-11-21 23:00:00,2.179
2018-11-21 23:15:00,1.222
2018-11-21 23:30:00,1.898
2018-11-21 23:45:00,6.1400003
2018-11-22 00:00:00,8.468
2018-11-22 00:15:00,11.957001
2018-11-22 00:30:00,8.225
2018-11-22 00:45:00,13.445999
2018-11-22 01:00:00,12.242001
2018-11-22 01:15:00,16.721
2018-11-22 01:30:00,19.098999
2018-11-22 01:45:00,24.108
2018-11-22 02:00:00,31.866001
2018-11-22 02:15:00,38.21
2018-11-22 02:30:00,39.717003
2018-11-22 02:45:00,48.637
2018-11-22 03:00:00,54.909004
2018-11-22 03:15:00,52.202
2018-11-22 03:30:00,50.108
2018-11-22 03:45:00,56.012
2018-11-22 04:00:00,57.706
2018-11-22 04:15:00,55.875
2018-11-22 04:30:00,50.133
2018-11-22 04:45:00,57.7
2018-11-22 05:00:00,53.753
2018-11-22 05:15:00,57.393997
2018-11-22 05:30:00,62.281002
2018-11-22 05:45:00,59.963997
2018-11-22 06:00:00,63.597
2018-11-22 06:15:00,64.631
2018-11-22 06:30:00,72.37601
2018-11-22 06:45:00,72.007996
2018-11-22 07:00:00,93.873
2018-11-22 07:15:00,95.58099
2018-11-22 07:30:00,123.08
2018-11-22 07:45:00,113.258
2018-11-22 08:00:00,116.207
2018-11-22 08:15:00,121.397
2018-11-22 08:30:00,111.056
2018-11-22 08:45:00,106.0
2018-11-22 09:00:00,104.003
2018-11-22 09:15:00,122.372
2018-11-22 09:30:00,110.01601
2018-11-22 09:45:00,78.434
2018-11-22 10:00:00,83.949005
2018-11-22 10:15:00,54.544
2018-11-22 10:30:00,36.92
2018-11-22 10:45:00,29.362
2018-11-22 11:00:00,15.114
2018-11-22 11:15:00,4.375
2018-11-22 11:30:00,0.364
2018-11-22 11:45:00,0.0
2018-11-22 12:00:00,0.0
2018-11-22 12:15:00,0.0
2018-11-22 12:30:00,0.0
2018-11-22 12:45:00,0.0
2018-11-22 13:00:00,0.0
2018-11-22 13:15:00,0.0
2018-11-22 13:30:00,0.0
2018-11-22 13:45:00,2.414
2018-11-22 14:00:00,4.241
2018-11-22 14:15:00,10.931
2018-11-22 14:30:00,19.062
2018-11-22 14:45:00,23.784
2018-11-22 15:00:00,24.313
2018-11-22 15:15:00,20.038
2018-11-22 15:30:00,32.492
2018-11-22 15:45:00,51.433
2018-11-22 16:00:00,64.211
2018-11-22 16:15:00,63.585
2018-11-22 16:30:00,63.406
2018-11-22 16:45:00,65.555
2018-11-22 17:00:00,56.357002
2018-11-22 17:15:00,77.196
2018-11-22 17:30:00,81.026
2018-11-22 17:45:00,90.984
2018-11-22 18:00:00,112.505005
2018-11-22 18:15:00,113.537
2018-11-22 18:30:00,119.769
2018-11-22 18:45:00,103.815
2018-11-22 19:00:00,115.668
2018-11-22 19:15:00,109.777
2018-11-22 19:30:00,100.593
2018-11-22 19:45:00,100.403
2018-11-22 20:00:00,109.800995
2018-11-22 20:15:00,129.73
2018-11-22 20:30:00,143.37599
2018-11-22 20:45:00,165.37198
2018-11-22 21:00:00,175.73001
2018-11-22 21:15:00,164.35599
2018-11-22 21:30:00,168.16
2018-11-22 21:45:00,179.15099
2018-11-22 22:00:00,169.538
2018-11-22 22:15:00,167.08199
2018-11-22 22:30:00,181.275
2018-11-22 22:45:00,176.853
2018-11-22 23:00:00,157.26898
2018-11-22 23:15:00,147.65298
2018-11-22 23:30:00,156.471
2018-11-22 23:45:00,144.57999
2018-11-23 00:00:00,153.02301
2018-11-23 00:15:00,180.284
2018-11-23 00:30:00,200.745
2018-11-23 00:45:00,217.991
2018-11-23 01:00:00,227.79398
2018-11-23 01:15:00,226.664
2018-11-23 01:30:00,201.864
2018-11-23 01:45:00,204.719
2018-11-23 02:00:00,204.324
2018-11-23 02:15:00,243.50899
2018-11-23 02:30:00,247.92699
2018-11-23 02:45:00,266.46698
2018-11-23 03:00:00,266.326
2018-11-23 03:15:00,267.38397
2018-11-23 03:30:00,268.85397
2018-11-23 03:45:00,269.92197
2018-11-23 04:00:00,269.80298
2018-11-23 04:15:00,268.15796
2018-11-23 04:30:00,266.94
2018-11-23 04:45:00,265.511
2018-11-23 05:00:00,265.607
2018-11-23 05:15:00,268.01498
2018-11-23 05:30:00,265.86398
2018-11-23 05:45:00,269.201
2018-11-23 06:00:00,264.24
2018-11-23 06:15:00,267.45697
2018-11-23 06:30:00,257.79697
2018-11-23 06:45:00,256.85297
2018-11-23 07:00:00,250.72598
2018-11-23 07:15:00,239.836
2018-11-23 07:30:00,225.63498
2018-11-23 07:45:00,237.07098
2018-11-23 08:00:00,257.10397
2018-11-23 08:15:00,253.62997
2018-11-23 08:30:00,250.63298
2018-11-23 08:45:00,250.79898
2018-11-23 09:00:00,263.883
2018-11-23 09:15:00,266.35498
2018-11-23 09:30:00,264.37997
2018-11-23 09:45:00,245.82399
2018-11-23 10:00:00,244.87799
2018-11-23 10:15:00,229.66599
2018-11-23 10:30:00,240.73598
2018-11-23 10:45:00,241.057
2018-11-23 11:00:00,214.975
2018-11-23 11:15:00,189.012
2018-11-23 11:30:00,179.928
2018-11-23 11:45:00,168.54599
2018-11-23 12:00:00,165.20099
2018-11-23 12:15:00,154.36499
2018-11-23 12:30:00,159.969
2018-11-23 12:45:00,170.00499
2018-11-23 13:00:00,153.53198
2018-11-23 13:15:00,151.90799
2018-11-23 13:30:00,131.73898
2018-11-23 13:45:00,127.649
2018-11-23 14:00:00,122.945
2018-11-23 14:15:00,104.345
2018-11-23 14:30:00,85.749
2018-11-23 14:45:00,86.347
2018-11-23 15:00:00,90.509
2018-11-23 15:15:00,121.438995
2018-11-23 15:30:00,189.356
2018-11-23 15:45:00,211.07799
2018-11-23 16:00:00,243.3
2018-11-23 16:15:00,256.13998
2018-11-23 16:30:00,258.916
2018-11-23 16:45:00,263.852
2018-11-23 17:00:00,256.50598
2018-11-23 17:15:00,262.65298
2018-11-23 17:30:00,261.53998
2018-11-23 17:45:00,259.419
2018-11-23 18:00:00,256.348
2018-11-23 18:15:00,235.092
2018-11-23 18:30:00,213.071
2018-11-23 18:45:00,180.73901
2018-11-23 19:00:00,164.749
2018-11-23 19:15:00,165.892
2018-11-23 19:30:00,119.54698
2018-11-23 19:45:00,123.048004
2018-11-23 20:00:00,129.956
2018-11-23 20:15:00,121.456
2018-11-23 20:30:00,108.16901
2018-11-23 20:45:00,110.86
2018-11-23 21:00:00,116.412
2018-11-23 21:15:00,113.39899
2018-11-23 21:30:00,134.85
2018-11-23 21:45:00,98.398
2018-11-23 22:00:00,90.767
2018-11-23 22:15:00,74.739
2018-11-23 22:30:00,39.879
2018-11-23 22:45:00,35.348
2018-11-23 23:00:00,36.982002
2018-11-23 23:15:00,32.971
2018-11-23 23:30:00,31.580002
2018-11-23 23:45:00,31.161
2018-11-24 00:00:00,31.338001
2018-11-24 00:15:00,33.02
2018-11-24 00:30:00,31.753
2018-11-24 00:45:00,32.139
2018-11-24 01:00:00,36.223
2018-11-24 01:15:00,42.348
2018-11-24 01:30:00,36.934998
2018-11-24 01:45:00,37.882
2018-11-24 02:00:00,38.822
2018-11-24 02:15:00,42.285
2018-11-24 02:30:00,45.187
2018-11-24 02:45:00,51.844
2018-11-24 03:00:00,45.394
2018-11-24 03:15:00,57.947
2018-11-24 03:30:00,54.738
2018-11-24 03:45:00,57.725
2018-11-24 04:00:00,64.027
2018-11-24 04:15:00,88.83501
2018-11-24 04:30:00,97.388
2018-11-24 04:45:00,93.231995
2018-11-24 05:00:00,77.619
2018-11-24 05:15:00,70.287994
2018-11-24 05:30:00,58.333
2018-11-24 05:45:00,58.612
2018-11-24 06:00:00,44.481
2018-11-24 06:15:00,34.526
2018-11-24 06:30:00,29.761002
2018-11-24 06:45:00,25.168999
2018-11-24 07:00:00,28.359
2018-11-24 07:15:00,41.729
2018-11-24 07:30:00,70.093994
2018-11-24 07:45:00,94.347
2018-11-24 08:00:00,79.065
2018-11-24 08:15:00,92.856
2018-11-24 08:30:00,87.895004
2018-11-24 08:45:00,83.103
2018-11-24 09:00:00,79.741
2018-11-24 09:15:00,55.544
2018-11-24 09:30:00,43.724
2018-11-24 09:45:00,36.984
2018-11-24 10:00:00,30.303
2018-11-24 10:15:00,26.255
2018-11-24 10:30:00,23.192
2018-11-24 10:45:00,32.946
2018-11-24 11:00:00,34.603
2018-11-24 11:15:00,33.891
2018-11-24 11:30:00,32.428
2018-11-24 11:45:00,36.568
2018-11-24 12:00:00,31.98
2018-11-24 12:15:00,32.799
2018-11-24 12:30:00,28.569
2018-11-24 12:45:00,26.129002
2018-11-24 13:00:00,30.783
2018-11-24 13:15:00,31.19
2018-11-24 13:30:00,28.858
2018-11-24 13:45:00,37.426003
2018-11-24 14:00:00,34.39
2018-11-24 14:15:00,46.275
2018-11-24 14:30:00,47.447998
2018-11-24 14:45:00,54.901
2018-11-24 15:00:00,78.878
2018-11-24 15:15:00,90.285995
2018-11-24 15:30:00,82.578995
2018-11-24 15:45:00,67.857
2018-11-24 16:00:00,68.856
2018-11-24 16:15:00,59.640003
2018-11-24 16:30:00,60.189
2018-11-24 16:45:00,54.468
2018-11-24 17:00:00,48.824
2018-11-24 17:15:00,51.667
2018-11-24 17:30:00,85.688
2018-11-24 17:45:00,105.12599
2018-11-24 18:00:00,142.356
2018-11-24 18:15:00,175.442
2018-11-24 18:30:00,210.93599
2018-11-24 18:45:00,228.926
2018-11-24 19:00:00,227.079
2018-11-24 19:15:00,235.243
2018-11-24 19:30:00,221.469
2018-11-24 19:45:00,251.763
2018-11-24 20:00:00,250.37999
2018-11-24 20:15:00,250.64899
2018-11-24 20:30:00,242.21098
2018-11-24 20:45:00,253.82199
2018-11-24 21:00:00,247.14697
2018-11-24 21:15:00,232.62599
2018-11-24 21:30:00,206.213
2018-11-24 21:45:00,157.53299
2018-11-24 22:00:00,111.053986
2018-11-24 22:15:00,123.746
2018-11-24 22:30:00,176.09698
2018-11-24 22:45:00,246.62799
2018-11-24 23:00:00,228.21399
2018-11-24 23:15:00,241.59198
2018-11-24 23:30:00,227.48799
2018-11-24 23:45:00,184.62701
2018-11-25 00:00:00,181.634
2018-11-25 00:15:00,206.85999
2018-11-25 00:30:00,213.478
2018-11-25 00:45:00,222.64198
2018-11-25 01:00:00,262.35797
2018-11-25 01:15:00,253.034
2018-11-25 01:30:00,237.91098
2018-11-25 01:45:00,243.85197
2018-11-25 02:00:00,224.65399
2018-11-25 02:15:00,213.51299
2018-11-25 02:30:00,173.725
2018-11-25 02:45:00,199.931
2018-11-25 03:00:00,212.90298
2018-11-25 03:15:00,226.969
2018-11-25 03:30:00,232.24399
2018-11-25 03:45:00,220.236
2018-11-25 04:00:00,206.94798
2018-11-25 04:15:00,221.191
2018-11-25 04:30:00,222.05899
2018-11-25 04:45:00,178.64801
2018-11-25 05:00:00,180.51
2018-11-25 05:15:00,182.09201
2018-11-25 05:30:00,208.32
2018-11-25 05:45:00,219.439
2018-11-25 06:00:00,182.78198
2018-11-25 06:15:00,188.926
2018-11-25 06:30:00,175.241
2018-11-25 06:45:00,184.29398
2018-11-25 07:00:00,157.275
2018-11-25 07:15:00,136.271
2018-11-25 07:30:00,131.69499
2018-11-25 07:45:00,106.321
2018-11-25 08:00:00,83.474
2018-11-25 08:15:00,120.614
2018-11-25 08:30:00,135.729
2018-11-25 08:45:00,123.146
2018-11-25 09:00:00,133.613
2018-11-25 09:15:00,141.06999
2018-11-25 09:30:00,136.776
2018-11-25 09:45:00,139.069
2018-11-25 10:00:00,162.28
2018-11-25 10:15:00,257.97
2018-11-25 10:30:00,264.974
2018-11-25 10:45:00,263.082
2018-11-25 11:00:00,265.03
2018-11-25 11:15:00,262.583
2018-11-25 11:30:00,265.047
2018-11-25 11:45:00,263.23297
2018-11-25 12:00:00,263.688
2018-11-25 12:15:00,239.23898
2018-11-25 12:30:00,195.86798
2018-11-25 12:45:00,170.48099
2018-11-25 13:00:00,201.554
2018-11-25 13:15:00,233.436
2018-11-25 13:30:00,225.19098
2018-11-25 13:45:00,217.36598
2018-11-25 14:00:00,208.756
2018-11-25 14:15:00,234.57199
2018-11-25 14:30:00,230.77298
2018-11-25 14:45:00,225.69598
2018-11-25 15:00:00,257.90796
2018-11-25 15:15:00,259.10898
2018-11-25 15:30:00,261.646
2018-11-25 15:45:00,259.96198
2018-11-25 16:00:00,262.745
2018-11-25 16:15:00,259.257
2018-11-25 16:30:00,259.211
2018-11-25 16:45:00,263.206
2018-11-25 17:00:00,252.04099
2018-11-25 17:15:00,255.19398
2018-11-25 17:30:00,251.014
2018-11-25 17:45:00,256.485
2018-11-25 18:00:00,240.61499
2018-11-25 18:15:00,247.38098
2018-11-25 18:30:00,256.625
2018-11-25 18:45:00,256.564
2018-11-25 19:00:00,251.298
2018-11-25 19:15:00,258.615
2018-11-25 19:30:00,257.65497
2018-11-25 19:45:00,258.774
2018-11-25 20:00:00,262.688
2018-11-25 20:15:00,261.016
2018-11-25 20:30:00,260.38098
2018-11-25 20:45:00,263.095
2018-11-25 21:00:00,263.271
2018-11-25 21:15:00,260.244
2018-11-25 21:30:00,261.93698
2018-11-25 21:45:00,263.12198
2018-11-25 22:00:00,260.999
2018-11-25 22:15:00,261.005
2018-11-25 22:30:00,245.89899
2018-11-25 22:45:00,218.53
2018-11-25 23:00:00,185.512
2018-11-25 23:15:00,174.507
2018-11-25 23:30:00,161.22
2018-11-25 23:45:00,185.25598
2018-11-26 00:00:00,155.854
2018-11-26 00:15:00,115.04899
2018-11-26 00:30:00,99.62
2018-11-26 00:45:00,106.601
2018-11-26 01:00:00,100.397
2018-11-26 01:15:00,94.024
2018-11-26 01:30:00,98.661
2018-11-26 01:45:00,105.769
2018-11-26 02:00:00,78.607
2018-11-26 02:15:00,64.935
2018-11-26 02:30:00,47.914
2018-11-26 02:45:00,41.563
2018-11-26 03:00:00,57.641
2018-11-26 03:15:00,71.205
2018-11-26 03:30:00,74.065
2018-11-26 03:45:00,81.076996
2018-11-26 04:00:00,68.462
2018-11-26 04:15:00,53.68
2018-11-26 04:30:00,47.805
2018-11-26 04:45:00,70.121
2018-11-26 05:00:00,65.201
2018-11-26 05:15:00,68.242
2018-11-26 05:30:00,78.903
2018-11-26 05:45:00,68.206
2018-11-26 06:00:00,45.045998
2018-11-26 06:15:00,44.256
2018-11-26 06:30:00,33.959
2018-11-26 06:45:00,35.446
2018-11-26 07:00:00,36.872
2018-11-26 07:15:00,63.607
2018-11-26 07:30:00,80.03
2018-11-26 07:45:00,86.448
2018-11-26 08:00:00,88.022
2018-11-26 08:15:00,73.76
2018-11-26 08:30:00,76.535995
2018-11-26 08:45:00,77.681
2018-11-26 09:00:00,86.48
2018-11-26 09:15:00,107.939
2018-11-26 09:30:00,145.665
2018-11-26 09:45:00,149.01599
2018-11-26 10:00:00,113.619995
2018-11-26 10:15:00,109.607
2018-11-26 10:30:00,87.513
2018-11-26 10:45:00,71.418
2018-11-26 11:00:00,73.203995
2018-11-26 11:15:00,89.19899
2018-11-26 11:30:00,67.089005
2018-11-26 11:45:00,52.091003
2018-11-26 12:00:00,77.235
2018-11-26 12:15:00,76.882996
2018-11-26 12:30:00,80.467
2018-11-26 12:45:00,84.041
2018-11-26 13:00:00,91.0
2018-11-26 13:15:00,84.743
2018-11-26 13:30:00,80.517
2018-11-26 13:45:00,87.379
2018-11-26 14:00:00,89.878
2018-11-26 14:15:00,91.251
2018-11-26 14:30:00,88.863
2018-11-26 14:45:00,68.364
2018-11-26 15:00:00,69.039
2018-11-26 15:15:00,68.165
2018-11-26 15:30:00,81.285
2018-11-26 15:45:00,77.94701
2018-11-26 16:00:00,70.195
2018-11-26 16:15:00,69.036
2018-11-26 16:30:00,77.547
2018-11-26 16:45:00,76.938995
2018-11-26 17:00:00,73.968
2018-11-26 17:15:00,80.623
2018-11-26 17:30:00,78.846
2018-11-26 17:45:00,74.076996
2018-11-26 18:00:00,65.053
2018-11-26 18:15:00,62.990997
2018-11-26 18:30:00,48.277
2018-11-26 18:45:00,45.135002
2018-11-26 19:00:00,35.361
2018-11-26 19:15:00,20.788
2018-11-26 19:30:00,11.8619995
2018-11-26 19:45:00,5.7
2018-11-26 20:00:00,2.747
2018-11-26 20:15:00,1.649
2018-11-26 20:30:00,1.704
2018-11-26 20:45:00,0.525
2018-11-26 21:00:00,0.0
2018-11-26 21:15:00,4.121
2018-11-26 21:30:00,2.467
2018-11-26 21:45:00,0.175
2018-11-26 22:00:00,0.0
2018-11-26 22:15:00,0.0
2018-11-26 22:30:00,0.0
2018-11-26 22:45:00,0.0
2018-11-26 23:00:00,0.0
2018-11-26 23:15:00,0.0
2018-11-26 23:30:00,0.0
2018-11-26 23:45:00,0.0
2018-11-27 00:00:00,0.0
2018-11-27 00:15:00,0.0
2018-11-27 00:30:00,0.0
2018-11-27 00:45:00,0.0
2018-11-27 01:00:00,0.0
2018-11-27 01:15:00,0.0
2018-11-27 01:30:00,0.0
2018-11-27 01:45:00,0.366
2018-11-27 02:00:00,0.0
2018-11-27 02:15:00,0.0
2018-11-27 02:30:00,0.0
2018-11-27 02:45:00,1.9200001
2018-11-27 03:00:00,1.4390001
2018-11-27 03:15:00,1.051
2018-11-27 03:30:00,6.671
2018-11-27 03:45:00,8.048
2018-11-27 04:00:00,23.096
2018-11-27 04:15:00,44.121002
2018-11-27 04:30:00,68.621
2018-11-27 04:45:00,84.722
2018-11-27 05:00:00,116.348
2018-11-27 05:15:00,135.19499
2018-11-27 05:30:00,153.75099
2018-11-27 05:45:00,137.63501
2018-11-27 06:00:00,110.012
2018-11-27 06:15:00,104.867
2018-11-27 06:30:00,112.866
2018-11-27 06:45:00,111.784
2018-11-27 07:00:00,117.146996
2018-11-27 07:15:00,127.40199
2018-11-27 07:30:00,136.668
2018-11-27 07:45:00,140.754
2018-11-27 08:00:00,176.26898
2018-11-27 08:15:00,169.249
2018-11-27 08:30:00,164.07
2018-11-27 08:45:00,149.73698
2018-11-27 09:00:00,171.726
2018-11-27 09:15:00,192.43599
2018-11-27 09:30:00,196.773
2018-11-27 09:45:00,197.70699
2018-11-27 10:00:00,190.08301
2018-11-27 10:15:00,171.345
2018-11-27 10:30:00,160.00198
2018-11-27 10:45:00,180.616
2018-11-27 11:00:00,174.78
2018-11-27 11:15:00,185.01398
2018-11-27 11:30:00,171.41699
2018-11-27 11:45:00,168.834
2018-11-27 12:00:00,137.765
2018-11-27 12:15:00,116.94299
2018-11-27 12:30:00,128.276
2018-11-27 12:45:00,141.905
2018-11-27 13:00:00,136.70099
2018-11-27 13:15:00,126.573
2018-11-27 13:30:00,113.736
2018-11-27 13:45:00,135.64899
2018-11-27 14:00:00,132.482
2018-11-27 14:15:00,126.921
2018-11-27 14:30:00,117.055
2018-11-27 14:45:00,111.778
2018-11-27 15:00:00,112.48801
2018-11-27 15:15:00,100.64101
2018-11-27 15:30:00,103.308
2018-11-27 15:45:00,109.201004
2018-11-27 16:00:00,117.296005
2018-11-27 16:15:00,112.67
2018-11-27 16:30:00,119.733
2018-11-27 16:45:00,111.131
2018-11-27 17:00:00,101.167
2018-11-27 17:15:00,97.475
2018-11-27 17:30:00,75.18
2018-11-27 17:45:00,78.59
2018-11-27 18:00:00,79.08501
2018-11-27 18:15:00,84.04
2018-11-27 18:30:00,74.425
2018-11-27 18:45:00,65.531
2018-11-27 19:00:00,59.122
2018-11-27 19:15:00,60.595
2018-11-27 19:30:00,65.998
2018-11-27 19:45:00,83.124
2018-11-27 20:00:00,95.058
2018-11-27 20:15:00,84.536
2018-11-27 20:30:00,96.344
2018-11-27 20:45:00,82.856995
2018-11-27 21:00:00,80.642
2018-11-27 21:15:00,85.673996
2018-11-27 21:30:00,92.743
2018-11-27 21:45:00,80.546
2018-11-27 22:00:00,92.072
2018-11-27 22:15:00,92.852005
2018-11-27 22:30:00,93.561
2018-11-27 22:45:00,89.301
2018-11-27 23:00:00,84.604996
2018-11-27 23:15:00,107.402
2018-11-27 23:30:00,118.746
2018-11-27 23:45:00,128.104
2018-11-28 00:00:00,145.772
2018-11-28 00:15:00,153.428
2018-11-28 00:30:00,178.95398
2018-11-28 00:45:00,204.61798
2018-11-28 01:00:00,216.142
2018-11-28 01:15:00,234.013
2018-11-28 01:30:00,246.504
2018-11-28 01:45:00,247.361
2018-11-28 02:00:00,242.91
2018-11-28 02:15:00,224.021
2018-11-28 02:30:00,229.68
2018-11-28 02:45:00,228.838
2018-11-28 03:00:00,220.79999
2018-11-28 03:15:00,222.77197
2018-11-28 03:30:00,218.07
2018-11-28 03:45:00,241.38399
2018-11-28 04:00:00,248.60397
2018-11-28 04:15:00,261.85098
2018-11-28 04:30:00,262.25598
2018-11-28 04:45:00,260.621
2018-11-28 05:00:00,258.365
2018-11-28 05:15:00,252.84999
2018-11-28 05:30:00,242.80699
2018-11-28 05:45:00,252.67197
2018-11-28 06:00:00,262.301
2018-11-28 06:15:00,257.04797
2018-11-28 06:30:00,259.75998
2018-11-28 06:45:00,259.414
2018-11-28 07:00:00,260.20798
2018-11-28 07:15:00,261.04498
2018-11-28 07:30:00,260.57498
2018-11-28 07:45:00,262.482
2018-11-28 08:00:00,263.917
2018-11-28 08:15:00,264.081
2018-11-28 08:30:00,263.19098
2018-11-28 08:45:00,262.533
2018-11-28 09:00:00,261.226
2018-11-28 09:15:00,260.79898
2018-11-28 09:30:00,258.676
2018-11-28 09:45:00,246.95
2018-11-28 10:00:00,230.94699
2018-11-28 10:15:00,208.90799
2018-11-28 10:30:00,213.59898
2018-11-28 10:45:00,255.70999
2018-11-28 11:00:00,261.633
2018-11-28 11:15:00,243.71999
2018-11-28 11:30:00,234.05899
2018-11-28 11:45:00,247.11899
2018-11-28 12:00:00,249.69598
2018-11-28 12:15:00,253.53198
2018-11-28 12:30:00,245.006
2018-11-28 12:45:00,233.67097
2018-11-28 13:00:00,232.70398
2018-11-28 13:15:00,255.10498
2018-11-28 13:30:00,260.399
2018-11-28 13:45:00,245.36798
2018-11-28 14:00:00,225.63397
2018-11-28 14:15:00,222.95699
2018-11-28 14:30:00,207.274
2018-11-28 14:45:00,193.02197
2018-11-28 15:00:00,189.355
2018-11-28 15:15:00,195.33398
2018-11-28 15:30:00,187.448
2018-11-28 15:45:00,182.548
2018-11-28 16:00:00,180.083
2018-11-28 16:15:00,185.159
2018-11-28 16:30:00,226.242
2018-11-28 16:45:00,245.316
2018-11-28 17:00:00,238.212
2018-11-28 17:15:00,243.24399
2018-11-28 17:30:00,240.24799
2018-11-28 17:45:00,232.22598
2018-11-28 18:00:00,221.81897
2018-11-28 18:15:00,222.24599
2018-11-28 18:30:00,224.93399
2018-11-28 18:45:00,202.89798
2018-11-28 19:00:00,194.66199
2018-11-28 19:15:00,184.006
2018-11-28 19:30:00,192.78497
2018-11-28 19:45:00,180.659
2018-11-28 20:00:00,188.305
2018-11-28 20:15:00,174.85901
2018-11-28 20:30:00,167.845
2018-11-28 20:45:00,178.491
2018-11-28 21:00:00,172.093
2018-11-28 21:15:00,195.75299
2018-11-28 21:30:00,164.183
2018-11-28 21:45:00,169.013
2018-11-28 22:00:00,170.213
2018-11-28 22:15:00,164.259
2018-11-28 22:30:00,171.97598
2018-11-28 22:45:00,140.962
2018-11-28 23:00:00,124.315994
2018-11-28 23:15:00,130.537
2018-11-28 23:30:00,136.64198
2018-11-28 23:45:00,168.64899
2018-11-29 00:00:00,180.215
2018-11-29 00:15:00,179.41
2018-11-29 00:30:00,189.54398
2018-11-29 00:45:00,190.24399
2018-11-29 01:00:00,202.68
2018-11-29 01:15:00,216.789
2018-11-29 01:30:00,251.43497
2018-11-29 01:45:00,264.194
2018-11-29 02:00:00,263.32
2018-11-29 02:15:00,264.125
2018-11-29 02:30:00,264.913
2018-11-29 02:45:00,263.01398
2018-11-29 03:00:00,259.734
2018-11-29 03:15:00,256.524
2018-11-29 03:30:00,261.296
2018-11-29 03:45:00,263.33398
2018-11-29 04:00:00,263.08698
2018-11-29 04:15:00,260.23297
2018-11-29 04:30:00,263.502
2018-11-29 04:45:00,262.25998
2018-11-29 05:00:00,261.095
2018-11-29 05:15:00,262.44897
2018-11-29 05:30:00,263.69897
2018-11-29 05:45:00,263.968
2018-11-29 06:00:00,263.447
2018-11-29 06:15:00,261.617
2018-11-29 06:30:00,261.424
2018-11-29 06:45:00,262.35098
2018-11-29 07:00:00,263.151
2018-11-29 07:15:00,262.413
2018-11-29 07:30:00,263.706
2018-11-29 07:45:00,259.70502
2018-11-29 08:00:00,260.824
2018-11-29 08:15:00,255.704
2018-11-29 08:30:00,261.573
2018-11-29 08:45:00,261.899
2018-11-29 09:00:00,260.33698
2018-11-29 09:15:00,246.63399
2018-11-29 09:30:00,251.79398
2018-11-29 09:45:00,257.908
2018-11-29 10:00:00,261.214
2018-11-29 10:15:00,257.697
2018-11-29 10:30:00,258.015
2018-11-29 10:45:00,253.32098
2018-11-29 11:00:00,248.984
2018-11-29 11:15:00,238.793
2018-11-29 11:30:00,218.48299
2018-11-29 11:45:00,201.621
2018-11-29 12:00:00,189.216
2018-11-29 12:15:00,182.354
2018-11-29 12:30:00,186.157
2018-11-29 12:45:00,201.29999
2018-11-29 13:00:00,181.444
2018-11-29 13:15:00,189.766
2018-11-29 13:30:00,171.285
2018-11-29 13:45:00,143.20999
2018-11-29 14:00:00,126.11101
2018-11-29 14:15:00,140.957
2018-11-29 14:30:00,145.783
2018-11-29 14:45:00,125.486
2018-11-29 15:00:00,111.297
2018-11-29 15:15:00,102.726
2018-11-29 15:30:00,86.265
2018-11-29 15:45:00,73.175
2018-11-29 16:00:00,61.403
2018-11-29 16:15:00,57.177998
2018-11-29 16:30:00,46.765
2018-11-29 16:45:00,51.036003
2018-11-29 17:00:00,42.635002
2018-11-29 17:15:00,52.22
2018-11-29 17:30:00,58.698
2018-11-29 17:45:00,63.146
2018-11-29 18:00:00,64.12
2018-11-29 18:15:00,69.167
2018-11-29 18:30:00,66.169
2018-11-29 18:45:00,67.607
2018-11-29 19:00:00,65.083
2018-11-29 19:15:00,59.684
2018-11-29 19:30:00,59.658
2018-11-29 19:45:00,54.009003
2018-11-29 20:00:00,43.13
2018-11-29 20:15:00,41.517998
2018-11-29 20:30:00,45.164
2018-11-29 20:45:00,28.93
2018-11-29 21:00:00,33.298
2018-11-29 21:15:00,41.552002
2018-11-29 21:30:00,40.165
2018-11-29 21:45:00,33.667
2018-11-29 22:00:00,37.760002
2018-11-29 22:15:00,32.41
2018-11-29 22:30:00,24.004
2018-11-29 22:45:00,15.768001
2018-11-29 23:00:00,15.872
2018-11-29 23:15:00,20.207
2018-11-29 23:30:00,18.463
2018-11-29 23:45:00,18.326
2018-11-30 00:00:00,17.26
2018-11-30 00:15:00,18.824001
2018-11-30 00:30:00,23.383999
2018-11-30 00:45:00,26.447
2018-11-30 01:00:00,24.526
2018-11-30 01:15:00,25.907
2018-11-30 01:30:00,24.88
2018-11-30 01:45:00,27.606998
2018-11-30 02:00:00,31.067
2018-11-30 02:15:00,41.478
2018-11-30 02:30:00,73.692
2018-11-30 02:45:00,113.93001
2018-11-30 03:00:00,107.79
2018-11-30 03:15:00,115.714
2018-11-30 03:30:00,108.87399
2018-11-30 03:45:00,112.58501
2018-11-30 04:00:00,120.575
2018-11-30 04:15:00,131.12
2018-11-30 04:30:00,144.528
2018-11-30 04:45:00,149.758
2018-11-30 05:00:00,141.015
2018-11-30 05:15:00,145.982
2018-11-30 05:30:00,161.407
2018-11-30 05:45:00,160.132
2018-11-30 06:00:00,169.586
2018-11-30 06:15:00,175.699
2018-11-30 06:30:00,169.41599
2018-11-30 06:45:00,171.73798
2018-11-30 07:00:00,164.745
2018-11-30 07:15:00,172.081
2018-11-30 07:30:00,173.436
2018-11-30 07:45:00,185.82098
2018-11-30 08:00:00,181.40399
2018-11-30 08:15:00,174.37
2018-11-30 08:30:00,178.07498
2018-11-30 08:45:00,186.83298
2018-11-30 09:00:00,208.94699
2018-11-30 09:15:00,216.42398
2018-11-30 09:30:00,226.187
2018-11-30 09:45:00,258.193
2018-11-30 10:00:00,261.976
2018-11-30 10:15:00,263.15
2018-11-30 10:30:00,260.576
2018-11-30 10:45:00,252.26799
2018-11-30 11:00:00,250.825
2018-11-30 11:15:00,245.03601
2018-11-30 11:30:00,230.297
2018-11-30 11:45:00,223.50899
2018-11-30 12:00:00,211.70798
2018-11-30 12:15:00,218.45099
2018-11-30 12:30:00,242.609
2018-11-30 12:45:00,250.694
2018-11-30 13:00:00,249.849
2018-11-30 13:15:00,249.922
2018-11-30 13:30:00,258.869
2018-11-30 13:45:00,256.422
2018-11-30 14:00:00,249.54099
2018-11-30 14:15:00,248.00198
2018-11-30 14:30:00,253.88399
2018-11-30 14:45:00,254.83598
2018-11-30 15:00:00,253.638
2018-11-30 15:15:00,245.633
2018-11-30 15:30:00,250.62698
2018-11-30 15:45:00,255.50899
2018-11-30 16:00:00,255.42899
2018-11-30 16:15:00,253.09598
2018-11-30 16:30:00,253.72198
2018-11-30 16:45:00,256.724
2018-11-30 17:00:00,257.81897
2018-11-30 17:15:00,257.739
2018-11-30 17:30:00,258.563
2018-11-30 17:45:00,258.741
2018-11-30 18:00:00,258.21698
2018-11-30 18:15:00,257.833
2018-11-30 18:30:00,256.995
2018-11-30 18:45:00,258.163
2018-11-30 19:00:00,257.599
2018-11-30 19:15:00,255.85397
2018-11-30 19:30:00,255.91699
2018-11-30 19:45:00,255.513
2018-11-30 20:00:00,254.43597
2018-11-30 20:15:00,257.288
2018-11-30 20:30:00,247.81299
2018-11-30 20:45:00,239.203
2018-11-30 21:00:00,237.71698
2018-11-30 21:15:00,244.505
2018-11-30 21:30:00,229.70398
2018-11-30 21:45:00,234.331
2018-11-30 22:00:00,223.67499
2018-11-30 22:15:00,210.536
2018-11-30 22:30:00,200.02197
2018-11-30 22:45:00,179.38898
2018-11-30 23:00:00,159.91199
2018-11-30 23:15:00,226.387
2018-11-30 23:30:00,176.80098
2018-11-30 23:45:00,149.55301
2018-12-01 00:00:00,144.10498
2018-12-01 00:15:00,146.275
2018-12-01 00:30:00,161.017
2018-12-01 00:45:00,180.496
2018-12-01 01:00:00,142.618
2018-12-01 01:15:00,126.430984
2018-12-01 01:30:00,157.33
2018-12-01 01:45:00,180.906
2018-12-01 02:00:00,212.19098
2018-12-01 02:15:00,226.90698
2018-12-01 02:30:00,232.063
2018-12-01 02:45:00,255.107
2018-12-01 03:00:00,253.902
2018-12-01 03:15:00,252.499
2018-12-01 03:30:00,260.723
2018-12-01 03:45:00,259.03598
2018-12-01 04:00:00,258.504
2018-12-01 04:15:00,259.54898
2018-12-01 04:30:00,257.349
2018-12-01 04:45:00,250.29199
2018-12-01 05:00:00,256.099
2018-12-01 05:15:00,260.542
2018-12-01 05:30:00,259.46
2018-12-01 05:45:00,258.573
2018-12-01 06:00:00,260.685
2018-12-01 06:15:00,260.448
2018-12-01 06:30:00,258.52
2018-12-01 06:45:00,259.372
2018-12-01 07:00:00,254.31798
2018-12-01 07:15:00,240.01599
2018-12-01 07:30:00,231.75198
2018-12-01 07:45:00,247.79797
2018-12-01 08:00:00,241.04
2018-12-01 08:15:00,246.56398
2018-12-01 08:30:00,240.65599
2018-12-01 08:45:00,239.13199
2018-12-01 09:00:00,238.14299
2018-12-01 09:15:00,218.979
2018-12-01 09:30:00,207.16699
2018-12-01 09:45:00,204.302
2018-12-01 10:00:00,228.38498
2018-12-01 10:15:00,210.95798
2018-12-01 10:30:00,208.847
2018-12-01 10:45:00,205.32199
2018-12-01 11:00:00,204.01898
2018-12-01 11:15:00,199.06699
2018-12-01 11:30:00,194.08798
2018-12-01 11:45:00,197.44199
2018-12-01 12:00:00,207.70798
2018-12-01 12:15:00,212.07901
2018-12-01 12:30:00,208.35
2018-12-01 12:45:00,208.53299
2018-12-01 13:00:00,221.76799
2018-12-01 13:15:00,216.77097
2018-12-01 13:30:00,220.73401
2018-12-01 13:45:00,234.137
2018-12-01 14:00:00,224.857
2018-12-01 14:15:00,225.099
2018-12-01 14:30:00,229.448
2018-12-01 14:45:00,237.68199
2018-12-01 15:00:00,242.07
2018-12-01 15:15:00,246.484
2018-12-01 15:30:00,247.707
2018-12-01 15:45:00,250.38998
2018-12-01 16:00:00,249.09799
2018-12-01 16:15:00,249.92798
2018-12-01 16:30:00,252.75099
2018-12-01 16:45:00,254.77597
2018-12-01 17:00:00,257.213
2018-12-01 17:15:00,259.309
2018-12-01 17:30:00,261.32
2018-12-01 17:45:00,256.464
2018-12-01 18:00:00,259.62698
2018-12-01 18:15:00,259.193
2018-12-01 18:30:00,261.09198
2018-12-01 18:45:00,255.93799
2018-12-01 19:00:00,255.93799
2018-12-01 19:15:00,255.01599
2018-12-01 19:30:00,244.57199
2018-12-01 19:45:00,250.91098
2018-12-01 20:00:00,250.915
2018-12-01 20:15:00,246.32399
2018-12-01 20:30:00,252.255
2018-12-01 20:45:00,249.24799
2018-12-01 21:00:00,244.68298
2018-12-01 21:15:00,243.428
2018-12-01 21:30:00,234.044
2018-12-01 21:45:00,238.48999
2018-12-01 22:00:00,228.61499
2018-12-01 22:15:00,223.738
2018-12-01 22:30:00,202.92
2018-12-01 22:45:00,166.51599
2018-12-01 23:00:00,112.429
2018-12-01 23:15:00,83.462006
2018-12-01 23:30:00,78.062
2018-12-01 23:45:00,64.05
2018-12-02 00:00:00,59.365
2018-12-02 00:15:00,67.287994
2018-12-02 00:30:00,88.823
2018-12-02 00:45:00,102.612
2018-12-02 01:00:00,98.685
2018-12-02 01:15:00,106.831
2018-12-02 01:30:00,102.289
2018-12-02 01:45:00,93.753
2018-12-02 02:00:00,81.821
2018-12-02 02:15:00,76.326996
2018-12-02 02:30:00,102.066
2018-12-02 02:45:00,128.709
2018-12-02 03:00:00,129.512
2018-12-02 03:15:00,114.766
2018-12-02 03:30:00,92.724
2018-12-02 03:45:00,101.007
2018-12-02 04:00:00,120.763
2018-12-02 04:15:00,128.17398
2018-12-02 04:30:00,142.608
2018-12-02 04:45:00,150.97299
2018-12-02 05:00:00,148.162
2018-12-02 05:15:00,151.649
2018-12-02 05:30:00,164.499
2018-12-02 05:45:00,152.408
2018-12-02 06:00:00,164.187
2018-12-02 06:15:00,200.56699
2018-12-02 06:30:00,192.40201
2018-12-02 06:45:00,171.534
2018-12-02 07:00:00,143.178
2018-12-02 07:15:00,154.70499
2018-12-02 07:30:00,182.80598
2018-12-02 07:45:00,199.15799
2018-12-02 08:00:00,224.706
2018-12-02 08:15:00,258.54498
2018-12-02 08:30:00,251.739
2018-12-02 08:45:00,245.629
2018-12-02 09:00:00,222.202
2018-12-02 09:15:00,171.923
2018-12-02 09:30:00,128.479
2018-12-02 09:45:00,136.69499
2018-12-02 10:00:00,142.508
2018-12-02 10:15:00,142.484
2018-12-02 10:30:00,151.21799
2018-12-02 10:45:00,155.847
2018-12-02 11:00:00,166.19098
2018-12-02 11:15:00,173.4
2018-12-02 11:30:00,154.297
2018-12-02 11:45:00,147.26498
2018-12-02 12:00:00,126.38199
2018-12-02 12:15:00,54.231
2018-12-02 12:30:00,28.09
2018-12-02 12:45:00,18.217
2018-12-02 13:00:00,13.064
2018-12-02 13:15:00,16.795
2018-12-02 13:30:00,20.966
2018-12-02 13:45:00,29.559
2018-12-02 14:00:00,37.957
2018-12-02 14:15:00,33.072998
2018-12-02 14:30:00,32.249
2018-12-02 14:45:00,26.283
2018-12-02 15:00:00,16.534
2018-12-02 15:15:00,20.787
2018-12-02 15:30:00,24.535
2018-12-02 15:45:00,33.447
2018-12-02 16:00:00,34.275
2018-12-02 16:15:00,35.211
2018-12-02 16:30:00,28.024002
2018-12-02 16:45:00,16.289
2018-12-02 17:00:00,9.575
2018-12-02 17:15:00,2.7
2018-12-02 17:30:00,0.0
2018-12-02 17:45:00,0.0
2018-12-02 18:00:00,0.0
2018-12-02 18:15:00,0.0
2018-12-02 18:30:00,0.376
2018-12-02 18:45:00,1.814
2018-12-02 19:00:00,0.0
2018-12-02 19:15:00,0.0
2018-12-02 19:30:00,0.0
2018-12-02 19:45:00,0.0
2018-12-02 20:00:00,0.0
2018-12-02 20:15:00,0.0
2018-12-02 20:30:00,0.0
2018-12-02 20:45:00,0.0
2018-12-02 21:00:00,0.0
2018-12-02 21:15:00,0.0
2018-12-02 21:30:00,0.0
2018-12-02 21:45:00,0.0
2018-12-02 22:00:00,8.7
2018-12-02 22:15:00,14.0
2018-12-02 22:30:00,20.149
2018-12-02 22:45:00,16.063
2018-12-02 23:00:00,14.586
2018-12-02 23:15:00,17.763
2018-12-02 23:30:00,24.764
2018-12-02 23:45:00,31.447
2018-12-03 00:00:00,39.201
2018-12-03 00:15:00,52.249
2018-12-03 00:30:00,72.589005
2018-12-03 00:45:00,84.06
2018-12-03 01:00:00,103.205
2018-12-03 01:15:00,121.23099
2018-12-03 01:30:00,117.541
2018-12-03 01:45:00,123.879
2018-12-03 02:00:00,132.217
2018-12-03 02:15:00,146.1
2018-12-03 02:30:00,159.942
2018-12-03 02:45:00,159.81299
2018-12-03 03:00:00,154.805
2018-12-03 03:15:00,162.02701
2018-12-03 03:30:00,156.06
2018-12-03 03:45:00,140.94098
2018-12-03 04:00:00,131.075
2018-12-03 04:15:00,119.053
2018-12-03 04:30:00,109.576996
2018-12-03 04:45:00,93.83
2018-12-03 05:00:00,75.881
2018-12-03 05:15:00,59.864
2018-12-03 05:30:00,60.818
2018-12-03 05:45:00,63.028
2018-12-03 06:00:00,58.894997
2018-12-03 06:15:00,62.465996
2018-12-03 06:30:00,50.304
2018-12-03 06:45:00,39.88
2018-12-03 07:00:00,30.460999
2018-12-03 07:15:00,30.617
2018-12-03 07:30:00,29.395
2018-12-03 07:45:00,27.155
2018-12-03 08:00:00,29.097
2018-12-03 08:15:00,35.919
2018-12-03 08:30:00,29.279999
2018-12-03 08:45:00,27.34
2018-12-03 09:00:00,29.779
2018-12-03 09:15:00,34.998
2018-12-03 09:30:00,30.522999
2018-12-03 09:45:00,29.957
2018-12-03 10:00:00,25.681
2018-12-03 10:15:00,36.095
2018-12-03 10:30:00,39.953003
2018-12-03 10:45:00,35.922
2018-12-03 11:00:00,31.968
2018-12-03 11:15:00,29.369
2018-12-03 11:30:00,34.007
2018-12-03 11:45:00,32.046
2018-12-03 12:00:00,31.891998
2018-12-03 12:15:00,26.08
2018-12-03 12:30:00,29.407001
2018-12-03 12:45:00,29.779
2018-12-03 13:00:00,29.189
2018-12-03 13:15:00,26.572
2018-12-03 13:30:00,26.238
2018-12-03 13:45:00,35.585
2018-12-03 14:00:00,58.758003
2018-12-03 14:15:00,46.914
2018-12-03 14:30:00,29.182
2018-12-03 14:45:00,25.578
2018-12-03 15:00:00,23.634998
2018-12-03 15:15:00,21.639
2018-12-03 15:30:00,28.982
2018-12-03 15:45:00,28.251
2018-12-03 16:00:00,30.73
2018-12-03 16:15:00,19.83
2018-12-03 16:30:00,13.719
2018-12-03 16:45:00,14.267
2018-12-03 17:00:00,16.625
2018-12-03 17:15:00,16.478
2018-12-03 17:30:00,16.237999
2018-12-03 17:45:00,12.038
2018-12-03 18:00:00,11.014999
2018-12-03 18:15:00,8.847
2018-12-03 18:30:00,9.885
2018-12-03 18:45:00,6.552
2018-12-03 19:00:00,0.222
2018-12-03 19:15:00,0.006
2018-12-03 19:30:00,0.0
2018-12-03 19:45:00,0.0
2018-12-03 20:00:00,0.703
2018-12-03 20:15:00,2.911
2018-12-03 20:30:00,2.889
2018-12-03 20:45:00,1.613
2018-12-03 21:00:00,0.0
2018-12-03 21:15:00,1.289
2018-12-03 21:30:00,1.718
2018-12-03 22:02:00,4.588
2018-12-03 22:15:00,4.3190002
2018-12-03 22:30:00,7.594
2018-12-03 22:45:00,14.656
2018-12-03 23:00:00,20.49
2018-12-03 23:15:00,18.913
2018-12-03 23:30:00,22.803
2018-12-03 23:45:00,22.649
2018-12-04 00:00:00,25.307
2018-12-04 00:15:00,34.662003
2018-12-04 00:30:00,42.335
2018-12-04 00:45:00,48.124
2018-12-04 01:00:00,61.001
2018-12-04 01:15:00,66.081
2018-12-04 01:30:00,64.579
2018-12-04 01:45:00,65.754
2018-12-04 02:00:00,54.79
2018-12-04 02:15:00,41.205
2018-12-04 02:30:00,49.193
2018-12-04 02:45:00,47.165
2018-12-04 03:00:00,52.512
2018-12-04 03:15:00,51.398
2018-12-04 03:30:00,49.162003
2018-12-04 03:45:00,55.077
2018-12-04 04:00:00,67.136
2018-12-04 04:15:00,61.718002
2018-12-04 04:30:00,67.261
2018-12-04 04:45:00,55.04
2018-12-04 05:00:00,49.529
2018-12-04 05:15:00,45.235
2018-12-04 05:30:00,43.48
2018-12-04 05:45:00,50.319
2018-12-04 06:00:00,49.78
2018-12-04 06:15:00,53.353
2018-12-04 06:30:00,42.671
2018-12-04 06:45:00,43.633
2018-12-04 07:00:00,35.465
2018-12-04 07:15:00,29.427
2018-12-04 07:30:00,29.388
2018-12-04 07:45:00,25.106998
2018-12-04 08:00:00,23.047
2018-12-04 08:15:00,26.775
2018-12-04 08:30:00,27.944
2018-12-04 08:45:00,17.183
2018-12-04 09:00:00,12.468
2018-12-04 09:15:00,17.237
2018-12-04 09:30:00,15.778
2018-12-04 09:45:00,16.024
2018-12-04 10:00:00,19.106998
2018-12-04 10:15:00,22.66
2018-12-04 10:30:00,25.276001
2018-12-04 10:45:00,34.664
2018-12-04 11:00:00,32.201
2018-12-04 11:15:00,23.222
2018-12-04 11:30:00,18.822
2018-12-04 11:45:00,22.514
2018-12-04 12:00:00,23.485
2018-12-04 12:15:00,20.989
2018-12-04 12:30:00,20.994999
2018-12-04 12:45:00,19.734001
2018-12-04 13:00:00,13.183001
2018-12-04 13:15:00,13.379
2018-12-04 13:30:00,11.324
2018-12-04 13:45:00,8.904
2018-12-04 14:00:00,10.58
2018-12-04 14:15:00,8.741
2018-12-04 14:30:00,4.315
2018-12-04 14:45:00,0.065
2018-12-04 15:00:00,0.0
2018-12-04 15:15:00,0.0
2018-12-04 15:30:00,0.0
2018-12-04 15:45:00,0.0
2018-12-04 16:00:00,0.0
2018-12-04 16:15:00,0.0
2018-12-04 16:30:00,0.4
2018-12-04 16:45:00,6.2860003
2018-12-04 17:00:00,11.225
2018-12-04 17:15:00,12.0789995
2018-12-04 17:30:00,13.895
2018-12-04 17:45:00,16.476
2018-12-04 18:00:00,13.514
2018-12-04 18:15:00,10.990999
2018-12-04 18:30:00,6.0
2018-12-04 18:45:00,2.758
2018-12-04 19:00:00,0.0
2018-12-04 19:15:00,0.0
2018-12-04 19:30:00,0.0
2018-12-04 19:45:00,0.0
2018-12-04 20:00:00,0.0
2018-12-04 20:15:00,0.0
2018-12-04 20:30:00,0.0
2018-12-04 20:45:00,0.0
2018-12-04 21:00:00,0.0
2018-12-04 21:15:00,0.0
2018-12-04 21:30:00,0.0
2018-12-04 21:45:00,0.0
2018-12-04 22:00:00,0.0
2018-12-04 22:15:00,0.0
2018-12-04 22:30:00,0.0
2018-12-04 22:45:00,0.0
2018-12-04 23:00:00,20.1
2018-12-04 23:15:00,27.612
2018-12-04 23:30:00,35.877
2018-12-04 23:45:00,40.692
2018-12-05 00:00:00,64.747
2018-12-05 00:15:00,72.19
2018-12-05 00:30:00,84.667
2018-12-05 00:45:00,110.143
2018-12-05 01:00:00,113.98199
2018-12-05 01:15:00,116.353
2018-12-05 01:30:00,117.459
2018-12-05 01:45:00,112.205
2018-12-05 02:00:00,117.571
2018-12-05 02:15:00,99.241
2018-12-05 02:30:00,85.632
2018-12-05 02:45:00,75.160995
2018-12-05 03:00:00,62.947
2018-12-05 03:15:00,56.600998
2018-12-05 03:30:00,46.293
2018-12-05 03:45:00,38.855
2018-12-05 04:00:00,28.289001
2018-12-05 04:15:00,22.712
2018-12-05 04:30:00,24.907
2018-12-05 04:45:00,19.242
2018-12-05 05:00:00,22.275002
2018-12-05 05:15:00,17.639
2018-12-05 05:30:00,7.8760004
2018-12-05 05:45:00,5.661
2018-12-05 06:02:00,9.717
2018-12-05 06:15:00,12.425
2018-12-05 06:30:00,23.703
2018-12-05 06:45:00,29.808998
2018-12-05 07:00:00,13.792
2018-12-05 07:15:00,17.355
2018-12-05 07:30:00,13.004999
2018-12-05 07:45:00,18.382
2018-12-05 08:00:00,22.375
2018-12-05 08:15:00,37.708
2018-12-05 08:30:00,48.529
2018-12-05 08:45:00,38.065
2018-12-05 09:00:00,35.224
2018-12-05 09:15:00,23.855999
2018-12-05 09:30:00,24.156
2018-12-05 09:45:00,23.806
2018-12-05 10:00:00,21.027
2018-12-05 10:15:00,13.597
2018-12-05 10:30:00,14.296
2018-12-05 10:45:00,14.068001
2018-12-05 11:00:00,15.975
2018-12-05 11:15:00,15.959
2018-12-05 11:30:00,18.979
2018-12-05 11:45:00,20.969
2018-12-05 12:00:00,23.354
2018-12-05 12:15:00,21.445
2018-12-05 12:30:00,20.876999
2018-12-05 12:45:00,19.356
2018-12-05 13:00:00,26.629
2018-12-05 13:15:00,39.072
2018-12-05 13:30:00,52.625
2018-12-05 13:45:00,56.527
2018-12-05 14:00:00,66.253
2018-12-05 14:15:00,63.274002
2018-12-05 14:30:00,83.422
2018-12-05 14:45:00,79.020004
2018-12-05 15:00:00,64.548004
2018-12-05 15:15:00,51.727997
2018-12-05 15:30:00,40.600998
2018-12-05 15:45:00,34.262
2018-12-05 16:00:00,30.251999
2018-12-05 16:15:00,36.427002
2018-12-05 16:30:00,35.471
2018-12-05 16:45:00,44.186
2018-12-05 17:00:00,57.31
2018-12-05 17:15:00,67.853
2018-12-05 17:30:00,83.269
2018-12-05 17:45:00,81.924
2018-12-05 18:00:00,89.833
2018-12-05 18:15:00,110.97
2018-12-05 18:30:00,122.93298
2018-12-05 18:45:00,106.98199
2018-12-05 19:00:00,108.375
2018-12-05 19:15:00,124.498
2018-12-05 19:30:00,123.54698
2018-12-05 19:45:00,103.791
2018-12-05 20:00:00,106.891
2018-12-05 20:15:00,118.00399
2018-12-05 20:30:00,151.37799
2018-12-05 20:45:00,169.056
2018-12-05 21:00:00,174.215
2018-12-05 21:15:00,191.44398
2018-12-05 21:30:00,209.14499
2018-12-05 21:45:00,226.93098
2018-12-05 22:00:00,225.549
2018-12-05 22:15:00,217.361
2018-12-05 22:30:00,207.456
2018-12-05 22:45:00,195.957
2018-12-05 23:00:00,188.64299
2018-12-05 23:15:00,176.022
2018-12-05 23:30:00,192.249
2018-12-05 23:45:00,184.703
2018-12-06 00:00:00,194.34299
2018-12-06 00:15:00,227.305
2018-12-06 00:30:00,247.55
2018-12-06 00:45:00,252.952
2018-12-06 01:00:00,256.61798
2018-12-06 01:15:00,255.437
2018-12-06 01:30:00,257.393
2018-12-06 01:45:00,258.445
2018-12-06 02:00:00,259.099
2018-12-06 02:15:00,260.594
2018-12-06 02:30:00,258.94598
2018-12-06 02:45:00,258.18
2018-12-06 03:00:00,258.68097
2018-12-06 03:15:00,258.494
2018-12-06 03:30:00,258.379
2018-12-06 03:45:00,258.184
2018-12-06 04:00:00,258.734
2018-12-06 04:15:00,257.99597
2018-12-06 04:30:00,258.635
2018-12-06 04:45:00,260.757
2018-12-06 05:00:00,260.977
2018-12-06 05:15:00,260.74597
2018-12-06 05:30:00,260.82898
2018-12-06 05:45:00,261.10297
2018-12-06 06:00:00,260.804
2018-12-06 06:15:00,260.82098
2018-12-06 06:30:00,260.507
2018-12-06 06:45:00,259.90698
2018-12-06 07:00:00,259.555
2018-12-06 07:15:00,260.016
2018-12-06 07:30:00,260.375
2018-12-06 07:45:00,260.865
2018-12-06 08:00:00,257.14398
2018-12-06 08:15:00,259.51398
2018-12-06 08:30:00,258.849
2018-12-06 08:45:00,258.439
2018-12-06 09:00:00,258.15997
2018-12-06 09:15:00,258.48297
2018-12-06 09:30:00,257.844
2018-12-06 09:45:00,258.10397
2018-12-06 10:00:00,257.94397
2018-12-06 10:15:00,258.74298
2018-12-06 10:30:00,257.651
2018-12-06 10:45:00,257.83398
2018-12-06 11:00:00,256.985
2018-12-06 11:15:00,256.091
2018-12-06 11:30:00,257.05298
2018-12-06 11:45:00,256.302
2018-12-06 12:00:00,255.93898
2018-12-06 12:15:00,249.76799
2018-12-06 12:30:00,246.49698
2018-12-06 12:45:00,240.55699
2018-12-06 13:00:00,244.19098
2018-12-06 13:15:00,214.83899
2018-12-06 13:30:00,175.034
2018-12-06 13:45:00,113.64299
2018-12-06 14:00:00,67.880005
2018-12-06 14:15:00,61.038
2018-12-06 14:30:00,66.677
2018-12-06 14:45:00,84.074005
2018-12-06 15:00:00,105.723
2018-12-06 15:15:00,56.917
2018-12-06 15:30:00,26.347
2018-12-06 15:45:00,18.479
2018-12-06 16:00:00,5.048
2018-12-06 16:15:00,1.621
2018-12-06 16:30:00,0.457
2018-12-06 16:45:00,0.0
2018-12-06 17:00:00,0.0
2018-12-06 17:15:00,0.0
2018-12-06 17:30:00,0.0
2018-12-06 17:45:00,0.0
2018-12-06 18:00:00,0.0
2018-12-06 18:15:00,0.0
2018-12-06 18:30:00,0.0
2018-12-06 18:45:00,6.0
2018-12-06 19:00:00,21.19
2018-12-06 19:15:00,28.456999
2018-12-06 19:30:00,61.957
2018-12-06 19:45:00,74.337006
2018-12-06 20:00:00,85.159
2018-12-06 20:15:00,87.162
2018-12-06 20:30:00,108.037994
2018-12-06 20:45:00,122.522
2018-12-06 21:00:00,147.36499
2018-12-06 21:15:00,153.486
2018-12-06 21:30:00,166.555
2018-12-06 21:45:00,170.78198
2018-12-06 22:00:00,173.05798
2018-12-06 22:15:00,181.29298
2018-12-06 22:30:00,175.907
2018-12-06 22:45:00,169.194
2018-12-06 23:00:00,179.527
2018-12-06 23:15:00,182.747
2018-12-06 23:30:00,174.07399
2018-12-06 23:45:00,169.09998
2018-12-07 00:00:00,176.798
2018-12-07 00:15:00,183.741
2018-12-07 00:30:00,191.35898
2018-12-07 00:45:00,182.012
2018-12-07 01:00:00,190.67099
2018-12-07 01:15:00,197.62701
2018-12-07 01:30:00,192.187
2018-12-07 01:45:00,186.10799
2018-12-07 02:00:00,178.52998
2018-12-07 02:15:00,174.33598
2018-12-07 02:30:00,146.268
2018-12-07 02:45:00,130.832
2018-12-07 03:00:00,116.254
2018-12-07 03:15:00,133.39099
2018-12-07 03:30:00,124.069
2018-12-07 03:45:00,137.4
2018-12-07 04:00:00,126.873
2018-12-07 04:15:00,188.485
2018-12-07 04:30:00,202.64099
2018-12-07 04:45:00,180.004
2018-12-07 05:00:00,108.168
2018-12-07 05:15:00,95.082
2018-12-07 05:30:00,107.38
2018-12-07 05:45:00,86.812
2018-12-07 06:00:00,102.724
2018-12-07 06:15:00,87.735
2018-12-07 06:30:00,92.873
2018-12-07 06:45:00,122.564
2018-12-07 07:00:00,130.769
2018-12-07 07:15:00,136.849
2018-12-07 07:30:00,117.866005
2018-12-07 07:45:00,86.446
2018-12-07 08:00:00,114.602
2018-12-07 08:15:00,98.157
2018-12-07 08:30:00,90.60899
2018-12-07 08:45:00,86.632
2018-12-07 09:00:00,92.461
2018-12-07 09:15:00,92.449005
2018-12-07 09:30:00,100.631
2018-12-07 09:45:00,98.127
2018-12-07 10:00:00,92.309
2018-12-07 10:15:00,104.145996
2018-12-07 10:30:00,102.588
2018-12-07 10:45:00,104.588
2018-12-07 11:00:00,114.863
2018-12-07 11:15:00,120.651985
2018-12-07 11:30:00,111.158005
2018-12-07 11:45:00,117.017
2018-12-07 12:00:00,104.518
2018-12-07 12:15:00,113.88699
2018-12-07 12:30:00,90.792
2018-12-07 12:45:00,95.743
2018-12-07 13:00:00,98.479004
2018-12-07 13:15:00,116.085
2018-12-07 13:30:00,109.8
2018-12-07 13:45:00,129.41699
2018-12-07 14:00:00,122.568
2018-12-07 14:15:00,112.17799
2018-12-07 14:30:00,91.57
2018-12-07 14:45:00,67.895
2018-12-07 15:00:00,52.281998
2018-12-07 15:15:00,34.406998
2018-12-07 15:30:00,22.556
2018-12-07 15:45:00,24.897999
2018-12-07 16:00:00,31.462002
2018-12-07 16:15:00,35.736
2018-12-07 16:30:00,56.714996
2018-12-07 16:45:00,76.518005
2018-12-07 17:00:00,95.722
2018-12-07 17:15:00,96.778
2018-12-07 17:30:00,106.068
2018-12-07 17:45:00,113.996
2018-12-07 18:00:00,120.489
2018-12-07 18:15:00,127.313
2018-12-07 18:30:00,127.246
2018-12-07 18:45:00,137.922
2018-12-07 19:00:00,144.49698
2018-12-07 19:15:00,144.706
2018-12-07 19:30:00,157.695
2018-12-07 19:45:00,159.21199
2018-12-07 20:00:00,157.305
2018-12-07 20:15:00,191.95099
2018-12-07 20:30:00,200.64
2018-12-07 20:45:00,191.416
2018-12-07 21:00:00,189.605
2018-12-07 21:15:00,174.08899
2018-12-07 21:30:00,183.26797
2018-12-07 21:45:00,181.26099
2018-12-07 22:00:00,167.019
2018-12-07 22:15:00,149.032
2018-12-07 22:30:00,136.756
2018-12-07 22:45:00,103.393005
2018-12-07 23:00:00,100.826996
2018-12-07 23:15:00,96.007
2018-12-07 23:30:00,111.375
2018-12-07 23:45:00,126.54499
2018-12-08 00:00:00,134.57
2018-12-08 00:15:00,138.886
2018-12-08 00:30:00,129.629
2018-12-08 00:45:00,138.15
2018-12-08 01:00:00,135.08699
2018-12-08 01:15:00,146.455
2018-12-08 01:30:00,140.928
2018-12-08 01:45:00,141.522
2018-12-08 02:00:00,158.30399
2018-12-08 02:15:00,144.017
2018-12-08 02:30:00,140.978
2018-12-08 02:45:00,129.387
2018-12-08 03:00:00,161.09998
2018-12-08 03:15:00,190.467
2018-12-08 03:30:00,183.492
2018-12-08 03:45:00,147.62498
2018-12-08 04:00:00,192.104
2018-12-08 04:15:00,199.91101
2018-12-08 04:30:00,212.995
2018-12-08 04:45:00,250.29099
2018-12-08 05:00:00,221.51599
2018-12-08 05:15:00,237.77197
2018-12-08 05:30:00,203.35599
2018-12-08 05:45:00,213.04398
2018-12-08 06:00:00,211.69699
2018-12-08 06:15:00,182.474
2018-12-08 06:30:00,178.07098
2018-12-08 06:45:00,162.706
2018-12-08 07:00:00,147.999
2018-12-08 07:15:00,135.306
2018-12-08 07:30:00,119.457
2018-12-08 07:45:00,113.124985
2018-12-08 08:00:00,114.116
2018-12-08 08:15:00,108.844
2018-12-08 08:30:00,100.258995
2018-12-08 08:45:00,94.40499
2018-12-08 09:00:00,91.977005
2018-12-08 09:15:00,82.819
2018-12-08 09:30:00,69.512985
2018-12-08 09:45:00,45.566
2018-12-08 10:00:00,25.203
2018-12-08 10:15:00,14.372
2018-12-08 10:30:00,7.23
2018-12-08 10:45:00,2.536
2018-12-08 11:00:00,2.208
2018-12-08 11:15:00,0.318
2018-12-08 11:30:00,0.0
2018-12-08 11:45:00,0.088
2018-12-08 12:00:00,0.0
2018-12-08 12:15:00,0.0
2018-12-08 12:30:00,0.0
2018-12-08 12:45:00,0.0
2018-12-08 13:00:00,0.0
2018-12-08 13:15:00,0.0
2018-12-08 13:30:00,0.0
2018-12-08 13:45:00,0.0
2018-12-08 14:00:00,0.0
2018-12-08 14:15:00,0.0
2018-12-08 14:30:00,0.0
2018-12-08 14:45:00,0.0
2018-12-08 15:00:00,0.0
2018-12-08 15:15:00,0.0
2018-12-08 15:30:00,0.0
2018-12-08 15:45:00,0.0
2018-12-08 16:00:00,0.0
2018-12-08 16:15:00,0.0
2018-12-08 16:30:00,0.0
2018-12-08 16:45:00,0.0
2018-12-08 17:00:00,0.0
2018-12-08 17:15:00,0.0
2018-12-08 17:30:00,0.0
2018-12-08 17:45:00,0.0
2018-12-08 18:00:00,0.0
2018-12-08 18:15:00,0.0
2018-12-08 18:30:00,0.0
2018-12-08 18:45:00,0.0
2018-12-08 19:00:00,0.0
2018-12-08 19:15:00,0.0
2018-12-08 19:30:00,0.0
2018-12-08 19:45:00,0.0
2018-12-08 20:00:00,0.0
2018-12-08 20:15:00,0.0
2018-12-08 20:30:00,0.0
2018-12-08 20:45:00,0.0
2018-12-08 21:00:00,0.0
2018-12-08 21:15:00,0.0
2018-12-08 21:30:00,0.0
2018-12-08 21:45:00,0.0
2018-12-08 22:00:00,0.0
2018-12-08 22:15:00,0.0
2018-12-08 22:30:00,0.0
2018-12-08 22:45:00,0.0
2018-12-08 23:00:00,0.0
2018-12-08 23:15:00,0.0
2018-12-08 23:30:00,0.0
2018-12-08 23:45:00,0.0
2018-12-09 00:00:00,0.0
2018-12-09 00:15:00,0.0
2018-12-09 00:30:00,0.0
2018-12-09 00:45:00,0.0
2018-12-09 01:00:00,0.0
2018-12-09 01:15:00,0.0
2018-12-09 01:30:00,0.0
2018-12-09 01:45:00,0.0
2018-12-09 02:00:00,0.0
2018-12-09 02:15:00,0.0
2018-12-09 02:30:00,0.0
2018-12-09 02:45:00,0.0
2018-12-09 03:00:00,0.0
2018-12-09 03:15:00,0.0
2018-12-09 03:30:00,0.0
2018-12-09 03:45:00,0.0
2018-12-09 04:00:00,0.0
2018-12-09 04:15:00,0.0
2018-12-09 04:30:00,0.0
2018-12-09 04:45:00,0.0
2018-12-09 05:00:00,0.0
2018-12-09 05:15:00,0.0
2018-12-09 05:30:00,0.0
2018-12-09 05:45:00,0.0
2018-12-09 06:00:00,0.0
2018-12-09 06:15:00,0.0
2018-12-09 06:30:00,0.0
2018-12-09 06:45:00,0.0
2018-12-09 07:00:00,0.0
2018-12-09 07:15:00,0.0
2018-12-09 07:30:00,0.0
2018-12-09 07:45:00,0.0
2018-12-09 08:00:00,0.0
2018-12-09 08:15:00,0.0
2018-12-09 08:30:00,0.0
2018-12-09 08:45:00,0.0
2018-12-09 09:00:00,0.0
2018-12-09 09:15:00,0.0
2018-12-09 09:30:00,0.0
2018-12-09 09:45:00,0.0
2018-12-09 10:00:00,0.0
2018-12-09 10:15:00,0.0
2018-12-09 10:30:00,0.0
2018-12-09 10:45:00,0.0
2018-12-09 11:00:00,0.0
2018-12-09 11:15:00,0.0
2018-12-09 11:30:00,0.0
2018-12-09 11:45:00,0.0
2018-12-09 12:00:00,0.0
2018-12-09 12:15:00,0.0
2018-12-09 12:30:00,0.0
2018-12-09 12:45:00,0.0
2018-12-09 13:00:00,0.0
2018-12-09 13:15:00,0.0
2018-12-09 13:30:00,0.0
2018-12-09 13:45:00,0.0
2018-12-09 14:00:00,0.0
2018-12-09 14:15:00,0.0
2018-12-09 14:30:00,0.0
2018-12-09 14:45:00,0.0
2018-12-09 15:00:00,0.0
2018-12-09 15:15:00,0.0
2018-12-09 15:30:00,0.0
2018-12-09 15:45:00,0.0
2018-12-09 16:00:00,0.0
2018-12-09 16:15:00,0.0
2018-12-09 16:30:00,0.055
2018-12-09 16:45:00,0.0
2018-12-09 17:00:00,0.0
2018-12-09 17:15:00,0.0
2018-12-09 17:30:00,0.565
2018-12-09 17:45:00,0.539
2018-12-09 18:00:00,1.461
2018-12-09 18:15:00,1.735
2018-12-09 18:30:00,9.226
2018-12-09 18:45:00,14.264999
2018-12-09 19:00:00,16.393
2018-12-09 19:15:00,15.9939995
2018-12-09 19:30:00,11.915999
2018-12-09 19:45:00,13.561
2018-12-09 20:00:00,16.628
2018-12-09 20:15:00,14.934999
2018-12-09 20:30:00,15.7039995
2018-12-09 20:45:00,16.776001
2018-12-09 21:00:00,14.673
2018-12-09 21:15:00,20.901001
2018-12-09 21:30:00,22.872
2018-12-09 21:45:00,21.556
2018-12-09 22:00:00,25.748001
2018-12-09 22:15:00,25.319
2018-12-09 22:30:00,26.896
2018-12-09 22:45:00,25.031
2018-12-09 23:00:00,19.886
2018-12-09 23:15:00,17.883
2018-12-09 23:30:00,24.030998
2018-12-09 23:45:00,34.431
2018-12-10 00:00:00,42.059998
2018-12-10 00:15:00,48.481003
2018-12-10 00:30:00,51.105
2018-12-10 00:45:00,51.932
2018-12-10 01:00:00,48.619
2018-12-10 01:15:00,41.2
2018-12-10 01:30:00,47.618
2018-12-10 01:45:00,53.980003
2018-12-10 02:00:00,41.033
2018-12-10 02:15:00,33.490997
2018-12-10 02:30:00,34.268997
2018-12-10 02:45:00,35.038
2018-12-10 03:00:00,23.452002
2018-12-10 03:15:00,36.451
2018-12-10 03:30:00,52.009
2018-12-10 03:45:00,58.701004
2018-12-10 04:00:00,59.859
2018-12-10 04:15:00,61.076004
2018-12-10 04:30:00,65.001
2018-12-10 04:45:00,61.708
2018-12-10 05:00:00,54.293
2018-12-10 05:15:00,47.296
2018-12-10 05:30:00,46.228
2018-12-10 05:45:00,24.561
2018-12-10 06:00:00,30.217
2018-12-10 06:15:00,36.738
2018-12-10 06:30:00,44.077
2018-12-10 06:45:00,35.567
2018-12-10 07:00:00,32.231
2018-12-10 07:15:00,24.062
2018-12-10 07:30:00,17.561
2018-12-10 07:45:00,19.178
2018-12-10 08:00:00,13.453
2018-12-10 08:15:00,9.818
2018-12-10 08:30:00,10.427
2018-12-10 08:45:00,7.712
2018-12-10 09:00:00,6.702
2018-12-10 09:15:00,7.62
2018-12-10 09:30:00,7.3
2018-12-10 09:45:00,9.0
2018-12-10 10:00:00,11.4
2018-12-10 10:15:00,10.7
2018-12-10 10:30:00,12.084
2018-12-10 10:45:00,12.716
2018-12-10 11:00:00,17.387999
2018-12-10 11:15:00,15.945001
2018-12-10 11:30:00,16.278
2018-12-10 11:45:00,11.567
2018-12-10 12:00:00,10.731
2018-12-10 12:15:00,11.735001
2018-12-10 12:30:00,9.5
2018-12-10 12:45:00,6.52
2018-12-10 13:00:00,7.993
2018-12-10 13:15:00,6.925
2018-12-10 13:30:00,8.189
2018-12-10 13:45:00,7.7349997
2018-12-10 14:00:00,10.606
2018-12-10 14:15:00,15.391
2018-12-10 14:30:00,22.894
2018-12-10 14:45:00,25.847
2018-12-10 15:00:00,20.331
2018-12-10 15:15:00,16.778
2018-12-10 15:30:00,13.292
2018-12-10 15:45:00,12.667
2018-12-10 16:00:00,9.672
2018-12-10 16:15:00,18.661999
2018-12-10 16:30:00,18.195
2018-12-10 16:45:00,15.134001
2018-12-10 17:00:00,15.807
2018-12-10 17:15:00,14.024
2018-12-10 17:30:00,16.162
2018-12-10 17:45:00,15.361
2018-12-10 18:00:00,15.134
2018-12-10 18:15:00,13.655001
2018-12-10 18:30:00,6.557
2018-12-10 18:45:00,4.2
2018-12-10 19:00:00,1.8
2018-12-10 19:15:00,0.6
2018-12-10 19:30:00,0.0
2018-12-10 19:45:00,0.0
2018-12-10 20:00:00,0.0
2018-12-10 20:15:00,0.0
2018-12-10 20:30:00,0.0
2018-12-10 20:45:00,0.0
2018-12-10 21:00:00,0.0
2018-12-10 21:15:00,0.0
2018-12-10 21:30:00,0.0
2018-12-10 21:45:00,0.0
2018-12-10 22:00:00,0.0
2018-12-10 22:15:00,0.0
2018-12-10 22:30:00,0.0
2018-12-10 22:45:00,0.0
2018-12-10 23:00:00,0.0
2018-12-10 23:15:00,0.0
2018-12-10 23:30:00,0.0
2018-12-10 23:45:00,0.0
2018-12-11 00:00:00,0.0
2018-12-11 00:15:00,0.0
2018-12-11 00:30:00,0.0
2018-12-11 00:45:00,0.0
2018-12-11 01:00:00,0.0
2018-12-11 01:15:00,2.582
2018-12-11 01:30:00,13.024
2018-12-11 01:45:00,15.6779995
2018-12-11 02:00:00,25.699001
2018-12-11 02:15:00,28.001999
2018-12-11 02:30:00,28.133999
2018-12-11 02:45:00,40.028
2018-12-11 03:00:00,62.723
2018-12-11 03:15:00,73.773
2018-12-11 03:30:00,85.729996
2018-12-11 03:45:00,96.431
2018-12-11 04:00:00,111.806
2018-12-11 04:15:00,117.843
2018-12-11 04:30:00,137.98898
2018-12-11 04:45:00,141.797
2018-12-11 05:00:00,130.78601
2018-12-11 05:15:00,128.037
2018-12-11 05:30:00,126.87099
2018-12-11 05:45:00,134.396
2018-12-11 06:00:00,142.19199
2018-12-11 06:15:00,144.66098
2018-12-11 06:30:00,145.095
2018-12-11 06:45:00,141.285
2018-12-11 07:00:00,145.65099
2018-12-11 07:15:00,135.189
2018-12-11 07:30:00,145.026
2018-12-11 07:45:00,136.16699
2018-12-11 08:00:00,123.145996
2018-12-11 08:15:00,134.366
2018-12-11 08:30:00,135.16
2018-12-11 08:45:00,136.978
2018-12-11 09:00:00,134.479
2018-12-11 09:15:00,131.522
2018-12-11 09:30:00,145.59299
2018-12-11 09:45:00,158.19101
2018-12-11 10:00:00,169.413
2018-12-11 10:15:00,163.487
2018-12-11 10:30:00,168.85698
2018-12-11 10:45:00,177.44699
2018-12-11 11:00:00,171.397
2018-12-11 11:15:00,173.461
2018-12-11 11:30:00,200.58301
2018-12-11 11:45:00,222.50299
2018-12-11 12:00:00,242.28899
2018-12-11 12:15:00,232.556
2018-12-11 12:30:00,251.16998
2018-12-11 12:45:00,254.20999
2018-12-11 13:00:00,247.551
2018-12-11 13:15:00,239.47598
2018-12-11 13:30:00,243.89099
2018-12-11 13:45:00,225.032
2018-12-11 14:00:00,245.31198
2018-12-11 14:15:00,241.22699
2018-12-11 14:30:00,227.26599
2018-12-11 14:45:00,247.92899
2018-12-11 15:00:00,243.72299
2018-12-11 15:15:00,249.119
2018-12-11 15:30:00,227.96799
2018-12-11 15:45:00,221.79999
2018-12-11 16:00:00,219.85298
2018-12-11 16:15:00,228.43799
2018-12-11 16:30:00,226.99698
2018-12-11 16:45:00,232.414
2018-12-11 17:00:00,238.639
2018-12-11 17:15:00,243.80798
2018-12-11 17:30:00,240.64899
2018-12-11 17:45:00,246.92899
2018-12-11 18:00:00,254.72699
2018-12-11 18:15:00,261.18298
2018-12-11 18:30:00,260.18298
2018-12-11 18:45:00,257.5
2018-12-11 19:00:00,259.227
2018-12-11 19:15:00,259.13098
2018-12-11 19:30:00,259.382
2018-12-11 19:45:00,260.24
2018-12-11 20:00:00,260.65298
2018-12-11 20:15:00,259.727
2018-12-11 20:30:00,261.212
2018-12-11 20:45:00,261.682
2018-12-11 21:00:00,261.83496
2018-12-11 21:15:00,263.24597
2018-12-11 21:30:00,262.464
2018-12-11 21:45:00,264.17398
2018-12-11 22:00:00,262.395
2018-12-11 22:15:00,260.94098
2018-12-11 22:30:00,263.30798
2018-12-11 22:45:00,259.705
2018-12-11 23:00:00,261.214
2018-12-11 23:15:00,262.646
2018-12-11 23:30:00,264.025
2018-12-11 23:45:00,264.076
2018-12-12 00:00:00,263.82498
2018-12-12 00:15:00,263.41
2018-12-12 00:30:00,264.25198
2018-12-12 00:45:00,263.59497
2018-12-12 01:00:00,262.68896
2018-12-12 01:15:00,263.573
2018-12-12 01:30:00,263.815
2018-12-12 01:45:00,262.133
2018-12-12 02:00:00,263.9
2018-12-12 02:15:00,264.05597
2018-12-12 02:30:00,263.172
2018-12-12 02:45:00,262.26898
2018-12-12 03:00:00,260.593
2018-12-12 03:15:00,261.51797
2018-12-12 03:30:00,261.281
2018-12-12 03:45:00,257.086
2018-12-12 04:00:00,253.728
2018-12-12 04:15:00,247.36497
2018-12-12 04:30:00,240.86198
2018-12-12 04:45:00,238.909
2018-12-12 05:00:00,228.42899
2018-12-12 05:15:00,224.73299
2018-12-12 05:30:00,233.77298
2018-12-12 05:45:00,218.16699
2018-12-12 06:00:00,245.448
2018-12-12 06:15:00,223.52798
2018-12-12 06:30:00,232.626
2018-12-12 06:45:00,254.63
2018-12-12 07:00:00,231.74799
2018-12-12 07:15:00,208.681
2018-12-12 07:30:00,183.77698
2018-12-12 07:45:00,189.03699
2018-12-12 08:00:00,191.27998
2018-12-12 08:15:00,219.68997
2018-12-12 08:30:00,190.854
2018-12-12 08:45:00,160.73901
2018-12-12 09:00:00,156.945
2018-12-12 09:15:00,184.87799
2018-12-12 09:30:00,202.68599
2018-12-12 09:45:00,202.67499
2018-12-12 10:00:00,186.27197
2018-12-12 10:15:00,175.11298
2018-12-12 10:30:00,207.838
2018-12-12 10:45:00,186.482
2018-12-12 11:00:00,166.82098
2018-12-12 11:15:00,177.879
2018-12-12 11:30:00,181.10901
2018-12-12 11:45:00,154.42499
2018-12-12 12:00:00,137.302
2018-12-12 12:15:00,167.071
2018-12-12 12:30:00,144.465
2018-12-12 12:45:00,138.45099
2018-12-12 13:00:00,122.52199
2018-12-12 13:15:00,118.09699
2018-12-12 13:30:00,132.524
2018-12-12 13:45:00,128.151
2018-12-12 14:00:00,138.613
2018-12-12 14:15:00,140.42099
2018-12-12 14:30:00,132.116
2018-12-12 14:45:00,115.45799
2018-12-12 15:00:00,123.884
2018-12-12 15:15:00,112.886
2018-12-12 15:30:00,108.218994
2018-12-12 15:45:00,84.568
2018-12-12 16:00:00,65.868
2018-12-12 16:15:00,52.247
2018-12-12 16:30:00,37.338
2018-12-12 16:45:00,44.472
2018-12-12 17:00:00,34.775
2018-12-12 17:15:00,60.086
2018-12-12 17:30:00,78.097
2018-12-12 17:45:00,62.236
2018-12-12 18:00:00,84.673004
2018-12-12 18:15:00,83.994995
2018-12-12 18:30:00,108.215996
2018-12-12 18:45:00,80.504
2018-12-12 19:00:00,66.682
2018-12-12 19:15:00,59.686996
2018-12-12 19:30:00,31.900002
2018-12-12 19:45:00,27.664001
2018-12-12 20:00:00,24.328999
2018-12-12 20:15:00,48.769
2018-12-12 20:30:00,38.568
2018-12-12 20:45:00,35.427002
2018-12-12 21:00:00,13.516
2018-12-12 21:15:00,0.364
2018-12-12 21:30:00,17.107
2018-12-12 21:45:00,42.498
2018-12-12 22:00:00,80.075
2018-12-12 22:15:00,83.323
2018-12-12 22:30:00,81.716995
2018-12-12 22:45:00,81.063995
2018-12-12 23:00:00,89.41
2018-12-12 23:15:00,117.586
2018-12-12 23:30:00,118.30798
2018-12-12 23:45:00,131.153
2018-12-13 00:00:00,174.536
2018-12-13 00:15:00,202.32
2018-12-13 00:30:00,155.703
2018-12-13 00:45:00,116.308
2018-12-13 01:00:00,143.88498
2018-12-13 01:15:00,189.04298
2018-12-13 01:30:00,158.506
2018-12-13 01:45:00,162.35901
2018-12-13 02:00:00,129.76201
2018-12-13 02:15:00,107.488
2018-12-13 02:30:00,131.846
2018-12-13 02:45:00,140.272
2018-12-13 03:00:00,169.366
2018-12-13 03:15:00,166.216
2018-12-13 03:30:00,171.20099
2018-12-13 03:45:00,144.613
2018-12-13 04:00:00,147.617
2018-12-13 04:15:00,152.81601
2018-12-13 04:30:00,163.26498
2018-12-13 04:45:00,138.041
2018-12-13 05:00:00,162.144
2018-12-13 05:15:00,162.59799
2018-12-13 05:30:00,155.20798
2018-12-13 05:45:00,142.61298
2018-12-13 06:00:00,143.708
2018-12-13 06:15:00,157.039
2018-12-13 06:30:00,152.462
2018-12-13 06:45:00,158.63297
2018-12-13 07:00:00,151.70099
2018-12-13 07:15:00,141.379
2018-12-13 07:30:00,129.747
2018-12-13 07:45:00,137.674
2018-12-13 08:00:00,132.331
2018-12-13 08:15:00,142.423
2018-12-13 08:30:00,139.74399
2018-12-13 08:45:00,128.41699
2018-12-13 09:00:00,112.793
2018-12-13 09:15:00,116.476
2018-12-13 09:30:00,114.147
2018-12-13 09:45:00,142.07901
2018-12-13 10:00:00,141.98401
2018-12-13 10:15:00,150.89
2018-12-13 10:30:00,138.614
2018-12-13 10:45:00,123.233
2018-12-13 11:00:00,138.412
2018-12-13 11:15:00,152.02899
2018-12-13 11:30:00,136.82
2018-12-13 11:45:00,121.877
2018-12-13 12:00:00,125.919
2018-12-13 12:15:00,124.369
2018-12-13 12:30:00,175.831
2018-12-13 12:45:00,194.931
2018-12-13 13:00:00,218.383
2018-12-13 13:15:00,229.012
2018-12-13 13:30:00,241.48898
2018-12-13 13:45:00,261.578
2018-12-13 14:00:00,265.538
2018-12-13 14:15:00,266.115
2018-12-13 14:30:00,266.67798
2018-12-13 14:45:00,265.18
2018-12-13 15:00:00,266.348
2018-12-13 15:15:00,266.986
2018-12-13 15:30:00,266.895
2018-12-13 15:45:00,266.313
2018-12-13 16:00:00,261.715
2018-12-13 16:15:00,265.901
2018-12-13 16:30:00,262.325
2018-12-13 16:45:00,254.91699
2018-12-13 17:00:00,243.42299
2018-12-13 17:15:00,239.05899
2018-12-13 17:30:00,248.11299
2018-12-13 17:45:00,249.357
2018-12-13 18:00:00,233.607
2018-12-13 18:15:00,239.84999
2018-12-13 18:30:00,218.276
2018-12-13 18:45:00,190.238
2018-12-13 19:00:00,186.216
2018-12-13 19:15:00,225.85799
2018-12-13 19:30:00,231.45998
2018-12-13 19:45:00,230.698
2018-12-13 20:00:00,248.834
2018-12-13 20:15:00,262.822
2018-12-13 20:30:00,266.288
2018-12-13 20:45:00,266.98798
2018-12-13 21:00:00,262.56
2018-12-13 21:15:00,247.25397
2018-12-13 21:30:00,219.291
2018-12-13 21:45:00,205.579
2018-12-13 22:00:00,202.84799
2018-12-13 22:15:00,201.27301
2018-12-13 22:30:00,198.26999
2018-12-13 22:45:00,194.876
2018-12-13 23:00:00,189.183
2018-12-13 23:15:00,190.874
2018-12-13 23:30:00,189.177
2018-12-13 23:45:00,187.361
2018-12-14 00:00:00,187.83499
2018-12-14 00:15:00,188.155
2018-12-14 00:30:00,188.729
2018-12-14 00:45:00,188.422
2018-12-14 01:00:00,190.09799
2018-12-14 01:15:00,188.19398
2018-12-14 01:30:00,187.36897
2018-12-14 01:45:00,181.82901
2018-12-14 02:00:00,184.39398
2018-12-14 02:15:00,193.22498
2018-12-14 02:30:00,193.26898
2018-12-14 02:45:00,199.472
2018-12-14 03:00:00,196.298
2018-12-14 03:15:00,207.911
2018-12-14 03:30:00,258.154
2018-12-14 03:45:00,264.313
2018-12-14 04:00:00,262.568
2018-12-14 04:15:00,257.57098
2018-12-14 04:30:00,263.55096
2018-12-14 04:45:00,262.57196
2018-12-14 05:00:00,264.68497
2018-12-14 05:15:00,261.758
2018-12-14 05:30:00,262.154
2018-12-14 05:45:00,264.284
2018-12-14 06:00:00,260.267
2018-12-14 06:15:00,259.981
2018-12-14 06:30:00,260.222
2018-12-14 06:45:00,258.258
2018-12-14 07:00:00,249.02698
2018-12-14 07:15:00,257.29898
2018-12-14 07:30:00,257.815
2018-12-14 07:45:00,260.77698
2018-12-14 08:00:00,260.089
2018-12-14 08:15:00,262.71298
2018-12-14 08:30:00,262.523
2018-12-14 08:45:00,257.674
2018-12-14 09:00:00,257.65698
2018-12-14 09:15:00,260.083
2018-12-14 09:30:00,262.625
2018-12-14 09:45:00,262.05698
2018-12-14 10:00:00,262.25098
2018-12-14 10:15:00,262.051
2018-12-14 10:30:00,259.742
2018-12-14 10:45:00,259.72
2018-12-14 11:00:00,259.62997
2018-12-14 11:15:00,264.03
2018-12-14 11:30:00,264.82098
2018-12-14 11:45:00,258.36
2018-12-14 12:00:00,259.159
2018-12-14 12:15:00,264.554
2018-12-14 12:30:00,263.87698
2018-12-14 12:45:00,263.563
2018-12-14 13:00:00,263.313
2018-12-14 13:15:00,264.44998
2018-12-14 13:30:00,264.04297
2018-12-14 13:45:00,263.438
2018-12-14 14:00:00,265.078
2018-12-14 14:15:00,263.00598
2018-12-14 14:30:00,264.66998
2018-12-14 14:45:00,264.141
2018-12-14 15:00:00,264.78998
2018-12-14 15:15:00,264.46698
2018-12-14 15:30:00,263.596
2018-12-14 15:45:00,262.089
2018-12-14 16:00:00,264.038
2018-12-14 16:15:00,264.188
2018-12-14 16:30:00,262.41
2018-12-14 16:45:00,261.883
2018-12-14 17:00:00,262.33798
2018-12-14 17:15:00,261.76898
2018-12-14 17:30:00,262.049
2018-12-14 17:45:00,262.003
2018-12-14 18:00:00,261.874
2018-12-14 18:15:00,262.222
2018-12-14 18:30:00,262.251
2018-12-14 18:45:00,261.155
2018-12-14 19:00:00,257.63098
2018-12-14 19:15:00,262.909
2018-12-14 19:30:00,263.91898
2018-12-14 19:45:00,260.896
2018-12-14 20:00:00,260.53998
2018-12-14 20:15:00,259.017
2018-12-14 20:30:00,248.34999
2018-12-14 20:45:00,255.93298
2018-12-14 21:00:00,261.69498
2018-12-14 21:15:00,259.58197
2018-12-14 21:30:00,259.92798
2018-12-14 21:45:00,260.01398
2018-12-14 22:00:00,260.62
2018-12-14 22:15:00,256.88098
2018-12-14 22:30:00,258.964
2018-12-14 22:45:00,249.76
2018-12-14 23:00:00,247.01099
2018-12-14 23:15:00,244.316
2018-12-14 23:30:00,220.60501
2018-12-14 23:45:00,203.541
2018-12-15 00:00:00,205.19699
2018-12-15 00:15:00,205.08499
2018-12-15 00:30:00,169.638
2018-12-15 00:45:00,181.827
2018-12-15 01:00:00,188.744
2018-12-15 01:15:00,184.015
2018-12-15 01:30:00,171.20898
2018-12-15 01:45:00,168.23198
2018-12-15 02:00:00,152.75499
2018-12-15 02:15:00,155.366
2018-12-15 02:30:00,148.15
2018-12-15 02:45:00,160.82
2018-12-15 03:00:00,180.26099
2018-12-15 03:15:00,188.134
2018-12-15 03:30:00,201.51
2018-12-15 03:45:00,196.548
2018-12-15 04:00:00,177.41298
2018-12-15 04:15:00,184.594
2018-12-15 04:30:00,169.68896
2018-12-15 04:45:00,155.271
2018-12-15 05:00:00,149.949
2018-12-15 05:15:00,142.025
2018-12-15 05:30:00,132.94
2018-12-15 05:45:00,128.829
2018-12-15 06:00:00,146.068
2018-12-15 06:15:00,139.957
2018-12-15 06:30:00,146.89
2018-12-15 06:45:00,162.48798
2018-12-15 07:00:00,169.099
2018-12-15 07:15:00,147.88297
2018-12-15 07:30:00,123.410995
2018-12-15 07:45:00,96.509
2018-12-15 08:00:00,90.498
2018-12-15 08:15:00,102.784
2018-12-15 08:30:00,97.423996
2018-12-15 08:45:00,86.377
2018-12-15 09:00:00,83.812
2018-12-15 09:15:00,89.586
2018-12-15 09:30:00,97.688995
2018-12-15 09:45:00,119.464005
2018-12-15 10:00:00,116.38499
2018-12-15 10:15:00,95.734
2018-12-15 10:30:00,68.215
2018-12-15 10:45:00,52.935997
2018-12-15 11:00:00,43.182
2018-12-15 11:15:00,40.614
2018-12-15 11:30:00,28.741001
2018-12-15 11:45:00,30.601
2018-12-15 12:00:00,28.173
2018-12-15 12:15:00,29.556
2018-12-15 12:30:00,30.542
2018-12-15 12:45:00,18.661
2018-12-15 13:00:00,14.458
2018-12-15 13:15:00,17.682
2018-12-15 13:30:00,18.037
2018-12-15 13:45:00,18.137
2018-12-15 14:00:00,18.261
2018-12-15 14:15:00,18.521
2018-12-15 14:30:00,26.548
2018-12-15 14:45:00,34.985
2018-12-15 15:00:00,35.947998
2018-12-15 15:15:00,34.857
2018-12-15 15:30:00,30.094
2018-12-15 15:45:00,25.486
2018-12-15 16:00:00,22.796
2018-12-15 16:15:00,12.941
2018-12-15 16:30:00,10.885
2018-12-15 16:45:00,5.0
2018-12-15 17:00:00,3.7
2018-12-15 17:15:00,0.7
2018-12-15 17:30:00,0.0
2018-12-15 17:45:00,0.0
2018-12-15 18:00:00,1.147
2018-12-15 18:15:00,4.17
2018-12-15 18:30:00,5.552
2018-12-15 18:45:00,3.9689999
2018-12-15 19:00:00,0.98300004
2018-12-15 19:15:00,0.58
2018-12-15 19:30:00,1.523
2018-12-15 19:45:00,5.2749996
2018-12-15 20:00:00,4.689
2018-12-15 20:15:00,6.9599996
2018-12-15 20:30:00,8.624001
2018-12-15 20:45:00,7.2130003
2018-12-15 21:00:00,5.76
2018-12-15 21:15:00,8.185
2018-12-15 21:30:00,11.086
2018-12-15 21:45:00,16.872
2018-12-15 22:00:00,22.282
2018-12-15 22:15:00,24.112999
2018-12-15 22:30:00,29.606
2018-12-15 22:45:00,36.92
2018-12-15 23:00:00,38.568
2018-12-15 23:15:00,41.801
2018-12-15 23:30:00,49.781
2018-12-15 23:45:00,60.895
2018-12-16 00:00:00,63.973
2018-12-16 00:15:00,69.944
2018-12-16 00:30:00,78.95
2018-12-16 00:45:00,85.301
2018-12-16 01:00:00,107.292
2018-12-16 01:15:00,85.106995
2018-12-16 01:30:00,95.399994
2018-12-16 01:45:00,73.009995
2018-12-16 02:00:00,55.232002
2018-12-16 02:15:00,58.199
2018-12-16 02:30:00,73.406006
2018-12-16 02:45:00,83.350006
2018-12-16 03:00:00,96.998
2018-12-16 03:15:00,96.787
2018-12-16 03:30:00,122.268
2018-12-16 03:45:00,158.75198
2018-12-16 04:00:00,153.705
2018-12-16 04:15:00,172.63501
2018-12-16 04:30:00,181.864
2018-12-16 04:45:00,169.85999
2018-12-16 05:00:00,178.22098
2018-12-16 05:15:00,194.609
2018-12-16 05:30:00,211.45499
2018-12-16 05:45:00,216.43399
2018-12-16 06:00:00,225.22
2018-12-16 06:15:00,225.99597
2018-12-16 06:30:00,219.804
2018-12-16 06:45:00,215.411
2018-12-16 07:00:00,218.75398
2018-12-16 07:15:00,214.946
2018-12-16 07:30:00,222.87198
2018-12-16 07:45:00,241.29599
2018-12-16 08:00:00,232.60098
2018-12-16 08:15:00,222.82399
2018-12-16 08:30:00,233.687
2018-12-16 08:45:00,253.427
2018-12-16 09:00:00,221.53601
2018-12-16 09:15:00,212.58899
2018-12-16 09:30:00,197.24998
2018-12-16 09:45:00,168.39099
2018-12-16 10:00:00,187.657
2018-12-16 10:15:00,190.666
2018-12-16 10:30:00,236.593
2018-12-16 10:45:00,198.379
2018-12-16 11:00:00,165.947
2018-12-16 11:15:00,151.319
2018-12-16 11:30:00,134.06999
2018-12-16 11:45:00,123.770996
2018-12-16 12:00:00,106.631
2018-12-16 12:15:00,126.493
2018-12-16 12:30:00,149.51
2018-12-16 12:45:00,190.058
2018-12-16 13:00:00,179.614
2018-12-16 13:15:00,168.74799
2018-12-16 13:30:00,173.43199
2018-12-16 13:45:00,189.111
2018-12-16 14:00:00,240.55598
2018-12-16 14:15:00,235.43498
2018-12-16 14:30:00,213.12799
2018-12-16 14:45:00,170.58398
2018-12-16 15:00:00,165.67499
2018-12-16 15:15:00,148.841
2018-12-16 15:30:00,186.09799
2018-12-16 15:45:00,156.14099
2018-12-16 16:00:00,141.931
2018-12-16 16:15:00,130.68199
2018-12-16 16:30:00,120.665
2018-12-16 16:45:00,99.927
2018-12-16 17:00:00,86.686005
2018-12-16 17:15:00,75.903
2018-12-16 17:30:00,74.984
2018-12-16 17:45:00,85.839005
2018-12-16 18:00:00,69.996
2018-12-16 18:15:00,53.692
2018-12-16 18:30:00,51.968002
2018-12-16 18:45:00,45.988
2018-12-16 19:00:00,37.889
2018-12-16 19:15:00,29.328999
2018-12-16 19:30:00,28.519001
2018-12-16 19:45:00,20.727
2018-12-16 20:00:00,16.864
2018-12-16 20:15:00,22.602001
2018-12-16 20:30:00,14.842999
2018-12-16 20:45:00,8.418
2018-12-16 21:00:00,1.7049999
2018-12-16 21:15:00,1.4
2018-12-16 21:30:00,0.0
2018-12-16 21:45:00,0.0
2018-12-16 22:00:00,0.0
2018-12-16 22:15:00,0.0
2018-12-16 22:30:00,0.0
2018-12-16 22:45:00,0.0
2018-12-16 23:00:00,0.0
2018-12-16 23:15:00,0.0
2018-12-16 23:30:00,0.0
2018-12-16 23:45:00,0.0
2018-12-17 00:00:00,0.0
2018-12-17 00:15:00,0.0
2018-12-17 00:30:00,0.0
2018-12-17 00:45:00,0.0
2018-12-17 01:00:00,1.403
2018-12-17 01:15:00,3.048
2018-12-17 01:30:00,0.043
2018-12-17 01:45:00,2.6
2018-12-17 02:00:00,7.245
2018-12-17 02:15:00,5.2
2018-12-17 02:30:00,10.0
2018-12-17 02:45:00,7.858
2018-12-17 03:00:00,11.2300005
2018-12-17 03:15:00,5.731
2018-12-17 03:30:00,2.288
2018-12-17 03:45:00,0.0
2018-12-17 04:00:00,0.414
2018-12-17 04:15:00,14.003
2018-12-17 04:30:00,22.584
2018-12-17 04:45:00,17.903
2018-12-17 05:00:00,21.258
2018-12-17 05:15:00,17.243
2018-12-17 05:30:00,20.052
2018-12-17 05:45:00,16.381
2018-12-17 06:00:00,15.422
2018-12-17 06:15:00,10.014
2018-12-17 06:30:00,5.051
2018-12-17 06:45:00,7.8650002
2018-12-17 07:00:00,4.56
2018-12-17 07:15:00,1.559
2018-12-17 07:30:00,0.539
2018-12-17 07:45:00,3.238
2018-12-17 08:00:00,5.879
2018-12-17 08:15:00,7.218
2018-12-17 08:30:00,21.609
2018-12-17 08:45:00,40.343002
2018-12-17 09:00:00,32.8
2018-12-17 09:15:00,28.348
2018-12-17 09:30:00,13.603001
2018-12-17 09:45:00,1.3
2018-12-17 10:00:00,0.0
2018-12-17 10:15:00,0.0
2018-12-17 10:30:00,0.0
2018-12-17 10:45:00,0.0
2018-12-17 11:00:00,0.0
2018-12-17 11:15:00,0.023
2018-12-17 11:30:00,0.222
2018-12-17 11:45:00,2.143
2018-12-17 12:00:00,3.608
2018-12-17 12:15:00,2.137
2018-12-17 12:30:00,0.881
2018-12-17 12:45:00,0.375
2018-12-17 13:00:00,1.639
2018-12-17 13:15:00,11.181
2018-12-17 13:30:00,0.0
2018-12-17 13:45:00,2.26
2018-12-17 14:00:00,2.562
2018-12-17 14:15:00,2.27
2018-12-17 14:30:00,3.289
2018-12-17 14:45:00,0.0
2018-12-17 15:00:00,0.0
2018-12-17 15:15:00,0.0
2018-12-17 15:30:00,0.0
2018-12-17 15:45:00,0.0
2018-12-17 16:00:00,0.0
2018-12-17 16:15:00,0.0
2018-12-17 16:30:00,0.0
2018-12-17 16:45:00,0.0
2018-12-17 17:00:00,1.257
2018-12-17 17:15:00,0.0
2018-12-17 17:30:00,1.053
2018-12-17 17:45:00,7.8
2018-12-17 18:00:00,0.244
2018-12-17 18:15:00,0.0
2018-12-17 18:30:00,0.0
2018-12-17 18:45:00,0.0
2018-12-17 19:00:00,0.0
2018-12-17 19:15:00,0.0
2018-12-17 19:30:00,0.0
2018-12-17 19:45:00,0.0
2018-12-17 20:00:00,0.0
2018-12-17 20:15:00,0.0
2018-12-17 20:30:00,0.0
2018-12-17 20:45:00,0.0
2018-12-17 21:00:00,0.0
2018-12-17 21:15:00,0.0
2018-12-17 21:30:00,0.0
2018-12-17 21:45:00,30.814001
2018-12-17 22:00:00,43.542
2018-12-17 22:15:00,15.103001
2018-12-17 22:30:00,23.577
2018-12-17 22:45:00,28.392
2018-12-17 23:00:00,20.904999
2018-12-17 23:15:00,0.0
2018-12-17 23:30:00,2.5
2018-12-17 23:45:00,2.0
2018-12-18 00:00:00,0.0
2018-12-18 00:15:00,0.0
2018-12-18 00:30:00,0.0
2018-12-18 00:45:00,0.0
2018-12-18 01:00:00,0.0
2018-12-18 01:15:00,0.0
2018-12-18 01:30:00,3.251
2018-12-18 01:45:00,7.238
2018-12-18 02:00:00,14.871
2018-12-18 02:15:00,22.216
2018-12-18 02:30:00,18.968
2018-12-18 02:45:00,24.435001
2018-12-18 03:00:00,34.403
2018-12-18 03:15:00,45.096
2018-12-18 03:30:00,67.46
2018-12-18 03:45:00,76.109
2018-12-18 04:00:00,79.752
2018-12-18 04:15:00,71.716995
2018-12-18 04:30:00,79.676
2018-12-18 04:45:00,106.86
2018-12-18 05:00:00,120.237
2018-12-18 05:15:00,115.002
2018-12-18 05:30:00,127.284
2018-12-18 05:45:00,128.074
2018-12-18 06:00:00,145.60501
2018-12-18 06:15:00,150.225
2018-12-18 06:30:00,159.68399
2018-12-18 06:45:00,185.68799
2018-12-18 07:00:00,184.156
2018-12-18 07:15:00,181.38397
2018-12-18 07:30:00,161.523
2018-12-18 07:45:00,165.55899
2018-12-18 08:00:00,167.482
2018-12-18 08:15:00,172.75198
2018-12-18 08:30:00,176.85199
2018-12-18 08:45:00,174.573
2018-12-18 09:00:00,178.79501
2018-12-18 09:15:00,180.42099
2018-12-18 09:30:00,167.49399
2018-12-18 09:45:00,161.56
2018-12-18 10:00:00,151.536
2018-12-18 10:15:00,130.273
2018-12-18 10:30:00,133.34099
2018-12-18 10:45:00,136.819
2018-12-18 11:00:00,161.44
2018-12-18 11:15:00,154.207
2018-12-18 11:30:00,174.225
2018-12-18 11:45:00,171.7
2018-12-18 12:00:00,173.036
2018-12-18 12:15:00,153.65399
2018-12-18 12:30:00,153.52599
2018-12-18 12:45:00,153.16699
2018-12-18 13:00:00,158.75499
2018-12-18 13:15:00,186.215
2018-12-18 13:30:00,198.172
2018-12-18 13:45:00,209.134
2018-12-18 14:00:00,220.70499
2018-12-18 14:15:00,224.32098
2018-12-18 14:30:00,210.93298
2018-12-18 14:45:00,188.224
2018-12-18 15:00:00,167.68198
2018-12-18 15:15:00,176.512
2018-12-18 15:30:00,205.26399
2018-12-18 15:45:00,183.818
2018-12-18 16:00:00,216.24199
2018-12-18 16:15:00,206.724
2018-12-18 16:30:00,166.301
2018-12-18 16:45:00,132.97
2018-12-18 17:00:00,136.34601
2018-12-18 17:15:00,175.402
2018-12-18 17:30:00,206.30997
2018-12-18 17:45:00,208.82898
2018-12-18 18:00:00,151.058
2018-12-18 18:15:00,130.435
2018-12-18 18:30:00,118.047
2018-12-18 18:45:00,103.141
2018-12-18 19:00:00,96.576
2018-12-18 19:15:00,96.328
2018-12-18 19:30:00,98.886
2018-12-18 19:45:00,97.67
2018-12-18 20:00:00,76.354004
2018-12-18 20:15:00,76.627
2018-12-18 20:30:00,80.457
2018-12-18 20:45:00,80.99
2018-12-18 21:00:00,65.209
2018-12-18 21:15:00,60.761
2018-12-18 21:30:00,83.839005
2018-12-18 21:45:00,57.59
2018-12-18 22:00:00,49.818
2018-12-18 22:15:00,40.181
2018-12-18 22:30:00,33.36
2018-12-18 22:45:00,27.150002
2018-12-18 23:00:00,23.535
2018-12-18 23:15:00,17.493
2018-12-18 23:30:00,13.6119995
2018-12-18 23:45:00,20.323
2018-12-19 00:00:00,21.499
2018-12-19 00:15:00,15.118
2018-12-19 00:30:00,7.886
2018-12-19 00:45:00,21.277
2018-12-19 01:00:00,54.544
2018-12-19 01:15:00,49.627
2018-12-19 01:30:00,68.67
2018-12-19 01:45:00,56.623
2018-12-19 02:00:00,62.385
2018-12-19 02:15:00,74.906006
2018-12-19 02:30:00,67.955
2018-12-19 02:45:00,82.802
2018-12-19 03:00:00,101.571
2018-12-19 03:15:00,132.01398
2018-12-19 03:30:00,153.30598
2018-12-19 03:45:00,181.414
2018-12-19 04:00:00,170.259
2018-12-19 04:15:00,154.27798
2018-12-19 04:30:00,132.552
2018-12-19 04:45:00,143.948
2018-12-19 05:00:00,130.084
2018-12-19 05:15:00,160.828
2018-12-19 05:30:00,182.255
2018-12-19 05:45:00,206.92697
2018-12-19 06:00:00,221.97398
2018-12-19 06:15:00,196.953
2018-12-19 06:30:00,152.35901
2018-12-19 06:45:00,136.392
2018-12-19 07:00:00,123.765
2018-12-19 07:15:00,123.848
2018-12-19 07:30:00,115.28
2018-12-19 07:45:00,99.034
2018-12-19 08:00:00,86.654
2018-12-19 08:15:00,82.043
2018-12-19 08:30:00,63.260002
2018-12-19 08:45:00,40.87
2018-12-19 09:00:00,26.883
2018-12-19 09:15:00,20.629
2018-12-19 09:30:00,16.854
2018-12-19 09:45:00,12.184
2018-12-19 10:00:00,9.5859995
2018-12-19 10:15:00,5.538
2018-12-19 10:30:00,4.002
2018-12-19 10:45:00,3.794
2018-12-19 11:00:00,9.038
2018-12-19 11:15:00,16.714
2018-12-19 11:30:00,42.176
2018-12-19 11:45:00,35.951
2018-12-19 12:00:00,39.552002
2018-12-19 12:15:00,41.653
2018-12-19 12:30:00,45.167
2018-12-19 12:45:00,51.044
2018-12-19 13:00:00,47.158
2018-12-19 13:15:00,35.263
2018-12-19 13:30:00,25.813
2018-12-19 13:45:00,21.573
2018-12-19 14:00:00,23.221
2018-12-19 14:15:00,19.168
2018-12-19 14:30:00,10.469
2018-12-19 14:45:00,7.4630003
2018-12-19 15:00:00,3.344
2018-12-19 15:15:00,1.908
2018-12-19 15:30:00,0.468
2018-12-19 15:45:00,0.0
2018-12-19 16:00:00,1.061
2018-12-19 16:15:00,0.0
2018-12-19 16:30:00,0.0
2018-12-19 16:45:00,0.0
2018-12-19 17:00:00,0.0
2018-12-19 17:15:00,0.0
2018-12-19 17:30:00,0.0
2018-12-19 17:45:00,0.0
2018-12-19 18:00:00,1.0
2018-12-19 18:15:00,4.1
2018-12-19 18:30:00,5.5
2018-12-19 18:45:00,2.1629999
2018-12-19 19:00:00,3.3730001
2018-12-19 19:15:00,6.363
2018-12-19 19:30:00,1.18
2018-12-19 19:45:00,0.0
2018-12-19 20:00:00,0.0
2018-12-19 20:15:00,0.0
2018-12-19 20:30:00,0.0
2018-12-19 20:45:00,0.0
2018-12-19 21:00:00,0.0
2018-12-19 21:15:00,9.4
2018-12-19 21:30:00,6.0
2018-12-19 21:45:00,2.3
2018-12-19 22:00:00,14.6
2018-12-19 22:15:00,21.26
2018-12-19 22:30:00,26.98
2018-12-19 22:45:00,24.841002
2018-12-19 23:00:00,13.507
2018-12-19 23:15:00,10.585
2018-12-19 23:30:00,19.159
2018-12-19 23:45:00,28.015
2018-12-20 00:00:00,29.064
2018-12-20 00:15:00,34.001
2018-12-20 00:30:00,40.670998
2018-12-20 00:45:00,50.072
2018-12-20 01:00:00,58.731
2018-12-20 01:15:00,69.533005
2018-12-20 01:30:00,64.817
2018-12-20 01:45:00,27.681
2018-12-20 02:00:00,47.922997
2018-12-20 02:15:00,80.331
2018-12-20 02:30:00,81.073
2018-12-20 02:45:00,83.93
2018-12-20 03:00:00,85.971
2018-12-20 03:15:00,84.718
2018-12-20 03:30:00,118.114
2018-12-20 03:45:00,134.729
2018-12-20 04:00:00,157.317
2018-12-20 04:15:00,159.607
2018-12-20 04:30:00,163.68
2018-12-20 04:45:00,177.57498
2018-12-20 05:00:00,201.52998
2018-12-20 05:15:00,222.177
2018-12-20 05:30:00,224.936
2018-12-20 05:45:00,244.80399
2018-12-20 06:00:00,257.576
2018-12-20 06:15:00,264.117
2018-12-20 06:30:00,263.267
2018-12-20 06:45:00,264.649
2018-12-20 07:00:00,261.865
2018-12-20 07:15:00,257.25098
2018-12-20 07:30:00,236.62599
2018-12-20 07:45:00,242.31299
2018-12-20 08:00:00,245.84799
2018-12-20 08:15:00,255.98
2018-12-20 08:30:00,266.23898
2018-12-20 08:45:00,263.31998
2018-12-20 09:00:00,265.149
2018-12-20 09:15:00,238.48999
2018-12-20 09:30:00,239.51999
2018-12-20 09:45:00,259.835
2018-12-20 10:00:00,260.645
2018-12-20 10:15:00,261.875
2018-12-20 10:30:00,260.229
2018-12-20 10:45:00,263.113
2018-12-20 11:00:00,265.723
2018-12-20 11:15:00,265.4
2018-12-20 11:30:00,264.843
2018-12-20 11:45:00,266.005
2018-12-20 12:00:00,266.87
2018-12-20 12:15:00,266.71698
2018-12-20 12:30:00,266.93097
2018-12-20 12:45:00,266.509
2018-12-20 13:00:00,266.22498
2018-12-20 13:15:00,265.685
2018-12-20 13:30:00,265.541
2018-12-20 13:45:00,264.761
2018-12-20 14:00:00,262.18097
2018-12-20 14:15:00,262.565
2018-12-20 14:30:00,264.66998
2018-12-20 14:45:00,264.362
2018-12-20 15:00:00,263.7
2018-12-20 15:15:00,262.478
2018-12-20 15:30:00,261.964
2018-12-20 15:45:00,260.874
2018-12-20 16:00:00,259.241
2018-12-20 16:15:00,264.677
2018-12-20 16:30:00,259.557
2018-12-20 16:45:00,261.205
2018-12-20 17:00:00,261.97598
2018-12-20 17:15:00,259.065
2018-12-20 17:30:00,241.89499
2018-12-20 17:45:00,226.90799
2018-12-20 18:00:00,213.25198
2018-12-20 18:15:00,202.764
2018-12-20 18:30:00,218.897
2018-12-20 18:45:00,246.15
2018-12-20 19:00:00,255.87598
2018-12-20 19:15:00,257.74
2018-12-20 19:30:00,259.91498
2018-12-20 19:45:00,262.15698
2018-12-20 20:00:00,265.217
2018-12-20 20:15:00,266.19098
2018-12-20 20:30:00,265.211
2018-12-20 20:45:00,267.434
2018-12-20 21:00:00,265.86298
2018-12-20 21:15:00,266.99402
2018-12-20 21:30:00,266.341
2018-12-20 21:45:00,265.044
2018-12-20 22:00:00,265.064
2018-12-20 22:15:00,265.819
2018-12-20 22:30:00,263.727
2018-12-20 22:45:00,260.305
2018-12-20 23:00:00,244.99799
2018-12-20 23:15:00,219.048
2018-12-20 23:30:00,176.702
2018-12-20 23:45:00,152.081
2018-12-21 00:00:00,139.16098
2018-12-21 00:15:00,116.399
2018-12-21 00:30:00,119.16
2018-12-21 00:45:00,114.50398
2018-12-21 01:00:00,106.134
2018-12-21 01:15:00,92.179
2018-12-21 01:30:00,97.253006
2018-12-21 01:45:00,108.44899
2018-12-21 02:00:00,103.558
2018-12-21 02:15:00,111.985
2018-12-21 02:30:00,110.345
2018-12-21 02:45:00,117.576996
2018-12-21 03:00:00,125.095
2018-12-21 03:15:00,139.883
2018-12-21 03:30:00,150.116
2018-12-21 03:45:00,153.093
2018-12-21 04:00:00,139.81099
2018-12-21 04:15:00,140.84998
2018-12-21 04:30:00,126.36
2018-12-21 04:45:00,132.93298
2018-12-21 05:00:00,124.811005
2018-12-21 05:15:00,126.489
2018-12-21 05:30:00,129.34201
2018-12-21 05:45:00,129.01898
2018-12-21 06:00:00,111.234
2018-12-21 06:15:00,98.483
2018-12-21 06:30:00,72.425
2018-12-21 06:45:00,61.659996
2018-12-21 07:00:00,64.347
2018-12-21 07:15:00,66.146
2018-12-21 07:30:00,60.230003
2018-12-21 07:45:00,53.358
2018-12-21 08:00:00,47.469
2018-12-21 08:15:00,43.969
2018-12-21 08:30:00,31.980999
2018-12-21 08:45:00,28.609
2018-12-21 09:00:00,31.407001
2018-12-21 09:15:00,26.679
2018-12-21 09:30:00,28.342
2018-12-21 09:45:00,32.949
2018-12-21 10:00:00,24.761
2018-12-21 10:15:00,25.849998
2018-12-21 10:30:00,15.8619995
2018-12-21 10:45:00,11.906
2018-12-21 11:00:00,12.651
2018-12-21 11:15:00,11.413
2018-12-21 11:30:00,7.707
2018-12-21 11:45:00,3.795
2018-12-21 12:00:00,4.843
2018-12-21 12:15:00,2.892
2018-12-21 12:30:00,0.0
2018-12-21 12:45:00,0.0
2018-12-21 13:00:00,0.0
2018-12-21 13:15:00,0.0
2018-12-21 13:30:00,0.0
2018-12-21 13:45:00,0.0
2018-12-21 14:00:00,0.0
2018-12-21 14:15:00,2.5349998
2018-12-21 14:30:00,8.216
2018-12-21 14:45:00,13.556
2018-12-21 15:00:00,12.056
2018-12-21 15:15:00,13.764
2018-12-21 15:30:00,17.001999
2018-12-21 15:45:00,28.883
2018-12-21 16:00:00,36.103
2018-12-21 16:15:00,51.878002
2018-12-21 16:30:00,75.798004
2018-12-21 16:45:00,86.478
2018-12-21 17:00:00,89.332
2018-12-21 17:15:00,106.314995
2018-12-21 17:30:00,130.715
2018-12-21 17:45:00,151.571
2018-12-21 18:00:00,164.414
2018-12-21 18:15:00,171.729
2018-12-21 18:30:00,182.71199
2018-12-21 18:45:00,184.35098
2018-12-21 19:00:00,194.91498
2018-12-21 19:15:00,203.17
2018-12-21 19:30:00,221.08897
2018-12-21 19:45:00,211.406
2018-12-21 20:00:00,236.959
2018-12-21 20:15:00,234.68298
2018-12-21 20:30:00,236.93999
2018-12-21 20:45:00,247.189
2018-12-21 21:00:00,246.40797
2018-12-21 21:15:00,252.96599
2018-12-21 21:30:00,254.34299
2018-12-21 21:45:00,257.682
2018-12-21 22:00:00,257.742
2018-12-21 22:15:00,252.483
2018-12-21 22:30:00,258.828
2018-12-21 22:45:00,258.296
2018-12-21 23:00:00,239.52298
2018-12-21 23:15:00,216.568
2018-12-21 23:30:00,220.93
2018-12-21 23:45:00,244.27197
2018-12-22 00:00:00,258.663
2018-12-22 00:15:00,244.08499
2018-12-22 00:30:00,257.81
2018-12-22 00:45:00,266.15
2018-12-22 01:00:00,266.613
2018-12-22 01:15:00,266.31
2018-12-22 01:30:00,266.13998
2018-12-22 01:45:00,266.3
2018-12-22 02:00:00,266.521
2018-12-22 02:15:00,266.37698
2018-12-22 02:30:00,266.53198
2018-12-22 02:45:00,266.592
2018-12-22 03:00:00,266.13998
2018-12-22 03:15:00,266.04697
2018-12-22 03:30:00,266.33698
2018-12-22 03:45:00,266.08496
2018-12-22 04:00:00,261.901
2018-12-22 04:15:00,256.94
2018-12-22 04:30:00,258.669
2018-12-22 04:45:00,245.659
2018-12-22 05:00:00,234.50397
2018-12-22 05:15:00,259.07898
2018-12-22 05:30:00,249.95
2018-12-22 05:45:00,247.97699
2018-12-22 06:00:00,254.96597
2018-12-22 06:15:00,261.97998
2018-12-22 06:30:00,261.85
2018-12-22 06:45:00,262.546
2018-12-22 07:00:00,258.386
2018-12-22 07:15:00,259.296
2018-12-22 07:30:00,262.133
2018-12-22 07:45:00,264.64798
2018-12-22 08:00:00,261.50897
2018-12-22 08:15:00,256.682
2018-12-22 08:30:00,256.461
2018-12-22 08:45:00,258.69098
2018-12-22 09:00:00,255.37
2018-12-22 09:15:00,251.019
2018-12-22 09:30:00,246.656
2018-12-22 09:45:00,245.84999
2018-12-22 10:00:00,221.79298
2018-12-22 10:15:00,193.67398
2018-12-22 10:30:00,180.798
2018-12-22 10:45:00,176.425
2018-12-22 11:00:00,164.01898
2018-12-22 11:15:00,155.538
2018-12-22 11:30:00,152.161
2018-12-22 11:45:00,154.93
2018-12-22 12:00:00,165.12799
2018-12-22 12:15:00,158.13898
2018-12-22 12:30:00,131.778
2018-12-22 12:45:00,114.759
2018-12-22 13:00:00,145.11101
2018-12-22 13:15:00,145.59299
2018-12-22 13:30:00,149.24698
2018-12-22 13:45:00,157.11998
2018-12-22 14:00:00,198.64099
2018-12-22 14:15:00,175.84598
2018-12-22 14:30:00,187.097
2018-12-22 14:45:00,181.58199
2018-12-22 15:00:00,148.59799
2018-12-22 15:15:00,157.843
2018-12-22 15:30:00,192.454
2018-12-22 15:45:00,193.422
2018-12-22 16:00:00,214.017
2018-12-22 16:15:00,201.413
2018-12-22 16:30:00,200.44499
2018-12-22 16:45:00,184.262
2018-12-22 17:00:00,154.101
2018-12-22 17:15:00,130.115
2018-12-22 17:30:00,134.14
2018-12-22 17:45:00,121.362
2018-12-22 18:00:00,106.093
2018-12-22 18:15:00,81.304
2018-12-22 18:30:00,77.789
2018-12-22 18:45:00,77.139
2018-12-22 19:00:00,79.382996
2018-12-22 19:15:00,76.649
2018-12-22 19:30:00,82.75
2018-12-22 19:45:00,90.535995
2018-12-22 20:00:00,64.747
2018-12-22 20:15:00,54.76
2018-12-22 20:30:00,43.586
2018-12-22 20:45:00,34.446
2018-12-22 21:00:00,23.899
2018-12-22 21:15:00,17.168999
2018-12-22 21:30:00,34.057
2018-12-22 21:45:00,11.218
2018-12-22 22:00:00,1.3
2018-12-22 22:15:00,0.0
2018-12-22 22:30:00,0.0
2018-12-22 22:45:00,0.0
2018-12-22 23:00:00,0.0
2018-12-22 23:15:00,0.0
2018-12-22 23:30:00,0.0
2018-12-22 23:45:00,0.0
2018-12-23 00:00:00,0.0
2018-12-23 00:15:00,0.0
2018-12-23 00:30:00,1.128
2018-12-23 00:45:00,7.875
2018-12-23 01:00:00,14.965
2018-12-23 01:15:00,18.125
2018-12-23 01:30:00,23.355999
2018-12-23 01:45:00,17.57
2018-12-23 02:00:00,11.651
2018-12-23 02:15:00,10.754
2018-12-23 02:30:00,12.486
2018-12-23 02:45:00,10.473001
2018-12-23 03:00:00,9.189
2018-12-23 03:15:00,5.128
2018-12-23 03:30:00,3.044
2018-12-23 03:45:00,5.652
2018-12-23 04:00:00,12.096001
2018-12-23 04:15:00,16.735
2018-12-23 04:30:00,17.404999
2018-12-23 04:45:00,22.418999
2018-12-23 05:00:00,24.906
2018-12-23 05:15:00,34.983
2018-12-23 05:30:00,40.725998
2018-12-23 05:45:00,45.572998
2018-12-23 06:00:00,7.427
2018-12-23 06:15:00,0.0
2018-12-23 06:30:00,0.0
2018-12-23 06:45:00,9.8
2018-12-23 07:00:00,251.16698
2018-12-23 07:15:00,264.761
2018-12-23 07:30:00,264.533
2018-12-23 07:45:00,264.351
2018-12-23 08:00:00,265.625
2018-12-23 08:15:00,265.943
2018-12-23 08:30:00,267.41098
2018-12-23 08:45:00,266.17398
2018-12-23 09:00:00,265.757
2018-12-23 09:15:00,266.457
2018-12-23 09:30:00,265.404
2018-12-23 09:45:00,260.748
2018-12-23 10:00:00,262.01498
2018-12-23 10:15:00,266.567
2018-12-23 10:30:00,266.22897
2018-12-23 10:45:00,266.083
2018-12-23 11:00:00,266.08997
2018-12-23 11:15:00,266.586
2018-12-23 11:30:00,266.213
2018-12-23 11:45:00,266.034
2018-12-23 12:00:00,265.595
2018-12-23 12:15:00,265.37598
2018-12-23 12:30:00,263.458
2018-12-23 12:45:00,253.984
2018-12-23 13:00:00,232.42198
2018-12-23 13:15:00,224.25098
2018-12-23 13:30:00,208.25699
2018-12-23 13:45:00,191.594
2018-12-23 14:00:00,192.16199
2018-12-23 14:15:00,190.37799
2018-12-23 14:30:00,213.228
2018-12-23 14:45:00,184.6
2018-12-23 15:00:00,189.313
2018-12-23 15:15:00,151.69598
2018-12-23 15:30:00,152.44699
2018-12-23 15:45:00,130.651
2018-12-23 16:00:00,126.32298
2018-12-23 16:15:00,119.412
2018-12-23 16:30:00,104.651
2018-12-23 16:45:00,97.125
2018-12-23 17:00:00,85.328
2018-12-23 17:15:00,69.009995
2018-12-23 17:30:00,65.203
2018-12-23 17:45:00,42.158
2018-12-23 18:00:00,33.555
2018-12-23 18:15:00,29.577002
2018-12-23 18:30:00,34.613
2018-12-23 18:45:00,36.010002
2018-12-23 19:00:00,35.116
2018-12-23 19:15:00,29.399
2018-12-23 19:30:00,18.934
2018-12-23 19:45:00,14.620001
2018-12-23 20:00:00,6.835
2018-12-23 20:15:00,4.05
2018-12-23 20:30:00,1.34
2018-12-23 20:45:00,0.0
2018-12-23 21:00:00,0.031
2018-12-23 21:15:00,1.537
2018-12-23 21:30:00,0.0
2018-12-23 21:45:00,0.0
2018-12-23 22:00:00,0.0
2018-12-23 22:15:00,0.0
2018-12-23 22:30:00,0.0
2018-12-23 22:45:00,1.511
2018-12-23 23:00:00,1.188
2018-12-23 23:15:00,5.0680003
2018-12-23 23:30:00,1.71
2018-12-23 23:45:00,0.0
2018-12-24 00:00:00,0.071
2018-12-24 00:15:00,0.0
2018-12-24 00:30:00,0.0
2018-12-24 00:45:00,0.0
2018-12-24 01:00:00,0.0
2018-12-24 01:15:00,2.023
2018-12-24 01:30:00,3.329
2018-12-24 01:45:00,5.452
2018-12-24 02:00:00,7.7990003
2018-12-24 02:15:00,17.144001
2018-12-24 02:30:00,24.097
2018-12-24 02:45:00,27.059
2018-12-24 03:00:00,32.884003
2018-12-24 03:15:00,41.537
2018-12-24 03:30:00,50.628998
2018-12-24 03:45:00,77.578
2018-12-24 04:00:00,72.32
2018-12-24 04:15:00,72.765
2018-12-24 04:30:00,79.251
2018-12-24 04:45:00,54.64
2018-12-24 05:00:00,94.304
2018-12-24 05:15:00,111.490005
2018-12-24 05:30:00,100.524
2018-12-24 05:45:00,70.935
2018-12-24 06:00:00,83.015
2018-12-24 06:15:00,100.457
2018-12-24 06:30:00,123.487
2018-12-24 06:45:00,174.176
2018-12-24 07:00:00,197.14899
2018-12-24 07:15:00,212.983
2018-12-24 07:30:00,193.27899
2018-12-24 07:45:00,178.29797
2018-12-24 08:00:00,197.556
2018-12-24 08:15:00,196.82199
2018-12-24 08:30:00,184.982
2018-12-24 08:45:00,176.245
2018-12-24 09:00:00,181.465
2018-12-24 09:15:00,188.90498
2018-12-24 09:30:00,208.105
2018-12-24 09:45:00,231.04797
2018-12-24 10:00:00,233.19699
2018-12-24 10:15:00,234.38799
2018-12-24 10:30:00,241.221
2018-12-24 10:45:00,250.256
2018-12-24 11:00:00,258.30402
2018-12-24 11:15:00,260.958
2018-12-24 11:30:00,261.487
2018-12-24 11:45:00,261.365
2018-12-24 12:00:00,266.425
2018-12-24 12:15:00,264.43
2018-12-24 12:30:00,263.124
2018-12-24 12:45:00,263.39697
2018-12-24 13:00:00,266.616
2018-12-24 13:15:00,266.455
2018-12-24 13:30:00,263.84198
2018-12-24 13:45:00,266.287
2018-12-24 14:00:00,265.181
2018-12-24 14:15:00,264.146
2018-12-24 14:30:00,264.17798
2018-12-24 14:45:00,261.91998
2018-12-24 15:00:00,261.076
2018-12-24 15:15:00,259.943
2018-12-24 15:30:00,256.35098
2018-12-24 15:45:00,256.628
2018-12-24 16:00:00,259.262
2018-12-24 16:15:00,256.123
2018-12-24 16:30:00,250.54498
2018-12-24 16:45:00,248.28099
2018-12-24 17:00:00,253.72198
2018-12-24 17:15:00,258.14697
2018-12-24 17:30:00,260.796
2018-12-24 17:45:00,256.68896
2018-12-24 18:00:00,256.95398
2018-12-24 18:15:00,262.00897
2018-12-24 18:30:00,259.859
2018-12-24 18:45:00,245.353
2018-12-24 19:00:00,239.00699
2018-12-24 19:15:00,254.07698
2018-12-24 19:30:00,248.784
2018-12-24 19:45:00,237.66399
2018-12-24 20:00:00,234.87398
2018-12-24 20:15:00,229.332
2018-12-24 20:30:00,212.83301
2018-12-24 20:45:00,192.634
2018-12-24 21:00:00,169.578
2018-12-24 21:15:00,182.394
2018-12-24 21:30:00,183.616
2018-12-24 21:45:00,193.056
2018-12-24 22:00:00,196.103
2018-12-24 22:15:00,176.959
2018-12-24 22:30:00,163.39099
2018-12-24 22:45:00,155.20798
2018-12-24 23:00:00,149.335
2018-12-24 23:15:00,136.84598
2018-12-24 23:30:00,164.499
2018-12-24 23:45:00,176.791
2018-12-25 00:00:00,187.555
2018-12-25 00:15:00,199.756
2018-12-25 00:30:00,188.76999
2018-12-25 00:45:00,204.34398
2018-12-25 01:00:00,193.345
2018-12-25 01:15:00,183.406
2018-12-25 01:30:00,184.39801
2018-12-25 01:45:00,197.88098
2018-12-25 02:00:00,238.262
2018-12-25 02:15:00,249.05399
2018-12-25 02:30:00,216.642
2018-12-25 02:45:00,247.41399
2018-12-25 03:00:00,256.693
2018-12-25 03:15:00,239.32098
2018-12-25 03:30:00,220.43
2018-12-25 03:45:00,242.638
2018-12-25 04:00:00,242.12099
2018-12-25 04:15:00,212.991
2018-12-25 04:30:00,220.771
2018-12-25 04:45:00,199.20898
2018-12-25 05:00:00,211.156
2018-12-25 05:15:00,215.22498
2018-12-25 05:30:00,244.596
2018-12-25 05:45:00,226.353
2018-12-25 06:00:00,227.716
2018-12-25 06:15:00,214.375
2018-12-25 06:30:00,194.48
2018-12-25 06:45:00,179.362
2018-12-25 07:00:00,166.293
2018-12-25 07:15:00,171.88297
2018-12-25 07:30:00,167.093
2018-12-25 07:45:00,154.25797
2018-12-25 08:00:00,151.71799
2018-12-25 08:15:00,154.48898
2018-12-25 08:30:00,144.853
2018-12-25 08:45:00,139.755
2018-12-25 09:00:00,134.203
2018-12-25 09:15:00,119.985
2018-12-25 09:30:00,115.7
2018-12-25 09:45:00,128.30699
2018-12-25 10:00:00,133.15201
2018-12-25 10:15:00,123.483
2018-12-25 10:30:00,134.657
2018-12-25 10:45:00,130.748
2018-12-25 11:00:00,129.27899
2018-12-25 11:15:00,148.12198
2018-12-25 11:30:00,142.94899
2018-12-25 11:45:00,151.616
2018-12-25 12:00:00,154.61998
2018-12-25 12:15:00,140.83899
2018-12-25 12:30:00,119.89699
2018-12-25 12:45:00,127.559
2018-12-25 13:00:00,130.451
2018-12-25 13:15:00,111.29799
2018-12-25 13:30:00,98.487
2018-12-25 13:45:00,79.353
2018-12-25 14:00:00,42.341
2018-12-25 14:15:00,33.026
2018-12-25 14:30:00,16.862999
2018-12-25 14:45:00,12.618
2018-12-25 15:00:00,23.702
2018-12-25 15:15:00,26.326
2018-12-25 15:30:00,20.671
2018-12-25 15:45:00,21.026001
2018-12-25 16:00:00,21.242
2018-12-25 16:15:00,21.748
2018-12-25 16:30:00,22.175999
2018-12-25 16:45:00,19.829
2018-12-25 17:00:00,22.522
2018-12-25 17:15:00,25.03
2018-12-25 17:30:00,38.779
2018-12-25 17:45:00,38.302002
2018-12-25 18:00:00,23.684
2018-12-25 18:15:00,17.51
2018-12-25 18:30:00,21.241001
2018-12-25 18:45:00,26.469
2018-12-25 19:00:00,38.134
2018-12-25 19:15:00,56.626
2018-12-25 19:30:00,90.22799
2018-12-25 19:45:00,71.738
2018-12-25 20:00:00,66.341
2018-12-25 20:15:00,75.246
2018-12-25 20:30:00,67.141
2018-12-25 20:45:00,76.091995
2018-12-25 21:00:00,87.765
2018-12-25 21:15:00,95.974
2018-12-25 21:30:00,99.323
2018-12-25 21:45:00,111.574
2018-12-25 22:00:00,145.25299
2018-12-25 22:15:00,163.026
2018-12-25 22:30:00,178.695
2018-12-25 22:45:00,198.93799
2018-12-25 23:00:00,173.93301
2018-12-25 23:15:00,171.841
2018-12-25 23:30:00,137.67099
2018-12-25 23:45:00,134.64099
2018-12-26 00:00:00,138.081
2018-12-26 00:15:00,169.83499
2018-12-26 00:30:00,194.634
2018-12-26 00:45:00,191.17801
2018-12-26 01:00:00,209.93498
2018-12-26 01:15:00,226.86198
2018-12-26 01:30:00,230.659
2018-12-26 01:45:00,219.03299
2018-12-26 02:00:00,212.637
2018-12-26 02:15:00,208.583
2018-12-26 02:30:00,227.006
2018-12-26 02:45:00,245.013
2018-12-26 03:00:00,255.79999
2018-12-26 03:15:00,258.529
2018-12-26 03:30:00,260.10797
2018-12-26 03:45:00,258.041
2018-12-26 04:00:00,263.04297
2018-12-26 04:15:00,262.214
2018-12-26 04:30:00,262.44998
2018-12-26 04:45:00,263.852
2018-12-26 05:00:00,263.24097
2018-12-26 05:15:00,263.684
2018-12-26 05:30:00,263.10498
2018-12-26 05:45:00,262.95398
2018-12-26 06:00:00,264.009
2018-12-26 06:15:00,263.749
2018-12-26 06:30:00,263.163
2018-12-26 06:45:00,262.97797
2018-12-26 07:00:00,262.728
2018-12-26 07:15:00,264.268
2018-12-26 07:30:00,263.477
2018-12-26 07:45:00,263.503
2018-12-26 08:00:00,263.96198
2018-12-26 08:15:00,263.21
2018-12-26 08:30:00,260.07898
2018-12-26 08:45:00,258.544
2018-12-26 09:00:00,254.61697
2018-12-26 09:15:00,261.16498
2018-12-26 09:30:00,262.637
2018-12-26 09:45:00,261.15497
2018-12-26 10:00:00,260.35098
2018-12-26 10:15:00,262.04797
2018-12-26 10:30:00,263.162
2018-12-26 10:45:00,262.503
2018-12-26 11:00:00,264.309
2018-12-26 11:15:00,259.40198
2018-12-26 11:30:00,261.45898
2018-12-26 11:45:00,263.74896
2018-12-26 12:00:00,263.331
2018-12-26 12:15:00,263.27197
2018-12-26 12:30:00,262.31897
2018-12-26 12:45:00,262.99298
2018-12-26 13:00:00,260.656
2018-12-26 13:15:00,261.15997
2018-12-26 13:30:00,261.81598
2018-12-26 13:45:00,246.66998
2018-12-26 14:00:00,256.543
2018-12-26 14:15:00,256.21
2018-12-26 14:30:00,214.144
2018-12-26 14:45:00,197.07
2018-12-26 15:00:00,220.36198
2018-12-26 15:15:00,150.27899
2018-12-26 15:30:00,150.328
2018-12-26 15:45:00,189.04999
2018-12-26 16:00:00,224.426
2018-12-26 16:15:00,244.76999
2018-12-26 16:30:00,246.12099
2018-12-26 16:45:00,246.87598
2018-12-26 17:00:00,247.107
2018-12-26 17:15:00,244.607
2018-12-26 17:30:00,245.931
2018-12-26 17:45:00,242.775
2018-12-26 18:00:00,251.448
2018-12-26 18:15:00,246.80798
2018-12-26 18:30:00,239.896
2018-12-26 18:45:00,214.08798
2018-12-26 19:00:00,215.791
2018-12-26 19:15:00,208.24799
2018-12-26 19:30:00,236.995
2018-12-26 19:45:00,244.05199
2018-12-26 20:00:00,225.76598
2018-12-26 20:15:00,245.64499
2018-12-26 20:30:00,234.16898
2018-12-26 20:45:00,240.87799
2018-12-26 21:00:00,245.49599
2018-12-26 21:15:00,258.00397
2018-12-26 21:30:00,255.01799
2018-12-26 21:45:00,264.906
2018-12-26 22:00:00,261.529
2018-12-26 22:15:00,229.568
2018-12-26 22:30:00,212.144
2018-12-26 22:45:00,258.42798
2018-12-26 23:00:00,250.22
2018-12-26 23:15:00,252.42398
2018-12-26 23:30:00,266.44498
2018-12-26 23:45:00,266.42398
2018-12-27 00:00:00,218.34
2018-12-27 00:15:00,165.39899
2018-12-27 00:30:00,144.238
2018-12-27 00:45:00,142.956
2018-12-27 01:00:00,134.307
2018-12-27 01:15:00,156.20999
2018-12-27 01:30:00,160.53601
2018-12-27 01:45:00,153.49301
2018-12-27 02:00:00,129.18799
2018-12-27 02:15:00,137.25098
2018-12-27 02:30:00,179.362
2018-12-27 02:45:00,168.376
2018-12-27 03:00:00,114.054
2018-12-27 03:15:00,111.660995
2018-12-27 03:30:00,76.878006
2018-12-27 03:45:00,115.997986
2018-12-27 04:00:00,105.776985
2018-12-27 04:15:00,89.75
2018-12-27 04:30:00,81.478
2018-12-27 04:45:00,110.60098
2018-12-27 05:00:00,142.597
2018-12-27 05:15:00,115.40201
2018-12-27 05:30:00,132.24399
2018-12-27 05:45:00,178.271
2018-12-27 06:00:00,197.04199
2018-12-27 06:15:00,157.341
2018-12-27 06:30:00,196.48499
2018-12-27 06:45:00,214.43298
2018-12-27 07:00:00,214.75598
2018-12-27 07:15:00,245.80698
2018-12-27 07:30:00,258.167
2018-12-27 07:45:00,263.292
2018-12-27 08:00:00,264.318
2018-12-27 08:15:00,266.162
2018-12-27 08:30:00,266.30798
2018-12-27 08:45:00,265.818
2018-12-27 09:00:00,263.682
2018-12-27 09:15:00,263.36798
2018-12-27 09:30:00,263.453
2018-12-27 09:45:00,263.42798
2018-12-27 10:00:00,259.75
2018-12-27 10:15:00,261.442
2018-12-27 10:30:00,261.12198
2018-12-27 10:45:00,264.10797
2018-12-27 11:00:00,263.72498
2018-12-27 11:15:00,264.409
2018-12-27 11:30:00,267.52
2018-12-27 11:45:00,267.879
2018-12-27 12:00:00,266.471
2018-12-27 12:15:00,264.55096
2018-12-27 12:30:00,265.79297
2018-12-27 12:45:00,265.93597
2018-12-27 13:00:00,265.434
2018-12-27 13:15:00,266.33496
2018-12-27 13:30:00,266.87198
2018-12-27 13:45:00,267.214
2018-12-27 14:00:00,264.41498
2018-12-27 14:15:00,261.736
2018-12-27 14:30:00,259.432
2018-12-27 14:45:00,252.62698
2018-12-27 15:00:00,253.346
2018-12-27 15:15:00,253.00299
2018-12-27 15:30:00,257.16797
2018-12-27 15:45:00,259.56198
2018-12-27 16:00:00,252.53598
2018-12-27 16:15:00,252.47
2018-12-27 16:30:00,237.18199
2018-12-27 16:45:00,229.495
2018-12-27 17:00:00,169.80899
2018-12-27 17:15:00,144.93399
2018-12-27 17:30:00,129.544
2018-12-27 17:45:00,111.072
2018-12-27 18:00:00,78.706
2018-12-27 18:15:00,70.563
2018-12-27 18:30:00,72.849
2018-12-27 18:45:00,63.686996
2018-12-27 19:00:00,69.986
2018-12-27 19:15:00,75.349
2018-12-27 19:30:00,78.189
2018-12-27 19:45:00,100.516
2018-12-27 20:00:00,103.749985
2018-12-27 20:15:00,105.83898
2018-12-27 20:30:00,99.23801
2018-12-27 20:45:00,103.902
2018-12-27 21:00:00,93.44
2018-12-27 21:15:00,67.238
2018-12-27 21:30:00,52.503
2018-12-27 21:45:00,50.126
2018-12-27 22:00:00,40.475
2018-12-27 22:15:00,35.958
2018-12-27 22:30:00,28.043
2018-12-27 22:45:00,19.723999
2018-12-27 23:00:00,20.328
2018-12-27 23:15:00,19.562
2018-12-27 23:30:00,13.245
2018-12-27 23:45:00,9.858
2018-12-28 00:00:00,5.315
2018-12-28 00:15:00,3.118
2018-12-28 00:30:00,1.92
2018-12-28 00:45:00,1.546
2018-12-28 01:00:00,0.894
2018-12-28 01:15:00,2.851
2018-12-28 01:30:00,4.964
2018-12-28 01:45:00,26.233002
2018-12-28 02:00:00,46.322
2018-12-28 02:15:00,51.222
2018-12-28 02:30:00,60.434
2018-12-28 02:45:00,61.001
2018-12-28 03:00:00,75.553
2018-12-28 03:15:00,96.9
2018-12-28 03:30:00,87.238
2018-12-28 03:45:00,88.47099
2018-12-28 04:00:00,93.024
2018-12-28 04:15:00,82.412
2018-12-28 04:30:00,92.228
2018-12-28 04:45:00,90.847
2018-12-28 05:00:00,116.272995
2018-12-28 05:15:00,148.35199
2018-12-28 05:30:00,182.545
2018-12-28 05:45:00,216.76299
2018-12-28 06:00:00,266.525
2018-12-28 06:15:00,265.054
2018-12-28 06:30:00,262.98
2018-12-28 06:45:00,226.713
2018-12-28 07:00:00,227.35498
2018-12-28 07:15:00,256.10498
2018-12-28 07:30:00,253.77599
2018-12-28 07:45:00,260.538
2018-12-28 08:00:00,250.67099
2018-12-28 08:15:00,214.017
2018-12-28 08:30:00,225.173
2018-12-28 08:45:00,222.97
2018-12-28 09:00:00,223.282
2018-12-28 09:15:00,222.663
2018-12-28 09:30:00,236.035
2018-12-28 09:45:00,241.55399
2018-12-28 10:00:00,230.12799
2018-12-28 10:15:00,230.774
2018-12-28 10:30:00,217.59
2018-12-28 10:45:00,211.943
2018-12-28 11:00:00,221.63799
2018-12-28 11:15:00,237.254
2018-12-28 11:30:00,250.75098
2018-12-28 11:45:00,261.261
2018-12-28 12:00:00,267.2
2018-12-28 12:15:00,262.242
2018-12-28 12:30:00,260.526
2018-12-28 12:45:00,260.664
2018-12-28 13:00:00,266.93597
2018-12-28 13:15:00,266.059
2018-12-28 13:30:00,266.539
2018-12-28 13:45:00,267.10602
2018-12-28 14:00:00,266.801
2018-12-28 14:15:00,264.572
2018-12-28 14:30:00,262.96298
2018-12-28 14:45:00,264.72998
2018-12-28 15:00:00,267.137
2018-12-28 15:15:00,264.29797
2018-12-28 15:30:00,261.826
2018-12-28 15:45:00,262.11902
2018-12-28 16:00:00,259.85098
2018-12-28 16:15:00,253.131
2018-12-28 16:30:00,243.36798
2018-12-28 16:45:00,241.84097
2018-12-28 17:00:00,230.90399
2018-12-28 17:15:00,216.13599
2018-12-28 17:30:00,195.38397
2018-12-28 17:45:00,181.331
2018-12-28 18:00:00,174.65
2018-12-28 18:15:00,137.62099
2018-12-28 18:30:00,161.51498
2018-12-28 18:45:00,153.629
2018-12-28 19:00:00,176.631
2018-12-28 19:15:00,164.29398
2018-12-28 19:30:00,183.138
2018-12-28 19:45:00,210.17001
2018-12-28 20:00:00,222.07898
2018-12-28 20:15:00,226.65201
2018-12-28 20:30:00,208.759
2018-12-28 20:45:00,217.93999
2018-12-28 21:00:00,191.48398
2018-12-28 21:15:00,187.41199
2018-12-28 21:30:00,175.84799
2018-12-28 21:45:00,167.845
2018-12-28 22:00:00,149.25299
2018-12-28 22:15:00,159.898
2018-12-28 22:30:00,168.61798
2018-12-28 22:45:00,189.758
2018-12-28 23:00:00,195.16699
2018-12-28 23:15:00,197.512
2018-12-28 23:30:00,201.85599
2018-12-28 23:45:00,190.219
2018-12-29 00:00:00,193.66599
2018-12-29 00:15:00,189.565
2018-12-29 00:30:00,208.649
2018-12-29 00:45:00,183.14597
2018-12-29 01:00:00,184.39
2018-12-29 01:15:00,171.526
2018-12-29 01:30:00,160.174
2018-12-29 01:45:00,174.17497
2018-12-29 02:00:00,179.442
2018-12-29 02:15:00,205.23898
2018-12-29 02:30:00,202.874
2018-12-29 02:45:00,189.867
2018-12-29 03:00:00,178.86499
2018-12-29 03:15:00,202.59398
2018-12-29 03:30:00,212.495
2018-12-29 03:45:00,227.911
2018-12-29 04:00:00,210.05
2018-12-29 04:15:00,233.35999
2018-12-29 04:30:00,184.122
2018-12-29 04:45:00,164.32999
2018-12-29 05:00:00,152.88898
2018-12-29 05:15:00,158.748
2018-12-29 05:30:00,170.251
2018-12-29 05:45:00,191.922
2018-12-29 06:00:00,184.04599
2018-12-29 06:15:00,168.76398
2018-12-29 06:30:00,176.29199
2018-12-29 06:45:00,176.409
2018-12-29 07:00:00,182.17697
2018-12-29 07:15:00,173.017
2018-12-29 07:30:00,152.09601
2018-12-29 07:45:00,166.17899
2018-12-29 08:00:00,149.10098
2018-12-29 08:15:00,157.168
2018-12-29 08:30:00,160.35199
2018-12-29 08:45:00,143.55798
2018-12-29 09:00:00,163.355
2018-12-29 09:15:00,194.94998
2018-12-29 09:30:00,194.54199
2018-12-29 09:45:00,191.93301
2018-12-29 10:00:00,213.305
2018-12-29 10:15:00,189.15
2018-12-29 10:30:00,165.88498
2018-12-29 10:45:00,161.334
2018-12-29 11:00:00,171.53699
2018-12-29 11:15:00,172.647
2018-12-29 11:30:00,189.519
2018-12-29 11:45:00,195.30899
2018-12-29 12:00:00,191.054
2018-12-29 12:15:00,173.424
2018-12-29 12:30:00,169.43
2018-12-29 12:45:00,146.184
2018-12-29 13:00:00,129.423
2018-12-29 13:15:00,113.337
2018-12-29 13:30:00,113.819
2018-12-29 13:45:00,103.463
2018-12-29 14:00:00,111.562
2018-12-29 14:15:00,119.423996
2018-12-29 14:30:00,105.114
2018-12-29 14:45:00,109.41799
2018-12-29 15:00:00,110.494
2018-12-29 15:15:00,115.011
2018-12-29 15:30:00,116.785995
2018-12-29 15:45:00,119.422
2018-12-29 16:00:00,107.103
2018-12-29 16:15:00,106.696
2018-12-29 16:30:00,99.285995
2018-12-29 16:45:00,75.187
2018-12-29 17:00:00,77.534
2018-12-29 17:15:00,56.42
2018-12-29 17:30:00,55.778
2018-12-29 17:45:00,59.826004
2018-12-29 18:00:00,50.705
2018-12-29 18:15:00,58.441998
2018-12-29 18:30:00,53.689
2018-12-29 18:45:00,43.629997
2018-12-29 19:00:00,53.225
2018-12-29 19:15:00,63.613
2018-12-29 19:30:00,65.164
2018-12-29 19:45:00,65.371
2018-12-29 20:00:00,62.246
2018-12-29 20:15:00,61.581
2018-12-29 20:30:00,61.098
2018-12-29 20:45:00,52.627
2018-12-29 21:00:00,51.181
2018-12-29 21:15:00,47.148
2018-12-29 21:30:00,55.22
2018-12-29 21:45:00,52.128
2018-12-29 22:00:00,51.425
2018-12-29 22:15:00,52.830997
2018-12-29 22:30:00,66.856995
2018-12-29 22:45:00,68.550995
2018-12-29 23:00:00,81.591995
2018-12-29 23:15:00,69.494
2018-12-29 23:30:00,78.459
2018-12-29 23:45:00,73.687004
2018-12-30 00:00:00,73.457
2018-12-30 00:15:00,56.406
2018-12-30 00:30:00,57.266
2018-12-30 00:45:00,55.431
2018-12-30 01:00:00,57.68
2018-12-30 01:15:00,40.335
2018-12-30 01:30:00,40.542
2018-12-30 01:45:00,35.112
2018-12-30 02:00:00,19.429
2018-12-30 02:15:00,20.049
2018-12-30 02:30:00,19.645
2018-12-30 02:45:00,9.83
2018-12-30 03:00:00,3.893
2018-12-30 03:15:00,5.881
2018-12-30 03:30:00,1.248
2018-12-30 03:45:00,0.0
2018-12-30 04:00:00,1.881
2018-12-30 04:15:00,2.322
2018-12-30 04:30:00,6.381
2018-12-30 04:45:00,3.156
2018-12-30 05:00:00,7.364
2018-12-30 05:15:00,6.725
2018-12-30 05:30:00,4.2469997
2018-12-30 05:45:00,12.181
2018-12-30 06:00:00,17.365002
2018-12-30 06:15:00,22.107
2018-12-30 06:30:00,10.488
2018-12-30 06:45:00,13.2630005
2018-12-30 07:00:00,6.741
2018-12-30 07:15:00,1.635
2018-12-30 07:30:00,1.699
2018-12-30 07:45:00,1.782
2018-12-30 08:00:00,5.849
2018-12-30 08:15:00,0.485
2018-12-30 08:30:00,1.914
2018-12-30 08:45:00,4.336
2018-12-30 09:00:00,5.346
2018-12-30 09:15:00,6.2939997
2018-12-30 09:30:00,11.191999
2018-12-30 09:45:00,7.08
2018-12-30 10:00:00,9.337
2018-12-30 10:15:00,2.015
2018-12-30 10:30:00,4.798
2018-12-30 10:45:00,3.759
2018-12-30 11:00:00,0.934
2018-12-30 11:15:00,1.619
2018-12-30 11:30:00,0.0
2018-12-30 11:45:00,0.0
2018-12-30 12:00:00,0.0
2018-12-30 12:15:00,0.0
2018-12-30 12:30:00,0.0
2018-12-30 12:45:00,0.0
2018-12-30 13:00:00,0.0
2018-12-30 13:15:00,0.0
2018-12-30 13:30:00,0.0
2018-12-30 13:45:00,0.0
2018-12-30 14:00:00,0.0
2018-12-30 14:15:00,0.0
2018-12-30 14:30:00,0.0
2018-12-30 14:45:00,0.0
2018-12-30 15:00:00,0.0
2018-12-30 15:15:00,0.0
2018-12-30 15:30:00,0.0
2018-12-30 15:45:00,0.0
2018-12-30 16:00:00,0.0
2018-12-30 16:15:00,0.0
2018-12-30 16:30:00,0.0
2018-12-30 16:45:00,0.0
2018-12-30 17:00:00,0.0
2018-12-30 17:15:00,0.0
2018-12-30 17:30:00,0.0
2018-12-30 17:45:00,0.0
2018-12-30 18:00:00,0.0
2018-12-30 18:15:00,0.0
2018-12-30 18:30:00,0.0
2018-12-30 18:45:00,0.0
2018-12-30 19:00:00,0.0
2018-12-30 19:15:00,0.0
2018-12-30 19:30:00,0.0
2018-12-30 19:45:00,0.0
2018-12-30 20:00:00,0.0
2018-12-30 20:15:00,0.0
2018-12-30 20:30:00,0.0
2018-12-30 20:45:00,0.0
2018-12-30 21:00:00,0.0
2018-12-30 21:15:00,0.0
2018-12-30 21:30:00,0.0
2018-12-30 21:45:00,0.0
2018-12-30 22:00:00,3.334
2018-12-30 22:15:00,3.116
2018-12-30 22:30:00,0.0
2018-12-30 22:45:00,0.0
2018-12-30 23:00:00,0.0
2018-12-30 23:15:00,0.0
2018-12-30 23:30:00,28.882
2018-12-30 23:45:00,23.353
2018-12-31 00:00:00,16.646
2018-12-31 00:15:00,32.025
2018-12-31 00:30:00,36.236
2018-12-31 00:45:00,18.757
2018-12-31 01:00:00,56.058002
2018-12-31 01:15:00,36.009003
2018-12-31 01:30:00,4.843
2018-12-31 01:45:00,1.3
2018-12-31 02:00:00,17.249
2018-12-31 02:15:00,5.085
2018-12-31 02:30:00,0.0
2018-12-31 02:45:00,7.5
2018-12-31 03:00:00,0.0
2018-12-31 03:15:00,102.48199
2018-12-31 03:30:00,142.253
2018-12-31 03:45:00,92.65
2018-12-31 04:00:00,113.132996
2018-12-31 04:15:00,126.188995
2018-12-31 04:30:00,95.617004
2018-12-31 04:45:00,81.045
2018-12-31 05:00:00,85.499
2018-12-31 05:15:00,119.55
2018-12-31 05:30:00,116.910995
2018-12-31 05:45:00,53.634
2018-12-31 06:00:00,38.682
2018-12-31 06:15:00,24.362999
2018-12-31 06:30:00,20.264
2018-12-31 06:45:00,64.99
2018-12-31 07:00:00,197.213
2018-12-31 07:15:00,123.48599
2018-12-31 07:30:00,147.284
2018-12-31 07:45:00,237.33199
2018-12-31 08:00:00,185.82199
2018-12-31 08:15:00,196.843
2018-12-31 08:30:00,173.22398
2018-12-31 08:45:00,191.77798
2018-12-31 09:00:00,169.842
2018-12-31 09:15:00,205.263
2018-12-31 09:30:00,238.73499
2018-12-31 09:45:00,213.572
2018-12-31 10:00:00,246.025
2018-12-31 10:15:00,232.22398
2018-12-31 10:30:00,220.54799
2018-12-31 10:45:00,246.46599
2018-12-31 11:00:00,243.92699
2018-12-31 11:15:00,232.52298
2018-12-31 11:30:00,241.23099
2018-12-31 11:45:00,221.34499
2018-12-31 12:00:00,231.992
2018-12-31 12:15:00,229.07098
2018-12-31 12:30:00,222.12498
2018-12-31 12:45:00,249.72598
2018-12-31 13:00:00,232.66
2018-12-31 13:15:00,205.064
2018-12-31 13:30:00,252.325
2018-12-31 13:45:00,257.729
2018-12-31 14:00:00,254.892
2018-12-31 14:15:00,238.698
2018-12-31 14:30:00,248.14398
2018-12-31 14:45:00,255.50798
2018-12-31 15:00:00,249.939
2018-12-31 15:15:00,249.569
2018-12-31 15:30:00,247.31
2018-12-31 15:45:00,245.19797
2018-12-31 16:00:00,246.732
2018-12-31 16:15:00,233.18698
2018-12-31 16:30:00,234.35599
2018-12-31 16:45:00,238.20099
2018-12-31 17:00:00,236.511
2018-12-31 17:15:00,239.219
2018-12-31 17:30:00,233.60397
2018-12-31 17:45:00,231.989
2018-12-31 18:00:00,237.088
2018-12-31 18:15:00,218.507
2018-12-31 18:30:00,202.772
2018-12-31 18:45:00,192.80798
2018-12-31 19:00:00,204.54599
2018-12-31 19:15:00,205.953
2018-12-31 19:30:00,215.97198
2018-12-31 19:45:00,222.71399
2018-12-31 20:00:00,194.41699
2018-12-31 20:15:00,162.356
2018-12-31 20:30:00,167.386
2018-12-31 20:45:00,150.254
2018-12-31 21:00:00,120.361
2018-12-31 21:15:00,108.55
2018-12-31 21:30:00,114.275
2018-12-31 21:45:00,93.925995
2018-12-31 22:00:00,87.71
2018-12-31 22:15:00,70.663
2018-12-31 22:30:00,61.875
2018-12-31 22:45:00,44.016
2018-12-31 23:00:00,27.111
2018-12-31 23:15:00,12.786
2018-12-31 23:30:00,8.557
2018-12-31 23:45:00,7.17
