time,Value
2016-08-02 00:00:00,0.619071367499488
2016-08-02 00:05:00,0.858459614498592
2016-08-02 00:10:00,1.53399244835534
2016-08-02 00:15:00,1.84057818292066
2016-08-02 00:20:00,1.3963599163959
2016-08-02 00:25:00,1.40587620253884
2016-08-02 00:30:00,1.351816141724866
2016-08-02 00:35:00,1.6984906133992599
2016-08-02 00:40:00,1.95601639032534
2016-08-02 00:45:00,1.78639158371126
2016-08-02 00:50:00,1.4826628383811
2016-08-02 00:55:00,1.1650545127163099
2016-08-02 01:00:00,1.91477369849638
2016-08-02 01:05:00,2.4771140040888198
2016-08-02 01:10:00,2.59671587094374
2016-08-02 01:15:00,3.3823734007077
2016-08-02 01:20:00,3.55382555448966
2016-08-02 01:25:00,3.08249623615852
2016-08-02 01:30:00,2.51883293877326
2016-08-02 01:35:00,3.1301867643093
2016-08-02 01:40:00,6.37747742109932
2016-08-02 01:45:00,13.759329353514
2016-08-02 01:50:00,25.1001595171724
2016-08-02 01:55:00,34.559976731313
2016-08-02 02:00:00,41.220051581543
2016-08-02 02:05:00,44.437238066206
2016-08-02 02:10:00,47.1677570073894
2016-08-02 02:15:00,49.7189357934658
2016-08-02 02:20:00,55.7399374192154
2016-08-02 02:25:00,58.9748203954408
2016-08-02 02:30:00,58.9187795589046
2016-08-02 02:35:00,55.2705700959444
2016-08-02 02:40:00,55.3422816167096
2016-08-02 02:45:00,53.5231060308372
2016-08-02 02:50:00,53.4276054943672
2016-08-02 02:55:00,51.674108444972
2016-08-02 03:00:00,50.16952713914
2016-08-02 03:05:00,48.1983005609342
2016-08-02 03:10:00,51.222115586212
2016-08-02 03:15:00,51.5143716240334
2016-08-02 03:20:00,49.686525634539194
2016-08-02 03:25:00,50.6148240196014
2016-08-02 03:30:00,48.645401037548595
2016-08-02 03:35:00,50.7136777299132
2016-08-02 03:40:00,54.9600033138708
2016-08-02 03:45:00,62.5054278606608
2016-08-02 03:50:00,67.3923298184258
2016-08-02 03:55:00,68.62541942538739
2016-08-02 04:00:00,70.461422578768
2016-08-02 04:05:00,72.5061422936844
2016-08-02 04:10:00,73.0721236017788
2016-08-02 04:15:00,71.7184649254182
2016-08-02 04:20:00,73.95273697378721
2016-08-02 04:25:00,75.2313277146164
2016-08-02 04:30:00,77.39340650926019
2016-08-02 04:35:00,77.44353483581139
2016-08-02 04:40:00,75.6752785745638
2016-08-02 04:45:00,73.39019233425401
2016-08-02 04:50:00,72.4829945069644
2016-08-02 04:55:00,70.3591829751386
2016-08-02 05:00:00,65.1306466413992
2016-08-02 05:05:00,62.705052229095806
2016-08-02 05:10:00,63.443410538443196
2016-08-02 05:15:00,63.43081643882461
2016-08-02 05:20:00,65.1622197323074
2016-08-02 05:25:00,62.112219062134
2016-08-02 05:30:00,62.1792427953604
2016-08-02 05:35:00,63.703693410313804
2016-08-02 05:40:00,64.64041757682199
2016-08-02 05:45:00,65.35993058405741
2016-08-02 05:50:00,67.3822678856078
2016-08-02 05:55:00,65.9632103198968
2016-08-02 06:00:00,65.50043364787601
2016-08-02 06:05:00,65.90851786262219
2016-08-02 06:10:00,64.1917391363218
2016-08-02 06:15:00,62.50664156161561
2016-08-02 06:20:00,61.2685032853862
2016-08-02 06:25:00,54.1293242159408
2016-08-02 06:30:00,52.2406759030766
2016-08-02 06:35:00,54.804154071498395
2016-08-02 06:40:00,56.320317170340196
2016-08-02 06:45:00,55.644018733714596
2016-08-02 06:50:00,57.124983993926
2016-08-02 06:55:00,58.3539859522588
2016-08-02 07:00:00,59.834652707541395
2016-08-02 07:05:00,56.8146254415386
2016-08-02 07:10:00,57.279519539142804
2016-08-02 07:15:00,61.174961893352396
2016-08-02 07:20:00,65.77767612823399
2016-08-02 07:25:00,69.5212149242432
2016-08-02 07:30:00,71.6950432158512
2016-08-02 07:35:00,74.9126673525402
2016-08-02 07:40:00,72.7442977139276
2016-08-02 07:45:00,74.4063933627196
2016-08-02 07:50:00,77.758664321435
2016-08-02 07:55:00,80.88262125320941
2016-08-02 08:00:00,79.79490742294499
2016-08-02 08:05:00,78.79028375974319
2016-08-02 08:10:00,79.084398217897
2016-08-02 08:15:00,79.981188770928
2016-08-02 08:20:00,79.7039095356776
2016-08-02 08:25:00,79.8553491791664
2016-08-02 08:30:00,78.86869802298921
2016-08-02 08:35:00,79.3214928160556
2016-08-02 08:40:00,77.9182549287068
2016-08-02 08:45:00,76.0144661116046
2016-08-02 08:50:00,75.78364137777301
2016-08-02 08:55:00,75.00087214208399
2016-08-02 09:00:00,73.353101383345
2016-08-02 09:05:00,70.090875136816
2016-08-02 09:10:00,67.6295495230932
2016-08-02 09:15:00,70.5222277641994
2016-08-02 09:20:00,69.4777994117954
2016-08-02 09:25:00,67.5089952062558
2016-08-02 09:30:00,66.6577447823326
2016-08-02 09:35:00,68.0173574312818
2016-08-02 09:40:00,73.5847069728238
2016-08-02 09:45:00,75.0448416215944
2016-08-02 09:50:00,73.918598728969
2016-08-02 09:55:00,74.875966181535
2016-08-02 10:00:00,77.25657998013699
2016-08-02 10:05:00,73.7503348729448
2016-08-02 10:10:00,72.8796205367734
2016-08-02 10:15:00,68.067097945742
2016-08-02 10:20:00,66.182046718082
2016-08-02 10:25:00,69.3378440656618
2016-08-02 10:30:00,73.811082230075
2016-08-02 10:35:00,78.92963864188219
2016-08-02 10:40:00,81.87138337145821
2016-08-02 10:45:00,82.8796811743842
2016-08-02 10:50:00,84.692617191347
2016-08-02 10:55:00,84.3545079159308
2016-08-02 11:00:00,81.43612218795299
2016-08-02 11:05:00,78.45532428923521
2016-08-02 11:10:00,75.98259872488481
2016-08-02 11:15:00,69.5082847222802
2016-08-02 11:20:00,59.56904531226339
2016-08-02 11:25:00,53.3445207566338
2016-08-02 11:30:00,50.470888751153595
2016-08-02 11:35:00,49.194579307145595
2016-08-02 11:40:00,50.5041535251262
2016-08-02 11:45:00,47.511102378614
2016-08-02 11:50:00,50.525975303122195
2016-08-02 11:55:00,54.1255897025668
2016-08-02 12:00:00,61.4736686101106
2016-08-02 12:05:00,66.0312294923104
2016-08-02 12:10:00,70.637828941312
2016-08-02 12:15:00,73.6777413787884
2016-08-02 12:20:00,73.7261925278674
2016-08-02 12:25:00,73.594854385226
2016-08-02 12:30:00,75.315536688586
2016-08-02 12:35:00,77.612115908221
2016-08-02 12:40:00,81.0148412417514
2016-08-02 12:45:00,85.5714942309096
2016-08-02 12:50:00,90.3653205684404
2016-08-02 12:55:00,93.934417971095
2016-08-02 13:00:00,94.462868714122
2016-08-02 13:05:00,94.40290509183001
2016-08-02 13:10:00,92.82366452903321
2016-08-02 13:15:00,92.96923061889859
2016-08-02 13:20:00,92.273489981727
2016-08-02 13:25:00,91.11111578008999
2016-08-02 13:30:00,88.6867313876028
2016-08-02 13:35:00,85.8026464279436
2016-08-02 13:40:00,83.18584468719419
2016-08-02 13:45:00,76.95014121497441
2016-08-02 13:50:00,70.5703361927824
2016-08-02 13:55:00,67.0011568242806
2016-08-02 14:00:00,67.6798337706054
2016-08-02 14:05:00,68.738320111342
2016-08-02 14:10:00,74.876825626269
2016-08-02 14:15:00,77.33954646938341
2016-08-02 14:20:00,82.0776337949896
2016-08-02 14:25:00,86.39340725609381
2016-08-02 14:30:00,90.4174982427094
2016-08-02 14:35:00,91.757647064771
2016-08-02 14:40:00,92.6791603787648
2016-08-02 14:45:00,92.9249141257678
2016-08-02 14:50:00,94.1865353510516
2016-08-02 14:55:00,94.8199951611946
2016-08-02 15:00:00,94.8483186994988
2016-08-02 15:05:00,94.959337134533
2016-08-02 15:10:00,95.3136370960844
2016-08-02 15:15:00,95.818488115322
2016-08-02 15:20:00,95.6260427984754
2016-08-02 15:25:00,96.1376165736938
2016-08-02 15:30:00,97.301249254746
2016-08-02 15:35:00,95.2575228944124
2016-08-02 15:40:00,95.7027804932366
2016-08-02 15:45:00,95.581296041777
2016-08-02 15:50:00,95.0854680745366
2016-08-02 15:55:00,94.2266098076814
2016-08-02 16:00:00,95.149257086296
2016-08-02 16:05:00,93.4444419907894
2016-08-02 16:10:00,93.534360325409
2016-08-02 16:15:00,92.8234902950514
2016-08-02 16:20:00,93.0501799080932
2016-08-02 16:25:00,92.549619104927
2016-08-02 16:30:00,92.0517990989452
2016-08-02 16:35:00,91.7027344898862
2016-08-02 16:40:00,91.0026607197898
2016-08-02 16:45:00,89.63678325584719
2016-08-02 16:50:00,90.4773847119084
2016-08-02 16:55:00,91.4777711336606
2016-08-02 17:00:00,90.8979828511812
2016-08-02 17:05:00,91.2126345808592
2016-08-02 17:10:00,90.4016952875594
2016-08-02 17:15:00,89.3700242374026
2016-08-02 17:20:00,88.6431234323982
2016-08-02 17:25:00,88.7454692016638
2016-08-02 17:30:00,88.0820526688444
2016-08-02 17:35:00,90.37444586116621
2016-08-02 17:40:00,91.1135485276132
2016-08-02 17:45:00,91.7406551579346
2016-08-02 17:50:00,90.0330142215392
2016-08-02 17:55:00,89.86675182038
2016-08-02 18:00:00,91.3752173722274
2016-08-02 18:05:00,91.47108423912
2016-08-02 18:10:00,91.7386309142468
2016-08-02 18:15:00,90.8514633818184
2016-08-02 18:20:00,91.727500981093
2016-08-02 18:25:00,91.5803787672968
2016-08-02 18:30:00,92.6341002755714
2016-08-02 18:35:00,92.4357899582848
2016-08-02 18:40:00,92.70466515791341
2016-08-02 18:45:00,93.35577087483459
2016-08-02 18:50:00,95.6561113178568
2016-08-02 18:55:00,96.0047502481204
2016-08-02 19:00:00,96.2278670590168
2016-08-02 19:05:00,96.0338632747672
2016-08-02 19:10:00,96.2466464942848
2016-08-02 19:15:00,96.11577167440859
2016-08-02 19:20:00,96.3346351336294
2016-08-02 19:25:00,95.0910598320266
2016-08-02 19:30:00,95.59152853360999
2016-08-02 19:35:00,92.7732772839916
2016-08-02 19:40:00,94.8827705108538
2016-08-02 19:45:00,95.1805236178678
2016-08-02 19:50:00,94.8215510122168
2016-08-02 19:55:00,94.896559646138
2016-08-02 20:00:00,94.8753979423268
2016-08-02 20:05:00,94.6447904817182
2016-08-02 20:10:00,96.963132950278
2016-08-02 20:15:00,95.28689156553641
2016-08-02 20:20:00,95.6679963492402
2016-08-02 20:25:00,96.0732463384658
2016-08-02 20:30:00,97.01219069284659
2016-08-02 20:35:00,97.960119874283
2016-08-02 20:40:00,97.2167070044648
2016-08-02 20:45:00,97.1324397430122
2016-08-02 20:50:00,97.49951744610739
2016-08-02 20:55:00,98.294650893138
2016-08-02 21:00:00,98.4492561441708
2016-08-02 21:05:00,98.5911871829088
2016-08-02 21:10:00,98.508095451902
2016-08-02 21:15:00,96.922834298736
2016-08-02 21:20:00,95.8569443678842
2016-08-02 21:25:00,96.3552254305406
2016-08-02 21:30:00,98.1262068974302
2016-08-02 21:35:00,97.9961961733828
2016-08-02 21:40:00,98.128911807644
2016-08-02 21:45:00,97.8974731359032
2016-08-02 21:50:00,97.201413968106
2016-08-02 21:55:00,98.1398126611516
2016-08-02 22:00:00,97.8179910583082
2016-08-02 22:05:00,97.7966229195604
2016-08-02 22:10:00,95.7081979956384
2016-08-02 22:15:00,95.72801551338719
2016-08-02 22:20:00,95.55963731252379
2016-08-02 22:25:00,95.6210258533844
2016-08-02 22:30:00,96.146835886138
2016-08-02 22:35:00,96.4248259628724
2016-08-02 22:40:00,98.59811310277601
2016-08-02 22:45:00,97.3163103639998
2016-08-02 22:50:00,97.570760664107
2016-08-02 22:55:00,98.69228775535841
2016-08-02 23:00:00,98.567350796582
2016-08-02 23:05:00,98.5479908630124
2016-08-02 23:10:00,98.5609346044204
2016-08-02 23:15:00,97.7516438705774
2016-08-02 23:20:00,96.3284109876034
2016-08-02 23:25:00,96.8169962690742
2016-08-02 23:30:00,98.4638227072034
2016-08-02 23:35:00,98.444617784123
2016-08-02 23:40:00,97.79981629639519
2016-08-02 23:45:00,98.2260013007296
2016-08-02 23:50:00,98.51368673140459
2016-08-02 23:55:00,98.0240770105546
2016-08-03 00:00:00,98.033762700848
2016-08-03 00:05:00,95.9495054266992
2016-08-03 00:10:00,95.9973984149556
2016-08-03 00:15:00,95.8204804355486
2016-08-03 00:20:00,94.9753570378248
2016-08-03 00:25:00,93.9638266213034
2016-08-03 00:30:00,95.4867008103616
2016-08-03 00:35:00,94.98287831528201
2016-08-03 00:40:00,95.4987062843156
2016-08-03 00:45:00,95.3918620941138
2016-08-03 00:50:00,92.61281972462879
2016-08-03 00:55:00,91.8480801034718
2016-08-03 01:00:00,90.8963961785126
2016-08-03 01:05:00,91.4476402079296
2016-08-03 01:10:00,91.42007054791941
2016-08-03 01:15:00,91.6342069427188
2016-08-03 01:20:00,93.0040211158774
2016-08-03 01:25:00,93.2925174147128
2016-08-03 01:30:00,92.8931868823656
2016-08-03 01:35:00,92.23657975789561
2016-08-03 01:40:00,91.3206383205888
2016-08-03 01:45:00,91.410920978589
2016-08-03 01:50:00,90.1265294985306
2016-08-03 01:55:00,87.82969702679961
2016-08-03 02:00:00,88.1709698574122
2016-08-03 02:05:00,90.3369811792656
2016-08-03 02:10:00,92.641048062518
2016-08-03 02:15:00,92.09287347961299
2016-08-03 02:20:00,87.6454624237586
2016-08-03 02:25:00,85.8219531716358
2016-08-03 02:30:00,81.1666101544208
2016-08-03 02:35:00,78.8956576326688
2016-08-03 02:40:00,77.097369488499
2016-08-03 02:45:00,76.4067962424008
2016-08-03 02:50:00,75.606641290684
2016-08-03 02:55:00,75.4856846166454
2016-08-03 03:00:00,80.44950829719781
2016-08-03 03:05:00,84.69388805285939
2016-08-03 03:10:00,85.6999552672026
2016-08-03 03:15:00,82.22347893948299
2016-08-03 03:20:00,75.8209181690396
2016-08-03 03:25:00,62.4699811725608
2016-08-03 03:30:00,52.083756690361
2016-08-03 03:35:00,40.009311972221994
2016-08-03 03:40:00,30.8884661962376
2016-08-03 03:45:00,33.3146310397496
2016-08-03 03:50:00,41.470476933794004
2016-08-03 03:55:00,49.0838211298428
2016-08-03 04:00:00,54.4335809374558
2016-08-03 04:05:00,59.438934077125396
2016-08-03 04:10:00,69.5050870330182
2016-08-03 04:15:00,79.8871663217394
2016-08-03 04:20:00,84.0619278511508
2016-08-03 04:25:00,86.23259989165699
2016-08-03 04:30:00,84.16490706460941
2016-08-03 04:35:00,74.7030200796988
2016-08-03 04:40:00,59.9061615862928
2016-08-03 04:45:00,49.600395789970996
2016-08-03 04:50:00,47.9729225060104
2016-08-03 04:55:00,51.491670783815195
2016-08-03 05:00:00,61.7567464280098
2016-08-03 05:05:00,75.485011176918
2016-08-03 05:10:00,80.629532129859
2016-08-03 05:15:00,81.303235410093
2016-08-03 05:20:00,80.667527843537
2016-08-03 05:25:00,79.136187846833
2016-08-03 05:30:00,78.09002314488559
2016-08-03 05:35:00,77.7817200429844
2016-08-03 05:40:00,70.3543518414246
2016-08-03 05:45:00,67.3342328093494
2016-08-03 05:50:00,78.47199538484361
2016-08-03 05:55:00,85.294363929003
2016-08-03 06:00:00,88.4038423652114
2016-08-03 06:05:00,81.0362087300544
2016-08-03 06:10:00,69.0821895204058
2016-08-03 06:15:00,61.8907409157458
2016-08-03 06:20:00,70.4340897502782
2016-08-03 06:25:00,81.46446448061381
2016-08-03 06:30:00,81.39768541910121
2016-08-03 06:35:00,79.6820935833544
2016-08-03 06:40:00,79.26010481991
2016-08-03 06:45:00,81.0114130588602
2016-08-03 06:50:00,83.471275636503
2016-08-03 06:55:00,81.4508707198268
2016-08-03 07:00:00,83.0489726528848
2016-08-03 07:05:00,84.35536913683879
2016-08-03 07:10:00,85.293642523485
2016-08-03 07:15:00,77.85509602447159
2016-08-03 07:20:00,72.1671673255698
2016-08-03 07:25:00,77.8056099269398
2016-08-03 07:30:00,80.00444906271801
2016-08-03 07:35:00,80.5360614825758
2016-08-03 07:40:00,80.44501536880941
2016-08-03 07:45:00,79.6495334354226
2016-08-03 07:50:00,79.7688976627048
2016-08-03 07:55:00,82.52584912567599
2016-08-03 08:00:00,86.194399105508
2016-08-03 08:05:00,89.952465038467
2016-08-03 08:10:00,91.8017533638774
2016-08-03 08:15:00,90.5736478751232
2016-08-03 08:20:00,87.2361009246178
2016-08-03 08:25:00,80.598173770353
2016-08-03 08:30:00,73.9391914668742
2016-08-03 08:35:00,72.45920633143359
2016-08-03 08:40:00,74.1997797426998
2016-08-03 08:45:00,76.02968442416241
2016-08-03 08:50:00,75.4686177036432
2016-08-03 08:55:00,74.3416168134718
2016-08-03 09:00:00,67.3670034777532
2016-08-03 09:05:00,58.650622107805
2016-08-03 09:10:00,48.3134894859302
2016-08-03 09:15:00,48.008596988725195
2016-08-03 09:20:00,47.7956608764598
2016-08-03 09:25:00,45.0322257105656
2016-08-03 09:30:00,40.6898299668474
2016-08-03 09:35:00,39.632435443416604
2016-08-03 09:40:00,39.4002310851814
2016-08-03 09:45:00,39.101552585662795
2016-08-03 09:50:00,37.0038075371324
2016-08-03 09:55:00,32.9143404515368
2016-08-03 10:00:00,31.307378231478403
2016-08-03 10:05:00,31.482842279634202
2016-08-03 10:10:00,35.400188072602205
2016-08-03 10:15:00,37.972963566302
2016-08-03 10:20:00,38.207945638691
2016-08-03 10:25:00,34.3054584906768
2016-08-03 10:30:00,34.6102362604636
2016-08-03 10:35:00,31.6393159439772
2016-08-03 10:40:00,35.166651881754
2016-08-03 10:45:00,41.7148523122366
2016-08-03 10:50:00,39.184043359921404
2016-08-03 10:55:00,32.6084430999444
2016-08-03 11:00:00,33.919595463586
2016-08-03 11:05:00,36.638490258519006
2016-08-03 11:10:00,36.6430381879178
2016-08-03 11:15:00,36.192200835586
2016-08-03 11:20:00,35.3743983595776
2016-08-03 11:25:00,37.9113207888606
2016-08-03 11:30:00,39.6130120225486
2016-08-03 11:35:00,38.8862567710966
2016-08-03 11:40:00,35.212781061722595
2016-08-03 11:45:00,36.8306844898378
2016-08-03 11:50:00,34.599636384644995
2016-08-03 11:55:00,28.0846116322186
2016-08-03 12:00:00,24.2271968688426
2016-08-03 12:05:00,22.650012328459802
2016-08-03 12:10:00,24.6044112783932
2016-08-03 12:15:00,28.2769300994412
2016-08-03 12:20:00,31.263972040116403
2016-08-03 12:25:00,31.8833278077734
2016-08-03 12:30:00,31.3750276885202
2016-08-03 12:35:00,24.3269956137134
2016-08-03 12:40:00,19.6236951201832
2016-08-03 12:45:00,15.593832462783999
2016-08-03 12:50:00,12.9246795520034
2016-08-03 12:55:00,14.099056951652198
2016-08-03 13:00:00,11.558905194011839
2016-08-03 13:05:00,7.913258410653479
2016-08-03 13:10:00,6.77526149198618
2016-08-03 13:15:00,5.6356216758041
2016-08-03 13:20:00,5.96617894647842
2016-08-03 13:25:00,6.626399195829299
2016-08-03 13:30:00,7.4852579850867595
2016-08-03 13:35:00,7.588221007637739
2016-08-03 13:40:00,6.30946477941318
2016-08-03 13:45:00,5.26572886450202
2016-08-03 13:50:00,3.68133877167604
2016-08-03 13:55:00,5.1855636327995995
2016-08-03 14:00:00,5.1883975485429
2016-08-03 14:05:00,7.03118250085802
2016-08-03 14:10:00,6.94115930103132
2016-08-03 14:15:00,6.58532625538268
2016-08-03 14:20:00,4.57057609349166
2016-08-03 14:25:00,2.6494944379294
2016-08-03 14:30:00,1.94441068631224
2016-08-03 14:35:00,2.02288483805186
2016-08-03 14:40:00,1.4875800194687
2016-08-03 14:45:00,1.4964105220529
2016-08-03 14:50:00,1.9643925278582
2016-08-03 14:55:00,1.7423171584198598
2016-08-03 15:00:00,2.0591650567028
2016-08-03 15:05:00,2.96728667119744
2016-08-03 15:10:00,3.6760230829130203
2016-08-03 15:15:00,3.34358781136412
2016-08-03 15:20:00,5.06350226066194
2016-08-03 15:25:00,4.734191104571741
2016-08-03 15:30:00,5.3161020033061
2016-08-03 15:35:00,5.94710889028008
2016-08-03 15:40:00,5.29696857927826
2016-08-03 15:45:00,5.80985736447096
2016-08-03 15:50:00,5.69313828495558
2016-08-03 15:55:00,4.60972752049414
2016-08-03 16:00:00,4.9702549327443
2016-08-03 16:05:00,5.17157708654746
2016-08-03 16:10:00,5.34744909359618
2016-08-03 16:15:00,4.18501453967766
2016-08-03 16:20:00,2.4553601376960996
2016-08-03 16:25:00,2.30326463257502
2016-08-03 16:30:00,1.320487415049606
2016-08-03 16:35:00,0.7846741530024539
2016-08-03 16:40:00,0.679301324991298
2016-08-03 16:45:00,0.40016420759533
2016-08-03 16:50:00,0.557792378977628
2016-08-03 16:55:00,0.381927676159484
2016-08-03 17:00:00,0.279193066071118
2016-08-03 17:05:00,0.1119126621615282
2016-08-03 17:10:00,-0.0494971401198546
2016-08-03 17:15:00,0.028867909913176403
2016-08-03 17:20:00,0.08176056671520579
2016-08-03 17:25:00,-0.026921692848203598
2016-08-03 17:30:00,0.012521691962355998
2016-08-03 17:35:00,-0.0864018267468194
2016-08-03 17:40:00,-0.145674548012204
2016-08-03 17:45:00,-0.1174971374384508
2016-08-03 17:50:00,-0.07568203403350807
2016-08-03 17:55:00,-0.048160859059180605
2016-08-03 18:00:00,0.0888901922204596
2016-08-03 18:05:00,-0.026826839520618602
2016-08-03 18:10:00,-0.0971121032074878
2016-08-03 18:15:00,-0.119732564104546
2016-08-03 18:20:00,-0.09720146428361601
2016-08-03 18:25:00,-0.014309204202292397
2016-08-03 18:30:00,-0.0015089704077961967
2016-08-03 18:35:00,0.06667790299081919
2016-08-03 18:40:00,0.176575291236409
2016-08-03 18:45:00,0.11113611888296974
2016-08-03 18:50:00,0.12506780541439638
2016-08-03 18:55:00,0.0876157236009844
2016-08-03 19:00:00,0.0005209034485109995
2016-08-03 19:05:00,-0.009896060718173161
2016-08-03 19:10:00,0.010606402535382559
2016-08-03 19:15:00,-0.01834442234973256
2016-08-03 19:20:00,0.1737345955717354
2016-08-03 19:25:00,0.103519157110975
2016-08-03 19:30:00,-0.007553487184401181
2016-08-03 19:35:00,0.12120756456563013
2016-08-03 19:40:00,0.062938685160688
2016-08-03 19:45:00,0.06689295352063196
2016-08-03 19:50:00,0.009513576763019399
2016-08-03 19:55:00,-0.0135351833557084
2016-08-03 20:00:00,-0.05184653620089841
2016-08-03 20:05:00,-0.0745186523649182
2016-08-03 20:10:00,0.057147068748631
2016-08-03 20:15:00,0.013982844381033279
2016-08-03 20:20:00,0.09814103788106278
2016-08-03 20:25:00,-0.029171875155797798
2016-08-03 20:30:00,-0.00515396748561202
2016-08-03 20:35:00,-0.07632201932488139
2016-08-03 20:40:00,0.06832084766057214
2016-08-03 20:45:00,-0.02595321445743618
2016-08-03 20:50:00,-0.0348674194774732
2016-08-03 20:55:00,-0.0536194474915502
2016-08-03 21:00:00,0.0336189935604476
2016-08-03 21:05:00,0.0587998096921146
2016-08-03 21:10:00,0.15493074888737
2016-08-03 21:15:00,0.290130289588384
2016-08-03 21:20:00,0.0868695615976372
2016-08-03 21:25:00,0.1474284250344146
2016-08-03 21:30:00,0.1579543749787706
2016-08-03 21:35:00,0.221933453134978
2016-08-03 21:40:00,0.24796690239839822
2016-08-03 21:45:00,0.0805362073437988
2016-08-03 21:50:00,0.18340277366857177
2016-08-03 21:55:00,0.463647510319268
2016-08-03 22:00:00,0.418885370725396
2016-08-03 22:05:00,0.19227850275613417
2016-08-03 22:10:00,0.4559754619705846
2016-08-03 22:15:00,0.8560335192509398
2016-08-03 22:20:00,0.367629864679708
2016-08-03 22:25:00,0.417625089119028
2016-08-03 22:30:00,0.40187883858594997
2016-08-03 22:35:00,0.44875918321506597
2016-08-03 22:40:00,0.57224275135039
2016-08-03 22:45:00,0.293417615968512
2016-08-03 22:50:00,0.39879383051581196
2016-08-03 22:55:00,0.368945994043016
2016-08-03 23:00:00,0.49433074544588
2016-08-03 23:05:00,0.011527597435060597
2016-08-03 23:10:00,0.060881906771139416
2016-08-03 23:15:00,0.0854850346923052
2016-08-03 23:20:00,0.2757387987127882
2016-08-03 23:25:00,0.03183184686275964
2016-08-03 23:30:00,0.064427050294219
2016-08-03 23:35:00,-0.06726181098878639
2016-08-03 23:40:00,0.018809123474633403
2016-08-03 23:45:00,0.14295456078484
2016-08-03 23:50:00,0.10703876333356661
2016-08-03 23:55:00,0.21658459321685397
2016-08-04 00:00:00,0.49618892700361006
2016-08-04 00:05:00,0.553322439413402
2016-08-04 00:10:00,0.524570598795374
2016-08-04 00:15:00,0.483621220308114
2016-08-04 00:20:00,0.47109146551847403
2016-08-04 00:25:00,0.45341519096578403
2016-08-04 00:30:00,1.0980216900761222
2016-08-04 00:35:00,1.1759349705840818
2016-08-04 00:40:00,1.075578434107514
2016-08-04 00:45:00,1.022173727702436
2016-08-04 00:50:00,1.054537317809992
2016-08-04 00:55:00,1.314771120156556
2016-08-04 01:00:00,1.63450225580074
2016-08-04 01:05:00,1.37763941750622
2016-08-04 01:10:00,0.868462129020876
2016-08-04 01:15:00,0.547365733915562
2016-08-04 01:20:00,0.711676437413458
2016-08-04 01:25:00,1.4016740577348799
2016-08-04 01:30:00,1.9141781042572998
2016-08-04 01:35:00,2.26283822195416
2016-08-04 01:40:00,1.14527427360538
2016-08-04 01:45:00,0.47801046470324204
2016-08-04 01:50:00,0.926319425877678
2016-08-04 01:55:00,0.514353332581162
2016-08-04 02:00:00,0.260501154379868
2016-08-04 02:05:00,0.11363346822482201
2016-08-04 02:10:00,0.0574789974702938
2016-08-04 02:15:00,0.108284336666659
2016-08-04 02:20:00,0.15939201298573438
2016-08-04 02:25:00,0.025544643446945004
2016-08-04 02:30:00,0.017510014212513837
2016-08-04 02:35:00,0.050560548096869405
2016-08-04 02:40:00,0.149348996624026
2016-08-04 02:45:00,0.15397021503625602
2016-08-04 02:50:00,0.205804608356806
2016-08-04 02:55:00,0.8034367707215241
2016-08-04 03:00:00,1.15655933637586
2016-08-04 03:05:00,1.52922769497432
2016-08-04 03:10:00,1.3450700269616402
2016-08-04 03:15:00,1.3767244247127
2016-08-04 03:20:00,2.2198751786386
2016-08-04 03:25:00,4.06434831048904
2016-08-04 03:30:00,6.437294476431819
2016-08-04 03:35:00,8.60880879972644
2016-08-04 03:40:00,9.00598559297384
2016-08-04 03:45:00,9.61359910397788
2016-08-04 03:50:00,10.4564353408886
2016-08-04 03:55:00,10.5076822299144
2016-08-04 04:00:00,9.92874421065692
2016-08-04 04:05:00,9.2354247463072
2016-08-04 04:10:00,7.32792978671814
2016-08-04 04:15:00,6.1251896147676
2016-08-04 04:20:00,6.08537416566946
2016-08-04 04:25:00,5.7553202711831
2016-08-04 04:30:00,4.735481910200081
2016-08-04 04:35:00,5.06638080161542
2016-08-04 04:40:00,5.09706208576618
2016-08-04 04:45:00,5.39636955672744
2016-08-04 04:50:00,5.82381875155332
2016-08-04 04:55:00,5.6621077213188595
2016-08-04 05:00:00,4.63034868362666
2016-08-04 05:05:00,3.56383073730796
2016-08-04 05:10:00,3.4713773864209
2016-08-04 05:15:00,3.33440029094472
2016-08-04 05:20:00,2.44482552536692
2016-08-04 05:25:00,2.4020521380392603
2016-08-04 05:30:00,1.9770152450087
2016-08-04 05:35:00,1.83432308723382
2016-08-04 05:40:00,1.36569408164944
2016-08-04 05:45:00,0.6240579415779101
2016-08-04 05:50:00,0.293032733848178
2016-08-04 05:55:00,0.1648526487586
2016-08-04 06:00:00,0.0840251801639656
2016-08-04 06:05:00,-0.07112004673350925
2016-08-04 06:10:00,-0.128280422541556
2016-08-04 06:15:00,-0.13054752724547
2016-08-04 06:20:00,-0.130534747206596
2016-08-04 06:25:00,-0.139632524846624
2016-08-04 06:30:00,-0.15058671245018002
2016-08-04 06:35:00,-0.154453440058846
2016-08-04 06:40:00,-0.157730947405362
2016-08-04 06:45:00,-0.163501394408376
2016-08-04 06:50:00,-0.175975429659084
2016-08-04 06:55:00,-0.166237452533022
2016-08-04 07:00:00,-0.153826323017764
2016-08-04 07:05:00,-0.1191230246347382
2016-08-04 07:10:00,-0.11276996190256061
2016-08-04 07:15:00,-0.123462878589508
2016-08-04 07:20:00,-0.15262951813468
2016-08-04 07:25:00,-0.159396814817984
2016-08-04 07:30:00,-0.155264298878388
2016-08-04 07:35:00,-0.145651315902014
2016-08-04 07:40:00,-0.152377424919996
2016-08-04 07:45:00,-0.161793708994872
2016-08-04 07:50:00,-0.16420124066588
2016-08-04 07:55:00,-0.164980663471254
2016-08-04 08:00:00,-0.17527090624248
2016-08-04 08:05:00,-0.18485785352016798
2016-08-04 08:10:00,-0.184053112108186
2016-08-04 08:15:00,-0.181845770868434
2016-08-04 08:20:00,-0.17975622898388402
2016-08-04 08:25:00,-0.18850982891487
2016-08-04 08:30:00,-0.18936626396905
2016-08-04 08:35:00,-0.18893271212296597
2016-08-04 08:40:00,-0.18849916027688401
2016-08-04 08:45:00,-0.1880656084308
2016-08-04 08:50:00,-0.187632056584716
2016-08-04 08:55:00,-0.187198504738634
2016-08-04 09:00:00,-0.186764952892548
2016-08-04 09:05:00,-0.186331401046464
2016-08-04 09:10:00,-0.18589784920038
2016-08-04 09:15:00,-0.18546429735429598
2016-08-04 09:20:00,-0.18503074550821402
2016-08-04 09:25:00,-0.184677754078914
2016-08-04 09:30:00,-0.184892037037784
2016-08-04 09:35:00,-0.18521643298187002
2016-08-04 09:40:00,-0.185540828925954
2016-08-04 09:45:00,-0.185865224870038
2016-08-04 09:50:00,-0.186189620814124
2016-08-04 09:55:00,-0.186514016758206
2016-08-04 10:00:00,-0.186838412702294
2016-08-04 10:05:00,-0.187162808646376
2016-08-04 10:10:00,-0.187487204590462
2016-08-04 10:15:00,-0.18781160053454599
2016-08-04 10:20:00,-0.18813599647863
2016-08-04 10:25:00,-0.188481207840476
2016-08-04 10:30:00,-0.188917896745486
2016-08-04 10:35:00,-0.18936267273772
2016-08-04 10:40:00,-0.189807448729954
2016-08-04 10:45:00,-0.190252224722186
2016-08-04 10:50:00,-0.19069700071442
2016-08-04 10:55:00,-0.191141776706654
2016-08-04 11:00:00,-0.191586552698886
2016-08-04 11:05:00,-0.19203132869112
2016-08-04 11:10:00,-0.19247610468335
2016-08-04 11:15:00,-0.192920880675584
2016-08-04 11:20:00,-0.193365656667816
2016-08-04 11:25:00,-0.19344506459982
2016-08-04 11:30:00,-0.190873402661032
2016-08-04 11:35:00,-0.187773432391202
2016-08-04 11:40:00,-0.184673462121372
2016-08-04 11:45:00,-0.181573491851542
2016-08-04 11:50:00,-0.17847352158171198
2016-08-04 11:55:00,-0.17537355131188198
2016-08-04 12:00:00,-0.172248883388038
2016-08-04 12:05:00,-0.16831620889482
2016-08-04 12:10:00,-0.16598734976902
2016-08-04 12:15:00,-0.16904250195203202
2016-08-04 12:20:00,-0.17274694745612001
2016-08-04 12:25:00,-0.17765662642369
2016-08-04 12:30:00,-0.18351907679704998
2016-08-04 12:35:00,-0.189381677161592
2016-08-04 12:40:00,-0.19390567665591601
2016-08-04 12:45:00,-0.191745064610894
2016-08-04 12:50:00,-0.188668239199806
2016-08-04 12:55:00,-0.18567550729699
2016-08-04 13:00:00,-0.1846665545898
2016-08-04 13:05:00,-0.184495501201316
2016-08-04 13:10:00,-0.184324447812834
2016-08-04 13:15:00,-0.18415339442435
2016-08-04 13:20:00,-0.183982341035866
2016-08-04 13:25:00,-0.183811287647384
2016-08-04 13:30:00,-0.1836402342589
2016-08-04 13:35:00,-0.183469180870416
2016-08-04 13:40:00,-0.183298127481934
2016-08-04 13:45:00,-0.18312707409345
2016-08-04 13:50:00,-0.182956020704966
2016-08-04 13:55:00,-0.182788942435714
2016-08-04 14:00:00,-0.182721616510942
2016-08-04 14:05:00,-0.182697670373856
2016-08-04 14:10:00,-0.18267372423677403
2016-08-04 14:15:00,-0.182649778099686
2016-08-04 14:20:00,-0.182625831962604
2016-08-04 14:25:00,-0.182601885825518
2016-08-04 14:30:00,-0.182577939688434
2016-08-04 14:35:00,-0.18255399355135
2016-08-04 14:40:00,-0.18253004741426399
2016-08-04 14:45:00,-0.18250610127717998
2016-08-04 14:50:00,-0.182482155140096
2016-08-04 14:55:00,-0.182480676036392
2016-08-04 15:00:00,-0.183069461163834
2016-08-04 15:05:00,-0.18391955694375
2016-08-04 15:10:00,-0.184769652723666
2016-08-04 15:15:00,-0.18506808656392998
2016-08-04 15:20:00,-0.182465352530484
2016-08-04 15:25:00,-0.178763507368364
2016-08-04 15:30:00,-0.176415116241796
2016-08-04 15:35:00,-0.164037233355914
2016-08-04 15:40:00,-0.165886491377232
2016-08-04 15:45:00,-0.163496585708428
2016-08-04 15:50:00,-0.173473028988662
2016-08-04 15:55:00,-0.164601995874038
2016-08-04 16:00:00,-0.15334712303662398
2016-08-04 16:05:00,-0.134404163661178
2016-08-04 16:10:00,-0.10715184984298401
2016-08-04 16:15:00,0.014152883636956997
2016-08-04 16:20:00,0.03695069463840438
2016-08-04 16:25:00,0.0970905684236584
2016-08-04 16:30:00,0.24265060902860397
2016-08-04 16:35:00,0.37721491277680796
2016-08-04 16:40:00,0.49492110824275404
2016-08-04 16:45:00,0.562464491252802
2016-08-04 16:50:00,0.649819544610164
2016-08-04 16:55:00,0.62249532225983
2016-08-04 17:00:00,0.49428466049034403
2016-08-04 17:05:00,0.5505135212023899
2016-08-04 17:10:00,0.680179061136374
2016-08-04 17:15:00,0.553306292479978
2016-08-04 17:20:00,0.45780489728594204
2016-08-04 17:25:00,0.486929886759366
2016-08-04 17:30:00,0.6093462178726979
2016-08-04 17:35:00,0.83875110710517
2016-08-04 17:40:00,0.8677185126023339
2016-08-04 17:45:00,0.715701533268766
2016-08-04 17:50:00,1.20348387915524
2016-08-04 17:55:00,1.40451645425292
2016-08-04 18:00:00,1.9395841345630997
2016-08-04 18:05:00,2.37096442125994
2016-08-04 18:10:00,2.7066453800902996
2016-08-04 18:15:00,3.56187040257796
2016-08-04 18:20:00,3.26884585117586
2016-08-04 18:25:00,3.41752851795926
2016-08-04 18:30:00,3.2165404991298203
2016-08-04 18:35:00,3.2097826502248
2016-08-04 18:40:00,3.8700942643583005
2016-08-04 18:45:00,3.67395685536518
2016-08-04 18:50:00,4.180462726230959
2016-08-04 18:55:00,3.5755654470179996
2016-08-04 19:00:00,4.79573125538398
2016-08-04 19:05:00,5.2699141175018
2016-08-04 19:10:00,6.3438829164967405
2016-08-04 19:15:00,5.1701624567592805
2016-08-04 19:20:00,6.033370947597279
2016-08-04 19:25:00,6.39812876502304
2016-08-04 19:30:00,6.11614837841296
2016-08-04 19:35:00,5.50533058962452
2016-08-04 19:40:00,4.90319992575232
2016-08-04 19:45:00,3.7126427405844
2016-08-04 19:50:00,3.9162422814391604
2016-08-04 19:55:00,4.58211830036922
2016-08-04 20:00:00,6.63667340110562
2016-08-04 20:05:00,5.35020610366964
2016-08-04 20:10:00,6.48645558658674
2016-08-04 20:15:00,4.76009671331262
2016-08-04 20:20:00,5.21946946692932
2016-08-04 20:25:00,4.2741747114495805
2016-08-04 20:30:00,6.45741924055748
2016-08-04 20:35:00,7.233947647560319
2016-08-04 20:40:00,4.9393719288577005
2016-08-04 20:45:00,4.3909688114372205
2016-08-04 20:50:00,3.9426971706968006
2016-08-04 20:55:00,4.40734445557358
2016-08-04 21:00:00,4.20405011432334
2016-08-04 21:05:00,5.1335048053437
2016-08-04 21:10:00,4.61836332633356
2016-08-04 21:15:00,2.4079867207040797
2016-08-04 21:20:00,3.65547464984578
2016-08-04 21:25:00,3.29423863915272
2016-08-04 21:30:00,4.88163400952214
2016-08-04 21:35:00,3.87096505558712
2016-08-04 21:40:00,4.43149145889078
2016-08-04 21:45:00,4.33412779717328
2016-08-04 21:50:00,7.150102236749279
2016-08-04 21:55:00,5.880242129913681
2016-08-04 22:00:00,5.97519441916014
2016-08-04 22:05:00,4.340573033477559
2016-08-04 22:10:00,4.75671569987308
2016-08-04 22:15:00,4.44283955428468
2016-08-04 22:20:00,5.35680028114424
2016-08-04 22:25:00,4.998147622472059
2016-08-04 22:30:00,6.911659828962421
2016-08-04 22:35:00,6.534222940078121
2016-08-04 22:40:00,6.5143931898903205
2016-08-04 22:45:00,2.8852684995825397
2016-08-04 22:50:00,4.29677082499688
2016-08-04 22:55:00,5.20751868076628
2016-08-04 23:00:00,7.818026363098101
2016-08-04 23:05:00,6.8460491673188795
2016-08-04 23:10:00,4.61543133844318
2016-08-04 23:15:00,6.3800345018016404
2016-08-04 23:20:00,4.47479202994654
2016-08-04 23:25:00,3.24542487925388
2016-08-04 23:30:00,3.33398662232216
2016-08-04 23:35:00,3.83895572799588
2016-08-04 23:40:00,6.828664439417321
2016-08-04 23:45:00,7.50612455347616
2016-08-04 23:50:00,7.44490791838908
2016-08-04 23:55:00,7.733639753453341
2016-08-05 00:00:00,4.4633643590125205
2016-08-05 00:05:00,3.16186336580454
2016-08-05 00:10:00,2.32943879359744
2016-08-05 00:15:00,2.2801046777009
2016-08-05 00:20:00,3.97650989701678
2016-08-05 00:25:00,5.09315874392454
2016-08-05 00:30:00,5.77553575991776
2016-08-05 00:35:00,6.28724492515312
2016-08-05 00:40:00,7.50992653271758
2016-08-05 00:45:00,4.10125068336518
2016-08-05 00:50:00,4.71780657856762
2016-08-05 00:55:00,10.49063359439446
2016-08-05 01:00:00,9.26221164001072
2016-08-05 01:05:00,4.72666683327256
2016-08-05 01:10:00,2.36695854149814
2016-08-05 01:15:00,3.26039401032684
2016-08-05 01:20:00,4.295437087735
2016-08-05 01:25:00,4.27237190584042
2016-08-05 01:30:00,2.74906917397002
2016-08-05 01:35:00,3.142388375645
2016-08-05 01:40:00,3.6320331935594803
2016-08-05 01:45:00,3.6500451984383
2016-08-05 01:50:00,3.4808647867836995
2016-08-05 01:55:00,3.4835903087306
2016-08-05 02:00:00,1.812996276094604
2016-08-05 02:05:00,1.3134719459951198
2016-08-05 02:10:00,1.7307785740096597
2016-08-05 02:15:00,2.3781729291440596
2016-08-05 02:20:00,3.14064658046026
2016-08-05 02:25:00,2.55866997367464
2016-08-05 02:30:00,2.03449879732878
2016-08-05 02:35:00,2.47811618205966
2016-08-05 02:40:00,3.27236484156302
2016-08-05 02:45:00,3.1245334394674797
2016-08-05 02:50:00,2.71028010711738
2016-08-05 02:55:00,2.2180863657238197
2016-08-05 03:00:00,1.92165883423868
2016-08-05 03:05:00,1.6095703434982798
2016-08-05 03:10:00,1.92195351424816
2016-08-05 03:15:00,1.9221661560885
2016-08-05 03:20:00,2.22692836573392
2016-08-05 03:25:00,2.9449449112423
2016-08-05 03:30:00,2.2924321878279996
2016-08-05 03:35:00,1.94289190789696
2016-08-05 03:40:00,1.9512286094139397
2016-08-05 03:45:00,1.1887706216187681
2016-08-05 03:50:00,0.46500750852846207
2016-08-05 03:55:00,0.32639243425354797
2016-08-05 04:00:00,0.549846994018732
2016-08-05 04:05:00,0.44113857813739
2016-08-05 04:10:00,0.295264189971072
2016-08-05 04:15:00,0.28469441727940603
2016-08-05 04:20:00,0.150060259658858
2016-08-05 04:25:00,0.10286952993332701
2016-08-05 04:30:00,0.0877841013429104
2016-08-05 04:35:00,0.052058846834802
2016-08-05 04:40:00,0.095499543138667
2016-08-05 04:45:00,0.153491032247024
2016-08-05 04:50:00,0.0903038414815512
2016-08-05 04:55:00,0.0023895739830234602
2016-08-05 05:00:00,-0.004253869059157339
2016-08-05 05:05:00,-0.02062424875005188
2016-08-05 05:10:00,-0.0523720847230598
2016-08-05 05:15:00,-0.08171640728841381
2016-08-05 05:20:00,-0.094216674902168
2016-08-05 05:25:00,-0.03347653224982944
2016-08-05 05:30:00,0.0247193400920746
2016-08-05 05:35:00,-0.0005145564412462556
2016-08-05 05:40:00,0.0631504802641136
2016-08-05 05:45:00,0.267546628440612
2016-08-05 05:50:00,0.8098093935456079
2016-08-05 05:55:00,1.7065119370083601
2016-08-05 06:00:00,2.64887053309924
2016-08-05 06:05:00,3.02337194101768
2016-08-05 06:10:00,2.89957526998638
2016-08-05 06:15:00,2.38251306550978
2016-08-05 06:20:00,1.9928557385150198
2016-08-05 06:25:00,1.6038600619701397
2016-08-05 06:30:00,1.514848263559
2016-08-05 06:35:00,0.665376364954346
2016-08-05 06:40:00,0.06288351592661406
2016-08-05 06:45:00,0.0145015012094726
2016-08-05 06:50:00,0.07030964520189617
2016-08-05 06:55:00,0.249557764971776
2016-08-05 07:00:00,0.034843291622933995
2016-08-05 07:05:00,-0.0815828587021124
2016-08-05 07:10:00,-0.141394027900552
2016-08-05 07:15:00,-0.16455511990348598
2016-08-05 07:20:00,-0.175434113811384
2016-08-05 07:25:00,-0.183386579366074
2016-08-05 07:30:00,-0.18322067608376
2016-08-05 07:35:00,-0.183054772801446
2016-08-05 07:40:00,-0.18288886951913402
2016-08-05 07:45:00,-0.182722966236818
2016-08-05 07:50:00,-0.18253720677902402
2016-08-05 07:55:00,-0.18070566437042
2016-08-05 08:00:00,-0.17782540836896
2016-08-05 08:05:00,-0.163864348873744
2016-08-05 08:10:00,-0.1238539204459906
2016-08-05 08:15:00,-0.0123741323590829
2016-08-05 08:20:00,0.013004599004267398
2016-08-05 08:25:00,-0.116356097641232
2016-08-05 08:30:00,-0.10379739999665119
2016-08-05 08:35:00,-0.0893351862839904
2016-08-05 08:40:00,0.017867499359638904
2016-08-05 08:45:00,-0.0036756633125674407
2016-08-05 08:50:00,-0.0510692559634238
2016-08-05 08:55:00,0.02142336274958046
2016-08-05 09:00:00,0.10282557951786822
2016-08-05 09:05:00,0.524352890300958
2016-08-05 09:10:00,0.469970770352828
2016-08-05 09:15:00,0.6428614346377299
2016-08-05 09:20:00,0.8689116689617361
2016-08-05 09:25:00,1.121877234693298
2016-08-05 09:30:00,1.11340353758338
2016-08-05 09:35:00,1.4842022918021
2016-08-05 09:40:00,2.3046974673162604
2016-08-05 09:45:00,2.5553011777064
2016-08-05 09:50:00,3.4138232546907803
2016-08-05 09:55:00,3.3833534651874997
2016-08-05 10:00:00,2.57584000893852
2016-08-05 10:05:00,2.58530971060022
2016-08-05 10:10:00,2.98479139363224
2016-08-05 10:15:00,2.7632528103480203
2016-08-05 10:20:00,2.38282658824812
2016-08-05 10:25:00,2.36116563918462
2016-08-05 10:30:00,2.6360821998325603
2016-08-05 10:35:00,2.75882388608386
2016-08-05 10:40:00,3.10992262900438
2016-08-05 10:45:00,2.98830289809026
2016-08-05 10:50:00,3.2891390588224
2016-08-05 10:55:00,3.72995444197612
2016-08-05 11:00:00,3.6400012232813
2016-08-05 11:05:00,4.309727561494819
2016-08-05 11:10:00,4.3737939695436605
2016-08-05 11:15:00,4.29398984475336
2016-08-05 11:20:00,4.21422821803582
2016-08-05 11:25:00,4.27857386918722
2016-08-05 11:30:00,4.925116299638001
2016-08-05 11:35:00,5.19100350277928
2016-08-05 11:40:00,5.22585590099482
2016-08-05 11:45:00,4.78153381470156
2016-08-05 11:50:00,4.60738357982076
2016-08-05 11:55:00,4.87441720935918
2016-08-05 12:00:00,6.53457626364082
2016-08-05 12:05:00,7.19381679424116
2016-08-05 12:10:00,8.00524130169802
2016-08-05 12:15:00,8.79526645165592
2016-08-05 12:20:00,8.960631646655418
2016-08-05 12:25:00,8.86011724516964
2016-08-05 12:30:00,8.78752209867886
2016-08-05 12:35:00,8.8960015960961
2016-08-05 12:40:00,10.15354896815232
2016-08-05 12:45:00,9.96747011620964
2016-08-05 12:50:00,9.18017200930002
2016-08-05 12:55:00,9.90338402907248
2016-08-05 13:00:00,10.46771726603566
2016-08-05 13:05:00,10.17412671397892
2016-08-05 13:10:00,9.52842147484628
2016-08-05 13:15:00,9.47715067082722
2016-08-05 13:20:00,9.331790677385161
2016-08-05 13:25:00,9.36459469580284
2016-08-05 13:30:00,8.92147602875356
2016-08-05 13:35:00,8.071099664143139
2016-08-05 13:40:00,7.10015384117916
2016-08-05 13:45:00,6.68906609248494
2016-08-05 13:50:00,5.3509330218563
2016-08-05 13:55:00,4.9007708837066
2016-08-05 14:00:00,3.9953151531074598
2016-08-05 14:05:00,3.5933286439404197
2016-08-05 14:10:00,3.7333484512078003
2016-08-05 14:15:00,3.38702559319902
2016-08-05 14:20:00,3.09428987506924
2016-08-05 14:25:00,3.16737682171196
2016-08-05 14:30:00,3.09208619105162
2016-08-05 14:35:00,2.8517262753330597
2016-08-05 14:40:00,3.23073088434636
2016-08-05 14:45:00,4.84583236007406
2016-08-05 14:50:00,5.99781092855608
2016-08-05 14:55:00,7.8387738052063
2016-08-05 15:00:00,10.41084236709856
2016-08-05 15:05:00,11.1249875125914
2016-08-05 15:10:00,11.2716037182712
2016-08-05 15:15:00,11.3358551795168
2016-08-05 15:20:00,14.0621183376164
2016-08-05 15:25:00,14.1691741968028
2016-08-05 15:30:00,14.691351256309
2016-08-05 15:35:00,15.3280650737114
2016-08-05 15:40:00,15.0926933376542
2016-08-05 15:45:00,17.748586260085
2016-08-05 15:50:00,19.9130753004602
2016-08-05 15:55:00,22.206283979229
2016-08-05 16:00:00,27.7938517249234
2016-08-05 16:05:00,27.6508369758432
2016-08-05 16:10:00,25.9994641576856
2016-08-05 16:15:00,25.723769582112403
2016-08-05 16:20:00,26.3025136980134
2016-08-05 16:25:00,26.8800706088648
2016-08-05 16:30:00,25.8461248092282
2016-08-05 16:35:00,24.1584311192074
2016-08-05 16:40:00,23.9389837100682
2016-08-05 16:45:00,22.2709431730576
2016-08-05 16:50:00,21.817105435149
2016-08-05 16:55:00,18.6838699560906
2016-08-05 17:00:00,18.669939192108
2016-08-05 17:05:00,15.888867580739802
2016-08-05 17:10:00,14.891060118116801
2016-08-05 17:15:00,15.9773034870262
2016-08-05 17:20:00,13.364897951723
2016-08-05 17:25:00,11.01862515226712
2016-08-05 17:30:00,11.1028276371692
2016-08-05 17:35:00,10.41912863735432
2016-08-05 17:40:00,11.237751398922601
2016-08-05 17:45:00,11.431746049138
2016-08-05 17:50:00,13.3790534860196
2016-08-05 17:55:00,13.828428635951
2016-08-05 18:00:00,14.018841127155
2016-08-05 18:05:00,13.5032229212348
2016-08-05 18:10:00,13.6474701282312
2016-08-05 18:15:00,15.275634817153598
2016-08-05 18:20:00,15.7232060538376
2016-08-05 18:25:00,16.9963588626144
2016-08-05 18:30:00,19.6654351534312
2016-08-05 18:35:00,22.326239559021
2016-08-05 18:40:00,22.119292613116
2016-08-05 18:45:00,20.2615191216804
2016-08-05 18:50:00,18.5130232471342
2016-08-05 18:55:00,16.9867107006488
2016-08-05 19:00:00,15.199795798323402
2016-08-05 19:05:00,16.2365912351164
2016-08-05 19:10:00,17.338795919110602
2016-08-05 19:15:00,16.5685239439128
2016-08-05 19:20:00,16.1984586067018
2016-08-05 19:25:00,15.955087738694399
2016-08-05 19:30:00,17.293532930005803
2016-08-05 19:35:00,15.783214636094403
2016-08-05 19:40:00,17.2676551682896
2016-08-05 19:45:00,18.495728770863998
2016-08-05 19:50:00,15.8819075937274
2016-08-05 19:55:00,15.8287868471662
2016-08-05 20:00:00,17.807020446163
2016-08-05 20:05:00,18.1080488879782
2016-08-05 20:10:00,17.0717187247804
2016-08-05 20:15:00,17.7834101684738
2016-08-05 20:20:00,22.654196458601998
2016-08-05 20:25:00,27.370315405088796
2016-08-05 20:30:00,34.082553878644795
2016-08-05 20:35:00,39.8471809508058
2016-08-05 20:40:00,39.6189251231262
2016-08-05 20:45:00,40.0077237337962
2016-08-05 20:50:00,42.549455265601196
2016-08-05 20:55:00,46.997918573914
2016-08-05 21:00:00,48.2714021965104
2016-08-05 21:05:00,54.088854667147004
2016-08-05 21:10:00,59.2823725081836
2016-08-05 21:15:00,58.7984199773342
2016-08-05 21:20:00,62.578511906077196
2016-08-05 21:25:00,65.000599106887
2016-08-05 21:30:00,69.72697852534961
2016-08-05 21:35:00,72.5487157335892
2016-08-05 21:40:00,78.1177489737212
2016-08-05 21:45:00,83.2614963315316
2016-08-05 21:50:00,84.5541198566536
2016-08-05 21:55:00,87.5857254758356
2016-08-05 22:00:00,90.9546034475086
2016-08-05 22:05:00,91.6135825877652
2016-08-05 22:10:00,92.5194209192146
2016-08-05 22:15:00,94.3872445292654
2016-08-05 22:20:00,93.80899022366519
2016-08-05 22:25:00,92.5993028952876
2016-08-05 22:30:00,92.9761956166836
2016-08-05 22:35:00,92.92352814025601
2016-08-05 22:40:00,94.6305431713662
2016-08-05 22:45:00,95.3290094984994
2016-08-05 22:50:00,95.45435239279341
2016-08-05 22:55:00,96.0106605839822
2016-08-05 23:00:00,96.1351068531716
2016-08-05 23:05:00,96.2558251744328
2016-08-05 23:10:00,96.01390796329619
2016-08-05 23:15:00,95.9452732390372
2016-08-05 23:20:00,96.1417262879732
2016-08-05 23:25:00,96.300226820782
2016-08-05 23:30:00,96.0564808037558
2016-08-05 23:35:00,93.3751709109724
2016-08-05 23:40:00,92.1908845117702
2016-08-05 23:45:00,92.1882315902542
2016-08-05 23:50:00,92.1354300779204
2016-08-05 23:55:00,92.1303186013762
2016-08-06 00:00:00,93.4498678734466
2016-08-06 00:05:00,93.1451671841278
2016-08-06 00:10:00,91.8595681243968
2016-08-06 00:15:00,93.9840082749336
2016-08-06 00:20:00,94.1506678203414
2016-08-06 00:25:00,94.2184612665682
2016-08-06 00:30:00,94.381217132217
2016-08-06 00:35:00,94.2400702690566
2016-08-06 00:40:00,94.2331955456068
2016-08-06 00:45:00,94.16219324428019
2016-08-06 00:50:00,94.1219358991782
2016-08-06 00:55:00,94.2656868259388
2016-08-06 01:00:00,93.8948049558952
2016-08-06 01:05:00,93.4812747552636
2016-08-06 01:10:00,93.4751447196654
2016-08-06 01:15:00,93.35433689084721
2016-08-06 01:20:00,90.924041424994
2016-08-06 01:25:00,89.98514591914041
2016-08-06 01:30:00,90.8691829121736
2016-08-06 01:35:00,90.8006106120346
2016-08-06 01:40:00,90.3501204345002
2016-08-06 01:45:00,90.731200476005
2016-08-06 01:50:00,90.3076058363832
2016-08-06 01:55:00,90.485940073904
2016-08-06 02:00:00,88.7548447660034
2016-08-06 02:05:00,90.2778846857378
2016-08-06 02:10:00,88.9717464904416
2016-08-06 02:15:00,89.1433363485938
2016-08-06 02:20:00,88.03310178342281
2016-08-06 02:25:00,88.84557979126319
2016-08-06 02:30:00,88.1849249280266
2016-08-06 02:35:00,86.158826752396
2016-08-06 02:40:00,85.2974404343684
2016-08-06 02:45:00,85.0060981106834
2016-08-06 02:50:00,83.6605835453064
2016-08-06 02:55:00,81.2871084958028
2016-08-06 03:00:00,78.2389757804234
2016-08-06 03:05:00,74.848703602053
2016-08-06 03:10:00,70.585729382804
2016-08-06 03:15:00,64.01915279333761
2016-08-06 03:20:00,62.245544835574
2016-08-06 03:25:00,61.034225363263
2016-08-06 03:30:00,63.266439575933205
2016-08-06 03:35:00,66.19838053655619
2016-08-06 03:40:00,68.5777502646038
2016-08-06 03:45:00,73.1897397169956
2016-08-06 03:50:00,76.59268211090959
2016-08-06 03:55:00,78.8204555075552
2016-08-06 04:00:00,82.1406899216552
2016-08-06 04:05:00,82.6325458781684
2016-08-06 04:10:00,83.950572690016
2016-08-06 04:15:00,81.5621573057504
2016-08-06 04:20:00,79.1353984964784
2016-08-06 04:25:00,78.002644077488
2016-08-06 04:30:00,79.732081006083
2016-08-06 04:35:00,79.5442514735942
2016-08-06 04:40:00,77.4650148465514
2016-08-06 04:45:00,79.452944010138
2016-08-06 04:50:00,78.5677307394644
2016-08-06 04:55:00,82.1882941285598
2016-08-06 05:00:00,83.2363949890748
2016-08-06 05:05:00,80.921808928338
2016-08-06 05:10:00,77.197353748154
2016-08-06 05:15:00,71.0573778493472
2016-08-06 05:20:00,70.0900232840944
2016-08-06 05:25:00,73.5674954328924
2016-08-06 05:30:00,80.42256078175339
2016-08-06 05:35:00,83.1477114859058
2016-08-06 05:40:00,80.97136936057021
2016-08-06 05:45:00,73.6258717899168
2016-08-06 05:50:00,75.44902673517359
2016-08-06 05:55:00,71.58050524047181
2016-08-06 06:00:00,63.629040549621195
2016-08-06 06:05:00,58.7220256466966
2016-08-06 06:10:00,59.5711189085456
2016-08-06 06:15:00,58.471835934572404
2016-08-06 06:20:00,49.4244188892658
2016-08-06 06:25:00,45.8807119806296
2016-08-06 06:30:00,40.7199886842752
2016-08-06 06:35:00,40.7088775812572
2016-08-06 06:40:00,41.3161316129954
2016-08-06 06:45:00,45.425154470198
2016-08-06 06:50:00,50.910770543842
2016-08-06 06:55:00,53.4532345969694
2016-08-06 07:00:00,52.9776299441642
2016-08-06 07:05:00,49.9846451588358
2016-08-06 07:10:00,46.8980083053642
2016-08-06 07:15:00,43.4039771376484
2016-08-06 07:20:00,42.456117916217394
2016-08-06 07:25:00,44.7245282882862
2016-08-06 07:30:00,47.9223500388106
2016-08-06 07:35:00,53.287397392787
2016-08-06 07:40:00,57.3827639124262
2016-08-06 07:45:00,61.61222947969979
2016-08-06 07:50:00,67.654544232783
2016-08-06 07:55:00,74.169337392207
2016-08-06 08:00:00,74.5310812896186
2016-08-06 08:05:00,70.3531495674348
2016-08-06 08:10:00,67.6837096699916
2016-08-06 08:15:00,67.61958221728739
2016-08-06 08:20:00,67.94745004982
2016-08-06 08:25:00,70.92301873267279
2016-08-06 08:30:00,74.6544482797788
2016-08-06 08:35:00,77.6893271642532
2016-08-06 08:40:00,76.2438139439686
2016-08-06 08:45:00,76.12461413742099
2016-08-06 08:50:00,71.8696724711728
2016-08-06 08:55:00,68.71273035341139
2016-08-06 09:00:00,66.0693462186806
2016-08-06 09:05:00,59.07362928452339
2016-08-06 09:10:00,53.1692238751916
2016-08-06 09:15:00,47.6845392007854
2016-08-06 09:20:00,45.535869410181206
2016-08-06 09:25:00,43.2462009240878
2016-08-06 09:30:00,46.7988840383274
2016-08-06 09:35:00,53.6617766630214
2016-08-06 09:40:00,55.1926217212622
2016-08-06 09:45:00,54.772564434785394
2016-08-06 09:50:00,54.02691965914839
2016-08-06 09:55:00,55.49026983441361
2016-08-06 10:00:00,57.68839705859661
2016-08-06 10:05:00,59.465506847940006
2016-08-06 10:10:00,64.68893944969281
2016-08-06 10:15:00,65.6459345037124
2016-08-06 10:20:00,64.3792809029562
2016-08-06 10:25:00,65.5130719477604
2016-08-06 10:30:00,62.3823676075818
2016-08-06 10:35:00,60.5981424448702
2016-08-06 10:40:00,57.1388845632912
2016-08-06 10:45:00,51.9563143996002
2016-08-06 10:50:00,45.4298226690808
2016-08-06 10:55:00,40.0233226924064
2016-08-06 11:00:00,33.8980245074736
2016-08-06 11:05:00,32.1559476543574
2016-08-06 11:10:00,26.6327376906972
2016-08-06 11:15:00,19.5986295723022
2016-08-06 11:20:00,16.9458898125104
2016-08-06 11:25:00,15.4648043188146
2016-08-06 11:30:00,14.857589160026
2016-08-06 11:35:00,14.097777417650201
2016-08-06 11:40:00,16.1767477342858
2016-08-06 11:45:00,16.2049182796816
2016-08-06 11:50:00,20.9195428065212
2016-08-06 11:55:00,28.5208150694262
2016-08-06 12:00:00,31.450464220511
2016-08-06 12:05:00,29.878713706374203
2016-08-06 12:10:00,27.2725212546164
2016-08-06 12:15:00,23.6122048465506
2016-08-06 12:20:00,20.600034826028
2016-08-06 12:25:00,21.173983714967
2016-08-06 12:30:00,24.302048667713002
2016-08-06 12:35:00,25.8749315074218
2016-08-06 12:40:00,22.8205058488454
2016-08-06 12:45:00,19.0464176091192
2016-08-06 12:50:00,17.7291939342944
2016-08-06 12:55:00,18.0599187032368
2016-08-06 13:00:00,21.4685429325608
2016-08-06 13:05:00,25.6810455331934
2016-08-06 13:10:00,28.095608362419803
2016-08-06 13:15:00,26.587849345580203
2016-08-06 13:20:00,25.2594688956108
2016-08-06 13:25:00,24.443572706429798
2016-08-06 13:30:00,24.8430663018848
2016-08-06 13:35:00,25.377943457391602
2016-08-06 13:40:00,23.2691216198264
2016-08-06 13:45:00,22.0036821192398
2016-08-06 13:50:00,24.7771841327848
2016-08-06 13:55:00,25.540161717599197
2016-08-06 14:00:00,23.7090910560952
2016-08-06 14:05:00,20.758094515369997
2016-08-06 14:10:00,21.773919677152996
2016-08-06 14:15:00,25.2314002916992
2016-08-06 14:20:00,23.9041384619726
2016-08-06 14:25:00,21.6478964788586
2016-08-06 14:30:00,18.5882287097214
2016-08-06 14:35:00,15.3292677641508
2016-08-06 14:40:00,14.1380446466098
2016-08-06 14:45:00,13.7439398476974
2016-08-06 14:50:00,13.8608768292472
2016-08-06 14:55:00,14.592744610222999
2016-08-06 15:00:00,16.5793000144706
2016-08-06 15:05:00,18.2211364773814
2016-08-06 15:10:00,19.8694223998676
2016-08-06 15:15:00,20.835957308629798
2016-08-06 15:20:00,22.933462883974
2016-08-06 15:25:00,26.4411592095038
2016-08-06 15:30:00,26.667853459338403
2016-08-06 15:35:00,27.582821534601997
2016-08-06 15:40:00,31.773839994047
2016-08-06 15:45:00,32.7105860393698
2016-08-06 15:50:00,35.8531180822896
2016-08-06 15:55:00,35.3897871964786
2016-08-06 16:00:00,35.94855861461021
2016-08-06 16:05:00,36.3007765714044
2016-08-06 16:10:00,37.4637831029696
2016-08-06 16:15:00,39.9535848484758
2016-08-06 16:20:00,44.8191451679322
2016-08-06 16:25:00,47.896683768445804
2016-08-06 16:30:00,52.0581435979038
2016-08-06 16:35:00,54.5623585653104
2016-08-06 16:40:00,55.3749443834422
2016-08-06 16:45:00,58.61774640092519
2016-08-06 16:50:00,57.5464083060226
2016-08-06 16:55:00,54.2207723679942
2016-08-06 17:00:00,52.9776867653152
2016-08-06 17:05:00,52.3938483911792
2016-08-06 17:10:00,49.7152865772386
2016-08-06 17:15:00,49.648657064853
2016-08-06 17:20:00,45.691626120014
2016-08-06 17:25:00,48.8649443433452
2016-08-06 17:30:00,47.56438944163
2016-08-06 17:35:00,45.675395986972
2016-08-06 17:40:00,46.8740236213532
2016-08-06 17:45:00,48.3362479310762
2016-08-06 17:50:00,48.1060595860766
2016-08-06 17:55:00,50.0040770617126
2016-08-06 18:00:00,52.624709791146394
2016-08-06 18:05:00,55.9671363813718
2016-08-06 18:10:00,59.77077755880059
2016-08-06 18:15:00,57.9997497238592
2016-08-06 18:20:00,60.890016270764605
2016-08-06 18:25:00,60.047179175230994
2016-08-06 18:30:00,59.83698944572821
2016-08-06 18:35:00,59.902854865995195
2016-08-06 18:40:00,59.8797210950966
2016-08-06 18:45:00,57.30144075824099
2016-08-06 18:50:00,57.738535787152
2016-08-06 18:55:00,59.2610478617468
2016-08-06 19:00:00,56.5607008333504
2016-08-06 19:05:00,54.2210656960774
2016-08-06 19:10:00,57.276507698608995
2016-08-06 19:15:00,54.8622232397906
2016-08-06 19:20:00,52.287422819568995
2016-08-06 19:25:00,52.6248501838478
2016-08-06 19:30:00,51.23477541512959
2016-08-06 19:35:00,48.7848875410056
2016-08-06 19:40:00,45.525391320616805
2016-08-06 19:45:00,45.5357116974666
2016-08-06 19:50:00,44.9822760187648
2016-08-06 19:55:00,43.4218278125882
2016-08-06 20:00:00,42.2882382196464
2016-08-06 20:05:00,44.883970988289796
2016-08-06 20:10:00,42.5889689273072
2016-08-06 20:15:00,44.0261833123448
2016-08-06 20:20:00,47.7469157647502
2016-08-06 20:25:00,50.9771457991106
2016-08-06 20:30:00,45.964856364001
2016-08-06 20:35:00,45.5951659586766
2016-08-06 20:40:00,38.6838300112902
2016-08-06 20:45:00,37.6176989458352
2016-08-06 20:50:00,34.923607419419
2016-08-06 20:55:00,37.6275756578678
2016-08-06 21:00:00,38.040732131912804
2016-08-06 21:05:00,40.9616830931374
2016-08-06 21:10:00,39.2591462411002
2016-08-06 21:15:00,39.3986511877778
2016-08-06 21:20:00,35.8148760957682
2016-08-06 21:25:00,37.132854555842
2016-08-06 21:30:00,43.7005871078304
2016-08-06 21:35:00,40.7446367839088
2016-08-06 21:40:00,44.3734486768908
2016-08-06 21:45:00,41.971867552105195
2016-08-06 21:50:00,46.5092251682288
2016-08-06 21:55:00,48.7018637381286
2016-08-06 22:00:00,50.4684271554176
2016-08-06 22:05:00,51.9260170314822
2016-08-06 22:10:00,45.24805382401
2016-08-06 22:15:00,46.8028458685286
2016-08-06 22:20:00,43.2541128472836
2016-08-06 22:25:00,39.2263144609852
2016-08-06 22:30:00,43.3492610469242
2016-08-06 22:35:00,42.3542816320486
2016-08-06 22:40:00,46.112907560756
2016-08-06 22:45:00,42.474678698012994
2016-08-06 22:50:00,41.555778929969804
2016-08-06 22:55:00,44.233500098970396
2016-08-06 23:00:00,43.4857935873312
2016-08-06 23:05:00,44.8418409806946
2016-08-06 23:10:00,46.2068307594958
2016-08-06 23:15:00,49.779112402286
2016-08-06 23:20:00,52.633324983503805
2016-08-06 23:25:00,58.043433683687795
2016-08-06 23:30:00,57.6394264371314
2016-08-06 23:35:00,62.3271034594588
2016-08-06 23:40:00,71.7022382182748
2016-08-06 23:45:00,75.4397908293618
2016-08-06 23:50:00,79.0768645772768
2016-08-06 23:55:00,83.66634060059639
2016-08-07 00:00:00,84.16792529421
2016-08-07 00:05:00,87.19897470745221
2016-08-07 00:10:00,87.44818026477779
2016-08-07 00:15:00,88.444311855251
2016-08-07 00:20:00,88.5993489017026
2016-08-07 00:25:00,89.9847115019046
2016-08-07 00:30:00,91.5986286482094
2016-08-07 00:35:00,91.2555892441422
2016-08-07 00:40:00,90.4860592430132
2016-08-07 00:45:00,90.6816363780472
2016-08-07 00:50:00,91.639386441055
2016-08-07 00:55:00,90.4729182975218
2016-08-07 01:00:00,89.7695383835194
2016-08-07 01:05:00,87.6415206639732
2016-08-07 01:10:00,87.8538689827904
2016-08-07 01:15:00,86.04490796853659
2016-08-07 01:20:00,78.458009220975
2016-08-07 01:25:00,77.3654290044896
2016-08-07 01:30:00,77.1311482249178
2016-08-07 01:35:00,81.6414814854704
2016-08-07 01:40:00,85.5767416289012
2016-08-07 01:45:00,88.8796032604744
2016-08-07 01:50:00,90.1933275541638
2016-08-07 01:55:00,90.3403520799542
2016-08-07 02:00:00,90.13998362176639
2016-08-07 02:05:00,88.7593074352088
2016-08-07 02:10:00,86.88828727400059
2016-08-07 02:15:00,84.9779473203276
2016-08-07 02:20:00,84.5086697864774
2016-08-07 02:25:00,82.85284745919759
2016-08-07 02:30:00,82.9078762171118
2016-08-07 02:35:00,79.0909655908616
2016-08-07 02:40:00,76.6381272823948
2016-08-07 02:45:00,77.03640206287359
2016-08-07 02:50:00,75.0864080493176
2016-08-07 02:55:00,72.702827114065
2016-08-07 03:00:00,71.1199577905692
2016-08-07 03:05:00,69.49501933706361
2016-08-07 03:10:00,70.72212459254919
2016-08-07 03:15:00,66.3931047610754
2016-08-07 03:20:00,60.0278171428364
2016-08-07 03:25:00,56.3926657312544
2016-08-07 03:30:00,58.508578834457
2016-08-07 03:35:00,61.1831314290042
2016-08-07 03:40:00,58.4662244882512
2016-08-07 03:45:00,59.627390301635
2016-08-07 03:50:00,66.0513288821348
2016-08-07 03:55:00,67.6036047672258
2016-08-07 04:00:00,67.4965471544912
2016-08-07 04:05:00,68.4600036143642
2016-08-07 04:10:00,69.2779677164428
2016-08-07 04:15:00,69.8037249828602
2016-08-07 04:20:00,68.8347547302074
2016-08-07 04:25:00,67.2868936267902
2016-08-07 04:30:00,66.6881452809356
2016-08-07 04:35:00,64.185190076578
2016-08-07 04:40:00,65.5671808349088
2016-08-07 04:45:00,71.8299415704496
2016-08-07 04:50:00,77.8264022543906
2016-08-07 04:55:00,80.9115308731162
2016-08-07 05:00:00,81.2045528836848
2016-08-07 05:05:00,81.75897763732641
2016-08-07 05:10:00,82.0784364517424
2016-08-07 05:15:00,82.8468076451554
2016-08-07 05:20:00,81.22289520653881
2016-08-07 05:25:00,78.8271775403124
2016-08-07 05:30:00,73.687341992054
2016-08-07 05:35:00,65.303571265419
2016-08-07 05:40:00,55.097294418922004
2016-08-07 05:45:00,46.3142345198046
2016-08-07 05:50:00,36.70450052791661
2016-08-07 05:55:00,28.0188271536502
2016-08-07 06:00:00,20.9280339343174
2016-08-07 06:05:00,17.1506561178618
2016-08-07 06:10:00,16.3868962555594
2016-08-07 06:15:00,20.3133524484818
2016-08-07 06:20:00,25.8846706054346
2016-08-07 06:25:00,32.310482287369396
2016-08-07 06:30:00,36.2299947574934
2016-08-07 06:35:00,35.8920236539372
2016-08-07 06:40:00,33.245232700217
2016-08-07 06:45:00,34.534457099125
2016-08-07 06:50:00,35.5455141174874
2016-08-07 06:55:00,34.5973802544238
2016-08-07 07:00:00,36.7895288475496
2016-08-07 07:05:00,37.8489994156622
2016-08-07 07:10:00,39.8873598057764
2016-08-07 07:15:00,38.9989591139476
2016-08-07 07:20:00,39.6571915207854
2016-08-07 07:25:00,42.4925917387308
2016-08-07 07:30:00,47.6006688762378
2016-08-07 07:35:00,47.342532997545604
2016-08-07 07:40:00,42.2716716328504
2016-08-07 07:45:00,40.2697116935514
2016-08-07 07:50:00,39.4813839435578
2016-08-07 07:55:00,41.8983845654372
2016-08-07 08:00:00,43.559407854376204
2016-08-07 08:05:00,38.190719711431
2016-08-07 08:10:00,30.7696648210276
2016-08-07 08:15:00,27.229139867131998
2016-08-07 08:20:00,26.174371866570198
2016-08-07 08:25:00,26.813441139031198
2016-08-07 08:30:00,27.076691643931802
2016-08-07 08:35:00,28.6244748208942
2016-08-07 08:40:00,31.0046287213724
2016-08-07 08:45:00,33.596636564617604
2016-08-07 08:50:00,36.5204720364658
2016-08-07 08:55:00,44.6950004980538
2016-08-07 09:00:00,51.2145714445812
2016-08-07 09:05:00,51.0199121457664
2016-08-07 09:10:00,49.4062985856956
2016-08-07 09:15:00,47.574362606902994
2016-08-07 09:20:00,48.216998336572
2016-08-07 09:25:00,49.1660039516908
2016-08-07 09:30:00,50.765276383822204
2016-08-07 09:35:00,52.33849501277621
2016-08-07 09:40:00,53.10170488635519
2016-08-07 09:45:00,55.1527545554556
2016-08-07 09:50:00,61.7367953558648
2016-08-07 09:55:00,65.285150869921
2016-08-07 10:00:00,67.70572783753741
2016-08-07 10:05:00,69.6668473871998
2016-08-07 10:10:00,70.6159736107492
2016-08-07 10:15:00,70.7583594641408
2016-08-07 10:20:00,68.99142886975581
2016-08-07 10:25:00,65.6525120232172
2016-08-07 10:30:00,63.090531952296
2016-08-07 10:35:00,60.147591300609996
2016-08-07 10:40:00,54.58524995462879
2016-08-07 10:45:00,48.934626109696396
2016-08-07 10:50:00,48.7492527287492
2016-08-07 10:55:00,49.4474657571692
2016-08-07 11:00:00,54.305740772582396
2016-08-07 11:05:00,58.7987259672632
2016-08-07 11:10:00,63.2637413089942
2016-08-07 11:15:00,70.1249324617872
2016-08-07 11:20:00,73.4602730757488
2016-08-07 11:25:00,71.72261810314981
2016-08-07 11:30:00,66.6313814526046
2016-08-07 11:35:00,61.837483808375396
2016-08-07 11:40:00,57.4144049947966
2016-08-07 11:45:00,55.63860554234721
2016-08-07 11:50:00,57.0824261192328
2016-08-07 11:55:00,61.1433789820076
2016-08-07 12:00:00,64.15470143062319
2016-08-07 12:05:00,64.90311769324539
2016-08-07 12:10:00,62.217566037719806
2016-08-07 12:15:00,59.99699644209979
2016-08-07 12:20:00,57.563634255880196
2016-08-07 12:25:00,55.2334690400714
2016-08-07 12:30:00,53.8748721959152
2016-08-07 12:35:00,54.740665796512
2016-08-07 12:40:00,61.4959350021708
2016-08-07 12:45:00,68.4945320365802
2016-08-07 12:50:00,70.755820914595
2016-08-07 12:55:00,73.1715594556258
2016-08-07 13:00:00,76.5032095344784
2016-08-07 13:05:00,76.63020102414
2016-08-07 13:10:00,76.30166939972301
2016-08-07 13:15:00,75.0359077779488
2016-08-07 13:20:00,72.32721312555461
2016-08-07 13:25:00,66.4548506551012
2016-08-07 13:30:00,61.473089893281596
2016-08-07 13:35:00,57.3999483729876
2016-08-07 13:40:00,51.3285506003012
2016-08-07 13:45:00,47.369992364157994
2016-08-07 13:50:00,49.0606133286428
2016-08-07 13:55:00,52.855507470998
2016-08-07 14:00:00,56.4385176000416
2016-08-07 14:05:00,58.9973747388904
2016-08-07 14:10:00,60.445672277259405
2016-08-07 14:15:00,60.62483197159359
2016-08-07 14:20:00,55.3561113617582
2016-08-07 14:25:00,54.4522021070966
2016-08-07 14:30:00,57.0770216928462
2016-08-07 14:35:00,60.31795737948401
2016-08-07 14:40:00,60.2192232088362
2016-08-07 14:45:00,57.6863078565254
2016-08-07 14:50:00,54.8006287245542
2016-08-07 14:55:00,50.5028659810244
2016-08-07 15:00:00,48.741389967622595
2016-08-07 15:05:00,54.4619296140682
2016-08-07 15:10:00,58.6014379033782
2016-08-07 15:15:00,65.9749039896176
2016-08-07 15:20:00,71.3770064851836
2016-08-07 15:25:00,72.1219026952626
2016-08-07 15:30:00,69.1043456420598
2016-08-07 15:35:00,67.2853031532544
2016-08-07 15:40:00,60.149415565858
2016-08-07 15:45:00,57.4649373515064
2016-08-07 15:50:00,52.9801058708944
2016-08-07 15:55:00,50.480659893567996
2016-08-07 16:00:00,52.297404684446995
2016-08-07 16:05:00,49.821999685002204
2016-08-07 16:10:00,50.7507686506926
2016-08-07 16:15:00,49.7436691648202
2016-08-07 16:20:00,49.888098487744
2016-08-07 16:25:00,53.486154139411596
2016-08-07 16:30:00,56.0539024977774
2016-08-07 16:35:00,56.4384061076884
2016-08-07 16:40:00,58.38808566124779
2016-08-07 16:45:00,63.183847308110195
2016-08-07 16:50:00,64.1461797160922
2016-08-07 16:55:00,65.9367373593312
2016-08-07 17:00:00,69.0831550852034
2016-08-07 17:05:00,71.885355155553
2016-08-07 17:10:00,70.9944219694726
2016-08-07 17:15:00,67.05606698059441
2016-08-07 17:20:00,65.77839013123261
2016-08-07 17:25:00,55.8029809024834
2016-08-07 17:30:00,50.8704178050572
2016-08-07 17:35:00,53.065811228357404
2016-08-07 17:40:00,55.7478515336216
2016-08-07 17:45:00,65.6543456005418
2016-08-07 17:50:00,69.5169097034722
2016-08-07 17:55:00,72.45862807648321
2016-08-07 18:00:00,73.6384703777088
2016-08-07 18:05:00,79.7588175485872
2016-08-07 18:10:00,75.2799411155228
2016-08-07 18:15:00,70.048630771191
2016-08-07 18:20:00,69.2970882589138
2016-08-07 18:25:00,71.0670296215004
2016-08-07 18:30:00,67.3817947591386
2016-08-07 18:35:00,71.2647981985702
2016-08-07 18:40:00,73.13707141013761
2016-08-07 18:45:00,77.8704813944876
2016-08-07 18:50:00,80.136272568249
2016-08-07 18:55:00,80.71677443025081
2016-08-07 19:00:00,79.02283576760661
2016-08-07 19:05:00,78.3593670615522
2016-08-07 19:10:00,78.73151063771199
2016-08-07 19:15:00,82.1462521386352
2016-08-07 19:20:00,81.4055593099342
2016-08-07 19:25:00,74.3868344029224
2016-08-07 19:30:00,74.9459740728756
2016-08-07 19:35:00,82.4109760884536
2016-08-07 19:40:00,85.0993890537022
2016-08-07 19:45:00,88.111056395269
2016-08-07 19:50:00,88.5799633663868
2016-08-07 19:55:00,87.0402713306884
2016-08-07 20:00:00,85.0233998710384
2016-08-07 20:05:00,86.2905426270044
2016-08-07 20:10:00,88.5342551283434
2016-08-07 20:15:00,87.4104297664548
2016-08-07 20:20:00,83.5922053593406
2016-08-07 20:25:00,80.1872772849374
2016-08-07 20:30:00,85.2787799933668
2016-08-07 20:35:00,88.28123697143239
2016-08-07 20:40:00,91.11667719233819
2016-08-07 20:45:00,92.1355033055416
2016-08-07 20:50:00,90.7699522546146
2016-08-07 20:55:00,93.5309998638018
2016-08-07 21:00:00,97.37793843968
2016-08-07 21:05:00,96.64964435100039
2016-08-07 21:10:00,97.6066211766232
2016-08-07 21:15:00,96.7447226744408
2016-08-07 21:20:00,95.4641732015504
2016-08-07 21:25:00,95.1836148656042
2016-08-07 21:30:00,96.34963795926339
2016-08-07 21:35:00,97.28871289818281
2016-08-07 21:40:00,98.1746505186252
2016-08-07 21:45:00,98.0773803196362
2016-08-07 21:50:00,98.2165940812368
2016-08-07 21:55:00,97.8849065866564
2016-08-07 22:00:00,96.3860187074702
2016-08-07 22:05:00,94.8361071510294
2016-08-07 22:10:00,95.0563732156848
2016-08-07 22:15:00,95.54613975157841
2016-08-07 22:20:00,95.92599870125319
2016-08-07 22:25:00,96.1049947601544
2016-08-07 22:30:00,96.5280090984804
2016-08-07 22:35:00,96.5996529568848
2016-08-07 22:40:00,96.35293848584081
2016-08-07 22:45:00,95.7971883580838
2016-08-07 22:50:00,95.91842847962559
2016-08-07 22:55:00,96.200176509465
2016-08-07 23:00:00,96.18945812119179
2016-08-07 23:05:00,95.390669591163
2016-08-07 23:10:00,95.9179018644456
2016-08-07 23:15:00,96.2490578343496
2016-08-07 23:20:00,96.1895620108912
2016-08-07 23:25:00,96.1157904040252
2016-08-07 23:30:00,96.5888889257438
2016-08-07 23:35:00,96.3204635344498
2016-08-07 23:40:00,96.2905313738882
2016-08-07 23:45:00,96.281318751145
2016-08-07 23:50:00,96.3892296247988
2016-08-07 23:55:00,96.3161609420312
2016-08-08 00:00:00,96.27570346012979
2016-08-08 00:05:00,96.4541322068768
2016-08-08 00:10:00,96.034098801319
2016-08-08 00:15:00,96.4096506283774
2016-08-08 00:20:00,96.46323557264179
2016-08-08 00:25:00,96.67612566221621
2016-08-08 00:30:00,96.3676767229178
2016-08-08 00:35:00,96.0438207352106
2016-08-08 00:40:00,95.970177582508
2016-08-08 00:45:00,96.0220491491168
2016-08-08 00:50:00,95.7864120173064
2016-08-08 00:55:00,95.9783658081534
2016-08-08 01:00:00,95.5618087432138
2016-08-08 01:05:00,95.11825096388199
2016-08-08 01:10:00,95.09307072397
2016-08-08 01:15:00,95.4225942932498
2016-08-08 01:20:00,95.2478113507088
2016-08-08 01:25:00,95.1726288542264
2016-08-08 01:30:00,94.77047235239999
2016-08-08 01:35:00,95.1706698092304
2016-08-08 01:40:00,95.099095486739
2016-08-08 01:45:00,94.82867540581739
2016-08-08 01:50:00,94.6136244629388
2016-08-08 01:55:00,93.821935535353
2016-08-08 02:00:00,94.373493992656
2016-08-08 02:05:00,94.360385951693
2016-08-08 02:10:00,94.3219933224104
2016-08-08 02:15:00,93.64750319914779
2016-08-08 02:20:00,92.1077234582274
2016-08-08 02:25:00,91.0825145545578
2016-08-08 02:30:00,90.195901359131
2016-08-08 02:35:00,88.4555350901414
2016-08-08 02:40:00,86.0929381969484
2016-08-08 02:45:00,82.9987913914274
2016-08-08 02:50:00,80.704473424727
2016-08-08 02:55:00,82.56997050135081
2016-08-08 03:00:00,82.5917318936266
2016-08-08 03:05:00,80.7197946825834
2016-08-08 03:10:00,83.0249826556214
2016-08-08 03:15:00,83.62260032892
2016-08-08 03:20:00,78.9188341273794
2016-08-08 03:25:00,77.9901193714476
2016-08-08 03:30:00,75.4725143577752
2016-08-08 03:35:00,70.84729753385861
2016-08-08 03:40:00,67.37731417452581
2016-08-08 03:45:00,67.1184496725922
2016-08-08 03:50:00,71.05631260032439
2016-08-08 03:55:00,65.8453475690532
2016-08-08 04:00:00,64.5266937551992
2016-08-08 04:05:00,68.494097562411
2016-08-08 04:10:00,68.3738236621866
2016-08-08 04:15:00,68.9619091628512
2016-08-08 04:20:00,69.3545716112158
2016-08-08 04:25:00,71.2986143149532
2016-08-08 04:30:00,70.293169882334
2016-08-08 04:35:00,73.3825904913458
2016-08-08 04:40:00,67.92681929926721
2016-08-08 04:45:00,62.46044624816879
2016-08-08 04:50:00,59.255147939788
2016-08-08 04:55:00,58.405449136223396
2016-08-08 05:00:00,56.6419883742404
2016-08-08 05:05:00,57.185737930847594
2016-08-08 05:10:00,54.2409030720662
2016-08-08 05:15:00,45.802606292862194
2016-08-08 05:20:00,46.0457741803714
2016-08-08 05:25:00,55.292752229043195
2016-08-08 05:30:00,62.504429253462796
2016-08-08 05:35:00,64.2159572807478
2016-08-08 05:40:00,64.4373073058286
2016-08-08 05:45:00,63.4273830896632
2016-08-08 05:50:00,57.7833732550268
2016-08-08 05:55:00,55.693692956927805
2016-08-08 06:00:00,48.3934455037282
2016-08-08 06:05:00,47.933515244942996
2016-08-08 06:10:00,40.4858896891406
2016-08-08 06:15:00,33.4570110047444
2016-08-08 06:20:00,28.783604611906203
2016-08-08 06:25:00,26.4294750178958
2016-08-08 06:30:00,27.228661810275202
2016-08-08 06:35:00,28.341711404039803
2016-08-08 06:40:00,31.7436964840986
2016-08-08 06:45:00,39.6982062580542
2016-08-08 06:50:00,38.106741093062205
2016-08-08 06:55:00,37.7218908048536
2016-08-08 07:00:00,41.4476584426428
2016-08-08 07:05:00,42.109365143142995
2016-08-08 07:10:00,41.157923129761
2016-08-08 07:15:00,39.0738036896486
2016-08-08 07:20:00,38.3145754177916
2016-08-08 07:25:00,34.814255753867
2016-08-08 07:30:00,40.556267746018605
2016-08-08 07:35:00,47.2991154341146
2016-08-08 07:40:00,49.8544658193498
2016-08-08 07:45:00,48.0113801536484
2016-08-08 07:50:00,42.5780531954934
2016-08-08 07:55:00,34.695832269349
2016-08-08 08:00:00,27.508008796937002
2016-08-08 08:05:00,21.332244186806
2016-08-08 08:10:00,17.0030542388394
2016-08-08 08:15:00,14.8431339008762
2016-08-08 08:20:00,15.8468755550564
2016-08-08 08:25:00,14.833195927608
2016-08-08 08:30:00,12.965450394031
2016-08-08 08:35:00,13.360768128572
2016-08-08 08:40:00,14.6676040773772
2016-08-08 08:45:00,14.839804294491799
2016-08-08 08:50:00,13.7353262396776
2016-08-08 08:55:00,12.494856259584399
2016-08-08 09:00:00,12.0111771929034
2016-08-08 09:05:00,13.775247054025801
2016-08-08 09:10:00,14.471399644586402
2016-08-08 09:15:00,14.9173483623504
2016-08-08 09:20:00,13.447368377522599
2016-08-08 09:25:00,9.61240616688968
2016-08-08 09:30:00,9.35988884479824
2016-08-08 09:35:00,8.83132191309674
2016-08-08 09:40:00,8.73149829800184
2016-08-08 09:45:00,11.4620982756122
2016-08-08 09:50:00,11.927293818733599
2016-08-08 09:55:00,11.8498805636256
2016-08-08 10:00:00,11.300951613692
2016-08-08 10:05:00,13.8912351757856
2016-08-08 10:10:00,15.4682653626612
2016-08-08 10:15:00,15.2156394717892
2016-08-08 10:20:00,14.653566164667001
2016-08-08 10:25:00,16.397601554522602
2016-08-08 10:30:00,16.1596562502924
2016-08-08 10:35:00,14.744810514116802
2016-08-08 10:40:00,13.981628286061602
2016-08-08 10:45:00,12.8473608513166
2016-08-08 10:50:00,11.5308065376234
2016-08-08 10:55:00,11.563052551916801
2016-08-08 11:00:00,11.3810193310332
2016-08-08 11:05:00,9.972041799071139
2016-08-08 11:10:00,8.83888728456372
2016-08-08 11:15:00,7.4712094471735995
2016-08-08 11:20:00,6.090493133785
2016-08-08 11:25:00,4.21180628190794
2016-08-08 11:30:00,3.24170541037486
2016-08-08 11:35:00,2.60638745729682
2016-08-08 11:40:00,1.6235258851228198
2016-08-08 11:45:00,1.4617112117977
2016-08-08 11:50:00,2.08656997198674
2016-08-08 11:55:00,2.6162262097059
2016-08-08 12:00:00,3.2366983895192
2016-08-08 12:05:00,3.8297314055109397
2016-08-08 12:10:00,4.1789436674773
2016-08-08 12:15:00,3.9981832468614398
2016-08-08 12:20:00,4.058263060915779
2016-08-08 12:25:00,3.65825759477368
2016-08-08 12:30:00,4.2001846008424195
2016-08-08 12:35:00,5.7238452732703795
2016-08-08 12:40:00,7.87274464475332
2016-08-08 12:45:00,8.73054273828116
2016-08-08 12:50:00,9.4984636315958
2016-08-08 12:55:00,12.4678995423996
2016-08-08 13:00:00,12.9508520571482
2016-08-08 13:05:00,8.7975216600303
2016-08-08 13:10:00,7.95786743730164
2016-08-08 13:15:00,5.74101467787222
2016-08-08 13:20:00,6.58976174101244
2016-08-08 13:25:00,4.40778380828474
2016-08-08 13:30:00,2.65814824807662
2016-08-08 13:35:00,1.5332128204895
2016-08-08 13:40:00,1.0579377818345719
2016-08-08 13:45:00,1.3071364342829201
2016-08-08 13:50:00,1.8643070483431798
2016-08-08 13:55:00,1.643232226916
2016-08-08 14:00:00,1.1684493202357
2016-08-08 14:05:00,1.37614866460932
2016-08-08 14:10:00,1.52567209215728
2016-08-08 14:15:00,1.8221835874747399
2016-08-08 14:20:00,2.7973095297983
2016-08-08 14:25:00,5.730672355061619
2016-08-08 14:30:00,7.67330183519702
2016-08-08 14:35:00,6.89768121975666
2016-08-08 14:40:00,7.03138138024826
2016-08-08 14:45:00,6.15309429907644
2016-08-08 14:50:00,7.41273949538126
2016-08-08 14:55:00,8.51494091498688
2016-08-08 15:00:00,11.00502833207952
2016-08-08 15:05:00,13.6597059418968
2016-08-08 15:10:00,14.4745863943894
2016-08-08 15:15:00,13.569027443192201
2016-08-08 15:20:00,12.297399917689798
2016-08-08 15:25:00,12.1241838581806
2016-08-08 15:30:00,15.477518523324
2016-08-08 15:35:00,18.7973568695322
2016-08-08 15:40:00,16.961751293137603
2016-08-08 15:45:00,16.9774717541384
2016-08-08 15:50:00,18.213694368202603
2016-08-08 15:55:00,17.5116660182822
2016-08-08 16:00:00,16.4190651195436
2016-08-08 16:05:00,18.7164005134568
2016-08-08 16:10:00,18.518492986349
2016-08-08 16:15:00,17.7772746898506
2016-08-08 16:20:00,17.1333283202958
2016-08-08 16:25:00,20.6382700281628
2016-08-08 16:30:00,18.7816002333794
2016-08-08 16:35:00,15.186564133929199
2016-08-08 16:40:00,11.846898592675199
2016-08-08 16:45:00,12.6416546091596
2016-08-08 16:50:00,11.178715937059199
2016-08-08 16:55:00,10.8079532609338
2016-08-08 17:00:00,12.728819139301
2016-08-08 17:05:00,12.081891893945
2016-08-08 17:10:00,17.480406861673
2016-08-08 17:15:00,22.9438062683382
2016-08-08 17:20:00,22.6279204175406
2016-08-08 17:25:00,25.316989923418
2016-08-08 17:30:00,23.0512615562088
2016-08-08 17:35:00,13.507898572746601
2016-08-08 17:40:00,8.56878239480686
2016-08-08 17:45:00,6.28716272312216
2016-08-08 17:50:00,9.00194872945786
2016-08-08 17:55:00,14.940244948794401
2016-08-08 18:00:00,14.073230214566
2016-08-08 18:05:00,13.7580953346254
2016-08-08 18:10:00,14.743062246881001
2016-08-08 18:15:00,16.615767903298998
2016-08-08 18:20:00,14.070280674891
2016-08-08 18:25:00,11.623825177112199
2016-08-08 18:30:00,13.2167257852612
2016-08-08 18:35:00,13.2154114282198
2016-08-08 18:40:00,14.6740741134886
2016-08-08 18:45:00,14.3619799552416
2016-08-08 18:50:00,10.06290457754356
2016-08-08 18:55:00,12.6251329573126
2016-08-08 19:00:00,10.74472284825464
2016-08-08 19:05:00,8.30838356958192
2016-08-08 19:10:00,8.854367232023941
2016-08-08 19:15:00,8.71352046924744
2016-08-08 19:20:00,8.94860632302712
2016-08-08 19:25:00,8.4344821911453
2016-08-08 19:30:00,7.17411499313738
2016-08-08 19:35:00,8.29799394060166
2016-08-08 19:40:00,6.542307937130021
2016-08-08 19:45:00,7.314315200948959
2016-08-08 19:50:00,7.05107026864854
2016-08-08 19:55:00,7.4407890956823
2016-08-08 20:00:00,7.931445855287601
2016-08-08 20:05:00,8.64407672187822
2016-08-08 20:10:00,8.07467501176272
2016-08-08 20:15:00,7.0152670565029
2016-08-08 20:20:00,4.97337093076586
2016-08-08 20:25:00,4.63110739833386
2016-08-08 20:30:00,8.29824676778652
2016-08-08 20:35:00,8.28771876440152
2016-08-08 20:40:00,6.05932608670496
2016-08-08 20:45:00,8.82366627520992
2016-08-08 20:50:00,10.411073141157939
2016-08-08 20:55:00,11.7815967872014
2016-08-08 21:00:00,13.789882229123998
2016-08-08 21:05:00,18.7571654805352
2016-08-08 21:10:00,13.291223814285399
2016-08-08 21:15:00,16.0572737649934
2016-08-08 21:20:00,17.756098718119
2016-08-08 21:25:00,23.9175504169148
2016-08-08 21:30:00,24.5431008406754
2016-08-08 21:35:00,26.3586324454252
2016-08-08 21:40:00,30.4137944399442
2016-08-08 21:45:00,30.440195867477
2016-08-08 21:50:00,24.9370423699316
2016-08-08 21:55:00,25.461376104492
2016-08-08 22:00:00,25.5622707634816
2016-08-08 22:05:00,23.972122804707
2016-08-08 22:10:00,26.7347313132968
2016-08-08 22:15:00,27.913816473681
2016-08-08 22:20:00,23.397539198219
2016-08-08 22:25:00,23.2857336029576
2016-08-08 22:30:00,24.5281059348426
2016-08-08 22:35:00,30.3263538397358
2016-08-08 22:40:00,30.3467673294598
2016-08-08 22:45:00,36.667844179903
2016-08-08 22:50:00,48.034484621212
2016-08-08 22:55:00,51.1972692981548
2016-08-08 23:00:00,52.9035227515166
2016-08-08 23:05:00,56.010250613593996
2016-08-08 23:10:00,63.01786930429021
2016-08-08 23:15:00,61.592606513711395
2016-08-08 23:20:00,66.0176653445278
2016-08-08 23:25:00,65.7839885135658
2016-08-08 23:30:00,62.0971782721958
2016-08-08 23:35:00,62.649500742678605
2016-08-08 23:40:00,63.540395091194
2016-08-08 23:45:00,62.496949479769
2016-08-08 23:50:00,62.4077835064974
2016-08-08 23:55:00,61.6673028817822
2016-08-09 00:00:00,60.3404135472014
2016-08-09 00:05:00,65.0515283983818
2016-08-09 00:10:00,68.8135508296274
2016-08-09 00:15:00,70.0243099932648
2016-08-09 00:20:00,67.0068158270266
2016-08-09 00:25:00,66.0517691307216
2016-08-09 00:30:00,68.4055671718358
2016-08-09 00:35:00,66.6832838373512
2016-08-09 00:40:00,66.9362495787438
2016-08-09 00:45:00,65.1057910466336
2016-08-09 00:50:00,61.894405024377605
2016-08-09 00:55:00,59.6471141308714
2016-08-09 01:00:00,56.1405446025232
2016-08-09 01:05:00,59.220348454652196
2016-08-09 01:10:00,64.0451547609982
2016-08-09 01:15:00,66.71973014214579
2016-08-09 01:20:00,71.4489702204612
2016-08-09 01:25:00,72.5001098672892
2016-08-09 01:30:00,73.3103173600462
2016-08-09 01:35:00,70.9543200556964
2016-08-09 01:40:00,71.6044090036562
2016-08-09 01:45:00,75.5825290250934
2016-08-09 01:50:00,81.1075023417358
2016-08-09 01:55:00,78.6424597254562
2016-08-09 02:00:00,73.70517640158701
2016-08-09 02:05:00,68.8981950054454
2016-08-09 02:10:00,71.2454760495022
2016-08-09 02:15:00,75.3126510274294
2016-08-09 02:20:00,78.35302882476381
2016-08-09 02:25:00,75.8738128563728
2016-08-09 02:30:00,70.3744192351828
2016-08-09 02:35:00,70.61414957588161
2016-08-09 02:40:00,71.218936972882
2016-08-09 02:45:00,70.4932828334766
2016-08-09 02:50:00,69.3633228929344
2016-08-09 02:55:00,73.1674933551992
2016-08-09 03:00:00,77.2050076671156
2016-08-09 03:05:00,75.01891731488101
2016-08-09 03:10:00,72.878216831146
2016-08-09 03:15:00,70.42330236904981
2016-08-09 03:20:00,68.0535501953292
2016-08-09 03:25:00,66.1375321560214
2016-08-09 03:30:00,64.80871486579619
2016-08-09 03:35:00,65.1831129840896
2016-08-09 03:40:00,62.7375560098276
2016-08-09 03:45:00,58.004222875655
2016-08-09 03:50:00,51.6826441130082
2016-08-09 03:55:00,50.2647938249338
2016-08-09 04:00:00,49.6498105991758
2016-08-09 04:05:00,47.5654966651968
2016-08-09 04:10:00,44.7629881023888
2016-08-09 04:15:00,41.2210396347324
2016-08-09 04:20:00,36.824021684491996
2016-08-09 04:25:00,36.323927745989195
2016-08-09 04:30:00,36.3533682633598
2016-08-09 04:35:00,39.0957116870378
2016-08-09 04:40:00,39.944241720976194
2016-08-09 04:45:00,36.451145771077805
2016-08-09 04:50:00,35.006622270222195
2016-08-09 04:55:00,32.373178088214004
2016-08-09 05:00:00,34.2994744754464
2016-08-09 05:05:00,37.068769969861606
2016-08-09 05:10:00,37.0538252480288
2016-08-09 05:15:00,37.3687219319938
2016-08-09 05:20:00,37.5537518928406
2016-08-09 05:25:00,38.612918034766196
2016-08-09 05:30:00,42.3569030498596
2016-08-09 05:35:00,44.2512756458746
2016-08-09 05:40:00,46.028389509672
2016-08-09 05:45:00,48.9032712663694
2016-08-09 05:50:00,49.4626511153882
2016-08-09 05:55:00,49.3165186618928
2016-08-09 06:00:00,50.39724327065041
2016-08-09 06:05:00,46.975512156867396
2016-08-09 06:10:00,42.319583708394205
2016-08-09 06:15:00,41.870694858719
2016-08-09 06:20:00,44.9694900176288
2016-08-09 06:25:00,49.0697662342384
2016-08-09 06:30:00,53.3020613406102
2016-08-09 06:35:00,54.9390341220756
2016-08-09 06:40:00,56.7168686595498
2016-08-09 06:45:00,54.7724485212788
2016-08-09 06:50:00,50.8480397522494
2016-08-09 06:55:00,47.6459258894194
2016-08-09 07:00:00,47.2616508883018
2016-08-09 07:05:00,45.8127534699926
2016-08-09 07:10:00,45.6048690112716
2016-08-09 07:15:00,44.762947291242405
2016-08-09 07:20:00,44.125262956111996
2016-08-09 07:25:00,44.3014953002466
2016-08-09 07:30:00,45.5084743864026
2016-08-09 07:35:00,45.9617269085102
2016-08-09 07:40:00,42.521574113235204
2016-08-09 07:45:00,40.1861194459204
2016-08-09 07:50:00,38.6742727218346
2016-08-09 07:55:00,35.6493387010064
2016-08-09 08:00:00,30.5433583985888
2016-08-09 08:05:00,27.783703757696003
2016-08-09 08:10:00,27.708624254413802
2016-08-09 08:15:00,25.719783794317998
2016-08-09 08:20:00,26.5163862034246
2016-08-09 08:25:00,26.1493855905722
2016-08-09 08:30:00,27.2887910112514
2016-08-09 08:35:00,28.2286287183238
2016-08-09 08:40:00,27.064050295465
2016-08-09 08:45:00,27.038877746443596
2016-08-09 08:50:00,27.0790910102646
2016-08-09 08:55:00,25.7916083818922
2016-08-09 09:00:00,24.220256266040998
2016-08-09 09:05:00,22.220823860553402
2016-08-09 09:10:00,21.9322201170086
2016-08-09 09:15:00,21.686529359587603
2016-08-09 09:20:00,20.129353150312802
2016-08-09 09:25:00,18.4026562567864
2016-08-09 09:30:00,16.550325851516
2016-08-09 09:35:00,14.7064303986216
2016-08-09 09:40:00,14.4198003409192
2016-08-09 09:45:00,15.7888636733514
2016-08-09 09:50:00,15.956498230402598
2016-08-09 09:55:00,16.5023365039734
2016-08-09 10:00:00,18.657899586828798
2016-08-09 10:05:00,20.5135807495434
2016-08-09 10:10:00,21.5542686020754
2016-08-09 10:15:00,24.2579136995318
2016-08-09 10:20:00,28.3951172531742
2016-08-09 10:25:00,31.2539707055056
2016-08-09 10:30:00,32.156187793803596
2016-08-09 10:35:00,32.1632431947692
2016-08-09 10:40:00,31.352193533522
2016-08-09 10:45:00,32.0894234974502
2016-08-09 10:50:00,32.641697365791195
2016-08-09 10:55:00,30.7458643878844
2016-08-09 11:00:00,30.6145572529432
2016-08-09 11:05:00,25.3770944515338
2016-08-09 11:10:00,21.1917505182934
2016-08-09 11:15:00,18.370966381596197
2016-08-09 11:20:00,17.310756625298
2016-08-09 11:25:00,17.2112347365486
2016-08-09 11:30:00,18.7780025257006
2016-08-09 11:35:00,20.409971791074202
2016-08-09 11:40:00,23.0461303825346
2016-08-09 11:45:00,21.5058504980586
2016-08-09 11:50:00,19.453207997396998
2016-08-09 11:55:00,17.3771488113542
2016-08-09 12:00:00,15.074434524418601
2016-08-09 12:05:00,14.3135609644184
2016-08-09 12:10:00,15.509947037903398
2016-08-09 12:15:00,18.885616811826203
2016-08-09 12:20:00,24.0248101179488
2016-08-09 12:25:00,32.6796659909494
2016-08-09 12:30:00,39.8052690694624
2016-08-09 12:35:00,43.8212775409214
2016-08-09 12:40:00,46.0133539969496
2016-08-09 12:45:00,44.1114164577892
2016-08-09 12:50:00,39.2519127011506
2016-08-09 12:55:00,36.882051236833796
2016-08-09 13:00:00,32.9800291668776
2016-08-09 13:05:00,32.9997804865286
2016-08-09 13:10:00,34.4385239410272
2016-08-09 13:15:00,32.1068885900228
2016-08-09 13:20:00,28.6319618616782
2016-08-09 13:25:00,28.6868303146802
2016-08-09 13:30:00,27.6900434069404
2016-08-09 13:35:00,25.9041011861664
2016-08-09 13:40:00,27.600538986065203
2016-08-09 13:45:00,27.429594917840397
2016-08-09 13:50:00,24.3742726371082
2016-08-09 13:55:00,23.2468558389706
2016-08-09 14:00:00,23.0589990691748
2016-08-09 14:05:00,18.8228891348678
2016-08-09 14:10:00,17.0680826115564
2016-08-09 14:15:00,20.624145756930197
2016-08-09 14:20:00,21.6514389447602
2016-08-09 14:25:00,20.9343548365838
2016-08-09 14:30:00,23.498544547764
2016-08-09 14:35:00,27.859326706624802
2016-08-09 14:40:00,30.316580696253197
2016-08-09 14:45:00,32.096292471265
2016-08-09 14:50:00,32.4900725146892
2016-08-09 14:55:00,30.566501961318203
2016-08-09 15:00:00,27.1479863187674
2016-08-09 15:05:00,25.998088017081603
2016-08-09 15:10:00,27.1801626461708
2016-08-09 15:15:00,30.405423938551003
2016-08-09 15:20:00,32.5409223037662
2016-08-09 15:25:00,34.2274783444154
2016-08-09 15:30:00,36.3432922676898
2016-08-09 15:35:00,40.206680983651
2016-08-09 15:40:00,43.1276287215102
2016-08-09 15:45:00,49.101598041423
2016-08-09 15:50:00,50.9742890316022
2016-08-09 15:55:00,50.9417490487032
2016-08-09 16:00:00,50.8870838413104
2016-08-09 16:05:00,50.043471019762
2016-08-09 16:10:00,51.4058871742742
2016-08-09 16:15:00,52.123950464711605
2016-08-09 16:20:00,51.54334623163741
2016-08-09 16:25:00,53.38584556737881
2016-08-09 16:30:00,52.0369367216018
2016-08-09 16:35:00,51.5334533093116
2016-08-09 16:40:00,51.5715378011444
2016-08-09 16:45:00,48.0194195606962
2016-08-09 16:50:00,45.087551553869204
2016-08-09 16:55:00,43.9574564797672
2016-08-09 17:00:00,44.8198284581062
2016-08-09 17:05:00,44.3772952289116
2016-08-09 17:10:00,45.978678227574804
2016-08-09 17:15:00,40.3913100869908
2016-08-09 17:20:00,36.662352565706
2016-08-09 17:25:00,35.619523947035404
2016-08-09 17:30:00,34.4940496882704
2016-08-09 17:35:00,33.2586691247124
2016-08-09 17:40:00,33.8410794124348
2016-08-09 17:45:00,35.518016063327
2016-08-09 17:50:00,37.1676256921272
2016-08-09 17:55:00,38.987390188738196
2016-08-09 18:00:00,37.6967817681722
2016-08-09 18:05:00,34.4303683920428
2016-08-09 18:10:00,34.7637788304456
2016-08-09 18:15:00,34.9864851117584
2016-08-09 18:20:00,37.142072895047605
2016-08-09 18:25:00,35.777674164894606
2016-08-09 18:30:00,38.1360416954828
2016-08-09 18:35:00,38.5910608493056
2016-08-09 18:40:00,39.1425427846804
2016-08-09 18:45:00,38.1487519471182
2016-08-09 18:50:00,34.972210191729
2016-08-09 18:55:00,31.395004744278204
2016-08-09 19:00:00,35.621672224612595
2016-08-09 19:05:00,37.4272319120688
2016-08-09 19:10:00,37.4248400346022
2016-08-09 19:15:00,32.9362996236906
2016-08-09 19:20:00,33.565349314672
2016-08-09 19:25:00,33.2529103305928
2016-08-09 19:30:00,38.7492460879438
2016-08-09 19:35:00,44.0663444578354
2016-08-09 19:40:00,46.085782519387195
2016-08-09 19:45:00,44.498859893318595
2016-08-09 19:50:00,43.2621324657812
2016-08-09 19:55:00,48.2907181840854
2016-08-09 20:00:00,48.3145237986876
2016-08-09 20:05:00,54.31734066301679
2016-08-09 20:10:00,55.134675043875404
2016-08-09 20:15:00,50.76374182571
2016-08-09 20:20:00,49.126859704653995
2016-08-09 20:25:00,50.0572198627862
2016-08-09 20:30:00,52.948061305638205
2016-08-09 20:35:00,48.482859215261996
2016-08-09 20:40:00,50.6524817241948
2016-08-09 20:45:00,52.818650072592405
2016-08-09 20:50:00,50.314436355149
2016-08-09 20:55:00,54.162874081027
2016-08-09 21:00:00,54.1722099001876
2016-08-09 21:05:00,54.6766727002396
2016-08-09 21:10:00,59.260993273680796
2016-08-09 21:15:00,63.8716778965564
2016-08-09 21:20:00,64.4943361069734
2016-08-09 21:25:00,60.53776290218
2016-08-09 21:30:00,66.4600507598156
2016-08-09 21:35:00,63.397031847349
2016-08-09 21:40:00,62.4839694680344
2016-08-09 21:45:00,61.774727804426405
2016-08-09 21:50:00,64.6913250301822
2016-08-09 21:55:00,65.004533841629
2016-08-09 22:00:00,65.0390681406916
2016-08-09 22:05:00,62.80525002067141
2016-08-09 22:10:00,58.0924216983762
2016-08-09 22:15:00,59.58198488429561
2016-08-09 22:20:00,65.6881377089016
2016-08-09 22:25:00,64.22701394671239
2016-08-09 22:30:00,63.7926759437492
2016-08-09 22:35:00,63.214065074065005
2016-08-09 22:40:00,61.277243626319795
2016-08-09 22:45:00,63.729693527574206
2016-08-09 22:50:00,69.6420564904046
2016-08-09 22:55:00,67.85945282983421
2016-08-09 23:00:00,70.5637238471034
2016-08-09 23:05:00,71.877222471794
2016-08-09 23:10:00,69.1830669397964
2016-08-09 23:15:00,70.99875958458661
2016-08-09 23:20:00,75.002833071205
2016-08-09 23:25:00,73.84446399196119
2016-08-09 23:30:00,73.5679468291448
2016-08-09 23:35:00,74.2446579963124
2016-08-09 23:40:00,76.1495937277314
2016-08-09 23:45:00,74.8776600889244
2016-08-09 23:50:00,75.4005201465946
2016-08-09 23:55:00,77.19556908654741
2016-08-10 00:00:00,78.4272768319552
2016-08-10 00:05:00,78.1779861501752
2016-08-10 00:10:00,80.879599646158
2016-08-10 00:15:00,79.02095487932941
2016-08-10 00:20:00,81.4248807710004
2016-08-10 00:25:00,83.2619646975234
2016-08-10 00:30:00,82.9112131346556
2016-08-10 00:35:00,84.8071449677514
2016-08-10 00:40:00,82.54083942819139
2016-08-10 00:45:00,85.8042480581222
2016-08-10 00:50:00,82.9554434484254
2016-08-10 00:55:00,82.817665318183
2016-08-10 01:00:00,83.64492771769919
2016-08-10 01:05:00,82.200558156559
2016-08-10 01:10:00,82.74353671515601
2016-08-10 01:15:00,84.24490368477039
2016-08-10 01:20:00,84.4507553035588
2016-08-10 01:25:00,83.9259568420348
2016-08-10 01:30:00,81.87810555398801
2016-08-10 01:35:00,80.9459811718194
2016-08-10 01:40:00,83.85805987882941
2016-08-10 01:45:00,85.03932793795579
2016-08-10 01:50:00,85.803031162751
2016-08-10 01:55:00,86.8294398898282
2016-08-10 02:00:00,85.76125671358821
2016-08-10 02:05:00,82.7597523231304
2016-08-10 02:10:00,79.980766275704
2016-08-10 02:15:00,75.7039513575224
2016-08-10 02:20:00,73.407822587397
2016-08-10 02:25:00,76.44760801701659
2016-08-10 02:30:00,77.5870380289426
2016-08-10 02:35:00,80.0961306400806
2016-08-10 02:40:00,78.856076463332
2016-08-10 02:45:00,78.6334830649726
2016-08-10 02:50:00,74.2402493379546
2016-08-10 02:55:00,73.5924083748876
2016-08-10 03:00:00,73.0221863384096
2016-08-10 03:05:00,71.2698351409818
2016-08-10 03:10:00,69.41411616135079
2016-08-10 03:15:00,66.9152016778478
2016-08-10 03:20:00,67.2206146360538
2016-08-10 03:25:00,64.68554888896401
2016-08-10 03:30:00,62.994046804375
2016-08-10 03:35:00,61.501970441438196
2016-08-10 03:40:00,56.5826808632018
2016-08-10 03:45:00,51.5294531835048
2016-08-10 03:50:00,50.0031775952922
2016-08-10 03:55:00,50.2006858689226
2016-08-10 04:00:00,51.3902911539004
2016-08-10 04:05:00,51.6510528384138
2016-08-10 04:10:00,50.7378040259582
2016-08-10 04:15:00,51.5305122214668
2016-08-10 04:20:00,52.6364695474644
2016-08-10 04:25:00,53.0695505586412
2016-08-10 04:30:00,53.43187128568341
2016-08-10 04:35:00,57.7374119801254
2016-08-10 04:40:00,59.69905574012059
2016-08-10 04:45:00,60.233949979129605
2016-08-10 04:50:00,61.5961007511256
2016-08-10 04:55:00,60.7685397698962
2016-08-10 05:00:00,59.533494394618
2016-08-10 05:05:00,59.94567554150721
2016-08-10 05:10:00,62.2359023252568
2016-08-10 05:15:00,61.5179741072702
2016-08-10 05:20:00,59.8297841871934
2016-08-10 05:25:00,58.79436974738301
2016-08-10 05:30:00,59.896133634646404
2016-08-10 05:35:00,60.3473013676234
2016-08-10 05:40:00,63.4001051863528
2016-08-10 05:45:00,66.8645932863684
2016-08-10 05:50:00,66.2603360595382
2016-08-10 05:55:00,66.3340968607702
2016-08-10 06:00:00,64.6669512610526
2016-08-10 06:05:00,64.644268548191
2016-08-10 06:10:00,63.4773710555874
2016-08-10 06:15:00,60.96033887632721
2016-08-10 06:20:00,60.2848391221352
2016-08-10 06:25:00,58.498400385609195
2016-08-10 06:30:00,54.189141284615005
2016-08-10 06:35:00,51.560178860669
2016-08-10 06:40:00,52.57813260048219
2016-08-10 06:45:00,52.072789561771195
2016-08-10 06:50:00,51.2793072269714
2016-08-10 06:55:00,48.485182770901204
2016-08-10 07:00:00,47.0295134087176
2016-08-10 07:05:00,44.9115167311338
2016-08-10 07:10:00,43.9657524130636
2016-08-10 07:15:00,43.328358234510596
2016-08-10 07:20:00,42.1645164523148
2016-08-10 07:25:00,40.1037998348294
2016-08-10 07:30:00,39.5113998750428
2016-08-10 07:35:00,40.976456930568006
2016-08-10 07:40:00,44.1090712959136
2016-08-10 07:45:00,49.2825721108302
2016-08-10 07:50:00,48.2536553095162
2016-08-10 07:55:00,44.6775549166126
2016-08-10 08:00:00,41.1875189247734
2016-08-10 08:05:00,38.4013887285512
2016-08-10 08:10:00,36.7808676232322
2016-08-10 08:15:00,34.209290898670204
2016-08-10 08:20:00,34.295995069378
2016-08-10 08:25:00,34.1994084415116
2016-08-10 08:30:00,29.9282944414962
2016-08-10 08:35:00,23.2842858774342
2016-08-10 08:40:00,18.728965103252
2016-08-10 08:45:00,16.7787575422768
2016-08-10 08:50:00,16.3497849800158
2016-08-10 08:55:00,13.846886201322201
2016-08-10 09:00:00,12.4275420021648
2016-08-10 09:05:00,10.5789862245622
2016-08-10 09:10:00,8.7335639521182
2016-08-10 09:15:00,7.572943150891961
2016-08-10 09:20:00,7.78810624095032
2016-08-10 09:25:00,9.63315404399642
2016-08-10 09:30:00,10.944673740618601
2016-08-10 09:35:00,11.418234049274599
2016-08-10 09:40:00,12.2997896152258
2016-08-10 09:45:00,11.6629000464696
2016-08-10 09:50:00,11.3868024423812
2016-08-10 09:55:00,11.476563967727
2016-08-10 10:00:00,11.3071019447112
2016-08-10 10:05:00,10.37351930730904
2016-08-10 10:10:00,7.64527904541462
2016-08-10 10:15:00,7.0085124451458
2016-08-10 10:20:00,7.3645509408859
2016-08-10 10:25:00,7.018207146244
2016-08-10 10:30:00,5.88114727953116
2016-08-10 10:35:00,5.47752658566782
2016-08-10 10:40:00,4.47476746029052
2016-08-10 10:45:00,4.251544531577
2016-08-10 10:50:00,4.54097290048758
2016-08-10 10:55:00,5.1889937208756
2016-08-10 11:00:00,4.43913363147802
2016-08-10 11:05:00,4.1104723982642595
2016-08-10 11:10:00,3.2905493386471796
2016-08-10 11:15:00,2.40877853273976
2016-08-10 11:20:00,3.12614682168284
2016-08-10 11:25:00,4.23001708625712
2016-08-10 11:30:00,5.24213808439196
2016-08-10 11:35:00,5.12281629028932
2016-08-10 11:40:00,5.33193857681116
2016-08-10 11:45:00,6.46828725608456
2016-08-10 11:50:00,7.9143764597171
2016-08-10 11:55:00,9.56859670779058
2016-08-10 12:00:00,9.45465237391674
2016-08-10 12:05:00,10.82082625317532
2016-08-10 12:10:00,11.940227414841
2016-08-10 12:15:00,12.3734039371046
2016-08-10 12:20:00,13.3323965167516
2016-08-10 12:25:00,14.171799101696001
2016-08-10 12:30:00,14.9326222388414
2016-08-10 12:35:00,14.5089493079216
2016-08-10 12:40:00,13.0503204527088
2016-08-10 12:45:00,10.567076660517
2016-08-10 12:50:00,10.44616895695842
2016-08-10 12:55:00,10.10286879203004
2016-08-10 13:00:00,9.6993527702415
2016-08-10 13:05:00,9.88100580327484
2016-08-10 13:10:00,8.72111202423922
2016-08-10 13:15:00,8.24363520395184
2016-08-10 13:20:00,7.161208591284459
2016-08-10 13:25:00,6.53256499688232
2016-08-10 13:30:00,6.336294920415019
2016-08-10 13:35:00,6.33793842526902
2016-08-10 13:40:00,6.6463281348033005
2016-08-10 13:45:00,7.311843905597399
2016-08-10 13:50:00,7.30837585243022
2016-08-10 13:55:00,8.70518647795182
2016-08-10 14:00:00,10.78361822003018
2016-08-10 14:05:00,12.272226378536
2016-08-10 14:10:00,12.2289170048168
2016-08-10 14:15:00,12.3751343082286
2016-08-10 14:20:00,11.999371455043399
2016-08-10 14:25:00,10.6691708001126
2016-08-10 14:30:00,8.02557650846296
2016-08-10 14:35:00,5.7984128113052
2016-08-10 14:40:00,5.6509701391251195
2016-08-10 14:45:00,4.62499737754578
2016-08-10 14:50:00,4.03978592433782
2016-08-10 14:55:00,4.43824251688428
2016-08-10 15:00:00,4.24320677868386
2016-08-10 15:05:00,4.2722278815842
2016-08-10 15:10:00,4.9659551547286
2016-08-10 15:15:00,4.7913499315018795
2016-08-10 15:20:00,4.88168174704884
2016-08-10 15:25:00,4.8406272404014405
2016-08-10 15:30:00,4.69306932255014
2016-08-10 15:35:00,4.02222367476418
2016-08-10 15:40:00,3.12597013406222
2016-08-10 15:45:00,3.237440601698
2016-08-10 15:50:00,2.7153421976108
2016-08-10 15:55:00,2.26102672690742
2016-08-10 16:00:00,2.27575565235366
2016-08-10 16:05:00,2.2719009611946204
2016-08-10 16:10:00,1.54562481984484
2016-08-10 16:15:00,2.05322699152476
2016-08-10 16:20:00,1.43982564965218
2016-08-10 16:25:00,1.2852872535458
2016-08-10 16:30:00,1.0999024342150938
2016-08-10 16:35:00,1.65594801744844
2016-08-10 16:40:00,1.69582532152848
2016-08-10 16:45:00,1.30239574096656
2016-08-10 16:50:00,1.43933062699936
2016-08-10 16:55:00,0.713970047532896
2016-08-10 17:00:00,0.573458266510328
2016-08-10 17:05:00,0.41822638973217996
2016-08-10 17:10:00,0.611513103756688
2016-08-10 17:15:00,0.614650339700638
2016-08-10 17:20:00,0.8728129689806939
2016-08-10 17:25:00,0.43491845899905
2016-08-10 17:30:00,0.600764514505326
2016-08-10 17:35:00,0.8204593289903279
2016-08-10 17:40:00,0.549980161032368
2016-08-10 17:45:00,0.599787035234814
2016-08-10 17:50:00,0.5890471991947199
2016-08-10 17:55:00,0.933037702055824
2016-08-10 18:00:00,1.2566648402143599
2016-08-10 18:05:00,0.792944834282974
2016-08-10 18:10:00,0.576144734533952
2016-08-10 18:15:00,1.059724193040028
2016-08-10 18:20:00,1.343883009145012
2016-08-10 18:25:00,1.72144032112034
2016-08-10 18:30:00,1.245627131961716
2016-08-10 18:35:00,1.1036810327762558
2016-08-10 18:40:00,1.200831638611894
2016-08-10 18:45:00,0.68058351599642
2016-08-10 18:50:00,0.640425753459188
2016-08-10 18:55:00,0.632507823827962
2016-08-10 19:00:00,0.42742345693883604
2016-08-10 19:05:00,0.28934791584117
2016-08-10 19:10:00,0.301795417020206
2016-08-10 19:15:00,0.44745428404489596
2016-08-10 19:20:00,0.590269234241546
2016-08-10 19:25:00,0.38611089171869
2016-08-10 19:30:00,0.662383750282402
2016-08-10 19:35:00,0.3646700667052104
2016-08-10 19:40:00,0.1719747365649866
2016-08-10 19:45:00,0.042957947954460604
2016-08-10 19:50:00,0.247447186952642
2016-08-10 19:55:00,0.501935860800978
2016-08-10 20:00:00,0.2513566210401222
2016-08-10 20:05:00,0.6295467502576241
2016-08-10 20:10:00,0.657288194030194
2016-08-10 20:15:00,0.58041885715356
2016-08-10 20:20:00,0.21552401362979162
2016-08-10 20:25:00,0.195714783598432
2016-08-10 20:30:00,0.10966023374227221
2016-08-10 20:35:00,0.38966164811516996
2016-08-10 20:40:00,0.338858645592546
2016-08-10 20:45:00,0.47041684240053006
2016-08-10 20:50:00,0.533114409586924
2016-08-10 20:55:00,0.312306606792512
2016-08-10 21:00:00,0.51873216578846
2016-08-10 21:05:00,0.328786394149948
2016-08-10 21:10:00,0.20438114270967062
2016-08-10 21:15:00,0.0787615011898166
2016-08-10 21:20:00,0.31066955655920603
2016-08-10 21:25:00,0.737359772754432
2016-08-10 21:30:00,0.707142460395458
2016-08-10 21:35:00,0.389974280058354
2016-08-10 21:40:00,0.5333997692047301
2016-08-10 21:45:00,0.18885506354327602
2016-08-10 21:50:00,0.191653902723428
2016-08-10 21:55:00,0.26427203171214797
2016-08-10 22:00:00,0.36519561837295
2016-08-10 22:05:00,0.46140324040513797
2016-08-10 22:10:00,0.34802149073231
2016-08-10 22:15:00,0.32004353430932203
2016-08-10 22:20:00,1.203084571606908
2016-08-10 22:25:00,0.5232674363620919
2016-08-10 22:30:00,0.777144265378578
2016-08-10 22:35:00,0.8951854771428079
2016-08-10 22:40:00,0.8425043397588979
2016-08-10 22:45:00,0.811503660382224
2016-08-10 22:50:00,0.6706779001665281
2016-08-10 22:55:00,0.335481938034446
2016-08-10 23:00:00,0.40487058181582397
2016-08-10 23:05:00,0.608397789768878
2016-08-10 23:10:00,1.59520153909016
2016-08-10 23:15:00,1.53663968325432
2016-08-10 23:20:00,1.286852524419804
2016-08-10 23:25:00,1.8909757492707802
2016-08-10 23:30:00,3.07394818636146
2016-08-10 23:35:00,2.7303221498698003
2016-08-10 23:40:00,1.96724507149826
2016-08-10 23:45:00,1.151705114559896
2016-08-10 23:50:00,1.12029060692114
2016-08-10 23:55:00,1.98467621757812
2016-08-11 00:00:00,1.8649338945415
2016-08-11 00:05:00,1.92581162574004
2016-08-11 00:10:00,3.10244500279688
2016-08-11 00:15:00,4.29775399167954
2016-08-11 00:20:00,2.19793349074914
2016-08-11 00:25:00,1.8291161821853201
2016-08-11 00:30:00,1.6544904510734
2016-08-11 00:35:00,2.1967931213317398
2016-08-11 00:40:00,2.12764044859412
2016-08-11 00:45:00,1.5131559674045199
2016-08-11 00:50:00,2.0877985139335
2016-08-11 00:55:00,1.9273096754394998
2016-08-11 01:00:00,1.83008910462626
2016-08-11 01:05:00,1.43950559103208
2016-08-11 01:10:00,1.17853405432218
2016-08-11 01:15:00,1.2691217162530202
2016-08-11 01:20:00,1.2414888189583402
2016-08-11 01:25:00,0.867847834482412
2016-08-11 01:30:00,1.1480615706228001
2016-08-11 01:35:00,1.3412452776533201
2016-08-11 01:40:00,1.14758434395028
2016-08-11 01:45:00,0.42727122439613596
2016-08-11 01:50:00,0.6097530087546821
2016-08-11 01:55:00,0.876862795162736
2016-08-11 02:00:00,1.66564030363846
2016-08-11 02:05:00,2.66161704356628
2016-08-11 02:10:00,4.99921844302016
2016-08-11 02:15:00,7.88076038039092
2016-08-11 02:20:00,8.66942828145778
2016-08-11 02:25:00,9.468803093878421
2016-08-11 02:30:00,12.161297317907
2016-08-11 02:35:00,12.1376398852864
2016-08-11 02:40:00,13.019293720219
2016-08-11 02:45:00,13.494432957799
2016-08-11 02:50:00,14.0127694611572
2016-08-11 02:55:00,15.1725974677388
2016-08-11 03:00:00,16.201357488259198
2016-08-11 03:05:00,19.2226960044692
2016-08-11 03:10:00,20.9878635511808
2016-08-11 03:15:00,21.3648485512802
2016-08-11 03:20:00,18.9904293419488
2016-08-11 03:25:00,18.2966469872486
2016-08-11 03:30:00,16.8048747813166
2016-08-11 03:35:00,16.976839916268
2016-08-11 03:40:00,17.586507777401
2016-08-11 03:45:00,17.832057104626603
2016-08-11 03:50:00,16.2860482568786
2016-08-11 03:55:00,15.811470290370199
2016-08-11 04:00:00,14.9716700990622
2016-08-11 04:05:00,15.6039988202346
2016-08-11 04:10:00,16.6060793572728
2016-08-11 04:15:00,19.4520246485754
2016-08-11 04:20:00,21.4411357574324
2016-08-11 04:25:00,21.2048834269536
2016-08-11 04:30:00,20.2736421356256
2016-08-11 04:35:00,20.85596315854
2016-08-11 04:40:00,21.200089603256
2016-08-11 04:45:00,19.292508740464
2016-08-11 04:50:00,18.5233676112134
2016-08-11 04:55:00,18.467979410660398
2016-08-11 05:00:00,18.840948716021
2016-08-11 05:05:00,17.580467251090198
2016-08-11 05:10:00,15.058492866049201
2016-08-11 05:15:00,13.4060266405336
2016-08-11 05:20:00,15.6750635077982
2016-08-11 05:25:00,17.108399079346
2016-08-11 05:30:00,18.651724347363803
2016-08-11 05:35:00,22.0239072103812
2016-08-11 05:40:00,25.2387849177868
2016-08-11 05:45:00,26.879415199892
2016-08-11 05:50:00,29.752507130096
2016-08-11 05:55:00,30.133262463699403
2016-08-11 06:00:00,31.308937107797
2016-08-11 06:05:00,30.320489678696
2016-08-11 06:10:00,29.743173189293998
2016-08-11 06:15:00,30.281180995772598
2016-08-11 06:20:00,29.791212026471403
2016-08-11 06:25:00,28.3090395004416
2016-08-11 06:30:00,27.415410963042802
2016-08-11 06:35:00,27.1083732511444
2016-08-11 06:40:00,27.342045941853
2016-08-11 06:45:00,26.207836568056802
2016-08-11 06:50:00,24.441079414639198
2016-08-11 06:55:00,24.5200272797406
2016-08-11 07:00:00,23.7016657597828
2016-08-11 07:05:00,21.6837319940768
2016-08-11 07:10:00,19.6915706177112
2016-08-11 07:15:00,19.2061841758972
2016-08-11 07:20:00,16.706160906225
2016-08-11 07:25:00,14.5809345003162
2016-08-11 07:30:00,13.4037222132602
2016-08-11 07:35:00,13.333734111292802
2016-08-11 07:40:00,13.886642834228201
2016-08-11 07:45:00,13.149950067266
2016-08-11 07:50:00,12.90657424888
2016-08-11 07:55:00,12.234369572832199
2016-08-11 08:00:00,12.1349455091078
2016-08-11 08:05:00,10.4700793555594
2016-08-11 08:10:00,10.129856514902519
2016-08-11 08:15:00,9.249846582144261
2016-08-11 08:20:00,8.229640910419679
2016-08-11 08:25:00,7.68493697637962
2016-08-11 08:30:00,7.894653930988101
2016-08-11 08:35:00,7.3784205827215406
2016-08-11 08:40:00,7.69155335264696
2016-08-11 08:45:00,9.07697381238428
2016-08-11 08:50:00,9.96368787153708
2016-08-11 08:55:00,10.7322517691406
2016-08-11 09:00:00,10.9974382989062
2016-08-11 09:05:00,9.67879786773592
2016-08-11 09:10:00,8.87262726227332
2016-08-11 09:15:00,8.91006606929262
2016-08-11 09:20:00,9.302290645383419
2016-08-11 09:25:00,9.1942501021034
2016-08-11 09:30:00,8.42159472049064
2016-08-11 09:35:00,7.974616156920641
2016-08-11 09:40:00,7.96551732599856
2016-08-11 09:45:00,7.939377417550981
2016-08-11 09:50:00,7.16293657669046
2016-08-11 09:55:00,6.42602154141696
2016-08-11 10:00:00,6.0200405394772405
2016-08-11 10:05:00,6.939228562444581
2016-08-11 10:10:00,8.87825509191562
2016-08-11 10:15:00,9.490682085267279
2016-08-11 10:20:00,8.102409499574
2016-08-11 10:25:00,7.613871668130019
2016-08-11 10:30:00,6.78990657818738
2016-08-11 10:35:00,6.1188314253293
2016-08-11 10:40:00,5.6482547178928
2016-08-11 10:45:00,4.32035241714966
2016-08-11 10:50:00,3.8827225017396203
2016-08-11 10:55:00,4.07912164522252
2016-08-11 11:00:00,3.45769810169084
2016-08-11 11:05:00,1.82756388910508
2016-08-11 11:10:00,1.55267848180692
2016-08-11 11:15:00,1.7690175035263997
2016-08-11 11:20:00,1.59349933252018
2016-08-11 11:25:00,1.7133705215920798
2016-08-11 11:30:00,1.6022543765991402
2016-08-11 11:35:00,1.6407447671273399
2016-08-11 11:40:00,2.13998656215712
2016-08-11 11:45:00,1.92929266394958
2016-08-11 11:50:00,1.34415575026462
2016-08-11 11:55:00,0.9689624053719459
2016-08-11 12:00:00,1.121308836160932
2016-08-11 12:05:00,1.19762955388908
2016-08-11 12:10:00,1.2093182743446
2016-08-11 12:15:00,1.35962565613296
2016-08-11 12:20:00,1.49714077158948
2016-08-11 12:25:00,1.3853347585883
2016-08-11 12:30:00,0.9978681213976259
2016-08-11 12:35:00,0.66960008996327
2016-08-11 12:40:00,0.744290724118148
2016-08-11 12:45:00,1.021361979988232
2016-08-11 12:50:00,1.22487210826924
2016-08-11 12:55:00,1.4249623180620599
2016-08-11 13:00:00,1.59932325486748
2016-08-11 13:05:00,1.68677915840242
2016-08-11 13:10:00,1.53874794808336
2016-08-11 13:15:00,1.58857704062886
2016-08-11 13:20:00,2.0678339911389196
2016-08-11 13:25:00,2.22436091477678
2016-08-11 13:30:00,2.8765139609386603
2016-08-11 13:35:00,2.7416582003725
2016-08-11 13:40:00,2.3205125587925
2016-08-11 13:45:00,2.417823906802
2016-08-11 13:50:00,2.01635206020496
2016-08-11 13:55:00,1.5217893112434
2016-08-11 14:00:00,1.3442107403432
2016-08-11 14:05:00,1.2903705237087402
2016-08-11 14:10:00,1.4767695174446
2016-08-11 14:15:00,1.26811649756664
2016-08-11 14:20:00,1.50421362252176
2016-08-11 14:25:00,1.70348040274818
2016-08-11 14:30:00,1.38168436932506
2016-08-11 14:35:00,0.8630006172361719
2016-08-11 14:40:00,0.36858245897198
2016-08-11 14:45:00,-0.011192204550554799
2016-08-11 14:50:00,-0.0476680088416282
2016-08-11 14:55:00,-0.10267200755553421
2016-08-11 15:00:00,-0.14387156013155
2016-08-11 15:05:00,-0.15182374904132198
2016-08-11 15:10:00,-0.15151430340918198
2016-08-11 15:15:00,-0.151560875870844
2016-08-11 15:20:00,-0.13134957926822
2016-08-11 15:25:00,-0.133851243319012
2016-08-11 15:30:00,-0.136156127843166
2016-08-11 15:35:00,-0.14182938496108402
2016-08-11 15:40:00,-0.17443513512983802
2016-08-11 15:45:00,-0.18603235883442998
2016-08-11 15:50:00,-0.182458683553646
2016-08-11 15:55:00,-0.184195530359782
2016-08-11 16:00:00,-0.1790990972612
2016-08-11 16:05:00,-0.17557833481073398
2016-08-11 16:10:00,-0.175999802897756
2016-08-11 16:15:00,-0.173895199582452
2016-08-11 16:20:00,-0.16087881784056798
2016-08-11 16:25:00,-0.165005765646998
2016-08-11 16:30:00,-0.162710173749374
2016-08-11 16:35:00,-0.151813544377324
2016-08-11 16:40:00,-0.137755028558466
2016-08-11 16:45:00,-0.144857936296354
2016-08-11 16:50:00,-0.16120812333766601
2016-08-11 16:55:00,-0.166726877002526
2016-08-11 17:00:00,-0.16063773127460998
2016-08-11 17:05:00,-0.157702512274136
2016-08-11 17:10:00,-0.160700164922208
2016-08-11 17:15:00,-0.154717030122392
2016-08-11 17:20:00,-0.148560049119314
2016-08-11 17:25:00,-0.155158408370626
2016-08-11 17:30:00,-0.14305485662531797
2016-08-11 17:35:00,-0.13323627719525
2016-08-11 17:40:00,-0.0561095490341882
2016-08-11 17:45:00,-0.10250257882825779
2016-08-11 17:50:00,0.006728239906567998
2016-08-11 17:55:00,0.027231651149079737
2016-08-11 18:00:00,0.08717471739667257
2016-08-11 18:05:00,0.043963194377222
2016-08-11 18:10:00,-0.0406904763465638
2016-08-11 18:15:00,-0.0334042726139858
2016-08-11 18:20:00,0.030946542472828197
2016-08-11 18:25:00,0.14443420421418302
2016-08-11 18:30:00,-0.0012903297866579595
2016-08-11 18:35:00,0.16227897436285219
2016-08-11 18:40:00,0.1701610117247834
2016-08-11 18:45:00,0.3304872713795674
2016-08-11 18:50:00,0.37944209132858797
2016-08-11 18:55:00,0.358472528120822
2016-08-11 19:00:00,1.108372858464354
2016-08-11 19:05:00,0.5032911505042319
2016-08-11 19:10:00,0.94558450139961
2016-08-11 19:15:00,1.4691410111386598
2016-08-11 19:20:00,1.49988782950698
2016-08-11 19:25:00,1.24507331506048
2016-08-11 19:30:00,1.483225346782342
2016-08-11 19:35:00,1.6736855635585801
2016-08-11 19:40:00,2.08143874387794
2016-08-11 19:45:00,1.3653730227542318
2016-08-11 19:50:00,2.62889923220092
2016-08-11 19:55:00,1.137560899292472
2016-08-11 20:00:00,1.2656180458575401
2016-08-11 20:05:00,1.200281106939568
2016-08-11 20:10:00,1.045793465495958
2016-08-11 20:15:00,2.31485606436632
2016-08-11 20:20:00,1.191013363354606
2016-08-11 20:25:00,0.9421836365249
2016-08-11 20:30:00,2.059333356847
2016-08-11 20:35:00,1.0190364354630321
2016-08-11 20:40:00,1.36330037376519
2016-08-11 20:45:00,2.04262182097024
2016-08-11 20:50:00,1.9629191373544799
2016-08-11 20:55:00,2.6389353072597403
2016-08-11 21:00:00,2.5092318956141804
2016-08-11 21:05:00,2.61148644700852
2016-08-11 21:10:00,1.096243149843826
2016-08-11 21:15:00,1.7235251451080997
2016-08-11 21:20:00,1.371237787320132
2016-08-11 21:25:00,1.1115421453366119
2016-08-11 21:30:00,1.97034225032692
2016-08-11 21:35:00,1.9459829988006199
2016-08-11 21:40:00,2.3654727556436597
2016-08-11 21:45:00,1.7512526773770598
2016-08-11 21:50:00,3.5724464623497396
2016-08-11 21:55:00,2.44090519670514
2016-08-11 22:00:00,1.78722831632506
2016-08-11 22:05:00,1.75915930185034
2016-08-11 22:10:00,2.76904759580476
2016-08-11 22:15:00,2.80754237810164
2016-08-11 22:20:00,2.5473161851716197
2016-08-11 22:25:00,1.61745574013788
2016-08-11 22:30:00,2.38302828100946
2016-08-11 22:35:00,3.9357860000366003
2016-08-11 22:40:00,3.8814510522281997
2016-08-11 22:45:00,2.1010342715192403
2016-08-11 22:50:00,2.8550765873659
2016-08-11 22:55:00,2.04402909036906
2016-08-11 23:00:00,3.7331277893066597
2016-08-11 23:05:00,3.31481910905334
2016-08-11 23:10:00,3.16108573959802
2016-08-11 23:15:00,3.4908142738522203
2016-08-11 23:20:00,4.0539408082341
2016-08-11 23:25:00,3.24522744807082
2016-08-11 23:30:00,4.01907221574942
2016-08-11 23:35:00,3.02553902693538
2016-08-11 23:40:00,3.7668576817421395
2016-08-11 23:45:00,3.1111418346357
2016-08-11 23:50:00,2.87251129782664
2016-08-11 23:55:00,3.5473163319459404
2016-08-12 00:00:00,4.04924107990894
2016-08-12 00:05:00,3.6849869467247998
2016-08-12 00:10:00,2.24604559323474
2016-08-12 00:15:00,2.92788638027878
2016-08-12 00:20:00,2.96918352981318
2016-08-12 00:25:00,2.9650244863481
2016-08-12 00:30:00,2.09593063706278
2016-08-12 00:35:00,1.9865154836495598
2016-08-12 00:40:00,2.1274491549094803
2016-08-12 00:45:00,1.2322370972441399
2016-08-12 00:50:00,1.25282761284119
2016-08-12 00:55:00,1.6116012647512001
2016-08-12 01:00:00,2.14154138649992
2016-08-12 01:05:00,3.5329253358468997
2016-08-12 01:10:00,1.58841755242294
2016-08-12 01:15:00,0.8261636629297179
2016-08-12 01:20:00,1.0523685534454938
2016-08-12 01:25:00,1.106651450878558
2016-08-12 01:30:00,1.646498953903894
2016-08-12 01:35:00,1.255221635090198
2016-08-12 01:40:00,1.8015995906407802
2016-08-12 01:45:00,2.0493783794096
2016-08-12 01:50:00,2.55381262761498
2016-08-12 01:55:00,3.02163967749496
2016-08-12 02:00:00,3.5499839202922194
2016-08-12 02:05:00,4.292546207257
2016-08-12 02:10:00,4.7479456608538
2016-08-12 02:15:00,4.93538721413196
2016-08-12 02:20:00,4.92325926448384
2016-08-12 02:25:00,5.5919223172288
2016-08-12 02:30:00,6.18293267540256
2016-08-12 02:35:00,5.35249766592554
2016-08-12 02:40:00,4.57118588559728
2016-08-12 02:45:00,4.76448075988138
2016-08-12 02:50:00,5.65774107062564
2016-08-12 02:55:00,5.6499098384717
2016-08-12 03:00:00,4.7724300748370805
2016-08-12 03:05:00,3.7154505720493605
2016-08-12 03:10:00,2.8137327080995798
2016-08-12 03:15:00,2.04691226492544
2016-08-12 03:20:00,1.6360016651706601
2016-08-12 03:25:00,0.96731573533784
2016-08-12 03:30:00,0.708093319759124
2016-08-12 03:35:00,0.8713345936169059
2016-08-12 03:40:00,1.2469354577826401
2016-08-12 03:45:00,1.47459301911782
2016-08-12 03:50:00,1.8516568827306799
2016-08-12 03:55:00,1.92606687904494
2016-08-12 04:00:00,2.20841190785602
2016-08-12 04:05:00,1.62747392704252
2016-08-12 04:10:00,1.079970858873342
2016-08-12 04:15:00,1.34315980079228
2016-08-12 04:20:00,1.40100589151812
2016-08-12 04:25:00,1.53457037887052
2016-08-12 04:30:00,1.189017587470944
2016-08-12 04:35:00,0.78370611398603
2016-08-12 04:40:00,0.73834623045604
2016-08-12 04:45:00,0.71308869857115
2016-08-12 04:50:00,0.858199614908702
2016-08-12 04:55:00,0.821887601925884
2016-08-12 05:00:00,0.646950784925578
2016-08-12 05:05:00,0.634707499801892
2016-08-12 05:10:00,0.601495245564388
2016-08-12 05:15:00,0.613819673392002
2016-08-12 05:20:00,0.595984125346974
2016-08-12 05:25:00,0.447095712672496
2016-08-12 05:30:00,0.629749547995084
2016-08-12 05:35:00,0.793551768577774
2016-08-12 05:40:00,0.9083492759069941
2016-08-12 05:45:00,1.035168000092688
2016-08-12 05:50:00,0.9886409825079999
2016-08-12 05:55:00,0.9989847921172739
2016-08-12 06:00:00,1.34837480711808
2016-08-12 06:05:00,1.9601362959251598
2016-08-12 06:10:00,3.4313647605032003
2016-08-12 06:15:00,4.50455215336672
2016-08-12 06:20:00,4.7566194722109
2016-08-12 06:25:00,5.51281530805858
2016-08-12 06:30:00,5.80530734477424
2016-08-12 06:35:00,6.21978733283734
2016-08-12 06:40:00,5.39469118659636
2016-08-12 06:45:00,4.50936515416356
2016-08-12 06:50:00,3.66846274068714
2016-08-12 06:55:00,2.32865156511788
2016-08-12 07:00:00,1.2574596700346319
2016-08-12 07:05:00,0.647670316240856
2016-08-12 07:10:00,0.49718469867540005
2016-08-12 07:15:00,0.42543554120913
2016-08-12 07:20:00,0.226543309822938
2016-08-12 07:25:00,0.1447275737574502
2016-08-12 07:30:00,0.25074864934645
2016-08-12 07:35:00,0.37703076326709806
2016-08-12 07:40:00,0.388487203765608
2016-08-12 07:45:00,0.33311076100266
2016-08-12 07:50:00,0.23188413223352203
2016-08-12 07:55:00,0.253729029934532
2016-08-12 08:00:00,0.250489853358024
2016-08-12 08:05:00,0.174270543300374
2016-08-12 08:10:00,0.0956528864557582
2016-08-12 08:15:00,0.0406804842910336
2016-08-12 08:20:00,-0.0311086337860078
2016-08-12 08:25:00,-0.07475483429272481
2016-08-12 08:30:00,-0.10270607832029119
2016-08-12 08:35:00,-0.0687822518695676
2016-08-12 08:40:00,-0.09065302487746439
2016-08-12 08:45:00,-0.10173516647666019
2016-08-12 08:50:00,-0.126501069816166
2016-08-12 08:55:00,-0.142406113900554
2016-08-12 09:00:00,-0.155506700595572
2016-08-12 09:05:00,-0.130532534470984
2016-08-12 09:10:00,-0.095749066713326
2016-08-12 09:15:00,-0.0772738412416308
2016-08-12 09:20:00,-0.0614208806994692
2016-08-12 09:25:00,-0.0861989340877684
2016-08-12 09:30:00,-0.09421463800807081
2016-08-12 09:35:00,-0.0781884807956982
2016-08-12 09:40:00,-0.08755854593719839
2016-08-12 09:45:00,-0.134574555755274
2016-08-12 09:50:00,-0.16229343885088202
2016-08-12 09:55:00,-0.181273913709762
2016-08-12 10:00:00,-0.181528712262156
2016-08-12 10:05:00,-0.18052941480586598
2016-08-12 10:10:00,-0.16859915620327398
2016-08-12 10:15:00,-0.13392169851743402
2016-08-12 10:20:00,-0.0961260776450518
2016-08-12 10:25:00,-0.1029732000670274
2016-08-12 10:30:00,-0.1048168060303726
2016-08-12 10:35:00,-0.1009171060554748
2016-08-12 10:40:00,-0.093288070258003
2016-08-12 10:45:00,-0.111951328798174
2016-08-12 10:50:00,-0.13373798894422
2016-08-12 10:55:00,-0.149161315747982
2016-08-12 11:00:00,-0.13932830806587798
2016-08-12 11:05:00,-0.12719952205770801
2016-08-12 11:10:00,-0.149098309805144
2016-08-12 11:15:00,-0.16722553350789
2016-08-12 11:20:00,-0.1826205173366
2016-08-12 11:25:00,-0.185257650157614
2016-08-12 11:30:00,-0.184998077774536
2016-08-12 11:35:00,-0.184738505391456
2016-08-12 11:40:00,-0.18447893300837598
2016-08-12 11:45:00,-0.184219360625296
2016-08-12 11:50:00,-0.183959788242218
2016-08-12 11:55:00,-0.183700215859138
2016-08-12 12:00:00,-0.18344064347605799
2016-08-12 12:05:00,-0.18318107109297802
2016-08-12 12:10:00,-0.182921498709898
2016-08-12 12:15:00,-0.18266192632681802
2016-08-12 12:20:00,-0.18254082085389
2016-08-12 12:25:00,-0.182217314977314
2016-08-12 12:30:00,-0.18161673925201
2016-08-12 12:35:00,-0.18101616352671
2016-08-12 12:40:00,-0.180415587801402
2016-08-12 12:45:00,-0.1798150120761
2016-08-12 12:50:00,-0.1792144363508
2016-08-12 12:55:00,-0.17861386062549
2016-08-12 13:00:00,-0.17801328490019
2016-08-12 13:05:00,-0.177412709174888
2016-08-12 13:10:00,-0.17681213344958
2016-08-12 13:15:00,-0.17621155772428
2016-08-12 13:20:00,-0.175665683857342
2016-08-12 13:25:00,-0.17553683008378002
2016-08-12 13:30:00,-0.17549469766828002
2016-08-12 13:35:00,-0.17545256525278
2016-08-12 13:40:00,-0.17541043283728
2016-08-12 13:45:00,-0.175368300421788
2016-08-12 13:50:00,-0.17532616800629
2016-08-12 13:55:00,-0.17528403559079
2016-08-12 14:00:00,-0.17524190317529
2016-08-12 14:05:00,-0.17519977075979
2016-08-12 14:10:00,-0.17515763834429002
2016-08-12 14:15:00,-0.175115505928794
2016-08-12 14:20:00,-0.175076410170264
2016-08-12 14:25:00,-0.17497454174568
2016-08-12 14:30:00,-0.17484350247123998
2016-08-12 14:35:00,-0.174712463196798
2016-08-12 14:40:00,-0.17458142392235398
2016-08-12 14:45:00,-0.17445038464791202
2016-08-12 14:50:00,-0.17431934537347
2016-08-12 14:55:00,-0.17418830609903
2016-08-12 15:00:00,-0.174057266824586
2016-08-12 15:05:00,-0.173926227550144
2016-08-12 15:10:00,-0.173795188275702
2016-08-12 15:15:00,-0.17366414900125998
2016-08-12 15:20:00,-0.17358203365527
2016-08-12 15:25:00,-0.17389993900061002
2016-08-12 15:30:00,-0.17430610033292598
2016-08-12 15:35:00,-0.174712261665246
2016-08-12 15:40:00,-0.175118422997564
2016-08-12 15:45:00,-0.17552458432988
2016-08-12 15:50:00,-0.175847818030268
2016-08-12 15:55:00,-0.175966290566632
2016-08-12 16:00:00,-0.176075254193952
2016-08-12 16:05:00,-0.176184217821272
2016-08-12 16:10:00,-0.176293765645024
2016-08-12 16:15:00,-0.17999439739207798
2016-08-12 16:20:00,-0.164434722535314
2016-08-12 16:25:00,-0.14536179806265198
2016-08-12 16:30:00,-0.0953902107845756
2016-08-12 16:35:00,-0.04548017259029708
2016-08-12 16:40:00,-0.038897548234736255
2016-08-12 16:45:00,-0.05342960374838799
2016-08-12 16:50:00,-0.089871489391931
2016-08-12 16:55:00,-0.05378437526605499
2016-08-12 17:00:00,0.05473087581039752
2016-08-12 17:05:00,0.009451691742357998
2016-08-12 17:10:00,-0.030260937996342004
2016-08-12 17:15:00,-0.006980212543033761
2016-08-12 17:20:00,0.1000326158986532
2016-08-12 17:25:00,0.1248189200833548
2016-08-12 17:30:00,0.196932213098952
2016-08-12 17:35:00,0.596156830530926
2016-08-12 17:40:00,1.00185530882597
2016-08-12 17:45:00,1.309905677976734
2016-08-12 17:50:00,1.8823783730710002
2016-08-12 17:55:00,1.52240781658836
2016-08-12 18:00:00,2.2195168303095003
2016-08-12 18:05:00,2.5524688380460803
2016-08-12 18:10:00,3.6845852714071996
2016-08-12 18:15:00,3.73787118519056
2016-08-12 18:20:00,4.58206439470092
2016-08-12 18:25:00,4.566314297179661
2016-08-12 18:30:00,4.82605680985544
2016-08-12 18:35:00,4.48441567597164
2016-08-12 18:40:00,4.56958232261386
2016-08-12 18:45:00,5.24038400981792
2016-08-12 18:50:00,6.04532227631724
2016-08-12 18:55:00,5.4537867489876
2016-08-12 19:00:00,5.0520699711843005
2016-08-12 19:05:00,4.804122378968261
2016-08-12 19:10:00,5.838764270833041
2016-08-12 19:15:00,5.1933303446456005
2016-08-12 19:20:00,5.54069422887156
2016-08-12 19:25:00,4.98890016460142
2016-08-12 19:30:00,4.19539889167808
2016-08-12 19:35:00,3.4539502544915
2016-08-12 19:40:00,5.7388160535381605
2016-08-12 19:45:00,4.43973655767514
2016-08-12 19:50:00,5.612475846193741
2016-08-12 19:55:00,5.8245806539599005
2016-08-12 20:00:00,7.21833739964668
2016-08-12 20:05:00,8.1656474157516
2016-08-12 20:10:00,7.3623578337692
2016-08-12 20:15:00,7.31867914552808
2016-08-12 20:20:00,6.9918069654112
2016-08-12 20:25:00,6.20057450123434
2016-08-12 20:30:00,4.3819235520418
2016-08-12 20:35:00,5.17139763685604
2016-08-12 20:40:00,5.48130594167798
2016-08-12 20:45:00,6.54501122969396
2016-08-12 20:50:00,6.05417182197358
2016-08-12 20:55:00,5.74375988388204
2016-08-12 21:00:00,6.5753281891153605
2016-08-12 21:05:00,6.9934556657421
2016-08-12 21:10:00,5.52596243329196
2016-08-12 21:15:00,7.551689892955579
2016-08-12 21:20:00,7.17114991139578
2016-08-12 21:25:00,5.4878561853478605
2016-08-12 21:30:00,4.30279553849338
2016-08-12 21:35:00,3.1881743492328196
2016-08-12 21:40:00,3.2626525375498403
2016-08-12 21:45:00,3.1282310111036997
2016-08-12 21:50:00,5.87635489434614
2016-08-12 21:55:00,6.4862082643761
2016-08-12 22:00:00,5.22314208445192
2016-08-12 22:05:00,3.18901869275276
2016-08-12 22:10:00,3.8695030921492397
2016-08-12 22:15:00,4.32570128649506
2016-08-12 22:20:00,4.09721513461536
2016-08-12 22:25:00,5.322754669594479
2016-08-12 22:30:00,4.15383827305424
2016-08-12 22:35:00,2.28226732954526
2016-08-12 22:40:00,1.70381001572032
2016-08-12 22:45:00,1.7688646930567198
2016-08-12 22:50:00,2.1455678137389596
2016-08-12 22:55:00,4.16025067060954
2016-08-12 23:00:00,2.9802508832130803
2016-08-12 23:05:00,2.86344427376442
2016-08-12 23:10:00,2.2148027335335803
2016-08-12 23:15:00,1.55173452635178
2016-08-12 23:20:00,1.39756095628632
2016-08-12 23:25:00,3.90893055318276
2016-08-12 23:30:00,8.436320497156819
2016-08-12 23:35:00,8.423489570691359
2016-08-12 23:40:00,4.68294451114028
2016-08-12 23:45:00,3.6716975296157
2016-08-12 23:50:00,1.5082719604261619
2016-08-12 23:55:00,0.985941488625348
2016-08-13 00:00:00,0.862129988387718
2016-08-13 00:05:00,0.58191440090932
2016-08-13 00:10:00,0.390780727291094
2016-08-13 00:15:00,0.462478435416488
2016-08-13 00:20:00,0.38273611596063
2016-08-13 00:25:00,0.325284453330786
2016-08-13 00:30:00,0.1842916904222386
2016-08-13 00:35:00,0.059865827301360794
2016-08-13 00:40:00,0.1318759232629308
2016-08-13 00:45:00,0.5988542212986839
2016-08-13 00:50:00,0.826736006802658
2016-08-13 00:55:00,1.4104777709935
2016-08-13 01:00:00,1.78613603876016
2016-08-13 01:05:00,2.1457867366399
2016-08-13 01:10:00,2.9109558012593597
2016-08-13 01:15:00,2.2667357057024
2016-08-13 01:20:00,3.2603925833568197
2016-08-13 01:25:00,3.98000263266094
2016-08-13 01:30:00,4.024223203294239
2016-08-13 01:35:00,4.38467097491366
2016-08-13 01:40:00,5.06332389196592
2016-08-13 01:45:00,8.582926327843818
2016-08-13 01:50:00,9.76507512898996
2016-08-13 01:55:00,10.216968344664
2016-08-13 02:00:00,10.19113945963474
2016-08-13 02:05:00,10.92640324408896
2016-08-13 02:10:00,11.700776896187
2016-08-13 02:15:00,11.508604989330399
2016-08-13 02:20:00,10.9711989864296
2016-08-13 02:25:00,10.825547245276018
2016-08-13 02:30:00,9.37809469313754
2016-08-13 02:35:00,10.17000829355104
2016-08-13 02:40:00,10.127025926795401
2016-08-13 02:45:00,9.300470164246281
2016-08-13 02:50:00,8.6282637549066
2016-08-13 02:55:00,9.080651829525141
2016-08-13 03:00:00,8.4883243238781
2016-08-13 03:05:00,9.05341616799436
2016-08-13 03:10:00,8.5384779482303
2016-08-13 03:15:00,8.20544208341672
2016-08-13 03:20:00,9.20144583110796
2016-08-13 03:25:00,7.589202035757199
2016-08-13 03:30:00,5.50144168704878
2016-08-13 03:35:00,5.13155580979046
2016-08-13 03:40:00,4.86932727006528
2016-08-13 03:45:00,4.76144463603386
2016-08-13 03:50:00,4.83016580435504
2016-08-13 03:55:00,3.52367457527372
2016-08-13 04:00:00,1.7341653603006002
2016-08-13 04:05:00,1.24768297484468
2016-08-13 04:10:00,0.9913640429626079
2016-08-13 04:15:00,1.003624797121636
2016-08-13 04:20:00,1.0504124631335618
2016-08-13 04:25:00,1.050238803185092
2016-08-13 04:30:00,1.1220365952216
2016-08-13 04:35:00,1.30654358535962
2016-08-13 04:40:00,1.47526068935484
2016-08-13 04:45:00,1.18128046134288
2016-08-13 04:50:00,0.986607828863114
2016-08-13 04:55:00,1.1123722089114458
2016-08-13 05:00:00,1.59198631385048
2016-08-13 05:05:00,1.306095694484394
2016-08-13 05:10:00,0.9239255982305419
2016-08-13 05:15:00,0.941419397931414
2016-08-13 05:20:00,1.01973159731365
2016-08-13 05:25:00,0.8240995629705001
2016-08-13 05:30:00,0.942578682503534
2016-08-13 05:35:00,0.78025765870662
2016-08-13 05:40:00,0.622378996308452
2016-08-13 05:45:00,0.683441421481368
2016-08-13 05:50:00,0.546351668971852
2016-08-13 05:55:00,0.5870300281617601
2016-08-13 06:00:00,0.63341695143522
2016-08-13 06:05:00,0.695357365454196
2016-08-13 06:10:00,0.45278226944975
2016-08-13 06:15:00,0.284640634185854
2016-08-13 06:20:00,0.203846499252372
2016-08-13 06:25:00,0.1248019606208268
2016-08-13 06:30:00,0.0916035728832006
2016-08-13 06:35:00,0.0027789347248157203
2016-08-13 06:40:00,-0.014866872858068758
2016-08-13 06:45:00,-0.0807336911023866
2016-08-13 06:50:00,-0.156776510447532
2016-08-13 06:55:00,-0.185215273554438
2016-08-13 07:00:00,-0.18726142023216
2016-08-13 07:05:00,-0.18700316087608
2016-08-13 07:10:00,-0.186744901519998
2016-08-13 07:15:00,-0.186486642163916
2016-08-13 07:20:00,-0.186228382807836
2016-08-13 07:25:00,-0.185970123451754
2016-08-13 07:30:00,-0.185058633589928
2016-08-13 07:35:00,-0.18245862558505602
2016-08-13 07:40:00,-0.179772431197344
2016-08-13 07:45:00,-0.165687338076806
2016-08-13 07:50:00,-0.155987656316786
2016-08-13 07:55:00,-0.1231998648786982
2016-08-13 08:00:00,-0.07265511614126821
2016-08-13 08:05:00,-0.0719745398945276
2016-08-13 08:10:00,-0.11177557088554299
2016-08-13 08:15:00,-0.17049527452201202
2016-08-13 08:20:00,-0.17813043290685998
2016-08-13 08:25:00,-0.183596450656306
2016-08-13 08:30:00,-0.189011295831722
2016-08-13 08:35:00,-0.18907606902357602
2016-08-13 08:40:00,-0.18555532589013
2016-08-13 08:45:00,-0.18203458275669
2016-08-13 08:50:00,-0.17966597663018
2016-08-13 08:55:00,-0.17871352360755202
2016-08-13 09:00:00,-0.17776474726421201
2016-08-13 09:05:00,-0.176815970920872
2016-08-13 09:10:00,-0.175867194577534
2016-08-13 09:15:00,-0.17491841823419402
2016-08-13 09:20:00,-0.173969641890854
2016-08-13 09:25:00,-0.173020865547516
2016-08-13 09:30:00,-0.172072089204176
2016-08-13 09:35:00,-0.17112331286083599
2016-08-13 09:40:00,-0.17531596753571202
2016-08-13 09:45:00,-0.17428289919373602
2016-08-13 09:50:00,-0.172770769612684
2016-08-13 09:55:00,-0.169173651779098
2016-08-13 10:00:00,-0.16560181950077
2016-08-13 10:05:00,-0.158823826641984
2016-08-13 10:10:00,-0.162950267013744
2016-08-13 10:15:00,-0.15708458732581
2016-08-13 10:20:00,-0.127627867070386
2016-08-13 10:25:00,-0.14141741251551201
2016-08-13 10:30:00,-0.1276156467939
2016-08-13 10:35:00,-0.0809901555939114
2016-08-13 10:40:00,-0.0196738667132254
2016-08-13 10:45:00,0.1151075676653696
2016-08-13 10:50:00,0.365557421693536
2016-08-13 10:55:00,0.557720712521532
2016-08-13 11:00:00,1.069072165039766
2016-08-13 11:05:00,1.72791458303814
2016-08-13 11:10:00,2.0798231449120204
2016-08-13 11:15:00,1.8701195798701398
2016-08-13 11:20:00,1.5276727579682798
2016-08-13 11:25:00,1.53951948438544
2016-08-13 11:30:00,2.0766001006540598
2016-08-13 11:35:00,2.57874749131204
2016-08-13 11:40:00,2.8572876744007
2016-08-13 11:45:00,2.52882823352472
2016-08-13 11:50:00,2.10052387041132
2016-08-13 11:55:00,1.68937654883546
2016-08-13 12:00:00,1.66143485474868
2016-08-13 12:05:00,1.41518837951182
2016-08-13 12:10:00,0.864404411408706
2016-08-13 12:15:00,0.535797783326718
2016-08-13 12:20:00,0.217433790823726
2016-08-13 12:25:00,-0.0211139268296552
2016-08-13 12:30:00,-0.138050826184516
2016-08-13 12:35:00,-0.175866881922976
2016-08-13 12:40:00,-0.171450139896164
2016-08-13 12:45:00,-0.15093507979147
2016-08-13 12:50:00,-0.138694891032062
2016-08-13 12:55:00,-0.130410005539872
2016-08-13 13:00:00,-0.0716391347386296
2016-08-13 13:05:00,0.04324610862482446
2016-08-13 13:10:00,0.10716195334754901
2016-08-13 13:15:00,0.036523803465962
2016-08-13 13:20:00,0.026088151693961982
2016-08-13 13:25:00,0.0607553660315724
2016-08-13 13:30:00,0.0404780134143354
2016-08-13 13:35:00,-0.0449777826250714
2016-08-13 13:40:00,-0.093340304006261
2016-08-13 13:45:00,-0.142001273024226
2016-08-13 13:50:00,-0.130619761548598
2016-08-13 13:55:00,-0.102967935601597
2016-08-13 14:00:00,-0.13369515461352402
2016-08-13 14:05:00,-0.120940436771146
2016-08-13 14:10:00,-0.128237356179344
2016-08-13 14:15:00,-0.128049266215224
2016-08-13 14:20:00,-0.136624612115814
2016-08-13 14:25:00,-0.146426318095536
2016-08-13 14:30:00,-0.119393392663166
2016-08-13 14:35:00,-0.0692326058620838
2016-08-13 14:40:00,-0.0127514295028926
2016-08-13 14:45:00,-0.00444073363276074
2016-08-13 14:50:00,-0.0103067152360708
2016-08-13 14:55:00,-0.021816275519573058
2016-08-13 15:00:00,-0.0685706526379662
2016-08-13 15:05:00,-0.09259732565476539
2016-08-13 15:10:00,-0.12283306478098402
2016-08-13 15:15:00,-0.15647181842965402
2016-08-13 15:20:00,-0.176959376822502
2016-08-13 15:25:00,-0.183883891102648
2016-08-13 15:30:00,-0.181477821300156
2016-08-13 15:35:00,-0.17760501784645
2016-08-13 15:40:00,-0.169162742567956
2016-08-13 15:45:00,-0.176688637515414
2016-08-13 15:50:00,-0.17646809291118198
2016-08-13 15:55:00,-0.167780632288438
2016-08-13 16:00:00,-0.17992135375637
2016-08-13 16:05:00,-0.178529845368314
2016-08-13 16:10:00,-0.18245558185308
2016-08-13 16:15:00,-0.176564487882988
2016-08-13 16:20:00,-0.180461213474946
2016-08-13 16:25:00,-0.176157109190362
2016-08-13 16:30:00,-0.181180046857026
2016-08-13 16:35:00,-0.187069744066452
2016-08-13 16:40:00,-0.18168387724354002
2016-08-13 16:45:00,-0.1795995945007
2016-08-13 16:50:00,-0.174387631172054
2016-08-13 16:55:00,-0.170735393557726
2016-08-13 17:00:00,-0.170121017337256
2016-08-13 17:05:00,-0.149301671050894
2016-08-13 17:10:00,-0.14464414045597201
2016-08-13 17:15:00,-0.101639347933647
2016-08-13 17:20:00,-0.127220014701802
2016-08-13 17:25:00,-0.1198908175864192
2016-08-13 17:30:00,-0.143829740500446
2016-08-13 17:35:00,-0.15918676388146
2016-08-13 17:40:00,-0.15395034352577
2016-08-13 17:45:00,-0.152479719267644
2016-08-13 17:50:00,-0.0979478692463626
2016-08-13 17:55:00,-0.127829865833452
2016-08-13 18:00:00,-0.143916190434486
2016-08-13 18:05:00,-0.139327118992362
2016-08-13 18:10:00,-0.148150065308886
2016-08-13 18:15:00,-0.084308731222057
2016-08-13 18:20:00,-0.09496350916082
2016-08-13 18:25:00,-0.1246371837113742
2016-08-13 18:30:00,-0.076407593354208
2016-08-13 18:35:00,-0.0902443916966546
2016-08-13 18:40:00,-0.09270942677009966
2016-08-13 18:45:00,-0.06715748786521761
2016-08-13 18:50:00,-0.0495073125362564
2016-08-13 18:55:00,0.025059650923994398
2016-08-13 19:00:00,0.14381534530944742
2016-08-13 19:05:00,-0.07373065636798701
2016-08-13 19:10:00,-0.0800432477787036
2016-08-13 19:15:00,-0.0850349771781652
2016-08-13 19:20:00,-0.014244649443732682
2016-08-13 19:25:00,-0.049779952877267
2016-08-13 19:30:00,-0.0509796830395892
2016-08-13 19:35:00,0.290243856554848
2016-08-13 19:40:00,0.076912475221408
2016-08-13 19:45:00,0.24778447905461398
2016-08-13 19:50:00,0.038604318229557996
2016-08-13 19:55:00,0.0863582580388074
2016-08-13 20:00:00,0.411780199815232
2016-08-13 20:05:00,0.189340701208552
2016-08-13 20:10:00,0.23962751480417177
2016-08-13 20:15:00,-0.0026897265431008012
2016-08-13 20:20:00,0.1676293505504582
2016-08-13 20:25:00,0.38168077433452
2016-08-13 20:30:00,0.31381575437255826
2016-08-13 20:35:00,0.4437306380869
2016-08-13 20:40:00,0.15877942655291602
2016-08-13 20:45:00,0.178475685213023
2016-08-13 20:50:00,0.366974275666768
2016-08-13 20:55:00,0.5281126593516821
2016-08-13 21:00:00,0.627166970880978
2016-08-13 21:05:00,0.23828608005735621
2016-08-13 21:10:00,0.114795770054543
2016-08-13 21:15:00,0.22743633916538597
2016-08-13 21:20:00,0.2579345561346882
2016-08-13 21:25:00,0.018101156313165803
2016-08-13 21:30:00,0.003942551993648441
2016-08-13 21:35:00,0.14237272037887821
2016-08-13 21:40:00,0.21330106328700998
2016-08-13 21:45:00,0.08239222629158663
2016-08-13 21:50:00,0.09753597771899129
2016-08-13 21:55:00,0.061178491422849965
2016-08-13 22:00:00,0.13746908589907195
2016-08-13 22:05:00,0.171552624970275
2016-08-13 22:10:00,0.1220223405627888
2016-08-13 22:15:00,0.17195073577286402
2016-08-13 22:20:00,0.35834432827718
2016-08-13 22:25:00,0.7030453789019859
2016-08-13 22:30:00,0.683840899289378
2016-08-13 22:35:00,1.122948434664144
2016-08-13 22:40:00,0.653010359296242
2016-08-13 22:45:00,0.455584150708326
2016-08-13 22:50:00,0.600003816863186
2016-08-13 22:55:00,0.29064131418307404
2016-08-13 23:00:00,0.30803989552965183
2016-08-13 23:05:00,1.390919889690774
2016-08-13 23:10:00,2.32856224009122
2016-08-13 23:15:00,3.67074536948706
2016-08-13 23:20:00,4.75814901883782
2016-08-13 23:25:00,5.76778691497166
2016-08-13 23:30:00,6.17730691744516
2016-08-13 23:35:00,6.56840586825638
2016-08-13 23:40:00,10.68237526804466
2016-08-13 23:45:00,9.42225247040568
2016-08-13 23:50:00,10.90081440245276
2016-08-13 23:55:00,8.80648865968234
2016-08-14 00:00:00,10.13337123656358
2016-08-14 00:05:00,8.59156979925442
2016-08-14 00:10:00,9.54868856569646
2016-08-14 00:15:00,11.1852685554798
2016-08-14 00:20:00,15.9323557839918
2016-08-14 00:25:00,21.736284033800597
2016-08-14 00:30:00,22.529265637909198
2016-08-14 00:35:00,23.8443137342934
2016-08-14 00:40:00,27.024190484341197
2016-08-14 00:45:00,30.866243060325804
2016-08-14 00:50:00,32.1078139563784
2016-08-14 00:55:00,36.1152342583206
2016-08-14 01:00:00,41.1670695724872
2016-08-14 01:05:00,45.0794672624578
2016-08-14 01:10:00,49.3907729779378
2016-08-14 01:15:00,53.972669107414006
2016-08-14 01:20:00,59.2172871042686
2016-08-14 01:25:00,63.112962400556
2016-08-14 01:30:00,64.49137891897621
2016-08-14 01:35:00,65.5534597196162
2016-08-14 01:40:00,60.002451645307
2016-08-14 01:45:00,60.60163901328821
2016-08-14 01:50:00,61.9763352540872
2016-08-14 01:55:00,63.020952644764805
2016-08-14 02:00:00,62.741719818814204
2016-08-14 02:05:00,62.168007741752795
2016-08-14 02:10:00,61.359866405327
2016-08-14 02:15:00,61.185971424260195
2016-08-14 02:20:00,63.076292568372196
2016-08-14 02:25:00,63.538869317709995
2016-08-14 02:30:00,64.3927761203378
2016-08-14 02:35:00,64.3658336474184
2016-08-14 02:40:00,63.279156108228996
2016-08-14 02:45:00,60.529578588811795
2016-08-14 02:50:00,57.757694434845995
2016-08-14 02:55:00,55.525954418133594
2016-08-14 03:00:00,55.941356393046206
2016-08-14 03:05:00,57.0597665695214
2016-08-14 03:10:00,58.714696119211204
2016-08-14 03:15:00,60.087049241977
2016-08-14 03:20:00,56.8372372662988
2016-08-14 03:25:00,54.6370985057702
2016-08-14 03:30:00,52.54778207361441
2016-08-14 03:35:00,54.222595027643194
2016-08-14 03:40:00,51.647297108005
2016-08-14 03:45:00,47.6745525236616
2016-08-14 03:50:00,42.8384054034016
2016-08-14 03:55:00,39.53063608975221
2016-08-14 04:00:00,37.8601242040064
2016-08-14 04:05:00,37.467331029426205
2016-08-14 04:10:00,37.1454064586052
2016-08-14 04:15:00,36.9868249522374
2016-08-14 04:20:00,38.5658457615556
2016-08-14 04:25:00,38.481278033925
2016-08-14 04:30:00,39.376426234765596
2016-08-14 04:35:00,40.183114912205994
2016-08-14 04:40:00,42.3995630308532
2016-08-14 04:45:00,44.8825637124592
2016-08-14 04:50:00,46.609641482929604
2016-08-14 04:55:00,46.038777449836
2016-08-14 05:00:00,43.6419489127466
2016-08-14 05:05:00,43.145790355337
2016-08-14 05:10:00,42.848843886039006
2016-08-14 05:15:00,44.475918832224394
2016-08-14 05:20:00,45.8594703209682
2016-08-14 05:25:00,44.4747206082196
2016-08-14 05:30:00,42.3482873519882
2016-08-14 05:35:00,36.8468982055976
2016-08-14 05:40:00,32.481377242871
2016-08-14 05:45:00,27.233216576311598
2016-08-14 05:50:00,23.3481162169386
2016-08-14 05:55:00,22.5448587329766
2016-08-14 06:00:00,23.103599230485198
2016-08-14 06:05:00,25.4734831240462
2016-08-14 06:10:00,24.3981665421202
2016-08-14 06:15:00,18.8869505353074
2016-08-14 06:20:00,19.0867157972474
2016-08-14 06:25:00,18.740517257397
2016-08-14 06:30:00,19.0752981568656
2016-08-14 06:35:00,20.3126374737818
2016-08-14 06:40:00,20.0074247101542
2016-08-14 06:45:00,20.6849564715374
2016-08-14 06:50:00,23.3899637582122
2016-08-14 06:55:00,26.691760332393
2016-08-14 07:00:00,26.542808422082196
2016-08-14 07:05:00,23.676858676709
2016-08-14 07:10:00,25.3397532584614
2016-08-14 07:15:00,25.160208736271603
2016-08-14 07:20:00,27.1909939656422
2016-08-14 07:25:00,28.5164369370708
2016-08-14 07:30:00,32.1980815771836
2016-08-14 07:35:00,33.5412760406258
2016-08-14 07:40:00,33.0985307076026
2016-08-14 07:45:00,30.8092659557746
2016-08-14 07:50:00,28.6074466990244
2016-08-14 07:55:00,26.811345436416
2016-08-14 08:00:00,23.311970992597
2016-08-14 08:05:00,21.5223795685808
2016-08-14 08:10:00,19.8007187908902
2016-08-14 08:15:00,18.041327975806002
2016-08-14 08:20:00,17.5833978919786
2016-08-14 08:25:00,17.750116337555
2016-08-14 08:30:00,17.432530973464
2016-08-14 08:35:00,17.3448950717104
2016-08-14 08:40:00,18.8962174411168
2016-08-14 08:45:00,19.0440586862436
2016-08-14 08:50:00,21.514701234014
2016-08-14 08:55:00,24.596263758656
2016-08-14 09:00:00,27.295246478702
2016-08-14 09:05:00,28.805306911650803
2016-08-14 09:10:00,28.3763505831562
2016-08-14 09:15:00,28.319620016605
2016-08-14 09:20:00,29.406636605416402
2016-08-14 09:25:00,29.326586694201
2016-08-14 09:30:00,28.121813080275803
2016-08-14 09:35:00,27.205176166368
2016-08-14 09:40:00,25.651548238178
2016-08-14 09:45:00,24.5558048326478
2016-08-14 09:50:00,25.6636372761216
2016-08-14 09:55:00,27.792272771910596
2016-08-14 10:00:00,28.8847034600092
2016-08-14 10:05:00,28.983760507248
2016-08-14 10:10:00,28.0266568243064
2016-08-14 10:15:00,29.3233309120172
2016-08-14 10:20:00,29.0683863018454
2016-08-14 10:25:00,28.971107869955596
2016-08-14 10:30:00,28.718617444855198
2016-08-14 10:35:00,29.055524281672398
2016-08-14 10:40:00,32.097869827169596
2016-08-14 10:45:00,35.058683793218
2016-08-14 10:50:00,34.6289267948274
2016-08-14 10:55:00,34.6536060851478
2016-08-14 11:00:00,35.4954804659506
2016-08-14 11:05:00,35.4964311035272
2016-08-14 11:10:00,34.0877876186672
2016-08-14 11:15:00,33.5072955699462
2016-08-14 11:20:00,30.6510537262914
2016-08-14 11:25:00,30.1351197798798
2016-08-14 11:30:00,30.6451792658334
2016-08-14 11:35:00,29.5777295532106
2016-08-14 11:40:00,26.612858127695397
2016-08-14 11:45:00,23.383698052813198
2016-08-14 11:50:00,20.6486707441018
2016-08-14 11:55:00,18.1920029691478
2016-08-14 12:00:00,13.891811054743801
2016-08-14 12:05:00,10.857540591233379
2016-08-14 12:10:00,7.840383578367399
2016-08-14 12:15:00,5.15700151235132
2016-08-14 12:20:00,5.2545073168745
2016-08-14 12:25:00,5.30720867872472
2016-08-14 12:30:00,3.6790343427690404
2016-08-14 12:35:00,2.8173723155548602
2016-08-14 12:40:00,3.1646494868469
2016-08-14 12:45:00,2.72453061674356
2016-08-14 12:50:00,3.53099808555516
2016-08-14 12:55:00,3.09345497669276
2016-08-14 13:00:00,2.43877563545174
2016-08-14 13:05:00,2.68703964297906
2016-08-14 13:10:00,2.60838635808428
2016-08-14 13:15:00,2.75352958229686
2016-08-14 13:20:00,2.3315360896894197
2016-08-14 13:25:00,1.88140262576288
2016-08-14 13:30:00,1.7420049189079598
2016-08-14 13:35:00,2.18273990590526
2016-08-14 13:40:00,2.03208745148928
2016-08-14 13:45:00,1.57241573999148
2016-08-14 13:50:00,1.44927880529542
2016-08-14 13:55:00,2.29224846879288
2016-08-14 14:00:00,2.99370609547578
2016-08-14 14:05:00,3.9626033893217794
2016-08-14 14:10:00,4.2871935720176
2016-08-14 14:15:00,3.8491082769427996
2016-08-14 14:20:00,4.3422229470539
2016-08-14 14:25:00,5.17765839327338
2016-08-14 14:30:00,5.05850530343358
2016-08-14 14:35:00,4.76558037811108
2016-08-14 14:40:00,4.679682065336761
2016-08-14 14:45:00,5.15958906025974
2016-08-14 14:50:00,5.86804862167142
2016-08-14 14:55:00,5.17623593192658
2016-08-14 15:00:00,3.8326078445320197
2016-08-14 15:05:00,2.5179290053814603
2016-08-14 15:10:00,1.70570343393934
2016-08-14 15:15:00,1.59458061082334
2016-08-14 15:20:00,1.62774618849386
2016-08-14 15:25:00,1.0814706133045662
2016-08-14 15:30:00,0.59500710079012
2016-08-14 15:35:00,0.7329432331135021
2016-08-14 15:40:00,0.9297777302365301
2016-08-14 15:45:00,0.664233680657734
2016-08-14 15:50:00,0.474562783567432
2016-08-14 15:55:00,0.40391621524990595
2016-08-14 16:00:00,0.49764431958643396
2016-08-14 16:05:00,0.672877340661952
2016-08-14 16:10:00,0.83525672267773
2016-08-14 16:15:00,1.0956364442914102
2016-08-14 16:20:00,1.0337162870229242
2016-08-14 16:25:00,1.2663297162961
2016-08-14 16:30:00,1.0736756422874378
2016-08-14 16:35:00,1.160485046934866
2016-08-14 16:40:00,2.71676859911148
2016-08-14 16:45:00,5.03554525919152
2016-08-14 16:50:00,6.15982491578536
2016-08-14 16:55:00,6.30483350186726
2016-08-14 17:00:00,8.963805243927101
2016-08-14 17:05:00,13.0962849193122
2016-08-14 17:10:00,15.634589571172802
2016-08-14 17:15:00,15.8323790094842
2016-08-14 17:20:00,16.828340368451798
2016-08-14 17:25:00,16.7687264307386
2016-08-14 17:30:00,18.1063291933118
2016-08-14 17:35:00,19.2396677189696
2016-08-14 17:40:00,19.6629942704732
2016-08-14 17:45:00,19.435405316031797
2016-08-14 17:50:00,19.401334737069398
2016-08-14 17:55:00,17.7508004374896
2016-08-14 18:00:00,15.0990134425436
2016-08-14 18:05:00,16.7618054911614
2016-08-14 18:10:00,16.5937890442536
2016-08-14 18:15:00,17.4471451832874
2016-08-14 18:20:00,16.328987769624597
2016-08-14 18:25:00,17.527364888153
2016-08-14 18:30:00,15.3358353971288
2016-08-14 18:35:00,12.8249019304926
2016-08-14 18:40:00,14.2804614812174
2016-08-14 18:45:00,13.168123312348602
2016-08-14 18:50:00,13.565285352818
2016-08-14 18:55:00,15.101753056666599
2016-08-14 19:00:00,16.7926610240874
2016-08-14 19:05:00,14.466138562565002
2016-08-14 19:10:00,13.508476842201
2016-08-14 19:15:00,15.2474263030912
2016-08-14 19:20:00,11.698227271481601
2016-08-14 19:25:00,14.157093981190599
2016-08-14 19:30:00,16.614265059700802
2016-08-14 19:35:00,12.91572072885
2016-08-14 19:40:00,12.7385356768178
2016-08-14 19:45:00,16.997550644274003
2016-08-14 19:50:00,13.6441123171102
2016-08-14 19:55:00,13.401126058111402
2016-08-14 20:00:00,13.1941004062178
2016-08-14 20:05:00,14.183701182249399
2016-08-14 20:10:00,12.3167130549996
2016-08-14 20:15:00,13.786868255418199
2016-08-14 20:20:00,15.2466217773766
2016-08-14 20:25:00,14.808685079461
2016-08-14 20:30:00,12.5370236333938
2016-08-14 20:35:00,14.579834033832203
2016-08-14 20:40:00,15.799771032529
2016-08-14 20:45:00,15.265285873417401
2016-08-14 20:50:00,12.899792258736198
2016-08-14 20:55:00,13.439447343045199
2016-08-14 21:00:00,15.8650100561692
2016-08-14 21:05:00,12.957249532729799
2016-08-14 21:10:00,12.2299875668032
2016-08-14 21:15:00,14.092581318087202
2016-08-14 21:20:00,11.96340969589926
2016-08-14 21:25:00,11.8494550579342
2016-08-14 21:30:00,12.3213901599894
2016-08-14 21:35:00,12.001918796892
2016-08-14 21:40:00,11.26175199734252
2016-08-14 21:45:00,8.95331165088552
2016-08-14 21:50:00,8.82147351283678
2016-08-14 21:55:00,10.46333613554288
2016-08-14 22:00:00,9.52130199613064
2016-08-14 22:05:00,9.205679487028721
2016-08-14 22:10:00,9.08698846976246
2016-08-14 22:15:00,17.312152640165998
2016-08-14 22:20:00,12.253373642604199
2016-08-14 22:25:00,8.3198626945648
2016-08-14 22:30:00,10.34849727662916
2016-08-14 22:35:00,12.071696799092399
2016-08-14 22:40:00,9.41605652074042
2016-08-14 22:45:00,8.99189257319792
2016-08-14 22:50:00,12.170372816646
2016-08-14 22:55:00,12.1104249785538
2016-08-14 23:00:00,16.2336736731744
2016-08-14 23:05:00,12.9075476506276
2016-08-14 23:10:00,14.0852070410056
2016-08-14 23:15:00,17.995274643369402
2016-08-14 23:20:00,18.2041947791118
2016-08-14 23:25:00,19.8450614886588
2016-08-14 23:30:00,19.8428662053674
2016-08-14 23:35:00,19.810116251611397
2016-08-14 23:40:00,19.5456671007902
2016-08-14 23:45:00,19.7184827743006
2016-08-14 23:50:00,22.8578192127972
2016-08-14 23:55:00,24.0476995617832
2016-08-15 00:00:00,25.818753648534
2016-08-15 00:05:00,29.1389581579456
2016-08-15 00:10:00,27.600126202522
2016-08-15 00:15:00,29.5102920113658
2016-08-15 00:20:00,29.1037809662416
2016-08-15 00:25:00,33.6636913485784
2016-08-15 00:30:00,39.9172602132542
2016-08-15 00:35:00,37.8921103595196
2016-08-15 00:40:00,42.2537526135704
2016-08-15 00:45:00,52.1006847152648
2016-08-15 00:50:00,61.9442525063212
2016-08-15 00:55:00,64.9586316298842
2016-08-15 01:00:00,67.6931552367422
2016-08-15 01:05:00,70.94888279855441
2016-08-15 01:10:00,72.5545019521364
2016-08-15 01:15:00,74.9989782053328
2016-08-15 01:20:00,78.2051559215928
2016-08-15 01:25:00,80.50558037125779
2016-08-15 01:30:00,82.4983651353626
2016-08-15 01:35:00,86.80761516407219
2016-08-15 01:40:00,88.0469978747098
2016-08-15 01:45:00,87.7612041163782
2016-08-15 01:50:00,88.05736159700419
2016-08-15 01:55:00,88.3236585781004
2016-08-15 02:00:00,89.71808905111679
2016-08-15 02:05:00,90.326566299233
2016-08-15 02:10:00,89.8093619196302
2016-08-15 02:15:00,87.33011034091001
2016-08-15 02:20:00,89.30385454690841
2016-08-15 02:25:00,87.8743976549958
2016-08-15 02:30:00,86.9319822341984
2016-08-15 02:35:00,88.91236800890479
2016-08-15 02:40:00,90.8269821446882
2016-08-15 02:45:00,92.1507471281748
2016-08-15 02:50:00,93.06183517052179
2016-08-15 02:55:00,93.330275523773
2016-08-15 03:00:00,90.3547618640784
2016-08-15 03:05:00,88.2906149953038
2016-08-15 03:10:00,89.476122815552
2016-08-15 03:15:00,89.8070518008708
2016-08-15 03:20:00,88.414597192402
2016-08-15 03:25:00,88.3740540335064
2016-08-15 03:30:00,88.6967877882396
2016-08-15 03:35:00,88.6440852027002
2016-08-15 03:40:00,85.51730017047541
2016-08-15 03:45:00,81.27259739769579
2016-08-15 03:50:00,75.90748608985521
2016-08-15 03:55:00,71.5082287499094
2016-08-15 04:00:00,67.8604022937122
2016-08-15 04:05:00,64.0825403327032
2016-08-15 04:10:00,65.03024897797181
2016-08-15 04:15:00,65.7784910339194
2016-08-15 04:20:00,64.49946425463699
2016-08-15 04:25:00,62.79077739595
2016-08-15 04:30:00,60.4697347768286
2016-08-15 04:35:00,59.39643708674161
2016-08-15 04:40:00,61.687858576957
2016-08-15 04:45:00,60.958933391098796
2016-08-15 04:50:00,64.51435186497699
2016-08-15 04:55:00,62.8790385913738
2016-08-15 05:00:00,60.543597542568
2016-08-15 05:05:00,58.354918610104804
2016-08-15 05:10:00,55.651626497734
2016-08-15 05:15:00,53.089927911968196
2016-08-15 05:20:00,50.755500919968
2016-08-15 05:25:00,47.3835070337908
2016-08-15 05:30:00,43.5015385709138
2016-08-15 05:35:00,35.7954529331372
2016-08-15 05:40:00,36.059022416147606
2016-08-15 05:45:00,41.813723646218804
2016-08-15 05:50:00,47.576400328545404
2016-08-15 05:55:00,48.0801916099634
2016-08-15 06:00:00,49.4555159657366
2016-08-15 06:05:00,51.2112550036238
2016-08-15 06:10:00,47.889294769657
2016-08-15 06:15:00,43.273068628792
2016-08-15 06:20:00,41.1979424694976
2016-08-15 06:25:00,35.024596383142196
2016-08-15 06:30:00,34.2309626405224
2016-08-15 06:35:00,40.073632410126194
2016-08-15 06:40:00,40.5447670929832
2016-08-15 06:45:00,40.5374597285654
2016-08-15 06:50:00,45.7197766793404
2016-08-15 06:55:00,48.2458391000414
2016-08-15 07:00:00,43.9588664325642
2016-08-15 07:05:00,42.997174908935605
2016-08-15 07:10:00,43.128121354065
2016-08-15 07:15:00,40.410773580328
2016-08-15 07:20:00,37.617875199736
2016-08-15 07:25:00,36.596064366117005
2016-08-15 07:30:00,33.928737860756804
2016-08-15 07:35:00,31.182153387284
2016-08-15 07:40:00,28.28822671722
2016-08-15 07:45:00,27.9002362014904
2016-08-15 07:50:00,28.152600263954998
2016-08-15 07:55:00,26.3517622302382
2016-08-15 08:00:00,24.0115333363184
2016-08-15 08:05:00,22.9383403302804
2016-08-15 08:10:00,20.748372833799202
2016-08-15 08:15:00,18.2324735242842
2016-08-15 08:20:00,17.022605161382
2016-08-15 08:25:00,19.135801696018397
2016-08-15 08:30:00,18.696928476353598
2016-08-15 08:35:00,17.729875613317
2016-08-15 08:40:00,17.599627132873202
2016-08-15 08:45:00,16.1900325631164
2016-08-15 08:50:00,13.935273502211
2016-08-15 08:55:00,12.5229353237238
2016-08-15 09:00:00,12.0516496280936
2016-08-15 09:05:00,11.0310978293344
2016-08-15 09:10:00,9.7304545305297
2016-08-15 09:15:00,10.09494413662854
2016-08-15 09:20:00,10.35569984971418
2016-08-15 09:25:00,10.6106684851512
2016-08-15 09:30:00,10.5439066043424
2016-08-15 09:35:00,11.654567920275401
2016-08-15 09:40:00,11.8073761071006
2016-08-15 09:45:00,12.1268552214024
2016-08-15 09:50:00,12.890188191425
2016-08-15 09:55:00,13.8624913251024
2016-08-15 10:00:00,14.348133166392799
2016-08-15 10:05:00,15.7524084574076
2016-08-15 10:10:00,17.4835173163362
2016-08-15 10:15:00,18.8403364180692
2016-08-15 10:20:00,20.479311315453
2016-08-15 10:25:00,21.208885190203
2016-08-15 10:30:00,19.394961091081
2016-08-15 10:35:00,19.542236608490402
2016-08-15 10:40:00,20.085643013049598
2016-08-15 10:45:00,21.546939670259597
2016-08-15 10:50:00,22.8256583549428
2016-08-15 10:55:00,23.2116432330212
2016-08-15 11:00:00,23.2794274501296
2016-08-15 11:05:00,23.3028577436932
2016-08-15 11:10:00,22.803397427683002
2016-08-15 11:15:00,22.8816840729014
2016-08-15 11:20:00,24.0181338727476
2016-08-15 11:25:00,23.1564917746642
2016-08-15 11:30:00,23.812188383233597
2016-08-15 11:35:00,25.5243147661438
2016-08-15 11:40:00,25.7374686667614
2016-08-15 11:45:00,25.464381740734
2016-08-15 11:50:00,24.1524138517564
2016-08-15 11:55:00,22.940564726353198
2016-08-15 12:00:00,23.724283806596798
2016-08-15 12:05:00,24.4411573810054
2016-08-15 12:10:00,25.3757114845826
2016-08-15 12:15:00,24.0296280112316
2016-08-15 12:20:00,24.5645764214488
2016-08-15 12:25:00,24.4196978683162
2016-08-15 12:30:00,24.192350859411
2016-08-15 12:35:00,23.8839607837694
2016-08-15 12:40:00,23.0949249523554
2016-08-15 12:45:00,22.4685320560148
2016-08-15 12:50:00,20.0201820359528
2016-08-15 12:55:00,20.3115506522108
2016-08-15 13:00:00,19.6877678825138
2016-08-15 13:05:00,18.205509982143802
2016-08-15 13:10:00,16.8480886912678
2016-08-15 13:15:00,16.593294863944
2016-08-15 13:20:00,17.753015788863998
2016-08-15 13:25:00,18.5341141961986
2016-08-15 13:30:00,17.835320825361002
2016-08-15 13:35:00,17.816794807418
2016-08-15 13:40:00,17.241032637167798
2016-08-15 13:45:00,16.279613237651
2016-08-15 13:50:00,13.602992735433
2016-08-15 13:55:00,13.384622288844
2016-08-15 14:00:00,14.4137878053512
2016-08-15 14:05:00,11.9294392299086
2016-08-15 14:10:00,9.20206678447022
2016-08-15 14:15:00,8.1230416785239
2016-08-15 14:20:00,9.90943468204096
2016-08-15 14:25:00,9.89810638596802
2016-08-15 14:30:00,8.78497786955704
2016-08-15 14:35:00,8.39916500737978
2016-08-15 14:40:00,7.9748922109762805
2016-08-15 14:45:00,8.15408961477534
2016-08-15 14:50:00,9.51239915674508
2016-08-15 14:55:00,8.32208736276028
2016-08-15 15:00:00,8.79891280011156
2016-08-15 15:05:00,9.304007493596021
2016-08-15 15:10:00,8.117500237605979
2016-08-15 15:15:00,5.95277932502108
2016-08-15 15:20:00,5.62904424196118
2016-08-15 15:25:00,4.99560719897396
2016-08-15 15:30:00,4.95885115354694
2016-08-15 15:35:00,5.90859868094144
2016-08-15 15:40:00,6.16740558479966
2016-08-15 15:45:00,6.27615262363844
2016-08-15 15:50:00,6.68222158595712
2016-08-15 15:55:00,6.45440872545762
2016-08-15 16:00:00,6.365505277309841
2016-08-15 16:05:00,7.2946974961872
2016-08-15 16:10:00,6.9617505669891
2016-08-15 16:15:00,7.16730569035852
2016-08-15 16:20:00,9.028294696965698
2016-08-15 16:25:00,8.22377939225556
2016-08-15 16:30:00,11.627736477713402
2016-08-15 16:35:00,12.6352527896486
2016-08-15 16:40:00,12.5694319730302
2016-08-15 16:45:00,13.400621862248801
2016-08-15 16:50:00,11.7085887119564
2016-08-15 16:55:00,11.596594787389
2016-08-15 17:00:00,12.87034741126
2016-08-15 17:05:00,13.720017480013999
2016-08-15 17:10:00,13.374644173027201
2016-08-15 17:15:00,12.721439509866801
2016-08-15 17:20:00,14.0515679177756
2016-08-15 17:25:00,14.743599759142
2016-08-15 17:30:00,13.951781065346001
2016-08-15 17:35:00,13.398950874821
2016-08-15 17:40:00,14.5336102970822
2016-08-15 17:45:00,15.3751691976572
2016-08-15 17:50:00,16.151736672050998
2016-08-15 17:55:00,16.421432078862
2016-08-15 18:00:00,16.5515999049972
2016-08-15 18:05:00,12.8756794995116
2016-08-15 18:10:00,13.517437093903002
2016-08-15 18:15:00,13.8908912108706
2016-08-15 18:20:00,15.270612344605201
2016-08-15 18:25:00,14.9671711884946
2016-08-15 18:30:00,15.415052306721
2016-08-15 18:35:00,16.0894347005086
2016-08-15 18:40:00,16.242780702967202
2016-08-15 18:45:00,16.1013591016492
2016-08-15 18:50:00,16.573404552058797
2016-08-15 18:55:00,16.5959964399126
2016-08-15 19:00:00,15.953633097727401
2016-08-15 19:05:00,16.142442312352802
2016-08-15 19:10:00,15.931423380755799
2016-08-15 19:15:00,16.9618751009092
2016-08-15 19:20:00,15.7828416675558
2016-08-15 19:25:00,17.0475742085284
2016-08-15 19:30:00,17.168091954399397
2016-08-15 19:35:00,16.6079860285084
2016-08-15 19:40:00,14.761990147263798
2016-08-15 19:45:00,13.8443849781866
2016-08-15 19:50:00,15.227970289315602
2016-08-15 19:55:00,14.5303932065158
2016-08-15 20:00:00,15.5784261241932
2016-08-15 20:05:00,15.5035030112188
2016-08-15 20:10:00,15.7655200498336
2016-08-15 20:15:00,16.089426082762202
2016-08-15 20:20:00,15.9585772739052
2016-08-15 20:25:00,18.484950376339
2016-08-15 20:30:00,19.789916908986402
2016-08-15 20:35:00,19.7960431850336
2016-08-15 20:40:00,16.675675893195
2016-08-15 20:45:00,18.0892421175406
2016-08-15 20:50:00,17.444967122038598
2016-08-15 20:55:00,17.4170372111954
2016-08-15 21:00:00,14.9706224787618
2016-08-15 21:05:00,13.0344817160882
2016-08-15 21:10:00,15.500216234104602
2016-08-15 21:15:00,15.682010365251198
2016-08-15 21:20:00,18.584644860542802
2016-08-15 21:25:00,22.123582894280197
2016-08-15 21:30:00,21.903801028414
2016-08-15 21:35:00,22.1959602091266
2016-08-15 21:40:00,21.914557107246402
2016-08-15 21:45:00,24.264948617688198
2016-08-15 21:50:00,22.6019679629226
2016-08-15 21:55:00,23.2885831272962
2016-08-15 22:00:00,24.3310630293246
2016-08-15 22:05:00,25.6804795434124
2016-08-15 22:10:00,28.616450766738602
2016-08-15 22:15:00,26.1895241947888
2016-08-15 22:20:00,22.6005160372344
2016-08-15 22:25:00,23.701092222611003
2016-08-15 22:30:00,27.302150696171203
2016-08-15 22:35:00,27.0640866549498
2016-08-15 22:40:00,28.0012255145974
2016-08-15 22:45:00,26.791361776165
2016-08-15 22:50:00,25.386547348092
2016-08-15 22:55:00,25.1601914899408
2016-08-15 23:00:00,28.409383602046198
2016-08-15 23:05:00,25.699859958952402
2016-08-15 23:10:00,31.741860084482603
2016-08-15 23:15:00,29.164069808729998
2016-08-15 23:20:00,31.2906937474838
2016-08-15 23:25:00,30.7383145421378
2016-08-15 23:30:00,34.2939497421662
2016-08-15 23:35:00,37.345335851709606
2016-08-15 23:40:00,40.228429073911
2016-08-15 23:45:00,39.7199353197986
2016-08-15 23:50:00,37.358528522786
2016-08-15 23:55:00,38.4105611980174
2016-08-16 00:00:00,37.2062861818768
2016-08-16 00:05:00,37.8567074785788
2016-08-16 00:10:00,39.2799480557458
2016-08-16 00:15:00,45.038909241699194
2016-08-16 00:20:00,47.891596311453
2016-08-16 00:25:00,52.893072315103
2016-08-16 00:30:00,56.765322874079004
2016-08-16 00:35:00,59.196386979154
2016-08-16 00:40:00,60.306963657439994
2016-08-16 00:45:00,60.113937013112796
2016-08-16 00:50:00,63.238142478624795
2016-08-16 00:55:00,62.137927338142006
2016-08-16 01:00:00,62.2130471304762
2016-08-16 01:05:00,64.420813173593
2016-08-16 01:10:00,67.206257737396
2016-08-16 01:15:00,74.1653144810952
2016-08-16 01:20:00,76.7615521988016
2016-08-16 01:25:00,76.5968331046622
2016-08-16 01:30:00,75.84874287480281
2016-08-16 01:35:00,76.1088540214556
2016-08-16 01:40:00,73.8960113306704
2016-08-16 01:45:00,74.9723796332854
2016-08-16 01:50:00,75.69911393976899
2016-08-16 01:55:00,74.9999911081106
2016-08-16 02:00:00,74.895094171773
2016-08-16 02:05:00,70.2102436763352
2016-08-16 02:10:00,72.7205350532868
2016-08-16 02:15:00,71.4536213710594
2016-08-16 02:20:00,73.7958749068066
2016-08-16 02:25:00,69.9099494494734
2016-08-16 02:30:00,67.861864109882
2016-08-16 02:35:00,67.8369971218748
2016-08-16 02:40:00,67.1352765316138
2016-08-16 02:45:00,68.2481882680842
2016-08-16 02:50:00,67.7772478314082
2016-08-16 02:55:00,68.4790692614896
2016-08-16 03:00:00,68.530521981292
2016-08-16 03:05:00,64.70866031953861
2016-08-16 03:10:00,65.1150298877312
2016-08-16 03:15:00,64.2800005434638
2016-08-16 03:20:00,65.61556954844761
2016-08-16 03:25:00,61.0701503754938
2016-08-16 03:30:00,58.6667882453738
2016-08-16 03:35:00,60.879095734697
2016-08-16 03:40:00,64.31621764310981
2016-08-16 03:45:00,65.0007082352692
2016-08-16 03:50:00,69.9764691333738
2016-08-16 03:55:00,74.1969377796798
2016-08-16 04:00:00,76.653318937942
2016-08-16 04:05:00,75.2192139525276
2016-08-16 04:10:00,76.2014090012084
2016-08-16 04:15:00,78.1394106541884
2016-08-16 04:20:00,78.1090821240754
2016-08-16 04:25:00,78.167950904457
2016-08-16 04:30:00,77.17308358546241
2016-08-16 04:35:00,77.2455531166184
2016-08-16 04:40:00,75.7943196619382
2016-08-16 04:45:00,76.1578669316214
2016-08-16 04:50:00,73.29629926349
2016-08-16 04:55:00,72.1160203419326
2016-08-16 05:00:00,72.1433500980472
2016-08-16 05:05:00,71.79326616004622
2016-08-16 05:10:00,72.525317825508
2016-08-16 05:15:00,73.0011481135554
2016-08-16 05:20:00,71.5540229405696
2016-08-16 05:25:00,71.15695418224661
2016-08-16 05:30:00,68.1841064563948
2016-08-16 05:35:00,62.356338355994396
2016-08-16 05:40:00,57.219889940871994
2016-08-16 05:45:00,52.1260278692018
2016-08-16 05:50:00,46.8115358938724
2016-08-16 05:55:00,48.006046528493
2016-08-16 06:00:00,50.341619992212806
2016-08-16 06:05:00,49.93458081001499
2016-08-16 06:10:00,45.540594551322
2016-08-16 06:15:00,40.9944436932102
2016-08-16 06:20:00,37.0323873814374
2016-08-16 06:25:00,34.9357621340604
2016-08-16 06:30:00,33.047103605153396
2016-08-16 06:35:00,33.351691350222396
2016-08-16 06:40:00,38.3111482615498
2016-08-16 06:45:00,42.897081432705804
2016-08-16 06:50:00,49.140794984706005
2016-08-16 06:55:00,52.470750041746804
2016-08-16 07:00:00,53.573776274260396
2016-08-16 07:05:00,51.414873974768206
2016-08-16 07:10:00,51.1783481031192
2016-08-16 07:15:00,51.40028493740719
2016-08-16 07:20:00,51.1278734203434
2016-08-16 07:25:00,50.4081944511512
2016-08-16 07:30:00,47.819348403500996
2016-08-16 07:35:00,46.2967812557414
2016-08-16 07:40:00,49.024035770321404
2016-08-16 07:45:00,49.7834946898354
2016-08-16 07:50:00,50.182494189739394
2016-08-16 07:55:00,48.0301698345242
2016-08-16 08:00:00,44.691141720682
2016-08-16 08:05:00,40.306851729451196
2016-08-16 08:10:00,39.0458983205272
2016-08-16 08:15:00,39.8430291820334
2016-08-16 08:20:00,43.2402578069224
2016-08-16 08:25:00,47.5944284858228
2016-08-16 08:30:00,49.4687739701006
2016-08-16 08:35:00,52.7752680752856
2016-08-16 08:40:00,50.8565383216172
2016-08-16 08:45:00,48.4544703158082
2016-08-16 08:50:00,47.06571493697059
2016-08-16 08:55:00,47.3345185724182
2016-08-16 09:00:00,47.1732389109898
2016-08-16 09:05:00,50.2126786425496
2016-08-16 09:10:00,50.6875890819892
2016-08-16 09:15:00,53.3483479840772
2016-08-16 09:20:00,55.217824293029004
2016-08-16 09:25:00,56.0417894491856
2016-08-16 09:30:00,52.316071050710605
2016-08-16 09:35:00,50.3097114169642
2016-08-16 09:40:00,46.1265066314946
2016-08-16 09:45:00,41.4408037271912
2016-08-16 09:50:00,39.4831051791306
2016-08-16 09:55:00,38.485350232609804
2016-08-16 10:00:00,37.5597969931734
2016-08-16 10:05:00,37.7237569657486
2016-08-16 10:10:00,37.529949844547204
2016-08-16 10:15:00,38.365143989842394
2016-08-16 10:20:00,38.2544207012144
2016-08-16 10:25:00,37.1269747126086
2016-08-16 10:30:00,37.8394270743512
2016-08-16 10:35:00,36.603279728942404
2016-08-16 10:40:00,32.5387531728892
2016-08-16 10:45:00,29.4871148044324
2016-08-16 10:50:00,29.189257310633003
2016-08-16 10:55:00,28.5232346181882
2016-08-16 11:00:00,27.6784828879136
2016-08-16 11:05:00,27.853438794946204
2016-08-16 11:10:00,26.891165996690397
2016-08-16 11:15:00,25.778679599706997
2016-08-16 11:20:00,23.49023392952
2016-08-16 11:25:00,23.1210078845804
2016-08-16 11:30:00,22.8211585311866
2016-08-16 11:35:00,23.3632984796714
2016-08-16 11:40:00,24.5978388255374
2016-08-16 11:45:00,25.6930877219442
2016-08-16 11:50:00,27.31131923
2016-08-16 11:55:00,27.8116258514576
2016-08-16 12:00:00,24.501873411351802
2016-08-16 12:05:00,21.7443565979478
2016-08-16 12:10:00,18.6882149230246
2016-08-16 12:15:00,16.2340363712498
2016-08-16 12:20:00,14.957724776024
2016-08-16 12:25:00,14.5282497339582
2016-08-16 12:30:00,14.5574791276702
2016-08-16 12:35:00,14.5531212026254
2016-08-16 12:40:00,15.703694601870803
2016-08-16 12:45:00,16.3388526537858
2016-08-16 12:50:00,17.0117591512466
2016-08-16 12:55:00,17.654897388775602
2016-08-16 13:00:00,18.9945662292742
2016-08-16 13:05:00,19.729327235015397
2016-08-16 13:10:00,21.5621404715116
2016-08-16 13:15:00,23.916904737506602
2016-08-16 13:20:00,23.3402720863014
2016-08-16 13:25:00,23.65158669783
2016-08-16 13:30:00,24.042931542863
2016-08-16 13:35:00,22.760045895776802
2016-08-16 13:40:00,18.839782821207002
2016-08-16 13:45:00,16.997385231515402
2016-08-16 13:50:00,16.165076325049
2016-08-16 13:55:00,15.8545706067628
2016-08-16 14:00:00,13.996188512406599
2016-08-16 14:05:00,13.3897861473418
2016-08-16 14:10:00,12.513472552845801
2016-08-16 14:15:00,10.08354641494698
2016-08-16 14:20:00,8.39478457356998
2016-08-16 14:25:00,8.33665377731746
2016-08-16 14:30:00,9.29701335726616
2016-08-16 14:35:00,9.30201649581644
2016-08-16 14:40:00,8.38706783111644
2016-08-16 14:45:00,7.196216705940399
2016-08-16 14:50:00,6.5472711059084405
2016-08-16 14:55:00,5.787375429932941
2016-08-16 15:00:00,5.23921728426234
2016-08-16 15:05:00,4.8119800213012
2016-08-16 15:10:00,3.7191069010033004
2016-08-16 15:15:00,3.1818449486794598
2016-08-16 15:20:00,3.22668640257672
2016-08-16 15:25:00,3.3938399678952798
2016-08-16 15:30:00,3.01951486753164
2016-08-16 15:35:00,2.2933676261275
2016-08-16 15:40:00,2.11845238677912
2016-08-16 15:45:00,2.42535588411106
2016-08-16 15:50:00,3.00759167916992
2016-08-16 15:55:00,3.4949442610350205
2016-08-16 16:00:00,3.3302718062986996
2016-08-16 16:05:00,4.639625307163319
2016-08-16 16:10:00,5.55870133181746
2016-08-16 16:15:00,8.77776736991038
2016-08-16 16:20:00,9.211272049852541
2016-08-16 16:25:00,9.994857417889321
2016-08-16 16:30:00,11.262828060355
2016-08-16 16:35:00,11.1474041998144
2016-08-16 16:40:00,9.7284076522016
2016-08-16 16:45:00,10.67507490646244
2016-08-16 16:50:00,11.864180626425801
2016-08-16 16:55:00,12.0410777697628
2016-08-16 17:00:00,13.089395711701599
2016-08-16 17:05:00,14.4769467663482
2016-08-16 17:10:00,15.054808874346199
2016-08-16 17:15:00,14.771771892737002
2016-08-16 17:20:00,14.1521940886836
2016-08-16 17:25:00,13.6166898070618
2016-08-16 17:30:00,12.837348814374598
2016-08-16 17:35:00,12.8801713897702
2016-08-16 17:40:00,12.5195515548114
2016-08-16 17:45:00,12.8893129073144
2016-08-16 17:50:00,12.2084082663862
2016-08-16 17:55:00,9.47450818554952
2016-08-16 18:00:00,8.42517579159626
2016-08-16 18:05:00,9.4868031203525
2016-08-16 18:10:00,9.06828415034592
2016-08-16 18:15:00,7.47219901941768
2016-08-16 18:20:00,6.03464403129884
2016-08-16 18:25:00,5.25664822774354
2016-08-16 18:30:00,4.20159399883728
2016-08-16 18:35:00,4.1645571284758605
2016-08-16 18:40:00,4.59101545192142
2016-08-16 18:45:00,4.14985886487532
2016-08-16 18:50:00,3.8892075692605603
2016-08-16 18:55:00,5.14452126525594
2016-08-16 19:00:00,5.61296863672628
2016-08-16 19:05:00,4.79857564976024
2016-08-16 19:10:00,3.3077103620098
2016-08-16 19:15:00,3.22596458010488
2016-08-16 19:20:00,3.5688495646885
2016-08-16 19:25:00,3.9691614280241803
2016-08-16 19:30:00,2.6619264797409796
2016-08-16 19:35:00,3.17338498610222
2016-08-16 19:40:00,3.6343996378446604
2016-08-16 19:45:00,4.050761312683361
2016-08-16 19:50:00,3.10266704212654
2016-08-16 19:55:00,3.7727258289302603
2016-08-16 20:00:00,3.68093302776444
2016-08-16 20:05:00,3.31130297870592
2016-08-16 20:10:00,3.44295216952822
2016-08-16 20:15:00,3.05090431587744
2016-08-16 20:20:00,2.76684373419332
2016-08-16 20:25:00,2.17312216639172
2016-08-16 20:30:00,2.6978517754010203
2016-08-16 20:35:00,2.4996663413328397
2016-08-16 20:40:00,2.08289652169328
2016-08-16 20:45:00,1.5233233242344
2016-08-16 20:50:00,1.186655805036108
2016-08-16 20:55:00,1.0417936393143201
2016-08-16 21:00:00,0.899939001745236
2016-08-16 21:05:00,1.85161575818782
2016-08-16 21:10:00,1.6802396914387798
2016-08-16 21:15:00,1.59626220917812
2016-08-16 21:20:00,1.41061240863358
2016-08-16 21:25:00,1.373004736835222
2016-08-16 21:30:00,1.1952764134625782
2016-08-16 21:35:00,1.4115505615585
2016-08-16 21:40:00,1.7369408994245
2016-08-16 21:45:00,1.5253686670289999
2016-08-16 21:50:00,1.6289806921857
2016-08-16 21:55:00,1.014665407266928
2016-08-16 22:00:00,1.5032801276348
2016-08-16 22:05:00,1.7467190255713798
2016-08-16 22:10:00,1.4335726305398802
2016-08-16 22:15:00,1.36658823239314
2016-08-16 22:20:00,1.198686341568164
2016-08-16 22:25:00,1.0398723015928462
2016-08-16 22:30:00,0.7214918237051761
2016-08-16 22:35:00,2.1576453283001
2016-08-16 22:40:00,2.9915355118239804
2016-08-16 22:45:00,2.0748977958228
2016-08-16 22:50:00,1.33258190049688
2016-08-16 22:55:00,1.269588575941404
2016-08-16 23:00:00,0.8090465718570019
2016-08-16 23:05:00,1.068140404557278
2016-08-16 23:10:00,1.2405160123616121
2016-08-16 23:15:00,1.91540593451128
2016-08-16 23:20:00,1.59791201382948
2016-08-16 23:25:00,1.133095898018674
2016-08-16 23:30:00,1.79359771116284
2016-08-16 23:35:00,2.227531208213
2016-08-16 23:40:00,3.35587233886462
2016-08-16 23:45:00,4.12463944816226
2016-08-16 23:50:00,4.03608043773672
2016-08-16 23:55:00,3.0688220621588598
2016-08-17 00:00:00,4.051707818452821
2016-08-17 00:05:00,6.01713363986738
2016-08-17 00:10:00,6.953223939515681
2016-08-17 00:15:00,8.61701755775682
2016-08-17 00:20:00,15.367540189398401
2016-08-17 00:25:00,19.9236273264336
2016-08-17 00:30:00,22.7906352058746
2016-08-17 00:35:00,25.165347312038598
2016-08-17 00:40:00,29.970020947406397
2016-08-17 00:45:00,33.708467182987
2016-08-17 00:50:00,38.0450410005664
2016-08-17 00:55:00,42.2434527477946
2016-08-17 01:00:00,46.807454484522204
2016-08-17 01:05:00,47.1844691877166
2016-08-17 01:10:00,49.076256399613
2016-08-17 01:15:00,49.3935407686364
2016-08-17 01:20:00,49.3450469326036
2016-08-17 01:25:00,52.161058064771204
2016-08-17 01:30:00,52.633103675663804
2016-08-17 01:35:00,47.9232760162008
2016-08-17 01:40:00,46.1748159043824
2016-08-17 01:45:00,48.4367516196836
2016-08-17 01:50:00,51.42714785397
2016-08-17 01:55:00,53.3265592376168
2016-08-17 02:00:00,56.3830944522604
2016-08-17 02:05:00,60.071964676855394
2016-08-17 02:10:00,60.9603028777702
2016-08-17 02:15:00,64.8113817906794
2016-08-17 02:20:00,64.6217613400766
2016-08-17 02:25:00,64.4092147926236
2016-08-17 02:30:00,67.4127368670172
2016-08-17 02:35:00,67.21845781549
2016-08-17 02:40:00,67.2290876435134
2016-08-17 02:45:00,68.3583722667594
2016-08-17 02:50:00,73.185343534993
2016-08-17 02:55:00,73.7411955694896
2016-08-17 03:00:00,74.967672568155
2016-08-17 03:05:00,78.00255483133519
2016-08-17 03:10:00,80.6137037512202
2016-08-17 03:15:00,80.1787388996452
2016-08-17 03:20:00,81.5743076599174
2016-08-17 03:25:00,80.465969310012
2016-08-17 03:30:00,78.2498759983526
2016-08-17 03:35:00,78.88049200294441
2016-08-17 03:40:00,79.2134418282552
2016-08-17 03:45:00,79.4633107078956
2016-08-17 03:50:00,78.8921051265972
2016-08-17 03:55:00,77.62817416338501
2016-08-17 04:00:00,78.290093795106
2016-08-17 04:05:00,80.03828426888981
2016-08-17 04:10:00,79.556837348317
2016-08-17 04:15:00,78.81805950276801
2016-08-17 04:20:00,80.8043088529718
2016-08-17 04:25:00,79.0797717666806
2016-08-17 04:30:00,80.0490622174148
2016-08-17 04:35:00,81.5017939024418
2016-08-17 04:40:00,82.8236806079584
2016-08-17 04:45:00,79.5169631086886
2016-08-17 04:50:00,78.45968065877119
2016-08-17 04:55:00,77.1133108646706
2016-08-17 05:00:00,75.2464911990038
2016-08-17 05:05:00,75.238575840337
2016-08-17 05:10:00,74.7675556670982
2016-08-17 05:15:00,75.34170616756441
2016-08-17 05:20:00,72.033121193003
2016-08-17 05:25:00,70.369063030564
2016-08-17 05:30:00,67.3894494171626
2016-08-17 05:35:00,70.9966699137858
2016-08-17 05:40:00,72.5195740900782
2016-08-17 05:45:00,70.4773720316378
2016-08-17 05:50:00,66.767125909111
2016-08-17 05:55:00,67.002678344599
2016-08-17 06:00:00,69.2972977006938
2016-08-17 06:05:00,70.1235019665574
2016-08-17 06:10:00,72.269192402495
2016-08-17 06:15:00,72.3579291200568
2016-08-17 06:20:00,70.5789917609864
2016-08-17 06:25:00,68.2227735215312
2016-08-17 06:30:00,69.3952403679648
2016-08-17 06:35:00,69.0576231770384
2016-08-17 06:40:00,67.16796004634179
2016-08-17 06:45:00,64.0798013256618
2016-08-17 06:50:00,63.856250870219604
2016-08-17 06:55:00,62.681652684621994
2016-08-17 07:00:00,60.45931779843941
2016-08-17 07:05:00,58.273222997990594
2016-08-17 07:10:00,51.029280321435195
2016-08-17 07:15:00,46.4403953582556
2016-08-17 07:20:00,43.1891377989788
2016-08-17 07:25:00,41.578021616920196
2016-08-17 07:30:00,40.4889075635736
2016-08-17 07:35:00,42.4486569225806
2016-08-17 07:40:00,44.6933612507796
2016-08-17 07:45:00,48.133375794485595
2016-08-17 07:50:00,49.5681967756974
2016-08-17 07:55:00,48.022471579873596
2016-08-17 08:00:00,44.084322664450994
2016-08-17 08:05:00,42.575086835751804
2016-08-17 08:10:00,40.995936160959204
2016-08-17 08:15:00,39.2400180297384
2016-08-17 08:20:00,39.5556059870824
2016-08-17 08:25:00,38.9209691788424
2016-08-17 08:30:00,38.1774728848862
2016-08-17 08:35:00,38.1491286312046
2016-08-17 08:40:00,40.2577199450928
2016-08-17 08:45:00,41.5062043851806
2016-08-17 08:50:00,45.2562916274602
2016-08-17 08:55:00,47.0795368496464
2016-08-17 09:00:00,44.0071429633182
2016-08-17 09:05:00,41.3787942143216
2016-08-17 09:10:00,38.5066698175736
2016-08-17 09:15:00,38.8868321141522
2016-08-17 09:20:00,40.4162280965792
2016-08-17 09:25:00,42.105184553497
2016-08-17 09:30:00,42.172738398461
2016-08-17 09:35:00,41.4535938686784
2016-08-17 09:40:00,41.4876252832672
2016-08-17 09:45:00,40.3161904646786
2016-08-17 09:50:00,38.1879011656678
2016-08-17 09:55:00,36.3304811574854
2016-08-17 10:00:00,34.5163914975448
2016-08-17 10:05:00,34.0152401689354
2016-08-17 10:10:00,32.6905390730148
2016-08-17 10:15:00,30.834679091893797
2016-08-17 10:20:00,29.522471325396403
2016-08-17 10:25:00,29.541977258211
2016-08-17 10:30:00,29.5224457322146
2016-08-17 10:35:00,30.9864585711454
2016-08-17 10:40:00,32.3522235671364
2016-08-17 10:45:00,30.877498223829598
2016-08-17 10:50:00,29.272478995207802
2016-08-17 10:55:00,28.871520648487596
2016-08-17 11:00:00,29.9014292214376
2016-08-17 11:05:00,32.8620534191894
2016-08-17 11:10:00,36.3407470137182
2016-08-17 11:15:00,37.506233795895
2016-08-17 11:20:00,39.2996872146038
2016-08-17 11:25:00,40.013318218269
2016-08-17 11:30:00,39.462412535362795
2016-08-17 11:35:00,38.296099457647
2016-08-17 11:40:00,37.9985204380792
2016-08-17 11:45:00,36.4869467299324
2016-08-17 11:50:00,36.3685391726444
2016-08-17 11:55:00,36.7518065007146
2016-08-17 12:00:00,35.4303001006516
2016-08-17 12:05:00,33.168288644529
2016-08-17 12:10:00,31.7639954904324
2016-08-17 12:15:00,31.058578251990202
2016-08-17 12:20:00,29.6444277594024
2016-08-17 12:25:00,30.3101962777962
2016-08-17 12:30:00,30.174842779637196
2016-08-17 12:35:00,30.988891254231998
2016-08-17 12:40:00,30.856995475445398
2016-08-17 12:45:00,30.178188429421198
2016-08-17 12:50:00,29.8459588891782
2016-08-17 12:55:00,30.0013087041662
2016-08-17 13:00:00,29.1295104662368
2016-08-17 13:05:00,30.795571524889404
2016-08-17 13:10:00,32.251506151232
2016-08-17 13:15:00,33.8852446902838
2016-08-17 13:20:00,32.949862064544405
2016-08-17 13:25:00,32.208378000990606
2016-08-17 13:30:00,32.023310695163204
2016-08-17 13:35:00,31.354101370483203
2016-08-17 13:40:00,29.4508485499152
2016-08-17 13:45:00,31.8744247965258
2016-08-17 13:50:00,33.985450023534
2016-08-17 13:55:00,33.0110427447726
2016-08-17 14:00:00,30.4979301972404
2016-08-17 14:05:00,30.7095980584972
2016-08-17 14:10:00,31.239506123253
2016-08-17 14:15:00,28.5422849505746
2016-08-17 14:20:00,26.4591764206162
2016-08-17 14:25:00,26.989875582023597
2016-08-17 14:30:00,26.028282836723797
2016-08-17 14:35:00,24.1018516165982
2016-08-17 14:40:00,22.625171460918402
2016-08-17 14:45:00,20.0115361441768
2016-08-17 14:50:00,18.480352545175002
2016-08-17 14:55:00,15.788119479103802
2016-08-17 15:00:00,13.309848995234399
2016-08-17 15:05:00,11.737609597477599
2016-08-17 15:10:00,10.75848381594332
2016-08-17 15:15:00,8.45804486772294
2016-08-17 15:20:00,7.02720044248848
2016-08-17 15:25:00,6.371814957957101
2016-08-17 15:30:00,6.23922231930252
2016-08-17 15:35:00,6.02499152784476
2016-08-17 15:40:00,5.943314605170039
2016-08-17 15:45:00,6.657582010275379
2016-08-17 15:50:00,7.408315269885859
2016-08-17 15:55:00,7.80604729238438
2016-08-17 16:00:00,9.3587950820961
2016-08-17 16:05:00,8.478761449199121
2016-08-17 16:10:00,8.1284082497501
2016-08-17 16:15:00,8.11689349792384
2016-08-17 16:20:00,8.78580786440054
2016-08-17 16:25:00,11.573562987836
2016-08-17 16:30:00,14.7483975077948
2016-08-17 16:35:00,14.3368592309198
2016-08-17 16:40:00,16.801936878261
2016-08-17 16:45:00,20.963233832447
2016-08-17 16:50:00,24.141789695287
2016-08-17 16:55:00,27.3102570290862
2016-08-17 17:00:00,32.554922257510796
2016-08-17 17:05:00,32.7596679435124
2016-08-17 17:10:00,37.9963070550764
2016-08-17 17:15:00,39.1201003191238
2016-08-17 17:20:00,39.0278229606928
2016-08-17 17:25:00,37.34469662672821
2016-08-17 17:30:00,34.5769403675032
2016-08-17 17:35:00,33.4300532160484
2016-08-17 17:40:00,32.937034785606
2016-08-17 17:45:00,32.9751191775294
2016-08-17 17:50:00,33.4012471837382
2016-08-17 17:55:00,30.2940037265682
2016-08-17 18:00:00,28.2934661340018
2016-08-17 18:05:00,25.4022595841124
2016-08-17 18:10:00,23.370728515667
2016-08-17 18:15:00,21.7743984176144
2016-08-17 18:20:00,18.205289180705797
2016-08-17 18:25:00,15.845880092992001
2016-08-17 18:30:00,16.994375652335002
2016-08-17 18:35:00,17.121282343436597
2016-08-17 18:40:00,15.8148297277294
2016-08-17 18:45:00,13.132372720955999
2016-08-17 18:50:00,11.4221175150468
2016-08-17 18:55:00,11.03060859927704
2016-08-17 19:00:00,9.61049702317752
2016-08-17 19:05:00,8.05286354382912
2016-08-17 19:10:00,6.18331412371548
2016-08-17 19:15:00,5.21836916251392
2016-08-17 19:20:00,5.2021620022011
2016-08-17 19:25:00,4.06394501085454
2016-08-17 19:30:00,2.53122698910942
2016-08-17 19:35:00,2.01620162650158
2016-08-17 19:40:00,1.4960703408731
2016-08-17 19:45:00,1.38072736461589
2016-08-17 19:50:00,1.88307192275002
2016-08-17 19:55:00,2.2690537390802397
2016-08-17 20:00:00,1.9524491534729003
2016-08-17 20:05:00,2.8649980119271397
2016-08-17 20:10:00,1.5519077757091602
2016-08-17 20:15:00,0.987756007077188
2016-08-17 20:20:00,1.070787896988062
2016-08-17 20:25:00,1.67204330723234
2016-08-17 20:30:00,2.16118407827348
2016-08-17 20:35:00,2.47950092494762
2016-08-17 20:40:00,2.30688479881806
2016-08-17 20:45:00,1.50577303568528
2016-08-17 20:50:00,1.7777863562574603
2016-08-17 20:55:00,1.6635934394536602
2016-08-17 21:00:00,1.5380617878265999
2016-08-17 21:05:00,1.499127894812398
2016-08-17 21:10:00,1.5000109721161201
2016-08-17 21:15:00,2.27142617177234
2016-08-17 21:20:00,1.86832282133056
2016-08-17 21:25:00,1.7940599320853199
2016-08-17 21:30:00,1.83003517536532
2016-08-17 21:35:00,2.01373979576198
2016-08-17 21:40:00,1.6500192376793401
2016-08-17 21:45:00,2.6340589613409398
2016-08-17 21:50:00,1.62860771544932
2016-08-17 21:55:00,2.11811147584016
2016-08-17 22:00:00,2.05862844364766
2016-08-17 22:05:00,2.4062971021621
2016-08-17 22:10:00,1.9681486992931803
2016-08-17 22:15:00,1.81795762564206
2016-08-17 22:20:00,3.0313865405212197
2016-08-17 22:25:00,1.7220986953874
2016-08-17 22:30:00,2.71889870187704
2016-08-17 22:35:00,2.48473746284416
2016-08-17 22:40:00,3.24911689998484
2016-08-17 22:45:00,3.44414209926178
2016-08-17 22:50:00,3.8004077411474397
2016-08-17 22:55:00,4.09007415190258
2016-08-17 23:00:00,3.3936381668980204
2016-08-17 23:05:00,2.55347196831184
2016-08-17 23:10:00,4.136244486084641
2016-08-17 23:15:00,3.73968033850688
2016-08-17 23:20:00,2.61160403800114
2016-08-17 23:25:00,2.33202236434558
2016-08-17 23:30:00,1.9393789652948399
2016-08-17 23:35:00,2.36551263804248
2016-08-17 23:40:00,2.31513260420334
2016-08-17 23:45:00,2.68440773933918
2016-08-17 23:50:00,2.5812917945166
2016-08-17 23:55:00,2.77526895547724
2016-08-18 00:00:00,2.79022996815402
2016-08-18 00:05:00,3.17113797464478
2016-08-18 00:10:00,2.62726806671738
2016-08-18 00:15:00,2.52279382103322
2016-08-18 00:20:00,2.3409165459769197
2016-08-18 00:25:00,2.98934946899106
2016-08-18 00:30:00,4.1254947968151
2016-08-18 00:35:00,3.9325834581622403
2016-08-18 00:40:00,3.4200379059678605
2016-08-18 00:45:00,3.83527146463024
2016-08-18 00:50:00,3.8981030660973603
2016-08-18 00:55:00,4.59976895238984
2016-08-18 01:00:00,5.10934849832178
2016-08-18 01:05:00,5.639105151576
2016-08-18 01:10:00,6.58186586318202
2016-08-18 01:15:00,5.76762475989552
2016-08-18 01:20:00,5.55808572960516
2016-08-18 01:25:00,5.17998576207186
2016-08-18 01:30:00,4.78397668635412
2016-08-18 01:35:00,4.809773458775839
2016-08-18 01:40:00,5.1191942466513
2016-08-18 01:45:00,5.50637226494486
2016-08-18 01:50:00,5.79572498723188
2016-08-18 01:55:00,5.68283082404494
2016-08-18 02:00:00,5.85720487637184
2016-08-18 02:05:00,6.68072445381098
2016-08-18 02:10:00,7.927928066141339
2016-08-18 02:15:00,8.408162426983079
2016-08-18 02:20:00,8.559852001826581
2016-08-18 02:25:00,8.93312866177384
2016-08-18 02:30:00,9.27956480176232
2016-08-18 02:35:00,10.16426551200616
2016-08-18 02:40:00,10.07634587396148
2016-08-18 02:45:00,10.12280767423788
2016-08-18 02:50:00,8.90665084357018
2016-08-18 02:55:00,8.41159563031394
2016-08-18 03:00:00,8.43604174327818
2016-08-18 03:05:00,8.10104631381498
2016-08-18 03:10:00,9.057082597746179
2016-08-18 03:15:00,11.325828652337
2016-08-18 03:20:00,11.840397906085
2016-08-18 03:25:00,11.4167309725802
2016-08-18 03:30:00,9.53504419970786
2016-08-18 03:35:00,7.3540331310338605
2016-08-18 03:40:00,6.32209969059656
2016-08-18 03:45:00,6.4503218599204
2016-08-18 03:50:00,5.80098229955546
2016-08-18 03:55:00,5.34511822339984
2016-08-18 04:00:00,4.9584109384655
2016-08-18 04:05:00,4.7947687073986005
2016-08-18 04:10:00,4.61793539127638
2016-08-18 04:15:00,5.26301448160334
2016-08-18 04:20:00,4.75060895799556
2016-08-18 04:25:00,4.47676244222166
2016-08-18 04:30:00,5.265471723031601
2016-08-18 04:35:00,6.4800783259666
2016-08-18 04:40:00,8.46478326100662
2016-08-18 04:45:00,7.9793765333726
2016-08-18 04:50:00,9.4985439709248
2016-08-18 04:55:00,9.769844319747822
2016-08-18 05:00:00,9.54674570583518
2016-08-18 05:05:00,9.49948449878146
2016-08-18 05:10:00,9.06241725135446
2016-08-18 05:15:00,10.23535355297324
2016-08-18 05:20:00,10.9320916049644
2016-08-18 05:25:00,10.00054538278074
2016-08-18 05:30:00,9.47460151328348
2016-08-18 05:35:00,10.112850658129139
2016-08-18 05:40:00,10.361358044084941
2016-08-18 05:45:00,10.203606803331379
2016-08-18 05:50:00,10.6585698939884
2016-08-18 05:55:00,11.6137480357172
2016-08-18 06:00:00,12.232370270354
2016-08-18 06:05:00,12.5176728514372
2016-08-18 06:10:00,12.032129095849001
2016-08-18 06:15:00,12.2084954619062
2016-08-18 06:20:00,12.130884931626401
2016-08-18 06:25:00,11.2375958696284
2016-08-18 06:30:00,9.825694144508441
2016-08-18 06:35:00,8.16666231865762
2016-08-18 06:40:00,7.58441094512694
2016-08-18 06:45:00,6.684410864804841
2016-08-18 06:50:00,6.31723809777716
2016-08-18 06:55:00,6.5718183476946805
2016-08-18 07:00:00,7.43276092034162
2016-08-18 07:05:00,8.11839828748334
2016-08-18 07:10:00,8.24444418724638
2016-08-18 07:15:00,8.08706273604766
2016-08-18 07:20:00,8.501800049092278
2016-08-18 07:25:00,7.93962324935666
2016-08-18 07:30:00,7.923688405783681
2016-08-18 07:35:00,8.220699000564661
2016-08-18 07:40:00,9.39022212393462
2016-08-18 07:45:00,10.4738527465116
2016-08-18 07:50:00,10.691398880393601
2016-08-18 07:55:00,9.37518136317002
2016-08-18 08:00:00,8.151135827127339
2016-08-18 08:05:00,7.28104741699388
2016-08-18 08:10:00,6.752245327657761
2016-08-18 08:15:00,6.68353511967536
2016-08-18 08:20:00,6.25910046216462
2016-08-18 08:25:00,6.07374782876302
2016-08-18 08:30:00,6.1681228431015
2016-08-18 08:35:00,6.628385541818799
2016-08-18 08:40:00,6.261429035869
2016-08-18 08:45:00,5.89986795464834
2016-08-18 08:50:00,5.93645055756016
2016-08-18 08:55:00,5.65618892449898
2016-08-18 09:00:00,5.4480001948731
2016-08-18 09:05:00,5.63498080822836
2016-08-18 09:10:00,4.68887651328682
2016-08-18 09:15:00,3.74589212324872
2016-08-18 09:20:00,3.53405254534144
2016-08-18 09:25:00,2.7130768688318
2016-08-18 09:30:00,1.66634952452486
2016-08-18 09:35:00,1.37967040251878
2016-08-18 09:40:00,1.29944772534926
2016-08-18 09:45:00,1.1783346214155
2016-08-18 09:50:00,1.28776718478708
2016-08-18 09:55:00,1.46970779553912
2016-08-18 10:00:00,2.0185092229698403
2016-08-18 10:05:00,1.8965890363638
2016-08-18 10:10:00,1.9104210725403
2016-08-18 10:15:00,1.8475386012646802
2016-08-18 10:20:00,2.0132717033493597
2016-08-18 10:25:00,1.8789632493153199
2016-08-18 10:30:00,1.89241465084326
2016-08-18 10:35:00,1.8367742979074202
2016-08-18 10:40:00,1.48244627212806
2016-08-18 10:45:00,1.2989246192769
2016-08-18 10:50:00,1.17936001426818
2016-08-18 10:55:00,0.786169615909418
2016-08-18 11:00:00,0.531979794319068
2016-08-18 11:05:00,0.32426139747398397
2016-08-18 11:10:00,0.189717385734412
2016-08-18 11:15:00,0.0767600682515302
2016-08-18 11:20:00,-0.01116593017971864
2016-08-18 11:25:00,-0.0420820072715334
2016-08-18 11:30:00,-0.0743602702058386
2016-08-18 11:35:00,-0.082469110062023
2016-08-18 11:40:00,-0.113997668393512
2016-08-18 11:45:00,-0.110982137924446
2016-08-18 11:50:00,-0.095822842734793
2016-08-18 11:55:00,-0.11296077951828601
2016-08-18 12:00:00,-0.115309970660602
2016-08-18 12:05:00,-0.097265443230043
2016-08-18 12:10:00,-0.0978643968556724
2016-08-18 12:15:00,-0.142515974523852
2016-08-18 12:20:00,-0.142062892581936
2016-08-18 12:25:00,-0.146831304957876
2016-08-18 12:30:00,-0.15073853139076202
2016-08-18 12:35:00,-0.15305855727126
2016-08-18 12:40:00,-0.152190114991704
2016-08-18 12:45:00,-0.16203602683892399
2016-08-18 12:50:00,-0.154581345386788
2016-08-18 12:55:00,-0.16336413921647402
2016-08-18 13:00:00,-0.167110206542178
2016-08-18 13:05:00,-0.167369816686518
2016-08-18 13:10:00,-0.167629426830858
2016-08-18 13:15:00,-0.167889036975196
2016-08-18 13:20:00,-0.16897078858833198
2016-08-18 13:25:00,-0.171845172883752
2016-08-18 13:30:00,-0.166655984630736
2016-08-18 13:35:00,-0.16949190183234603
2016-08-18 13:40:00,-0.165862706635702
2016-08-18 13:45:00,-0.15112854873155399
2016-08-18 13:50:00,-0.13442244670564402
2016-08-18 13:55:00,-0.12552160624853398
2016-08-18 14:00:00,-0.12387420771926401
2016-08-18 14:05:00,-0.129132903903584
2016-08-18 14:10:00,-0.10940842858623401
2016-08-18 14:15:00,-0.1020220938362798
2016-08-18 14:20:00,-0.13098241246647
2016-08-18 14:25:00,-0.126879831032338
2016-08-18 14:30:00,-0.14143962072072
2016-08-18 14:35:00,-0.16921279007738202
2016-08-18 14:40:00,-0.178791216443494
2016-08-18 14:45:00,-0.178693672338288
2016-08-18 14:50:00,-0.177482656782128
2016-08-18 14:55:00,-0.176271641225966
2016-08-18 15:00:00,-0.17506062566980402
2016-08-18 15:05:00,-0.173849610113644
2016-08-18 15:10:00,-0.172638594557482
2016-08-18 15:15:00,-0.171427579001322
2016-08-18 15:20:00,-0.170216563445158
2016-08-18 15:25:00,-0.17014224421082
2016-08-18 15:30:00,-0.165785573679332
2016-08-18 15:35:00,-0.150791760989234
2016-08-18 15:40:00,-0.09557429867123299
2016-08-18 15:45:00,0.0214575685646837
2016-08-18 15:50:00,0.22320064793186578
2016-08-18 15:55:00,0.6298334824066261
2016-08-18 16:00:00,0.88324103377794
2016-08-18 16:05:00,1.63613526220056
2016-08-18 16:10:00,2.59200090445812
2016-08-18 16:15:00,3.2763673726943603
2016-08-18 16:20:00,4.26557100121184
2016-08-18 16:25:00,4.6811994001068005
2016-08-18 16:30:00,5.4001790294354
2016-08-18 16:35:00,6.575241078308039
2016-08-18 16:40:00,6.36598131537388
2016-08-18 16:45:00,6.91452011206282
2016-08-18 16:50:00,8.59598916261764
2016-08-18 16:55:00,8.954342021221539
2016-08-18 17:00:00,9.15434123464056
2016-08-18 17:05:00,8.052194483341461
2016-08-18 17:10:00,7.82971471489468
2016-08-18 17:15:00,8.63812553569972
2016-08-18 17:20:00,8.5274572368065
2016-08-18 17:25:00,7.8450756982249406
2016-08-18 17:30:00,9.44871169959206
2016-08-18 17:35:00,11.612113172222939
2016-08-18 17:40:00,14.1560627323526
2016-08-18 17:45:00,13.444877802470398
2016-08-18 17:50:00,13.576241536732198
2016-08-18 17:55:00,18.7994533823536
2016-08-18 18:00:00,18.6330496066764
2016-08-18 18:05:00,17.1314476877224
2016-08-18 18:10:00,17.498371005982598
2016-08-18 18:15:00,17.0592479837388
2016-08-18 18:20:00,16.4481180818124
2016-08-18 18:25:00,15.276096978926
2016-08-18 18:30:00,17.023772829907198
2016-08-18 18:35:00,15.830568210267398
2016-08-18 18:40:00,13.9323680491824
2016-08-18 18:45:00,11.01813591383474
2016-08-18 18:50:00,13.756474239453002
2016-08-18 18:55:00,15.5748907664212
2016-08-18 19:00:00,12.890524130484
2016-08-18 19:05:00,14.320222866706601
2016-08-18 19:10:00,12.9752526259636
2016-08-18 19:15:00,13.4157506120862
2016-08-18 19:20:00,10.752689673662399
2016-08-18 19:25:00,9.4950312170193
2016-08-18 19:30:00,9.72489920890178
2016-08-18 19:35:00,7.020543341774319
2016-08-18 19:40:00,8.73751803571544
2016-08-18 19:45:00,9.51808152561876
2016-08-18 19:50:00,10.27792655728852
2016-08-18 19:55:00,8.129084401136339
2016-08-18 20:00:00,8.37780462851704
2016-08-18 20:05:00,7.69210231463836
2016-08-18 20:10:00,8.57656196089136
2016-08-18 20:15:00,9.169379634059021
2016-08-18 20:20:00,8.6250662599029
2016-08-18 20:25:00,7.641838805957219
2016-08-18 20:30:00,8.43569084817444
2016-08-18 20:35:00,8.980927133846281
2016-08-18 20:40:00,7.402723847677281
2016-08-18 20:45:00,6.87527438953362
2016-08-18 20:50:00,6.6019324461669395
2016-08-18 20:55:00,7.79824634770812
2016-08-18 21:00:00,6.82220190635384
2016-08-18 21:05:00,6.77031029220638
2016-08-18 21:10:00,8.27674438005862
2016-08-18 21:15:00,7.81043308869958
2016-08-18 21:20:00,7.803915919185241
2016-08-18 21:25:00,8.99649208506944
2016-08-18 21:30:00,8.23614730103258
2016-08-18 21:35:00,7.9592436322344
2016-08-18 21:40:00,7.10884575182138
2016-08-18 21:45:00,8.61000475674432
2016-08-18 21:50:00,7.909102649164299
2016-08-18 21:55:00,6.53179145557656
2016-08-18 22:00:00,7.02355524704504
2016-08-18 22:05:00,5.54230582796046
2016-08-18 22:10:00,5.8107344303328805
2016-08-18 22:15:00,7.26149559569738
2016-08-18 22:20:00,6.7118680585677
2016-08-18 22:25:00,4.0804364078657995
2016-08-18 22:30:00,4.30416948327952
2016-08-18 22:35:00,5.4221677487224
2016-08-18 22:40:00,6.10814947303234
2016-08-18 22:45:00,5.760560711816099
2016-08-18 22:50:00,5.8427861449211
2016-08-18 22:55:00,4.3812314334137
2016-08-18 23:00:00,5.38352183418818
2016-08-18 23:05:00,4.8804867033305595
2016-08-18 23:10:00,5.34118488193368
2016-08-18 23:15:00,5.54445430709404
2016-08-18 23:20:00,6.12787142035638
2016-08-18 23:25:00,5.751345863555399
2016-08-18 23:30:00,4.66463530035436
2016-08-18 23:35:00,4.90955561870396
2016-08-18 23:40:00,5.85442898747952
2016-08-18 23:45:00,6.28167666168792
2016-08-18 23:50:00,5.390812002170639
2016-08-18 23:55:00,3.9544423062722602
2016-08-19 00:00:00,3.40745216634172
2016-08-19 00:05:00,2.85077060770488
2016-08-19 00:10:00,2.84397457439044
2016-08-19 00:15:00,2.3355407075839603
2016-08-19 00:20:00,2.46073252028802
2016-08-19 00:25:00,2.06909364964024
2016-08-19 00:30:00,1.6273537224017
2016-08-19 00:35:00,1.69148568478914
2016-08-19 00:40:00,1.5300119796400602
2016-08-19 00:45:00,1.71264597901328
2016-08-19 00:50:00,3.05249128843132
2016-08-19 00:55:00,1.53609139895648
2016-08-19 01:00:00,1.82101342632718
2016-08-19 01:05:00,2.9452098882347797
2016-08-19 01:10:00,2.75913801018054
2016-08-19 01:15:00,3.06631044882248
2016-08-19 01:20:00,3.31967834932882
2016-08-19 01:25:00,2.83092325382876
2016-08-19 01:30:00,2.52756861178626
2016-08-19 01:35:00,1.65392291150682
2016-08-19 01:40:00,1.8223894164497998
2016-08-19 01:45:00,2.07053618760684
2016-08-19 01:50:00,1.9367155352832
2016-08-19 01:55:00,1.78620670976562
2016-08-19 02:00:00,1.38391514401684
2016-08-19 02:05:00,1.7694605303170199
2016-08-19 02:10:00,1.7746077447193798
2016-08-19 02:15:00,2.2583532527227197
2016-08-19 02:20:00,2.85404993602152
2016-08-19 02:25:00,3.3308116331253403
2016-08-19 02:30:00,3.9569669918477404
2016-08-19 02:35:00,5.3301945562020006
2016-08-19 02:40:00,6.67510460243778
2016-08-19 02:45:00,8.1280415687557
2016-08-19 02:50:00,8.25925861564958
2016-08-19 02:55:00,7.48746795221752
2016-08-19 03:00:00,8.1311379791959
2016-08-19 03:05:00,8.27364883978954
2016-08-19 03:10:00,8.282319276077379
2016-08-19 03:15:00,9.41693077343508
2016-08-19 03:20:00,10.03492187337748
2016-08-19 03:25:00,10.4893631615104
2016-08-19 03:30:00,10.6893920627892
2016-08-19 03:35:00,11.8696283206826
2016-08-19 03:40:00,11.4044388612026
2016-08-19 03:45:00,11.2244044701816
2016-08-19 03:50:00,11.15238892417946
2016-08-19 03:55:00,9.388007087259899
2016-08-19 04:00:00,8.35199004583408
2016-08-19 04:05:00,7.9226180308191605
2016-08-19 04:10:00,6.67760253373544
2016-08-19 04:15:00,4.385781776113499
2016-08-19 04:20:00,2.98815377719298
2016-08-19 04:25:00,3.15547715224806
2016-08-19 04:30:00,3.87399426126778
2016-08-19 04:35:00,2.90384623073252
2016-08-19 04:40:00,2.32506572695382
2016-08-19 04:45:00,2.80128886710484
2016-08-19 04:50:00,4.0130973282903195
2016-08-19 04:55:00,4.0958450191428
2016-08-19 05:00:00,4.1210313898991995
2016-08-19 05:05:00,4.7525039473231
2016-08-19 05:10:00,4.83649182445106
2016-08-19 05:15:00,4.90280121947736
2016-08-19 05:20:00,3.87433493379982
2016-08-19 05:25:00,3.09131645129692
2016-08-19 05:30:00,3.23986059084542
2016-08-19 05:35:00,3.33643798284508
2016-08-19 05:40:00,3.5116271033812
2016-08-19 05:45:00,3.77976708677562
2016-08-19 05:50:00,4.3536002834957
2016-08-19 05:55:00,3.97954048777248
2016-08-19 06:00:00,4.5792738491872
2016-08-19 06:05:00,6.20896843686622
2016-08-19 06:10:00,5.9097894206618395
2016-08-19 06:15:00,5.23076119966532
2016-08-19 06:20:00,4.9992910807782796
2016-08-19 06:25:00,4.77481355083826
2016-08-19 06:30:00,5.112033374311141
2016-08-19 06:35:00,4.9259939530974
2016-08-19 06:40:00,4.99233882681622
2016-08-19 06:45:00,4.77164014339224
2016-08-19 06:50:00,5.5264932295079
2016-08-19 06:55:00,5.83522664220716
2016-08-19 07:00:00,5.8312966662289
2016-08-19 07:05:00,5.56724633412658
2016-08-19 07:10:00,4.793522261202559
2016-08-19 07:15:00,3.96104053226548
2016-08-19 07:20:00,6.21781962440496
2016-08-19 07:25:00,12.10463798246458
2016-08-19 07:30:00,21.770342778098
2016-08-19 07:35:00,24.087453116276798
2016-08-19 07:40:00,19.8871137276242
2016-08-19 07:45:00,16.241260622078
2016-08-19 07:50:00,14.6715339169506
2016-08-19 07:55:00,13.278199102890198
2016-08-19 08:00:00,14.220557564033601
2016-08-19 08:05:00,17.345528744954997
2016-08-19 08:10:00,21.635871665635598
2016-08-19 08:15:00,24.474336476982398
2016-08-19 08:20:00,31.616707195192
2016-08-19 08:25:00,37.7558858131766
2016-08-19 08:30:00,49.6497426479186
2016-08-19 08:35:00,60.350004609841996
2016-08-19 08:40:00,62.933825460299396
2016-08-19 08:45:00,61.0767150646458
2016-08-19 08:50:00,62.85346556818659
2016-08-19 08:55:00,66.8392174817576
2016-08-19 09:00:00,67.32865894396079
2016-08-19 09:05:00,66.19847438874861
2016-08-19 09:10:00,66.2377916134026
2016-08-19 09:15:00,66.792744958941
2016-08-19 09:20:00,65.6090707030442
2016-08-19 09:25:00,64.8931038280266
2016-08-19 09:30:00,63.6886410715868
2016-08-19 09:35:00,60.8036742860492
2016-08-19 09:40:00,55.9200748441486
2016-08-19 09:45:00,52.665990336986205
2016-08-19 09:50:00,52.225120192279405
2016-08-19 09:55:00,49.610473878614
2016-08-19 10:00:00,47.309980292419404
2016-08-19 10:05:00,46.5090146226096
2016-08-19 10:10:00,43.246655679568
2016-08-19 10:15:00,40.6144637709768
2016-08-19 10:20:00,40.8376524364934
2016-08-19 10:25:00,40.949288961176606
2016-08-19 10:30:00,40.6229499229254
2016-08-19 10:35:00,39.6653987169204
2016-08-19 10:40:00,40.5162080243786
2016-08-19 10:45:00,41.4097809057472
2016-08-19 10:50:00,37.5421511417214
2016-08-19 10:55:00,39.9242691972564
2016-08-19 11:00:00,44.850002411924194
2016-08-19 11:05:00,43.359216807266
2016-08-19 11:10:00,44.7477090584072
2016-08-19 11:15:00,47.8901889983194
2016-08-19 11:20:00,53.584975409256
2016-08-19 11:25:00,57.0674507233388
2016-08-19 11:30:00,57.1202440131306
2016-08-19 11:35:00,60.8510567041508
2016-08-19 11:40:00,62.298111254097
2016-08-19 11:45:00,63.713149152636994
2016-08-19 11:50:00,66.2077291927254
2016-08-19 11:55:00,67.58218278417941
2016-08-19 12:00:00,71.88764605880701
2016-08-19 12:05:00,74.8068093392002
2016-08-19 12:10:00,71.6599683743688
2016-08-19 12:15:00,71.99178038942259
2016-08-19 12:20:00,73.5492406989076
2016-08-19 12:25:00,73.20224813679181
2016-08-19 12:30:00,71.83150089117841
2016-08-19 12:35:00,70.7641262090024
2016-08-19 12:40:00,71.62916232837719
2016-08-19 12:45:00,73.0733407304416
2016-08-19 12:50:00,70.3437533394468
2016-08-19 12:55:00,68.226617447064
2016-08-19 13:00:00,66.646361095693
2016-08-19 13:05:00,66.9789066854274
2016-08-19 13:10:00,66.017302579223
2016-08-19 13:15:00,60.936065578432206
2016-08-19 13:20:00,58.868365771091206
2016-08-19 13:25:00,56.3797705644626
2016-08-19 13:30:00,57.7036670812784
2016-08-19 13:35:00,55.6808372471222
2016-08-19 13:40:00,53.727870318025
2016-08-19 13:45:00,51.9221965051904
2016-08-19 13:50:00,45.220646659511395
2016-08-19 13:55:00,39.1742496059438
2016-08-19 14:00:00,38.3995807655962
2016-08-19 14:05:00,37.072547426868205
2016-08-19 14:10:00,37.0849436159234
2016-08-19 14:15:00,37.5168121797072
2016-08-19 14:20:00,36.6252166311636
2016-08-19 14:25:00,33.018241463824594
2016-08-19 14:30:00,28.790684281778802
2016-08-19 14:35:00,27.3026260628096
2016-08-19 14:40:00,24.9071060832954
2016-08-19 14:45:00,26.736041794350598
2016-08-19 14:50:00,32.121026634758195
2016-08-19 14:55:00,33.444089467785
2016-08-19 15:00:00,32.8886955201826
2016-08-19 15:05:00,32.770712992784
2016-08-19 15:10:00,34.7322914183784
2016-08-19 15:15:00,38.144902502804
2016-08-19 15:20:00,39.6502701368002
2016-08-19 15:25:00,33.950271766655405
2016-08-19 15:30:00,34.2359596328802
2016-08-19 15:35:00,34.9024198689742
2016-08-19 15:40:00,36.3392329582608
2016-08-19 15:45:00,37.8245148699688
2016-08-19 15:50:00,37.378927731280804
2016-08-19 15:55:00,38.2632909584342
2016-08-19 16:00:00,37.121853605054994
2016-08-19 16:05:00,39.1611767386224
2016-08-19 16:10:00,40.5286080202992
2016-08-19 16:15:00,39.1612975228786
2016-08-19 16:20:00,39.7944309123052
2016-08-19 16:25:00,44.429236873997596
2016-08-19 16:30:00,42.762195323031804
2016-08-19 16:35:00,39.374856019967396
2016-08-19 16:40:00,39.569406960654
2016-08-19 16:45:00,40.4506899901246
2016-08-19 16:50:00,42.1431829288026
2016-08-19 16:55:00,48.2017675560888
2016-08-19 17:00:00,51.6997088997806
2016-08-19 17:05:00,48.619566219320404
2016-08-19 17:10:00,49.3952161939252
2016-08-19 17:15:00,56.1731577734118
2016-08-19 17:20:00,55.7904567001494
2016-08-19 17:25:00,52.5860187697942
2016-08-19 17:30:00,53.16956529756239
2016-08-19 17:35:00,53.210132273681594
2016-08-19 17:40:00,51.1254964436404
2016-08-19 17:45:00,51.779708697979196
2016-08-19 17:50:00,48.2646405872878
2016-08-19 17:55:00,43.5350825159992
2016-08-19 18:00:00,44.4250885850588
2016-08-19 18:05:00,44.722968330051195
2016-08-19 18:10:00,43.5177024611246
2016-08-19 18:15:00,43.612195276675
2016-08-19 18:20:00,46.647828339632
2016-08-19 18:25:00,46.9618205905726
2016-08-19 18:30:00,49.401394208310606
2016-08-19 18:35:00,48.4432225838916
2016-08-19 18:40:00,43.877505582493995
2016-08-19 18:45:00,45.000114095608396
2016-08-19 18:50:00,44.3074896624774
2016-08-19 18:55:00,46.3672405756746
2016-08-19 19:00:00,47.114210584104605
2016-08-19 19:05:00,52.114381401970796
2016-08-19 19:10:00,53.706745303146604
2016-08-19 19:15:00,47.516168618104
2016-08-19 19:20:00,49.876187017963005
2016-08-19 19:25:00,47.2650059054304
2016-08-19 19:30:00,50.60835112655
2016-08-19 19:35:00,51.024511400691395
2016-08-19 19:40:00,45.902614839701
2016-08-19 19:45:00,47.712712903935
2016-08-19 19:50:00,49.4966593629918
2016-08-19 19:55:00,46.823433913069195
2016-08-19 20:00:00,42.6527556446774
2016-08-19 20:05:00,41.1693642418882
2016-08-19 20:10:00,47.152539056418604
2016-08-19 20:15:00,43.414069499450605
2016-08-19 20:20:00,46.1140337048286
2016-08-19 20:25:00,47.5109222126102
2016-08-19 20:30:00,45.8130458135034
2016-08-19 20:35:00,44.9462601634188
2016-08-19 20:40:00,43.5506443183492
2016-08-19 20:45:00,41.439496839083
2016-08-19 20:50:00,38.6831481727912
2016-08-19 20:55:00,38.3223234690016
2016-08-19 21:00:00,33.7681712223744
2016-08-19 21:05:00,39.9357491925396
2016-08-19 21:10:00,41.1796072411838
2016-08-19 21:15:00,37.515909616086404
2016-08-19 21:20:00,33.0982306442394
2016-08-19 21:25:00,35.0045510390496
2016-08-19 21:30:00,36.1216562918156
2016-08-19 21:35:00,31.369292408721
2016-08-19 21:40:00,30.1271987309754
2016-08-19 21:45:00,33.8202960471514
2016-08-19 21:50:00,33.7340679433172
2016-08-19 21:55:00,30.516669272161998
2016-08-19 22:00:00,37.8422472593818
2016-08-19 22:05:00,32.5383634833598
2016-08-19 22:10:00,29.2678390558792
2016-08-19 22:15:00,28.0548810836862
2016-08-19 22:20:00,28.264758022031998
2016-08-19 22:25:00,32.6685416902606
2016-08-19 22:30:00,26.387171348118603
2016-08-19 22:35:00,24.6878763412312
2016-08-19 22:40:00,24.5925281805498
2016-08-19 22:45:00,25.530544452728
2016-08-19 22:50:00,25.2289350188368
2016-08-19 22:55:00,27.615019633512997
2016-08-19 23:00:00,29.4614535826718
2016-08-19 23:05:00,25.1860417712586
2016-08-19 23:10:00,27.1831670220078
2016-08-19 23:15:00,25.1829128633778
2016-08-19 23:20:00,32.2862075687572
2016-08-19 23:25:00,28.3754274441256
2016-08-19 23:30:00,23.4858901043754
2016-08-19 23:35:00,23.4959963304416
2016-08-19 23:40:00,24.344160570352
2016-08-19 23:45:00,27.0741107319812
2016-08-19 23:50:00,26.901303772842
2016-08-19 23:55:00,25.350070944705003
2016-08-20 00:00:00,25.2444825373506
2016-08-20 00:05:00,22.5662688619922
2016-08-20 00:10:00,25.4457460769058
2016-08-20 00:15:00,22.2280136235372
2016-08-20 00:20:00,23.7296851272326
2016-08-20 00:25:00,24.8006036332056
2016-08-20 00:30:00,24.516990051251
2016-08-20 00:35:00,28.770309056094998
2016-08-20 00:40:00,22.246283159230803
2016-08-20 00:45:00,23.6864872821446
2016-08-20 00:50:00,23.172985167004
2016-08-20 00:55:00,20.8257226988766
2016-08-20 01:00:00,20.2053885962278
2016-08-20 01:05:00,19.0670982571116
2016-08-20 01:10:00,20.5122348881888
2016-08-20 01:15:00,22.4822143329818
2016-08-20 01:20:00,21.6731602573416
2016-08-20 01:25:00,18.717038486878998
2016-08-20 01:30:00,16.532799975091002
2016-08-20 01:35:00,18.028440486422603
2016-08-20 01:40:00,18.2127978768202
2016-08-20 01:45:00,20.1627697355234
2016-08-20 01:50:00,20.1724492827252
2016-08-20 01:55:00,20.8526230033708
2016-08-20 02:00:00,17.691985817668602
2016-08-20 02:05:00,17.5205048236726
2016-08-20 02:10:00,16.5796849364556
2016-08-20 02:15:00,17.733272174352003
2016-08-20 02:20:00,17.202227922908598
2016-08-20 02:25:00,15.689256937830601
2016-08-20 02:30:00,15.330388832172599
2016-08-20 02:35:00,15.5138602673116
2016-08-20 02:40:00,16.7530387777634
2016-08-20 02:45:00,16.4505527744118
2016-08-20 02:50:00,15.872828900006999
2016-08-20 02:55:00,16.4617307543732
2016-08-20 03:00:00,16.5388536953016
2016-08-20 03:05:00,15.768945987195199
2016-08-20 03:10:00,13.903905977520001
2016-08-20 03:15:00,12.5292974296214
2016-08-20 03:20:00,12.120377224627001
2016-08-20 03:25:00,10.8873559904616
2016-08-20 03:30:00,8.92855825068524
2016-08-20 03:35:00,7.11717775247274
2016-08-20 03:40:00,7.0587106993381195
2016-08-20 03:45:00,7.55280760845262
2016-08-20 03:50:00,6.467008683260301
2016-08-20 03:55:00,5.2740864944868004
2016-08-20 04:00:00,5.407648623333801
2016-08-20 04:05:00,4.7069285368376
2016-08-20 04:10:00,4.1294195528693995
2016-08-20 04:15:00,3.5598851925149395
2016-08-20 04:20:00,3.3109519268816596
2016-08-20 04:25:00,2.86615426987552
2016-08-20 04:30:00,2.1970559123655398
2016-08-20 04:35:00,1.70576817918524
2016-08-20 04:40:00,1.47215078258544
2016-08-20 04:45:00,1.17872417462318
2016-08-20 04:50:00,0.9323308796041481
2016-08-20 04:55:00,0.74842145632071
2016-08-20 05:00:00,0.488669804065234
2016-08-20 05:05:00,0.338094326777328
2016-08-20 05:10:00,0.182352618967088
2016-08-20 05:15:00,0.07584878473951659
2016-08-20 05:20:00,0.0163300578567748
2016-08-20 05:25:00,-0.018339111294968978
2016-08-20 05:30:00,-0.0665530247838582
2016-08-20 05:35:00,-0.0785267878101518
2016-08-20 05:40:00,-0.076455858703516
2016-08-20 05:45:00,-0.10864856123825
2016-08-20 05:50:00,-0.14403030835263
2016-08-20 05:55:00,-0.15273485497495
2016-08-20 06:00:00,-0.17322960123203
2016-08-20 06:05:00,-0.184710325339578
2016-08-20 06:10:00,-0.18284197652408002
2016-08-20 06:15:00,-0.180860871845686
2016-08-20 06:20:00,-0.17887976716728998
2016-08-20 06:25:00,-0.178427090116518
2016-08-20 06:30:00,-0.171862126948754
2016-08-20 06:35:00,-0.181331542055476
2016-08-20 06:40:00,-0.18096213960497
2016-08-20 06:45:00,-0.18022475694592
2016-08-20 06:50:00,-0.178309986156414
2016-08-20 06:55:00,-0.177719694426762
2016-08-20 07:00:00,-0.176472696438586
2016-08-20 07:05:00,-0.174449883632828
2016-08-20 07:10:00,-0.16981917674406
2016-08-20 07:15:00,-0.16418396355404
2016-08-20 07:20:00,-0.153792520870254
2016-08-20 07:25:00,-0.16140823782060001
2016-08-20 07:30:00,-0.16103277935078
2016-08-20 07:35:00,-0.16114875921497201
2016-08-20 07:40:00,-0.16165148048602002
2016-08-20 07:45:00,-0.16215420175707002
2016-08-20 07:50:00,-0.162656923028112
2016-08-20 07:55:00,-0.16316214529884002
2016-08-20 08:00:00,-0.16112294032747
2016-08-20 08:05:00,-0.164311595319592
2016-08-20 08:10:00,-0.16083737995268801
2016-08-20 08:15:00,-0.155187976033072
2016-08-20 08:20:00,-0.160761151975338
2016-08-20 08:25:00,-0.166754711599918
2016-08-20 08:30:00,-0.156757388422872
2016-08-20 08:35:00,-0.153953479987906
2016-08-20 08:40:00,-0.08893810778348141
2016-08-20 08:45:00,-0.135819588883626
2016-08-20 08:50:00,-0.17229392808785599
2016-08-20 08:55:00,-0.17549291074769
2016-08-20 09:00:00,-0.17701411782849
2016-08-20 09:05:00,-0.17634428497787
2016-08-20 09:10:00,-0.170848628039428
2016-08-20 09:15:00,-0.17072107669033398
2016-08-20 09:20:00,-0.16326554399152998
2016-08-20 09:25:00,-0.160204714855336
2016-08-20 09:30:00,-0.141563132249658
2016-08-20 09:35:00,-0.0864234939073144
2016-08-20 09:40:00,-0.0931522460644912
2016-08-20 09:45:00,-0.12515347911038202
2016-08-20 09:50:00,-0.148154424306496
2016-08-20 09:55:00,-0.153265195823018
2016-08-20 10:00:00,-0.14340537906005998
2016-08-20 10:05:00,-0.126601943361868
2016-08-20 10:10:00,-0.120297437137762
2016-08-20 10:15:00,-0.1016781082671288
2016-08-20 10:20:00,-0.09823950754017541
2016-08-20 10:25:00,-0.11872592064856599
2016-08-20 10:30:00,-0.11643307692151401
2016-08-20 10:35:00,-0.11860958113670801
2016-08-20 10:40:00,-0.13123188916231002
2016-08-20 10:45:00,-0.14002199083345798
2016-08-20 10:50:00,-0.14076398179570998
2016-08-20 10:55:00,-0.12588030004343
2016-08-20 11:00:00,-0.114048754910042
2016-08-20 11:05:00,-0.088049065850007
2016-08-20 11:10:00,-0.049290434627031796
2016-08-20 11:15:00,-0.029591961957543822
2016-08-20 11:20:00,-0.0898974195091288
2016-08-20 11:25:00,-0.0948640095185152
2016-08-20 11:30:00,-0.125565217973516
2016-08-20 11:35:00,-0.124650214263346
2016-08-20 11:40:00,-0.13199852569655798
2016-08-20 11:45:00,-0.144933443855518
2016-08-20 11:50:00,-0.14578483661922398
2016-08-20 11:55:00,-0.15997169332582
2016-08-20 12:00:00,-0.159715687596314
2016-08-20 12:05:00,-0.17181566349139601
2016-08-20 12:10:00,-0.17888528863992
2016-08-20 12:15:00,-0.17523322836317198
2016-08-20 12:20:00,-0.171593090692734
2016-08-20 12:25:00,-0.17008522798258402
2016-08-20 12:30:00,-0.170149996985574
2016-08-20 12:35:00,-0.170214765988566
2016-08-20 12:40:00,-0.17027953499155601
2016-08-20 12:45:00,-0.17034430399454598
2016-08-20 12:50:00,-0.17042112980136398
2016-08-20 12:55:00,-0.17071356983065
2016-08-20 13:00:00,-0.17108563231061
2016-08-20 13:05:00,-0.171457694790564
2016-08-20 13:10:00,-0.171826720833024
2016-08-20 13:15:00,-0.17187841762434602
2016-08-20 13:20:00,-0.171717464071734
2016-08-20 13:25:00,-0.171556510519116
2016-08-20 13:30:00,-0.170173854146972
2016-08-20 13:35:00,-0.166519672047518
2016-08-20 13:40:00,-0.16848470280563801
2016-08-20 13:45:00,-0.170013074524094
2016-08-20 13:50:00,-0.16963248586507002
2016-08-20 13:55:00,-0.16414826423872
2016-08-20 14:00:00,-0.157720121831948
2016-08-20 14:05:00,-0.157983236350006
2016-08-20 14:10:00,-0.16274747571952
2016-08-20 14:15:00,-0.15803547874024798
2016-08-20 14:20:00,-0.152390375477608
2016-08-20 14:25:00,-0.13795110711303
2016-08-20 14:30:00,-0.128275631082386
2016-08-20 14:35:00,-0.075620854994879
2016-08-20 14:40:00,-0.12323646666385801
2016-08-20 14:45:00,-0.11434844593645618
2016-08-20 14:50:00,-0.1047746271032208
2016-08-20 14:55:00,-0.143489270157692
2016-08-20 15:00:00,-0.165507280335438
2016-08-20 15:05:00,-0.175632942310242
2016-08-20 15:10:00,-0.17892984958462801
2016-08-20 15:15:00,-0.172897573085312
2016-08-20 15:20:00,-0.177500513610542
2016-08-20 15:25:00,-0.17577168980127
2016-08-20 15:30:00,-0.175862417386028
2016-08-20 15:35:00,-0.16661730698274999
2016-08-20 15:40:00,-0.173102506391636
2016-08-20 15:45:00,-0.166077479442372
2016-08-20 15:50:00,-0.175639678070314
2016-08-20 15:55:00,-0.1790928681664
2016-08-20 16:00:00,-0.174302983255386
2016-08-20 16:05:00,-0.17937969699204998
2016-08-20 16:10:00,-0.179110678041222
2016-08-20 16:15:00,-0.176174386851992
2016-08-20 16:20:00,-0.172712513290468
2016-08-20 16:25:00,-0.168942266226716
2016-08-20 16:30:00,-0.17500895778188
2016-08-20 16:35:00,-0.17438807705137999
2016-08-20 16:40:00,-0.169245763450528
2016-08-20 16:45:00,-0.173612274028642
2016-08-20 16:50:00,-0.17064442427481402
2016-08-20 16:55:00,-0.172507963889716
2016-08-20 17:00:00,-0.174229761181772
2016-08-20 17:05:00,-0.164308456968896
2016-08-20 17:10:00,-0.1245389809844368
2016-08-20 17:15:00,-0.157478355617784
2016-08-20 17:20:00,-0.164866176584902
2016-08-20 17:25:00,-0.171789266758512
2016-08-20 17:30:00,-0.16052824266126
2016-08-20 17:35:00,-0.15726100320318798
2016-08-20 17:40:00,-0.13032907394445398
2016-08-20 17:45:00,-0.0865857686192828
2016-08-20 17:50:00,-0.0837664363834463
2016-08-20 17:55:00,-0.06586859159729089
2016-08-20 18:00:00,-0.0987617292318858
2016-08-20 18:05:00,0.00022298959125600094
2016-08-20 18:10:00,-0.048243252171391124
2016-08-20 18:15:00,-0.0471250837236844
2016-08-20 18:20:00,-0.008396066022927199
2016-08-20 18:25:00,-0.007460274426190359
2016-08-20 18:30:00,0.023718914104895177
2016-08-20 18:35:00,-0.0267462682831472
2016-08-20 18:40:00,-0.05648084662766354
2016-08-20 18:45:00,-0.002126066184428596
2016-08-20 18:50:00,0.0418500606184536
2016-08-20 18:55:00,-0.047891686147738796
2016-08-20 19:00:00,0.0592973277873254
2016-08-20 19:05:00,-0.020805368808553198
2016-08-20 19:10:00,-0.022520493494657217
2016-08-20 19:15:00,0.1634891511692834
2016-08-20 19:20:00,0.2093026689014749
2016-08-20 19:25:00,-0.02325685298282998
2016-08-20 19:30:00,0.0358491873576046
2016-08-20 19:35:00,-0.02044324794150624
2016-08-20 19:40:00,0.081865569510052
2016-08-20 19:45:00,-0.01424248185022306
2016-08-20 19:50:00,0.07846558181662441
2016-08-20 19:55:00,0.16704893274199578
2016-08-20 20:00:00,-0.048458942032193135
2016-08-20 20:05:00,0.1113308652748916
2016-08-20 20:10:00,0.083615069406493
2016-08-20 20:15:00,0.184744522926586
2016-08-20 20:20:00,0.381381226744554
2016-08-20 20:25:00,0.17873185945325
2016-08-20 20:30:00,-0.01827523716858328
2016-08-20 20:35:00,0.137120977750058
2016-08-20 20:40:00,0.20934789795104497
2016-08-20 20:45:00,0.14753811998709132
2016-08-20 20:50:00,0.0940327947750208
2016-08-20 20:55:00,0.021109570330890802
2016-08-20 21:00:00,0.022417316460394042
2016-08-20 21:05:00,0.046800651919592665
2016-08-20 21:10:00,0.23884625310121357
2016-08-20 21:15:00,0.018779829476446654
2016-08-20 21:20:00,-0.0078031136426536
2016-08-20 21:25:00,0.1483175579929672
2016-08-20 21:30:00,0.28283839978776604
2016-08-20 21:35:00,0.5098617126304019
2016-08-20 21:40:00,0.262935391600586
2016-08-20 21:45:00,0.0404294861164076
2016-08-20 21:50:00,-0.022191634409427598
2016-08-20 21:55:00,0.04145162418580356
2016-08-20 22:00:00,-0.045088307408611424
2016-08-20 22:05:00,-0.0150243373832184
2016-08-20 22:10:00,-0.0511286154651732
2016-08-20 22:15:00,0.0130658821126288
2016-08-20 22:20:00,0.196934028224105
2016-08-20 22:25:00,0.581912109746586
2016-08-20 22:30:00,0.6604627449824559
2016-08-20 22:35:00,0.852705602874568
2016-08-20 22:40:00,0.742867162566134
2016-08-20 22:45:00,1.025376914706424
2016-08-20 22:50:00,0.709464488639646
2016-08-20 22:55:00,0.34639699719679
2016-08-20 23:00:00,0.55782907550764
2016-08-20 23:05:00,0.590647097007566
2016-08-20 23:10:00,0.691071942109342
2016-08-20 23:15:00,0.5334840814097801
2016-08-20 23:20:00,0.262967837768396
2016-08-20 23:25:00,0.0784221040602389
2016-08-20 23:30:00,0.0444086224227848
2016-08-20 23:35:00,0.0868722139284988
2016-08-20 23:40:00,0.1467595872031638
2016-08-20 23:45:00,0.0837953577096024
2016-08-20 23:50:00,0.04235136665284186
2016-08-20 23:55:00,0.06511388692935963
2016-08-21 00:00:00,-0.05826786730247824
2016-08-21 00:05:00,-0.1018600473477744
2016-08-21 00:10:00,-0.07568651711021
2016-08-21 00:15:00,-0.0758816921712106
2016-08-21 00:20:00,-0.149534160794382
2016-08-21 00:25:00,-0.15122578653289
2016-08-21 00:30:00,-0.150401034938006
2016-08-21 00:35:00,-0.14671809473075198
2016-08-21 00:40:00,-0.15365124603980002
2016-08-21 00:45:00,-0.14941436822219
2016-08-21 00:50:00,-0.149312344960206
2016-08-21 00:55:00,-0.133278255746494
2016-08-21 01:00:00,-0.148347754071564
2016-08-21 01:05:00,-0.164725882648312
2016-08-21 01:10:00,-0.161696756997074
2016-08-21 01:15:00,-0.166766205027442
2016-08-21 01:20:00,-0.172446325757078
2016-08-21 01:25:00,-0.171186652349408
2016-08-21 01:30:00,-0.16070971949148
2016-08-21 01:35:00,-0.16962278354612398
2016-08-21 01:40:00,-0.177246414142058
2016-08-21 01:45:00,-0.17363089722873598
2016-08-21 01:50:00,-0.17808510335695998
2016-08-21 01:55:00,-0.180449993123678
2016-08-21 02:00:00,-0.18306960178533
2016-08-21 02:05:00,-0.182770264643188
2016-08-21 02:10:00,-0.18247092750104602
2016-08-21 02:15:00,-0.182171590358902
2016-08-21 02:20:00,-0.18187225321675998
2016-08-21 02:25:00,-0.18157291607462
2016-08-21 02:30:00,-0.181273578932478
2016-08-21 02:35:00,-0.180974241790336
2016-08-21 02:40:00,-0.180674904648194
2016-08-21 02:45:00,-0.18037556750605
2016-08-21 02:50:00,-0.18007623036391002
2016-08-21 02:55:00,-0.18011962861408398
2016-08-21 03:00:00,-0.1807234923798
2016-08-21 03:05:00,-0.18133537589654
2016-08-21 03:10:00,-0.181947259413278
2016-08-21 03:15:00,-0.18255914293001801
2016-08-21 03:20:00,-0.183171026446758
2016-08-21 03:25:00,-0.183782909963498
2016-08-21 03:30:00,-0.18232292919559398
2016-08-21 03:35:00,-0.172367551939154
2016-08-21 03:40:00,-0.161496906744786
2016-08-21 03:45:00,-0.144746563559874
2016-08-21 03:50:00,-0.0995163601910882
2016-08-21 03:55:00,0.024901929408522
2016-08-21 04:00:00,0.193756930155016
2016-08-21 04:05:00,0.871824651879658
2016-08-21 04:10:00,2.61661250775504
2016-08-21 04:15:00,5.63811900401622
2016-08-21 04:20:00,6.674442391601519
2016-08-21 04:25:00,6.837933920317761
2016-08-21 04:30:00,8.04223292217586
2016-08-21 04:35:00,10.20834093302052
2016-08-21 04:40:00,16.695498695340397
2016-08-21 04:45:00,19.9047018853956
2016-08-21 04:50:00,19.204011687235003
2016-08-21 04:55:00,18.009236830892
2016-08-21 05:00:00,17.180949491038398
2016-08-21 05:05:00,19.580558076212
2016-08-21 05:10:00,22.1596746434514
2016-08-21 05:15:00,22.622129468814002
2016-08-21 05:20:00,23.8050390477598
2016-08-21 05:25:00,26.4512343693522
2016-08-21 05:30:00,29.506113625354395
2016-08-21 05:35:00,27.9620173452872
2016-08-21 05:40:00,25.807118306445197
2016-08-21 05:45:00,27.480832204592797
2016-08-21 05:50:00,32.1123548834308
2016-08-21 05:55:00,36.100263004265
2016-08-21 06:00:00,36.1784992948072
2016-08-21 06:05:00,35.6470013201286
2016-08-21 06:10:00,36.333347456819
2016-08-21 06:15:00,35.7376903770372
2016-08-21 06:20:00,34.0738823573758
2016-08-21 06:25:00,37.087077672063195
2016-08-21 06:30:00,39.120386401451995
2016-08-21 06:35:00,38.352249144454206
2016-08-21 06:40:00,38.064477007305
2016-08-21 06:45:00,35.6101665981214
2016-08-21 06:50:00,32.419143519074396
2016-08-21 06:55:00,35.699804322140196
2016-08-21 07:00:00,36.6411949401286
2016-08-21 07:05:00,35.8854356104244
2016-08-21 07:10:00,32.4477710192022
2016-08-21 07:15:00,30.4237190751014
2016-08-21 07:20:00,32.1976691696922
2016-08-21 07:25:00,32.5313796314118
2016-08-21 07:30:00,31.064067734929598
2016-08-21 07:35:00,29.8305010489584
2016-08-21 07:40:00,28.9433112399768
2016-08-21 07:45:00,28.2860339112622
2016-08-21 07:50:00,28.178421388042
2016-08-21 07:55:00,36.10295228566
2016-08-21 08:00:00,41.096670796741606
2016-08-21 08:05:00,39.132915513842
2016-08-21 08:10:00,32.754861248950604
2016-08-21 08:15:00,25.2640625537664
2016-08-21 08:20:00,16.8453984156254
2016-08-21 08:25:00,11.8554668162502
2016-08-21 08:30:00,9.69573157550798
2016-08-21 08:35:00,6.236748553765
2016-08-21 08:40:00,5.2463369951782
2016-08-21 08:45:00,4.928553663242861
2016-08-21 08:50:00,6.1932947331604
2016-08-21 08:55:00,6.9346088706255005
2016-08-21 09:00:00,8.7915601544832
2016-08-21 09:05:00,10.81838228177996
2016-08-21 09:10:00,12.6527322522498
2016-08-21 09:15:00,12.0193993735126
2016-08-21 09:20:00,12.27243354929
2016-08-21 09:25:00,13.1246487990248
2016-08-21 09:30:00,14.972531069921398
2016-08-21 09:35:00,16.3706477492138
2016-08-21 09:40:00,17.2275502030894
2016-08-21 09:45:00,17.721616361130398
2016-08-21 09:50:00,16.233665802598
2016-08-21 09:55:00,16.4925155662024
2016-08-21 10:00:00,17.522432366291802
2016-08-21 10:05:00,18.2606092102108
2016-08-21 10:10:00,18.167264053333
2016-08-21 10:15:00,17.7805977619536
2016-08-21 10:20:00,20.9835855795154
2016-08-21 10:25:00,22.2514921874064
2016-08-21 10:30:00,20.2523788150092
2016-08-21 10:35:00,20.739767943818798
2016-08-21 10:40:00,21.2975734361962
2016-08-21 10:45:00,20.067450828793802
2016-08-21 10:50:00,22.174514139795
2016-08-21 10:55:00,24.5536476496126
2016-08-21 11:00:00,24.3352278902742
2016-08-21 11:05:00,22.951699857066398
2016-08-21 11:10:00,20.2200552728416
2016-08-21 11:15:00,18.9999517683452
2016-08-21 11:20:00,17.9260373332336
2016-08-21 11:25:00,18.4807023455828
2016-08-21 11:30:00,20.7622101818542
2016-08-21 11:35:00,21.3479685968462
2016-08-21 11:40:00,20.072601145679197
2016-08-21 11:45:00,19.392050897093
2016-08-21 11:50:00,19.1321615393646
2016-08-21 11:55:00,17.184794170329802
2016-08-21 12:00:00,17.129026679577
2016-08-21 12:05:00,15.712940336179198
2016-08-21 12:10:00,15.546954278968201
2016-08-21 12:15:00,15.593447843296
2016-08-21 12:20:00,14.874489733789
2016-08-21 12:25:00,13.7501240127514
2016-08-21 12:30:00,12.808896450178798
2016-08-21 12:35:00,11.1141963429006
2016-08-21 12:40:00,10.45409880765522
2016-08-21 12:45:00,9.04130063825022
2016-08-21 12:50:00,6.91071266714638
2016-08-21 12:55:00,5.82129417205726
2016-08-21 13:00:00,6.354600484326061
2016-08-21 13:05:00,6.57413443949166
2016-08-21 13:10:00,6.764061483216141
2016-08-21 13:15:00,6.3288998721031
2016-08-21 13:20:00,5.928930444119421
2016-08-21 13:25:00,5.84306939871804
2016-08-21 13:30:00,6.58812010838696
2016-08-21 13:35:00,5.20828752113248
2016-08-21 13:40:00,4.65040259327908
2016-08-21 13:45:00,4.1878796211951395
2016-08-21 13:50:00,4.99699922816216
2016-08-21 13:55:00,6.769690110437679
2016-08-21 14:00:00,10.204188546905481
2016-08-21 14:05:00,11.6682917563178
2016-08-21 14:10:00,8.69468500719994
2016-08-21 14:15:00,7.116059981954019
2016-08-21 14:20:00,5.99903888355458
2016-08-21 14:25:00,5.44732239364822
2016-08-21 14:30:00,5.80173460242454
2016-08-21 14:35:00,8.45937401546378
2016-08-21 14:40:00,9.08817232693446
2016-08-21 14:45:00,7.038077226101061
2016-08-21 14:50:00,6.85861805847594
2016-08-21 14:55:00,6.2133133699088
2016-08-21 15:00:00,5.79737208490346
2016-08-21 15:05:00,5.35502063096718
2016-08-21 15:10:00,5.22297405450296
2016-08-21 15:15:00,5.631836172008001
2016-08-21 15:20:00,8.00312994988156
2016-08-21 15:25:00,8.78783351418156
2016-08-21 15:30:00,9.78331878163392
2016-08-21 15:35:00,15.423380823703202
2016-08-21 15:40:00,17.6822946245764
2016-08-21 15:45:00,17.597136224638
2016-08-21 15:50:00,17.222733451998
2016-08-21 15:55:00,12.5096471099992
2016-08-21 16:00:00,10.1104527618582
2016-08-21 16:05:00,7.0876752966084595
2016-08-21 16:10:00,6.7472343566400195
2016-08-21 16:15:00,6.08036572146582
2016-08-21 16:20:00,4.88420203481488
2016-08-21 16:25:00,7.0863808807908
2016-08-21 16:30:00,10.6876101045775
2016-08-21 16:35:00,18.290077363786402
2016-08-21 16:40:00,34.064825827159
2016-08-21 16:45:00,42.2610410823946
2016-08-21 16:50:00,52.389851078785604
2016-08-21 16:55:00,49.1759521671156
2016-08-21 17:00:00,42.0824468170132
2016-08-21 17:05:00,40.5413026071366
2016-08-21 17:10:00,45.9676416716336
2016-08-21 17:15:00,54.241486769161405
2016-08-21 17:20:00,57.361740281360404
2016-08-21 17:25:00,64.9677128324244
2016-08-21 17:30:00,66.1166238530414
2016-08-21 17:35:00,61.710560417821604
2016-08-21 17:40:00,58.616497308583995
2016-08-21 17:45:00,58.2883582429984
2016-08-21 17:50:00,59.4476969650074
2016-08-21 17:55:00,60.045202758945194
2016-08-21 18:00:00,61.0061286333232
2016-08-21 18:05:00,60.062825407647594
2016-08-21 18:10:00,61.1467980927648
2016-08-21 18:15:00,67.2878874103944
2016-08-21 18:20:00,67.59452340402001
2016-08-21 18:25:00,69.2824759633844
2016-08-21 18:30:00,73.07585047610459
2016-08-21 18:35:00,73.423699487818
2016-08-21 18:40:00,72.85077338874541
2016-08-21 18:45:00,74.4868816845752
2016-08-21 18:50:00,74.8636000844244
2016-08-21 18:55:00,75.7572382194636
2016-08-21 19:00:00,74.01124710631039
2016-08-21 19:05:00,75.3548508625982
2016-08-21 19:10:00,77.3154817286144
2016-08-21 19:15:00,76.2134364944714
2016-08-21 19:20:00,77.63914897247
2016-08-21 19:25:00,76.7254583014074
2016-08-21 19:30:00,78.0551882437666
2016-08-21 19:35:00,79.9608500357054
2016-08-21 19:40:00,82.0646935134054
2016-08-21 19:45:00,82.22577277120979
2016-08-21 19:50:00,82.8319758944818
2016-08-21 19:55:00,84.4393238619294
2016-08-21 20:00:00,83.3001504888712
2016-08-21 20:05:00,85.2616281850896
2016-08-21 20:10:00,85.0729516553744
2016-08-21 20:15:00,85.46133829918219
2016-08-21 20:20:00,85.6915953525186
2016-08-21 20:25:00,85.9228332911334
2016-08-21 20:30:00,86.5562145179212
2016-08-21 20:35:00,85.95048884666559
2016-08-21 20:40:00,86.9067508660046
2016-08-21 20:45:00,86.39276401388939
2016-08-21 20:50:00,84.632598694557
2016-08-21 20:55:00,84.9119112697618
2016-08-21 21:00:00,85.160072459289
2016-08-21 21:05:00,85.4826282198302
2016-08-21 21:10:00,85.78451567466
2016-08-21 21:15:00,84.3640933550878
2016-08-21 21:20:00,83.795720185303
2016-08-21 21:25:00,81.5167092351702
2016-08-21 21:30:00,79.6989153908644
2016-08-21 21:35:00,80.0688804724642
2016-08-21 21:40:00,80.03721673406599
2016-08-21 21:45:00,79.7561305891862
2016-08-21 21:50:00,79.8140968079596
2016-08-21 21:55:00,81.2836685365396
2016-08-21 22:00:00,79.2658174032496
2016-08-21 22:05:00,78.689881979954
2016-08-21 22:10:00,79.6732478724426
2016-08-21 22:15:00,79.8455284498816
2016-08-21 22:20:00,81.58099967707341
2016-08-21 22:25:00,82.30167578892801
2016-08-21 22:30:00,79.4873236497276
2016-08-21 22:35:00,79.6289958887666
2016-08-21 22:40:00,80.0014539460356
2016-08-21 22:45:00,79.54981811908681
2016-08-21 22:50:00,79.4829427837494
2016-08-21 22:55:00,77.1831901555268
2016-08-21 23:00:00,78.0529502008394
2016-08-21 23:05:00,78.80120753094221
2016-08-21 23:10:00,78.8743377128806
2016-08-21 23:15:00,79.342476000169
2016-08-21 23:20:00,79.4749295639252
2016-08-21 23:25:00,79.206475854486
2016-08-21 23:30:00,78.7313437509636
2016-08-21 23:35:00,78.8466954182444
2016-08-21 23:40:00,77.82164110902741
2016-08-21 23:45:00,77.09307349954341
2016-08-21 23:50:00,77.3729091118652
2016-08-21 23:55:00,76.61977123666199
2016-08-22 00:00:00,75.4974156720914
2016-08-22 00:05:00,74.9391605825566
2016-08-22 00:10:00,75.90665946723479
2016-08-22 00:15:00,75.128127752719
2016-08-22 00:20:00,74.75300910807759
2016-08-22 00:25:00,75.8020112732338
2016-08-22 00:30:00,76.5934883373568
2016-08-22 00:35:00,76.3179307028104
2016-08-22 00:40:00,76.976527593811
2016-08-22 00:45:00,76.93403726283461
2016-08-22 00:50:00,76.017651354458
2016-08-22 00:55:00,74.8502381747182
2016-08-22 01:00:00,75.2484619781358
2016-08-22 01:05:00,75.8655812299068
2016-08-22 01:10:00,75.49742396671641
2016-08-22 01:15:00,75.5144793114064
2016-08-22 01:20:00,78.0712414301914
2016-08-22 01:25:00,78.9796654500872
2016-08-22 01:30:00,79.8834683018784
2016-08-22 01:35:00,79.8516992881306
2016-08-22 01:40:00,80.4125878330314
2016-08-22 01:45:00,80.34487227990181
2016-08-22 01:50:00,80.9607107554054
2016-08-22 01:55:00,80.879818934209
2016-08-22 02:00:00,80.8619898839504
2016-08-22 02:05:00,80.77265181706579
2016-08-22 02:10:00,81.5841361850594
2016-08-22 02:15:00,85.3374450990762
2016-08-22 02:20:00,90.8560088625988
2016-08-22 02:25:00,94.1548768089334
2016-08-22 02:30:00,94.364964401151
2016-08-22 02:35:00,94.1698766095824
2016-08-22 02:40:00,93.6481275881728
2016-08-22 02:45:00,93.60798495443301
2016-08-22 02:50:00,93.3326977282596
2016-08-22 02:55:00,92.7147337888606
2016-08-22 03:00:00,92.78741052365521
2016-08-22 03:05:00,93.1960332148406
2016-08-22 03:10:00,93.27523230493838
2016-08-22 03:15:00,92.9891320479646
2016-08-22 03:20:00,93.36750365184079
2016-08-22 03:25:00,94.0901204418036
2016-08-22 03:30:00,93.8805639541504
2016-08-22 03:35:00,92.9761000046188
2016-08-22 03:40:00,92.8627143637562
2016-08-22 03:45:00,92.6950317393236
2016-08-22 03:50:00,93.11763582244059
2016-08-22 03:55:00,93.60124337219261
2016-08-22 04:00:00,93.1750355372276
2016-08-22 04:05:00,91.98479962715899
2016-08-22 04:10:00,89.77924478988379
2016-08-22 04:15:00,89.560767278787
2016-08-22 04:20:00,89.3440589729598
2016-08-22 04:25:00,90.0939552166152
2016-08-22 04:30:00,91.466088496885
2016-08-22 04:35:00,90.5574444244616
2016-08-22 04:40:00,87.9679259413784
2016-08-22 04:45:00,87.0024866174056
2016-08-22 04:50:00,86.0458034478692
2016-08-22 04:55:00,85.29905829632159
2016-08-22 05:00:00,82.023509903483
2016-08-22 05:05:00,76.34534304459899
2016-08-22 05:10:00,72.76939026462239
2016-08-22 05:15:00,69.61382944763879
2016-08-22 05:20:00,64.3459567276094
2016-08-22 05:25:00,69.557347826536
2016-08-22 05:30:00,71.41398747721601
2016-08-22 05:35:00,66.7700904754502
2016-08-22 05:40:00,71.4159669426638
2016-08-22 05:45:00,69.8911994506132
2016-08-22 05:50:00,72.5137662366736
2016-08-22 05:55:00,73.8421263193756
2016-08-22 06:00:00,77.786309296165
2016-08-22 06:05:00,80.7549714896488
2016-08-22 06:10:00,79.55079615200239
2016-08-22 06:15:00,76.64349883633159
2016-08-22 06:20:00,69.6291766794708
2016-08-22 06:25:00,70.4083901206714
2016-08-22 06:30:00,65.63109120096121
2016-08-22 06:35:00,64.32943938742301
2016-08-22 06:40:00,61.5351810481578
2016-08-22 06:45:00,65.22426277779421
2016-08-22 06:50:00,63.5884925631032
2016-08-22 06:55:00,62.188047977403
2016-08-22 07:00:00,58.3474453887892
2016-08-22 07:05:00,57.767403668486395
2016-08-22 07:10:00,56.9169514938586
2016-08-22 07:15:00,59.4879892050952
2016-08-22 07:20:00,59.8814941910302
2016-08-22 07:25:00,57.0527169115788
2016-08-22 07:30:00,59.022081668908
2016-08-22 07:35:00,57.5420122759066
2016-08-22 07:40:00,58.2362427214724
2016-08-22 07:45:00,58.843830991524996
2016-08-22 07:50:00,60.5380388436126
2016-08-22 07:55:00,62.450847942517996
2016-08-22 08:00:00,67.41746534932301
2016-08-22 08:05:00,66.8966493892112
2016-08-22 08:10:00,65.0034498337838
2016-08-22 08:15:00,61.453156562259004
2016-08-22 08:20:00,60.719842270843
2016-08-22 08:25:00,64.369888003043
2016-08-22 08:30:00,69.36524870401
2016-08-22 08:35:00,75.0186510765424
2016-08-22 08:40:00,73.86617330747761
2016-08-22 08:45:00,69.156261261542
2016-08-22 08:50:00,66.5690740282388
2016-08-22 08:55:00,64.9664634943388
2016-08-22 09:00:00,62.9004881713286
2016-08-22 09:05:00,60.9309816662892
2016-08-22 09:10:00,57.8910709614614
2016-08-22 09:15:00,56.133666692061205
2016-08-22 09:20:00,58.543926666405
2016-08-22 09:25:00,61.960972187436596
2016-08-22 09:30:00,63.85548877254799
2016-08-22 09:35:00,66.2372517344096
2016-08-22 09:40:00,69.2954623311624
2016-08-22 09:45:00,69.045119058078
2016-08-22 09:50:00,74.6198718941126
2016-08-22 09:55:00,82.017202465841
2016-08-22 10:00:00,88.4689756063322
2016-08-22 10:05:00,88.360181276175
2016-08-22 10:10:00,88.9137821955326
2016-08-22 10:15:00,89.1543316267882
2016-08-22 10:20:00,89.3722488144368
2016-08-22 10:25:00,88.86248162275581
2016-08-22 10:30:00,88.3796460312078
2016-08-22 10:35:00,90.59427286234241
2016-08-22 10:40:00,89.4311941914826
2016-08-22 10:45:00,86.2550771068216
2016-08-22 10:50:00,85.33272507930101
2016-08-22 10:55:00,82.0827361255712
2016-08-22 11:00:00,76.8522458180008
2016-08-22 11:05:00,72.1523667811658
2016-08-22 11:10:00,68.22737110545799
2016-08-22 11:15:00,62.42335029463679
2016-08-22 11:20:00,58.78367153291119
2016-08-22 11:25:00,49.4588186241244
2016-08-22 11:30:00,42.5680797259106
2016-08-22 11:35:00,41.689795817779
2016-08-22 11:40:00,39.038007278353
2016-08-22 11:45:00,40.7921871697032
2016-08-22 11:50:00,48.7274918692026
2016-08-22 11:55:00,53.23719786335359
2016-08-22 12:00:00,54.090693333342
2016-08-22 12:05:00,51.116053126198196
2016-08-22 12:10:00,44.7296636117148
2016-08-22 12:15:00,39.156028428242
2016-08-22 12:20:00,36.308308574066004
2016-08-22 12:25:00,34.023956092999796
2016-08-22 12:30:00,33.401546137238
2016-08-22 12:35:00,33.818157591342796
2016-08-22 12:40:00,32.1597007783088
2016-08-22 12:45:00,26.6925814212374
2016-08-22 12:50:00,23.4326176480296
2016-08-22 12:55:00,22.5120561264752
2016-08-22 13:00:00,19.804526134739998
2016-08-22 13:05:00,22.881725360100198
2016-08-22 13:10:00,21.224614614441002
2016-08-22 13:15:00,19.4646454480914
2016-08-22 13:20:00,15.970654024105599
2016-08-22 13:25:00,11.357009525738821
2016-08-22 13:30:00,9.9242206831073
2016-08-22 13:35:00,9.72049194417128
2016-08-22 13:40:00,14.0910632512502
2016-08-22 13:45:00,15.3573508144328
2016-08-22 13:50:00,18.094584611809
2016-08-22 13:55:00,22.8367441324592
2016-08-22 14:00:00,24.442269755556403
2016-08-22 14:05:00,22.2615639524602
2016-08-22 14:10:00,18.5316573196618
2016-08-22 14:15:00,11.64473453083334
2016-08-22 14:20:00,7.765240086192939
2016-08-22 14:25:00,6.39151491797478
2016-08-22 14:30:00,6.49109776881846
2016-08-22 14:35:00,6.473240924520541
2016-08-22 14:40:00,6.522526051005781
2016-08-22 14:45:00,6.17103936925058
2016-08-22 14:50:00,4.81208462535646
2016-08-22 14:55:00,4.5570215682835
2016-08-22 15:00:00,5.94855809311624
2016-08-22 15:05:00,8.259758838685219
2016-08-22 15:10:00,8.118489440922021
2016-08-22 15:15:00,6.2944317951263
2016-08-22 15:20:00,4.56110176432874
2016-08-22 15:25:00,4.50471713517092
2016-08-22 15:30:00,6.6378771604538995
2016-08-22 15:35:00,12.18379899366224
2016-08-22 15:40:00,14.8865602631586
2016-08-22 15:45:00,16.0346859064144
2016-08-22 15:50:00,16.893295463881202
2016-08-22 15:55:00,16.4563687573566
2016-08-22 16:00:00,17.127251309329
2016-08-22 16:05:00,17.5844485709616
2016-08-22 16:10:00,18.0927586613674
2016-08-22 16:15:00,20.0050389581412
2016-08-22 16:20:00,22.7997180320828
2016-08-22 16:25:00,24.592779766327403
2016-08-22 16:30:00,26.710185122442603
2016-08-22 16:35:00,31.7385594569384
2016-08-22 16:40:00,39.846382687277995
2016-08-22 16:45:00,43.623238087825
2016-08-22 16:50:00,45.165926598403004
2016-08-22 16:55:00,46.7256921955
2016-08-22 17:00:00,49.9701394049214
2016-08-22 17:05:00,50.0117301562208
2016-08-22 17:10:00,48.5952415659444
2016-08-22 17:15:00,44.414703841817
2016-08-22 17:20:00,42.2889723211706
2016-08-22 17:25:00,42.390824296813
2016-08-22 17:30:00,41.560521221731406
2016-08-22 17:35:00,42.7413339971744
2016-08-22 17:40:00,46.1214084921786
2016-08-22 17:45:00,43.187997570584194
2016-08-22 17:50:00,44.39145803292119
2016-08-22 17:55:00,43.798009672899795
2016-08-22 18:00:00,44.8575210672344
2016-08-22 18:05:00,43.699264765535005
2016-08-22 18:10:00,46.448259211584
2016-08-22 18:15:00,46.9070194209566
2016-08-22 18:20:00,52.254673653447604
2016-08-22 18:25:00,51.096467161239005
2016-08-22 18:30:00,50.2565994769666
2016-08-22 18:35:00,51.508230190456004
2016-08-22 18:40:00,52.525032931627
2016-08-22 18:45:00,54.2228427533136
2016-08-22 18:50:00,59.85876743591079
2016-08-22 18:55:00,69.33170597154319
2016-08-22 19:00:00,72.79804043328161
2016-08-22 19:05:00,73.46623314427941
2016-08-22 19:10:00,73.1074874621108
2016-08-22 19:15:00,70.3563900785886
2016-08-22 19:20:00,68.67084288886561
2016-08-22 19:25:00,66.3531750360002
2016-08-22 19:30:00,66.25199386097401
2016-08-22 19:35:00,66.933422010969
2016-08-22 19:40:00,65.6024900680594
2016-08-22 19:45:00,64.9610057824878
2016-08-22 19:50:00,62.340105285591406
2016-08-22 19:55:00,62.137294854996604
2016-08-22 20:00:00,62.9924257002496
2016-08-22 20:05:00,63.6701647634262
2016-08-22 20:10:00,62.170960104029994
2016-08-22 20:15:00,61.3363627509474
2016-08-22 20:20:00,60.4196474657698
2016-08-22 20:25:00,61.6210443651146
2016-08-22 20:30:00,59.1933420110636
2016-08-22 20:35:00,58.8611547444204
2016-08-22 20:40:00,57.146391190907
2016-08-22 20:45:00,55.2662214220446
2016-08-22 20:50:00,52.900939076811994
2016-08-22 20:55:00,50.7886928363792
2016-08-22 21:00:00,52.138767194435005
2016-08-22 21:05:00,50.0195477072362
2016-08-22 21:10:00,47.825207309535
2016-08-22 21:15:00,48.950814407691595
2016-08-22 21:20:00,48.622772194572995
2016-08-22 21:25:00,47.846295392479405
2016-08-22 21:30:00,49.4190633664494
2016-08-22 21:35:00,45.481170078355795
2016-08-22 21:40:00,44.8349014067926
2016-08-22 21:45:00,52.5796990835578
2016-08-22 21:50:00,53.598588910276604
2016-08-22 21:55:00,55.9707514523728
2016-08-22 22:00:00,56.348211119262395
2016-08-22 22:05:00,59.499888564325396
2016-08-22 22:10:00,58.1380607505964
2016-08-22 22:15:00,53.5713800112326
2016-08-22 22:20:00,55.523865981811
2016-08-22 22:25:00,58.0884779978284
2016-08-22 22:30:00,56.9594934714912
2016-08-22 22:35:00,60.115215494630796
2016-08-22 22:40:00,63.95973657047121
2016-08-22 22:45:00,66.2220473381476
2016-08-22 22:50:00,72.2077518694352
2016-08-22 22:55:00,73.17017716204239
2016-08-22 23:00:00,69.9250586745756
2016-08-22 23:05:00,67.7294562137578
2016-08-22 23:10:00,66.92592282187641
2016-08-22 23:15:00,63.735633137620596
2016-08-22 23:20:00,63.227826791272605
2016-08-22 23:25:00,63.603514504638994
2016-08-22 23:30:00,64.4592872585848
2016-08-22 23:35:00,64.155169740911
2016-08-22 23:40:00,62.5945320485752
2016-08-22 23:45:00,57.9434811988404
2016-08-22 23:50:00,54.785483156172596
2016-08-22 23:55:00,46.2979927355812
2016-08-23 00:00:00,
2016-08-23 00:05:00,
2016-08-23 00:10:00,
2016-08-23 00:15:00,
2016-08-23 00:20:00,
2016-08-23 00:25:00,
2016-08-23 00:30:00,
2016-08-23 00:35:00,
2016-08-23 00:40:00,
2016-08-23 00:45:00,
2016-08-23 00:50:00,
2016-08-23 00:55:00,
2016-08-23 01:00:00,
2016-08-23 01:05:00,
2016-08-23 01:10:00,
2016-08-23 01:15:00,
2016-08-23 01:20:00,
2016-08-23 01:25:00,
2016-08-23 01:30:00,
2016-08-23 01:35:00,
2016-08-23 01:40:00,
2016-08-23 01:45:00,
2016-08-23 01:50:00,
2016-08-23 01:55:00,
2016-08-23 02:00:00,
2016-08-23 02:05:00,
2016-08-23 02:10:00,
2016-08-23 02:15:00,
2016-08-23 02:20:00,
2016-08-23 02:25:00,
2016-08-23 02:30:00,
2016-08-23 02:35:00,
2016-08-23 02:40:00,
2016-08-23 02:45:00,
2016-08-23 02:50:00,
2016-08-23 02:55:00,
2016-08-23 03:00:00,
2016-08-23 03:05:00,
2016-08-23 03:10:00,
2016-08-23 03:15:00,
2016-08-23 03:20:00,
2016-08-23 03:25:00,
2016-08-23 03:30:00,
2016-08-23 03:35:00,
2016-08-23 03:40:00,
2016-08-23 03:45:00,
2016-08-23 03:50:00,
2016-08-23 03:55:00,
2016-08-23 04:00:00,
2016-08-23 04:05:00,
2016-08-23 04:10:00,
2016-08-23 04:15:00,
2016-08-23 04:20:00,
2016-08-23 04:25:00,
2016-08-23 04:30:00,
2016-08-23 04:35:00,
2016-08-23 04:40:00,
2016-08-23 04:45:00,
2016-08-23 04:50:00,
2016-08-23 04:55:00,
2016-08-23 05:00:00,
2016-08-23 05:05:00,
2016-08-23 05:10:00,
2016-08-23 05:15:00,
2016-08-23 05:20:00,
2016-08-23 05:25:00,
2016-08-23 05:30:00,
2016-08-23 05:35:00,
2016-08-23 05:40:00,
2016-08-23 05:45:00,
2016-08-23 05:50:00,
2016-08-23 05:55:00,
2016-08-23 06:00:00,
2016-08-23 06:05:00,
2016-08-23 06:10:00,
2016-08-23 06:15:00,
2016-08-23 06:20:00,
2016-08-23 06:25:00,
2016-08-23 06:30:00,
2016-08-23 06:35:00,
2016-08-23 06:40:00,
2016-08-23 06:45:00,
2016-08-23 06:50:00,
2016-08-23 06:55:00,
2016-08-23 07:00:00,
2016-08-23 07:05:00,
2016-08-23 07:10:00,
2016-08-23 07:15:00,
2016-08-23 07:20:00,
2016-08-23 07:25:00,
2016-08-23 07:30:00,
2016-08-23 07:35:00,
2016-08-23 07:40:00,
2016-08-23 07:45:00,
2016-08-23 07:50:00,
2016-08-23 07:55:00,
2016-08-23 08:00:00,
2016-08-23 08:05:00,
2016-08-23 08:10:00,
2016-08-23 08:15:00,
2016-08-23 08:20:00,
2016-08-23 08:25:00,
2016-08-23 08:30:00,
2016-08-23 08:35:00,
2016-08-23 08:40:00,
2016-08-23 08:45:00,
2016-08-23 08:50:00,
2016-08-23 08:55:00,
2016-08-23 09:00:00,
2016-08-23 09:05:00,
2016-08-23 09:10:00,
2016-08-23 09:15:00,
2016-08-23 09:20:00,
2016-08-23 09:25:00,
2016-08-23 09:30:00,
2016-08-23 09:35:00,
2016-08-23 09:40:00,
2016-08-23 09:45:00,
2016-08-23 09:50:00,
2016-08-23 09:55:00,
2016-08-23 10:00:00,
2016-08-23 10:05:00,
2016-08-23 10:10:00,
2016-08-23 10:15:00,
2016-08-23 10:20:00,
2016-08-23 10:25:00,
2016-08-23 10:30:00,
2016-08-23 10:35:00,
2016-08-23 10:40:00,
2016-08-23 10:45:00,
2016-08-23 10:50:00,
2016-08-23 10:55:00,
2016-08-23 11:00:00,
2016-08-23 11:05:00,
2016-08-23 11:10:00,
2016-08-23 11:15:00,
2016-08-23 11:20:00,
2016-08-23 11:25:00,
2016-08-23 11:30:00,
2016-08-23 11:35:00,
2016-08-23 11:40:00,
2016-08-23 11:45:00,
2016-08-23 11:50:00,
2016-08-23 11:55:00,
2016-08-23 12:00:00,
2016-08-23 12:05:00,
2016-08-23 12:10:00,
2016-08-23 12:15:00,
2016-08-23 12:20:00,
2016-08-23 12:25:00,
2016-08-23 12:30:00,
2016-08-23 12:35:00,
2016-08-23 12:40:00,
2016-08-23 12:45:00,
2016-08-23 12:50:00,
2016-08-23 12:55:00,
2016-08-23 13:00:00,
2016-08-23 13:05:00,
2016-08-23 13:10:00,
2016-08-23 13:15:00,
2016-08-23 13:20:00,
2016-08-23 13:25:00,
2016-08-23 13:30:00,
2016-08-23 13:35:00,
2016-08-23 13:40:00,
2016-08-23 13:45:00,
2016-08-23 13:50:00,
2016-08-23 13:55:00,
2016-08-23 14:00:00,
2016-08-23 14:05:00,
2016-08-23 14:10:00,
2016-08-23 14:15:00,
2016-08-23 14:20:00,
2016-08-23 14:25:00,
2016-08-23 14:30:00,
2016-08-23 14:35:00,
2016-08-23 14:40:00,
2016-08-23 14:45:00,
2016-08-23 14:50:00,
2016-08-23 14:55:00,
2016-08-23 15:00:00,
2016-08-23 15:05:00,
2016-08-23 15:10:00,
2016-08-23 15:15:00,
2016-08-23 15:20:00,
2016-08-23 15:25:00,
2016-08-23 15:30:00,
2016-08-23 15:35:00,
2016-08-23 15:40:00,
2016-08-23 15:45:00,
2016-08-23 15:50:00,
2016-08-23 15:55:00,
2016-08-23 16:00:00,
2016-08-23 16:05:00,
2016-08-23 16:10:00,
2016-08-23 16:15:00,
2016-08-23 16:20:00,
2016-08-23 16:25:00,
2016-08-23 16:30:00,
2016-08-23 16:35:00,
2016-08-23 16:40:00,
2016-08-23 16:45:00,
2016-08-23 16:50:00,
2016-08-23 16:55:00,
2016-08-23 17:00:00,
2016-08-23 17:05:00,
2016-08-23 17:10:00,
2016-08-23 17:15:00,
2016-08-23 17:20:00,
2016-08-23 17:25:00,
2016-08-23 17:30:00,
2016-08-23 17:35:00,
2016-08-23 17:40:00,
2016-08-23 17:45:00,
2016-08-23 17:50:00,
2016-08-23 17:55:00,
2016-08-23 18:00:00,
2016-08-23 18:05:00,
2016-08-23 18:10:00,
2016-08-23 18:15:00,
2016-08-23 18:20:00,
2016-08-23 18:25:00,
2016-08-23 18:30:00,
2016-08-23 18:35:00,
2016-08-23 18:40:00,
2016-08-23 18:45:00,
2016-08-23 18:50:00,
2016-08-23 18:55:00,
2016-08-23 19:00:00,
2016-08-23 19:05:00,
2016-08-23 19:10:00,
2016-08-23 19:15:00,
2016-08-23 19:20:00,
2016-08-23 19:25:00,
2016-08-23 19:30:00,
2016-08-23 19:35:00,
2016-08-23 19:40:00,
2016-08-23 19:45:00,
2016-08-23 19:50:00,
2016-08-23 19:55:00,
2016-08-23 20:00:00,
2016-08-23 20:05:00,
2016-08-23 20:10:00,
2016-08-23 20:15:00,
2016-08-23 20:20:00,
2016-08-23 20:25:00,
2016-08-23 20:30:00,
2016-08-23 20:35:00,
2016-08-23 20:40:00,
2016-08-23 20:45:00,
2016-08-23 20:50:00,
2016-08-23 20:55:00,
2016-08-23 21:00:00,
2016-08-23 21:05:00,
2016-08-23 21:10:00,
2016-08-23 21:15:00,
2016-08-23 21:20:00,
2016-08-23 21:25:00,
2016-08-23 21:30:00,
2016-08-23 21:35:00,
2016-08-23 21:40:00,
2016-08-23 21:45:00,
2016-08-23 21:50:00,
2016-08-23 21:55:00,
2016-08-23 22:00:00,
2016-08-23 22:05:00,
2016-08-23 22:10:00,
2016-08-23 22:15:00,
2016-08-23 22:20:00,
2016-08-23 22:25:00,
2016-08-23 22:30:00,
2016-08-23 22:35:00,
2016-08-23 22:40:00,
2016-08-23 22:45:00,
2016-08-23 22:50:00,
2016-08-23 22:55:00,
2016-08-23 23:00:00,
2016-08-23 23:05:00,
2016-08-23 23:10:00,
2016-08-23 23:15:00,
2016-08-23 23:20:00,
2016-08-23 23:25:00,
2016-08-23 23:30:00,
2016-08-23 23:35:00,
2016-08-23 23:40:00,
2016-08-23 23:45:00,
2016-08-23 23:50:00,
2016-08-23 23:55:00,
2016-08-24 00:00:00,0.6006830222492601
2016-08-24 00:05:00,0.7877530777006261
2016-08-24 00:10:00,1.24896000004122
2016-08-24 00:15:00,2.3214156538021
2016-08-24 00:20:00,1.5189103552157799
2016-08-24 00:25:00,1.4649513897489002
2016-08-24 00:30:00,1.7251054733815203
2016-08-24 00:35:00,1.035614698692278
2016-08-24 00:40:00,0.975933933730986
2016-08-24 00:45:00,1.0366043008338042
2016-08-24 00:50:00,1.41413989819915
2016-08-24 00:55:00,1.031465946075226
2016-08-24 01:00:00,0.358517985170588
2016-08-24 01:05:00,0.301746783110316
2016-08-24 01:10:00,0.694685769064186
2016-08-24 01:15:00,0.6235931578410739
2016-08-24 01:20:00,0.735498199844982
2016-08-24 01:25:00,0.569213326105638
2016-08-24 01:30:00,0.300113194669632
2016-08-24 01:35:00,0.229792617981452
2016-08-24 01:40:00,0.053021848996201194
2016-08-24 01:45:00,-0.0206496922477168
2016-08-24 01:50:00,-0.0483152123197598
2016-08-24 01:55:00,-0.0628090062775724
2016-08-24 02:00:00,0.04680016443839916
2016-08-24 02:05:00,0.0762955950399134
2016-08-24 02:10:00,0.18140672748795
2016-08-24 02:15:00,0.230908614329176
2016-08-24 02:20:00,0.372285663617054
2016-08-24 02:25:00,0.676909827613196
2016-08-24 02:30:00,1.054360649758004
2016-08-24 02:35:00,2.16299842614394
2016-08-24 02:40:00,4.13173493119954
2016-08-24 02:45:00,4.17572386687404
2016-08-24 02:50:00,3.41153355973304
2016-08-24 02:55:00,3.2663146164866
2016-08-24 03:00:00,3.44081435289364
2016-08-24 03:05:00,3.3569012187301404
2016-08-24 03:10:00,4.70374048863286
2016-08-24 03:15:00,5.465523976948999
2016-08-24 03:20:00,5.18706440204478
2016-08-24 03:25:00,6.14749414320176
2016-08-24 03:30:00,9.62915691451648
2016-08-24 03:35:00,9.486982481955579
2016-08-24 03:40:00,8.89686503299076
2016-08-24 03:45:00,8.5207341691695
2016-08-24 03:50:00,6.661731132157319
2016-08-24 03:55:00,6.53672101433772
2016-08-24 04:00:00,4.92370267292508
2016-08-24 04:05:00,3.98248442824434
2016-08-24 04:10:00,3.1551025410384397
2016-08-24 04:15:00,3.5485417074769003
2016-08-24 04:20:00,2.6811860507965597
2016-08-24 04:25:00,2.30607548002138
2016-08-24 04:30:00,1.66697026710508
2016-08-24 04:35:00,1.81925218111224
2016-08-24 04:40:00,2.22040203823394
2016-08-24 04:45:00,1.9470767212165998
2016-08-24 04:50:00,1.55580466106742
2016-08-24 04:55:00,1.6758532610746801
2016-08-24 05:00:00,1.5379745724147
2016-08-24 05:05:00,1.4424310831201
2016-08-24 05:10:00,1.1671721904667218
2016-08-24 05:15:00,0.816607696343622
2016-08-24 05:20:00,0.6623237500583381
2016-08-24 05:25:00,0.633244160468354
2016-08-24 05:30:00,0.467023147917478
2016-08-24 05:35:00,0.499800279865758
2016-08-24 05:40:00,0.54100192949194
2016-08-24 05:45:00,0.267520357679498
2016-08-24 05:50:00,0.0995526578444638
2016-08-24 05:55:00,-0.03465423025274618
2016-08-24 06:00:00,-0.0738032801193224
2016-08-24 06:05:00,-0.0727071980634416
2016-08-24 06:10:00,-0.0950228305367706
2016-08-24 06:15:00,-0.08707010090749
2016-08-24 06:20:00,-0.0834757074580162
2016-08-24 06:25:00,-0.0946752202219098
2016-08-24 06:30:00,-0.15122987840948401
2016-08-24 06:35:00,-0.17379971729792398
2016-08-24 06:40:00,-0.174889785780488
2016-08-24 06:45:00,-0.18629904951456
2016-08-24 06:50:00,-0.18401173933937
2016-08-24 06:55:00,-0.181078686926648
2016-08-24 07:00:00,-0.175986028519072
2016-08-24 07:05:00,-0.172166895536572
2016-08-24 07:10:00,-0.18089728666566202
2016-08-24 07:15:00,-0.181195378586098
2016-08-24 07:20:00,-0.182258142760476
2016-08-24 07:25:00,-0.179672230774966
2016-08-24 07:30:00,-0.176280769965214
2016-08-24 07:35:00,-0.174620013141674
2016-08-24 07:40:00,-0.172959256318134
2016-08-24 07:45:00,-0.171298499494594
2016-08-24 07:50:00,-0.16963774267105197
2016-08-24 07:55:00,-0.167976985847512
2016-08-24 08:00:00,-0.166316229023972
2016-08-24 08:05:00,-0.0987226566316612
2016-08-24 08:10:00,0.031861385642995975
2016-08-24 08:15:00,0.1410107160377912
2016-08-24 08:20:00,0.236108256235782
2016-08-24 08:25:00,0.174915074066684
2016-08-24 08:30:00,0.23732715301996202
2016-08-24 08:35:00,0.236203516019104
2016-08-24 08:40:00,0.40783039219470796
2016-08-24 08:45:00,0.414266949146146
2016-08-24 08:50:00,0.68491881136857
2016-08-24 08:55:00,0.59879201921998
2016-08-24 09:00:00,0.32708747784218606
2016-08-24 09:05:00,0.400280399479506
2016-08-24 09:10:00,0.294555729961224
2016-08-24 09:15:00,0.19369560834063398
2016-08-24 09:20:00,0.16482463930402
2016-08-24 09:25:00,0.241898497316516
2016-08-24 09:30:00,0.244800425736356
2016-08-24 09:35:00,0.22135430098374803
2016-08-24 09:40:00,0.379942765841646
2016-08-24 09:45:00,0.450258639771446
2016-08-24 09:50:00,0.8523459657276721
2016-08-24 09:55:00,0.829352470626386
2016-08-24 10:00:00,0.8178776478782719
2016-08-24 10:05:00,0.736302241393896
2016-08-24 10:10:00,0.9101446158049139
2016-08-24 10:15:00,0.913890513442152
2016-08-24 10:20:00,1.1076587228307
2016-08-24 10:25:00,1.26784403683434
2016-08-24 10:30:00,1.9294219037585598
2016-08-24 10:35:00,1.8856247652722402
2016-08-24 10:40:00,1.31461717452394
2016-08-24 10:45:00,0.877616873058664
2016-08-24 10:50:00,0.926146198464924
2016-08-24 10:55:00,1.166617698096716
2016-08-24 11:00:00,1.36404971758584
2016-08-24 11:05:00,1.042895635268916
2016-08-24 11:10:00,0.82288393976262
2016-08-24 11:15:00,0.5900987841420859
2016-08-24 11:20:00,0.41175371005887007
2016-08-24 11:25:00,0.051862838326924676
2016-08-24 11:30:00,-0.050457111590368274
2016-08-24 11:35:00,-0.136944464595644
2016-08-24 11:40:00,-0.143609211625002
2016-08-24 11:45:00,-0.162481565891666
2016-08-24 11:50:00,-0.17911592234176
2016-08-24 11:55:00,-0.18227023356106
2016-08-24 12:00:00,-0.182452083327948
2016-08-24 12:05:00,-0.179160989960052
2016-08-24 12:10:00,-0.15877112246951
2016-08-24 12:15:00,-0.13843209994591202
2016-08-24 12:20:00,-0.123398049205236
2016-08-24 12:25:00,-0.091781449008501
2016-08-24 12:30:00,-0.050924833967071204
2016-08-24 12:35:00,-0.022490272684103703
2016-08-24 12:40:00,-0.0316117190882308
2016-08-24 12:45:00,-0.0452823996918646
2016-08-24 12:50:00,-0.0871748565379222
2016-08-24 12:55:00,-0.12200144910375199
2016-08-24 13:00:00,-0.127942108983898
2016-08-24 13:05:00,-0.16149120489270802
2016-08-24 13:10:00,-0.168111476875974
2016-08-24 13:15:00,-0.179770425427866
2016-08-24 13:20:00,-0.17917839356551798
2016-08-24 13:25:00,-0.176847076042184
2016-08-24 13:30:00,-0.17689409761802
2016-08-24 13:35:00,-0.18082787588209798
2016-08-24 13:40:00,-0.18250884141505
2016-08-24 13:45:00,-0.18318764753173
2016-08-24 13:50:00,-0.18174310948644198
2016-08-24 13:55:00,-0.179249981242508
2016-08-24 14:00:00,-0.179419447183778
2016-08-24 14:05:00,-0.180241343110716
2016-08-24 14:10:00,-0.181063239037654
2016-08-24 14:15:00,-0.181829499370908
2016-08-24 14:20:00,-0.18233229478187
2016-08-24 14:25:00,-0.18279759222487
2016-08-24 14:30:00,-0.18326288966787
2016-08-24 14:35:00,-0.18372818711087
2016-08-24 14:40:00,-0.18419348455387
2016-08-24 14:45:00,-0.18465878199687
2016-08-24 14:50:00,-0.18512407943988
2016-08-24 14:55:00,-0.18558937688288
2016-08-24 15:00:00,-0.18605467432588
2016-08-24 15:05:00,-0.18651997176888
2016-08-24 15:10:00,-0.18698526921188
2016-08-24 15:15:00,-0.187213375712882
2016-08-24 15:20:00,-0.187056367477082
2016-08-24 15:25:00,-0.185767894989328
2016-08-24 15:30:00,-0.17638540312349998
2016-08-24 15:35:00,-0.167534927272142
2016-08-24 15:40:00,-0.15810518136032398
2016-08-24 15:45:00,-0.159507124553548
2016-08-24 15:50:00,-0.11941698840158399
2016-08-24 15:55:00,0.11943597020763222
2016-08-24 16:00:00,0.305851355954042
2016-08-24 16:05:00,0.589138339335726
2016-08-24 16:10:00,0.904613907730434
2016-08-24 16:15:00,1.06759490829555
2016-08-24 16:20:00,1.56495847782526
2016-08-24 16:25:00,1.78231507816308
2016-08-24 16:30:00,2.1553283858003
2016-08-24 16:35:00,2.32303108423144
2016-08-24 16:40:00,3.16584685611838
2016-08-24 16:45:00,3.5966591548550197
2016-08-24 16:50:00,3.8854811766427
2016-08-24 16:55:00,3.99301323008378
2016-08-24 17:00:00,4.78053022635396
2016-08-24 17:05:00,4.89880928210156
2016-08-24 17:10:00,5.596348002697559
2016-08-24 17:15:00,5.36514661681534
2016-08-24 17:20:00,5.18188016695858
2016-08-24 17:25:00,5.45687113716252
2016-08-24 17:30:00,5.03165981017752
2016-08-24 17:35:00,4.4041778662548
2016-08-24 17:40:00,4.824275920170559
2016-08-24 17:45:00,4.64458710832572
2016-08-24 17:50:00,5.0599372470164
2016-08-24 17:55:00,4.98827302617376
2016-08-24 18:00:00,4.377095790878
2016-08-24 18:05:00,5.0410388561397195
2016-08-24 18:10:00,5.31644077463796
2016-08-24 18:15:00,5.20245509743824
2016-08-24 18:20:00,5.87163325243844
2016-08-24 18:25:00,7.2676218496941605
2016-08-24 18:30:00,9.3911693279835
2016-08-24 18:35:00,7.09844100229626
2016-08-24 18:40:00,7.27888363758272
2016-08-24 18:45:00,6.1927669421877605
2016-08-24 18:50:00,7.769985842312761
2016-08-24 18:55:00,7.175057059385379
2016-08-24 19:00:00,6.33071631143852
2016-08-24 19:05:00,5.75524367882614
2016-08-24 19:10:00,5.73756013734354
2016-08-24 19:15:00,7.271616818424119
2016-08-24 19:20:00,7.966062780330899
2016-08-24 19:25:00,5.45007160528984
2016-08-24 19:30:00,5.73282151405326
2016-08-24 19:35:00,5.42777418312004
2016-08-24 19:40:00,5.12478101980452
2016-08-24 19:45:00,7.231319662367279
2016-08-24 19:50:00,9.2421362042284
2016-08-24 19:55:00,11.0300710418542
2016-08-24 20:00:00,12.835983844839358
2016-08-24 20:05:00,16.737669012879202
2016-08-24 20:10:00,17.3042689829398
2016-08-24 20:15:00,18.6879875093474
2016-08-24 20:20:00,9.693346311864179
2016-08-24 20:25:00,9.403516227537661
2016-08-24 20:30:00,10.26278897151534
2016-08-24 20:35:00,17.8741734578822
2016-08-24 20:40:00,16.273015847022002
2016-08-24 20:45:00,18.23919993392
2016-08-24 20:50:00,15.0425936139826
2016-08-24 20:55:00,9.12880881455086
2016-08-24 21:00:00,13.448128454057098
2016-08-24 21:05:00,18.9554759413162
2016-08-24 21:10:00,21.6494269449182
2016-08-24 21:15:00,20.5264728531158
2016-08-24 21:20:00,16.752225862889
2016-08-24 21:25:00,20.0220889974618
2016-08-24 21:30:00,17.4026245864916
2016-08-24 21:35:00,9.005931619203839
2016-08-24 21:40:00,10.665530127742601
2016-08-24 21:45:00,14.075837935552201
2016-08-24 21:50:00,12.737740480205598
2016-08-24 21:55:00,14.652027396434201
2016-08-24 22:00:00,18.4043309427324
2016-08-24 22:05:00,14.422722723557001
2016-08-24 22:10:00,9.20997273146388
2016-08-24 22:15:00,11.08261603256222
2016-08-24 22:20:00,17.8850859910072
2016-08-24 22:25:00,23.061363393287202
2016-08-24 22:30:00,21.6117851261688
2016-08-24 22:35:00,14.871694659976402
2016-08-24 22:40:00,6.57351320412088
2016-08-24 22:45:00,7.44145722587608
2016-08-24 22:50:00,8.657431781438799
2016-08-24 22:55:00,20.605356871633397
2016-08-24 23:00:00,37.9033761250124
2016-08-24 23:05:00,28.375664746956602
2016-08-24 23:10:00,14.431192130844
2016-08-24 23:15:00,14.1261793360788
2016-08-24 23:20:00,25.204841979542998
2016-08-24 23:25:00,21.1385041683958
2016-08-24 23:30:00,20.2074614965898
2016-08-24 23:35:00,14.9040761404834
2016-08-24 23:40:00,14.709865491059798
2016-08-24 23:45:00,20.2727695591416
2016-08-24 23:50:00,21.004640457725
2016-08-24 23:55:00,19.154011662782
2016-08-25 00:00:00,14.899553349482602
2016-08-25 00:05:00,25.9179611802064
2016-08-25 00:10:00,34.6165141396352
2016-08-25 00:15:00,26.085500663748398
2016-08-25 00:20:00,17.9008023638596
2016-08-25 00:25:00,22.295858951817202
2016-08-25 00:30:00,32.8718013943726
2016-08-25 00:35:00,20.2036966203118
2016-08-25 00:40:00,20.683740631875
2016-08-25 00:45:00,31.053915049288797
2016-08-25 00:50:00,28.7214976130898
2016-08-25 00:55:00,20.000044208117
2016-08-25 01:00:00,21.1433693524994
2016-08-25 01:05:00,25.928154721901002
2016-08-25 01:10:00,25.4627285272934
2016-08-25 01:15:00,30.9836065567116
2016-08-25 01:20:00,29.835681812338798
2016-08-25 01:25:00,27.260653716638597
2016-08-25 01:30:00,23.870029237993002
2016-08-25 01:35:00,17.694298516227
2016-08-25 01:40:00,11.987928236334401
2016-08-25 01:45:00,17.4810252292602
2016-08-25 01:50:00,19.8287118181238
2016-08-25 01:55:00,14.948930425054801
2016-08-25 02:00:00,16.0272547399918
2016-08-25 02:05:00,18.5961531012934
2016-08-25 02:10:00,15.405472019593201
2016-08-25 02:15:00,12.1235870723304
2016-08-25 02:20:00,9.8903267074712
2016-08-25 02:25:00,8.30463199145306
2016-08-25 02:30:00,8.23675376020946
2016-08-25 02:35:00,7.38898059498212
2016-08-25 02:40:00,5.02210514467118
2016-08-25 02:45:00,4.68791320829056
2016-08-25 02:50:00,5.63871840241314
2016-08-25 02:55:00,8.24465342871788
2016-08-25 03:00:00,8.56856067362058
2016-08-25 03:05:00,5.4218543318979
2016-08-25 03:10:00,3.5511584213351397
2016-08-25 03:15:00,3.6914618728883197
2016-08-25 03:20:00,2.40567571251768
2016-08-25 03:25:00,1.53450629434568
2016-08-25 03:30:00,1.2957837128083
2016-08-25 03:35:00,1.01949220503055
2016-08-25 03:40:00,0.6790673658916699
2016-08-25 03:45:00,0.475092954139032
2016-08-25 03:50:00,0.47061780984353596
2016-08-25 03:55:00,0.25609118830059197
2016-08-25 04:00:00,0.0720563779149622
2016-08-25 04:05:00,-0.0497143420947138
2016-08-25 04:10:00,-0.116351931755086
2016-08-25 04:15:00,-0.11733705548787601
2016-08-25 04:20:00,-0.144287990253204
2016-08-25 04:25:00,-0.16057155661286
2016-08-25 04:30:00,-0.17711024790004198
2016-08-25 04:35:00,-0.178270358374324
2016-08-25 04:40:00,-0.177867538492406
2016-08-25 04:45:00,-0.17765656836825
2016-08-25 04:50:00,-0.178404175529622
2016-08-25 04:55:00,-0.17928325092241598
2016-08-25 05:00:00,-0.18016232631520798
2016-08-25 05:05:00,-0.181041401708
2016-08-25 05:10:00,-0.181920477100792
2016-08-25 05:15:00,-0.18279955249358598
2016-08-25 05:20:00,-0.18367862788638
2016-08-25 05:25:00,-0.18455770327917
2016-08-25 05:30:00,-0.185437862090552
2016-08-25 05:35:00,-0.18673004961132
2016-08-25 05:40:00,-0.18835700441110398
2016-08-25 05:45:00,-0.189009497671382
2016-08-25 05:50:00,-0.18858243856656
2016-08-25 05:55:00,-0.1881546805076
2016-08-25 06:00:00,-0.187726922448642
2016-08-25 06:05:00,-0.187299164389682
2016-08-25 06:10:00,-0.18687140633072402
2016-08-25 06:15:00,-0.18644364827176602
2016-08-25 06:20:00,-0.186015890212806
2016-08-25 06:25:00,-0.185588132153848
2016-08-25 06:30:00,-0.185160374094888
2016-08-25 06:35:00,-0.184334426287706
2016-08-25 06:40:00,-0.18299584448720402
2016-08-25 06:45:00,-0.181655277599466
2016-08-25 06:50:00,-0.180314710711732
2016-08-25 06:55:00,-0.178452916156938
2016-08-25 07:00:00,-0.173557977873448
2016-08-25 07:05:00,-0.16817290072184
2016-08-25 07:10:00,-0.16278782357023
2016-08-25 07:15:00,-0.154663884252554
2016-08-25 07:20:00,-0.137641438502878
2016-08-25 07:25:00,-0.13659539423012598
2016-08-25 07:30:00,-0.146712036676418
2016-08-25 07:35:00,-0.148182079113852
2016-08-25 07:40:00,-0.14488392018007
2016-08-25 07:45:00,-0.15424434306023
2016-08-25 07:50:00,-0.15290745924024401
2016-08-25 07:55:00,-0.13574165541381
2016-08-25 08:00:00,-0.1042304279087816
2016-08-25 08:05:00,-0.05372376651563519
2016-08-25 08:10:00,-0.008212483128831018
2016-08-25 08:15:00,0.1438098404776476
2016-08-25 08:20:00,0.08004806614891083
2016-08-25 08:25:00,-0.02167728511952466
2016-08-25 08:30:00,-0.049651373241694795
2016-08-25 08:35:00,-0.09201949173377619
2016-08-25 08:40:00,-0.127148887479494
2016-08-25 08:45:00,-0.137659938983962
2016-08-25 08:50:00,-0.14052959610991
2016-08-25 08:55:00,-0.13968502296534
2016-08-25 09:00:00,-0.14135121622914
2016-08-25 09:05:00,-0.144803098325228
2016-08-25 09:10:00,-0.147444302758742
2016-08-25 09:15:00,-0.138998242115772
2016-08-25 09:20:00,-0.14506031531393598
2016-08-25 09:25:00,-0.14344342682559802
2016-08-25 09:30:00,-0.127517961953084
2016-08-25 09:35:00,-0.0872878875077652
2016-08-25 09:40:00,0.035500876275035
2016-08-25 09:45:00,0.331619374991016
2016-08-25 09:50:00,0.43716664655989
2016-08-25 09:55:00,0.20583531901341798
2016-08-25 10:00:00,0.008264621483550602
2016-08-25 10:05:00,-0.0541511180237602
2016-08-25 10:10:00,-0.0565182943405624
2016-08-25 10:15:00,-0.04289000689329
2016-08-25 10:20:00,-0.029876010682709397
2016-08-25 10:25:00,-0.008223088066212159
2016-08-25 10:30:00,0.023617725081305378
2016-08-25 10:35:00,0.03078331865029258
2016-08-25 10:40:00,0.0658208789908524
2016-08-25 10:45:00,0.0092650357144292
2016-08-25 10:50:00,-0.0710884272138994
2016-08-25 10:55:00,-0.0840505751512334
2016-08-25 11:00:00,-0.0714209404800304
2016-08-25 11:05:00,-0.0355623330525532
2016-08-25 11:10:00,0.0516815939146292
2016-08-25 11:15:00,0.159288419818088
2016-08-25 11:20:00,0.151761844621
2016-08-25 11:25:00,0.118101062396478
2016-08-25 11:30:00,0.131841510512878
2016-08-25 11:35:00,0.130360595298626
2016-08-25 11:40:00,0.037095136338541355
2016-08-25 11:45:00,-0.0037747272638676997
2016-08-25 11:50:00,0.0257778530534844
2016-08-25 11:55:00,0.030358651959617917
2016-08-25 12:00:00,0.0338562878641962
2016-08-25 12:05:00,0.05747475552707519
2016-08-25 12:10:00,0.322500393046766
2016-08-25 12:15:00,0.742427998385904
2016-08-25 12:20:00,1.14286316025528
2016-08-25 12:25:00,0.865602919797958
2016-08-25 12:30:00,0.85952251899025
2016-08-25 12:35:00,0.9887021645024759
2016-08-25 12:40:00,0.9215965585487901
2016-08-25 12:45:00,0.5754551117055839
2016-08-25 12:50:00,0.337251707297846
2016-08-25 12:55:00,0.195460005822966
2016-08-25 13:00:00,0.031195978187960362
2016-08-25 13:05:00,-0.0622937846621464
2016-08-25 13:10:00,-0.0954537034173222
2016-08-25 13:15:00,-0.1034611171626952
2016-08-25 13:20:00,-0.10873079687921401
2016-08-25 13:25:00,-0.11773082270017002
2016-08-25 13:30:00,-0.127379366512808
2016-08-25 13:35:00,-0.148997922389084
2016-08-25 13:40:00,-0.185373782892976
2016-08-25 13:45:00,-0.18934274315656002
2016-08-25 13:50:00,-0.186812863185126
2016-08-25 13:55:00,-0.183509119131028
2016-08-25 14:00:00,-0.184169839204038
2016-08-25 14:05:00,-0.186122968253684
2016-08-25 14:10:00,-0.185749935676558
2016-08-25 14:15:00,-0.18537690309943
2016-08-25 14:20:00,-0.185003870522302
2016-08-25 14:25:00,-0.184630837945174
2016-08-25 14:30:00,-0.184257805368048
2016-08-25 14:35:00,-0.18388477279092
2016-08-25 14:40:00,-0.183511740213792
2016-08-25 14:45:00,-0.183138707636666
2016-08-25 14:50:00,-0.182765675059538
2016-08-25 14:55:00,-0.18239264248241
2016-08-25 15:00:00,-0.182009071626584
2016-08-25 15:05:00,-0.18131812307341
2016-08-25 15:10:00,-0.180485107028052
2016-08-25 15:15:00,-0.179652090982696
2016-08-25 15:20:00,-0.17881907493734
2016-08-25 15:25:00,-0.177986058891982
2016-08-25 15:30:00,-0.177153042846626
2016-08-25 15:35:00,-0.17632002680126999
2016-08-25 15:40:00,-0.17548701075591
2016-08-25 15:45:00,-0.17569008764125
2016-08-25 15:50:00,-0.158058749804142
2016-08-25 15:55:00,-0.133998856542068
2016-08-25 16:00:00,-0.11596835422676981
2016-08-25 16:05:00,-0.0210264680076034
2016-08-25 16:10:00,-0.00516766206359182
2016-08-25 16:15:00,0.076486534206027
2016-08-25 16:20:00,0.1289183907603828
2016-08-25 16:25:00,-0.0291952731737622
2016-08-25 16:30:00,-0.1094295754805168
2016-08-25 16:35:00,-0.15592736577484198
2016-08-25 16:40:00,-0.1200654445213138
2016-08-25 16:45:00,-0.122509351139287
2016-08-25 16:50:00,-0.09384274202907081
2016-08-25 16:55:00,-0.04804928406291062
2016-08-25 17:00:00,0.00449143911394106
2016-08-25 17:05:00,0.0736590300207586
2016-08-25 17:10:00,0.151856910894136
2016-08-25 17:15:00,0.087718122964159
2016-08-25 17:20:00,0.21130199185850002
2016-08-25 17:25:00,0.205969651787912
2016-08-25 17:30:00,0.11846641051814681
2016-08-25 17:35:00,0.3166250107234
2016-08-25 17:40:00,0.540011699319824
2016-08-25 17:45:00,1.218345021474786
2016-08-25 17:50:00,1.571744380212448
2016-08-25 17:55:00,1.7069465858471602
2016-08-25 18:00:00,2.182516973242
2016-08-25 18:05:00,3.59908712474966
2016-08-25 18:10:00,5.15552477887838
2016-08-25 18:15:00,5.94630413680772
2016-08-25 18:20:00,6.34081283129926
2016-08-25 18:25:00,6.88839706593528
2016-08-25 18:30:00,7.203127270148499
2016-08-25 18:35:00,8.453665262606041
2016-08-25 18:40:00,10.8976770674998
2016-08-25 18:45:00,10.66719566380726
2016-08-25 18:50:00,10.5125331035087
2016-08-25 18:55:00,11.683464656712001
2016-08-25 19:00:00,11.957387121294719
2016-08-25 19:05:00,13.069663856554602
2016-08-25 19:10:00,9.6466086148844
2016-08-25 19:15:00,13.051906954043199
2016-08-25 19:20:00,16.0755543775648
2016-08-25 19:25:00,17.141612050002
2016-08-25 19:30:00,16.120826778166197
2016-08-25 19:35:00,17.1089520149452
2016-08-25 19:40:00,13.466357777190401
2016-08-25 19:45:00,11.3669271076914
2016-08-25 19:50:00,14.9676327470128
2016-08-25 19:55:00,20.181296843667
2016-08-25 20:00:00,15.310507877992398
2016-08-25 20:05:00,16.1091798493646
2016-08-25 20:10:00,9.51928623295314
2016-08-25 20:15:00,12.3978956091658
2016-08-25 20:20:00,15.036207332280199
2016-08-25 20:25:00,11.446503467153601
2016-08-25 20:30:00,12.99978561258954
2016-08-25 20:35:00,13.9082665289386
2016-08-25 20:40:00,8.97296627847316
2016-08-25 20:45:00,7.37693313227454
2016-08-25 20:50:00,10.27000751332142
2016-08-25 20:55:00,13.527065516108001
2016-08-25 21:00:00,7.926666376832719
2016-08-25 21:05:00,11.39763240434946
2016-08-25 21:10:00,11.743237953955461
2016-08-25 21:15:00,7.72001030628814
2016-08-25 21:20:00,13.8786180634034
2016-08-25 21:25:00,12.472473421972001
2016-08-25 21:30:00,8.58211916591816
2016-08-25 21:35:00,8.30395145160352
2016-08-25 21:40:00,8.351475913700941
2016-08-25 21:45:00,8.46163715616082
2016-08-25 21:50:00,10.0423398094922
2016-08-25 21:55:00,13.1257672292402
2016-08-25 22:00:00,8.57797342346158
2016-08-25 22:05:00,9.040407268103
2016-08-25 22:10:00,17.4083799732838
2016-08-25 22:15:00,13.67376377357146
2016-08-25 22:20:00,7.965345476080939
2016-08-25 22:25:00,14.040041077787398
2016-08-25 22:30:00,16.534099606682798
2016-08-25 22:35:00,11.9814093845484
2016-08-25 22:40:00,13.6582903112802
2016-08-25 22:45:00,14.0038144254162
2016-08-25 22:50:00,11.2242160112665
2016-08-25 22:55:00,12.00565505951808
2016-08-25 23:00:00,12.42475033533116
2016-08-25 23:05:00,8.1909536866273
2016-08-25 23:10:00,11.38385496179456
2016-08-25 23:15:00,11.5653481362562
2016-08-25 23:20:00,10.940307255886541
2016-08-25 23:25:00,11.48109923076322
2016-08-25 23:30:00,8.72173064508868
2016-08-25 23:35:00,14.602235237320201
2016-08-25 23:40:00,9.84579936439446
2016-08-25 23:45:00,9.73395981240628
2016-08-25 23:50:00,11.985343051346
2016-08-25 23:55:00,14.4500871694604
2016-08-26 00:00:00,13.293902518110599
2016-08-26 00:05:00,7.58269404044964
2016-08-26 00:10:00,7.363657868685399
2016-08-26 00:15:00,4.385823826038161
2016-08-26 00:20:00,4.39680884062392
2016-08-26 00:25:00,7.756031589464319
2016-08-26 00:30:00,9.349824525043939
2016-08-26 00:35:00,9.43907411186994
2016-08-26 00:40:00,7.25375362806962
2016-08-26 00:45:00,10.01146434842918
2016-08-26 00:50:00,10.911243236183221
2016-08-26 00:55:00,7.01250844985846
2016-08-26 01:00:00,7.182719013126319
2016-08-26 01:05:00,6.12499154720636
2016-08-26 01:10:00,7.8574020567875404
2016-08-26 01:15:00,8.82071903667166
2016-08-26 01:20:00,10.31931810960138
2016-08-26 01:25:00,6.572058510509519
2016-08-26 01:30:00,6.0349095199326594
2016-08-26 01:35:00,7.064134418550379
2016-08-26 01:40:00,9.6256695160991
2016-08-26 01:45:00,11.7988816802604
2016-08-26 01:50:00,8.75179640410858
2016-08-26 01:55:00,6.560064508860959
2016-08-26 02:00:00,7.631860513770119
2016-08-26 02:05:00,8.075875232639481
2016-08-26 02:10:00,8.98632783689536
2016-08-26 02:15:00,7.9491804895803195
2016-08-26 02:20:00,4.4282058677055005
2016-08-26 02:25:00,3.62966095364312
2016-08-26 02:30:00,4.16883346372522
2016-08-26 02:35:00,3.53100561568762
2016-08-26 02:40:00,4.24002790512876
2016-08-26 02:45:00,3.5723346616359004
2016-08-26 02:50:00,2.26066976027192
2016-08-26 02:55:00,2.86649409721688
2016-08-26 03:00:00,4.4743907697525405
2016-08-26 03:05:00,6.07038730062896
2016-08-26 03:10:00,6.887747001860101
2016-08-26 03:15:00,5.75558621871834
2016-08-26 03:20:00,4.76938273935056
2016-08-26 03:25:00,5.31200298478524
2016-08-26 03:30:00,7.39091107139312
2016-08-26 03:35:00,9.98797294257886
2016-08-26 03:40:00,12.1667672508732
2016-08-26 03:45:00,11.303653668336
2016-08-26 03:50:00,8.75018575982368
2016-08-26 03:55:00,6.418341079242699
2016-08-26 04:00:00,6.24911635820376
2016-08-26 04:05:00,5.9623588126215
2016-08-26 04:10:00,5.4030844352139
2016-08-26 04:15:00,4.625113341925561
2016-08-26 04:20:00,3.44449194273246
2016-08-26 04:25:00,2.69255065964176
2016-08-26 04:30:00,2.63921524731612
2016-08-26 04:35:00,2.7085313082104596
2016-08-26 04:40:00,2.5811606369838
2016-08-26 04:45:00,1.440267454110936
2016-08-26 04:50:00,0.554924055028588
2016-08-26 04:55:00,0.411711411663038
2016-08-26 05:00:00,0.361366907837088
2016-08-26 05:05:00,0.22318595581665202
2016-08-26 05:10:00,0.243977937185926
2016-08-26 05:15:00,0.326294077585508
2016-08-26 05:20:00,0.345267057564506
2016-08-26 05:25:00,0.301687626680338
2016-08-26 05:30:00,0.047263676308622
2016-08-26 05:35:00,-0.04606840984237724
2016-08-26 05:40:00,-0.1174016159786446
2016-08-26 05:45:00,-0.168199257950074
2016-08-26 05:50:00,-0.16154504426059801
2016-08-26 05:55:00,-0.150914594088054
2016-08-26 06:00:00,-0.15148720058587
2016-08-26 06:05:00,-0.160418361630954
2016-08-26 06:10:00,-0.0915667827862218
2016-08-26 06:15:00,-0.0879252065496968
2016-08-26 06:20:00,-0.11132290642211999
2016-08-26 06:25:00,-0.127578148055834
2016-08-26 06:30:00,-0.13046493998592598
2016-08-26 06:35:00,-0.10614722166665061
2016-08-26 06:40:00,-0.0729762174403344
2016-08-26 06:45:00,-0.080743215455705
2016-08-26 06:50:00,-0.0917501081524478
2016-08-26 06:55:00,-0.120833708072082
2016-08-26 07:00:00,-0.12930072619396799
2016-08-26 07:05:00,-0.15019080681337
2016-08-26 07:10:00,-0.180573291251928
2016-08-26 07:15:00,-0.187566945031854
2016-08-26 07:20:00,-0.193007849742964
2016-08-26 07:25:00,-0.185548535317348
2016-08-26 07:30:00,-0.188592274584258
2016-08-26 07:35:00,-0.190644853202734
2016-08-26 07:40:00,-0.185225928724142
2016-08-26 07:45:00,-0.18234345275022198
2016-08-26 07:50:00,-0.165551092001102
2016-08-26 07:55:00,-0.16985625021969603
2016-08-26 08:00:00,-0.166630433199056
2016-08-26 08:05:00,-0.168309852161306
2016-08-26 08:10:00,-0.171961556904156
2016-08-26 08:15:00,-0.171542267638708
2016-08-26 08:20:00,-0.172619687894292
2016-08-26 08:25:00,-0.17773544135921
2016-08-26 08:30:00,-0.18383207352637201
2016-08-26 08:35:00,-0.177975582422364
2016-08-26 08:40:00,-0.17377927700253198
2016-08-26 08:45:00,-0.176182034313376
2016-08-26 08:50:00,-0.178565995183914
2016-08-26 08:55:00,-0.172621838912758
2016-08-26 09:00:00,-0.17549981727094602
2016-08-26 09:05:00,-0.155284351998106
2016-08-26 09:10:00,-0.158812975435128
2016-08-26 09:15:00,-0.167570870459184
2016-08-26 09:20:00,-0.17541575424571
2016-08-26 09:25:00,-0.17009186815666602
2016-08-26 09:30:00,-0.161652596144852
2016-08-26 09:35:00,-0.163513856554584
2016-08-26 09:40:00,-0.167245882433682
2016-08-26 09:45:00,-0.15783804909225202
2016-08-26 09:50:00,-0.157435103152688
2016-08-26 09:55:00,-0.169547895127392
2016-08-26 10:00:00,-0.15417047439197
2016-08-26 10:05:00,-0.143405305509548
2016-08-26 10:10:00,-0.13259770517586
2016-08-26 10:15:00,-0.1096517238563
2016-08-26 10:20:00,-0.1011497213061848
2016-08-26 10:25:00,-0.1026896099742552
2016-08-26 10:30:00,-0.102938180256708
2016-08-26 10:35:00,-0.09911717577835359
2016-08-26 10:40:00,-0.08473070070712281
2016-08-26 10:45:00,-0.06546811745791455
2016-08-26 10:50:00,-0.122872424229248
2016-08-26 10:55:00,-0.15119467583225601
2016-08-26 11:00:00,-0.14908155565061001
2016-08-26 11:05:00,-0.152971779599798
2016-08-26 11:10:00,-0.153189946936232
2016-08-26 11:15:00,-0.120523726543172
2016-08-26 11:20:00,-0.0722111478553326
2016-08-26 11:25:00,0.0030311738572391194
2016-08-26 11:30:00,0.10985741131537621
2016-08-26 11:35:00,0.18188602631925
2016-08-26 11:40:00,0.20774443734738401
2016-08-26 11:45:00,0.165005656730874
2016-08-26 11:50:00,0.226298786744852
2016-08-26 11:55:00,0.18667366257864
2016-08-26 12:00:00,0.09155345870449601
2016-08-26 12:05:00,0.040002602104642196
2016-08-26 12:10:00,0.03386087857281918
2016-08-26 12:15:00,0.10529839828912299
2016-08-26 12:20:00,0.17963949286965
2016-08-26 12:25:00,0.153854952893842
2016-08-26 12:30:00,0.178965247274396
2016-08-26 12:35:00,0.233341728123786
2016-08-26 12:40:00,0.143888566420588
2016-08-26 12:45:00,0.136822857264034
2016-08-26 12:50:00,0.138536293690424
2016-08-26 12:55:00,0.07973852402799339
2016-08-26 13:00:00,0.02197123084848046
2016-08-26 13:05:00,0.01807969029875758
2016-08-26 13:10:00,0.008547261536709861
2016-08-26 13:15:00,-0.014414714510768681
2016-08-26 13:20:00,-0.01924147725362004
2016-08-26 13:25:00,-0.072635364712915
2016-08-26 13:30:00,-0.0967308416188036
2016-08-26 13:35:00,-0.10375308059133981
2016-08-26 13:40:00,-0.0888354071235596
2016-08-26 13:45:00,-0.0411377220613018
2016-08-26 13:50:00,-0.01245010451748998
2016-08-26 13:55:00,0.0491409643846274
2016-08-26 14:00:00,0.0744533953188976
2016-08-26 14:05:00,0.020234302603663802
2016-08-26 14:10:00,0.0563569965187616
2016-08-26 14:15:00,0.09808417160065
2016-08-26 14:20:00,0.065704482676104
2016-08-26 14:25:00,0.005611134072079679
2016-08-26 14:30:00,-0.00811404070048778
2016-08-26 14:35:00,0.0553050726479762
2016-08-26 14:40:00,0.12481968911836801
2016-08-26 14:45:00,0.10120840764863981
2016-08-26 14:50:00,-0.0144666644216403
2016-08-26 14:55:00,-0.07208482789316381
2016-08-26 15:00:00,-0.0622017551388626
2016-08-26 15:05:00,-0.0724993123894188
2016-08-26 15:10:00,-0.120197208623086
2016-08-26 15:15:00,-0.152972984617964
2016-08-26 15:20:00,-0.163296213457278
2016-08-26 15:25:00,-0.18082082960672802
2016-08-26 15:30:00,-0.186805259551882
2016-08-26 15:35:00,-0.18653484350589
2016-08-26 15:40:00,-0.186259821759756
2016-08-26 15:45:00,-0.185984800013624
2016-08-26 15:50:00,-0.18570977826749
2016-08-26 15:55:00,-0.18543475652135602
2016-08-26 16:00:00,-0.18515973477522402
2016-08-26 16:05:00,-0.18488471302909
2016-08-26 16:10:00,-0.18161121809606
2016-08-26 16:15:00,-0.178886116963382
2016-08-26 16:20:00,-0.176437945414212
2016-08-26 16:25:00,-0.164353022995044
2016-08-26 16:30:00,-0.173025326929308
2016-08-26 16:35:00,-0.172861763256114
2016-08-26 16:40:00,-0.174848104119556
2016-08-26 16:45:00,-0.172641930632482
2016-08-26 16:50:00,-0.17549555180793802
2016-08-26 16:55:00,-0.18392961036703998
2016-08-26 17:00:00,-0.181260260132274
2016-08-26 17:05:00,-0.179638686137564
2016-08-26 17:10:00,-0.178138101801106
2016-08-26 17:15:00,-0.176414315108324
2016-08-26 17:20:00,-0.173817733707592
2016-08-26 17:25:00,-0.179197306231702
2016-08-26 17:30:00,-0.171178158965996
2016-08-26 17:35:00,-0.177372877579896
2016-08-26 17:40:00,-0.16419250104238
2016-08-26 17:45:00,-0.119240362722032
2016-08-26 17:50:00,-0.1078719446454092
2016-08-26 17:55:00,-0.1174554394750608
2016-08-26 18:00:00,-0.1027784638194154
2016-08-26 18:05:00,-0.053726692334279
2016-08-26 18:10:00,0.092614742977164
2016-08-26 18:15:00,0.020729242213414
2016-08-26 18:20:00,0.38736581771643197
2016-08-26 18:25:00,0.1635719721442152
2016-08-26 18:30:00,0.28589831162662344
2016-08-26 18:35:00,0.1612702598283172
2016-08-26 18:40:00,0.20479302755866718
2016-08-26 18:45:00,0.374043581807884
2016-08-26 18:50:00,0.28818119887701
2016-08-26 18:55:00,0.04980079239368504
2016-08-26 19:00:00,0.227752331013658
2016-08-26 19:05:00,0.09256169461207239
2016-08-26 19:10:00,0.38032510721378
2016-08-26 19:15:00,0.151519031490438
2016-08-26 19:20:00,0.154269013919641
2016-08-26 19:25:00,0.0290372660682862
2016-08-26 19:30:00,0.2089605116640155
2016-08-26 19:35:00,0.32381458137631197
2016-08-26 19:40:00,0.2786094535669438
2016-08-26 19:45:00,0.541278686715292
2016-08-26 19:50:00,0.9820468280349861
2016-08-26 19:55:00,0.48398000767831595
2016-08-26 20:00:00,0.34371249765843404
2016-08-26 20:05:00,0.235002433186128
2016-08-26 20:10:00,0.482437195812666
2016-08-26 20:15:00,0.226028470283378
2016-08-26 20:20:00,0.528919328203928
2016-08-26 20:25:00,0.376066382233052
2016-08-26 20:30:00,0.741991363132954
2016-08-26 20:35:00,1.066562985801528
2016-08-26 20:40:00,0.9380378559749459
2016-08-26 20:45:00,0.489641794073834
2016-08-26 20:50:00,0.5483563107671621
2016-08-26 20:55:00,0.5551968104406819
2016-08-26 21:00:00,0.82153651309119
2016-08-26 21:05:00,0.246281181521588
2016-08-26 21:10:00,0.14176118795147458
2016-08-26 21:15:00,0.346641202431112
2016-08-26 21:20:00,0.353833328800076
2016-08-26 21:25:00,0.38569019688245804
2016-08-26 21:30:00,0.6287191168389541
2016-08-26 21:35:00,0.29823175140918
2016-08-26 21:40:00,0.271750400636776
2016-08-26 21:45:00,0.0704298534274592
2016-08-26 21:50:00,-0.01752190754109654
2016-08-26 21:55:00,-0.079776009187648
2016-08-26 22:00:00,-0.08282960349777699
2016-08-26 22:05:00,-0.010419428478189798
2016-08-26 22:10:00,0.0550691512823018
2016-08-26 22:15:00,0.13097640773616898
2016-08-26 22:20:00,0.031495444180766614
2016-08-26 22:25:00,0.026312070319113402
2016-08-26 22:30:00,-0.09534299070218541
2016-08-26 22:35:00,-0.0647902807485904
2016-08-26 22:40:00,-0.10645592324295161
2016-08-26 22:45:00,-0.12157655981636602
2016-08-26 22:50:00,-0.107539447067172
2016-08-26 22:55:00,-0.141121547072804
2016-08-26 23:00:00,-0.13747432952491
2016-08-26 23:05:00,-0.0748062229387986
2016-08-26 23:10:00,-0.146437699202554
2016-08-26 23:15:00,-0.10612252864304221
2016-08-26 23:20:00,-0.126608936607901
2016-08-26 23:25:00,-0.025373723600266195
2016-08-26 23:30:00,0.0035474144297426404
2016-08-26 23:35:00,-0.0180801892421156
2016-08-26 23:40:00,-0.0413196336137576
2016-08-26 23:45:00,-0.0726380963592886
2016-08-26 23:50:00,-0.111964189194466
2016-08-26 23:55:00,-0.14001326098473918
2016-08-27 00:00:00,-0.14200989066434
2016-08-27 00:05:00,-0.15436042809122
2016-08-27 00:10:00,-0.164835849517598
2016-08-27 00:15:00,-0.163154311309292
2016-08-27 00:20:00,-0.16013468427379401
2016-08-27 00:25:00,-0.151298518362312
2016-08-27 00:30:00,-0.161445878385332
2016-08-27 00:35:00,-0.156199806638862
2016-08-27 00:40:00,-0.167370096657632
2016-08-27 00:45:00,-0.1768532750363
2016-08-27 00:50:00,-0.176609896999436
2016-08-27 00:55:00,-0.160542641513232
2016-08-27 01:00:00,-0.16273292688707
2016-08-27 01:05:00,-0.10270802124916181
2016-08-27 01:10:00,-0.174465175460094
2016-08-27 01:15:00,-0.181962993588074
2016-08-27 01:20:00,-0.175276336025768
2016-08-27 01:25:00,-0.1738792116679
2016-08-27 01:30:00,-0.184461650793656
2016-08-27 01:35:00,-0.180610385848692
2016-08-27 01:40:00,-0.17908051929194
2016-08-27 01:45:00,-0.17147356935312402
2016-08-27 01:50:00,-0.178110198451032
2016-08-27 01:55:00,-0.178165864261406
2016-08-27 02:00:00,-0.178221530071778
2016-08-27 02:05:00,-0.17827719588215002
2016-08-27 02:10:00,-0.178332861692522
2016-08-27 02:15:00,-0.178388527502894
2016-08-27 02:20:00,-0.178444193313268
2016-08-27 02:25:00,-0.175670567461386
2016-08-27 02:30:00,-0.18136054167177398
2016-08-27 02:35:00,-0.18315637537462
2016-08-27 02:40:00,-0.184142057702736
2016-08-27 02:45:00,-0.185127740030854
2016-08-27 02:50:00,-0.18611342235897
2016-08-27 02:55:00,-0.187099104687086
2016-08-27 03:00:00,-0.188084787015204
2016-08-27 03:05:00,-0.18907046934332
2016-08-27 03:10:00,-0.190056151671436
2016-08-27 03:15:00,-0.19104183399955
2016-08-27 03:20:00,-0.191542354117618
2016-08-27 03:25:00,-0.19079018275509602
2016-08-27 03:30:00,-0.189974213431582
2016-08-27 03:35:00,-0.187548537552168
2016-08-27 03:40:00,-0.173409680845264
2016-08-27 03:45:00,-0.171906933023888
2016-08-27 03:50:00,-0.162663079348506
2016-08-27 03:55:00,-0.15106626617027802
2016-08-27 04:00:00,-0.12412077978493401
2016-08-27 04:05:00,-0.0777494075282396
2016-08-27 04:10:00,0.02296728748663532
2016-08-27 04:15:00,0.195236398517764
2016-08-27 04:20:00,0.38757430983035
2016-08-27 04:25:00,1.090603446881124
2016-08-27 04:30:00,2.50076582337546
2016-08-27 04:35:00,6.61355977291304
2016-08-27 04:40:00,13.637595577909
2016-08-27 04:45:00,18.9865743311208
2016-08-27 04:50:00,22.2295506634932
2016-08-27 04:55:00,25.1485042466426
2016-08-27 05:00:00,26.120431809674802
2016-08-27 05:05:00,25.903841945687997
2016-08-27 05:10:00,24.7128014483362
2016-08-27 05:15:00,25.3803119613176
2016-08-27 05:20:00,27.163440008843203
2016-08-27 05:25:00,29.2834921811292
2016-08-27 05:30:00,29.074916082976397
2016-08-27 05:35:00,27.842146016040402
2016-08-27 05:40:00,27.5065729371134
2016-08-27 05:45:00,27.117204236386197
2016-08-27 05:50:00,26.619648047566603
2016-08-27 05:55:00,25.2024379362556
2016-08-27 06:00:00,23.1859445753788
2016-08-27 06:05:00,21.6741364330094
2016-08-27 06:10:00,23.8118395404518
2016-08-27 06:15:00,22.124458683013
2016-08-27 06:20:00,20.674299481149
2016-08-27 06:25:00,20.7752262273134
2016-08-27 06:30:00,21.0174558154636
2016-08-27 06:35:00,20.191347886016597
2016-08-27 06:40:00,20.317649993420797
2016-08-27 06:45:00,20.5077326262076
2016-08-27 06:50:00,20.878985685325198
2016-08-27 06:55:00,20.8495408813408
2016-08-27 07:00:00,23.1433169929412
2016-08-27 07:05:00,22.2569047885452
2016-08-27 07:10:00,21.6484213340858
2016-08-27 07:15:00,20.2411194088288
2016-08-27 07:20:00,21.233027252023398
2016-08-27 07:25:00,22.3044918171094
2016-08-27 07:30:00,23.016175542889
2016-08-27 07:35:00,21.8706173301464
2016-08-27 07:40:00,22.7521168097996
2016-08-27 07:45:00,22.5244804203678
2016-08-27 07:50:00,22.4708151710308
2016-08-27 07:55:00,19.8955943982686
2016-08-27 08:00:00,19.5820938328598
2016-08-27 08:05:00,20.017537507690598
2016-08-27 08:10:00,18.8000392114366
2016-08-27 08:15:00,18.610154365681
2016-08-27 08:20:00,17.864375233923
2016-08-27 08:25:00,16.9860434424434
2016-08-27 08:30:00,17.630402319708
2016-08-27 08:35:00,20.0879104492474
2016-08-27 08:40:00,22.2132725708204
2016-08-27 08:45:00,22.644201216782598
2016-08-27 08:50:00,22.4167374786256
2016-08-27 08:55:00,22.487743298951802
2016-08-27 09:00:00,25.5024084588628
2016-08-27 09:05:00,25.851083062662997
2016-08-27 09:10:00,25.858995934038802
2016-08-27 09:15:00,26.413349947648197
2016-08-27 09:20:00,27.4664759080844
2016-08-27 09:25:00,27.823445294392798
2016-08-27 09:30:00,27.382719909693
2016-08-27 09:35:00,26.0149208754524
2016-08-27 09:40:00,24.253320207396
2016-08-27 09:45:00,23.1445403587936
2016-08-27 09:50:00,22.900250825747598
2016-08-27 09:55:00,27.044720623540798
2016-08-27 10:00:00,29.3415828856656
2016-08-27 10:05:00,28.194365429334802
2016-08-27 10:10:00,29.423998425796402
2016-08-27 10:15:00,32.3308867600118
2016-08-27 10:20:00,35.235236495878596
2016-08-27 10:25:00,37.420738314705
2016-08-27 10:30:00,38.548388017048
2016-08-27 10:35:00,43.0456476711824
2016-08-27 10:40:00,45.0010298876062
2016-08-27 10:45:00,46.273662016445805
2016-08-27 10:50:00,45.480830663214604
2016-08-27 10:55:00,43.592903295885
2016-08-27 11:00:00,41.1704823029886
2016-08-27 11:05:00,41.1722821164294
2016-08-27 11:10:00,41.0183526758576
2016-08-27 11:15:00,38.5811732455512
2016-08-27 11:20:00,36.0515275065058
2016-08-27 11:25:00,36.795540891014994
2016-08-27 11:30:00,38.316019798955594
2016-08-27 11:35:00,41.6547665458526
2016-08-27 11:40:00,43.8861860501774
2016-08-27 11:45:00,48.293573055525805
2016-08-27 11:50:00,51.374518233834806
2016-08-27 11:55:00,53.2850307446094
2016-08-27 12:00:00,56.205265044821
2016-08-27 12:05:00,62.5962271961298
2016-08-27 12:10:00,64.878717750466
2016-08-27 12:15:00,63.5400676857498
2016-08-27 12:20:00,63.739321587442
2016-08-27 12:25:00,59.7341305320596
2016-08-27 12:30:00,57.143636240848004
2016-08-27 12:35:00,56.3497974662118
2016-08-27 12:40:00,58.3642008630412
2016-08-27 12:45:00,58.3735091853888
2016-08-27 12:50:00,61.262564447625195
2016-08-27 12:55:00,65.28848326782881
2016-08-27 13:00:00,66.31629620189081
2016-08-27 13:05:00,65.213474020057
2016-08-27 13:10:00,62.136636175679996
2016-08-27 13:15:00,57.905263670586805
2016-08-27 13:20:00,60.6444006148736
2016-08-27 13:25:00,64.76054963495059
2016-08-27 13:30:00,65.795855546475
2016-08-27 13:35:00,59.245939107859996
2016-08-27 13:40:00,51.5795182503094
2016-08-27 13:45:00,44.769585669784
2016-08-27 13:50:00,42.9765335637358
2016-08-27 13:55:00,44.022682130723
2016-08-27 14:00:00,42.9361094223036
2016-08-27 14:05:00,41.7028090465586
2016-08-27 14:10:00,40.189936285336
2016-08-27 14:15:00,39.000962020904
2016-08-27 14:20:00,37.054998801808196
2016-08-27 14:25:00,35.7107972001874
2016-08-27 14:30:00,32.1139616715722
2016-08-27 14:35:00,30.761769391742
2016-08-27 14:40:00,27.273566034249
2016-08-27 14:45:00,26.5156445246274
2016-08-27 14:50:00,26.792314130621598
2016-08-27 14:55:00,26.144636334080996
2016-08-27 15:00:00,22.4544811063598
2016-08-27 15:05:00,22.2170216071612
2016-08-27 15:10:00,25.8374219042922
2016-08-27 15:15:00,30.133418311081403
2016-08-27 15:20:00,31.223191107178202
2016-08-27 15:25:00,32.1786343624916
2016-08-27 15:30:00,30.6412430910662
2016-08-27 15:35:00,29.4717787536324
2016-08-27 15:40:00,30.5150044277628
2016-08-27 15:45:00,29.3072735426488
2016-08-27 15:50:00,26.8173292466374
2016-08-27 15:55:00,23.3042295117296
2016-08-27 16:00:00,21.9851033860322
2016-08-27 16:05:00,19.879254728210203
2016-08-27 16:10:00,18.3283881448334
2016-08-27 16:15:00,17.5921632853972
2016-08-27 16:20:00,16.22273751153
2016-08-27 16:25:00,15.508920727402401
2016-08-27 16:30:00,15.6627451547856
2016-08-27 16:35:00,19.0890119719658
2016-08-27 16:40:00,21.593523195580598
2016-08-27 16:45:00,23.380669636705
2016-08-27 16:50:00,23.1990465187986
2016-08-27 16:55:00,22.9798700706272
2016-08-27 17:00:00,20.7168732901164
2016-08-27 17:05:00,21.185862286619
2016-08-27 17:10:00,18.811077390009
2016-08-27 17:15:00,17.7409612530346
2016-08-27 17:20:00,17.5578884480456
2016-08-27 17:25:00,18.0414731760742
2016-08-27 17:30:00,17.103993771181003
2016-08-27 17:35:00,17.7269132636766
2016-08-27 17:40:00,14.420085803183401
2016-08-27 17:45:00,13.707215423466
2016-08-27 17:50:00,12.3374923842656
2016-08-27 17:55:00,10.463468872332601
2016-08-27 18:00:00,7.824107454934941
2016-08-27 18:05:00,9.306889130526539
2016-08-27 18:10:00,10.56953414916868
2016-08-27 18:15:00,13.109337412162
2016-08-27 18:20:00,17.4766410271268
2016-08-27 18:25:00,27.5956035848632
2016-08-27 18:30:00,35.94519173678
2016-08-27 18:35:00,38.4903068775768
2016-08-27 18:40:00,34.1514685210562
2016-08-27 18:45:00,32.0621341920058
2016-08-27 18:50:00,35.2804006380104
2016-08-27 18:55:00,36.047708011696
2016-08-27 19:00:00,41.0638643906306
2016-08-27 19:05:00,48.6918426125448
2016-08-27 19:10:00,51.048003251092
2016-08-27 19:15:00,53.5871599316662
2016-08-27 19:20:00,62.662646679537396
2016-08-27 19:25:00,67.0237168953244
2016-08-27 19:30:00,70.074655458833
2016-08-27 19:35:00,75.62872083467559
2016-08-27 19:40:00,73.74987333609519
2016-08-27 19:45:00,67.0722374706212
2016-08-27 19:50:00,56.0557498433382
2016-08-27 19:55:00,51.0942648064548
2016-08-27 20:00:00,53.7116431963428
2016-08-27 20:05:00,60.1653708195856
2016-08-27 20:10:00,65.7436692900706
2016-08-27 20:15:00,68.849535279135
2016-08-27 20:20:00,73.1629139171754
2016-08-27 20:25:00,79.3751408053444
2016-08-27 20:30:00,82.3614727400702
2016-08-27 20:35:00,87.25355651933799
2016-08-27 20:40:00,89.7281914860318
2016-08-27 20:45:00,90.0658200820654
2016-08-27 20:50:00,90.4805903907582
2016-08-27 20:55:00,89.594802468903
2016-08-27 21:00:00,89.598995294321
2016-08-27 21:05:00,88.5302802295684
2016-08-27 21:10:00,90.0310721919452
2016-08-27 21:15:00,85.34550768970121
2016-08-27 21:20:00,85.29841677987841
2016-08-27 21:25:00,88.3731587339504
2016-08-27 21:30:00,89.17775312661941
2016-08-27 21:35:00,88.4310179605886
2016-08-27 21:40:00,88.201491251491
2016-08-27 21:45:00,88.7369209122936
2016-08-27 21:50:00,89.6339586126764
2016-08-27 21:55:00,89.9032897009066
2016-08-27 22:00:00,89.8371552856712
2016-08-27 22:05:00,90.4178008422612
2016-08-27 22:10:00,89.95657584133139
2016-08-27 22:15:00,90.808517790823
2016-08-27 22:20:00,91.24372760456181
2016-08-27 22:25:00,91.2395413821994
2016-08-27 22:30:00,90.7914877873712
2016-08-27 22:35:00,90.945876570701
2016-08-27 22:40:00,89.8706999360856
2016-08-27 22:45:00,91.1781787115632
2016-08-27 22:50:00,91.76268712411999
2016-08-27 22:55:00,91.7546080590502
2016-08-27 23:00:00,91.7068596727714
2016-08-27 23:05:00,91.657049080192
2016-08-27 23:10:00,91.4553849955294
2016-08-27 23:15:00,91.625599911392
2016-08-27 23:20:00,91.6181000268904
2016-08-27 23:25:00,91.9992704256264
2016-08-27 23:30:00,91.83815717564701
2016-08-27 23:35:00,91.8439836677168
2016-08-27 23:40:00,91.86453873675
2016-08-27 23:45:00,91.8195393162948
2016-08-27 23:50:00,92.1877911971764
2016-08-27 23:55:00,92.25137708260999
2016-08-28 00:00:00,92.23548139008321
2016-08-28 00:05:00,92.3023998310126
2016-08-28 00:10:00,92.2281041766792
2016-08-28 00:15:00,92.2595043948994
2016-08-28 00:20:00,92.3840498455382
2016-08-28 00:25:00,92.2403454017672
2016-08-28 00:30:00,92.355481697664
2016-08-28 00:35:00,92.36690087814979
2016-08-28 00:40:00,90.9135969978072
2016-08-28 00:45:00,90.1876409316492
2016-08-28 00:50:00,90.3320534390842
2016-08-28 00:55:00,90.347274120996
2016-08-28 01:00:00,90.2366843360786
2016-08-28 01:05:00,90.26526816165861
2016-08-28 01:10:00,90.29835404510361
2016-08-28 01:15:00,89.99983445717581
2016-08-28 01:20:00,89.65270958453479
2016-08-28 01:25:00,90.07226013609741
2016-08-28 01:30:00,90.0312751933128
2016-08-28 01:35:00,89.9852191521132
2016-08-28 01:40:00,89.9620141949978
2016-08-28 01:45:00,89.7077808306944
2016-08-28 01:50:00,88.50635242551
2016-08-28 01:55:00,88.904682874222
2016-08-28 02:00:00,88.191292206981
2016-08-28 02:05:00,88.7790872862428
2016-08-28 02:10:00,88.714587182066
2016-08-28 02:15:00,89.30464619416719
2016-08-28 02:20:00,88.9814319684676
2016-08-28 02:25:00,89.0318387345466
2016-08-28 02:30:00,89.60842311600621
2016-08-28 02:35:00,89.93435728753579
2016-08-28 02:40:00,90.0033564891184
2016-08-28 02:45:00,89.5357583663168
2016-08-28 02:50:00,90.1290275511366
2016-08-28 02:55:00,89.8759325829172
2016-08-28 03:00:00,89.10372875843521
2016-08-28 03:05:00,89.6792441088124
2016-08-28 03:10:00,89.5092311470458
2016-08-28 03:15:00,87.1255573242546
2016-08-28 03:20:00,87.2294642137238
2016-08-28 03:25:00,86.991766792733
2016-08-28 03:30:00,86.0402771925016
2016-08-28 03:35:00,85.19435580128341
2016-08-28 03:40:00,85.4401570852718
2016-08-28 03:45:00,84.9649186756252
2016-08-28 03:50:00,83.1333729076528
2016-08-28 03:55:00,81.2971713141366
2016-08-28 04:00:00,80.2467969973574
2016-08-28 04:05:00,79.3615135734128
2016-08-28 04:10:00,76.840262150993
2016-08-28 04:15:00,73.6722060963628
2016-08-28 04:20:00,72.4687487838288
2016-08-28 04:25:00,71.7285480670656
2016-08-28 04:30:00,78.2236048070758
2016-08-28 04:35:00,83.1783158219214
2016-08-28 04:40:00,85.06156253644681
2016-08-28 04:45:00,86.8632937098896
2016-08-28 04:50:00,87.7993249808972
2016-08-28 04:55:00,87.9013115821394
2016-08-28 05:00:00,87.6126846721872
2016-08-28 05:05:00,86.8586869214804
2016-08-28 05:10:00,84.1644274993878
2016-08-28 05:15:00,81.61229260589
2016-08-28 05:20:00,77.91351982540661
2016-08-28 05:25:00,73.63288209377319
2016-08-28 05:30:00,68.53503515101661
2016-08-28 05:35:00,61.749575155513796
2016-08-28 05:40:00,56.506154861451
2016-08-28 05:45:00,50.8021028899388
2016-08-28 05:50:00,49.7289212453982
2016-08-28 05:55:00,43.0956019361144
2016-08-28 06:00:00,36.719588995298196
2016-08-28 06:05:00,31.947097979864402
2016-08-28 06:10:00,30.9562381890462
2016-08-28 06:15:00,34.1167479725648
2016-08-28 06:20:00,33.6098414301366
2016-08-28 06:25:00,32.326827454802
2016-08-28 06:30:00,35.0739267383514
2016-08-28 06:35:00,38.581458241861
2016-08-28 06:40:00,40.944162444302
2016-08-28 06:45:00,42.3881945535588
2016-08-28 06:50:00,45.1057761354332
2016-08-28 06:55:00,46.0438644402046
2016-08-28 07:00:00,48.383161683423
2016-08-28 07:05:00,49.5871134516824
2016-08-28 07:10:00,50.885229686005594
2016-08-28 07:15:00,52.993068211260194
2016-08-28 07:20:00,52.51889560016859
2016-08-28 07:25:00,49.8884678192526
2016-08-28 07:30:00,48.512824759705
2016-08-28 07:35:00,47.289710769292
2016-08-28 07:40:00,42.40043509313
2016-08-28 07:45:00,39.090110946985405
2016-08-28 07:50:00,38.0699127602908
2016-08-28 07:55:00,39.828083433901
2016-08-28 08:00:00,41.2751545724426
2016-08-28 08:05:00,42.7808983160288
2016-08-28 08:10:00,42.3614976082836
2016-08-28 08:15:00,40.0231997111474
2016-08-28 08:20:00,36.9024419563046
2016-08-28 08:25:00,34.985871124648796
2016-08-28 08:30:00,33.8487004491916
2016-08-28 08:35:00,31.939905181931
2016-08-28 08:40:00,29.7211114151912
2016-08-28 08:45:00,27.8688182244178
2016-08-28 08:50:00,25.826801808780196
2016-08-28 08:55:00,26.033638949495003
2016-08-28 09:00:00,24.0441914916758
2016-08-28 09:05:00,20.4704459295778
2016-08-28 09:10:00,18.4045740632958
2016-08-28 09:15:00,17.3002203694384
2016-08-28 09:20:00,15.350450514995199
2016-08-28 09:25:00,14.202463315152801
2016-08-28 09:30:00,13.464741030184001
2016-08-28 09:35:00,13.257560834282401
2016-08-28 09:40:00,11.707101470110599
2016-08-28 09:45:00,11.644710395581999
2016-08-28 09:50:00,10.809805686915599
2016-08-28 09:55:00,10.28915687355056
2016-08-28 10:00:00,10.026803337123459
2016-08-28 10:05:00,10.62321021026666
2016-08-28 10:10:00,12.434768511639401
2016-08-28 10:15:00,14.340811555220801
2016-08-28 10:20:00,16.551323414477203
2016-08-28 10:25:00,20.497756750399198
2016-08-28 10:30:00,23.847196531996
2016-08-28 10:35:00,27.496533698522803
2016-08-28 10:40:00,30.329662415450002
2016-08-28 10:45:00,33.702931022944405
2016-08-28 10:50:00,34.118538425684406
2016-08-28 10:55:00,34.265511255839
2016-08-28 11:00:00,31.368061738965203
2016-08-28 11:05:00,28.1248678468514
2016-08-28 11:10:00,27.1327072036158
2016-08-28 11:15:00,26.0704423664158
2016-08-28 11:20:00,23.882031873028602
2016-08-28 11:25:00,20.055090155151
2016-08-28 11:30:00,17.7427471136086
2016-08-28 11:35:00,16.388937253147
2016-08-28 11:40:00,15.505677651118
2016-08-28 11:45:00,14.9550164902488
2016-08-28 11:50:00,15.6745774166058
2016-08-28 11:55:00,14.9947991905008
2016-08-28 12:00:00,13.224083331016399
2016-08-28 12:05:00,11.712795896987
2016-08-28 12:10:00,10.9323635235554
2016-08-28 12:15:00,9.34536884811042
2016-08-28 12:20:00,7.86150482905848
2016-08-28 12:25:00,6.07022552436972
2016-08-28 12:30:00,5.38870536535204
2016-08-28 12:35:00,5.278064347480379
2016-08-28 12:40:00,6.071792731048
2016-08-28 12:45:00,6.1670481363102
2016-08-28 12:50:00,6.13360861631778
2016-08-28 12:55:00,6.5009139285996
2016-08-28 13:00:00,6.7033141051322005
2016-08-28 13:05:00,6.57039427508456
2016-08-28 13:10:00,6.85981878074458
2016-08-28 13:15:00,7.47926384636458
2016-08-28 13:20:00,7.6033210223275605
2016-08-28 13:25:00,6.826618612872821
2016-08-28 13:30:00,6.07873733654296
2016-08-28 13:35:00,4.47468428546708
2016-08-28 13:40:00,3.5558872658881198
2016-08-28 13:45:00,3.01490647137138
2016-08-28 13:50:00,2.81200892379096
2016-08-28 13:55:00,2.4032529844914
2016-08-28 14:00:00,1.6644010771396398
2016-08-28 14:05:00,0.816167797042582
2016-08-28 14:10:00,0.289323126333216
2016-08-28 14:15:00,0.1380367800850956
2016-08-28 14:20:00,0.10623796643019019
2016-08-28 14:25:00,0.13753369809256
2016-08-28 14:30:00,0.1556376352498
2016-08-28 14:35:00,0.222493910276168
2016-08-28 14:40:00,0.234321854730422
2016-08-28 14:45:00,0.213287038697412
2016-08-28 14:50:00,0.234893014346954
2016-08-28 14:55:00,0.595954637554916
2016-08-28 15:00:00,0.9238039340172399
2016-08-28 15:05:00,1.37051995644002
2016-08-28 15:10:00,1.37274724243008
2016-08-28 15:15:00,2.51589081028512
2016-08-28 15:20:00,3.2049586104286805
2016-08-28 15:25:00,3.70865196119698
2016-08-28 15:30:00,3.82338338979406
2016-08-28 15:35:00,3.82014377578414
2016-08-28 15:40:00,4.361661207346261
2016-08-28 15:45:00,4.36350517742696
2016-08-28 15:50:00,3.93531421724492
2016-08-28 15:55:00,4.58622707976036
2016-08-28 16:00:00,5.57309187564842
2016-08-28 16:05:00,5.0237475492204595
2016-08-28 16:10:00,4.51021310185058
2016-08-28 16:15:00,3.85770462826314
2016-08-28 16:20:00,3.1457478284946
2016-08-28 16:25:00,3.17639192005914
2016-08-28 16:30:00,3.06576419355974
2016-08-28 16:35:00,3.03866974561904
2016-08-28 16:40:00,2.87527459137736
2016-08-28 16:45:00,2.39774377634652
2016-08-28 16:50:00,2.1924205764536397
2016-08-28 16:55:00,1.410738157065772
2016-08-28 17:00:00,1.5370479784748
2016-08-28 17:05:00,1.8015806042319202
2016-08-28 17:10:00,1.3850673759868
2016-08-28 17:15:00,1.62822462387158
2016-08-28 17:20:00,1.3016100383903
2016-08-28 17:25:00,1.04089035929108
2016-08-28 17:30:00,1.030741816721334
2016-08-28 17:35:00,1.096286351847902
2016-08-28 17:40:00,0.540853622770358
2016-08-28 17:45:00,0.21431535480317998
2016-08-28 17:50:00,0.0986589062322372
2016-08-28 17:55:00,-0.0091247363085636
2016-08-28 18:00:00,0.09970787014871621
2016-08-28 18:05:00,0.1164802861602062
2016-08-28 18:10:00,0.0044645418438598195
2016-08-28 18:15:00,0.0072903751859382995
2016-08-28 18:20:00,0.0185259725919631
2016-08-28 18:25:00,-0.006681822303068999
2016-08-28 18:30:00,-0.04367474614358522
2016-08-28 18:35:00,-0.10169716641772922
2016-08-28 18:40:00,-0.11159369363924161
2016-08-28 18:45:00,-0.10751414558000201
2016-08-28 18:50:00,-0.0897680802885002
2016-08-28 18:55:00,-0.0850553261223444
2016-08-28 19:00:00,-0.0749134428175066
2016-08-28 19:05:00,-0.1112803142432028
2016-08-28 19:10:00,-0.111213208555572
2016-08-28 19:15:00,-0.0877133180254042
2016-08-28 19:20:00,-0.06993389389462659
2016-08-28 19:25:00,0.0610438559590046
2016-08-28 19:30:00,-0.10052865729856839
2016-08-28 19:35:00,-0.13075579125194
2016-08-28 19:40:00,-0.11555542321179299
2016-08-28 19:45:00,-0.0436391059409036
2016-08-28 19:50:00,0.08145429533898421
2016-08-28 19:55:00,0.25351877779410004
2016-08-28 20:00:00,0.09555881000361678
2016-08-28 20:05:00,0.130196836185128
2016-08-28 20:10:00,-0.056555233210120605
2016-08-28 20:15:00,-0.13535430608054
2016-08-28 20:20:00,-0.1181030742397076
2016-08-28 20:25:00,-0.06497257200672439
2016-08-28 20:30:00,-0.12197195725941401
2016-08-28 20:35:00,-0.11937103673285461
2016-08-28 20:40:00,-0.087817006115523
2016-08-28 20:45:00,-0.08308812808945461
2016-08-28 20:50:00,-0.1004086167586102
2016-08-28 20:55:00,-0.07782413285855559
2016-08-28 21:00:00,-0.071480127857418
2016-08-28 21:05:00,0.0639243041433296
2016-08-28 21:10:00,-0.0755133894584722
2016-08-28 21:15:00,0.006318809478133161
2016-08-28 21:20:00,0.1592531319052126
2016-08-28 21:25:00,0.390617133027286
2016-08-28 21:30:00,0.394294673460772
2016-08-28 21:35:00,0.26676440579618604
2016-08-28 21:40:00,0.190860911800252
2016-08-28 21:45:00,0.685912235410076
2016-08-28 21:50:00,1.173599505868732
2016-08-28 21:55:00,1.2529655922177398
2016-08-28 22:00:00,2.12231872958658
2016-08-28 22:05:00,3.1131182025568003
2016-08-28 22:10:00,2.9749222230479804
2016-08-28 22:15:00,2.1021362294445
2016-08-28 22:20:00,2.21352057699914
2016-08-28 22:25:00,2.71158959445442
2016-08-28 22:30:00,2.40032029706086
2016-08-28 22:35:00,2.60975191867076
2016-08-28 22:40:00,3.15554895983896
2016-08-28 22:45:00,2.4022113915506003
2016-08-28 22:50:00,3.4783688143128204
2016-08-28 22:55:00,4.69735426418368
2016-08-28 23:00:00,4.854562567042519
2016-08-28 23:05:00,4.9368339081674595
2016-08-28 23:10:00,7.69967734659364
2016-08-28 23:15:00,8.039762221436899
2016-08-28 23:20:00,6.18154030684964
2016-08-28 23:25:00,5.08461935228862
2016-08-28 23:30:00,4.24139017546836
2016-08-28 23:35:00,4.31314580450874
2016-08-28 23:40:00,3.9109855986327
2016-08-28 23:45:00,4.77048833878378
2016-08-28 23:50:00,4.93033985830696
2016-08-28 23:55:00,5.8650794582109596
2016-08-29 00:00:00,5.75954732108198
2016-08-29 00:05:00,4.50985683864
2016-08-29 00:10:00,5.0584404688045606
2016-08-29 00:15:00,6.56515541897428
2016-08-29 00:20:00,5.62087507772928
2016-08-29 00:25:00,6.95995098835288
2016-08-29 00:30:00,6.12377749231024
2016-08-29 00:35:00,8.054365482604961
2016-08-29 00:40:00,8.50344961361576
2016-08-29 00:45:00,9.11467377802698
2016-08-29 00:50:00,10.53042619021562
2016-08-29 00:55:00,10.65911633388318
2016-08-29 01:00:00,9.52834054646806
2016-08-29 01:05:00,9.424867701653302
2016-08-29 01:10:00,10.00177064844334
2016-08-29 01:15:00,11.1186760309568
2016-08-29 01:20:00,12.918423448415998
2016-08-29 01:25:00,15.2325103917278
2016-08-29 01:30:00,20.410415996220998
2016-08-29 01:35:00,25.4311451184426
2016-08-29 01:40:00,27.7787624545266
2016-08-29 01:45:00,25.129428955795998
2016-08-29 01:50:00,22.161084606048
2016-08-29 01:55:00,20.89587226978
2016-08-29 02:00:00,19.119299841772197
2016-08-29 02:05:00,22.2405511274224
2016-08-29 02:10:00,22.2200040171236
2016-08-29 02:15:00,18.070912797464
2016-08-29 02:20:00,17.4474534833462
2016-08-29 02:25:00,19.6996107184772
2016-08-29 02:30:00,23.10350176506
2016-08-29 02:35:00,24.1389330329222
2016-08-29 02:40:00,24.598211718291
2016-08-29 02:45:00,26.7479042072578
2016-08-29 02:50:00,25.862161688871197
2016-08-29 02:55:00,24.3582296521408
2016-08-29 03:00:00,24.0667532414228
2016-08-29 03:05:00,25.581540076821
2016-08-29 03:10:00,25.0815267198442
2016-08-29 03:15:00,24.6106067116092
2016-08-29 03:20:00,26.454298177511998
2016-08-29 03:25:00,28.9765298528766
2016-08-29 03:30:00,30.4102653019282
2016-08-29 03:35:00,32.3390404551244
2016-08-29 03:40:00,35.2742223276952
2016-08-29 03:45:00,34.448627166734795
2016-08-29 03:50:00,32.981263872993
2016-08-29 03:55:00,33.0927010358092
2016-08-29 04:00:00,32.982474889343
2016-08-29 04:05:00,32.7252370495774
2016-08-29 04:10:00,35.5979166585182
2016-08-29 04:15:00,35.6396107085288
2016-08-29 04:20:00,32.468636505286
2016-08-29 04:25:00,25.7389636753628
2016-08-29 04:30:00,10.592736633572859
2016-08-29 04:35:00,3.11744269514812
2016-08-29 04:40:00,3.0653169924133197
2016-08-29 04:45:00,2.37466706588066
2016-08-29 04:50:00,1.2876154878199961
2016-08-29 04:55:00,0.546747354105908
2016-08-29 05:00:00,0.23143983587622602
2016-08-29 05:05:00,0.42459808013388206
2016-08-29 05:10:00,0.889515289500636
2016-08-29 05:15:00,2.3880382106257803
2016-08-29 05:20:00,3.9605894309858996
2016-08-29 05:25:00,4.5794658751865995
2016-08-29 05:30:00,4.60899357101546
2016-08-29 05:35:00,5.15302309596874
2016-08-29 05:40:00,4.699589752652
2016-08-29 05:45:00,3.7493393463356197
2016-08-29 05:50:00,3.22586324476068
2016-08-29 05:55:00,2.33221081854202
2016-08-29 06:00:00,1.8855189761057
2016-08-29 06:05:00,1.27623669437304
2016-08-29 06:10:00,1.19434315464388
2016-08-29 06:15:00,1.3076687269012202
2016-08-29 06:20:00,1.45748272140296
2016-08-29 06:25:00,1.38431415529712
2016-08-29 06:30:00,1.5234871838839
2016-08-29 06:35:00,2.12000557269468
2016-08-29 06:40:00,3.4384190361250604
2016-08-29 06:45:00,4.6905059352085
2016-08-29 06:50:00,4.418056659580261
2016-08-29 06:55:00,4.09324329034398
2016-08-29 07:00:00,4.6643535121098
2016-08-29 07:05:00,4.45412870804246
2016-08-29 07:10:00,3.0035305042321
2016-08-29 07:15:00,1.8903535429966198
2016-08-29 07:20:00,1.21922506637984
2016-08-29 07:25:00,1.147927087593338
2016-08-29 07:30:00,0.746505600046752
2016-08-29 07:35:00,0.40040096740306996
2016-08-29 07:40:00,0.358691438512728
2016-08-29 07:45:00,0.148559242310178
2016-08-29 07:50:00,0.0926610627141836
2016-08-29 07:55:00,0.193812676896566
2016-08-29 08:00:00,0.381013559953222
2016-08-29 08:05:00,0.62707437420171
2016-08-29 08:10:00,0.9930521822057219
2016-08-29 08:15:00,1.5697063159271
2016-08-29 08:20:00,1.36216197217346
2016-08-29 08:25:00,0.9925524528692499
2016-08-29 08:30:00,1.01292191065452
2016-08-29 08:35:00,1.41392199926914
2016-08-29 08:40:00,1.8059723458995798
2016-08-29 08:45:00,1.8112997904046602
2016-08-29 08:50:00,1.20661544977392
2016-08-29 08:55:00,0.852339731353176
2016-08-29 09:00:00,0.744418052402282
2016-08-29 09:05:00,0.769609223819498
2016-08-29 09:10:00,0.744719619909752
2016-08-29 09:15:00,0.696531317827656
2016-08-29 09:20:00,0.9808939563322661
2016-08-29 09:25:00,0.8085413624531199
2016-08-29 09:30:00,0.643144934633674
2016-08-29 09:35:00,0.699649752618988
2016-08-29 09:40:00,0.632958201053772
2016-08-29 09:45:00,0.6878447806949259
2016-08-29 09:50:00,0.578009204898044
2016-08-29 09:55:00,0.39297433873362003
2016-08-29 10:00:00,0.336662989701796
2016-08-29 10:05:00,0.49299142711099203
2016-08-29 10:10:00,0.772837214725724
2016-08-29 10:15:00,0.631509155100578
2016-08-29 10:20:00,0.459104698343502
2016-08-29 10:25:00,0.378425881209608
2016-08-29 10:30:00,0.593867232430394
2016-08-29 10:35:00,0.684501363100434
2016-08-29 10:40:00,0.36996254881603197
2016-08-29 10:45:00,0.364544230663972
2016-08-29 10:50:00,0.450750366278032
2016-08-29 10:55:00,0.489680016030474
2016-08-29 11:00:00,0.691064039594482
2016-08-29 11:05:00,0.732806859638878
2016-08-29 11:10:00,0.5114659654746461
2016-08-29 11:15:00,0.40364137947911
2016-08-29 11:20:00,0.329802585285272
2016-08-29 11:25:00,0.27980936490342
2016-08-29 11:30:00,0.24284757298349396
2016-08-29 11:35:00,0.422822230712992
2016-08-29 11:40:00,0.856375220964714
2016-08-29 11:45:00,1.2107661063541
2016-08-29 11:50:00,1.94495068174048
2016-08-29 11:55:00,2.66915141456182
2016-08-29 12:00:00,3.31567462201046
2016-08-29 12:05:00,2.54356051303254
2016-08-29 12:10:00,2.0112717430059197
2016-08-29 12:15:00,1.55102982411214
2016-08-29 12:20:00,1.43831871409554
2016-08-29 12:25:00,1.0538939981458981
2016-08-29 12:30:00,1.142116152044492
2016-08-29 12:35:00,1.46240147153628
2016-08-29 12:40:00,0.9864289055263701
2016-08-29 12:45:00,0.8085973114257821
2016-08-29 12:50:00,0.731056197317086
2016-08-29 12:55:00,0.854622105081716
2016-08-29 13:00:00,1.34494112726406
2016-08-29 13:05:00,1.2163531871759878
2016-08-29 13:10:00,0.661560614537692
2016-08-29 13:15:00,1.05998603342395
2016-08-29 13:20:00,1.42925520864384
2016-08-29 13:25:00,1.2300490029106999
2016-08-29 13:30:00,0.9707432291065621
2016-08-29 13:35:00,0.8007561522125
2016-08-29 13:40:00,0.614188482444314
2016-08-29 13:45:00,0.48852126900533593
2016-08-29 13:50:00,0.6236880715566221
2016-08-29 13:55:00,0.7670455634375999
2016-08-29 14:00:00,0.6754254442501579
2016-08-29 14:05:00,0.684522256101706
2016-08-29 14:10:00,1.133037492859804
2016-08-29 14:15:00,1.7044843674716401
2016-08-29 14:20:00,3.68918118765592
2016-08-29 14:25:00,5.68881466597222
2016-08-29 14:30:00,5.9732403184297596
2016-08-29 14:35:00,5.268311392919999
2016-08-29 14:40:00,4.80559303521306
2016-08-29 14:45:00,4.82773147512844
2016-08-29 14:50:00,3.01484204879428
2016-08-29 14:55:00,1.79097814475032
2016-08-29 15:00:00,1.9359816000826602
2016-08-29 15:05:00,1.92414063958578
2016-08-29 15:10:00,1.8803870992501401
2016-08-29 15:15:00,1.76209966085742
2016-08-29 15:20:00,1.6341916706068802
2016-08-29 15:25:00,1.66373312322932
2016-08-29 15:30:00,2.0520581363896397
2016-08-29 15:35:00,2.86102255525388
2016-08-29 15:40:00,3.7385572199250405
2016-08-29 15:45:00,3.42199883049566
2016-08-29 15:50:00,2.50561107786364
2016-08-29 15:55:00,2.26905489234952
2016-08-29 16:00:00,2.80205510054484
2016-08-29 16:05:00,3.35738816992734
2016-08-29 16:10:00,2.17705106171028
2016-08-29 16:15:00,1.082579693586154
2016-08-29 16:20:00,0.31939984795098797
2016-08-29 16:25:00,0.18202621485447562
2016-08-29 16:30:00,-0.01964520256478532
2016-08-29 16:35:00,-0.01965781384814764
2016-08-29 16:40:00,0.07092583207864875
2016-08-29 16:45:00,0.264581509282854
2016-08-29 16:50:00,0.709324766871514
2016-08-29 16:55:00,1.191949807079602
2016-08-29 17:00:00,1.2240178087521758
2016-08-29 17:05:00,1.204617401659246
2016-08-29 17:10:00,0.702534455155246
2016-08-29 17:15:00,1.1786982374907802
2016-08-29 17:20:00,1.4107851959718398
2016-08-29 17:25:00,1.5776903788586
2016-08-29 17:30:00,1.068619842832352
2016-08-29 17:35:00,0.736547397897336
2016-08-29 17:40:00,0.32079678865094
2016-08-29 17:45:00,0.183964547218548
2016-08-29 17:50:00,0.2146439492500892
2016-08-29 17:55:00,0.04882726141250392
2016-08-29 18:00:00,0.097741453037228
2016-08-29 18:05:00,0.1103421828492462
2016-08-29 18:10:00,0.134781098299783
2016-08-29 18:15:00,0.06428819881364303
2016-08-29 18:20:00,0.061619755360953196
2016-08-29 18:25:00,0.1547327897793374
2016-08-29 18:30:00,-0.0006379670712876005
2016-08-29 18:35:00,0.0309696319373108
2016-08-29 18:40:00,0.1405863912091522
2016-08-29 18:45:00,-0.0025080912651437998
2016-08-29 18:50:00,0.017615925434652603
2016-08-29 18:55:00,0.1318127006732172
2016-08-29 19:00:00,0.0873752597562194
2016-08-29 19:05:00,0.0719165643204932
2016-08-29 19:10:00,0.0195960521703676
2016-08-29 19:15:00,0.03965809491420612
2016-08-29 19:20:00,0.05362753388236258
2016-08-29 19:25:00,0.0996137521973682
2016-08-29 19:30:00,0.1031187617068676
2016-08-29 19:35:00,0.0953873968135686
2016-08-29 19:40:00,0.20204967537421797
2016-08-29 19:45:00,-0.010872483352563201
2016-08-29 19:50:00,-0.06053977031880244
2016-08-29 19:55:00,-0.0530437521660714
2016-08-29 20:00:00,-0.09322768149113761
2016-08-29 20:05:00,-0.112681078125758
2016-08-29 20:10:00,-0.0893929680990256
2016-08-29 20:15:00,-0.11429983342687759
2016-08-29 20:20:00,-0.14165046912568
2016-08-29 20:25:00,-0.1091376364051492
2016-08-29 20:30:00,-0.0987166391773592
2016-08-29 20:35:00,0.0454655092885584
2016-08-29 20:40:00,-0.0045374038723536205
2016-08-29 20:45:00,-0.033938007439432635
2016-08-29 20:50:00,-0.0909651271724452
2016-08-29 20:55:00,-0.074749606353503
2016-08-29 21:00:00,-0.0333529287567186
2016-08-29 21:05:00,-0.1116434614066308
2016-08-29 21:10:00,-0.16201724614215
2016-08-29 21:15:00,-0.13587121410081598
2016-08-29 21:20:00,-0.0910509169648368
2016-08-29 21:25:00,-0.0931768809214
2016-08-29 21:30:00,-0.125460960644803
2016-08-29 21:35:00,-0.032347733963252
2016-08-29 21:40:00,-0.0072072733761471995
2016-08-29 21:45:00,0.022186190315406917
2016-08-29 21:50:00,0.017477174124285403
2016-08-29 21:55:00,0.257173889758592
2016-08-29 22:00:00,0.26599122565545
2016-08-29 22:05:00,0.321551746200066
2016-08-29 22:10:00,0.44291110577339
2016-08-29 22:15:00,0.29144220519967
2016-08-29 22:20:00,0.24024797782331403
2016-08-29 22:25:00,1.280429486240638
2016-08-29 22:30:00,3.2200452064452003
2016-08-29 22:35:00,4.01335941448826
2016-08-29 22:40:00,3.2101865223312402
2016-08-29 22:45:00,4.60099421382324
2016-08-29 22:50:00,6.760752276376761
2016-08-29 22:55:00,9.023724123622959
2016-08-29 23:00:00,12.0321887892212
2016-08-29 23:05:00,9.8344505623835
2016-08-29 23:10:00,7.356328529226479
2016-08-29 23:15:00,8.559273726286921
2016-08-29 23:20:00,13.68476130356776
2016-08-29 23:25:00,15.7521490696234
2016-08-29 23:30:00,15.531171262355599
2016-08-29 23:35:00,13.657058104205998
2016-08-29 23:40:00,12.1922766809064
2016-08-29 23:45:00,14.8170659934682
2016-08-29 23:50:00,15.685680825583
2016-08-29 23:55:00,15.3172233206004
